# Phase 4 raw batch samples. batch-normalized ns/update = elapsed_ns / batch_operations (a batch average, NOT a directly
# measured single-update latency). batch_operations is the ACTUAL op count of the batch: batch_size for every row except
# the final row when updates % batch_size is nonzero (a partial batch, which is EXCLUDED from the percentile
# distribution in the summary).
# impl=flat wl=A levels=1000000 updates=10000000 batch_size=512 seed=407715774446 partial_rows=1
sample_index,batch_operations,elapsed_ns,normalized_ns_per_update
0,512,2500,4.882812
1,512,2375,4.638672
2,512,2125,4.150391
3,512,2167,4.232422
4,512,2459,4.802734
5,512,3834,7.488281
6,512,2167,4.232422
7,512,2167,4.232422
8,512,2167,4.232422
9,512,2208,4.312500
10,512,2209,4.314453
11,512,5875,11.474609
12,512,2209,4.314453
13,512,2125,4.150391
14,512,2250,4.394531
15,512,2292,4.476562
16,512,2083,4.068359
17,512,2334,4.558594
18,512,4459,8.708984
19,512,2084,4.070312
20,512,2125,4.150391
21,512,2209,4.314453
22,512,2125,4.150391
23,512,2083,4.068359
24,512,4625,9.033203
25,512,2166,4.230469
26,512,2084,4.070312
27,512,2166,4.230469
28,512,2084,4.070312
29,512,2042,3.988281
30,512,2083,4.068359
31,512,5042,9.847656
32,512,2042,3.988281
33,512,2125,4.150391
34,512,2125,4.150391
35,512,2125,4.150391
36,512,2041,3.986328
37,512,2167,4.232422
38,512,4208,8.218750
39,512,2125,4.150391
40,512,2125,4.150391
41,512,2083,4.068359
42,512,2042,3.988281
43,512,2000,3.906250
44,512,2125,4.150391
45,512,4833,9.439453
46,512,2083,4.068359
47,512,2125,4.150391
48,512,2041,3.986328
49,512,2084,4.070312
50,512,2125,4.150391
51,512,4250,8.300781
52,512,2084,4.070312
53,512,2250,4.394531
54,512,2125,4.150391
55,512,2042,3.988281
56,512,2083,4.068359
57,512,2125,4.150391
58,512,4959,9.685547
59,512,2042,3.988281
60,512,2125,4.150391
61,512,2167,4.232422
62,512,2042,3.988281
63,512,2041,3.986328
64,512,5375,10.498047
65,512,2042,3.988281
66,512,2042,3.988281
67,512,1958,3.824219
68,512,1958,3.824219
69,512,2041,3.986328
70,512,2167,4.232422
71,512,2083,4.068359
72,512,2583,5.044922
73,512,2042,3.988281
74,512,2083,4.068359
75,512,1958,3.824219
76,512,2042,3.988281
77,512,2000,3.906250
78,512,2166,4.230469
79,512,2167,4.232422
80,512,3167,6.185547
81,512,2042,3.988281
82,512,1958,3.824219
83,512,1959,3.826172
84,512,1917,3.744141
85,512,2166,4.230469
86,512,2125,4.150391
87,512,2417,4.720703
88,512,2125,4.150391
89,512,2125,4.150391
90,512,2125,4.150391
91,512,2125,4.150391
92,512,2083,4.068359
93,512,2083,4.068359
94,512,4583,8.951172
95,512,2042,3.988281
96,512,2041,3.986328
97,512,2042,3.988281
98,512,2041,3.986328
99,512,2083,4.068359
100,512,2125,4.150391
101,512,2125,4.150391
102,512,2250,4.394531
103,512,2000,3.906250
104,512,2041,3.986328
105,512,2125,4.150391
106,512,2083,4.068359
107,512,2042,3.988281
108,512,2250,4.394531
109,512,3292,6.429688
110,512,1958,3.824219
111,512,2083,4.068359
112,512,2084,4.070312
113,512,2000,3.906250
114,512,2000,3.906250
115,512,2166,4.230469
116,512,2084,4.070312
117,512,1959,3.826172
118,512,2041,3.986328
119,512,2042,3.988281
120,512,2041,3.986328
121,512,2125,4.150391
122,512,2084,4.070312
123,512,2125,4.150391
124,512,2084,4.070312
125,512,2250,4.394531
126,512,2041,3.986328
127,512,2042,3.988281
128,512,2166,4.230469
129,512,1958,3.824219
130,512,1958,3.824219
131,512,2125,4.150391
132,512,2042,3.988281
133,512,1958,3.824219
134,512,2000,3.906250
135,512,1958,3.824219
136,512,1875,3.662109
137,512,1958,3.824219
138,512,2042,3.988281
139,512,2041,3.986328
140,512,2083,4.068359
141,512,2042,3.988281
142,512,2000,3.906250
143,512,2083,4.068359
144,512,1958,3.824219
145,512,2042,3.988281
146,512,2083,4.068359
147,512,2000,3.906250
148,512,2084,4.070312
149,512,2041,3.986328
150,512,2209,4.314453
151,512,2000,3.906250
152,512,2000,3.906250
153,512,2000,3.906250
154,512,2041,3.986328
155,512,2042,3.988281
156,512,2042,3.988281
157,512,2000,3.906250
158,512,2125,4.150391
159,512,2000,3.906250
160,512,2000,3.906250
161,512,2042,3.988281
162,512,2041,3.986328
163,512,2000,3.906250
164,512,2042,3.988281
165,512,5750,11.230469
166,512,2209,4.314453
167,512,2000,3.906250
168,512,2083,4.068359
169,512,2000,3.906250
170,512,2041,3.986328
171,512,2042,3.988281
172,512,2000,3.906250
173,512,2041,3.986328
174,512,2000,3.906250
175,512,2000,3.906250
176,512,1916,3.742188
177,512,2000,3.906250
178,512,2125,4.150391
179,512,2083,4.068359
180,512,2000,3.906250
181,512,2167,4.232422
182,512,2083,4.068359
183,512,2042,3.988281
184,512,2125,4.150391
185,512,2000,3.906250
186,512,2041,3.986328
187,512,1959,3.826172
188,512,2042,3.988281
189,512,2000,3.906250
190,512,2042,3.988281
191,512,1958,3.824219
192,512,2042,3.988281
193,512,2000,3.906250
194,512,2041,3.986328
195,512,2042,3.988281
196,512,2042,3.988281
197,512,1959,3.826172
198,512,2083,4.068359
199,512,1958,3.824219
200,512,2042,3.988281
201,512,1959,3.826172
202,512,2000,3.906250
203,512,2083,4.068359
204,512,1959,3.826172
205,512,2000,3.906250
206,512,2000,3.906250
207,512,2083,4.068359
208,512,2042,3.988281
209,512,1958,3.824219
210,512,2042,3.988281
211,512,1958,3.824219
212,512,2000,3.906250
213,512,2000,3.906250
214,512,2083,4.068359
215,512,2000,3.906250
216,512,2042,3.988281
217,512,1959,3.826172
218,512,1959,3.826172
219,512,1959,3.826172
220,512,1916,3.742188
221,512,2042,3.988281
222,512,2000,3.906250
223,512,2041,3.986328
224,512,2000,3.906250
225,512,2042,3.988281
226,512,1959,3.826172
227,512,2167,4.232422
228,512,2041,3.986328
229,512,1959,3.826172
230,512,2166,4.230469
231,512,1917,3.744141
232,512,2000,3.906250
233,512,1959,3.826172
234,512,1959,3.826172
235,512,2000,3.906250
236,512,2084,4.070312
237,512,2125,4.150391
238,512,2000,3.906250
239,512,2000,3.906250
240,512,1958,3.824219
241,512,1958,3.824219
242,512,2000,3.906250
243,512,2000,3.906250
244,512,2083,4.068359
245,512,1917,3.744141
246,512,2000,3.906250
247,512,1959,3.826172
248,512,2000,3.906250
249,512,2083,4.068359
250,512,2083,4.068359
251,512,2000,3.906250
252,512,2000,3.906250
253,512,2000,3.906250
254,512,2000,3.906250
255,512,2042,3.988281
256,512,2000,3.906250
257,512,1958,3.824219
258,512,1958,3.824219
259,512,2042,3.988281
260,512,2000,3.906250
261,512,2042,3.988281
262,512,2125,4.150391
263,512,2166,4.230469
264,512,2000,3.906250
265,512,1958,3.824219
266,512,2042,3.988281
267,512,2125,4.150391
268,512,2041,3.986328
269,512,2000,3.906250
270,512,1917,3.744141
271,512,2000,3.906250
272,512,2084,4.070312
273,512,2000,3.906250
274,512,2000,3.906250
275,512,2041,3.986328
276,512,2042,3.988281
277,512,2000,3.906250
278,512,2041,3.986328
279,512,2084,4.070312
280,512,2083,4.068359
281,512,1958,3.824219
282,512,1958,3.824219
283,512,2000,3.906250
284,512,2042,3.988281
285,512,2083,4.068359
286,512,2000,3.906250
287,512,2000,3.906250
288,512,2083,4.068359
289,512,2000,3.906250
290,512,2042,3.988281
291,512,2083,4.068359
292,512,2000,3.906250
293,512,2041,3.986328
294,512,1959,3.826172
295,512,2041,3.986328
296,512,2042,3.988281
297,512,1958,3.824219
298,512,2000,3.906250
299,512,2042,3.988281
300,512,2083,4.068359
301,512,2000,3.906250
302,512,1916,3.742188
303,512,2042,3.988281
304,512,2041,3.986328
305,512,2083,4.068359
306,512,1958,3.824219
307,512,2125,4.150391
308,512,2042,3.988281
309,512,2000,3.906250
310,512,2000,3.906250
311,512,2000,3.906250
312,512,1959,3.826172
313,512,2041,3.986328
314,512,2042,3.988281
315,512,2000,3.906250
316,512,2041,3.986328
317,512,1917,3.744141
318,512,2084,4.070312
319,512,1959,3.826172
320,512,4791,9.357422
321,512,2000,3.906250
322,512,2042,3.988281
323,512,1958,3.824219
324,512,2042,3.988281
325,512,2083,4.068359
326,512,1917,3.744141
327,512,2083,4.068359
328,512,2042,3.988281
329,512,1958,3.824219
330,512,2000,3.906250
331,512,2000,3.906250
332,512,2000,3.906250
333,512,1958,3.824219
334,512,2041,3.986328
335,512,1917,3.744141
336,512,1958,3.824219
337,512,1958,3.824219
338,512,2000,3.906250
339,512,2041,3.986328
340,512,2000,3.906250
341,512,1958,3.824219
342,512,2042,3.988281
343,512,1958,3.824219
344,512,2000,3.906250
345,512,2084,4.070312
346,512,2041,3.986328
347,512,2000,3.906250
348,512,1958,3.824219
349,512,2000,3.906250
350,512,2042,3.988281
351,512,2125,4.150391
352,512,2125,4.150391
353,512,1959,3.826172
354,512,1958,3.824219
355,512,2000,3.906250
356,512,2125,4.150391
357,512,2000,3.906250
358,512,2042,3.988281
359,512,2042,3.988281
360,512,1959,3.826172
361,512,2000,3.906250
362,512,1958,3.824219
363,512,1958,3.824219
364,512,2083,4.068359
365,512,2084,4.070312
366,512,2208,4.312500
367,512,2000,3.906250
368,512,2041,3.986328
369,512,2042,3.988281
370,512,2000,3.906250
371,512,2083,4.068359
372,512,1959,3.826172
373,512,2041,3.986328
374,512,2125,4.150391
375,512,2000,3.906250
376,512,2042,3.988281
377,512,1958,3.824219
378,512,2042,3.988281
379,512,2041,3.986328
380,512,2000,3.906250
381,512,1959,3.826172
382,512,2041,3.986328
383,512,2000,3.906250
384,512,2208,4.312500
385,512,2042,3.988281
386,512,2000,3.906250
387,512,2041,3.986328
388,512,1917,3.744141
389,512,2000,3.906250
390,512,2125,4.150391
391,512,2000,3.906250
392,512,1958,3.824219
393,512,2042,3.988281
394,512,2041,3.986328
395,512,2000,3.906250
396,512,2042,3.988281
397,512,1958,3.824219
398,512,2083,4.068359
399,512,1959,3.826172
400,512,2000,3.906250
401,512,1959,3.826172
402,512,2000,3.906250
403,512,2000,3.906250
404,512,1917,3.744141
405,512,2041,3.986328
406,512,2000,3.906250
407,512,2042,3.988281
408,512,2000,3.906250
409,512,2000,3.906250
410,512,2125,4.150391
411,512,2042,3.988281
412,512,2000,3.906250
413,512,1959,3.826172
414,512,1875,3.662109
415,512,2000,3.906250
416,512,2000,3.906250
417,512,2000,3.906250
418,512,2084,4.070312
419,512,2000,3.906250
420,512,2041,3.986328
421,512,1959,3.826172
422,512,2000,3.906250
423,512,2083,4.068359
424,512,1958,3.824219
425,512,2000,3.906250
426,512,2083,4.068359
427,512,1958,3.824219
428,512,2000,3.906250
429,512,2042,3.988281
430,512,2000,3.906250
431,512,2125,4.150391
432,512,2000,3.906250
433,512,2042,3.988281
434,512,2041,3.986328
435,512,2000,3.906250
436,512,2000,3.906250
437,512,2083,4.068359
438,512,1959,3.826172
439,512,2084,4.070312
440,512,2041,3.986328
441,512,2084,4.070312
442,512,2000,3.906250
443,512,2000,3.906250
444,512,2083,4.068359
445,512,2000,3.906250
446,512,2125,4.150391
447,512,1958,3.824219
448,512,2042,3.988281
449,512,1958,3.824219
450,512,1958,3.824219
451,512,2042,3.988281
452,512,1917,3.744141
453,512,2042,3.988281
454,512,1959,3.826172
455,512,2000,3.906250
456,512,2000,3.906250
457,512,2166,4.230469
458,512,2000,3.906250
459,512,2000,3.906250
460,512,2042,3.988281
461,512,2042,3.988281
462,512,2000,3.906250
463,512,2166,4.230469
464,512,2042,3.988281
465,512,2083,4.068359
466,512,2125,4.150391
467,512,1958,3.824219
468,512,2083,4.068359
469,512,2000,3.906250
470,512,2000,3.906250
471,512,1958,3.824219
472,512,2041,3.986328
473,512,2125,4.150391
474,512,2084,4.070312
475,512,2042,3.988281
476,512,2042,3.988281
477,512,2000,3.906250
478,512,2083,4.068359
479,512,1958,3.824219
480,512,2000,3.906250
481,512,2125,4.150391
482,512,2000,3.906250
483,512,2041,3.986328
484,512,2167,4.232422
485,512,1833,3.580078
486,512,2000,3.906250
487,512,1958,3.824219
488,512,2083,4.068359
489,512,2042,3.988281
490,512,2041,3.986328
491,512,2084,4.070312
492,512,2083,4.068359
493,512,2083,4.068359
494,512,1916,3.742188
495,512,2042,3.988281
496,512,2000,3.906250
497,512,2083,4.068359
498,512,2000,3.906250
499,512,2041,3.986328
500,512,2084,4.070312
501,512,2000,3.906250
502,512,1917,3.744141
503,512,2042,3.988281
504,512,2084,4.070312
505,512,1916,3.742188
506,512,2000,3.906250
507,512,2000,3.906250
508,512,1958,3.824219
509,512,2000,3.906250
510,512,2083,4.068359
511,512,2083,4.068359
512,512,2083,4.068359
513,512,2125,4.150391
514,512,1958,3.824219
515,512,2042,3.988281
516,512,2042,3.988281
517,512,2166,4.230469
518,512,1959,3.826172
519,512,2083,4.068359
520,512,2083,4.068359
521,512,2083,4.068359
522,512,2041,3.986328
523,512,1917,3.744141
524,512,2042,3.988281
525,512,2083,4.068359
526,512,2042,3.988281
527,512,2042,3.988281
528,512,2000,3.906250
529,512,2041,3.986328
530,512,2000,3.906250
531,512,2125,4.150391
532,512,2000,3.906250
533,512,2083,4.068359
534,512,2209,4.314453
535,512,2000,3.906250
536,512,2042,3.988281
537,512,2125,4.150391
538,512,2042,3.988281
539,512,2042,3.988281
540,512,2042,3.988281
541,512,2000,3.906250
542,512,2042,3.988281
543,512,2000,3.906250
544,512,1916,3.742188
545,512,1958,3.824219
546,512,2084,4.070312
547,512,2125,4.150391
548,512,1917,3.744141
549,512,2083,4.068359
550,512,2000,3.906250
551,512,2042,3.988281
552,512,1959,3.826172
553,512,2000,3.906250
554,512,2042,3.988281
555,512,2208,4.312500
556,512,2000,3.906250
557,512,1959,3.826172
558,512,2083,4.068359
559,512,2042,3.988281
560,512,2125,4.150391
561,512,2000,3.906250
562,512,1959,3.826172
563,512,2041,3.986328
564,512,1917,3.744141
565,512,2042,3.988281
566,512,2000,3.906250
567,512,2041,3.986328
568,512,2042,3.988281
569,512,2000,3.906250
570,512,2042,3.988281
571,512,2083,4.068359
572,512,2000,3.906250
573,512,1916,3.742188
574,512,2042,3.988281
575,512,1958,3.824219
576,512,1958,3.824219
577,512,2125,4.150391
578,512,2042,3.988281
579,512,2041,3.986328
580,512,2042,3.988281
581,512,2042,3.988281
582,512,2042,3.988281
583,512,2041,3.986328
584,512,2042,3.988281
585,512,2083,4.068359
586,512,2042,3.988281
587,512,2042,3.988281
588,512,2041,3.986328
589,512,2042,3.988281
590,512,2042,3.988281
591,512,2166,4.230469
592,512,2125,4.150391
593,512,2042,3.988281
594,512,2042,3.988281
595,512,2042,3.988281
596,512,2041,3.986328
597,512,2042,3.988281
598,512,2042,3.988281
599,512,2125,4.150391
600,512,1958,3.824219
601,512,2083,4.068359
602,512,2042,3.988281
603,512,2000,3.906250
604,512,2041,3.986328
605,512,1959,3.826172
606,512,2083,4.068359
607,512,2042,3.988281
608,512,2041,3.986328
609,512,2042,3.988281
610,512,2041,3.986328
611,512,2084,4.070312
612,512,2042,3.988281
613,512,2042,3.988281
614,512,1958,3.824219
615,512,2000,3.906250
616,512,2000,3.906250
617,512,2125,4.150391
618,512,2083,4.068359
619,512,2084,4.070312
620,512,2041,3.986328
621,512,2042,3.988281
622,512,2000,3.906250
623,512,1958,3.824219
624,512,1916,3.742188
625,512,2084,4.070312
626,512,2166,4.230469
627,512,2000,3.906250
628,512,2083,4.068359
629,512,1917,3.744141
630,512,2000,3.906250
631,512,2042,3.988281
632,512,2042,3.988281
633,512,2000,3.906250
634,512,2083,4.068359
635,512,2000,3.906250
636,512,2042,3.988281
637,512,2000,3.906250
638,512,1959,3.826172
639,512,2167,4.232422
640,512,2125,4.150391
641,512,2167,4.232422
642,512,1958,3.824219
643,512,2042,3.988281
644,512,2042,3.988281
645,512,2042,3.988281
646,512,1958,3.824219
647,512,1958,3.824219
648,512,2042,3.988281
649,512,2000,3.906250
650,512,2041,3.986328
651,512,2000,3.906250
652,512,2041,3.986328
653,512,2042,3.988281
654,512,2042,3.988281
655,512,2042,3.988281
656,512,2000,3.906250
657,512,2041,3.986328
658,512,2084,4.070312
659,512,2000,3.906250
660,512,2042,3.988281
661,512,2042,3.988281
662,512,2000,3.906250
663,512,2000,3.906250
664,512,1958,3.824219
665,512,2084,4.070312
666,512,1958,3.824219
667,512,2083,4.068359
668,512,2125,4.150391
669,512,2083,4.068359
670,512,2042,3.988281
671,512,2041,3.986328
672,512,1959,3.826172
673,512,2042,3.988281
674,512,2083,4.068359
675,512,1959,3.826172
676,512,1959,3.826172
677,512,2125,4.150391
678,512,1958,3.824219
679,512,2041,3.986328
680,512,2083,4.068359
681,512,2042,3.988281
682,512,2041,3.986328
683,512,2042,3.988281
684,512,2083,4.068359
685,512,2083,4.068359
686,512,2000,3.906250
687,512,2000,3.906250
688,512,2041,3.986328
689,512,2167,4.232422
690,512,2042,3.988281
691,512,2000,3.906250
692,512,2042,3.988281
693,512,2042,3.988281
694,512,2000,3.906250
695,512,1958,3.824219
696,512,2000,3.906250
697,512,2000,3.906250
698,512,2208,4.312500
699,512,2042,3.988281
700,512,2041,3.986328
701,512,2042,3.988281
702,512,2042,3.988281
703,512,2042,3.988281
704,512,2000,3.906250
705,512,2041,3.986328
706,512,2083,4.068359
707,512,2084,4.070312
708,512,2041,3.986328
709,512,2125,4.150391
710,512,2250,4.394531
711,512,2000,3.906250
712,512,2125,4.150391
713,512,2042,3.988281
714,512,1917,3.744141
715,512,2042,3.988281
716,512,2083,4.068359
717,512,2000,3.906250
718,512,2083,4.068359
719,512,2000,3.906250
720,512,2000,3.906250
721,512,2041,3.986328
722,512,2167,4.232422
723,512,2000,3.906250
724,512,2083,4.068359
725,512,2167,4.232422
726,512,2000,3.906250
727,512,2041,3.986328
728,512,2042,3.988281
729,512,2083,4.068359
730,512,2000,3.906250
731,512,1958,3.824219
732,512,2125,4.150391
733,512,2041,3.986328
734,512,2084,4.070312
735,512,2000,3.906250
736,512,2000,3.906250
737,512,2000,3.906250
738,512,2042,3.988281
739,512,2083,4.068359
740,512,2041,3.986328
741,512,2000,3.906250
742,512,2000,3.906250
743,512,2125,4.150391
744,512,2083,4.068359
745,512,1959,3.826172
746,512,2084,4.070312
747,512,2083,4.068359
748,512,2083,4.068359
749,512,2000,3.906250
750,512,2000,3.906250
751,512,2125,4.150391
752,512,2000,3.906250
753,512,2000,3.906250
754,512,2084,4.070312
755,512,2084,4.070312
756,512,2083,4.068359
757,512,2042,3.988281
758,512,2041,3.986328
759,512,2084,4.070312
760,512,2000,3.906250
761,512,2209,4.314453
762,512,2166,4.230469
763,512,2042,3.988281
764,512,2000,3.906250
765,512,2083,4.068359
766,512,2042,3.988281
767,512,2041,3.986328
768,512,2125,4.150391
769,512,2000,3.906250
770,512,2041,3.986328
771,512,2125,4.150391
772,512,2000,3.906250
773,512,2042,3.988281
774,512,2042,3.988281
775,512,2042,3.988281
776,512,2084,4.070312
777,512,2084,4.070312
778,512,1959,3.826172
779,512,2041,3.986328
780,512,2209,4.314453
781,512,2000,3.906250
782,512,2125,4.150391
783,512,2000,3.906250
784,512,2000,3.906250
785,512,2042,3.988281
786,512,2000,3.906250
787,512,2000,3.906250
788,512,2083,4.068359
789,512,2042,3.988281
790,512,2041,3.986328
791,512,2417,4.720703
792,512,2750,5.371094
793,512,2625,5.126953
794,512,2625,5.126953
795,512,2542,4.964844
796,512,2625,5.126953
797,512,2542,4.964844
798,512,2625,5.126953
799,512,2792,5.453125
800,512,2666,5.207031
801,512,2625,5.126953
802,512,2708,5.289062
803,512,2583,5.044922
804,512,2584,5.046875
805,512,2584,5.046875
806,512,2666,5.207031
807,512,2709,5.291016
808,512,2750,5.371094
809,512,2666,5.207031
810,512,2792,5.453125
811,512,2416,4.718750
812,512,2042,3.988281
813,512,1958,3.824219
814,512,2041,3.986328
815,512,2000,3.906250
816,512,1958,3.824219
817,512,2084,4.070312
818,512,1959,3.826172
819,512,2041,3.986328
820,512,1959,3.826172
821,512,2000,3.906250
822,512,2000,3.906250
823,512,1959,3.826172
824,512,2125,4.150391
825,512,1958,3.824219
826,512,2167,4.232422
827,512,2041,3.986328
828,512,2000,3.906250
829,512,2041,3.986328
830,512,2000,3.906250
831,512,2000,3.906250
832,512,2000,3.906250
833,512,2042,3.988281
834,512,1958,3.824219
835,512,2042,3.988281
836,512,2041,3.986328
837,512,2084,4.070312
838,512,2000,3.906250
839,512,2042,3.988281
840,512,2042,3.988281
841,512,2042,3.988281
842,512,2042,3.988281
843,512,2000,3.906250
844,512,2084,4.070312
845,512,2083,4.068359
846,512,2125,4.150391
847,512,2042,3.988281
848,512,2000,3.906250
849,512,2167,4.232422
850,512,2083,4.068359
851,512,2083,4.068359
852,512,2042,3.988281
853,512,2000,3.906250
854,512,2042,3.988281
855,512,1917,3.744141
856,512,2000,3.906250
857,512,1959,3.826172
858,512,2083,4.068359
859,512,2000,3.906250
860,512,2042,3.988281
861,512,2041,3.986328
862,512,2084,4.070312
863,512,2041,3.986328
864,512,2000,3.906250
865,512,2084,4.070312
866,512,2125,4.150391
867,512,2083,4.068359
868,512,2167,4.232422
869,512,2041,3.986328
870,512,2084,4.070312
871,512,2000,3.906250
872,512,2000,3.906250
873,512,1958,3.824219
874,512,2084,4.070312
875,512,2083,4.068359
876,512,2042,3.988281
877,512,1959,3.826172
878,512,2000,3.906250
879,512,2042,3.988281
880,512,2042,3.988281
881,512,2041,3.986328
882,512,1959,3.826172
883,512,2000,3.906250
884,512,2042,3.988281
885,512,2000,3.906250
886,512,2042,3.988281
887,512,2000,3.906250
888,512,1959,3.826172
889,512,2084,4.070312
890,512,2083,4.068359
891,512,2042,3.988281
892,512,1958,3.824219
893,512,2000,3.906250
894,512,2083,4.068359
895,512,2000,3.906250
896,512,2209,4.314453
897,512,2041,3.986328
898,512,2000,3.906250
899,512,2042,3.988281
900,512,2042,3.988281
901,512,2000,3.906250
902,512,2041,3.986328
903,512,2000,3.906250
904,512,2125,4.150391
905,512,2042,3.988281
906,512,2083,4.068359
907,512,2042,3.988281
908,512,2041,3.986328
909,512,2000,3.906250
910,512,1958,3.824219
911,512,2000,3.906250
912,512,1959,3.826172
913,512,2041,3.986328
914,512,1959,3.826172
915,512,2084,4.070312
916,512,2041,3.986328
917,512,2042,3.988281
918,512,2000,3.906250
919,512,1917,3.744141
920,512,2042,3.988281
921,512,2042,3.988281
922,512,2083,4.068359
923,512,1959,3.826172
924,512,2250,4.394531
925,512,2000,3.906250
926,512,2125,4.150391
927,512,2000,3.906250
928,512,2000,3.906250
929,512,1958,3.824219
930,512,2083,4.068359
931,512,1959,3.826172
932,512,2042,3.988281
933,512,1958,3.824219
934,512,2083,4.068359
935,512,2042,3.988281
936,512,2000,3.906250
937,512,1958,3.824219
938,512,2042,3.988281
939,512,2000,3.906250
940,512,2000,3.906250
941,512,2083,4.068359
942,512,2000,3.906250
943,512,2084,4.070312
944,512,2000,3.906250
945,512,2083,4.068359
946,512,2042,3.988281
947,512,2083,4.068359
948,512,2000,3.906250
949,512,2000,3.906250
950,512,2042,3.988281
951,512,2083,4.068359
952,512,2042,3.988281
953,512,2209,4.314453
954,512,2041,3.986328
955,512,2042,3.988281
956,512,2042,3.988281
957,512,2084,4.070312
958,512,2000,3.906250
959,512,2167,4.232422
960,512,2083,4.068359
961,512,2041,3.986328
962,512,2417,4.720703
963,512,2750,5.371094
964,512,2541,4.962891
965,512,2542,4.964844
966,512,2375,4.638672
967,512,2667,5.208984
968,512,2500,4.882812
969,512,2333,4.556641
970,512,1958,3.824219
971,512,1958,3.824219
972,512,2000,3.906250
973,512,2083,4.068359
974,512,2042,3.988281
975,512,2042,3.988281
976,512,2167,4.232422
977,512,2083,4.068359
978,512,2125,4.150391
979,512,4667,9.115234
980,512,2042,3.988281
981,512,2792,5.453125
982,512,2167,4.232422
983,512,2000,3.906250
984,512,2084,4.070312
985,512,2000,3.906250
986,512,2042,3.988281
987,512,1958,3.824219
988,512,2042,3.988281
989,512,1958,3.824219
990,512,2042,3.988281
991,512,2000,3.906250
992,512,2042,3.988281
993,512,1958,3.824219
994,512,2125,4.150391
995,512,2000,3.906250
996,512,2000,3.906250
997,512,2041,3.986328
998,512,2042,3.988281
999,512,2125,4.150391
1000,512,2042,3.988281
1001,512,2042,3.988281
1002,512,2000,3.906250
1003,512,2042,3.988281
1004,512,1958,3.824219
1005,512,2000,3.906250
1006,512,2000,3.906250
1007,512,2584,5.046875
1008,512,2709,5.291016
1009,512,2666,5.207031
1010,512,2458,4.800781
1011,512,2542,4.964844
1012,512,2625,5.126953
1013,512,2542,4.964844
1014,512,2042,3.988281
1015,512,2209,4.314453
1016,512,2000,3.906250
1017,512,2000,3.906250
1018,512,2125,4.150391
1019,512,2042,3.988281
1020,512,2083,4.068359
1021,512,2084,4.070312
1022,512,2292,4.476562
1023,512,2000,3.906250
1024,512,2708,5.289062
1025,512,2709,5.291016
1026,512,2541,4.962891
1027,512,2875,5.615234
1028,512,2541,4.962891
1029,512,2542,4.964844
1030,512,2583,5.044922
1031,512,2500,4.882812
1032,512,2541,4.962891
1033,512,2792,5.453125
1034,512,2666,5.207031
1035,512,2834,5.535156
1036,512,2875,5.615234
1037,512,2541,4.962891
1038,512,2625,5.126953
1039,512,2542,4.964844
1040,512,2666,5.207031
1041,512,2542,4.964844
1042,512,2584,5.046875
1043,512,2584,5.046875
1044,512,2625,5.126953
1045,512,2584,5.046875
1046,512,2750,5.371094
1047,512,2584,5.046875
1048,512,2000,3.906250
1049,512,2000,3.906250
1050,512,1958,3.824219
1051,512,2167,4.232422
1052,512,2041,3.986328
1053,512,2083,4.068359
1054,512,2167,4.232422
1055,512,2042,3.988281
1056,512,2000,3.906250
1057,512,2083,4.068359
1058,512,2084,4.070312
1059,512,2084,4.070312
1060,512,2042,3.988281
1061,512,2083,4.068359
1062,512,2084,4.070312
1063,512,2000,3.906250
1064,512,1959,3.826172
1065,512,1917,3.744141
1066,512,2042,3.988281
1067,512,2041,3.986328
1068,512,1959,3.826172
1069,512,2000,3.906250
1070,512,1958,3.824219
1071,512,2083,4.068359
1072,512,1958,3.824219
1073,512,2042,3.988281
1074,512,1959,3.826172
1075,512,2041,3.986328
1076,512,1959,3.826172
1077,512,2041,3.986328
1078,512,2042,3.988281
1079,512,2041,3.986328
1080,512,2000,3.906250
1081,512,2042,3.988281
1082,512,2041,3.986328
1083,512,2042,3.988281
1084,512,1916,3.742188
1085,512,2000,3.906250
1086,512,2000,3.906250
1087,512,2042,3.988281
1088,512,2042,3.988281
1089,512,2041,3.986328
1090,512,2042,3.988281
1091,512,1958,3.824219
1092,512,2041,3.986328
1093,512,1959,3.826172
1094,512,2000,3.906250
1095,512,2083,4.068359
1096,512,2042,3.988281
1097,512,2000,3.906250
1098,512,2042,3.988281
1099,512,2041,3.986328
1100,512,1917,3.744141
1101,512,2000,3.906250
1102,512,2042,3.988281
1103,512,2083,4.068359
1104,512,2000,3.906250
1105,512,2083,4.068359
1106,512,2000,3.906250
1107,512,2042,3.988281
1108,512,1959,3.826172
1109,512,2000,3.906250
1110,512,2000,3.906250
1111,512,2000,3.906250
1112,512,1958,3.824219
1113,512,1917,3.744141
1114,512,2000,3.906250
1115,512,2042,3.988281
1116,512,2041,3.986328
1117,512,2000,3.906250
1118,512,2041,3.986328
1119,512,2042,3.988281
1120,512,2083,4.068359
1121,512,2000,3.906250
1122,512,2000,3.906250
1123,512,2042,3.988281
1124,512,2000,3.906250
1125,512,2125,4.150391
1126,512,2041,3.986328
1127,512,2042,3.988281
1128,512,2041,3.986328
1129,512,2000,3.906250
1130,512,2084,4.070312
1131,512,1958,3.824219
1132,512,2041,3.986328
1133,512,2084,4.070312
1134,512,1959,3.826172
1135,512,2042,3.988281
1136,512,2000,3.906250
1137,512,1958,3.824219
1138,512,1917,3.744141
1139,512,2000,3.906250
1140,512,2000,3.906250
1141,512,2000,3.906250
1142,512,2042,3.988281
1143,512,2042,3.988281
1144,512,2000,3.906250
1145,512,2042,3.988281
1146,512,2041,3.986328
1147,512,2000,3.906250
1148,512,2042,3.988281
1149,512,2042,3.988281
1150,512,1959,3.826172
1151,512,2000,3.906250
1152,512,2209,4.314453
1153,512,2000,3.906250
1154,512,1917,3.744141
1155,512,2000,3.906250
1156,512,2000,3.906250
1157,512,2000,3.906250
1158,512,2000,3.906250
1159,512,2000,3.906250
1160,512,2084,4.070312
1161,512,12458,24.332031
1162,512,2083,4.068359
1163,512,2083,4.068359
1164,512,2000,3.906250
1165,512,2000,3.906250
1166,512,2125,4.150391
1167,512,2042,3.988281
1168,512,2000,3.906250
1169,512,2084,4.070312
1170,512,2166,4.230469
1171,512,2000,3.906250
1172,512,1875,3.662109
1173,512,2000,3.906250
1174,512,2000,3.906250
1175,512,2000,3.906250
1176,512,2000,3.906250
1177,512,2083,4.068359
1178,512,2084,4.070312
1179,512,1959,3.826172
1180,512,2042,3.988281
1181,512,2000,3.906250
1182,512,2041,3.986328
1183,512,2167,4.232422
1184,512,2875,5.615234
1185,512,2625,5.126953
1186,512,2500,4.882812
1187,512,2542,4.964844
1188,512,2500,4.882812
1189,512,2542,4.964844
1190,512,2458,4.800781
1191,512,2042,3.988281
1192,512,2125,4.150391
1193,512,2000,3.906250
1194,512,2209,4.314453
1195,512,2083,4.068359
1196,512,2042,3.988281
1197,512,2125,4.150391
1198,512,2083,4.068359
1199,512,2042,3.988281
1200,512,2000,3.906250
1201,512,2083,4.068359
1202,512,2083,4.068359
1203,512,2083,4.068359
1204,512,2000,3.906250
1205,512,2084,4.070312
1206,512,2083,4.068359
1207,512,2041,3.986328
1208,512,2042,3.988281
1209,512,2041,3.986328
1210,512,2042,3.988281
1211,512,2083,4.068359
1212,512,1958,3.824219
1213,512,2042,3.988281
1214,512,2084,4.070312
1215,512,2083,4.068359
1216,512,2125,4.150391
1217,512,2125,4.150391
1218,512,2083,4.068359
1219,512,2084,4.070312
1220,512,2000,3.906250
1221,512,2166,4.230469
1222,512,1958,3.824219
1223,512,2042,3.988281
1224,512,2041,3.986328
1225,512,2000,3.906250
1226,512,2125,4.150391
1227,512,2000,3.906250
1228,512,2167,4.232422
1229,512,2041,3.986328
1230,512,2084,4.070312
1231,512,2083,4.068359
1232,512,2083,4.068359
1233,512,2167,4.232422
1234,512,2000,3.906250
1235,512,2167,4.232422
1236,512,1958,3.824219
1237,512,2041,3.986328
1238,512,2000,3.906250
1239,512,2208,4.312500
1240,512,2000,3.906250
1241,512,2167,4.232422
1242,512,2042,3.988281
1243,512,2125,4.150391
1244,512,2000,3.906250
1245,512,2042,3.988281
1246,512,2125,4.150391
1247,512,2125,4.150391
1248,512,2083,4.068359
1249,512,2167,4.232422
1250,512,2333,4.556641
1251,512,2000,3.906250
1252,512,2125,4.150391
1253,512,2083,4.068359
1254,512,2167,4.232422
1255,512,2042,3.988281
1256,512,2041,3.986328
1257,512,2250,4.394531
1258,512,2208,4.312500
1259,512,2125,4.150391
1260,512,2125,4.150391
1261,512,2125,4.150391
1262,512,2000,3.906250
1263,512,2041,3.986328
1264,512,2000,3.906250
1265,512,2084,4.070312
1266,512,2042,3.988281
1267,512,2125,4.150391
1268,512,1958,3.824219
1269,512,2084,4.070312
1270,512,2125,4.150391
1271,512,2000,3.906250
1272,512,2042,3.988281
1273,512,2041,3.986328
1274,512,2042,3.988281
1275,512,2083,4.068359
1276,512,2084,4.070312
1277,512,2125,4.150391
1278,512,2083,4.068359
1279,512,2083,4.068359
1280,512,2042,3.988281
1281,512,2125,4.150391
1282,512,2042,3.988281
1283,512,2083,4.068359
1284,512,2125,4.150391
1285,512,2083,4.068359
1286,512,13917,27.181641
1287,512,2208,4.312500
1288,512,2083,4.068359
1289,512,2083,4.068359
1290,512,2167,4.232422
1291,512,2083,4.068359
1292,512,2167,4.232422
1293,512,2083,4.068359
1294,512,2000,3.906250
1295,512,2125,4.150391
1296,512,2041,3.986328
1297,512,2042,3.988281
1298,512,2041,3.986328
1299,512,2125,4.150391
1300,512,2167,4.232422
1301,512,2000,3.906250
1302,512,2041,3.986328
1303,512,2125,4.150391
1304,512,2083,4.068359
1305,512,2000,3.906250
1306,512,2208,4.312500
1307,512,2042,3.988281
1308,512,2041,3.986328
1309,512,2084,4.070312
1310,512,2125,4.150391
1311,512,2125,4.150391
1312,512,2083,4.068359
1313,512,2083,4.068359
1314,512,2042,3.988281
1315,512,2125,4.150391
1316,512,2041,3.986328
1317,512,2042,3.988281
1318,512,2167,4.232422
1319,512,2083,4.068359
1320,512,2042,3.988281
1321,512,2000,3.906250
1322,512,2125,4.150391
1323,512,2042,3.988281
1324,512,2167,4.232422
1325,512,2041,3.986328
1326,512,2167,4.232422
1327,512,2083,4.068359
1328,512,2125,4.150391
1329,512,2042,3.988281
1330,512,2042,3.988281
1331,512,2084,4.070312
1332,512,2041,3.986328
1333,512,2084,4.070312
1334,512,2000,3.906250
1335,512,2166,4.230469
1336,512,2042,3.988281
1337,512,2000,3.906250
1338,512,2125,4.150391
1339,512,1958,3.824219
1340,512,2084,4.070312
1341,512,2083,4.068359
1342,512,2000,3.906250
1343,512,2084,4.070312
1344,512,2000,3.906250
1345,512,2000,3.906250
1346,512,2125,4.150391
1347,512,2083,4.068359
1348,512,2125,4.150391
1349,512,2125,4.150391
1350,512,2042,3.988281
1351,512,2041,3.986328
1352,512,2000,3.906250
1353,512,2042,3.988281
1354,512,2000,3.906250
1355,512,2000,3.906250
1356,512,2042,3.988281
1357,512,2000,3.906250
1358,512,2083,4.068359
1359,512,2083,4.068359
1360,512,2042,3.988281
1361,512,1958,3.824219
1362,512,2083,4.068359
1363,512,2000,3.906250
1364,512,2084,4.070312
1365,512,2125,4.150391
1366,512,2125,4.150391
1367,512,2000,3.906250
1368,512,2083,4.068359
1369,512,2000,3.906250
1370,512,2125,4.150391
1371,512,2083,4.068359
1372,512,2125,4.150391
1373,512,2167,4.232422
1374,512,2083,4.068359
1375,512,2083,4.068359
1376,512,2125,4.150391
1377,512,2125,4.150391
1378,512,2084,4.070312
1379,512,2083,4.068359
1380,512,2042,3.988281
1381,512,2083,4.068359
1382,512,2083,4.068359
1383,512,2000,3.906250
1384,512,2125,4.150391
1385,512,2042,3.988281
1386,512,1958,3.824219
1387,512,2042,3.988281
1388,512,2041,3.986328
1389,512,2084,4.070312
1390,512,2125,4.150391
1391,512,2042,3.988281
1392,512,2042,3.988281
1393,512,2125,4.150391
1394,512,2125,4.150391
1395,512,2000,3.906250
1396,512,2167,4.232422
1397,512,2000,3.906250
1398,512,2041,3.986328
1399,512,2084,4.070312
1400,512,2042,3.988281
1401,512,2042,3.988281
1402,512,2042,3.988281
1403,512,2125,4.150391
1404,512,2125,4.150391
1405,512,1958,3.824219
1406,512,2083,4.068359
1407,512,2042,3.988281
1408,512,2333,4.556641
1409,512,2042,3.988281
1410,512,2000,3.906250
1411,512,2042,3.988281
1412,512,1958,3.824219
1413,512,2125,4.150391
1414,512,2000,3.906250
1415,512,2000,3.906250
1416,512,2084,4.070312
1417,512,2125,4.150391
1418,512,2041,3.986328
1419,512,2042,3.988281
1420,512,2000,3.906250
1421,512,2083,4.068359
1422,512,2042,3.988281
1423,512,2084,4.070312
1424,512,2041,3.986328
1425,512,2042,3.988281
1426,512,2042,3.988281
1427,512,2042,3.988281
1428,512,2125,4.150391
1429,512,2000,3.906250
1430,512,2042,3.988281
1431,512,2083,4.068359
1432,512,1958,3.824219
1433,512,2000,3.906250
1434,512,2083,4.068359
1435,512,2083,4.068359
1436,512,2083,4.068359
1437,512,2041,3.986328
1438,512,2042,3.988281
1439,512,2041,3.986328
1440,512,2083,4.068359
1441,512,2084,4.070312
1442,512,2042,3.988281
1443,512,2083,4.068359
1444,512,2000,3.906250
1445,512,2000,3.906250
1446,512,2042,3.988281
1447,512,2166,4.230469
1448,512,2042,3.988281
1449,512,2083,4.068359
1450,512,2083,4.068359
1451,512,2000,3.906250
1452,512,2083,4.068359
1453,512,2041,3.986328
1454,512,2084,4.070312
1455,512,2083,4.068359
1456,512,2083,4.068359
1457,512,2042,3.988281
1458,512,2083,4.068359
1459,512,2084,4.070312
1460,512,2083,4.068359
1461,512,2125,4.150391
1462,512,2083,4.068359
1463,512,2042,3.988281
1464,512,2083,4.068359
1465,512,2042,3.988281
1466,512,2167,4.232422
1467,512,2042,3.988281
1468,512,2125,4.150391
1469,512,2083,4.068359
1470,512,2083,4.068359
1471,512,2042,3.988281
1472,512,2084,4.070312
1473,512,2041,3.986328
1474,512,2083,4.068359
1475,512,2000,3.906250
1476,512,2083,4.068359
1477,512,2042,3.988281
1478,512,2125,4.150391
1479,512,2042,3.988281
1480,512,2000,3.906250
1481,512,2125,4.150391
1482,512,2167,4.232422
1483,512,2000,3.906250
1484,512,2083,4.068359
1485,512,2042,3.988281
1486,512,2083,4.068359
1487,512,2125,4.150391
1488,512,2083,4.068359
1489,512,2125,4.150391
1490,512,2042,3.988281
1491,512,2166,4.230469
1492,512,1959,3.826172
1493,512,2000,3.906250
1494,512,2042,3.988281
1495,512,2083,4.068359
1496,512,2000,3.906250
1497,512,2041,3.986328
1498,512,2042,3.988281
1499,512,2042,3.988281
1500,512,2125,4.150391
1501,512,2083,4.068359
1502,512,1958,3.824219
1503,512,2042,3.988281
1504,512,2041,3.986328
1505,512,2042,3.988281
1506,512,2000,3.906250
1507,512,2167,4.232422
1508,512,2083,4.068359
1509,512,2000,3.906250
1510,512,2083,4.068359
1511,512,2000,3.906250
1512,512,2042,3.988281
1513,512,2083,4.068359
1514,512,2083,4.068359
1515,512,2000,3.906250
1516,512,2083,4.068359
1517,512,2042,3.988281
1518,512,2166,4.230469
1519,512,2125,4.150391
1520,512,2084,4.070312
1521,512,2125,4.150391
1522,512,2125,4.150391
1523,512,2041,3.986328
1524,512,2084,4.070312
1525,512,2000,3.906250
1526,512,2000,3.906250
1527,512,2167,4.232422
1528,512,2125,4.150391
1529,512,2042,3.988281
1530,512,2125,4.150391
1531,512,2208,4.312500
1532,512,2042,3.988281
1533,512,2166,4.230469
1534,512,2125,4.150391
1535,512,2000,3.906250
1536,512,2083,4.068359
1537,512,2125,4.150391
1538,512,2083,4.068359
1539,512,2292,4.476562
1540,512,2083,4.068359
1541,512,2000,3.906250
1542,512,2083,4.068359
1543,512,2125,4.150391
1544,512,2042,3.988281
1545,512,2042,3.988281
1546,512,2125,4.150391
1547,512,1958,3.824219
1548,512,2083,4.068359
1549,512,2084,4.070312
1550,512,1958,3.824219
1551,512,2167,4.232422
1552,512,2125,4.150391
1553,512,2042,3.988281
1554,512,1958,3.824219
1555,512,1958,3.824219
1556,512,2042,3.988281
1557,512,2084,4.070312
1558,512,2166,4.230469
1559,512,2209,4.314453
1560,512,2208,4.312500
1561,512,2125,4.150391
1562,512,2125,4.150391
1563,512,2167,4.232422
1564,512,2041,3.986328
1565,512,2042,3.988281
1566,512,2000,3.906250
1567,512,2083,4.068359
1568,512,2000,3.906250
1569,512,2125,4.150391
1570,512,2083,4.068359
1571,512,2083,4.068359
1572,512,2000,3.906250
1573,512,1958,3.824219
1574,512,2042,3.988281
1575,512,2041,3.986328
1576,512,2084,4.070312
1577,512,2125,4.150391
1578,512,2125,4.150391
1579,512,2042,3.988281
1580,512,2042,3.988281
1581,512,2125,4.150391
1582,512,2041,3.986328
1583,512,2042,3.988281
1584,512,2125,4.150391
1585,512,2041,3.986328
1586,512,2000,3.906250
1587,512,2083,4.068359
1588,512,2042,3.988281
1589,512,2083,4.068359
1590,512,2083,4.068359
1591,512,2084,4.070312
1592,512,1958,3.824219
1593,512,2083,4.068359
1594,512,2083,4.068359
1595,512,2084,4.070312
1596,512,2000,3.906250
1597,512,2042,3.988281
1598,512,2083,4.068359
1599,512,2042,3.988281
1600,512,2042,3.988281
1601,512,2042,3.988281
1602,512,2000,3.906250
1603,512,2125,4.150391
1604,512,2083,4.068359
1605,512,2208,4.312500
1606,512,2125,4.150391
1607,512,2042,3.988281
1608,512,2000,3.906250
1609,512,2167,4.232422
1610,512,2000,3.906250
1611,512,2083,4.068359
1612,512,2083,4.068359
1613,512,2458,4.800781
1614,512,2792,5.453125
1615,512,2584,5.046875
1616,512,2625,5.126953
1617,512,2750,5.371094
1618,512,2750,5.371094
1619,512,2625,5.126953
1620,512,2625,5.126953
1621,512,2583,5.044922
1622,512,2625,5.126953
1623,512,2542,4.964844
1624,512,2666,5.207031
1625,512,2667,5.208984
1626,512,2625,5.126953
1627,512,2584,5.046875
1628,512,2791,5.451172
1629,512,2667,5.208984
1630,512,2291,4.474609
1631,512,2084,4.070312
1632,512,2084,4.070312
1633,512,2000,3.906250
1634,512,2084,4.070312
1635,512,2000,3.906250
1636,512,2000,3.906250
1637,512,2083,4.068359
1638,512,2209,4.314453
1639,512,2125,4.150391
1640,512,2083,4.068359
1641,512,2083,4.068359
1642,512,2125,4.150391
1643,512,2083,4.068359
1644,512,2084,4.070312
1645,512,2042,3.988281
1646,512,2125,4.150391
1647,512,2083,4.068359
1648,512,2042,3.988281
1649,512,2042,3.988281
1650,512,2041,3.986328
1651,512,2084,4.070312
1652,512,2041,3.986328
1653,512,2042,3.988281
1654,512,2042,3.988281
1655,512,2125,4.150391
1656,512,1958,3.824219
1657,512,2125,4.150391
1658,512,2083,4.068359
1659,512,2084,4.070312
1660,512,2042,3.988281
1661,512,2083,4.068359
1662,512,2000,3.906250
1663,512,2125,4.150391
1664,512,2250,4.394531
1665,512,2125,4.150391
1666,512,2084,4.070312
1667,512,2041,3.986328
1668,512,2042,3.988281
1669,512,2042,3.988281
1670,512,2000,3.906250
1671,512,2084,4.070312
1672,512,1916,3.742188
1673,512,2042,3.988281
1674,512,2084,4.070312
1675,512,2000,3.906250
1676,512,1959,3.826172
1677,512,2084,4.070312
1678,512,2083,4.068359
1679,512,2042,3.988281
1680,512,2166,4.230469
1681,512,2042,3.988281
1682,512,2083,4.068359
1683,512,2000,3.906250
1684,512,2083,4.068359
1685,512,2125,4.150391
1686,512,2042,3.988281
1687,512,2042,3.988281
1688,512,2042,3.988281
1689,512,2041,3.986328
1690,512,2083,4.068359
1691,512,2084,4.070312
1692,512,2125,4.150391
1693,512,2125,4.150391
1694,512,2125,4.150391
1695,512,2042,3.988281
1696,512,2000,3.906250
1697,512,2041,3.986328
1698,512,2167,4.232422
1699,512,2042,3.988281
1700,512,2166,4.230469
1701,512,2042,3.988281
1702,512,2042,3.988281
1703,512,2000,3.906250
1704,512,2042,3.988281
1705,512,2083,4.068359
1706,512,1958,3.824219
1707,512,2083,4.068359
1708,512,2125,4.150391
1709,512,2083,4.068359
1710,512,2042,3.988281
1711,512,1958,3.824219
1712,512,2083,4.068359
1713,512,2125,4.150391
1714,512,2167,4.232422
1715,512,2042,3.988281
1716,512,2084,4.070312
1717,512,2083,4.068359
1718,512,2125,4.150391
1719,512,1958,3.824219
1720,512,1958,3.824219
1721,512,2000,3.906250
1722,512,2083,4.068359
1723,512,2167,4.232422
1724,512,2042,3.988281
1725,512,2083,4.068359
1726,512,2042,3.988281
1727,512,2125,4.150391
1728,512,2042,3.988281
1729,512,2083,4.068359
1730,512,2083,4.068359
1731,512,1958,3.824219
1732,512,2000,3.906250
1733,512,2083,4.068359
1734,512,2125,4.150391
1735,512,2083,4.068359
1736,512,2042,3.988281
1737,512,2125,4.150391
1738,512,2125,4.150391
1739,512,2083,4.068359
1740,512,2042,3.988281
1741,512,2042,3.988281
1742,512,2000,3.906250
1743,512,2000,3.906250
1744,512,2041,3.986328
1745,512,2125,4.150391
1746,512,2084,4.070312
1747,512,2083,4.068359
1748,512,2000,3.906250
1749,512,2000,3.906250
1750,512,2042,3.988281
1751,512,1958,3.824219
1752,512,2042,3.988281
1753,512,2125,4.150391
1754,512,2083,4.068359
1755,512,2042,3.988281
1756,512,2125,4.150391
1757,512,2084,4.070312
1758,512,2125,4.150391
1759,512,2167,4.232422
1760,512,2167,4.232422
1761,512,2041,3.986328
1762,512,2042,3.988281
1763,512,2000,3.906250
1764,512,2083,4.068359
1765,512,2083,4.068359
1766,512,2042,3.988281
1767,512,2041,3.986328
1768,512,2042,3.988281
1769,512,2167,4.232422
1770,512,2041,3.986328
1771,512,1958,3.824219
1772,512,2083,4.068359
1773,512,2042,3.988281
1774,512,2000,3.906250
1775,512,2083,4.068359
1776,512,2167,4.232422
1777,512,2042,3.988281
1778,512,2000,3.906250
1779,512,2125,4.150391
1780,512,2125,4.150391
1781,512,2083,4.068359
1782,512,2042,3.988281
1783,512,2000,3.906250
1784,512,2166,4.230469
1785,512,2042,3.988281
1786,512,2084,4.070312
1787,512,2417,4.720703
1788,512,2750,5.371094
1789,512,2583,5.044922
1790,512,2667,5.208984
1791,512,2708,5.289062
1792,512,2583,5.044922
1793,512,2750,5.371094
1794,512,2625,5.126953
1795,512,2625,5.126953
1796,512,2584,5.046875
1797,512,2750,5.371094
1798,512,2833,5.533203
1799,512,2667,5.208984
1800,512,2292,4.476562
1801,512,2000,3.906250
1802,512,2083,4.068359
1803,512,2125,4.150391
1804,512,2042,3.988281
1805,512,2083,4.068359
1806,512,2000,3.906250
1807,512,2041,3.986328
1808,512,2125,4.150391
1809,512,2042,3.988281
1810,512,2000,3.906250
1811,512,2083,4.068359
1812,512,2041,3.986328
1813,512,1959,3.826172
1814,512,2042,3.988281
1815,512,2041,3.986328
1816,512,2125,4.150391
1817,512,2000,3.906250
1818,512,2083,4.068359
1819,512,2125,4.150391
1820,512,2042,3.988281
1821,512,2000,3.906250
1822,512,2083,4.068359
1823,512,2125,4.150391
1824,512,2083,4.068359
1825,512,2042,3.988281
1826,512,2042,3.988281
1827,512,2042,3.988281
1828,512,2125,4.150391
1829,512,2083,4.068359
1830,512,2083,4.068359
1831,512,2083,4.068359
1832,512,2125,4.150391
1833,512,2042,3.988281
1834,512,2042,3.988281
1835,512,2166,4.230469
1836,512,2125,4.150391
1837,512,2084,4.070312
1838,512,2083,4.068359
1839,512,2125,4.150391
1840,512,2041,3.986328
1841,512,2000,3.906250
1842,512,2000,3.906250
1843,512,2041,3.986328
1844,512,2209,4.314453
1845,512,1958,3.824219
1846,512,2083,4.068359
1847,512,2125,4.150391
1848,512,2083,4.068359
1849,512,2083,4.068359
1850,512,2125,4.150391
1851,512,2042,3.988281
1852,512,2083,4.068359
1853,512,2125,4.150391
1854,512,2000,3.906250
1855,512,2000,3.906250
1856,512,2125,4.150391
1857,512,2042,3.988281
1858,512,2125,4.150391
1859,512,2084,4.070312
1860,512,2000,3.906250
1861,512,2042,3.988281
1862,512,2041,3.986328
1863,512,2209,4.314453
1864,512,2083,4.068359
1865,512,2042,3.988281
1866,512,2083,4.068359
1867,512,2042,3.988281
1868,512,2083,4.068359
1869,512,2125,4.150391
1870,512,2083,4.068359
1871,512,2125,4.150391
1872,512,2000,3.906250
1873,512,2042,3.988281
1874,512,2041,3.986328
1875,512,2084,4.070312
1876,512,2125,4.150391
1877,512,2125,4.150391
1878,512,2041,3.986328
1879,512,2083,4.068359
1880,512,1959,3.826172
1881,512,2125,4.150391
1882,512,2125,4.150391
1883,512,2000,3.906250
1884,512,2041,3.986328
1885,512,2000,3.906250
1886,512,1958,3.824219
1887,512,2125,4.150391
1888,512,2125,4.150391
1889,512,2042,3.988281
1890,512,2000,3.906250
1891,512,2084,4.070312
1892,512,2084,4.070312
1893,512,2041,3.986328
1894,512,2000,3.906250
1895,512,2125,4.150391
1896,512,2125,4.150391
1897,512,2042,3.988281
1898,512,2000,3.906250
1899,512,2042,3.988281
1900,512,2000,3.906250
1901,512,2000,3.906250
1902,512,2083,4.068359
1903,512,2042,3.988281
1904,512,2208,4.312500
1905,512,2042,3.988281
1906,512,2083,4.068359
1907,512,2083,4.068359
1908,512,2084,4.070312
1909,512,2125,4.150391
1910,512,2042,3.988281
1911,512,2000,3.906250
1912,512,2042,3.988281
1913,512,2042,3.988281
1914,512,2000,3.906250
1915,512,2084,4.070312
1916,512,2208,4.312500
1917,512,2125,4.150391
1918,512,2125,4.150391
1919,512,2083,4.068359
1920,512,2209,4.314453
1921,512,2000,3.906250
1922,512,2042,3.988281
1923,512,2000,3.906250
1924,512,1958,3.824219
1925,512,2083,4.068359
1926,512,2000,3.906250
1927,512,2125,4.150391
1928,512,2042,3.988281
1929,512,1959,3.826172
1930,512,2042,3.988281
1931,512,2041,3.986328
1932,512,1958,3.824219
1933,512,2167,4.232422
1934,512,2041,3.986328
1935,512,2042,3.988281
1936,512,2000,3.906250
1937,512,2042,3.988281
1938,512,2042,3.988281
1939,512,2125,4.150391
1940,512,2084,4.070312
1941,512,2084,4.070312
1942,512,2083,4.068359
1943,512,2125,4.150391
1944,512,2083,4.068359
1945,512,2042,3.988281
1946,512,2041,3.986328
1947,512,2000,3.906250
1948,512,2042,3.988281
1949,512,1958,3.824219
1950,512,2083,4.068359
1951,512,2125,4.150391
1952,512,2083,4.068359
1953,512,2083,4.068359
1954,512,2042,3.988281
1955,512,1958,3.824219
1956,512,2125,4.150391
1957,512,2042,3.988281
1958,512,2000,3.906250
1959,512,2083,4.068359
1960,512,2083,4.068359
1961,512,2042,3.988281
1962,512,2083,4.068359
1963,512,2000,3.906250
1964,512,2167,4.232422
1965,512,2083,4.068359
1966,512,2000,3.906250
1967,512,2083,4.068359
1968,512,1917,3.744141
1969,512,2000,3.906250
1970,512,2042,3.988281
1971,512,2083,4.068359
1972,512,2042,3.988281
1973,512,2041,3.986328
1974,512,2042,3.988281
1975,512,2041,3.986328
1976,512,2167,4.232422
1977,512,1917,3.744141
1978,512,2000,3.906250
1979,512,2083,4.068359
1980,512,2167,4.232422
1981,512,2000,3.906250
1982,512,2125,4.150391
1983,512,2042,3.988281
1984,512,2000,3.906250
1985,512,2084,4.070312
1986,512,2042,3.988281
1987,512,2083,4.068359
1988,512,2209,4.314453
1989,512,2000,3.906250
1990,512,2041,3.986328
1991,512,2084,4.070312
1992,512,2083,4.068359
1993,512,2083,4.068359
1994,512,2000,3.906250
1995,512,2000,3.906250
1996,512,1959,3.826172
1997,512,2042,3.988281
1998,512,2083,4.068359
1999,512,2083,4.068359
2000,512,2125,4.150391
2001,512,2042,3.988281
2002,512,2125,4.150391
2003,512,2125,4.150391
2004,512,2041,3.986328
2005,512,2084,4.070312
2006,512,2125,4.150391
2007,512,1917,3.744141
2008,512,2166,4.230469
2009,512,2084,4.070312
2010,512,2125,4.150391
2011,512,2042,3.988281
2012,512,2042,3.988281
2013,512,2083,4.068359
2014,512,2125,4.150391
2015,512,2167,4.232422
2016,512,2000,3.906250
2017,512,2042,3.988281
2018,512,2083,4.068359
2019,512,2083,4.068359
2020,512,2084,4.070312
2021,512,2125,4.150391
2022,512,2084,4.070312
2023,512,2083,4.068359
2024,512,2125,4.150391
2025,512,1958,3.824219
2026,512,2000,3.906250
2027,512,2125,4.150391
2028,512,2125,4.150391
2029,512,2000,3.906250
2030,512,2167,4.232422
2031,512,2083,4.068359
2032,512,2083,4.068359
2033,512,2042,3.988281
2034,512,2084,4.070312
2035,512,2125,4.150391
2036,512,2083,4.068359
2037,512,2166,4.230469
2038,512,2084,4.070312
2039,512,2084,4.070312
2040,512,2125,4.150391
2041,512,2041,3.986328
2042,512,2084,4.070312
2043,512,1959,3.826172
2044,512,2083,4.068359
2045,512,2041,3.986328
2046,512,2125,4.150391
2047,512,2042,3.988281
2048,512,2041,3.986328
2049,512,2000,3.906250
2050,512,2125,4.150391
2051,512,1958,3.824219
2052,512,2042,3.988281
2053,512,2083,4.068359
2054,512,2083,4.068359
2055,512,2042,3.988281
2056,512,2041,3.986328
2057,512,2125,4.150391
2058,512,2042,3.988281
2059,512,2000,3.906250
2060,512,2125,4.150391
2061,512,2042,3.988281
2062,512,2084,4.070312
2063,512,2166,4.230469
2064,512,2000,3.906250
2065,512,2000,3.906250
2066,512,2000,3.906250
2067,512,2083,4.068359
2068,512,2042,3.988281
2069,512,2042,3.988281
2070,512,2000,3.906250
2071,512,2083,4.068359
2072,512,2000,3.906250
2073,512,2041,3.986328
2074,512,2084,4.070312
2075,512,2125,4.150391
2076,512,2042,3.988281
2077,512,1958,3.824219
2078,512,2083,4.068359
2079,512,2042,3.988281
2080,512,2125,4.150391
2081,512,2041,3.986328
2082,512,2000,3.906250
2083,512,2042,3.988281
2084,512,2125,4.150391
2085,512,2041,3.986328
2086,512,2042,3.988281
2087,512,2125,4.150391
2088,512,2041,3.986328
2089,512,2042,3.988281
2090,512,2000,3.906250
2091,512,2041,3.986328
2092,512,2042,3.988281
2093,512,2125,4.150391
2094,512,2042,3.988281
2095,512,2084,4.070312
2096,512,2041,3.986328
2097,512,2125,4.150391
2098,512,2042,3.988281
2099,512,2041,3.986328
2100,512,2125,4.150391
2101,512,2125,4.150391
2102,512,2167,4.232422
2103,512,2000,3.906250
2104,512,2083,4.068359
2105,512,2083,4.068359
2106,512,2125,4.150391
2107,512,2083,4.068359
2108,512,2042,3.988281
2109,512,2041,3.986328
2110,512,2083,4.068359
2111,512,2000,3.906250
2112,512,2084,4.070312
2113,512,2125,4.150391
2114,512,2041,3.986328
2115,512,2000,3.906250
2116,512,1958,3.824219
2117,512,2125,4.150391
2118,512,2042,3.988281
2119,512,2041,3.986328
2120,512,2167,4.232422
2121,512,2042,3.988281
2122,512,2084,4.070312
2123,512,2083,4.068359
2124,512,2083,4.068359
2125,512,2042,3.988281
2126,512,2084,4.070312
2127,512,2167,4.232422
2128,512,2042,3.988281
2129,512,2041,3.986328
2130,512,2000,3.906250
2131,512,2084,4.070312
2132,512,2125,4.150391
2133,512,2083,4.068359
2134,512,2083,4.068359
2135,512,2000,3.906250
2136,512,2000,3.906250
2137,512,2083,4.068359
2138,512,2000,3.906250
2139,512,2041,3.986328
2140,512,2125,4.150391
2141,512,2042,3.988281
2142,512,2042,3.988281
2143,512,2000,3.906250
2144,512,2000,3.906250
2145,512,2041,3.986328
2146,512,2042,3.988281
2147,512,1958,3.824219
2148,512,2083,4.068359
2149,512,2042,3.988281
2150,512,2000,3.906250
2151,512,2042,3.988281
2152,512,1917,3.744141
2153,512,2125,4.150391
2154,512,2083,4.068359
2155,512,1916,3.742188
2156,512,2167,4.232422
2157,512,2000,3.906250
2158,512,2125,4.150391
2159,512,2042,3.988281
2160,512,2000,3.906250
2161,512,2042,3.988281
2162,512,2000,3.906250
2163,512,2000,3.906250
2164,512,2042,3.988281
2165,512,2000,3.906250
2166,512,2208,4.312500
2167,512,2625,5.126953
2168,512,2750,5.371094
2169,512,2625,5.126953
2170,512,2542,4.964844
2171,512,2666,5.207031
2172,512,2625,5.126953
2173,512,2625,5.126953
2174,512,2208,4.312500
2175,512,2167,4.232422
2176,512,2292,4.476562
2177,512,2083,4.068359
2178,512,2083,4.068359
2179,512,2209,4.314453
2180,512,2084,4.070312
2181,512,2000,3.906250
2182,512,2334,4.558594
2183,512,2041,3.986328
2184,512,2083,4.068359
2185,512,2250,4.394531
2186,512,2375,4.638672
2187,512,2125,4.150391
2188,512,2166,4.230469
2189,512,2083,4.068359
2190,512,2084,4.070312
2191,512,2000,3.906250
2192,512,2000,3.906250
2193,512,2042,3.988281
2194,512,2042,3.988281
2195,512,2083,4.068359
2196,512,1958,3.824219
2197,512,2083,4.068359
2198,512,2167,4.232422
2199,512,2000,3.906250
2200,512,2042,3.988281
2201,512,2083,4.068359
2202,512,1959,3.826172
2203,512,2125,4.150391
2204,512,2084,4.070312
2205,512,2084,4.070312
2206,512,2250,4.394531
2207,512,2083,4.068359
2208,512,2042,3.988281
2209,512,2000,3.906250
2210,512,2375,4.638672
2211,512,2625,5.126953
2212,512,2792,5.453125
2213,512,2667,5.208984
2214,512,2583,5.044922
2215,512,2541,4.962891
2216,512,2625,5.126953
2217,512,2625,5.126953
2218,512,2666,5.207031
2219,512,2500,4.882812
2220,512,2625,5.126953
2221,512,2333,4.556641
2222,512,2083,4.068359
2223,512,2042,3.988281
2224,512,2041,3.986328
2225,512,2042,3.988281
2226,512,2000,3.906250
2227,512,2000,3.906250
2228,512,2125,4.150391
2229,512,2125,4.150391
2230,512,2042,3.988281
2231,512,2125,4.150391
2232,512,2083,4.068359
2233,512,2083,4.068359
2234,512,2250,4.394531
2235,512,2125,4.150391
2236,512,2041,3.986328
2237,512,2083,4.068359
2238,512,2083,4.068359
2239,512,2084,4.070312
2240,512,2125,4.150391
2241,512,2041,3.986328
2242,512,2084,4.070312
2243,512,2084,4.070312
2244,512,2084,4.070312
2245,512,2083,4.068359
2246,512,2208,4.312500
2247,512,2125,4.150391
2248,512,2000,3.906250
2249,512,2417,4.720703
2250,512,2833,5.533203
2251,512,2625,5.126953
2252,512,2584,5.046875
2253,512,2667,5.208984
2254,512,2750,5.371094
2255,512,2708,5.289062
2256,512,2416,4.718750
2257,512,2209,4.314453
2258,512,2166,4.230469
2259,512,2083,4.068359
2260,512,2167,4.232422
2261,512,2166,4.230469
2262,512,2167,4.232422
2263,512,2125,4.150391
2264,512,2083,4.068359
2265,512,2167,4.232422
2266,512,2125,4.150391
2267,512,2083,4.068359
2268,512,2333,4.556641
2269,512,2250,4.394531
2270,512,2000,3.906250
2271,512,2083,4.068359
2272,512,2208,4.312500
2273,512,2083,4.068359
2274,512,2083,4.068359
2275,512,2125,4.150391
2276,512,2000,3.906250
2277,512,2083,4.068359
2278,512,2083,4.068359
2279,512,2083,4.068359
2280,512,2042,3.988281
2281,512,2166,4.230469
2282,512,2250,4.394531
2283,512,2042,3.988281
2284,512,2042,3.988281
2285,512,2041,3.986328
2286,512,1958,3.824219
2287,512,2125,4.150391
2288,512,2125,4.150391
2289,512,2041,3.986328
2290,512,1917,3.744141
2291,512,12167,23.763672
2292,512,2125,4.150391
2293,512,2000,3.906250
2294,512,2125,4.150391
2295,512,2000,3.906250
2296,512,1958,3.824219
2297,512,2084,4.070312
2298,512,2208,4.312500
2299,512,2583,5.044922
2300,512,2708,5.289062
2301,512,2500,4.882812
2302,512,2625,5.126953
2303,512,2583,5.044922
2304,512,2458,4.800781
2305,512,2500,4.882812
2306,512,2041,3.986328
2307,512,2125,4.150391
2308,512,2084,4.070312
2309,512,2125,4.150391
2310,512,2042,3.988281
2311,512,1958,3.824219
2312,512,2042,3.988281
2313,512,2042,3.988281
2314,512,2083,4.068359
2315,512,2084,4.070312
2316,512,1959,3.826172
2317,512,2166,4.230469
2318,512,2083,4.068359
2319,512,2167,4.232422
2320,512,2125,4.150391
2321,512,2042,3.988281
2322,512,2084,4.070312
2323,512,2084,4.070312
2324,512,2041,3.986328
2325,512,2042,3.988281
2326,512,2042,3.988281
2327,512,2250,4.394531
2328,512,2000,3.906250
2329,512,2084,4.070312
2330,512,2125,4.150391
2331,512,2000,3.906250
2332,512,2083,4.068359
2333,512,2208,4.312500
2334,512,2208,4.312500
2335,512,2000,3.906250
2336,512,2042,3.988281
2337,512,2083,4.068359
2338,512,2042,3.988281
2339,512,2041,3.986328
2340,512,1959,3.826172
2341,512,2083,4.068359
2342,512,2000,3.906250
2343,512,2000,3.906250
2344,512,2042,3.988281
2345,512,2084,4.070312
2346,512,2000,3.906250
2347,512,2042,3.988281
2348,512,2000,3.906250
2349,512,2042,3.988281
2350,512,2042,3.988281
2351,512,2000,3.906250
2352,512,2042,3.988281
2353,512,2083,4.068359
2354,512,2000,3.906250
2355,512,2000,3.906250
2356,512,2000,3.906250
2357,512,2042,3.988281
2358,512,2041,3.986328
2359,512,1959,3.826172
2360,512,2041,3.986328
2361,512,2042,3.988281
2362,512,8916,17.414062
2363,512,2083,4.068359
2364,512,1959,3.826172
2365,512,2125,4.150391
2366,512,1917,3.744141
2367,512,2000,3.906250
2368,512,1959,3.826172
2369,512,2625,5.126953
2370,512,2625,5.126953
2371,512,2584,5.046875
2372,512,2500,4.882812
2373,512,2584,5.046875
2374,512,2459,4.802734
2375,512,2666,5.207031
2376,512,2125,4.150391
2377,512,2042,3.988281
2378,512,2125,4.150391
2379,512,1958,3.824219
2380,512,1958,3.824219
2381,512,2084,4.070312
2382,512,2084,4.070312
2383,512,2000,3.906250
2384,512,1916,3.742188
2385,512,2083,4.068359
2386,512,2042,3.988281
2387,512,2125,4.150391
2388,512,2000,3.906250
2389,512,2125,4.150391
2390,512,2041,3.986328
2391,512,2000,3.906250
2392,512,2167,4.232422
2393,512,2042,3.988281
2394,512,2083,4.068359
2395,512,2125,4.150391
2396,512,2125,4.150391
2397,512,2125,4.150391
2398,512,2125,4.150391
2399,512,2042,3.988281
2400,512,2083,4.068359
2401,512,2000,3.906250
2402,512,2000,3.906250
2403,512,2000,3.906250
2404,512,2042,3.988281
2405,512,2084,4.070312
2406,512,2041,3.986328
2407,512,2084,4.070312
2408,512,2000,3.906250
2409,512,2000,3.906250
2410,512,2042,3.988281
2411,512,2083,4.068359
2412,512,2042,3.988281
2413,512,2041,3.986328
2414,512,2042,3.988281
2415,512,2042,3.988281
2416,512,2084,4.070312
2417,512,2166,4.230469
2418,512,2125,4.150391
2419,512,2000,3.906250
2420,512,2125,4.150391
2421,512,2000,3.906250
2422,512,2083,4.068359
2423,512,2042,3.988281
2424,512,2084,4.070312
2425,512,2084,4.070312
2426,512,2000,3.906250
2427,512,2125,4.150391
2428,512,2084,4.070312
2429,512,2083,4.068359
2430,512,2041,3.986328
2431,512,2125,4.150391
2432,512,2250,4.394531
2433,512,2083,4.068359
2434,512,2000,3.906250
2435,512,2000,3.906250
2436,512,1959,3.826172
2437,512,2084,4.070312
2438,512,2166,4.230469
2439,512,2042,3.988281
2440,512,2083,4.068359
2441,512,2583,5.044922
2442,512,2709,5.291016
2443,512,2625,5.126953
2444,512,2750,5.371094
2445,512,2542,4.964844
2446,512,2542,4.964844
2447,512,2500,4.882812
2448,512,2167,4.232422
2449,512,2083,4.068359
2450,512,2167,4.232422
2451,512,2041,3.986328
2452,512,2042,3.988281
2453,512,2083,4.068359
2454,512,2042,3.988281
2455,512,2166,4.230469
2456,512,2084,4.070312
2457,512,2083,4.068359
2458,512,2083,4.068359
2459,512,2083,4.068359
2460,512,2125,4.150391
2461,512,2500,4.882812
2462,512,2041,3.986328
2463,512,2084,4.070312
2464,512,1958,3.824219
2465,512,2000,3.906250
2466,512,2083,4.068359
2467,512,2042,3.988281
2468,512,2083,4.068359
2469,512,2250,4.394531
2470,512,2125,4.150391
2471,512,2042,3.988281
2472,512,2000,3.906250
2473,512,2083,4.068359
2474,512,7958,15.542969
2475,512,2084,4.070312
2476,512,2000,3.906250
2477,512,2083,4.068359
2478,512,2000,3.906250
2479,512,6542,12.777344
2480,512,2125,4.150391
2481,512,2041,3.986328
2482,512,1917,3.744141
2483,512,2125,4.150391
2484,512,2042,3.988281
2485,512,2041,3.986328
2486,512,1958,3.824219
2487,512,2084,4.070312
2488,512,2000,3.906250
2489,512,2125,4.150391
2490,512,2042,3.988281
2491,512,2125,4.150391
2492,512,2000,3.906250
2493,512,1917,3.744141
2494,512,2000,3.906250
2495,512,2000,3.906250
2496,512,2083,4.068359
2497,512,2000,3.906250
2498,512,2042,3.988281
2499,512,2000,3.906250
2500,512,1958,3.824219
2501,512,2000,3.906250
2502,512,2000,3.906250
2503,512,2166,4.230469
2504,512,1959,3.826172
2505,512,2000,3.906250
2506,512,2000,3.906250
2507,512,2041,3.986328
2508,512,1958,3.824219
2509,512,2084,4.070312
2510,512,13416,26.203125
2511,512,2000,3.906250
2512,512,2209,4.314453
2513,512,1917,3.744141
2514,512,2125,4.150391
2515,512,1958,3.824219
2516,512,2041,3.986328
2517,512,2000,3.906250
2518,512,2000,3.906250
2519,512,2083,4.068359
2520,512,2042,3.988281
2521,512,2125,4.150391
2522,512,2042,3.988281
2523,512,2083,4.068359
2524,512,1959,3.826172
2525,512,2000,3.906250
2526,512,1958,3.824219
2527,512,2042,3.988281
2528,512,2041,3.986328
2529,512,2084,4.070312
2530,512,2041,3.986328
2531,512,2084,4.070312
2532,512,2083,4.068359
2533,512,1958,3.824219
2534,512,2042,3.988281
2535,512,2042,3.988281
2536,512,2000,3.906250
2537,512,2042,3.988281
2538,512,2083,4.068359
2539,512,2042,3.988281
2540,512,2041,3.986328
2541,512,2042,3.988281
2542,512,2041,3.986328
2543,512,2084,4.070312
2544,512,2000,3.906250
2545,512,2042,3.988281
2546,512,2167,4.232422
2547,512,2041,3.986328
2548,512,2042,3.988281
2549,512,1916,3.742188
2550,512,1958,3.824219
2551,512,1917,3.744141
2552,512,2084,4.070312
2553,512,2125,4.150391
2554,512,2000,3.906250
2555,512,2000,3.906250
2556,512,2041,3.986328
2557,512,2125,4.150391
2558,512,2042,3.988281
2559,512,2083,4.068359
2560,512,2125,4.150391
2561,512,2083,4.068359
2562,512,2084,4.070312
2563,512,2041,3.986328
2564,512,2000,3.906250
2565,512,1958,3.824219
2566,512,2000,3.906250
2567,512,2083,4.068359
2568,512,2042,3.988281
2569,512,2041,3.986328
2570,512,2000,3.906250
2571,512,2042,3.988281
2572,512,2041,3.986328
2573,512,1959,3.826172
2574,512,2083,4.068359
2575,512,2083,4.068359
2576,512,2042,3.988281
2577,512,2041,3.986328
2578,512,1959,3.826172
2579,512,2000,3.906250
2580,512,2042,3.988281
2581,512,2083,4.068359
2582,512,2042,3.988281
2583,512,2041,3.986328
2584,512,2042,3.988281
2585,512,2042,3.988281
2586,512,2000,3.906250
2587,512,2042,3.988281
2588,512,2000,3.906250
2589,512,2042,3.988281
2590,512,1959,3.826172
2591,512,2125,4.150391
2592,512,2000,3.906250
2593,512,2042,3.988281
2594,512,1958,3.824219
2595,512,2125,4.150391
2596,512,2084,4.070312
2597,512,2041,3.986328
2598,512,2042,3.988281
2599,512,1875,3.662109
2600,512,2042,3.988281
2601,512,1958,3.824219
2602,512,2084,4.070312
2603,512,1958,3.824219
2604,512,2000,3.906250
2605,512,2250,4.394531
2606,512,2167,4.232422
2607,512,2042,3.988281
2608,512,2042,3.988281
2609,512,2042,3.988281
2610,512,2000,3.906250
2611,512,2208,4.312500
2612,512,2042,3.988281
2613,512,1959,3.826172
2614,512,2125,4.150391
2615,512,2083,4.068359
2616,512,2125,4.150391
2617,512,2083,4.068359
2618,512,2000,3.906250
2619,512,2083,4.068359
2620,512,2084,4.070312
2621,512,1959,3.826172
2622,512,2084,4.070312
2623,512,2000,3.906250
2624,512,2042,3.988281
2625,512,2083,4.068359
2626,512,2042,3.988281
2627,512,2083,4.068359
2628,512,2000,3.906250
2629,512,2042,3.988281
2630,512,2041,3.986328
2631,512,2000,3.906250
2632,512,2000,3.906250
2633,512,2083,4.068359
2634,512,2000,3.906250
2635,512,2000,3.906250
2636,512,2042,3.988281
2637,512,2000,3.906250
2638,512,2000,3.906250
2639,512,2042,3.988281
2640,512,1958,3.824219
2641,512,2000,3.906250
2642,512,2000,3.906250
2643,512,2000,3.906250
2644,512,2000,3.906250
2645,512,2083,4.068359
2646,512,2042,3.988281
2647,512,2041,3.986328
2648,512,2042,3.988281
2649,512,2000,3.906250
2650,512,2000,3.906250
2651,512,1958,3.824219
2652,512,2084,4.070312
2653,512,2083,4.068359
2654,512,2000,3.906250
2655,512,2000,3.906250
2656,512,2083,4.068359
2657,512,2083,4.068359
2658,512,2042,3.988281
2659,512,2083,4.068359
2660,512,2042,3.988281
2661,512,2041,3.986328
2662,512,2042,3.988281
2663,512,2041,3.986328
2664,512,2000,3.906250
2665,512,2000,3.906250
2666,512,1958,3.824219
2667,512,2000,3.906250
2668,512,2042,3.988281
2669,512,2125,4.150391
2670,512,2000,3.906250
2671,512,2084,4.070312
2672,512,2041,3.986328
2673,512,2083,4.068359
2674,512,2042,3.988281
2675,512,2125,4.150391
2676,512,2041,3.986328
2677,512,1959,3.826172
2678,512,2042,3.988281
2679,512,2000,3.906250
2680,512,2125,4.150391
2681,512,2041,3.986328
2682,512,2000,3.906250
2683,512,2000,3.906250
2684,512,2083,4.068359
2685,512,2042,3.988281
2686,512,2000,3.906250
2687,512,1959,3.826172
2688,512,2291,4.474609
2689,512,1875,3.662109
2690,512,2042,3.988281
2691,512,2000,3.906250
2692,512,2000,3.906250
2693,512,2042,3.988281
2694,512,2083,4.068359
2695,512,1917,3.744141
2696,512,1917,3.744141
2697,512,1958,3.824219
2698,512,1917,3.744141
2699,512,1959,3.826172
2700,512,2000,3.906250
2701,512,1959,3.826172
2702,512,2084,4.070312
2703,512,2000,3.906250
2704,512,1958,3.824219
2705,512,1958,3.824219
2706,512,2042,3.988281
2707,512,2083,4.068359
2708,512,2042,3.988281
2709,512,2125,4.150391
2710,512,2041,3.986328
2711,512,2042,3.988281
2712,512,2083,4.068359
2713,512,2042,3.988281
2714,512,2000,3.906250
2715,512,2000,3.906250
2716,512,2000,3.906250
2717,512,8459,16.521484
2718,512,2041,3.986328
2719,512,1958,3.824219
2720,512,2084,4.070312
2721,512,2042,3.988281
2722,512,2041,3.986328
2723,512,1917,3.744141
2724,512,2041,3.986328
2725,512,2167,4.232422
2726,512,2041,3.986328
2727,512,2042,3.988281
2728,512,2417,4.720703
2729,512,2709,5.291016
2730,512,2625,5.126953
2731,512,2541,4.962891
2732,512,2708,5.289062
2733,512,2542,4.964844
2734,512,2541,4.962891
2735,512,2542,4.964844
2736,512,2375,4.638672
2737,512,2584,5.046875
2738,512,2542,4.964844
2739,512,2458,4.800781
2740,512,2167,4.232422
2741,512,2084,4.070312
2742,512,2250,4.394531
2743,512,2041,3.986328
2744,512,2167,4.232422
2745,512,2167,4.232422
2746,512,2000,3.906250
2747,512,2000,3.906250
2748,512,2291,4.474609
2749,512,2292,4.476562
2750,512,2000,3.906250
2751,512,2000,3.906250
2752,512,2041,3.986328
2753,512,2000,3.906250
2754,512,12375,24.169922
2755,512,2042,3.988281
2756,512,2000,3.906250
2757,512,2084,4.070312
2758,512,2000,3.906250
2759,512,2000,3.906250
2760,512,2042,3.988281
2761,512,2125,4.150391
2762,512,2125,4.150391
2763,512,2166,4.230469
2764,512,2000,3.906250
2765,512,2042,3.988281
2766,512,2042,3.988281
2767,512,2000,3.906250
2768,512,2083,4.068359
2769,512,2083,4.068359
2770,512,2167,4.232422
2771,512,2083,4.068359
2772,512,2000,3.906250
2773,512,2000,3.906250
2774,512,1834,3.582031
2775,512,2042,3.988281
2776,512,2042,3.988281
2777,512,2041,3.986328
2778,512,2000,3.906250
2779,512,1959,3.826172
2780,512,2041,3.986328
2781,512,2000,3.906250
2782,512,2042,3.988281
2783,512,2083,4.068359
2784,512,2042,3.988281
2785,512,2042,3.988281
2786,512,2000,3.906250
2787,512,2041,3.986328
2788,512,1959,3.826172
2789,512,2000,3.906250
2790,512,2000,3.906250
2791,512,2084,4.070312
2792,512,2000,3.906250
2793,512,2000,3.906250
2794,512,2042,3.988281
2795,512,2083,4.068359
2796,512,2000,3.906250
2797,512,1958,3.824219
2798,512,2000,3.906250
2799,512,2042,3.988281
2800,512,2042,3.988281
2801,512,1959,3.826172
2802,512,2083,4.068359
2803,512,2042,3.988281
2804,512,1959,3.826172
2805,512,2041,3.986328
2806,512,1959,3.826172
2807,512,2000,3.906250
2808,512,2041,3.986328
2809,512,2042,3.988281
2810,512,2083,4.068359
2811,512,2042,3.988281
2812,512,2042,3.988281
2813,512,2042,3.988281
2814,512,2042,3.988281
2815,512,2042,3.988281
2816,512,2083,4.068359
2817,512,1959,3.826172
2818,512,2000,3.906250
2819,512,2000,3.906250
2820,512,2000,3.906250
2821,512,2083,4.068359
2822,512,2042,3.988281
2823,512,2083,4.068359
2824,512,2042,3.988281
2825,512,2000,3.906250
2826,512,2042,3.988281
2827,512,2000,3.906250
2828,512,2083,4.068359
2829,512,2083,4.068359
2830,512,2042,3.988281
2831,512,2000,3.906250
2832,512,2042,3.988281
2833,512,2042,3.988281
2834,512,2041,3.986328
2835,512,2000,3.906250
2836,512,2000,3.906250
2837,512,2042,3.988281
2838,512,2083,4.068359
2839,512,2042,3.988281
2840,512,1958,3.824219
2841,512,1875,3.662109
2842,512,2083,4.068359
2843,512,2000,3.906250
2844,512,1958,3.824219
2845,512,1958,3.824219
2846,512,2083,4.068359
2847,512,2041,3.986328
2848,512,2042,3.988281
2849,512,2042,3.988281
2850,512,2042,3.988281
2851,512,2125,4.150391
2852,512,2041,3.986328
2853,512,1917,3.744141
2854,512,2083,4.068359
2855,512,2042,3.988281
2856,512,2083,4.068359
2857,512,2000,3.906250
2858,512,2042,3.988281
2859,512,2083,4.068359
2860,512,2042,3.988281
2861,512,2042,3.988281
2862,512,2000,3.906250
2863,512,2042,3.988281
2864,512,1958,3.824219
2865,512,2125,4.150391
2866,512,1917,3.744141
2867,512,2083,4.068359
2868,512,2083,4.068359
2869,512,2000,3.906250
2870,512,1875,3.662109
2871,512,2041,3.986328
2872,512,2042,3.988281
2873,512,1958,3.824219
2874,512,2000,3.906250
2875,512,2083,4.068359
2876,512,2000,3.906250
2877,512,2041,3.986328
2878,512,2000,3.906250
2879,512,1959,3.826172
2880,512,2000,3.906250
2881,512,2000,3.906250
2882,512,2167,4.232422
2883,512,2041,3.986328
2884,512,2000,3.906250
2885,512,2042,3.988281
2886,512,2125,4.150391
2887,512,1917,3.744141
2888,512,1958,3.824219
2889,512,2083,4.068359
2890,512,2167,4.232422
2891,512,2000,3.906250
2892,512,2000,3.906250
2893,512,2000,3.906250
2894,512,2208,4.312500
2895,512,2667,5.208984
2896,512,2709,5.291016
2897,512,2541,4.962891
2898,512,2584,5.046875
2899,512,2500,4.882812
2900,512,2625,5.126953
2901,512,2500,4.882812
2902,512,2167,4.232422
2903,512,1958,3.824219
2904,512,2041,3.986328
2905,512,2000,3.906250
2906,512,2083,4.068359
2907,512,2208,4.312500
2908,512,2125,4.150391
2909,512,2042,3.988281
2910,512,2000,3.906250
2911,512,2000,3.906250
2912,512,2125,4.150391
2913,512,2000,3.906250
2914,512,2125,4.150391
2915,512,2084,4.070312
2916,512,2041,3.986328
2917,512,1959,3.826172
2918,512,2084,4.070312
2919,512,1917,3.744141
2920,512,2000,3.906250
2921,512,2042,3.988281
2922,512,2000,3.906250
2923,512,2000,3.906250
2924,512,2041,3.986328
2925,512,1959,3.826172
2926,512,1917,3.744141
2927,512,2083,4.068359
2928,512,2000,3.906250
2929,512,2000,3.906250
2930,512,2084,4.070312
2931,512,1959,3.826172
2932,512,2041,3.986328
2933,512,2125,4.150391
2934,512,1917,3.744141
2935,512,2084,4.070312
2936,512,2000,3.906250
2937,512,2000,3.906250
2938,512,2084,4.070312
2939,512,2000,3.906250
2940,512,2000,3.906250
2941,512,2000,3.906250
2942,512,2041,3.986328
2943,512,2000,3.906250
2944,512,2125,4.150391
2945,512,2000,3.906250
2946,512,2000,3.906250
2947,512,1958,3.824219
2948,512,2041,3.986328
2949,512,2000,3.906250
2950,512,2042,3.988281
2951,512,1958,3.824219
2952,512,2000,3.906250
2953,512,1959,3.826172
2954,512,1958,3.824219
2955,512,2000,3.906250
2956,512,2041,3.986328
2957,512,2042,3.988281
2958,512,1958,3.824219
2959,512,2125,4.150391
2960,512,2042,3.988281
2961,512,2000,3.906250
2962,512,2000,3.906250
2963,512,1959,3.826172
2964,512,1958,3.824219
2965,512,1917,3.744141
2966,512,2041,3.986328
2967,512,2125,4.150391
2968,512,1959,3.826172
2969,512,2083,4.068359
2970,512,2042,3.988281
2971,512,1959,3.826172
2972,512,1958,3.824219
2973,512,2000,3.906250
2974,512,2041,3.986328
2975,512,2042,3.988281
2976,512,2000,3.906250
2977,512,2041,3.986328
2978,512,1959,3.826172
2979,512,2041,3.986328
2980,512,2083,4.068359
2981,512,2084,4.070312
2982,512,2000,3.906250
2983,512,2000,3.906250
2984,512,2042,3.988281
2985,512,1958,3.824219
2986,512,2083,4.068359
2987,512,2000,3.906250
2988,512,2000,3.906250
2989,512,2042,3.988281
2990,512,2041,3.986328
2991,512,2084,4.070312
2992,512,2041,3.986328
2993,512,2084,4.070312
2994,512,2041,3.986328
2995,512,2000,3.906250
2996,512,2084,4.070312
2997,512,2041,3.986328
2998,512,2000,3.906250
2999,512,2042,3.988281
3000,512,2166,4.230469
3001,512,2000,3.906250
3002,512,1958,3.824219
3003,512,2042,3.988281
3004,512,2000,3.906250
3005,512,1958,3.824219
3006,512,1958,3.824219
3007,512,2000,3.906250
3008,512,2000,3.906250
3009,512,2167,4.232422
3010,512,2041,3.986328
3011,512,2000,3.906250
3012,512,1959,3.826172
3013,512,1959,3.826172
3014,512,2041,3.986328
3015,512,2083,4.068359
3016,512,2000,3.906250
3017,512,2042,3.988281
3018,512,2041,3.986328
3019,512,2000,3.906250
3020,512,2000,3.906250
3021,512,2084,4.070312
3022,512,2041,3.986328
3023,512,2000,3.906250
3024,512,2041,3.986328
3025,512,2125,4.150391
3026,512,2000,3.906250
3027,512,1959,3.826172
3028,512,2042,3.988281
3029,512,2042,3.988281
3030,512,2000,3.906250
3031,512,2000,3.906250
3032,512,2042,3.988281
3033,512,2042,3.988281
3034,512,2083,4.068359
3035,512,2083,4.068359
3036,512,2042,3.988281
3037,512,2166,4.230469
3038,512,2042,3.988281
3039,512,2000,3.906250
3040,512,2125,4.150391
3041,512,2000,3.906250
3042,512,2000,3.906250
3043,512,2042,3.988281
3044,512,2042,3.988281
3045,512,1958,3.824219
3046,512,2000,3.906250
3047,512,1917,3.744141
3048,512,2083,4.068359
3049,512,1916,3.742188
3050,512,2000,3.906250
3051,512,1875,3.662109
3052,512,2000,3.906250
3053,512,2041,3.986328
3054,512,2000,3.906250
3055,512,2000,3.906250
3056,512,1959,3.826172
3057,512,2000,3.906250
3058,512,2000,3.906250
3059,512,1959,3.826172
3060,512,2083,4.068359
3061,512,2042,3.988281
3062,512,2042,3.988281
3063,512,2083,4.068359
3064,512,2042,3.988281
3065,512,2041,3.986328
3066,512,2083,4.068359
3067,512,2084,4.070312
3068,512,2000,3.906250
3069,512,1959,3.826172
3070,512,2041,3.986328
3071,512,2042,3.988281
3072,512,2083,4.068359
3073,512,2083,4.068359
3074,512,2041,3.986328
3075,512,1958,3.824219
3076,512,2125,4.150391
3077,512,2125,4.150391
3078,512,2000,3.906250
3079,512,2083,4.068359
3080,512,2042,3.988281
3081,512,2125,4.150391
3082,512,2042,3.988281
3083,512,2000,3.906250
3084,512,1958,3.824219
3085,512,1958,3.824219
3086,512,1958,3.824219
3087,512,2000,3.906250
3088,512,2000,3.906250
3089,512,1917,3.744141
3090,512,1875,3.662109
3091,512,2000,3.906250
3092,512,1958,3.824219
3093,512,2000,3.906250
3094,512,2000,3.906250
3095,512,2000,3.906250
3096,512,2000,3.906250
3097,512,1958,3.824219
3098,512,2000,3.906250
3099,512,2000,3.906250
3100,512,2000,3.906250
3101,512,2042,3.988281
3102,512,1958,3.824219
3103,512,2042,3.988281
3104,512,2000,3.906250
3105,512,2042,3.988281
3106,512,2042,3.988281
3107,512,1916,3.742188
3108,512,1958,3.824219
3109,512,2000,3.906250
3110,512,2000,3.906250
3111,512,2083,4.068359
3112,512,2042,3.988281
3113,512,2042,3.988281
3114,512,1958,3.824219
3115,512,1958,3.824219
3116,512,1917,3.744141
3117,512,2083,4.068359
3118,512,1958,3.824219
3119,512,2083,4.068359
3120,512,2042,3.988281
3121,512,2000,3.906250
3122,512,2083,4.068359
3123,512,2000,3.906250
3124,512,2083,4.068359
3125,512,1958,3.824219
3126,512,2000,3.906250
3127,512,2000,3.906250
3128,512,2041,3.986328
3129,512,2042,3.988281
3130,512,2041,3.986328
3131,512,2125,4.150391
3132,512,2042,3.988281
3133,512,2000,3.906250
3134,512,2084,4.070312
3135,512,2000,3.906250
3136,512,1958,3.824219
3137,512,1958,3.824219
3138,512,2041,3.986328
3139,512,2000,3.906250
3140,512,2084,4.070312
3141,512,2041,3.986328
3142,512,1958,3.824219
3143,512,2000,3.906250
3144,512,2083,4.068359
3145,512,2125,4.150391
3146,512,2042,3.988281
3147,512,2042,3.988281
3148,512,2042,3.988281
3149,512,2125,4.150391
3150,512,2000,3.906250
3151,512,2000,3.906250
3152,512,2084,4.070312
3153,512,2125,4.150391
3154,512,2041,3.986328
3155,512,2084,4.070312
3156,512,2083,4.068359
3157,512,2083,4.068359
3158,512,2042,3.988281
3159,512,2041,3.986328
3160,512,2042,3.988281
3161,512,2083,4.068359
3162,512,2042,3.988281
3163,512,1916,3.742188
3164,512,1958,3.824219
3165,512,2000,3.906250
3166,512,2042,3.988281
3167,512,2042,3.988281
3168,512,2125,4.150391
3169,512,2083,4.068359
3170,512,2042,3.988281
3171,512,1958,3.824219
3172,512,2000,3.906250
3173,512,2042,3.988281
3174,512,2041,3.986328
3175,512,1917,3.744141
3176,512,2000,3.906250
3177,512,2083,4.068359
3178,512,2041,3.986328
3179,512,2042,3.988281
3180,512,1958,3.824219
3181,512,2000,3.906250
3182,512,2083,4.068359
3183,512,2084,4.070312
3184,512,2000,3.906250
3185,512,2083,4.068359
3186,512,2042,3.988281
3187,512,1959,3.826172
3188,512,2041,3.986328
3189,512,1917,3.744141
3190,512,2000,3.906250
3191,512,2084,4.070312
3192,512,2041,3.986328
3193,512,2000,3.906250
3194,512,2125,4.150391
3195,512,2167,4.232422
3196,512,2000,3.906250
3197,512,2000,3.906250
3198,512,2000,3.906250
3199,512,2041,3.986328
3200,512,2209,4.314453
3201,512,1959,3.826172
3202,512,1959,3.826172
3203,512,1958,3.824219
3204,512,1958,3.824219
3205,512,1958,3.824219
3206,512,2042,3.988281
3207,512,2041,3.986328
3208,512,1959,3.826172
3209,512,2042,3.988281
3210,512,2000,3.906250
3211,512,2041,3.986328
3212,512,2042,3.988281
3213,512,2000,3.906250
3214,512,1916,3.742188
3215,512,2000,3.906250
3216,512,2084,4.070312
3217,512,2042,3.988281
3218,512,2083,4.068359
3219,512,2000,3.906250
3220,512,1958,3.824219
3221,512,1958,3.824219
3222,512,2167,4.232422
3223,512,2208,4.312500
3224,512,2000,3.906250
3225,512,2209,4.314453
3226,512,2125,4.150391
3227,512,2042,3.988281
3228,512,2000,3.906250
3229,512,2083,4.068359
3230,512,2000,3.906250
3231,512,2000,3.906250
3232,512,1917,3.744141
3233,512,1959,3.826172
3234,512,1958,3.824219
3235,512,2000,3.906250
3236,512,2208,4.312500
3237,512,2041,3.986328
3238,512,2167,4.232422
3239,512,2125,4.150391
3240,512,2041,3.986328
3241,512,2000,3.906250
3242,512,2000,3.906250
3243,512,2000,3.906250
3244,512,2000,3.906250
3245,512,1917,3.744141
3246,512,2042,3.988281
3247,512,1958,3.824219
3248,512,2125,4.150391
3249,512,1959,3.826172
3250,512,2000,3.906250
3251,512,2041,3.986328
3252,512,2000,3.906250
3253,512,2083,4.068359
3254,512,2167,4.232422
3255,512,1917,3.744141
3256,512,2125,4.150391
3257,512,2167,4.232422
3258,512,1875,3.662109
3259,512,1959,3.826172
3260,512,2083,4.068359
3261,512,2000,3.906250
3262,512,1958,3.824219
3263,512,2167,4.232422
3264,512,2000,3.906250
3265,512,2000,3.906250
3266,512,2000,3.906250
3267,512,1958,3.824219
3268,512,2000,3.906250
3269,512,1958,3.824219
3270,512,2042,3.988281
3271,512,2083,4.068359
3272,512,2042,3.988281
3273,512,2000,3.906250
3274,512,2000,3.906250
3275,512,2042,3.988281
3276,512,2000,3.906250
3277,512,2042,3.988281
3278,512,2000,3.906250
3279,512,2042,3.988281
3280,512,2042,3.988281
3281,512,2041,3.986328
3282,512,2042,3.988281
3283,512,2083,4.068359
3284,512,2042,3.988281
3285,512,2000,3.906250
3286,512,2042,3.988281
3287,512,1959,3.826172
3288,512,1959,3.826172
3289,512,1959,3.826172
3290,512,2041,3.986328
3291,512,2000,3.906250
3292,512,2042,3.988281
3293,512,2041,3.986328
3294,512,2042,3.988281
3295,512,2000,3.906250
3296,512,2083,4.068359
3297,512,2000,3.906250
3298,512,1958,3.824219
3299,512,2000,3.906250
3300,512,2000,3.906250
3301,512,1958,3.824219
3302,512,2000,3.906250
3303,512,2083,4.068359
3304,512,2125,4.150391
3305,512,1958,3.824219
3306,512,2125,4.150391
3307,512,2083,4.068359
3308,512,2042,3.988281
3309,512,2000,3.906250
3310,512,2125,4.150391
3311,512,2125,4.150391
3312,512,2083,4.068359
3313,512,2042,3.988281
3314,512,2125,4.150391
3315,512,2000,3.906250
3316,512,2042,3.988281
3317,512,2083,4.068359
3318,512,2125,4.150391
3319,512,2042,3.988281
3320,512,2083,4.068359
3321,512,2042,3.988281
3322,512,2083,4.068359
3323,512,2042,3.988281
3324,512,2041,3.986328
3325,512,2042,3.988281
3326,512,2000,3.906250
3327,512,2042,3.988281
3328,512,2125,4.150391
3329,512,2000,3.906250
3330,512,2042,3.988281
3331,512,2041,3.986328
3332,512,2000,3.906250
3333,512,2000,3.906250
3334,512,2042,3.988281
3335,512,2000,3.906250
3336,512,1958,3.824219
3337,512,1958,3.824219
3338,512,2000,3.906250
3339,512,1958,3.824219
3340,512,2084,4.070312
3341,512,2083,4.068359
3342,512,2042,3.988281
3343,512,2084,4.070312
3344,512,2083,4.068359
3345,512,2083,4.068359
3346,512,2125,4.150391
3347,512,2042,3.988281
3348,512,2000,3.906250
3349,512,2000,3.906250
3350,512,2042,3.988281
3351,512,2042,3.988281
3352,512,1958,3.824219
3353,512,1958,3.824219
3354,512,2041,3.986328
3355,512,2125,4.150391
3356,512,2000,3.906250
3357,512,2125,4.150391
3358,512,2000,3.906250
3359,512,2166,4.230469
3360,512,2084,4.070312
3361,512,2125,4.150391
3362,512,2084,4.070312
3363,512,2000,3.906250
3364,512,2042,3.988281
3365,512,2083,4.068359
3366,512,1916,3.742188
3367,512,2042,3.988281
3368,512,2042,3.988281
3369,512,2084,4.070312
3370,512,1958,3.824219
3371,512,2041,3.986328
3372,512,2042,3.988281
3373,512,2000,3.906250
3374,512,1958,3.824219
3375,512,2125,4.150391
3376,512,2042,3.988281
3377,512,2041,3.986328
3378,512,2084,4.070312
3379,512,2041,3.986328
3380,512,1959,3.826172
3381,512,2041,3.986328
3382,512,2042,3.988281
3383,512,2041,3.986328
3384,512,2042,3.988281
3385,512,2042,3.988281
3386,512,2041,3.986328
3387,512,1958,3.824219
3388,512,2042,3.988281
3389,512,2042,3.988281
3390,512,2083,4.068359
3391,512,2042,3.988281
3392,512,2041,3.986328
3393,512,2042,3.988281
3394,512,2000,3.906250
3395,512,2042,3.988281
3396,512,1958,3.824219
3397,512,2083,4.068359
3398,512,2000,3.906250
3399,512,2042,3.988281
3400,512,2083,4.068359
3401,512,2125,4.150391
3402,512,2000,3.906250
3403,512,1917,3.744141
3404,512,2000,3.906250
3405,512,2000,3.906250
3406,512,2083,4.068359
3407,512,1916,3.742188
3408,512,1917,3.744141
3409,512,2000,3.906250
3410,512,1958,3.824219
3411,512,2042,3.988281
3412,512,2041,3.986328
3413,512,2084,4.070312
3414,512,2083,4.068359
3415,512,2083,4.068359
3416,512,2000,3.906250
3417,512,1958,3.824219
3418,512,2000,3.906250
3419,512,2042,3.988281
3420,512,1917,3.744141
3421,512,2041,3.986328
3422,512,1958,3.824219
3423,512,1917,3.744141
3424,512,1959,3.826172
3425,512,2041,3.986328
3426,512,1959,3.826172
3427,512,2125,4.150391
3428,512,2000,3.906250
3429,512,2084,4.070312
3430,512,2000,3.906250
3431,512,2000,3.906250
3432,512,2000,3.906250
3433,512,2042,3.988281
3434,512,1958,3.824219
3435,512,2083,4.068359
3436,512,1958,3.824219
3437,512,2042,3.988281
3438,512,2083,4.068359
3439,512,2000,3.906250
3440,512,2000,3.906250
3441,512,1958,3.824219
3442,512,2042,3.988281
3443,512,1958,3.824219
3444,512,2041,3.986328
3445,512,2125,4.150391
3446,512,2042,3.988281
3447,512,2083,4.068359
3448,512,1916,3.742188
3449,512,1917,3.744141
3450,512,2041,3.986328
3451,512,1917,3.744141
3452,512,2000,3.906250
3453,512,1958,3.824219
3454,512,2000,3.906250
3455,512,2000,3.906250
3456,512,2208,4.312500
3457,512,2042,3.988281
3458,512,2000,3.906250
3459,512,1959,3.826172
3460,512,2000,3.906250
3461,512,2000,3.906250
3462,512,2042,3.988281
3463,512,2000,3.906250
3464,512,2000,3.906250
3465,512,1959,3.826172
3466,512,2000,3.906250
3467,512,1917,3.744141
3468,512,2083,4.068359
3469,512,1875,3.662109
3470,512,2083,4.068359
3471,512,2041,3.986328
3472,512,2000,3.906250
3473,512,2000,3.906250
3474,512,2042,3.988281
3475,512,2084,4.070312
3476,512,2000,3.906250
3477,512,2000,3.906250
3478,512,2084,4.070312
3479,512,2084,4.070312
3480,512,2166,4.230469
3481,512,2042,3.988281
3482,512,2000,3.906250
3483,512,2083,4.068359
3484,512,2167,4.232422
3485,512,1958,3.824219
3486,512,2042,3.988281
3487,512,2041,3.986328
3488,512,2083,4.068359
3489,512,2000,3.906250
3490,512,1958,3.824219
3491,512,1917,3.744141
3492,512,1958,3.824219
3493,512,2041,3.986328
3494,512,1959,3.826172
3495,512,2000,3.906250
3496,512,1958,3.824219
3497,512,2000,3.906250
3498,512,2041,3.986328
3499,512,2042,3.988281
3500,512,2041,3.986328
3501,512,2083,4.068359
3502,512,2042,3.988281
3503,512,1958,3.824219
3504,512,2042,3.988281
3505,512,2041,3.986328
3506,512,2125,4.150391
3507,512,2042,3.988281
3508,512,2042,3.988281
3509,512,2041,3.986328
3510,512,2000,3.906250
3511,512,2042,3.988281
3512,512,2166,4.230469
3513,512,2042,3.988281
3514,512,2083,4.068359
3515,512,2041,3.986328
3516,512,2042,3.988281
3517,512,2000,3.906250
3518,512,2125,4.150391
3519,512,2500,4.882812
3520,512,2709,5.291016
3521,512,2500,4.882812
3522,512,2584,5.046875
3523,512,2583,5.044922
3524,512,2583,5.044922
3525,512,2459,4.802734
3526,512,2083,4.068359
3527,512,2041,3.986328
3528,512,2000,3.906250
3529,512,2125,4.150391
3530,512,2084,4.070312
3531,512,2041,3.986328
3532,512,2000,3.906250
3533,512,2083,4.068359
3534,512,2125,4.150391
3535,512,2042,3.988281
3536,512,2083,4.068359
3537,512,2042,3.988281
3538,512,2041,3.986328
3539,512,2042,3.988281
3540,512,2083,4.068359
3541,512,2167,4.232422
3542,512,2125,4.150391
3543,512,2041,3.986328
3544,512,2000,3.906250
3545,512,2083,4.068359
3546,512,2083,4.068359
3547,512,2209,4.314453
3548,512,2166,4.230469
3549,512,2292,4.476562
3550,512,2250,4.394531
3551,512,2167,4.232422
3552,512,2125,4.150391
3553,512,2000,3.906250
3554,512,2000,3.906250
3555,512,2083,4.068359
3556,512,2000,3.906250
3557,512,2042,3.988281
3558,512,2250,4.394531
3559,512,1916,3.742188
3560,512,2000,3.906250
3561,512,2042,3.988281
3562,512,2042,3.988281
3563,512,2042,3.988281
3564,512,2125,4.150391
3565,512,2000,3.906250
3566,512,2000,3.906250
3567,512,2125,4.150391
3568,512,2041,3.986328
3569,512,2084,4.070312
3570,512,2083,4.068359
3571,512,2000,3.906250
3572,512,2125,4.150391
3573,512,2500,4.882812
3574,512,2750,5.371094
3575,512,2500,4.882812
3576,512,2542,4.964844
3577,512,2625,5.126953
3578,512,2625,5.126953
3579,512,2500,4.882812
3580,512,2166,4.230469
3581,512,2042,3.988281
3582,512,2041,3.986328
3583,512,2084,4.070312
3584,512,2041,3.986328
3585,512,2000,3.906250
3586,512,2125,4.150391
3587,512,2125,4.150391
3588,512,2042,3.988281
3589,512,2125,4.150391
3590,512,2041,3.986328
3591,512,2125,4.150391
3592,512,2084,4.070312
3593,512,2083,4.068359
3594,512,2083,4.068359
3595,512,2084,4.070312
3596,512,2084,4.070312
3597,512,2125,4.150391
3598,512,2042,3.988281
3599,512,2083,4.068359
3600,512,2125,4.150391
3601,512,2084,4.070312
3602,512,2083,4.068359
3603,512,2000,3.906250
3604,512,2042,3.988281
3605,512,2000,3.906250
3606,512,2250,4.394531
3607,512,2041,3.986328
3608,512,1958,3.824219
3609,512,2084,4.070312
3610,512,2125,4.150391
3611,512,2042,3.988281
3612,512,2041,3.986328
3613,512,2000,3.906250
3614,512,2083,4.068359
3615,512,2125,4.150391
3616,512,2083,4.068359
3617,512,2084,4.070312
3618,512,2083,4.068359
3619,512,2041,3.986328
3620,512,2042,3.988281
3621,512,2042,3.988281
3622,512,2083,4.068359
3623,512,2041,3.986328
3624,512,2083,4.068359
3625,512,2167,4.232422
3626,512,2084,4.070312
3627,512,2041,3.986328
3628,512,2042,3.988281
3629,512,2125,4.150391
3630,512,2083,4.068359
3631,512,2166,4.230469
3632,512,2042,3.988281
3633,512,2083,4.068359
3634,512,2000,3.906250
3635,512,2000,3.906250
3636,512,2042,3.988281
3637,512,2083,4.068359
3638,512,2542,4.964844
3639,512,2709,5.291016
3640,512,2542,4.964844
3641,512,2666,5.207031
3642,512,2709,5.291016
3643,512,2750,5.371094
3644,512,2667,5.208984
3645,512,2250,4.394531
3646,512,2125,4.150391
3647,512,2083,4.068359
3648,512,2166,4.230469
3649,512,2083,4.068359
3650,512,2209,4.314453
3651,512,2084,4.070312
3652,512,2083,4.068359
3653,512,2000,3.906250
3654,512,2291,4.474609
3655,512,2083,4.068359
3656,512,2375,4.638672
3657,512,2125,4.150391
3658,512,2042,3.988281
3659,512,2042,3.988281
3660,512,2083,4.068359
3661,512,2042,3.988281
3662,512,2125,4.150391
3663,512,2000,3.906250
3664,512,2125,4.150391
3665,512,2250,4.394531
3666,512,2041,3.986328
3667,512,2042,3.988281
3668,512,2000,3.906250
3669,512,2000,3.906250
3670,512,2084,4.070312
3671,512,2166,4.230469
3672,512,2084,4.070312
3673,512,2000,3.906250
3674,512,2042,3.988281
3675,512,2083,4.068359
3676,512,2084,4.070312
3677,512,2083,4.068359
3678,512,1958,3.824219
3679,512,2000,3.906250
3680,512,2042,3.988281
3681,512,1959,3.826172
3682,512,1959,3.826172
3683,512,2042,3.988281
3684,512,2000,3.906250
3685,512,2000,3.906250
3686,512,2000,3.906250
3687,512,2167,4.232422
3688,512,2000,3.906250
3689,512,2000,3.906250
3690,512,1959,3.826172
3691,512,2041,3.986328
3692,512,1958,3.824219
3693,512,2084,4.070312
3694,512,2000,3.906250
3695,512,1959,3.826172
3696,512,1959,3.826172
3697,512,2041,3.986328
3698,512,2000,3.906250
3699,512,2042,3.988281
3700,512,2084,4.070312
3701,512,2041,3.986328
3702,512,1959,3.826172
3703,512,2000,3.906250
3704,512,2000,3.906250
3705,512,1916,3.742188
3706,512,1958,3.824219
3707,512,2000,3.906250
3708,512,1958,3.824219
3709,512,2042,3.988281
3710,512,1917,3.744141
3711,512,2084,4.070312
3712,512,2166,4.230469
3713,512,2042,3.988281
3714,512,1958,3.824219
3715,512,1959,3.826172
3716,512,1958,3.824219
3717,512,1916,3.742188
3718,512,2000,3.906250
3719,512,1958,3.824219
3720,512,1958,3.824219
3721,512,2042,3.988281
3722,512,2083,4.068359
3723,512,2042,3.988281
3724,512,2000,3.906250
3725,512,2000,3.906250
3726,512,2042,3.988281
3727,512,1958,3.824219
3728,512,2042,3.988281
3729,512,2041,3.986328
3730,512,2000,3.906250
3731,512,1958,3.824219
3732,512,1958,3.824219
3733,512,1958,3.824219
3734,512,1916,3.742188
3735,512,2000,3.906250
3736,512,2000,3.906250
3737,512,2000,3.906250
3738,512,2000,3.906250
3739,512,2125,4.150391
3740,512,1917,3.744141
3741,512,1958,3.824219
3742,512,1916,3.742188
3743,512,2083,4.068359
3744,512,1959,3.826172
3745,512,2042,3.988281
3746,512,2000,3.906250
3747,512,1958,3.824219
3748,512,1916,3.742188
3749,512,2167,4.232422
3750,512,2083,4.068359
3751,512,1959,3.826172
3752,512,2041,3.986328
3753,512,2000,3.906250
3754,512,2000,3.906250
3755,512,2125,4.150391
3756,512,2083,4.068359
3757,512,2042,3.988281
3758,512,1958,3.824219
3759,512,1959,3.826172
3760,512,2000,3.906250
3761,512,2084,4.070312
3762,512,2125,4.150391
3763,512,1917,3.744141
3764,512,2000,3.906250
3765,512,2000,3.906250
3766,512,2083,4.068359
3767,512,1917,3.744141
3768,512,2084,4.070312
3769,512,2000,3.906250
3770,512,2084,4.070312
3771,512,1959,3.826172
3772,512,1916,3.742188
3773,512,2000,3.906250
3774,512,2125,4.150391
3775,512,2292,4.476562
3776,512,2083,4.068359
3777,512,2167,4.232422
3778,512,1916,3.742188
3779,512,2042,3.988281
3780,512,2000,3.906250
3781,512,2041,3.986328
3782,512,2167,4.232422
3783,512,1958,3.824219
3784,512,2083,4.068359
3785,512,2000,3.906250
3786,512,1917,3.744141
3787,512,2041,3.986328
3788,512,2000,3.906250
3789,512,2125,4.150391
3790,512,2000,3.906250
3791,512,2041,3.986328
3792,512,2042,3.988281
3793,512,1959,3.826172
3794,512,2084,4.070312
3795,512,2041,3.986328
3796,512,2042,3.988281
3797,512,2125,4.150391
3798,512,1958,3.824219
3799,512,2125,4.150391
3800,512,1958,3.824219
3801,512,2000,3.906250
3802,512,1958,3.824219
3803,512,2042,3.988281
3804,512,2041,3.986328
3805,512,1958,3.824219
3806,512,2042,3.988281
3807,512,2000,3.906250
3808,512,2000,3.906250
3809,512,1958,3.824219
3810,512,2083,4.068359
3811,512,2041,3.986328
3812,512,2084,4.070312
3813,512,2000,3.906250
3814,512,2042,3.988281
3815,512,2042,3.988281
3816,512,2041,3.986328
3817,512,2000,3.906250
3818,512,2083,4.068359
3819,512,2042,3.988281
3820,512,1958,3.824219
3821,512,2042,3.988281
3822,512,2041,3.986328
3823,512,2000,3.906250
3824,512,2042,3.988281
3825,512,2125,4.150391
3826,512,2084,4.070312
3827,512,2042,3.988281
3828,512,2083,4.068359
3829,512,2000,3.906250
3830,512,2125,4.150391
3831,512,1875,3.662109
3832,512,1959,3.826172
3833,512,2000,3.906250
3834,512,2000,3.906250
3835,512,2000,3.906250
3836,512,2125,4.150391
3837,512,2042,3.988281
3838,512,2167,4.232422
3839,512,2000,3.906250
3840,512,2125,4.150391
3841,512,2000,3.906250
3842,512,2042,3.988281
3843,512,2125,4.150391
3844,512,2125,4.150391
3845,512,2000,3.906250
3846,512,2125,4.150391
3847,512,2042,3.988281
3848,512,2000,3.906250
3849,512,2167,4.232422
3850,512,2166,4.230469
3851,512,1917,3.744141
3852,512,1916,3.742188
3853,512,2042,3.988281
3854,512,2042,3.988281
3855,512,2041,3.986328
3856,512,2083,4.068359
3857,512,2042,3.988281
3858,512,1875,3.662109
3859,512,2000,3.906250
3860,512,2000,3.906250
3861,512,2041,3.986328
3862,512,2000,3.906250
3863,512,2000,3.906250
3864,512,1958,3.824219
3865,512,2042,3.988281
3866,512,2000,3.906250
3867,512,2041,3.986328
3868,512,2084,4.070312
3869,512,2000,3.906250
3870,512,2000,3.906250
3871,512,1959,3.826172
3872,512,2083,4.068359
3873,512,2000,3.906250
3874,512,2042,3.988281
3875,512,1916,3.742188
3876,512,2042,3.988281
3877,512,1958,3.824219
3878,512,2125,4.150391
3879,512,2042,3.988281
3880,512,2000,3.906250
3881,512,2000,3.906250
3882,512,2042,3.988281
3883,512,2000,3.906250
3884,512,2042,3.988281
3885,512,2083,4.068359
3886,512,1958,3.824219
3887,512,1958,3.824219
3888,512,2083,4.068359
3889,512,2084,4.070312
3890,512,2000,3.906250
3891,512,2084,4.070312
3892,512,2083,4.068359
3893,512,2000,3.906250
3894,512,2000,3.906250
3895,512,2000,3.906250
3896,512,2041,3.986328
3897,512,2000,3.906250
3898,512,2000,3.906250
3899,512,2042,3.988281
3900,512,1958,3.824219
3901,512,1916,3.742188
3902,512,2084,4.070312
3903,512,2125,4.150391
3904,512,2041,3.986328
3905,512,2125,4.150391
3906,512,2084,4.070312
3907,512,2041,3.986328
3908,512,2167,4.232422
3909,512,1958,3.824219
3910,512,2084,4.070312
3911,512,2083,4.068359
3912,512,2083,4.068359
3913,512,1959,3.826172
3914,512,1958,3.824219
3915,512,1958,3.824219
3916,512,2084,4.070312
3917,512,1959,3.826172
3918,512,6542,12.777344
3919,512,2708,5.289062
3920,512,2500,4.882812
3921,512,2625,5.126953
3922,512,2583,5.044922
3923,512,2542,4.964844
3924,512,2583,5.044922
3925,512,2166,4.230469
3926,512,2125,4.150391
3927,512,2000,3.906250
3928,512,2125,4.150391
3929,512,2084,4.070312
3930,512,2084,4.070312
3931,512,2000,3.906250
3932,512,2041,3.986328
3933,512,2083,4.068359
3934,512,2125,4.150391
3935,512,2084,4.070312
3936,512,2000,3.906250
3937,512,2167,4.232422
3938,512,2000,3.906250
3939,512,2042,3.988281
3940,512,2083,4.068359
3941,512,2083,4.068359
3942,512,2083,4.068359
3943,512,2042,3.988281
3944,512,2083,4.068359
3945,512,2333,4.556641
3946,512,2792,5.453125
3947,512,2750,5.371094
3948,512,2625,5.126953
3949,512,2709,5.291016
3950,512,2459,4.802734
3951,512,2834,5.535156
3952,512,2541,4.962891
3953,512,2708,5.289062
3954,512,2708,5.289062
3955,512,2542,4.964844
3956,512,2583,5.044922
3957,512,2792,5.453125
3958,512,2750,5.371094
3959,512,2250,4.394531
3960,512,2084,4.070312
3961,512,2209,4.314453
3962,512,2916,5.695312
3963,512,2792,5.453125
3964,512,2667,5.208984
3965,512,2708,5.289062
3966,512,2667,5.208984
3967,512,2833,5.533203
3968,512,2792,5.453125
3969,512,2792,5.453125
3970,512,2541,4.962891
3971,512,2708,5.289062
3972,512,2833,5.533203
3973,512,2459,4.802734
3974,512,2667,5.208984
3975,512,2625,5.126953
3976,512,2625,5.126953
3977,512,2541,4.962891
3978,512,2583,5.044922
3979,512,2958,5.777344
3980,512,2583,5.044922
3981,512,2917,5.697266
3982,512,2750,5.371094
3983,512,2708,5.289062
3984,512,2709,5.291016
3985,512,2625,5.126953
3986,512,2625,5.126953
3987,512,2709,5.291016
3988,512,2666,5.207031
3989,512,2833,5.533203
3990,512,2584,5.046875
3991,512,2625,5.126953
3992,512,2709,5.291016
3993,512,2709,5.291016
3994,512,2375,4.638672
3995,512,2125,4.150391
3996,512,2250,4.394531
3997,512,2041,3.986328
3998,512,2083,4.068359
3999,512,2167,4.232422
4000,512,2083,4.068359
4001,512,2167,4.232422
4002,512,2166,4.230469
4003,512,2125,4.150391
4004,512,2167,4.232422
4005,512,2125,4.150391
4006,512,2125,4.150391
4007,512,2125,4.150391
4008,512,2125,4.150391
4009,512,2000,3.906250
4010,512,2042,3.988281
4011,512,2041,3.986328
4012,512,2084,4.070312
4013,512,2083,4.068359
4014,512,2167,4.232422
4015,512,2125,4.150391
4016,512,2125,4.150391
4017,512,2125,4.150391
4018,512,2041,3.986328
4019,512,2167,4.232422
4020,512,2208,4.312500
4021,512,2083,4.068359
4022,512,2083,4.068359
4023,512,2208,4.312500
4024,512,2083,4.068359
4025,512,2083,4.068359
4026,512,4000,7.812500
4027,512,2750,5.371094
4028,512,2667,5.208984
4029,512,2708,5.289062
4030,512,2833,5.533203
4031,512,2709,5.291016
4032,512,2167,4.232422
4033,512,2458,4.800781
4034,512,2208,4.312500
4035,512,1958,3.824219
4036,512,2084,4.070312
4037,512,2167,4.232422
4038,512,2041,3.986328
4039,512,2125,4.150391
4040,512,2083,4.068359
4041,512,2042,3.988281
4042,512,2083,4.068359
4043,512,2042,3.988281
4044,512,2084,4.070312
4045,512,2125,4.150391
4046,512,2125,4.150391
4047,512,2250,4.394531
4048,512,2292,4.476562
4049,512,2166,4.230469
4050,512,2000,3.906250
4051,512,2084,4.070312
4052,512,2000,3.906250
4053,512,2125,4.150391
4054,512,2042,3.988281
4055,512,2083,4.068359
4056,512,2042,3.988281
4057,512,2000,3.906250
4058,512,2083,4.068359
4059,512,2125,4.150391
4060,512,2125,4.150391
4061,512,2041,3.986328
4062,512,2083,4.068359
4063,512,2042,3.988281
4064,512,2084,4.070312
4065,512,2208,4.312500
4066,512,2000,3.906250
4067,512,2000,3.906250
4068,512,2083,4.068359
4069,512,2042,3.988281
4070,512,1959,3.826172
4071,512,2041,3.986328
4072,512,1958,3.824219
4073,512,2083,4.068359
4074,512,2042,3.988281
4075,512,2125,4.150391
4076,512,2042,3.988281
4077,512,2083,4.068359
4078,512,2125,4.150391
4079,512,2125,4.150391
4080,512,2042,3.988281
4081,512,2166,4.230469
4082,512,2167,4.232422
4083,512,2167,4.232422
4084,512,2084,4.070312
4085,512,2125,4.150391
4086,512,2000,3.906250
4087,512,2042,3.988281
4088,512,2125,4.150391
4089,512,2083,4.068359
4090,512,2041,3.986328
4091,512,2000,3.906250
4092,512,2166,4.230469
4093,512,2000,3.906250
4094,512,2083,4.068359
4095,512,2000,3.906250
4096,512,1958,3.824219
4097,512,2041,3.986328
4098,512,2083,4.068359
4099,512,2042,3.988281
4100,512,2083,4.068359
4101,512,1959,3.826172
4102,512,2042,3.988281
4103,512,2042,3.988281
4104,512,2083,4.068359
4105,512,2083,4.068359
4106,512,2167,4.232422
4107,512,2041,3.986328
4108,512,2000,3.906250
4109,512,2083,4.068359
4110,512,2042,3.988281
4111,512,2166,4.230469
4112,512,2084,4.070312
4113,512,2166,4.230469
4114,512,2125,4.150391
4115,512,2083,4.068359
4116,512,2000,3.906250
4117,512,2042,3.988281
4118,512,2041,3.986328
4119,512,2042,3.988281
4120,512,2000,3.906250
4121,512,2000,3.906250
4122,512,2083,4.068359
4123,512,2084,4.070312
4124,512,2125,4.150391
4125,512,1959,3.826172
4126,512,2125,4.150391
4127,512,2041,3.986328
4128,512,2084,4.070312
4129,512,2042,3.988281
4130,512,2083,4.068359
4131,512,2042,3.988281
4132,512,2042,3.988281
4133,512,2000,3.906250
4134,512,2000,3.906250
4135,512,2083,4.068359
4136,512,2083,4.068359
4137,512,1959,3.826172
4138,512,2042,3.988281
4139,512,2041,3.986328
4140,512,2042,3.988281
4141,512,2084,4.070312
4142,512,1959,3.826172
4143,512,2000,3.906250
4144,512,2083,4.068359
4145,512,2000,3.906250
4146,512,2083,4.068359
4147,512,2125,4.150391
4148,512,2083,4.068359
4149,512,2042,3.988281
4150,512,2000,3.906250
4151,512,2042,3.988281
4152,512,2000,3.906250
4153,512,2041,3.986328
4154,512,2042,3.988281
4155,512,2125,4.150391
4156,512,2125,4.150391
4157,512,2041,3.986328
4158,512,2042,3.988281
4159,512,2083,4.068359
4160,512,2125,4.150391
4161,512,2042,3.988281
4162,512,2084,4.070312
4163,512,2166,4.230469
4164,512,2084,4.070312
4165,512,2125,4.150391
4166,512,2125,4.150391
4167,512,2083,4.068359
4168,512,2042,3.988281
4169,512,2041,3.986328
4170,512,2000,3.906250
4171,512,2083,4.068359
4172,512,2041,3.986328
4173,512,2042,3.988281
4174,512,2000,3.906250
4175,512,2083,4.068359
4176,512,2000,3.906250
4177,512,2000,3.906250
4178,512,2000,3.906250
4179,512,2167,4.232422
4180,512,2000,3.906250
4181,512,2000,3.906250
4182,512,2042,3.988281
4183,512,2125,4.150391
4184,512,2125,4.150391
4185,512,2042,3.988281
4186,512,2083,4.068359
4187,512,2083,4.068359
4188,512,2083,4.068359
4189,512,2042,3.988281
4190,512,2042,3.988281
4191,512,2125,4.150391
4192,512,2083,4.068359
4193,512,2250,4.394531
4194,512,2625,5.126953
4195,512,3542,6.917969
4196,512,2792,5.453125
4197,512,2541,4.962891
4198,512,2750,5.371094
4199,512,2542,4.964844
4200,512,2667,5.208984
4201,512,2583,5.044922
4202,512,2708,5.289062
4203,512,2541,4.962891
4204,512,2709,5.291016
4205,512,2792,5.453125
4206,512,2708,5.289062
4207,512,2333,4.556641
4208,512,2250,4.394531
4209,512,2041,3.986328
4210,512,2125,4.150391
4211,512,2166,4.230469
4212,512,2083,4.068359
4213,512,2042,3.988281
4214,512,2208,4.312500
4215,512,2125,4.150391
4216,512,2125,4.150391
4217,512,4458,8.707031
4218,512,2208,4.312500
4219,512,2250,4.394531
4220,512,2167,4.232422
4221,512,2167,4.232422
4222,512,2042,3.988281
4223,512,2083,4.068359
4224,512,2292,4.476562
4225,512,2125,4.150391
4226,512,2084,4.070312
4227,512,2125,4.150391
4228,512,2125,4.150391
4229,512,2250,4.394531
4230,512,2083,4.068359
4231,512,2209,4.314453
4232,512,2125,4.150391
4233,512,2084,4.070312
4234,512,2166,4.230469
4235,512,2208,4.312500
4236,512,2167,4.232422
4237,512,2292,4.476562
4238,512,2042,3.988281
4239,512,2208,4.312500
4240,512,2125,4.150391
4241,512,2166,4.230469
4242,512,2083,4.068359
4243,512,2208,4.312500
4244,512,2208,4.312500
4245,512,2125,4.150391
4246,512,2083,4.068359
4247,512,2209,4.314453
4248,512,2166,4.230469
4249,512,2125,4.150391
4250,512,2167,4.232422
4251,512,2167,4.232422
4252,512,2167,4.232422
4253,512,2167,4.232422
4254,512,2125,4.150391
4255,512,2084,4.070312
4256,512,2042,3.988281
4257,512,2166,4.230469
4258,512,2167,4.232422
4259,512,2208,4.312500
4260,512,2167,4.232422
4261,512,2083,4.068359
4262,512,2125,4.150391
4263,512,2208,4.312500
4264,512,2208,4.312500
4265,512,2167,4.232422
4266,512,2458,4.800781
4267,512,2625,5.126953
4268,512,2625,5.126953
4269,512,2542,4.964844
4270,512,2708,5.289062
4271,512,2666,5.207031
4272,512,2709,5.291016
4273,512,2666,5.207031
4274,512,2625,5.126953
4275,512,2625,5.126953
4276,512,2542,4.964844
4277,512,2833,5.533203
4278,512,2709,5.291016
4279,512,2291,4.474609
4280,512,2000,3.906250
4281,512,2000,3.906250
4282,512,2166,4.230469
4283,512,2042,3.988281
4284,512,2167,4.232422
4285,512,2041,3.986328
4286,512,2083,4.068359
4287,512,2042,3.988281
4288,512,2000,3.906250
4289,512,2000,3.906250
4290,512,2167,4.232422
4291,512,2083,4.068359
4292,512,1959,3.826172
4293,512,2041,3.986328
4294,512,2042,3.988281
4295,512,2000,3.906250
4296,512,2000,3.906250
4297,512,2041,3.986328
4298,512,2042,3.988281
4299,512,2083,4.068359
4300,512,2042,3.988281
4301,512,2084,4.070312
4302,512,2000,3.906250
4303,512,2041,3.986328
4304,512,2125,4.150391
4305,512,2042,3.988281
4306,512,2042,3.988281
4307,512,2041,3.986328
4308,512,1958,3.824219
4309,512,2000,3.906250
4310,512,2041,3.986328
4311,512,2125,4.150391
4312,512,2042,3.988281
4313,512,1958,3.824219
4314,512,2000,3.906250
4315,512,1917,3.744141
4316,512,2042,3.988281
4317,512,2083,4.068359
4318,512,1958,3.824219
4319,512,2042,3.988281
4320,512,2042,3.988281
4321,512,1916,3.742188
4322,512,1917,3.744141
4323,512,2083,4.068359
4324,512,2042,3.988281
4325,512,2084,4.070312
4326,512,2042,3.988281
4327,512,1958,3.824219
4328,512,2042,3.988281
4329,512,2000,3.906250
4330,512,2125,4.150391
4331,512,2000,3.906250
4332,512,2042,3.988281
4333,512,1916,3.742188
4334,512,2042,3.988281
4335,512,2041,3.986328
4336,512,2084,4.070312
4337,512,1959,3.826172
4338,512,2042,3.988281
4339,512,1917,3.744141
4340,512,2000,3.906250
4341,512,2083,4.068359
4342,512,2042,3.988281
4343,512,2083,4.068359
4344,512,2083,4.068359
4345,512,2000,3.906250
4346,512,2125,4.150391
4347,512,2583,5.044922
4348,512,2708,5.289062
4349,512,2667,5.208984
4350,512,2542,4.964844
4351,512,2625,5.126953
4352,512,2542,4.964844
4353,512,2541,4.962891
4354,512,2917,5.697266
4355,512,2500,4.882812
4356,512,2667,5.208984
4357,512,2666,5.207031
4358,512,2625,5.126953
4359,512,2584,5.046875
4360,512,2584,5.046875
4361,512,2584,5.046875
4362,512,2666,5.207031
4363,512,2542,4.964844
4364,512,2666,5.207031
4365,512,2667,5.208984
4366,512,2750,5.371094
4367,512,2375,4.638672
4368,512,2167,4.232422
4369,512,2083,4.068359
4370,512,2000,3.906250
4371,512,2084,4.070312
4372,512,2084,4.070312
4373,512,2000,3.906250
4374,512,2042,3.988281
4375,512,2042,3.988281
4376,512,2083,4.068359
4377,512,2083,4.068359
4378,512,2125,4.150391
4379,512,2125,4.150391
4380,512,2125,4.150391
4381,512,2000,3.906250
4382,512,2167,4.232422
4383,512,2000,3.906250
4384,512,2041,3.986328
4385,512,2042,3.988281
4386,512,2166,4.230469
4387,512,2000,3.906250
4388,512,2125,4.150391
4389,512,2083,4.068359
4390,512,2209,4.314453
4391,512,2125,4.150391
4392,512,2042,3.988281
4393,512,2417,4.720703
4394,512,2875,5.615234
4395,512,2542,4.964844
4396,512,2500,4.882812
4397,512,2667,5.208984
4398,512,2583,5.044922
4399,512,2666,5.207031
4400,512,2250,4.394531
4401,512,2083,4.068359
4402,512,2167,4.232422
4403,512,2167,4.232422
4404,512,2083,4.068359
4405,512,2167,4.232422
4406,512,2083,4.068359
4407,512,2042,3.988281
4408,512,2083,4.068359
4409,512,2083,4.068359
4410,512,2083,4.068359
4411,512,2083,4.068359
4412,512,2167,4.232422
4413,512,2125,4.150391
4414,512,2083,4.068359
4415,512,2125,4.150391
4416,512,2083,4.068359
4417,512,2125,4.150391
4418,512,2042,3.988281
4419,512,2166,4.230469
4420,512,2167,4.232422
4421,512,2083,4.068359
4422,512,2458,4.800781
4423,512,2167,4.232422
4424,512,2125,4.150391
4425,512,2083,4.068359
4426,512,2042,3.988281
4427,512,2041,3.986328
4428,512,2084,4.070312
4429,512,2084,4.070312
4430,512,2208,4.312500
4431,512,2042,3.988281
4432,512,2125,4.150391
4433,512,2042,3.988281
4434,512,2041,3.986328
4435,512,2042,3.988281
4436,512,2042,3.988281
4437,512,2000,3.906250
4438,512,2083,4.068359
4439,512,2042,3.988281
4440,512,2083,4.068359
4441,512,2125,4.150391
4442,512,1958,3.824219
4443,512,2125,4.150391
4444,512,2041,3.986328
4445,512,2042,3.988281
4446,512,2125,4.150391
4447,512,2083,4.068359
4448,512,2084,4.070312
4449,512,2041,3.986328
4450,512,2042,3.988281
4451,512,2000,3.906250
4452,512,2083,4.068359
4453,512,2083,4.068359
4454,512,2083,4.068359
4455,512,2083,4.068359
4456,512,2042,3.988281
4457,512,2042,3.988281
4458,512,2041,3.986328
4459,512,1958,3.824219
4460,512,2042,3.988281
4461,512,2000,3.906250
4462,512,2125,4.150391
4463,512,2041,3.986328
4464,512,2125,4.150391
4465,512,2042,3.988281
4466,512,2000,3.906250
4467,512,2084,4.070312
4468,512,2125,4.150391
4469,512,2000,3.906250
4470,512,2208,4.312500
4471,512,2084,4.070312
4472,512,2000,3.906250
4473,512,2000,3.906250
4474,512,2166,4.230469
4475,512,2084,4.070312
4476,512,2083,4.068359
4477,512,2083,4.068359
4478,512,2042,3.988281
4479,512,2084,4.070312
4480,512,2250,4.394531
4481,512,2083,4.068359
4482,512,2084,4.070312
4483,512,2000,3.906250
4484,512,2125,4.150391
4485,512,2084,4.070312
4486,512,1916,3.742188
4487,512,2084,4.070312
4488,512,2083,4.068359
4489,512,2083,4.068359
4490,512,2167,4.232422
4491,512,1958,3.824219
4492,512,2167,4.232422
4493,512,2000,3.906250
4494,512,2041,3.986328
4495,512,2084,4.070312
4496,512,2042,3.988281
4497,512,2166,4.230469
4498,512,2084,4.070312
4499,512,2166,4.230469
4500,512,2084,4.070312
4501,512,2125,4.150391
4502,512,2083,4.068359
4503,512,2125,4.150391
4504,512,2042,3.988281
4505,512,2000,3.906250
4506,512,2125,4.150391
4507,512,2083,4.068359
4508,512,2084,4.070312
4509,512,2041,3.986328
4510,512,2209,4.314453
4511,512,2083,4.068359
4512,512,2125,4.150391
4513,512,2000,3.906250
4514,512,2000,3.906250
4515,512,2000,3.906250
4516,512,1958,3.824219
4517,512,1958,3.824219
4518,512,2042,3.988281
4519,512,2000,3.906250
4520,512,2042,3.988281
4521,512,2125,4.150391
4522,512,2000,3.906250
4523,512,2084,4.070312
4524,512,2083,4.068359
4525,512,2167,4.232422
4526,512,1959,3.826172
4527,512,2125,4.150391
4528,512,2125,4.150391
4529,512,2083,4.068359
4530,512,2000,3.906250
4531,512,2167,4.232422
4532,512,2000,3.906250
4533,512,2083,4.068359
4534,512,2125,4.150391
4535,512,1958,3.824219
4536,512,2042,3.988281
4537,512,2083,4.068359
4538,512,2125,4.150391
4539,512,1917,3.744141
4540,512,2041,3.986328
4541,512,2125,4.150391
4542,512,2042,3.988281
4543,512,2042,3.988281
4544,512,2041,3.986328
4545,512,2084,4.070312
4546,512,2083,4.068359
4547,512,2042,3.988281
4548,512,2042,3.988281
4549,512,2000,3.906250
4550,512,2042,3.988281
4551,512,2000,3.906250
4552,512,2166,4.230469
4553,512,2125,4.150391
4554,512,2083,4.068359
4555,512,2083,4.068359
4556,512,2000,3.906250
4557,512,2042,3.988281
4558,512,2125,4.150391
4559,512,2125,4.150391
4560,512,2042,3.988281
4561,512,2000,3.906250
4562,512,2000,3.906250
4563,512,2042,3.988281
4564,512,1958,3.824219
4565,512,2166,4.230469
4566,512,2125,4.150391
4567,512,2209,4.314453
4568,512,1916,3.742188
4569,512,2042,3.988281
4570,512,2000,3.906250
4571,512,2084,4.070312
4572,512,2084,4.070312
4573,512,2042,3.988281
4574,512,2083,4.068359
4575,512,2125,4.150391
4576,512,2083,4.068359
4577,512,2167,4.232422
4578,512,2166,4.230469
4579,512,2084,4.070312
4580,512,2125,4.150391
4581,512,2209,4.314453
4582,512,2125,4.150391
4583,512,2167,4.232422
4584,512,2083,4.068359
4585,512,2000,3.906250
4586,512,2084,4.070312
4587,512,2125,4.150391
4588,512,2083,4.068359
4589,512,2041,3.986328
4590,512,2125,4.150391
4591,512,2125,4.150391
4592,512,2041,3.986328
4593,512,2042,3.988281
4594,512,2083,4.068359
4595,512,2125,4.150391
4596,512,2125,4.150391
4597,512,2041,3.986328
4598,512,2042,3.988281
4599,512,2042,3.988281
4600,512,2083,4.068359
4601,512,2167,4.232422
4602,512,2084,4.070312
4603,512,2042,3.988281
4604,512,2083,4.068359
4605,512,2042,3.988281
4606,512,2125,4.150391
4607,512,1958,3.824219
4608,512,2125,4.150391
4609,512,2083,4.068359
4610,512,2125,4.150391
4611,512,2083,4.068359
4612,512,2042,3.988281
4613,512,2041,3.986328
4614,512,2042,3.988281
4615,512,2125,4.150391
4616,512,2042,3.988281
4617,512,2042,3.988281
4618,512,2042,3.988281
4619,512,2041,3.986328
4620,512,2084,4.070312
4621,512,2041,3.986328
4622,512,2042,3.988281
4623,512,2000,3.906250
4624,512,2000,3.906250
4625,512,2083,4.068359
4626,512,2083,4.068359
4627,512,2042,3.988281
4628,512,2000,3.906250
4629,512,2042,3.988281
4630,512,1958,3.824219
4631,512,2083,4.068359
4632,512,2084,4.070312
4633,512,2083,4.068359
4634,512,1958,3.824219
4635,512,2000,3.906250
4636,512,2083,4.068359
4637,512,2000,3.906250
4638,512,2000,3.906250
4639,512,2041,3.986328
4640,512,2084,4.070312
4641,512,2083,4.068359
4642,512,2125,4.150391
4643,512,2000,3.906250
4644,512,2125,4.150391
4645,512,2083,4.068359
4646,512,2042,3.988281
4647,512,2083,4.068359
4648,512,2084,4.070312
4649,512,2041,3.986328
4650,512,2042,3.988281
4651,512,2125,4.150391
4652,512,2041,3.986328
4653,512,2125,4.150391
4654,512,2042,3.988281
4655,512,2125,4.150391
4656,512,2125,4.150391
4657,512,2000,3.906250
4658,512,2041,3.986328
4659,512,2042,3.988281
4660,512,2083,4.068359
4661,512,2084,4.070312
4662,512,2000,3.906250
4663,512,2084,4.070312
4664,512,2000,3.906250
4665,512,1917,3.744141
4666,512,2083,4.068359
4667,512,2125,4.150391
4668,512,2042,3.988281
4669,512,2125,4.150391
4670,512,2000,3.906250
4671,512,2084,4.070312
4672,512,2041,3.986328
4673,512,2042,3.988281
4674,512,2041,3.986328
4675,512,2000,3.906250
4676,512,2084,4.070312
4677,512,2167,4.232422
4678,512,2083,4.068359
4679,512,2083,4.068359
4680,512,2042,3.988281
4681,512,1958,3.824219
4682,512,2083,4.068359
4683,512,2083,4.068359
4684,512,2125,4.150391
4685,512,2000,3.906250
4686,512,2000,3.906250
4687,512,2041,3.986328
4688,512,2084,4.070312
4689,512,2083,4.068359
4690,512,2042,3.988281
4691,512,2125,4.150391
4692,512,2083,4.068359
4693,512,1958,3.824219
4694,512,2083,4.068359
4695,512,2042,3.988281
4696,512,1958,3.824219
4697,512,2083,4.068359
4698,512,2125,4.150391
4699,512,2000,3.906250
4700,512,2125,4.150391
4701,512,2083,4.068359
4702,512,2125,4.150391
4703,512,2083,4.068359
4704,512,2042,3.988281
4705,512,2042,3.988281
4706,512,2083,4.068359
4707,512,2000,3.906250
4708,512,2084,4.070312
4709,512,2000,3.906250
4710,512,2084,4.070312
4711,512,2041,3.986328
4712,512,2042,3.988281
4713,512,2083,4.068359
4714,512,2042,3.988281
4715,512,2084,4.070312
4716,512,2042,3.988281
4717,512,2041,3.986328
4718,512,2042,3.988281
4719,512,2042,3.988281
4720,512,2041,3.986328
4721,512,2042,3.988281
4722,512,2042,3.988281
4723,512,2167,4.232422
4724,512,2000,3.906250
4725,512,2042,3.988281
4726,512,2000,3.906250
4727,512,2125,4.150391
4728,512,2083,4.068359
4729,512,2083,4.068359
4730,512,2125,4.150391
4731,512,2083,4.068359
4732,512,2125,4.150391
4733,512,2042,3.988281
4734,512,2042,3.988281
4735,512,2041,3.986328
4736,512,2334,4.558594
4737,512,2125,4.150391
4738,512,2125,4.150391
4739,512,2125,4.150391
4740,512,2083,4.068359
4741,512,2083,4.068359
4742,512,1958,3.824219
4743,512,2084,4.070312
4744,512,2042,3.988281
4745,512,2042,3.988281
4746,512,2125,4.150391
4747,512,2125,4.150391
4748,512,2041,3.986328
4749,512,2084,4.070312
4750,512,2084,4.070312
4751,512,2166,4.230469
4752,512,2000,3.906250
4753,512,2125,4.150391
4754,512,2125,4.150391
4755,512,2000,3.906250
4756,512,2000,3.906250
4757,512,2041,3.986328
4758,512,2000,3.906250
4759,512,1958,3.824219
4760,512,2042,3.988281
4761,512,2042,3.988281
4762,512,2000,3.906250
4763,512,2125,4.150391
4764,512,2042,3.988281
4765,512,2083,4.068359
4766,512,2000,3.906250
4767,512,1958,3.824219
4768,512,2167,4.232422
4769,512,2125,4.150391
4770,512,2083,4.068359
4771,512,2125,4.150391
4772,512,2000,3.906250
4773,512,2083,4.068359
4774,512,2042,3.988281
4775,512,2041,3.986328
4776,512,2209,4.314453
4777,512,2208,4.312500
4778,512,2000,3.906250
4779,512,2084,4.070312
4780,512,2000,3.906250
4781,512,2167,4.232422
4782,512,2000,3.906250
4783,512,2000,3.906250
4784,512,2000,3.906250
4785,512,2166,4.230469
4786,512,2042,3.988281
4787,512,2042,3.988281
4788,512,2125,4.150391
4789,512,2083,4.068359
4790,512,2125,4.150391
4791,512,2084,4.070312
4792,512,2084,4.070312
4793,512,2083,4.068359
4794,512,2083,4.068359
4795,512,2167,4.232422
4796,512,2125,4.150391
4797,512,2125,4.150391
4798,512,2125,4.150391
4799,512,2125,4.150391
4800,512,2084,4.070312
4801,512,2125,4.150391
4802,512,2125,4.150391
4803,512,1958,3.824219
4804,512,2042,3.988281
4805,512,2083,4.068359
4806,512,2000,3.906250
4807,512,2084,4.070312
4808,512,2083,4.068359
4809,512,2083,4.068359
4810,512,2042,3.988281
4811,512,2167,4.232422
4812,512,2083,4.068359
4813,512,2083,4.068359
4814,512,2084,4.070312
4815,512,2125,4.150391
4816,512,1958,3.824219
4817,512,1958,3.824219
4818,512,2166,4.230469
4819,512,2125,4.150391
4820,512,2084,4.070312
4821,512,2000,3.906250
4822,512,2084,4.070312
4823,512,2041,3.986328
4824,512,2000,3.906250
4825,512,2041,3.986328
4826,512,2042,3.988281
4827,512,2084,4.070312
4828,512,2125,4.150391
4829,512,2084,4.070312
4830,512,2041,3.986328
4831,512,2084,4.070312
4832,512,2000,3.906250
4833,512,2167,4.232422
4834,512,2083,4.068359
4835,512,2000,3.906250
4836,512,2084,4.070312
4837,512,2083,4.068359
4838,512,2000,3.906250
4839,512,2000,3.906250
4840,512,2000,3.906250
4841,512,2000,3.906250
4842,512,2000,3.906250
4843,512,2000,3.906250
4844,512,2042,3.988281
4845,512,2125,4.150391
4846,512,2083,4.068359
4847,512,2083,4.068359
4848,512,2042,3.988281
4849,512,2083,4.068359
4850,512,2042,3.988281
4851,512,2084,4.070312
4852,512,2084,4.070312
4853,512,2083,4.068359
4854,512,2083,4.068359
4855,512,2167,4.232422
4856,512,2166,4.230469
4857,512,2333,4.556641
4858,512,2667,5.208984
4859,512,2833,5.533203
4860,512,2584,5.046875
4861,512,2584,5.046875
4862,512,2625,5.126953
4863,512,2667,5.208984
4864,512,2375,4.638672
4865,512,2083,4.068359
4866,512,2167,4.232422
4867,512,2083,4.068359
4868,512,2083,4.068359
4869,512,2042,3.988281
4870,512,2125,4.150391
4871,512,2250,4.394531
4872,512,2083,4.068359
4873,512,2166,4.230469
4874,512,2000,3.906250
4875,512,2167,4.232422
4876,512,2166,4.230469
4877,512,2292,4.476562
4878,512,2334,4.558594
4879,512,2208,4.312500
4880,512,2042,3.988281
4881,512,2041,3.986328
4882,512,2000,3.906250
4883,512,2083,4.068359
4884,512,2167,4.232422
4885,512,1958,3.824219
4886,512,2083,4.068359
4887,512,2083,4.068359
4888,512,2042,3.988281
4889,512,2125,4.150391
4890,512,2083,4.068359
4891,512,1958,3.824219
4892,512,2208,4.312500
4893,512,1959,3.826172
4894,512,2125,4.150391
4895,512,2042,3.988281
4896,512,2083,4.068359
4897,512,2083,4.068359
4898,512,2292,4.476562
4899,512,2750,5.371094
4900,512,2666,5.207031
4901,512,2875,5.615234
4902,512,2709,5.291016
4903,512,2750,5.371094
4904,512,2500,4.882812
4905,512,2417,4.720703
4906,512,2125,4.150391
4907,512,2250,4.394531
4908,512,2041,3.986328
4909,512,2084,4.070312
4910,512,2083,4.068359
4911,512,2208,4.312500
4912,512,2167,4.232422
4913,512,2125,4.150391
4914,512,2083,4.068359
4915,512,2250,4.394531
4916,512,2209,4.314453
4917,512,2333,4.556641
4918,512,2666,5.207031
4919,512,2667,5.208984
4920,512,2583,5.044922
4921,512,2542,4.964844
4922,512,3208,6.265625
4923,512,2625,5.126953
4924,512,2917,5.697266
4925,512,2667,5.208984
4926,512,2750,5.371094
4927,512,2583,5.044922
4928,512,2708,5.289062
4929,512,2625,5.126953
4930,512,2542,4.964844
4931,512,2666,5.207031
4932,512,2458,4.800781
4933,512,2625,5.126953
4934,512,2833,5.533203
4935,512,2708,5.289062
4936,512,2042,3.988281
4937,512,2042,3.988281
4938,512,2209,4.314453
4939,512,2041,3.986328
4940,512,2042,3.988281
4941,512,2167,4.232422
4942,512,2083,4.068359
4943,512,1958,3.824219
4944,512,2083,4.068359
4945,512,2083,4.068359
4946,512,2125,4.150391
4947,512,2083,4.068359
4948,512,2000,3.906250
4949,512,2042,3.988281
4950,512,2042,3.988281
4951,512,2083,4.068359
4952,512,2083,4.068359
4953,512,2125,4.150391
4954,512,2000,3.906250
4955,512,2125,4.150391
4956,512,1958,3.824219
4957,512,2042,3.988281
4958,512,2000,3.906250
4959,512,2041,3.986328
4960,512,2084,4.070312
4961,512,2041,3.986328
4962,512,2042,3.988281
4963,512,2041,3.986328
4964,512,2125,4.150391
4965,512,2042,3.988281
4966,512,2000,3.906250
4967,512,2083,4.068359
4968,512,2083,4.068359
4969,512,2167,4.232422
4970,512,2042,3.988281
4971,512,2125,4.150391
4972,512,2041,3.986328
4973,512,2042,3.988281
4974,512,2125,4.150391
4975,512,2083,4.068359
4976,512,2084,4.070312
4977,512,2084,4.070312
4978,512,2042,3.988281
4979,512,1958,3.824219
4980,512,2042,3.988281
4981,512,2000,3.906250
4982,512,2000,3.906250
4983,512,2041,3.986328
4984,512,2042,3.988281
4985,512,1959,3.826172
4986,512,1959,3.826172
4987,512,2084,4.070312
4988,512,2084,4.070312
4989,512,2083,4.068359
4990,512,2042,3.988281
4991,512,2125,4.150391
4992,512,2208,4.312500
4993,512,2041,3.986328
4994,512,2125,4.150391
4995,512,2042,3.988281
4996,512,2083,4.068359
4997,512,2042,3.988281
4998,512,2000,3.906250
4999,512,2041,3.986328
5000,512,2000,3.906250
5001,512,2042,3.988281
5002,512,2000,3.906250
5003,512,2084,4.070312
5004,512,2084,4.070312
5005,512,2000,3.906250
5006,512,2041,3.986328
5007,512,2083,4.068359
5008,512,2083,4.068359
5009,512,2084,4.070312
5010,512,2084,4.070312
5011,512,2083,4.068359
5012,512,2000,3.906250
5013,512,1958,3.824219
5014,512,2000,3.906250
5015,512,2166,4.230469
5016,512,2042,3.988281
5017,512,2083,4.068359
5018,512,2084,4.070312
5019,512,2084,4.070312
5020,512,2083,4.068359
5021,512,2083,4.068359
5022,512,2042,3.988281
5023,512,2041,3.986328
5024,512,2083,4.068359
5025,512,2125,4.150391
5026,512,2167,4.232422
5027,512,2041,3.986328
5028,512,2125,4.150391
5029,512,2042,3.988281
5030,512,2042,3.988281
5031,512,2083,4.068359
5032,512,2041,3.986328
5033,512,2042,3.988281
5034,512,2042,3.988281
5035,512,2083,4.068359
5036,512,2041,3.986328
5037,512,2083,4.068359
5038,512,2083,4.068359
5039,512,2042,3.988281
5040,512,2083,4.068359
5041,512,2084,4.070312
5042,512,2084,4.070312
5043,512,2042,3.988281
5044,512,2125,4.150391
5045,512,2000,3.906250
5046,512,2000,3.906250
5047,512,2041,3.986328
5048,512,2083,4.068359
5049,512,2042,3.988281
5050,512,2125,4.150391
5051,512,2084,4.070312
5052,512,2083,4.068359
5053,512,2000,3.906250
5054,512,1958,3.824219
5055,512,2042,3.988281
5056,512,2166,4.230469
5057,512,2083,4.068359
5058,512,2084,4.070312
5059,512,2042,3.988281
5060,512,2250,4.394531
5061,512,2041,3.986328
5062,512,2250,4.394531
5063,512,2000,3.906250
5064,512,2167,4.232422
5065,512,2000,3.906250
5066,512,2042,3.988281
5067,512,1958,3.824219
5068,512,2041,3.986328
5069,512,2084,4.070312
5070,512,2167,4.232422
5071,512,2000,3.906250
5072,512,2041,3.986328
5073,512,2084,4.070312
5074,512,2000,3.906250
5075,512,2042,3.988281
5076,512,2083,4.068359
5077,512,2083,4.068359
5078,512,2041,3.986328
5079,512,2042,3.988281
5080,512,2042,3.988281
5081,512,2084,4.070312
5082,512,2041,3.986328
5083,512,2292,4.476562
5084,512,2167,4.232422
5085,512,2083,4.068359
5086,512,2083,4.068359
5087,512,2667,5.208984
5088,512,2750,5.371094
5089,512,2666,5.207031
5090,512,2625,5.126953
5091,512,2709,5.291016
5092,512,2750,5.371094
5093,512,2625,5.126953
5094,512,2666,5.207031
5095,512,2500,4.882812
5096,512,2125,4.150391
5097,512,2083,4.068359
5098,512,2125,4.150391
5099,512,2167,4.232422
5100,512,2125,4.150391
5101,512,2125,4.150391
5102,512,2125,4.150391
5103,512,2291,4.474609
5104,512,2167,4.232422
5105,512,2125,4.150391
5106,512,2000,3.906250
5107,512,2208,4.312500
5108,512,2042,3.988281
5109,512,2125,4.150391
5110,512,2125,4.150391
5111,512,2125,4.150391
5112,512,2125,4.150391
5113,512,2125,4.150391
5114,512,2167,4.232422
5115,512,2208,4.312500
5116,512,2209,4.314453
5117,512,2125,4.150391
5118,512,2125,4.150391
5119,512,2125,4.150391
5120,512,2042,3.988281
5121,512,2166,4.230469
5122,512,2209,4.314453
5123,512,2125,4.150391
5124,512,2042,3.988281
5125,512,2083,4.068359
5126,512,2125,4.150391
5127,512,2125,4.150391
5128,512,2125,4.150391
5129,512,2000,3.906250
5130,512,2125,4.150391
5131,512,2208,4.312500
5132,512,2000,3.906250
5133,512,2042,3.988281
5134,512,2250,4.394531
5135,512,2166,4.230469
5136,512,2209,4.314453
5137,512,2208,4.312500
5138,512,2125,4.150391
5139,512,2083,4.068359
5140,512,2042,3.988281
5141,512,2125,4.150391
5142,512,2125,4.150391
5143,512,2083,4.068359
5144,512,2084,4.070312
5145,512,2125,4.150391
5146,512,2167,4.232422
5147,512,2042,3.988281
5148,512,2042,3.988281
5149,512,2208,4.312500
5150,512,2125,4.150391
5151,512,2167,4.232422
5152,512,2083,4.068359
5153,512,2083,4.068359
5154,512,2125,4.150391
5155,512,2125,4.150391
5156,512,2167,4.232422
5157,512,2042,3.988281
5158,512,2166,4.230469
5159,512,2125,4.150391
5160,512,2084,4.070312
5161,512,2041,3.986328
5162,512,2125,4.150391
5163,512,2167,4.232422
5164,512,2041,3.986328
5165,512,2042,3.988281
5166,512,2000,3.906250
5167,512,2042,3.988281
5168,512,2125,4.150391
5169,512,2125,4.150391
5170,512,2083,4.068359
5171,512,2084,4.070312
5172,512,2125,4.150391
5173,512,2084,4.070312
5174,512,2125,4.150391
5175,512,2083,4.068359
5176,512,2167,4.232422
5177,512,2166,4.230469
5178,512,2167,4.232422
5179,512,2125,4.150391
5180,512,2166,4.230469
5181,512,2167,4.232422
5182,512,2042,3.988281
5183,512,2125,4.150391
5184,512,2042,3.988281
5185,512,2042,3.988281
5186,512,2125,4.150391
5187,512,2084,4.070312
5188,512,2125,4.150391
5189,512,2125,4.150391
5190,512,2041,3.986328
5191,512,2125,4.150391
5192,512,2209,4.314453
5193,512,2166,4.230469
5194,512,2209,4.314453
5195,512,2125,4.150391
5196,512,2125,4.150391
5197,512,2084,4.070312
5198,512,2041,3.986328
5199,512,2084,4.070312
5200,512,2166,4.230469
5201,512,2125,4.150391
5202,512,2083,4.068359
5203,512,2042,3.988281
5204,512,2083,4.068359
5205,512,2083,4.068359
5206,512,2125,4.150391
5207,512,2125,4.150391
5208,512,2208,4.312500
5209,512,2084,4.070312
5210,512,2041,3.986328
5211,512,2084,4.070312
5212,512,2084,4.070312
5213,512,2166,4.230469
5214,512,2167,4.232422
5215,512,2125,4.150391
5216,512,2000,3.906250
5217,512,2125,4.150391
5218,512,2375,4.638672
5219,512,2333,4.556641
5220,512,2166,4.230469
5221,512,2125,4.150391
5222,512,2000,3.906250
5223,512,2042,3.988281
5224,512,2084,4.070312
5225,512,2000,3.906250
5226,512,2000,3.906250
5227,512,2084,4.070312
5228,512,2166,4.230469
5229,512,2084,4.070312
5230,512,2083,4.068359
5231,512,2000,3.906250
5232,512,2084,4.070312
5233,512,2125,4.150391
5234,512,2000,3.906250
5235,512,2125,4.150391
5236,512,2125,4.150391
5237,512,2125,4.150391
5238,512,2083,4.068359
5239,512,2125,4.150391
5240,512,2042,3.988281
5241,512,2083,4.068359
5242,512,2083,4.068359
5243,512,2042,3.988281
5244,512,2125,4.150391
5245,512,2083,4.068359
5246,512,2042,3.988281
5247,512,2000,3.906250
5248,512,2459,4.802734
5249,512,1959,3.826172
5250,512,2084,4.070312
5251,512,2041,3.986328
5252,512,2000,3.906250
5253,512,2084,4.070312
5254,512,2041,3.986328
5255,512,2000,3.906250
5256,512,2166,4.230469
5257,512,2083,4.068359
5258,512,1959,3.826172
5259,512,2042,3.988281
5260,512,2042,3.988281
5261,512,2042,3.988281
5262,512,2083,4.068359
5263,512,2042,3.988281
5264,512,2083,4.068359
5265,512,2042,3.988281
5266,512,2000,3.906250
5267,512,2083,4.068359
5268,512,2083,4.068359
5269,512,2125,4.150391
5270,512,2125,4.150391
5271,512,2041,3.986328
5272,512,2125,4.150391
5273,512,2042,3.988281
5274,512,2125,4.150391
5275,512,2083,4.068359
5276,512,2042,3.988281
5277,512,2000,3.906250
5278,512,2000,3.906250
5279,512,2125,4.150391
5280,512,2125,4.150391
5281,512,2125,4.150391
5282,512,2000,3.906250
5283,512,2083,4.068359
5284,512,2042,3.988281
5285,512,2041,3.986328
5286,512,2000,3.906250
5287,512,2083,4.068359
5288,512,2083,4.068359
5289,512,2167,4.232422
5290,512,1959,3.826172
5291,512,2042,3.988281
5292,512,2042,3.988281
5293,512,2000,3.906250
5294,512,2000,3.906250
5295,512,2084,4.070312
5296,512,2041,3.986328
5297,512,2125,4.150391
5298,512,2042,3.988281
5299,512,2000,3.906250
5300,512,2042,3.988281
5301,512,2083,4.068359
5302,512,2084,4.070312
5303,512,2041,3.986328
5304,512,2042,3.988281
5305,512,2042,3.988281
5306,512,2083,4.068359
5307,512,2083,4.068359
5308,512,2083,4.068359
5309,512,2042,3.988281
5310,512,2083,4.068359
5311,512,2125,4.150391
5312,512,2125,4.150391
5313,512,2084,4.070312
5314,512,1958,3.824219
5315,512,2125,4.150391
5316,512,2000,3.906250
5317,512,2041,3.986328
5318,512,2083,4.068359
5319,512,2042,3.988281
5320,512,2125,4.150391
5321,512,2083,4.068359
5322,512,2000,3.906250
5323,512,2042,3.988281
5324,512,2000,3.906250
5325,512,2167,4.232422
5326,512,2000,3.906250
5327,512,2125,4.150391
5328,512,2084,4.070312
5329,512,1959,3.826172
5330,512,2000,3.906250
5331,512,2041,3.986328
5332,512,1958,3.824219
5333,512,2000,3.906250
5334,512,2125,4.150391
5335,512,2041,3.986328
5336,512,2084,4.070312
5337,512,2041,3.986328
5338,512,2125,4.150391
5339,512,1959,3.826172
5340,512,2041,3.986328
5341,512,2125,4.150391
5342,512,2083,4.068359
5343,512,2042,3.988281
5344,512,2167,4.232422
5345,512,2083,4.068359
5346,512,2250,4.394531
5347,512,2042,3.988281
5348,512,2041,3.986328
5349,512,2125,4.150391
5350,512,2208,4.312500
5351,512,2084,4.070312
5352,512,2125,4.150391
5353,512,2083,4.068359
5354,512,2125,4.150391
5355,512,2041,3.986328
5356,512,2209,4.314453
5357,512,2084,4.070312
5358,512,2083,4.068359
5359,512,2083,4.068359
5360,512,2167,4.232422
5361,512,2000,3.906250
5362,512,2042,3.988281
5363,512,2167,4.232422
5364,512,2209,4.314453
5365,512,2250,4.394531
5366,512,2083,4.068359
5367,512,2083,4.068359
5368,512,2083,4.068359
5369,512,2084,4.070312
5370,512,2000,3.906250
5371,512,2125,4.150391
5372,512,2125,4.150391
5373,512,2250,4.394531
5374,512,1917,3.744141
5375,512,2000,3.906250
5376,512,2041,3.986328
5377,512,2042,3.988281
5378,512,2125,4.150391
5379,512,2041,3.986328
5380,512,2042,3.988281
5381,512,2083,4.068359
5382,512,2167,4.232422
5383,512,2208,4.312500
5384,512,2208,4.312500
5385,512,2084,4.070312
5386,512,2166,4.230469
5387,512,2208,4.312500
5388,512,2000,3.906250
5389,512,2083,4.068359
5390,512,2042,3.988281
5391,512,2042,3.988281
5392,512,2042,3.988281
5393,512,2083,4.068359
5394,512,2042,3.988281
5395,512,2166,4.230469
5396,512,2084,4.070312
5397,512,2041,3.986328
5398,512,2000,3.906250
5399,512,2083,4.068359
5400,512,2042,3.988281
5401,512,2000,3.906250
5402,512,2000,3.906250
5403,512,2083,4.068359
5404,512,2208,4.312500
5405,512,2084,4.070312
5406,512,2041,3.986328
5407,512,2000,3.906250
5408,512,2000,3.906250
5409,512,2042,3.988281
5410,512,2000,3.906250
5411,512,2167,4.232422
5412,512,2083,4.068359
5413,512,2041,3.986328
5414,512,2083,4.068359
5415,512,2125,4.150391
5416,512,2125,4.150391
5417,512,2084,4.070312
5418,512,2084,4.070312
5419,512,2041,3.986328
5420,512,2000,3.906250
5421,512,2084,4.070312
5422,512,2000,3.906250
5423,512,2125,4.150391
5424,512,2000,3.906250
5425,512,2042,3.988281
5426,512,2125,4.150391
5427,512,2083,4.068359
5428,512,2084,4.070312
5429,512,2041,3.986328
5430,512,2084,4.070312
5431,512,2084,4.070312
5432,512,2042,3.988281
5433,512,2125,4.150391
5434,512,2125,4.150391
5435,512,2125,4.150391
5436,512,2000,3.906250
5437,512,2167,4.232422
5438,512,2125,4.150391
5439,512,1958,3.824219
5440,512,1958,3.824219
5441,512,2042,3.988281
5442,512,2084,4.070312
5443,512,2208,4.312500
5444,512,1958,3.824219
5445,512,2000,3.906250
5446,512,2042,3.988281
5447,512,2041,3.986328
5448,512,2084,4.070312
5449,512,2125,4.150391
5450,512,2167,4.232422
5451,512,2083,4.068359
5452,512,2042,3.988281
5453,512,2167,4.232422
5454,512,2041,3.986328
5455,512,2125,4.150391
5456,512,2167,4.232422
5457,512,2209,4.314453
5458,512,2084,4.070312
5459,512,2041,3.986328
5460,512,2083,4.068359
5461,512,2042,3.988281
5462,512,2208,4.312500
5463,512,2167,4.232422
5464,512,2083,4.068359
5465,512,2125,4.150391
5466,512,2042,3.988281
5467,512,2167,4.232422
5468,512,2083,4.068359
5469,512,1916,3.742188
5470,512,2125,4.150391
5471,512,2083,4.068359
5472,512,2000,3.906250
5473,512,2042,3.988281
5474,512,2000,3.906250
5475,512,2000,3.906250
5476,512,2041,3.986328
5477,512,2084,4.070312
5478,512,2125,4.150391
5479,512,2083,4.068359
5480,512,2167,4.232422
5481,512,2042,3.988281
5482,512,2083,4.068359
5483,512,1958,3.824219
5484,512,2167,4.232422
5485,512,2083,4.068359
5486,512,2125,4.150391
5487,512,2166,4.230469
5488,512,2208,4.312500
5489,512,2042,3.988281
5490,512,2083,4.068359
5491,512,2125,4.150391
5492,512,2167,4.232422
5493,512,2042,3.988281
5494,512,2041,3.986328
5495,512,2042,3.988281
5496,512,2000,3.906250
5497,512,2125,4.150391
5498,512,2167,4.232422
5499,512,2041,3.986328
5500,512,2083,4.068359
5501,512,2125,4.150391
5502,512,1959,3.826172
5503,512,2042,3.988281
5504,512,2292,4.476562
5505,512,1958,3.824219
5506,512,2000,3.906250
5507,512,1958,3.824219
5508,512,2083,4.068359
5509,512,2167,4.232422
5510,512,2000,3.906250
5511,512,2042,3.988281
5512,512,2083,4.068359
5513,512,2125,4.150391
5514,512,2000,3.906250
5515,512,2083,4.068359
5516,512,2125,4.150391
5517,512,2083,4.068359
5518,512,2041,3.986328
5519,512,2042,3.988281
5520,512,2083,4.068359
5521,512,2042,3.988281
5522,512,2041,3.986328
5523,512,2083,4.068359
5524,512,2042,3.988281
5525,512,2208,4.312500
5526,512,2042,3.988281
5527,512,2083,4.068359
5528,512,2083,4.068359
5529,512,2083,4.068359
5530,512,2000,3.906250
5531,512,2042,3.988281
5532,512,2083,4.068359
5533,512,2083,4.068359
5534,512,2083,4.068359
5535,512,2084,4.070312
5536,512,2125,4.150391
5537,512,2042,3.988281
5538,512,2000,3.906250
5539,512,2250,4.394531
5540,512,2166,4.230469
5541,512,1917,3.744141
5542,512,2167,4.232422
5543,512,2166,4.230469
5544,512,2167,4.232422
5545,512,2083,4.068359
5546,512,2042,3.988281
5547,512,2041,3.986328
5548,512,2042,3.988281
5549,512,2000,3.906250
5550,512,2042,3.988281
5551,512,2084,4.070312
5552,512,2041,3.986328
5553,512,2084,4.070312
5554,512,2041,3.986328
5555,512,2125,4.150391
5556,512,2084,4.070312
5557,512,2042,3.988281
5558,512,2166,4.230469
5559,512,2042,3.988281
5560,512,2083,4.068359
5561,512,2083,4.068359
5562,512,2042,3.988281
5563,512,2125,4.150391
5564,512,2084,4.070312
5565,512,2083,4.068359
5566,512,2083,4.068359
5567,512,2000,3.906250
5568,512,2083,4.068359
5569,512,2125,4.150391
5570,512,2000,3.906250
5571,512,2000,3.906250
5572,512,1959,3.826172
5573,512,2125,4.150391
5574,512,2042,3.988281
5575,512,2083,4.068359
5576,512,2042,3.988281
5577,512,2000,3.906250
5578,512,2042,3.988281
5579,512,2083,4.068359
5580,512,2000,3.906250
5581,512,2000,3.906250
5582,512,2083,4.068359
5583,512,2041,3.986328
5584,512,2000,3.906250
5585,512,2000,3.906250
5586,512,2083,4.068359
5587,512,2167,4.232422
5588,512,2125,4.150391
5589,512,2125,4.150391
5590,512,2125,4.150391
5591,512,2167,4.232422
5592,512,2041,3.986328
5593,512,2042,3.988281
5594,512,2000,3.906250
5595,512,2084,4.070312
5596,512,2083,4.068359
5597,512,2083,4.068359
5598,512,2042,3.988281
5599,512,2083,4.068359
5600,512,2083,4.068359
5601,512,2042,3.988281
5602,512,2125,4.150391
5603,512,2042,3.988281
5604,512,2125,4.150391
5605,512,2125,4.150391
5606,512,2167,4.232422
5607,512,2083,4.068359
5608,512,2083,4.068359
5609,512,2083,4.068359
5610,512,2000,3.906250
5611,512,2167,4.232422
5612,512,2083,4.068359
5613,512,2041,3.986328
5614,512,2083,4.068359
5615,512,2084,4.070312
5616,512,2041,3.986328
5617,512,2000,3.906250
5618,512,2041,3.986328
5619,512,2125,4.150391
5620,512,2125,4.150391
5621,512,2042,3.988281
5622,512,2208,4.312500
5623,512,2125,4.150391
5624,512,2083,4.068359
5625,512,2125,4.150391
5626,512,2042,3.988281
5627,512,2000,3.906250
5628,512,2208,4.312500
5629,512,2042,3.988281
5630,512,2041,3.986328
5631,512,2125,4.150391
5632,512,2042,3.988281
5633,512,2042,3.988281
5634,512,2292,4.476562
5635,512,2792,5.453125
5636,512,2625,5.126953
5637,512,2584,5.046875
5638,512,2625,5.126953
5639,512,2583,5.044922
5640,512,2625,5.126953
5641,512,2459,4.802734
5642,512,2083,4.068359
5643,512,2083,4.068359
5644,512,2084,4.070312
5645,512,2125,4.150391
5646,512,2125,4.150391
5647,512,2125,4.150391
5648,512,2042,3.988281
5649,512,2083,4.068359
5650,512,2125,4.150391
5651,512,2083,4.068359
5652,512,2125,4.150391
5653,512,2166,4.230469
5654,512,2125,4.150391
5655,512,2167,4.232422
5656,512,2042,3.988281
5657,512,2083,4.068359
5658,512,2125,4.150391
5659,512,2083,4.068359
5660,512,2083,4.068359
5661,512,2083,4.068359
5662,512,2167,4.232422
5663,512,2166,4.230469
5664,512,2084,4.070312
5665,512,2167,4.232422
5666,512,2042,3.988281
5667,512,2167,4.232422
5668,512,2167,4.232422
5669,512,2125,4.150391
5670,512,2208,4.312500
5671,512,2042,3.988281
5672,512,2042,3.988281
5673,512,2167,4.232422
5674,512,2208,4.312500
5675,512,2084,4.070312
5676,512,2167,4.232422
5677,512,2083,4.068359
5678,512,2125,4.150391
5679,512,2167,4.232422
5680,512,2125,4.150391
5681,512,2084,4.070312
5682,512,2166,4.230469
5683,512,2167,4.232422
5684,512,2084,4.070312
5685,512,2041,3.986328
5686,512,2042,3.988281
5687,512,2083,4.068359
5688,512,2208,4.312500
5689,512,2125,4.150391
5690,512,2000,3.906250
5691,512,2084,4.070312
5692,512,2084,4.070312
5693,512,2125,4.150391
5694,512,2125,4.150391
5695,512,2125,4.150391
5696,512,2125,4.150391
5697,512,2084,4.070312
5698,512,2125,4.150391
5699,512,2083,4.068359
5700,512,2125,4.150391
5701,512,2041,3.986328
5702,512,2167,4.232422
5703,512,2208,4.312500
5704,512,2084,4.070312
5705,512,2083,4.068359
5706,512,2083,4.068359
5707,512,2166,4.230469
5708,512,2208,4.312500
5709,512,2000,3.906250
5710,512,2167,4.232422
5711,512,2167,4.232422
5712,512,2208,4.312500
5713,512,2042,3.988281
5714,512,2125,4.150391
5715,512,2208,4.312500
5716,512,2208,4.312500
5717,512,2083,4.068359
5718,512,2042,3.988281
5719,512,2167,4.232422
5720,512,2041,3.986328
5721,512,2000,3.906250
5722,512,2125,4.150391
5723,512,2041,3.986328
5724,512,2125,4.150391
5725,512,2208,4.312500
5726,512,2125,4.150391
5727,512,2083,4.068359
5728,512,2083,4.068359
5729,512,2125,4.150391
5730,512,2083,4.068359
5731,512,2125,4.150391
5732,512,2125,4.150391
5733,512,2084,4.070312
5734,512,2125,4.150391
5735,512,2167,4.232422
5736,512,2167,4.232422
5737,512,2125,4.150391
5738,512,2166,4.230469
5739,512,2167,4.232422
5740,512,2125,4.150391
5741,512,2125,4.150391
5742,512,2042,3.988281
5743,512,2083,4.068359
5744,512,2042,3.988281
5745,512,2166,4.230469
5746,512,2167,4.232422
5747,512,2083,4.068359
5748,512,2166,4.230469
5749,512,2084,4.070312
5750,512,2041,3.986328
5751,512,2167,4.232422
5752,512,2083,4.068359
5753,512,2125,4.150391
5754,512,2000,3.906250
5755,512,2166,4.230469
5756,512,2042,3.988281
5757,512,2166,4.230469
5758,512,2084,4.070312
5759,512,2083,4.068359
5760,512,2250,4.394531
5761,512,2083,4.068359
5762,512,2042,3.988281
5763,512,2125,4.150391
5764,512,2041,3.986328
5765,512,2042,3.988281
5766,512,2125,4.150391
5767,512,2083,4.068359
5768,512,2042,3.988281
5769,512,2041,3.986328
5770,512,2084,4.070312
5771,512,2125,4.150391
5772,512,2166,4.230469
5773,512,2125,4.150391
5774,512,2042,3.988281
5775,512,2166,4.230469
5776,512,2125,4.150391
5777,512,2042,3.988281
5778,512,2042,3.988281
5779,512,2125,4.150391
5780,512,2042,3.988281
5781,512,2083,4.068359
5782,512,2083,4.068359
5783,512,2083,4.068359
5784,512,2083,4.068359
5785,512,2083,4.068359
5786,512,2083,4.068359
5787,512,2125,4.150391
5788,512,2125,4.150391
5789,512,2083,4.068359
5790,512,2167,4.232422
5791,512,2125,4.150391
5792,512,2125,4.150391
5793,512,2084,4.070312
5794,512,2083,4.068359
5795,512,2083,4.068359
5796,512,2042,3.988281
5797,512,2125,4.150391
5798,512,2042,3.988281
5799,512,2041,3.986328
5800,512,2084,4.070312
5801,512,2250,4.394531
5802,512,2083,4.068359
5803,512,2209,4.314453
5804,512,2166,4.230469
5805,512,2125,4.150391
5806,512,2125,4.150391
5807,512,2167,4.232422
5808,512,2167,4.232422
5809,512,2167,4.232422
5810,512,2083,4.068359
5811,512,2125,4.150391
5812,512,1959,3.826172
5813,512,2084,4.070312
5814,512,2083,4.068359
5815,512,2167,4.232422
5816,512,2000,3.906250
5817,512,2167,4.232422
5818,512,2167,4.232422
5819,512,2166,4.230469
5820,512,2042,3.988281
5821,512,2041,3.986328
5822,512,2167,4.232422
5823,512,2083,4.068359
5824,512,2042,3.988281
5825,512,2083,4.068359
5826,512,1958,3.824219
5827,512,2209,4.314453
5828,512,2166,4.230469
5829,512,2125,4.150391
5830,512,2167,4.232422
5831,512,2083,4.068359
5832,512,2125,4.150391
5833,512,2042,3.988281
5834,512,2084,4.070312
5835,512,2167,4.232422
5836,512,2125,4.150391
5837,512,2208,4.312500
5838,512,2125,4.150391
5839,512,2167,4.232422
5840,512,2125,4.150391
5841,512,2125,4.150391
5842,512,2041,3.986328
5843,512,2083,4.068359
5844,512,2208,4.312500
5845,512,2125,4.150391
5846,512,2042,3.988281
5847,512,2125,4.150391
5848,512,2166,4.230469
5849,512,2042,3.988281
5850,512,2084,4.070312
5851,512,2084,4.070312
5852,512,2084,4.070312
5853,512,2083,4.068359
5854,512,2250,4.394531
5855,512,2041,3.986328
5856,512,2042,3.988281
5857,512,2125,4.150391
5858,512,2125,4.150391
5859,512,2083,4.068359
5860,512,2083,4.068359
5861,512,2167,4.232422
5862,512,2041,3.986328
5863,512,2083,4.068359
5864,512,2125,4.150391
5865,512,2083,4.068359
5866,512,2125,4.150391
5867,512,2208,4.312500
5868,512,2042,3.988281
5869,512,2125,4.150391
5870,512,2125,4.150391
5871,512,2083,4.068359
5872,512,2041,3.986328
5873,512,2208,4.312500
5874,512,2042,3.988281
5875,512,2125,4.150391
5876,512,2041,3.986328
5877,512,2042,3.988281
5878,512,2166,4.230469
5879,512,2167,4.232422
5880,512,2167,4.232422
5881,512,2125,4.150391
5882,512,2083,4.068359
5883,512,2250,4.394531
5884,512,2125,4.150391
5885,512,2125,4.150391
5886,512,2167,4.232422
5887,512,2125,4.150391
5888,512,2084,4.070312
5889,512,2084,4.070312
5890,512,9041,17.658203
5891,512,2250,4.394531
5892,512,2125,4.150391
5893,512,2000,3.906250
5894,512,2041,3.986328
5895,512,2083,4.068359
5896,512,2250,4.394531
5897,512,2084,4.070312
5898,512,2125,4.150391
5899,512,2167,4.232422
5900,512,2083,4.068359
5901,512,2125,4.150391
5902,512,2166,4.230469
5903,512,2334,4.558594
5904,512,2083,4.068359
5905,512,2083,4.068359
5906,512,2125,4.150391
5907,512,2125,4.150391
5908,512,2125,4.150391
5909,512,2084,4.070312
5910,512,2042,3.988281
5911,512,2167,4.232422
5912,512,2416,4.718750
5913,512,2167,4.232422
5914,512,2083,4.068359
5915,512,2292,4.476562
5916,512,2750,5.371094
5917,512,2750,5.371094
5918,512,2666,5.207031
5919,512,2625,5.126953
5920,512,2584,5.046875
5921,512,2500,4.882812
5922,512,2625,5.126953
5923,512,2667,5.208984
5924,512,2625,5.126953
5925,512,2250,4.394531
5926,512,2167,4.232422
5927,512,2083,4.068359
5928,512,2125,4.150391
5929,512,2083,4.068359
5930,512,2042,3.988281
5931,512,2125,4.150391
5932,512,2166,4.230469
5933,512,2167,4.232422
5934,512,2042,3.988281
5935,512,2125,4.150391
5936,512,2125,4.150391
5937,512,2042,3.988281
5938,512,2250,4.394531
5939,512,2042,3.988281
5940,512,2166,4.230469
5941,512,2209,4.314453
5942,512,2125,4.150391
5943,512,2125,4.150391
5944,512,2208,4.312500
5945,512,2125,4.150391
5946,512,2125,4.150391
5947,512,2083,4.068359
5948,512,2042,3.988281
5949,512,2084,4.070312
5950,512,2042,3.988281
5951,512,2125,4.150391
5952,512,2125,4.150391
5953,512,2083,4.068359
5954,512,2209,4.314453
5955,512,2166,4.230469
5956,512,2084,4.070312
5957,512,2041,3.986328
5958,512,2167,4.232422
5959,512,2042,3.988281
5960,512,2041,3.986328
5961,512,2083,4.068359
5962,512,2042,3.988281
5963,512,2083,4.068359
5964,512,2083,4.068359
5965,512,2042,3.988281
5966,512,2084,4.070312
5967,512,2166,4.230469
5968,512,2042,3.988281
5969,512,2042,3.988281
5970,512,2083,4.068359
5971,512,2042,3.988281
5972,512,2084,4.070312
5973,512,2166,4.230469
5974,512,2167,4.232422
5975,512,2292,4.476562
5976,512,2083,4.068359
5977,512,2250,4.394531
5978,512,2208,4.312500
5979,512,2125,4.150391
5980,512,2167,4.232422
5981,512,2208,4.312500
5982,512,2042,3.988281
5983,512,2125,4.150391
5984,512,2208,4.312500
5985,512,2291,4.474609
5986,512,2042,3.988281
5987,512,2041,3.986328
5988,512,2167,4.232422
5989,512,2042,3.988281
5990,512,2125,4.150391
5991,512,2167,4.232422
5992,512,2041,3.986328
5993,512,2084,4.070312
5994,512,2208,4.312500
5995,512,2083,4.068359
5996,512,2250,4.394531
5997,512,2167,4.232422
5998,512,2125,4.150391
5999,512,2125,4.150391
6000,512,2375,4.638672
6001,512,2125,4.150391
6002,512,2167,4.232422
6003,512,2208,4.312500
6004,512,2083,4.068359
6005,512,2083,4.068359
6006,512,2167,4.232422
6007,512,2333,4.556641
6008,512,2250,4.394531
6009,512,2167,4.232422
6010,512,2166,4.230469
6011,512,2500,4.882812
6012,512,2333,4.556641
6013,512,2167,4.232422
6014,512,2250,4.394531
6015,512,2125,4.150391
6016,512,2833,5.533203
6017,512,2125,4.150391
6018,512,2292,4.476562
6019,512,2083,4.068359
6020,512,2167,4.232422
6021,512,2125,4.150391
6022,512,2250,4.394531
6023,512,2084,4.070312
6024,512,2167,4.232422
6025,512,2166,4.230469
6026,512,2042,3.988281
6027,512,2083,4.068359
6028,512,2209,4.314453
6029,512,2250,4.394531
6030,512,2208,4.312500
6031,512,2083,4.068359
6032,512,2375,4.638672
6033,512,2167,4.232422
6034,512,2125,4.150391
6035,512,2084,4.070312
6036,512,2208,4.312500
6037,512,2167,4.232422
6038,512,2041,3.986328
6039,512,2084,4.070312
6040,512,2209,4.314453
6041,512,2209,4.314453
6042,512,2083,4.068359
6043,512,2250,4.394531
6044,512,2084,4.070312
6045,512,2709,5.291016
6046,512,2209,4.314453
6047,512,2209,4.314453
6048,512,2208,4.312500
6049,512,2167,4.232422
6050,512,2208,4.312500
6051,512,2125,4.150391
6052,512,2167,4.232422
6053,512,2125,4.150391
6054,512,2250,4.394531
6055,512,2167,4.232422
6056,512,2292,4.476562
6057,512,2667,5.208984
6058,512,2708,5.289062
6059,512,2708,5.289062
6060,512,2750,5.371094
6061,512,3083,6.021484
6062,512,2583,5.044922
6063,512,8875,17.333984
6064,512,3416,6.671875
6065,512,3333,6.509766
6066,512,2417,4.720703
6067,512,2375,4.638672
6068,512,2209,4.314453
6069,512,2333,4.556641
6070,512,2292,4.476562
6071,512,2375,4.638672
6072,512,2292,4.476562
6073,512,2250,4.394531
6074,512,2125,4.150391
6075,512,2125,4.150391
6076,512,2083,4.068359
6077,512,2000,3.906250
6078,512,2042,3.988281
6079,512,2042,3.988281
6080,512,2125,4.150391
6081,512,2084,4.070312
6082,512,2041,3.986328
6083,512,2083,4.068359
6084,512,2125,4.150391
6085,512,2083,4.068359
6086,512,2042,3.988281
6087,512,2125,4.150391
6088,512,2166,4.230469
6089,512,2084,4.070312
6090,512,2000,3.906250
6091,512,2041,3.986328
6092,512,2000,3.906250
6093,512,2167,4.232422
6094,512,2083,4.068359
6095,512,2083,4.068359
6096,512,2042,3.988281
6097,512,2083,4.068359
6098,512,2125,4.150391
6099,512,2083,4.068359
6100,512,2041,3.986328
6101,512,2167,4.232422
6102,512,2083,4.068359
6103,512,2000,3.906250
6104,512,2083,4.068359
6105,512,2000,3.906250
6106,512,2125,4.150391
6107,512,2083,4.068359
6108,512,2125,4.150391
6109,512,2083,4.068359
6110,512,2042,3.988281
6111,512,2125,4.150391
6112,512,1958,3.824219
6113,512,2000,3.906250
6114,512,2083,4.068359
6115,512,2083,4.068359
6116,512,2042,3.988281
6117,512,2084,4.070312
6118,512,2083,4.068359
6119,512,2083,4.068359
6120,512,2000,3.906250
6121,512,2083,4.068359
6122,512,2042,3.988281
6123,512,2083,4.068359
6124,512,2042,3.988281
6125,512,2041,3.986328
6126,512,2084,4.070312
6127,512,2084,4.070312
6128,512,2041,3.986328
6129,512,2083,4.068359
6130,512,2042,3.988281
6131,512,2208,4.312500
6132,512,2084,4.070312
6133,512,2125,4.150391
6134,512,2083,4.068359
6135,512,2125,4.150391
6136,512,2041,3.986328
6137,512,2083,4.068359
6138,512,2083,4.068359
6139,512,2000,3.906250
6140,512,2208,4.312500
6141,512,2084,4.070312
6142,512,2000,3.906250
6143,512,2083,4.068359
6144,512,2125,4.150391
6145,512,2042,3.988281
6146,512,2083,4.068359
6147,512,2042,3.988281
6148,512,2083,4.068359
6149,512,2042,3.988281
6150,512,2041,3.986328
6151,512,2084,4.070312
6152,512,2125,4.150391
6153,512,2000,3.906250
6154,512,2125,4.150391
6155,512,2042,3.988281
6156,512,2041,3.986328
6157,512,2083,4.068359
6158,512,2209,4.314453
6159,512,2125,4.150391
6160,512,2083,4.068359
6161,512,2125,4.150391
6162,512,2125,4.150391
6163,512,2041,3.986328
6164,512,2084,4.070312
6165,512,2125,4.150391
6166,512,2208,4.312500
6167,512,2042,3.988281
6168,512,2083,4.068359
6169,512,2125,4.150391
6170,512,2000,3.906250
6171,512,2084,4.070312
6172,512,2125,4.150391
6173,512,2084,4.070312
6174,512,2083,4.068359
6175,512,2000,3.906250
6176,512,2042,3.988281
6177,512,2041,3.986328
6178,512,2084,4.070312
6179,512,2166,4.230469
6180,512,2042,3.988281
6181,512,2167,4.232422
6182,512,2083,4.068359
6183,512,2167,4.232422
6184,512,1958,3.824219
6185,512,2125,4.150391
6186,512,2166,4.230469
6187,512,2000,3.906250
6188,512,2042,3.988281
6189,512,2125,4.150391
6190,512,2083,4.068359
6191,512,2125,4.150391
6192,512,2167,4.232422
6193,512,2042,3.988281
6194,512,2084,4.070312
6195,512,2000,3.906250
6196,512,2209,4.314453
6197,512,2125,4.150391
6198,512,2166,4.230469
6199,512,2125,4.150391
6200,512,2000,3.906250
6201,512,2083,4.068359
6202,512,2083,4.068359
6203,512,2125,4.150391
6204,512,2125,4.150391
6205,512,2125,4.150391
6206,512,2000,3.906250
6207,512,2041,3.986328
6208,512,2125,4.150391
6209,512,2042,3.988281
6210,512,2125,4.150391
6211,512,2167,4.232422
6212,512,2083,4.068359
6213,512,2042,3.988281
6214,512,2125,4.150391
6215,512,2042,3.988281
6216,512,2084,4.070312
6217,512,1916,3.742188
6218,512,2083,4.068359
6219,512,2083,4.068359
6220,512,2125,4.150391
6221,512,2084,4.070312
6222,512,1959,3.826172
6223,512,2042,3.988281
6224,512,2083,4.068359
6225,512,2209,4.314453
6226,512,2083,4.068359
6227,512,2125,4.150391
6228,512,2000,3.906250
6229,512,2000,3.906250
6230,512,2083,4.068359
6231,512,2042,3.988281
6232,512,2041,3.986328
6233,512,2083,4.068359
6234,512,2125,4.150391
6235,512,2084,4.070312
6236,512,1917,3.744141
6237,512,2083,4.068359
6238,512,2042,3.988281
6239,512,2125,4.150391
6240,512,2125,4.150391
6241,512,2000,3.906250
6242,512,2083,4.068359
6243,512,2083,4.068359
6244,512,2042,3.988281
6245,512,2042,3.988281
6246,512,1958,3.824219
6247,512,2000,3.906250
6248,512,1958,3.824219
6249,512,2041,3.986328
6250,512,2000,3.906250
6251,512,2083,4.068359
6252,512,2041,3.986328
6253,512,2084,4.070312
6254,512,2125,4.150391
6255,512,1958,3.824219
6256,512,2041,3.986328
6257,512,2084,4.070312
6258,512,2041,3.986328
6259,512,2042,3.988281
6260,512,2083,4.068359
6261,512,2042,3.988281
6262,512,2041,3.986328
6263,512,2250,4.394531
6264,512,2208,4.312500
6265,512,2208,4.312500
6266,512,2084,4.070312
6267,512,2083,4.068359
6268,512,2125,4.150391
6269,512,2208,4.312500
6270,512,2042,3.988281
6271,512,2083,4.068359
6272,512,2208,4.312500
6273,512,2042,3.988281
6274,512,2083,4.068359
6275,512,2167,4.232422
6276,512,2084,4.070312
6277,512,1958,3.824219
6278,512,2083,4.068359
6279,512,2042,3.988281
6280,512,2041,3.986328
6281,512,2042,3.988281
6282,512,2000,3.906250
6283,512,2042,3.988281
6284,512,2125,4.150391
6285,512,1916,3.742188
6286,512,2083,4.068359
6287,512,2167,4.232422
6288,512,2167,4.232422
6289,512,2042,3.988281
6290,512,2041,3.986328
6291,512,2042,3.988281
6292,512,2083,4.068359
6293,512,2083,4.068359
6294,512,2125,4.150391
6295,512,2042,3.988281
6296,512,2083,4.068359
6297,512,2125,4.150391
6298,512,2042,3.988281
6299,512,2042,3.988281
6300,512,2083,4.068359
6301,512,2209,4.314453
6302,512,2000,3.906250
6303,512,2083,4.068359
6304,512,2167,4.232422
6305,512,2041,3.986328
6306,512,2083,4.068359
6307,512,2000,3.906250
6308,512,2000,3.906250
6309,512,2208,4.312500
6310,512,2209,4.314453
6311,512,2167,4.232422
6312,512,2083,4.068359
6313,512,2167,4.232422
6314,512,2041,3.986328
6315,512,2292,4.476562
6316,512,2042,3.988281
6317,512,2084,4.070312
6318,512,2125,4.150391
6319,512,2083,4.068359
6320,512,2000,3.906250
6321,512,2042,3.988281
6322,512,2042,3.988281
6323,512,2125,4.150391
6324,512,2167,4.232422
6325,512,2000,3.906250
6326,512,2125,4.150391
6327,512,2125,4.150391
6328,512,2084,4.070312
6329,512,2166,4.230469
6330,512,2000,3.906250
6331,512,2334,4.558594
6332,512,2875,5.615234
6333,512,2584,5.046875
6334,512,2541,4.962891
6335,512,2583,5.044922
6336,512,2625,5.126953
6337,512,2709,5.291016
6338,512,2625,5.126953
6339,512,2208,4.312500
6340,512,2209,4.314453
6341,512,2125,4.150391
6342,512,2084,4.070312
6343,512,2000,3.906250
6344,512,2375,4.638672
6345,512,2250,4.394531
6346,512,2000,3.906250
6347,512,1959,3.826172
6348,512,2042,3.988281
6349,512,2125,4.150391
6350,512,2083,4.068359
6351,512,2083,4.068359
6352,512,2167,4.232422
6353,512,2000,3.906250
6354,512,2167,4.232422
6355,512,2333,4.556641
6356,512,2958,5.777344
6357,512,2625,5.126953
6358,512,2625,5.126953
6359,512,2666,5.207031
6360,512,2625,5.126953
6361,512,2666,5.207031
6362,512,2667,5.208984
6363,512,2666,5.207031
6364,512,2500,4.882812
6365,512,2167,4.232422
6366,512,2083,4.068359
6367,512,2125,4.150391
6368,512,2167,4.232422
6369,512,2041,3.986328
6370,512,2167,4.232422
6371,512,2125,4.150391
6372,512,2125,4.150391
6373,512,2167,4.232422
6374,512,2125,4.150391
6375,512,2125,4.150391
6376,512,2083,4.068359
6377,512,2167,4.232422
6378,512,2083,4.068359
6379,512,2083,4.068359
6380,512,2125,4.150391
6381,512,2125,4.150391
6382,512,2208,4.312500
6383,512,2167,4.232422
6384,512,2083,4.068359
6385,512,2167,4.232422
6386,512,2166,4.230469
6387,512,2083,4.068359
6388,512,2084,4.070312
6389,512,2084,4.070312
6390,512,2166,4.230469
6391,512,2209,4.314453
6392,512,2083,4.068359
6393,512,2042,3.988281
6394,512,2167,4.232422
6395,512,2000,3.906250
6396,512,2042,3.988281
6397,512,2041,3.986328
6398,512,2209,4.314453
6399,512,2125,4.150391
6400,512,2041,3.986328
6401,512,2125,4.150391
6402,512,2125,4.150391
6403,512,2084,4.070312
6404,512,2208,4.312500
6405,512,2125,4.150391
6406,512,2083,4.068359
6407,512,2084,4.070312
6408,512,2166,4.230469
6409,512,2167,4.232422
6410,512,2375,4.638672
6411,512,2208,4.312500
6412,512,2042,3.988281
6413,512,2041,3.986328
6414,512,2042,3.988281
6415,512,2000,3.906250
6416,512,2000,3.906250
6417,512,2042,3.988281
6418,512,2125,4.150391
6419,512,2000,3.906250
6420,512,2125,4.150391
6421,512,2042,3.988281
6422,512,2125,4.150391
6423,512,2000,3.906250
6424,512,2583,5.044922
6425,512,2917,5.697266
6426,512,2583,5.044922
6427,512,2625,5.126953
6428,512,2500,4.882812
6429,512,2583,5.044922
6430,512,2708,5.289062
6431,512,2250,4.394531
6432,512,2166,4.230469
6433,512,2084,4.070312
6434,512,2167,4.232422
6435,512,2083,4.068359
6436,512,2167,4.232422
6437,512,2125,4.150391
6438,512,2000,3.906250
6439,512,2333,4.556641
6440,512,2750,5.371094
6441,512,2708,5.289062
6442,512,2166,4.230469
6443,512,2292,4.476562
6444,512,2083,4.068359
6445,512,2250,4.394531
6446,512,2667,5.208984
6447,512,2625,5.126953
6448,512,2625,5.126953
6449,512,2709,5.291016
6450,512,2625,5.126953
6451,512,2542,4.964844
6452,512,2750,5.371094
6453,512,2584,5.046875
6454,512,2583,5.044922
6455,512,2708,5.289062
6456,512,2750,5.371094
6457,512,2542,4.964844
6458,512,2792,5.453125
6459,512,2708,5.289062
6460,512,2334,4.558594
6461,512,1917,3.744141
6462,512,2042,3.988281
6463,512,2041,3.986328
6464,512,2042,3.988281
6465,512,2042,3.988281
6466,512,2083,4.068359
6467,512,1916,3.742188
6468,512,1958,3.824219
6469,512,2042,3.988281
6470,512,2083,4.068359
6471,512,2083,4.068359
6472,512,2125,4.150391
6473,512,2042,3.988281
6474,512,2041,3.986328
6475,512,2292,4.476562
6476,512,2792,5.453125
6477,512,2583,5.044922
6478,512,2583,5.044922
6479,512,2500,4.882812
6480,512,2625,5.126953
6481,512,2625,5.126953
6482,512,2375,4.638672
6483,512,2041,3.986328
6484,512,1958,3.824219
6485,512,2084,4.070312
6486,512,2125,4.150391
6487,512,2083,4.068359
6488,512,2000,3.906250
6489,512,2084,4.070312
6490,512,2166,4.230469
6491,512,2125,4.150391
6492,512,2000,3.906250
6493,512,2000,3.906250
6494,512,2042,3.988281
6495,512,2042,3.988281
6496,512,2042,3.988281
6497,512,2042,3.988281
6498,512,2083,4.068359
6499,512,2000,3.906250
6500,512,2000,3.906250
6501,512,2042,3.988281
6502,512,2000,3.906250
6503,512,2125,4.150391
6504,512,2000,3.906250
6505,512,2167,4.232422
6506,512,2208,4.312500
6507,512,2083,4.068359
6508,512,2084,4.070312
6509,512,2000,3.906250
6510,512,2041,3.986328
6511,512,2000,3.906250
6512,512,1958,3.824219
6513,512,1958,3.824219
6514,512,2083,4.068359
6515,512,2042,3.988281
6516,512,2000,3.906250
6517,512,2125,4.150391
6518,512,1958,3.824219
6519,512,1958,3.824219
6520,512,2000,3.906250
6521,512,2083,4.068359
6522,512,1959,3.826172
6523,512,2041,3.986328
6524,512,2084,4.070312
6525,512,2000,3.906250
6526,512,2042,3.988281
6527,512,2000,3.906250
6528,512,2125,4.150391
6529,512,2042,3.988281
6530,512,2041,3.986328
6531,512,2042,3.988281
6532,512,2000,3.906250
6533,512,1958,3.824219
6534,512,2042,3.988281
6535,512,2000,3.906250
6536,512,2041,3.986328
6537,512,11334,22.136719
6538,512,2083,4.068359
6539,512,2083,4.068359
6540,512,2084,4.070312
6541,512,2000,3.906250
6542,512,1958,3.824219
6543,512,1917,3.744141
6544,512,2000,3.906250
6545,512,2167,4.232422
6546,512,8666,16.925781
6547,512,2583,5.044922
6548,512,2458,4.800781
6549,512,6667,13.021484
6550,512,2042,3.988281
6551,512,2083,4.068359
6552,512,2000,3.906250
6553,512,2042,3.988281
6554,512,2166,4.230469
6555,512,2000,3.906250
6556,512,2125,4.150391
6557,512,2167,4.232422
6558,512,2083,4.068359
6559,512,2084,4.070312
6560,512,2166,4.230469
6561,512,2000,3.906250
6562,512,2125,4.150391
6563,512,2083,4.068359
6564,512,2083,4.068359
6565,512,2042,3.988281
6566,512,2000,3.906250
6567,512,2041,3.986328
6568,512,1959,3.826172
6569,512,2083,4.068359
6570,512,2208,4.312500
6571,512,2083,4.068359
6572,512,2083,4.068359
6573,512,2083,4.068359
6574,512,2084,4.070312
6575,512,2042,3.988281
6576,512,2125,4.150391
6577,512,2167,4.232422
6578,512,2125,4.150391
6579,512,2041,3.986328
6580,512,2125,4.150391
6581,512,2083,4.068359
6582,512,8333,16.275391
6583,512,2167,4.232422
6584,512,2083,4.068359
6585,512,2083,4.068359
6586,512,2084,4.070312
6587,512,2083,4.068359
6588,512,2000,3.906250
6589,512,2208,4.312500
6590,512,2000,3.906250
6591,512,2250,4.394531
6592,512,1959,3.826172
6593,512,2042,3.988281
6594,512,2125,4.150391
6595,512,2125,4.150391
6596,512,2000,3.906250
6597,512,2041,3.986328
6598,512,2000,3.906250
6599,512,2000,3.906250
6600,512,2125,4.150391
6601,512,2041,3.986328
6602,512,2000,3.906250
6603,512,2083,4.068359
6604,512,2083,4.068359
6605,512,2000,3.906250
6606,512,2125,4.150391
6607,512,2000,3.906250
6608,512,2000,3.906250
6609,512,2000,3.906250
6610,512,2042,3.988281
6611,512,2125,4.150391
6612,512,2083,4.068359
6613,512,2167,4.232422
6614,512,2042,3.988281
6615,512,2416,4.718750
6616,512,2750,5.371094
6617,512,2708,5.289062
6618,512,2625,5.126953
6619,512,2666,5.207031
6620,512,2667,5.208984
6621,512,2583,5.044922
6622,512,2292,4.476562
6623,512,2125,4.150391
6624,512,2084,4.070312
6625,512,2083,4.068359
6626,512,2125,4.150391
6627,512,2083,4.068359
6628,512,2083,4.068359
6629,512,2000,3.906250
6630,512,2125,4.150391
6631,512,2000,3.906250
6632,512,2083,4.068359
6633,512,2083,4.068359
6634,512,2250,4.394531
6635,512,2083,4.068359
6636,512,2083,4.068359
6637,512,2125,4.150391
6638,512,2083,4.068359
6639,512,2208,4.312500
6640,512,2458,4.800781
6641,512,2125,4.150391
6642,512,2042,3.988281
6643,512,2166,4.230469
6644,512,2000,3.906250
6645,512,2042,3.988281
6646,512,2125,4.150391
6647,512,2042,3.988281
6648,512,2208,4.312500
6649,512,2125,4.150391
6650,512,2000,3.906250
6651,512,2000,3.906250
6652,512,2083,4.068359
6653,512,1958,3.824219
6654,512,2084,4.070312
6655,512,2084,4.070312
6656,512,2041,3.986328
6657,512,2042,3.988281
6658,512,1958,3.824219
6659,512,2083,4.068359
6660,512,2000,3.906250
6661,512,2083,4.068359
6662,512,2042,3.988281
6663,512,2041,3.986328
6664,512,2000,3.906250
6665,512,2042,3.988281
6666,512,2042,3.988281
6667,512,1958,3.824219
6668,512,2000,3.906250
6669,512,2000,3.906250
6670,512,2000,3.906250
6671,512,2000,3.906250
6672,512,1958,3.824219
6673,512,2000,3.906250
6674,512,2083,4.068359
6675,512,1917,3.744141
6676,512,2000,3.906250
6677,512,2083,4.068359
6678,512,2042,3.988281
6679,512,2083,4.068359
6680,512,2084,4.070312
6681,512,2125,4.150391
6682,512,2083,4.068359
6683,512,2083,4.068359
6684,512,2083,4.068359
6685,512,2042,3.988281
6686,512,2000,3.906250
6687,512,1958,3.824219
6688,512,2000,3.906250
6689,512,2042,3.988281
6690,512,2041,3.986328
6691,512,1959,3.826172
6692,512,2084,4.070312
6693,512,1959,3.826172
6694,512,2083,4.068359
6695,512,1958,3.824219
6696,512,2083,4.068359
6697,512,2042,3.988281
6698,512,2041,3.986328
6699,512,1959,3.826172
6700,512,1959,3.826172
6701,512,1958,3.824219
6702,512,2042,3.988281
6703,512,2042,3.988281
6704,512,1958,3.824219
6705,512,2042,3.988281
6706,512,1916,3.742188
6707,512,2042,3.988281
6708,512,2000,3.906250
6709,512,2041,3.986328
6710,512,2042,3.988281
6711,512,2083,4.068359
6712,512,2042,3.988281
6713,512,2000,3.906250
6714,512,2084,4.070312
6715,512,2000,3.906250
6716,512,2042,3.988281
6717,512,1958,3.824219
6718,512,1958,3.824219
6719,512,2167,4.232422
6720,512,2000,3.906250
6721,512,2208,4.312500
6722,512,2042,3.988281
6723,512,2042,3.988281
6724,512,2083,4.068359
6725,512,2083,4.068359
6726,512,2083,4.068359
6727,512,1959,3.826172
6728,512,1959,3.826172
6729,512,1958,3.824219
6730,512,2083,4.068359
6731,512,2042,3.988281
6732,512,2125,4.150391
6733,512,2041,3.986328
6734,512,2084,4.070312
6735,512,2000,3.906250
6736,512,1917,3.744141
6737,512,2000,3.906250
6738,512,2084,4.070312
6739,512,2042,3.988281
6740,512,2000,3.906250
6741,512,2041,3.986328
6742,512,2042,3.988281
6743,512,2042,3.988281
6744,512,2041,3.986328
6745,512,2042,3.988281
6746,512,2042,3.988281
6747,512,2000,3.906250
6748,512,1958,3.824219
6749,512,2000,3.906250
6750,512,2042,3.988281
6751,512,2167,4.232422
6752,512,1958,3.824219
6753,512,1958,3.824219
6754,512,1958,3.824219
6755,512,1917,3.744141
6756,512,2000,3.906250
6757,512,1917,3.744141
6758,512,2000,3.906250
6759,512,1916,3.742188
6760,512,1917,3.744141
6761,512,2041,3.986328
6762,512,2125,4.150391
6763,512,2084,4.070312
6764,512,2042,3.988281
6765,512,2167,4.232422
6766,512,2000,3.906250
6767,512,2042,3.988281
6768,512,1958,3.824219
6769,512,2084,4.070312
6770,512,2000,3.906250
6771,512,2083,4.068359
6772,512,2041,3.986328
6773,512,2000,3.906250
6774,512,2209,4.314453
6775,512,2041,3.986328
6776,512,2084,4.070312
6777,512,2000,3.906250
6778,512,2375,4.638672
6779,512,2542,4.964844
6780,512,2709,5.291016
6781,512,2459,4.802734
6782,512,2541,4.962891
6783,512,2542,4.964844
6784,512,2792,5.453125
6785,512,2458,4.800781
6786,512,2000,3.906250
6787,512,2042,3.988281
6788,512,2083,4.068359
6789,512,1958,3.824219
6790,512,2125,4.150391
6791,512,2167,4.232422
6792,512,2209,4.314453
6793,512,2083,4.068359
6794,512,2000,3.906250
6795,512,1958,3.824219
6796,512,2042,3.988281
6797,512,2083,4.068359
6798,512,2042,3.988281
6799,512,2042,3.988281
6800,512,1958,3.824219
6801,512,1958,3.824219
6802,512,1875,3.662109
6803,512,2041,3.986328
6804,512,2084,4.070312
6805,512,2083,4.068359
6806,512,1958,3.824219
6807,512,1958,3.824219
6808,512,2209,4.314453
6809,512,2041,3.986328
6810,512,2084,4.070312
6811,512,1917,3.744141
6812,512,2000,3.906250
6813,512,2042,3.988281
6814,512,2041,3.986328
6815,512,2250,4.394531
6816,512,2583,5.044922
6817,512,2625,5.126953
6818,512,2584,5.046875
6819,512,2625,5.126953
6820,512,2583,5.044922
6821,512,2583,5.044922
6822,512,2667,5.208984
6823,512,2792,5.453125
6824,512,2667,5.208984
6825,512,2459,4.802734
6826,512,2667,5.208984
6827,512,2750,5.371094
6828,512,2625,5.126953
6829,512,2708,5.289062
6830,512,2667,5.208984
6831,512,2708,5.289062
6832,512,2541,4.962891
6833,512,2792,5.453125
6834,512,2750,5.371094
6835,512,2125,4.150391
6836,512,2000,3.906250
6837,512,1917,3.744141
6838,512,1958,3.824219
6839,512,1958,3.824219
6840,512,2000,3.906250
6841,512,2042,3.988281
6842,512,2083,4.068359
6843,512,2167,4.232422
6844,512,2042,3.988281
6845,512,2041,3.986328
6846,512,2042,3.988281
6847,512,2125,4.150391
6848,512,2125,4.150391
6849,512,2042,3.988281
6850,512,2125,4.150391
6851,512,2000,3.906250
6852,512,2083,4.068359
6853,512,2167,4.232422
6854,512,2000,3.906250
6855,512,2167,4.232422
6856,512,2000,3.906250
6857,512,2083,4.068359
6858,512,1958,3.824219
6859,512,2042,3.988281
6860,512,2041,3.986328
6861,512,2083,4.068359
6862,512,1959,3.826172
6863,512,2083,4.068359
6864,512,2042,3.988281
6865,512,2166,4.230469
6866,512,2000,3.906250
6867,512,2000,3.906250
6868,512,2041,3.986328
6869,512,2167,4.232422
6870,512,2083,4.068359
6871,512,2042,3.988281
6872,512,1958,3.824219
6873,512,2000,3.906250
6874,512,2167,4.232422
6875,512,1958,3.824219
6876,512,2084,4.070312
6877,512,2125,4.150391
6878,512,2000,3.906250
6879,512,2125,4.150391
6880,512,2000,3.906250
6881,512,2125,4.150391
6882,512,2000,3.906250
6883,512,2208,4.312500
6884,512,2000,3.906250
6885,512,2041,3.986328
6886,512,2042,3.988281
6887,512,2000,3.906250
6888,512,2083,4.068359
6889,512,2083,4.068359
6890,512,2042,3.988281
6891,512,2125,4.150391
6892,512,2000,3.906250
6893,512,2083,4.068359
6894,512,2083,4.068359
6895,512,2042,3.988281
6896,512,2083,4.068359
6897,512,1958,3.824219
6898,512,2083,4.068359
6899,512,1875,3.662109
6900,512,2167,4.232422
6901,512,2000,3.906250
6902,512,2000,3.906250
6903,512,2000,3.906250
6904,512,2000,3.906250
6905,512,1958,3.824219
6906,512,2000,3.906250
6907,512,2000,3.906250
6908,512,2125,4.150391
6909,512,2083,4.068359
6910,512,2083,4.068359
6911,512,2042,3.988281
6912,512,2041,3.986328
6913,512,2125,4.150391
6914,512,2083,4.068359
6915,512,2125,4.150391
6916,512,2083,4.068359
6917,512,2084,4.070312
6918,512,2000,3.906250
6919,512,2042,3.988281
6920,512,2083,4.068359
6921,512,2084,4.070312
6922,512,2000,3.906250
6923,512,2042,3.988281
6924,512,2042,3.988281
6925,512,2125,4.150391
6926,512,2041,3.986328
6927,512,2000,3.906250
6928,512,2042,3.988281
6929,512,1958,3.824219
6930,512,2000,3.906250
6931,512,2000,3.906250
6932,512,1958,3.824219
6933,512,2083,4.068359
6934,512,2042,3.988281
6935,512,2042,3.988281
6936,512,2041,3.986328
6937,512,2000,3.906250
6938,512,2000,3.906250
6939,512,2000,3.906250
6940,512,2042,3.988281
6941,512,2042,3.988281
6942,512,2084,4.070312
6943,512,2083,4.068359
6944,512,2041,3.986328
6945,512,2000,3.906250
6946,512,2042,3.988281
6947,512,1958,3.824219
6948,512,2042,3.988281
6949,512,2041,3.986328
6950,512,2042,3.988281
6951,512,2000,3.906250
6952,512,2000,3.906250
6953,512,2083,4.068359
6954,512,2083,4.068359
6955,512,2083,4.068359
6956,512,2084,4.070312
6957,512,2000,3.906250
6958,512,2083,4.068359
6959,512,2084,4.070312
6960,512,2000,3.906250
6961,512,1917,3.744141
6962,512,2000,3.906250
6963,512,2041,3.986328
6964,512,2042,3.988281
6965,512,2083,4.068359
6966,512,2000,3.906250
6967,512,2125,4.150391
6968,512,2000,3.906250
6969,512,2042,3.988281
6970,512,2042,3.988281
6971,512,2000,3.906250
6972,512,2041,3.986328
6973,512,2125,4.150391
6974,512,1958,3.824219
6975,512,2083,4.068359
6976,512,2042,3.988281
6977,512,2125,4.150391
6978,512,2041,3.986328
6979,512,1958,3.824219
6980,512,2125,4.150391
6981,512,2083,4.068359
6982,512,2000,3.906250
6983,512,2042,3.988281
6984,512,2125,4.150391
6985,512,2083,4.068359
6986,512,2167,4.232422
6987,512,2000,3.906250
6988,512,2083,4.068359
6989,512,1958,3.824219
6990,512,2042,3.988281
6991,512,2000,3.906250
6992,512,2209,4.314453
6993,512,2041,3.986328
6994,512,2042,3.988281
6995,512,2083,4.068359
6996,512,2000,3.906250
6997,512,2042,3.988281
6998,512,2000,3.906250
6999,512,1958,3.824219
7000,512,1917,3.744141
7001,512,1959,3.826172
7002,512,2000,3.906250
7003,512,2000,3.906250
7004,512,1958,3.824219
7005,512,2042,3.988281
7006,512,2042,3.988281
7007,512,2000,3.906250
7008,512,2042,3.988281
7009,512,2042,3.988281
7010,512,2041,3.986328
7011,512,2083,4.068359
7012,512,2167,4.232422
7013,512,2000,3.906250
7014,512,2000,3.906250
7015,512,2083,4.068359
7016,512,2000,3.906250
7017,512,2042,3.988281
7018,512,2167,4.232422
7019,512,2041,3.986328
7020,512,2000,3.906250
7021,512,2209,4.314453
7022,512,2041,3.986328
7023,512,2250,4.394531
7024,512,2000,3.906250
7025,512,1958,3.824219
7026,512,1958,3.824219
7027,512,2125,4.150391
7028,512,2000,3.906250
7029,512,2083,4.068359
7030,512,2042,3.988281
7031,512,1959,3.826172
7032,512,2000,3.906250
7033,512,2084,4.070312
7034,512,2000,3.906250
7035,512,2083,4.068359
7036,512,2042,3.988281
7037,512,2000,3.906250
7038,512,2084,4.070312
7039,512,2041,3.986328
7040,512,2292,4.476562
7041,512,2167,4.232422
7042,512,2000,3.906250
7043,512,2000,3.906250
7044,512,2083,4.068359
7045,512,1958,3.824219
7046,512,1959,3.826172
7047,512,2000,3.906250
7048,512,2042,3.988281
7049,512,2125,4.150391
7050,512,2000,3.906250
7051,512,2000,3.906250
7052,512,2000,3.906250
7053,512,2042,3.988281
7054,512,2041,3.986328
7055,512,2042,3.988281
7056,512,2125,4.150391
7057,512,2000,3.906250
7058,512,2166,4.230469
7059,512,2000,3.906250
7060,512,2209,4.314453
7061,512,2041,3.986328
7062,512,1959,3.826172
7063,512,2041,3.986328
7064,512,1917,3.744141
7065,512,2000,3.906250
7066,512,2083,4.068359
7067,512,1958,3.824219
7068,512,2000,3.906250
7069,512,2042,3.988281
7070,512,2167,4.232422
7071,512,1958,3.824219
7072,512,2000,3.906250
7073,512,2000,3.906250
7074,512,1958,3.824219
7075,512,1958,3.824219
7076,512,2042,3.988281
7077,512,2083,4.068359
7078,512,2000,3.906250
7079,512,2125,4.150391
7080,512,2000,3.906250
7081,512,2000,3.906250
7082,512,2041,3.986328
7083,512,1958,3.824219
7084,512,2042,3.988281
7085,512,1958,3.824219
7086,512,2041,3.986328
7087,512,2042,3.988281
7088,512,2042,3.988281
7089,512,2083,4.068359
7090,512,2083,4.068359
7091,512,2000,3.906250
7092,512,2042,3.988281
7093,512,2041,3.986328
7094,512,2167,4.232422
7095,512,2000,3.906250
7096,512,2084,4.070312
7097,512,1916,3.742188
7098,512,1958,3.824219
7099,512,1959,3.826172
7100,512,2083,4.068359
7101,512,2000,3.906250
7102,512,2125,4.150391
7103,512,2083,4.068359
7104,512,2083,4.068359
7105,512,2042,3.988281
7106,512,2083,4.068359
7107,512,2000,3.906250
7108,512,2000,3.906250
7109,512,2000,3.906250
7110,512,2083,4.068359
7111,512,2083,4.068359
7112,512,1959,3.826172
7113,512,1959,3.826172
7114,512,2084,4.070312
7115,512,2000,3.906250
7116,512,2000,3.906250
7117,512,2084,4.070312
7118,512,2083,4.068359
7119,512,2042,3.988281
7120,512,1958,3.824219
7121,512,2083,4.068359
7122,512,2042,3.988281
7123,512,2041,3.986328
7124,512,1959,3.826172
7125,512,2125,4.150391
7126,512,1917,3.744141
7127,512,1958,3.824219
7128,512,2000,3.906250
7129,512,2083,4.068359
7130,512,2083,4.068359
7131,512,2084,4.070312
7132,512,2000,3.906250
7133,512,2084,4.070312
7134,512,2083,4.068359
7135,512,2083,4.068359
7136,512,2083,4.068359
7137,512,2083,4.068359
7138,512,1917,3.744141
7139,512,2041,3.986328
7140,512,2042,3.988281
7141,512,2125,4.150391
7142,512,2041,3.986328
7143,512,2042,3.988281
7144,512,2000,3.906250
7145,512,2083,4.068359
7146,512,2000,3.906250
7147,512,2000,3.906250
7148,512,2167,4.232422
7149,512,2000,3.906250
7150,512,2125,4.150391
7151,512,1958,3.824219
7152,512,2000,3.906250
7153,512,2125,4.150391
7154,512,2000,3.906250
7155,512,2000,3.906250
7156,512,1958,3.824219
7157,512,1958,3.824219
7158,512,2000,3.906250
7159,512,2000,3.906250
7160,512,1959,3.826172
7161,512,2041,3.986328
7162,512,2000,3.906250
7163,512,2042,3.988281
7164,512,2000,3.906250
7165,512,1917,3.744141
7166,512,2042,3.988281
7167,512,2042,3.988281
7168,512,2000,3.906250
7169,512,2083,4.068359
7170,512,2041,3.986328
7171,512,2042,3.988281
7172,512,1958,3.824219
7173,512,1959,3.826172
7174,512,2041,3.986328
7175,512,2000,3.906250
7176,512,2000,3.906250
7177,512,2000,3.906250
7178,512,1916,3.742188
7179,512,2083,4.068359
7180,512,1959,3.826172
7181,512,2042,3.988281
7182,512,1958,3.824219
7183,512,2000,3.906250
7184,512,1958,3.824219
7185,512,2042,3.988281
7186,512,2041,3.986328
7187,512,2042,3.988281
7188,512,2000,3.906250
7189,512,2000,3.906250
7190,512,2084,4.070312
7191,512,2042,3.988281
7192,512,2083,4.068359
7193,512,2042,3.988281
7194,512,2083,4.068359
7195,512,2084,4.070312
7196,512,2000,3.906250
7197,512,2042,3.988281
7198,512,2041,3.986328
7199,512,2042,3.988281
7200,512,2000,3.906250
7201,512,2000,3.906250
7202,512,2000,3.906250
7203,512,2042,3.988281
7204,512,1958,3.824219
7205,512,2000,3.906250
7206,512,1959,3.826172
7207,512,2083,4.068359
7208,512,1958,3.824219
7209,512,2000,3.906250
7210,512,2083,4.068359
7211,512,2084,4.070312
7212,512,2041,3.986328
7213,512,2000,3.906250
7214,512,1958,3.824219
7215,512,2000,3.906250
7216,512,2041,3.986328
7217,512,2000,3.906250
7218,512,1958,3.824219
7219,512,2125,4.150391
7220,512,2000,3.906250
7221,512,2083,4.068359
7222,512,2125,4.150391
7223,512,2000,3.906250
7224,512,2041,3.986328
7225,512,2042,3.988281
7226,512,2208,4.312500
7227,512,2042,3.988281
7228,512,2125,4.150391
7229,512,1916,3.742188
7230,512,2000,3.906250
7231,512,2042,3.988281
7232,512,2041,3.986328
7233,512,2042,3.988281
7234,512,2042,3.988281
7235,512,1917,3.744141
7236,512,2000,3.906250
7237,512,2125,4.150391
7238,512,2000,3.906250
7239,512,2167,4.232422
7240,512,1917,3.744141
7241,512,2166,4.230469
7242,512,2084,4.070312
7243,512,2042,3.988281
7244,512,2083,4.068359
7245,512,2125,4.150391
7246,512,2041,3.986328
7247,512,1959,3.826172
7248,512,2208,4.312500
7249,512,2083,4.068359
7250,512,2042,3.988281
7251,512,1958,3.824219
7252,512,2042,3.988281
7253,512,2000,3.906250
7254,512,2041,3.986328
7255,512,2209,4.314453
7256,512,2041,3.986328
7257,512,2042,3.988281
7258,512,2125,4.150391
7259,512,2083,4.068359
7260,512,2000,3.906250
7261,512,2167,4.232422
7262,512,2000,3.906250
7263,512,2042,3.988281
7264,512,2000,3.906250
7265,512,2125,4.150391
7266,512,2042,3.988281
7267,512,2000,3.906250
7268,512,1917,3.744141
7269,512,2041,3.986328
7270,512,2042,3.988281
7271,512,2000,3.906250
7272,512,2084,4.070312
7273,512,2000,3.906250
7274,512,2041,3.986328
7275,512,1917,3.744141
7276,512,1916,3.742188
7277,512,2000,3.906250
7278,512,2042,3.988281
7279,512,2000,3.906250
7280,512,2000,3.906250
7281,512,2000,3.906250
7282,512,1958,3.824219
7283,512,2042,3.988281
7284,512,2000,3.906250
7285,512,2084,4.070312
7286,512,2083,4.068359
7287,512,2000,3.906250
7288,512,2083,4.068359
7289,512,2083,4.068359
7290,512,2000,3.906250
7291,512,1959,3.826172
7292,512,2000,3.906250
7293,512,2042,3.988281
7294,512,1958,3.824219
7295,512,2042,3.988281
7296,512,2458,4.800781
7297,512,2000,3.906250
7298,512,2000,3.906250
7299,512,2042,3.988281
7300,512,1958,3.824219
7301,512,2042,3.988281
7302,512,2083,4.068359
7303,512,2042,3.988281
7304,512,1958,3.824219
7305,512,2000,3.906250
7306,512,2000,3.906250
7307,512,2083,4.068359
7308,512,1958,3.824219
7309,512,2000,3.906250
7310,512,2000,3.906250
7311,512,1958,3.824219
7312,512,2125,4.150391
7313,512,2000,3.906250
7314,512,1875,3.662109
7315,512,2042,3.988281
7316,512,1958,3.824219
7317,512,1917,3.744141
7318,512,1875,3.662109
7319,512,2125,4.150391
7320,512,1959,3.826172
7321,512,1959,3.826172
7322,512,2125,4.150391
7323,512,2041,3.986328
7324,512,2083,4.068359
7325,512,2042,3.988281
7326,512,2041,3.986328
7327,512,2084,4.070312
7328,512,1959,3.826172
7329,512,2083,4.068359
7330,512,2041,3.986328
7331,512,1917,3.744141
7332,512,2000,3.906250
7333,512,2083,4.068359
7334,512,2041,3.986328
7335,512,2042,3.988281
7336,512,1958,3.824219
7337,512,2000,3.906250
7338,512,2000,3.906250
7339,512,1958,3.824219
7340,512,2042,3.988281
7341,512,2041,3.986328
7342,512,2042,3.988281
7343,512,2083,4.068359
7344,512,1917,3.744141
7345,512,2000,3.906250
7346,512,1958,3.824219
7347,512,2125,4.150391
7348,512,2084,4.070312
7349,512,2041,3.986328
7350,512,2042,3.988281
7351,512,2000,3.906250
7352,512,2083,4.068359
7353,512,1959,3.826172
7354,512,1959,3.826172
7355,512,2000,3.906250
7356,512,2000,3.906250
7357,512,1917,3.744141
7358,512,2125,4.150391
7359,512,1958,3.824219
7360,512,2041,3.986328
7361,512,2084,4.070312
7362,512,1959,3.826172
7363,512,2041,3.986328
7364,512,1917,3.744141
7365,512,2041,3.986328
7366,512,2042,3.988281
7367,512,2083,4.068359
7368,512,2042,3.988281
7369,512,2000,3.906250
7370,512,1958,3.824219
7371,512,2000,3.906250
7372,512,1958,3.824219
7373,512,2084,4.070312
7374,512,2084,4.070312
7375,512,1958,3.824219
7376,512,2083,4.068359
7377,512,2042,3.988281
7378,512,2042,3.988281
7379,512,2041,3.986328
7380,512,2084,4.070312
7381,512,2000,3.906250
7382,512,1959,3.826172
7383,512,2042,3.988281
7384,512,2000,3.906250
7385,512,1916,3.742188
7386,512,2042,3.988281
7387,512,2125,4.150391
7388,512,2000,3.906250
7389,512,1958,3.824219
7390,512,1875,3.662109
7391,512,2042,3.988281
7392,512,2083,4.068359
7393,512,2083,4.068359
7394,512,2042,3.988281
7395,512,1958,3.824219
7396,512,2042,3.988281
7397,512,2083,4.068359
7398,512,1917,3.744141
7399,512,1917,3.744141
7400,512,2000,3.906250
7401,512,2042,3.988281
7402,512,2000,3.906250
7403,512,2000,3.906250
7404,512,2000,3.906250
7405,512,2083,4.068359
7406,512,2042,3.988281
7407,512,2125,4.150391
7408,512,2000,3.906250
7409,512,2042,3.988281
7410,512,1958,3.824219
7411,512,1958,3.824219
7412,512,2167,4.232422
7413,512,2000,3.906250
7414,512,2125,4.150391
7415,512,2000,3.906250
7416,512,2000,3.906250
7417,512,1958,3.824219
7418,512,2000,3.906250
7419,512,1958,3.824219
7420,512,2000,3.906250
7421,512,2083,4.068359
7422,512,1875,3.662109
7423,512,2083,4.068359
7424,512,2000,3.906250
7425,512,2041,3.986328
7426,512,2084,4.070312
7427,512,2041,3.986328
7428,512,2084,4.070312
7429,512,2083,4.068359
7430,512,2083,4.068359
7431,512,2042,3.988281
7432,512,2125,4.150391
7433,512,2041,3.986328
7434,512,1958,3.824219
7435,512,2083,4.068359
7436,512,2042,3.988281
7437,512,2041,3.986328
7438,512,2042,3.988281
7439,512,2000,3.906250
7440,512,2083,4.068359
7441,512,2084,4.070312
7442,512,2125,4.150391
7443,512,2041,3.986328
7444,512,2125,4.150391
7445,512,1959,3.826172
7446,512,2042,3.988281
7447,512,2041,3.986328
7448,512,1959,3.826172
7449,512,2042,3.988281
7450,512,2041,3.986328
7451,512,2042,3.988281
7452,512,2041,3.986328
7453,512,2000,3.906250
7454,512,2083,4.068359
7455,512,2125,4.150391
7456,512,2000,3.906250
7457,512,2042,3.988281
7458,512,2000,3.906250
7459,512,2042,3.988281
7460,512,2125,4.150391
7461,512,2042,3.988281
7462,512,2083,4.068359
7463,512,2000,3.906250
7464,512,1958,3.824219
7465,512,2083,4.068359
7466,512,2042,3.988281
7467,512,2125,4.150391
7468,512,1875,3.662109
7469,512,2041,3.986328
7470,512,2042,3.988281
7471,512,2000,3.906250
7472,512,2000,3.906250
7473,512,2083,4.068359
7474,512,2042,3.988281
7475,512,2125,4.150391
7476,512,2042,3.988281
7477,512,2042,3.988281
7478,512,2000,3.906250
7479,512,2000,3.906250
7480,512,2000,3.906250
7481,512,1959,3.826172
7482,512,1959,3.826172
7483,512,2000,3.906250
7484,512,2042,3.988281
7485,512,2000,3.906250
7486,512,2041,3.986328
7487,512,2000,3.906250
7488,512,2042,3.988281
7489,512,2042,3.988281
7490,512,2083,4.068359
7491,512,1958,3.824219
7492,512,2042,3.988281
7493,512,2042,3.988281
7494,512,1958,3.824219
7495,512,1958,3.824219
7496,512,2000,3.906250
7497,512,2041,3.986328
7498,512,2000,3.906250
7499,512,2083,4.068359
7500,512,2042,3.988281
7501,512,2000,3.906250
7502,512,2125,4.150391
7503,512,2000,3.906250
7504,512,2000,3.906250
7505,512,2042,3.988281
7506,512,2042,3.988281
7507,512,2041,3.986328
7508,512,2000,3.906250
7509,512,2042,3.988281
7510,512,2000,3.906250
7511,512,2042,3.988281
7512,512,2292,4.476562
7513,512,2708,5.289062
7514,512,2750,5.371094
7515,512,2458,4.800781
7516,512,2666,5.207031
7517,512,2500,4.882812
7518,512,2500,4.882812
7519,512,2291,4.474609
7520,512,2084,4.070312
7521,512,2084,4.070312
7522,512,2084,4.070312
7523,512,2083,4.068359
7524,512,2041,3.986328
7525,512,2209,4.314453
7526,512,2083,4.068359
7527,512,2167,4.232422
7528,512,2166,4.230469
7529,512,2125,4.150391
7530,512,2250,4.394531
7531,512,2125,4.150391
7532,512,1958,3.824219
7533,512,2125,4.150391
7534,512,2125,4.150391
7535,512,2042,3.988281
7536,512,2042,3.988281
7537,512,2000,3.906250
7538,512,2083,4.068359
7539,512,2167,4.232422
7540,512,2083,4.068359
7541,512,1959,3.826172
7542,512,2084,4.070312
7543,512,2041,3.986328
7544,512,1959,3.826172
7545,512,2042,3.988281
7546,512,2000,3.906250
7547,512,2083,4.068359
7548,512,2083,4.068359
7549,512,2000,3.906250
7550,512,2042,3.988281
7551,512,2125,4.150391
7552,512,2167,4.232422
7553,512,2042,3.988281
7554,512,2000,3.906250
7555,512,2000,3.906250
7556,512,2000,3.906250
7557,512,2250,4.394531
7558,512,2750,5.371094
7559,512,2667,5.208984
7560,512,2583,5.044922
7561,512,2583,5.044922
7562,512,2500,4.882812
7563,512,2583,5.044922
7564,512,2209,4.314453
7565,512,2041,3.986328
7566,512,2042,3.988281
7567,512,2083,4.068359
7568,512,2167,4.232422
7569,512,2042,3.988281
7570,512,2083,4.068359
7571,512,2000,3.906250
7572,512,2125,4.150391
7573,512,2084,4.070312
7574,512,2125,4.150391
7575,512,2083,4.068359
7576,512,2041,3.986328
7577,512,2125,4.150391
7578,512,2167,4.232422
7579,512,2000,3.906250
7580,512,2083,4.068359
7581,512,2125,4.150391
7582,512,2083,4.068359
7583,512,2083,4.068359
7584,512,2209,4.314453
7585,512,2000,3.906250
7586,512,2166,4.230469
7587,512,2125,4.150391
7588,512,2209,4.314453
7589,512,2167,4.232422
7590,512,2208,4.312500
7591,512,2209,4.314453
7592,512,2166,4.230469
7593,512,2125,4.150391
7594,512,2042,3.988281
7595,512,2166,4.230469
7596,512,2167,4.232422
7597,512,2125,4.150391
7598,512,2167,4.232422
7599,512,2125,4.150391
7600,512,2041,3.986328
7601,512,2209,4.314453
7602,512,2000,3.906250
7603,512,2209,4.314453
7604,512,2083,4.068359
7605,512,2042,3.988281
7606,512,2084,4.070312
7607,512,2166,4.230469
7608,512,2000,3.906250
7609,512,2209,4.314453
7610,512,2125,4.150391
7611,512,2083,4.068359
7612,512,2042,3.988281
7613,512,2084,4.070312
7614,512,2041,3.986328
7615,512,2084,4.070312
7616,512,2125,4.150391
7617,512,2125,4.150391
7618,512,2125,4.150391
7619,512,2125,4.150391
7620,512,2042,3.988281
7621,512,2083,4.068359
7622,512,2000,3.906250
7623,512,2083,4.068359
7624,512,2125,4.150391
7625,512,2625,5.126953
7626,512,2833,5.533203
7627,512,2542,4.964844
7628,512,2667,5.208984
7629,512,2583,5.044922
7630,512,2625,5.126953
7631,512,2542,4.964844
7632,512,2083,4.068359
7633,512,2125,4.150391
7634,512,2125,4.150391
7635,512,2166,4.230469
7636,512,2125,4.150391
7637,512,2083,4.068359
7638,512,2083,4.068359
7639,512,2167,4.232422
7640,512,2291,4.474609
7641,512,2125,4.150391
7642,512,2167,4.232422
7643,512,2416,4.718750
7644,512,2167,4.232422
7645,512,1958,3.824219
7646,512,2125,4.150391
7647,512,2083,4.068359
7648,512,2042,3.988281
7649,512,2084,4.070312
7650,512,2125,4.150391
7651,512,2166,4.230469
7652,512,2334,4.558594
7653,512,2000,3.906250
7654,512,1917,3.744141
7655,512,2000,3.906250
7656,512,2000,3.906250
7657,512,2083,4.068359
7658,512,2083,4.068359
7659,512,2000,3.906250
7660,512,2041,3.986328
7661,512,2000,3.906250
7662,512,2125,4.150391
7663,512,1958,3.824219
7664,512,2000,3.906250
7665,512,2083,4.068359
7666,512,2000,3.906250
7667,512,2042,3.988281
7668,512,2000,3.906250
7669,512,1959,3.826172
7670,512,2042,3.988281
7671,512,2000,3.906250
7672,512,2042,3.988281
7673,512,2000,3.906250
7674,512,2042,3.988281
7675,512,2042,3.988281
7676,512,1958,3.824219
7677,512,2000,3.906250
7678,512,2042,3.988281
7679,512,2083,4.068359
7680,512,2083,4.068359
7681,512,2000,3.906250
7682,512,2083,4.068359
7683,512,2084,4.070312
7684,512,2041,3.986328
7685,512,2042,3.988281
7686,512,2083,4.068359
7687,512,1959,3.826172
7688,512,2042,3.988281
7689,512,2042,3.988281
7690,512,2084,4.070312
7691,512,2000,3.906250
7692,512,2084,4.070312
7693,512,2125,4.150391
7694,512,1958,3.824219
7695,512,2125,4.150391
7696,512,2000,3.906250
7697,512,2042,3.988281
7698,512,2041,3.986328
7699,512,2042,3.988281
7700,512,2000,3.906250
7701,512,1958,3.824219
7702,512,1958,3.824219
7703,512,2000,3.906250
7704,512,2083,4.068359
7705,512,2084,4.070312
7706,512,2041,3.986328
7707,512,2042,3.988281
7708,512,2083,4.068359
7709,512,2084,4.070312
7710,512,2041,3.986328
7711,512,2042,3.988281
7712,512,2083,4.068359
7713,512,2083,4.068359
7714,512,1959,3.826172
7715,512,2125,4.150391
7716,512,1958,3.824219
7717,512,2125,4.150391
7718,512,1958,3.824219
7719,512,2042,3.988281
7720,512,2000,3.906250
7721,512,2041,3.986328
7722,512,2000,3.906250
7723,512,2167,4.232422
7724,512,2042,3.988281
7725,512,2166,4.230469
7726,512,2084,4.070312
7727,512,1958,3.824219
7728,512,2042,3.988281
7729,512,1917,3.744141
7730,512,2125,4.150391
7731,512,2000,3.906250
7732,512,2083,4.068359
7733,512,2083,4.068359
7734,512,2042,3.988281
7735,512,1917,3.744141
7736,512,2083,4.068359
7737,512,2000,3.906250
7738,512,2084,4.070312
7739,512,2125,4.150391
7740,512,1958,3.824219
7741,512,1958,3.824219
7742,512,2041,3.986328
7743,512,2042,3.988281
7744,512,1958,3.824219
7745,512,2000,3.906250
7746,512,2084,4.070312
7747,512,2042,3.988281
7748,512,2000,3.906250
7749,512,2000,3.906250
7750,512,2042,3.988281
7751,512,2000,3.906250
7752,512,2125,4.150391
7753,512,2042,3.988281
7754,512,2000,3.906250
7755,512,2042,3.988281
7756,512,2125,4.150391
7757,512,2000,3.906250
7758,512,2125,4.150391
7759,512,2000,3.906250
7760,512,2000,3.906250
7761,512,1959,3.826172
7762,512,2000,3.906250
7763,512,2042,3.988281
7764,512,2041,3.986328
7765,512,2000,3.906250
7766,512,2042,3.988281
7767,512,1958,3.824219
7768,512,1916,3.742188
7769,512,2083,4.068359
7770,512,2000,3.906250
7771,512,2000,3.906250
7772,512,2000,3.906250
7773,512,2000,3.906250
7774,512,1959,3.826172
7775,512,2083,4.068359
7776,512,2000,3.906250
7777,512,2083,4.068359
7778,512,2125,4.150391
7779,512,1917,3.744141
7780,512,2083,4.068359
7781,512,1916,3.742188
7782,512,2083,4.068359
7783,512,2000,3.906250
7784,512,2000,3.906250
7785,512,2084,4.070312
7786,512,1959,3.826172
7787,512,2125,4.150391
7788,512,2125,4.150391
7789,512,1958,3.824219
7790,512,2083,4.068359
7791,512,2167,4.232422
7792,512,2042,3.988281
7793,512,2083,4.068359
7794,512,1958,3.824219
7795,512,1958,3.824219
7796,512,2084,4.070312
7797,512,1958,3.824219
7798,512,2166,4.230469
7799,512,2084,4.070312
7800,512,2083,4.068359
7801,512,2041,3.986328
7802,512,2042,3.988281
7803,512,2083,4.068359
7804,512,1958,3.824219
7805,512,2083,4.068359
7806,512,2000,3.906250
7807,512,2042,3.988281
7808,512,2167,4.232422
7809,512,2000,3.906250
7810,512,2000,3.906250
7811,512,2000,3.906250
7812,512,2041,3.986328
7813,512,2042,3.988281
7814,512,2000,3.906250
7815,512,1958,3.824219
7816,512,2041,3.986328
7817,512,2042,3.988281
7818,512,2042,3.988281
7819,512,1875,3.662109
7820,512,2084,4.070312
7821,512,2041,3.986328
7822,512,2000,3.906250
7823,512,2042,3.988281
7824,512,2041,3.986328
7825,512,2167,4.232422
7826,512,1958,3.824219
7827,512,2042,3.988281
7828,512,2000,3.906250
7829,512,1917,3.744141
7830,512,2000,3.906250
7831,512,1959,3.826172
7832,512,2041,3.986328
7833,512,2000,3.906250
7834,512,2000,3.906250
7835,512,2083,4.068359
7836,512,2000,3.906250
7837,512,1917,3.744141
7838,512,2083,4.068359
7839,512,2125,4.150391
7840,512,1958,3.824219
7841,512,2083,4.068359
7842,512,2167,4.232422
7843,512,2042,3.988281
7844,512,2125,4.150391
7845,512,2042,3.988281
7846,512,2208,4.312500
7847,512,2042,3.988281
7848,512,2000,3.906250
7849,512,2125,4.150391
7850,512,2000,3.906250
7851,512,2084,4.070312
7852,512,2000,3.906250
7853,512,2042,3.988281
7854,512,2000,3.906250
7855,512,2083,4.068359
7856,512,2042,3.988281
7857,512,2000,3.906250
7858,512,2042,3.988281
7859,512,2083,4.068359
7860,512,2000,3.906250
7861,512,2166,4.230469
7862,512,2042,3.988281
7863,512,2041,3.986328
7864,512,2083,4.068359
7865,512,2167,4.232422
7866,512,1958,3.824219
7867,512,2083,4.068359
7868,512,2000,3.906250
7869,512,2000,3.906250
7870,512,2042,3.988281
7871,512,2041,3.986328
7872,512,2084,4.070312
7873,512,2083,4.068359
7874,512,2042,3.988281
7875,512,2208,4.312500
7876,512,2042,3.988281
7877,512,2042,3.988281
7878,512,2083,4.068359
7879,512,1959,3.826172
7880,512,2000,3.906250
7881,512,2000,3.906250
7882,512,2000,3.906250
7883,512,2042,3.988281
7884,512,2083,4.068359
7885,512,2000,3.906250
7886,512,1958,3.824219
7887,512,2041,3.986328
7888,512,2084,4.070312
7889,512,2083,4.068359
7890,512,2000,3.906250
7891,512,2125,4.150391
7892,512,2042,3.988281
7893,512,1916,3.742188
7894,512,2042,3.988281
7895,512,1958,3.824219
7896,512,2083,4.068359
7897,512,2042,3.988281
7898,512,2042,3.988281
7899,512,2000,3.906250
7900,512,2084,4.070312
7901,512,2000,3.906250
7902,512,2125,4.150391
7903,512,2084,4.070312
7904,512,2000,3.906250
7905,512,2000,3.906250
7906,512,2167,4.232422
7907,512,2083,4.068359
7908,512,2000,3.906250
7909,512,2083,4.068359
7910,512,2042,3.988281
7911,512,2125,4.150391
7912,512,2000,3.906250
7913,512,2000,3.906250
7914,512,2042,3.988281
7915,512,2083,4.068359
7916,512,2000,3.906250
7917,512,2084,4.070312
7918,512,2042,3.988281
7919,512,2083,4.068359
7920,512,1959,3.826172
7921,512,2000,3.906250
7922,512,2125,4.150391
7923,512,2084,4.070312
7924,512,2000,3.906250
7925,512,2041,3.986328
7926,512,2084,4.070312
7927,512,1917,3.744141
7928,512,1958,3.824219
7929,512,2000,3.906250
7930,512,2000,3.906250
7931,512,2000,3.906250
7932,512,2084,4.070312
7933,512,2166,4.230469
7934,512,2042,3.988281
7935,512,2167,4.232422
7936,512,2083,4.068359
7937,512,2041,3.986328
7938,512,2084,4.070312
7939,512,2000,3.906250
7940,512,2084,4.070312
7941,512,1916,3.742188
7942,512,2000,3.906250
7943,512,1917,3.744141
7944,512,1916,3.742188
7945,512,2042,3.988281
7946,512,2041,3.986328
7947,512,2125,4.150391
7948,512,2083,4.068359
7949,512,2000,3.906250
7950,512,2000,3.906250
7951,512,1958,3.824219
7952,512,2084,4.070312
7953,512,2083,4.068359
7954,512,1958,3.824219
7955,512,2083,4.068359
7956,512,2042,3.988281
7957,512,1958,3.824219
7958,512,1958,3.824219
7959,512,2042,3.988281
7960,512,1958,3.824219
7961,512,2041,3.986328
7962,512,2042,3.988281
7963,512,2125,4.150391
7964,512,2000,3.906250
7965,512,2000,3.906250
7966,512,2041,3.986328
7967,512,2000,3.906250
7968,512,2042,3.988281
7969,512,1958,3.824219
7970,512,2125,4.150391
7971,512,1958,3.824219
7972,512,2000,3.906250
7973,512,1958,3.824219
7974,512,2000,3.906250
7975,512,2000,3.906250
7976,512,2000,3.906250
7977,512,2041,3.986328
7978,512,2000,3.906250
7979,512,2042,3.988281
7980,512,1959,3.826172
7981,512,1958,3.824219
7982,512,2083,4.068359
7983,512,2042,3.988281
7984,512,2041,3.986328
7985,512,2000,3.906250
7986,512,2000,3.906250
7987,512,2084,4.070312
7988,512,2000,3.906250
7989,512,2041,3.986328
7990,512,2000,3.906250
7991,512,2042,3.988281
7992,512,2083,4.068359
7993,512,2083,4.068359
7994,512,1958,3.824219
7995,512,2000,3.906250
7996,512,2042,3.988281
7997,512,2083,4.068359
7998,512,2084,4.070312
7999,512,2000,3.906250
8000,512,2083,4.068359
8001,512,2208,4.312500
8002,512,2000,3.906250
8003,512,2083,4.068359
8004,512,2042,3.988281
8005,512,1916,3.742188
8006,512,2084,4.070312
8007,512,2000,3.906250
8008,512,2000,3.906250
8009,512,2000,3.906250
8010,512,2000,3.906250
8011,512,2000,3.906250
8012,512,2042,3.988281
8013,512,2083,4.068359
8014,512,2084,4.070312
8015,512,2042,3.988281
8016,512,2042,3.988281
8017,512,2000,3.906250
8018,512,2000,3.906250
8019,512,1958,3.824219
8020,512,2042,3.988281
8021,512,2000,3.906250
8022,512,2000,3.906250
8023,512,2000,3.906250
8024,512,2084,4.070312
8025,512,2084,4.070312
8026,512,1875,3.662109
8027,512,2083,4.068359
8028,512,2083,4.068359
8029,512,2042,3.988281
8030,512,2041,3.986328
8031,512,2000,3.906250
8032,512,2083,4.068359
8033,512,2042,3.988281
8034,512,2042,3.988281
8035,512,2166,4.230469
8036,512,2000,3.906250
8037,512,1959,3.826172
8038,512,1959,3.826172
8039,512,2083,4.068359
8040,512,2042,3.988281
8041,512,2041,3.986328
8042,512,2000,3.906250
8043,512,2042,3.988281
8044,512,2000,3.906250
8045,512,2083,4.068359
8046,512,2042,3.988281
8047,512,2000,3.906250
8048,512,2000,3.906250
8049,512,2041,3.986328
8050,512,2042,3.988281
8051,512,1958,3.824219
8052,512,2000,3.906250
8053,512,2125,4.150391
8054,512,2000,3.906250
8055,512,2000,3.906250
8056,512,2000,3.906250
8057,512,2084,4.070312
8058,512,2000,3.906250
8059,512,2042,3.988281
8060,512,2000,3.906250
8061,512,1958,3.824219
8062,512,1917,3.744141
8063,512,2083,4.068359
8064,512,2167,4.232422
8065,512,2083,4.068359
8066,512,1916,3.742188
8067,512,2084,4.070312
8068,512,2000,3.906250
8069,512,2083,4.068359
8070,512,2083,4.068359
8071,512,2000,3.906250
8072,512,1917,3.744141
8073,512,2042,3.988281
8074,512,2042,3.988281
8075,512,2041,3.986328
8076,512,2000,3.906250
8077,512,2084,4.070312
8078,512,2083,4.068359
8079,512,2042,3.988281
8080,512,2041,3.986328
8081,512,2000,3.906250
8082,512,2042,3.988281
8083,512,2042,3.988281
8084,512,2083,4.068359
8085,512,2042,3.988281
8086,512,2000,3.906250
8087,512,2166,4.230469
8088,512,2000,3.906250
8089,512,2042,3.988281
8090,512,1959,3.826172
8091,512,2041,3.986328
8092,512,2084,4.070312
8093,512,2042,3.988281
8094,512,2041,3.986328
8095,512,1917,3.744141
8096,512,2125,4.150391
8097,512,2000,3.906250
8098,512,2041,3.986328
8099,512,1959,3.826172
8100,512,1959,3.826172
8101,512,2084,4.070312
8102,512,2041,3.986328
8103,512,2042,3.988281
8104,512,2125,4.150391
8105,512,2083,4.068359
8106,512,2000,3.906250
8107,512,2042,3.988281
8108,512,2125,4.150391
8109,512,2084,4.070312
8110,512,2000,3.906250
8111,512,2000,3.906250
8112,512,2042,3.988281
8113,512,2041,3.986328
8114,512,1958,3.824219
8115,512,2084,4.070312
8116,512,2042,3.988281
8117,512,2042,3.988281
8118,512,2042,3.988281
8119,512,2042,3.988281
8120,512,2000,3.906250
8121,512,2000,3.906250
8122,512,2000,3.906250
8123,512,2000,3.906250
8124,512,2041,3.986328
8125,512,2000,3.906250
8126,512,2042,3.988281
8127,512,1917,3.744141
8128,512,2125,4.150391
8129,512,2041,3.986328
8130,512,2000,3.906250
8131,512,2042,3.988281
8132,512,2000,3.906250
8133,512,2083,4.068359
8134,512,2000,3.906250
8135,512,2083,4.068359
8136,512,2000,3.906250
8137,512,2167,4.232422
8138,512,2000,3.906250
8139,512,2125,4.150391
8140,512,2084,4.070312
8141,512,2000,3.906250
8142,512,2125,4.150391
8143,512,2000,3.906250
8144,512,2084,4.070312
8145,512,2000,3.906250
8146,512,2083,4.068359
8147,512,1958,3.824219
8148,512,2084,4.070312
8149,512,1958,3.824219
8150,512,2083,4.068359
8151,512,2042,3.988281
8152,512,1958,3.824219
8153,512,2042,3.988281
8154,512,2000,3.906250
8155,512,2041,3.986328
8156,512,2042,3.988281
8157,512,2125,4.150391
8158,512,2000,3.906250
8159,512,2000,3.906250
8160,512,2000,3.906250
8161,512,2000,3.906250
8162,512,2042,3.988281
8163,512,2041,3.986328
8164,512,2042,3.988281
8165,512,1958,3.824219
8166,512,2000,3.906250
8167,512,2000,3.906250
8168,512,1958,3.824219
8169,512,2083,4.068359
8170,512,2125,4.150391
8171,512,2042,3.988281
8172,512,2042,3.988281
8173,512,2083,4.068359
8174,512,2042,3.988281
8175,512,2000,3.906250
8176,512,2000,3.906250
8177,512,2000,3.906250
8178,512,2041,3.986328
8179,512,2042,3.988281
8180,512,2000,3.906250
8181,512,2000,3.906250
8182,512,2083,4.068359
8183,512,2000,3.906250
8184,512,2042,3.988281
8185,512,2000,3.906250
8186,512,2084,4.070312
8187,512,2000,3.906250
8188,512,1958,3.824219
8189,512,2000,3.906250
8190,512,2042,3.988281
8191,512,2167,4.232422
8192,512,2041,3.986328
8193,512,2125,4.150391
8194,512,2125,4.150391
8195,512,2042,3.988281
8196,512,2125,4.150391
8197,512,1958,3.824219
8198,512,2000,3.906250
8199,512,2166,4.230469
8200,512,1917,3.744141
8201,512,2041,3.986328
8202,512,2042,3.988281
8203,512,2041,3.986328
8204,512,1959,3.826172
8205,512,2042,3.988281
8206,512,2000,3.906250
8207,512,2125,4.150391
8208,512,2167,4.232422
8209,512,2083,4.068359
8210,512,2042,3.988281
8211,512,2000,3.906250
8212,512,2042,3.988281
8213,512,2000,3.906250
8214,512,1958,3.824219
8215,512,2125,4.150391
8216,512,2000,3.906250
8217,512,2083,4.068359
8218,512,2042,3.988281
8219,512,2042,3.988281
8220,512,1958,3.824219
8221,512,2125,4.150391
8222,512,1958,3.824219
8223,512,1958,3.824219
8224,512,2000,3.906250
8225,512,2000,3.906250
8226,512,2042,3.988281
8227,512,2042,3.988281
8228,512,1958,3.824219
8229,512,2041,3.986328
8230,512,1917,3.744141
8231,512,2000,3.906250
8232,512,2084,4.070312
8233,512,1958,3.824219
8234,512,2042,3.988281
8235,512,1916,3.742188
8236,512,1917,3.744141
8237,512,2041,3.986328
8238,512,2084,4.070312
8239,512,2000,3.906250
8240,512,2000,3.906250
8241,512,2000,3.906250
8242,512,2041,3.986328
8243,512,2084,4.070312
8244,512,2084,4.070312
8245,512,1959,3.826172
8246,512,2000,3.906250
8247,512,2000,3.906250
8248,512,2083,4.068359
8249,512,2042,3.988281
8250,512,2000,3.906250
8251,512,2000,3.906250
8252,512,2125,4.150391
8253,512,2166,4.230469
8254,512,2042,3.988281
8255,512,2000,3.906250
8256,512,2125,4.150391
8257,512,2042,3.988281
8258,512,2125,4.150391
8259,512,2042,3.988281
8260,512,2000,3.906250
8261,512,2084,4.070312
8262,512,1959,3.826172
8263,512,2041,3.986328
8264,512,2000,3.906250
8265,512,2042,3.988281
8266,512,1959,3.826172
8267,512,2083,4.068359
8268,512,2042,3.988281
8269,512,2041,3.986328
8270,512,1958,3.824219
8271,512,2000,3.906250
8272,512,2167,4.232422
8273,512,2041,3.986328
8274,512,2042,3.988281
8275,512,2083,4.068359
8276,512,1958,3.824219
8277,512,2125,4.150391
8278,512,2084,4.070312
8279,512,2000,3.906250
8280,512,2125,4.150391
8281,512,2125,4.150391
8282,512,2084,4.070312
8283,512,2041,3.986328
8284,512,2167,4.232422
8285,512,2083,4.068359
8286,512,2000,3.906250
8287,512,2084,4.070312
8288,512,2041,3.986328
8289,512,2083,4.068359
8290,512,2000,3.906250
8291,512,2042,3.988281
8292,512,1916,3.742188
8293,512,2000,3.906250
8294,512,2000,3.906250
8295,512,2000,3.906250
8296,512,2041,3.986328
8297,512,1917,3.744141
8298,512,2083,4.068359
8299,512,2084,4.070312
8300,512,2000,3.906250
8301,512,2042,3.988281
8302,512,2000,3.906250
8303,512,2000,3.906250
8304,512,2042,3.988281
8305,512,2125,4.150391
8306,512,2000,3.906250
8307,512,2041,3.986328
8308,512,2000,3.906250
8309,512,2000,3.906250
8310,512,2000,3.906250
8311,512,2084,4.070312
8312,512,2041,3.986328
8313,512,1959,3.826172
8314,512,2000,3.906250
8315,512,2084,4.070312
8316,512,2125,4.150391
8317,512,2000,3.906250
8318,512,2000,3.906250
8319,512,2083,4.068359
8320,512,2208,4.312500
8321,512,2042,3.988281
8322,512,1959,3.826172
8323,512,2041,3.986328
8324,512,1917,3.744141
8325,512,2042,3.988281
8326,512,2000,3.906250
8327,512,2042,3.988281
8328,512,1917,3.744141
8329,512,2000,3.906250
8330,512,2000,3.906250
8331,512,1917,3.744141
8332,512,2041,3.986328
8333,512,2042,3.988281
8334,512,2083,4.068359
8335,512,2000,3.906250
8336,512,2042,3.988281
8337,512,1958,3.824219
8338,512,2042,3.988281
8339,512,2083,4.068359
8340,512,2000,3.906250
8341,512,2000,3.906250
8342,512,2000,3.906250
8343,512,1958,3.824219
8344,512,2000,3.906250
8345,512,2041,3.986328
8346,512,1958,3.824219
8347,512,2042,3.988281
8348,512,2125,4.150391
8349,512,2125,4.150391
8350,512,2000,3.906250
8351,512,2084,4.070312
8352,512,2042,3.988281
8353,512,1958,3.824219
8354,512,2000,3.906250
8355,512,2041,3.986328
8356,512,2125,4.150391
8357,512,1959,3.826172
8358,512,2125,4.150391
8359,512,2000,3.906250
8360,512,2000,3.906250
8361,512,2000,3.906250
8362,512,1958,3.824219
8363,512,2042,3.988281
8364,512,2041,3.986328
8365,512,1959,3.826172
8366,512,2084,4.070312
8367,512,2125,4.150391
8368,512,1959,3.826172
8369,512,2084,4.070312
8370,512,2000,3.906250
8371,512,1959,3.826172
8372,512,1959,3.826172
8373,512,2041,3.986328
8374,512,2042,3.988281
8375,512,2041,3.986328
8376,512,2167,4.232422
8377,512,1917,3.744141
8378,512,2000,3.906250
8379,512,2084,4.070312
8380,512,2000,3.906250
8381,512,2125,4.150391
8382,512,2041,3.986328
8383,512,2042,3.988281
8384,512,2041,3.986328
8385,512,2042,3.988281
8386,512,1958,3.824219
8387,512,2000,3.906250
8388,512,1958,3.824219
8389,512,1958,3.824219
8390,512,2000,3.906250
8391,512,2000,3.906250
8392,512,2166,4.230469
8393,512,2042,3.988281
8394,512,1958,3.824219
8395,512,2041,3.986328
8396,512,2000,3.906250
8397,512,2000,3.906250
8398,512,1958,3.824219
8399,512,2084,4.070312
8400,512,2000,3.906250
8401,512,2000,3.906250
8402,512,1958,3.824219
8403,512,2084,4.070312
8404,512,2042,3.988281
8405,512,2041,3.986328
8406,512,2042,3.988281
8407,512,1958,3.824219
8408,512,2042,3.988281
8409,512,2042,3.988281
8410,512,2042,3.988281
8411,512,2125,4.150391
8412,512,2000,3.906250
8413,512,2125,4.150391
8414,512,2000,3.906250
8415,512,2041,3.986328
8416,512,2083,4.068359
8417,512,1959,3.826172
8418,512,2041,3.986328
8419,512,2083,4.068359
8420,512,2042,3.988281
8421,512,2042,3.988281
8422,512,2166,4.230469
8423,512,2000,3.906250
8424,512,2125,4.150391
8425,512,2042,3.988281
8426,512,2000,3.906250
8427,512,2042,3.988281
8428,512,2041,3.986328
8429,512,2042,3.988281
8430,512,2083,4.068359
8431,512,2000,3.906250
8432,512,2000,3.906250
8433,512,2000,3.906250
8434,512,2000,3.906250
8435,512,2083,4.068359
8436,512,1959,3.826172
8437,512,2041,3.986328
8438,512,2042,3.988281
8439,512,2083,4.068359
8440,512,1958,3.824219
8441,512,2000,3.906250
8442,512,2000,3.906250
8443,512,2000,3.906250
8444,512,2000,3.906250
8445,512,2084,4.070312
8446,512,2042,3.988281
8447,512,2042,3.988281
8448,512,2000,3.906250
8449,512,2000,3.906250
8450,512,2042,3.988281
8451,512,1958,3.824219
8452,512,2083,4.068359
8453,512,2042,3.988281
8454,512,1958,3.824219
8455,512,2041,3.986328
8456,512,2000,3.906250
8457,512,2042,3.988281
8458,512,2042,3.988281
8459,512,2000,3.906250
8460,512,1958,3.824219
8461,512,2125,4.150391
8462,512,2042,3.988281
8463,512,1959,3.826172
8464,512,2084,4.070312
8465,512,2084,4.070312
8466,512,1958,3.824219
8467,512,2000,3.906250
8468,512,2000,3.906250
8469,512,2000,3.906250
8470,512,2000,3.906250
8471,512,2000,3.906250
8472,512,2084,4.070312
8473,512,1958,3.824219
8474,512,2000,3.906250
8475,512,2042,3.988281
8476,512,2000,3.906250
8477,512,1958,3.824219
8478,512,2083,4.068359
8479,512,2167,4.232422
8480,512,2042,3.988281
8481,512,2125,4.150391
8482,512,1958,3.824219
8483,512,2042,3.988281
8484,512,2000,3.906250
8485,512,2084,4.070312
8486,512,2000,3.906250
8487,512,1917,3.744141
8488,512,2166,4.230469
8489,512,2125,4.150391
8490,512,2042,3.988281
8491,512,2083,4.068359
8492,512,2000,3.906250
8493,512,1958,3.824219
8494,512,2083,4.068359
8495,512,2000,3.906250
8496,512,2041,3.986328
8497,512,2042,3.988281
8498,512,2083,4.068359
8499,512,2000,3.906250
8500,512,2041,3.986328
8501,512,1958,3.824219
8502,512,2084,4.070312
8503,512,2041,3.986328
8504,512,2083,4.068359
8505,512,2000,3.906250
8506,512,2042,3.988281
8507,512,2083,4.068359
8508,512,2084,4.070312
8509,512,2083,4.068359
8510,512,2000,3.906250
8511,512,2041,3.986328
8512,512,1959,3.826172
8513,512,2083,4.068359
8514,512,2167,4.232422
8515,512,2042,3.988281
8516,512,1958,3.824219
8517,512,2000,3.906250
8518,512,2042,3.988281
8519,512,2041,3.986328
8520,512,2000,3.906250
8521,512,1958,3.824219
8522,512,2000,3.906250
8523,512,2042,3.988281
8524,512,2041,3.986328
8525,512,2042,3.988281
8526,512,2084,4.070312
8527,512,2041,3.986328
8528,512,2042,3.988281
8529,512,1958,3.824219
8530,512,2042,3.988281
8531,512,2125,4.150391
8532,512,2041,3.986328
8533,512,2000,3.906250
8534,512,2042,3.988281
8535,512,1916,3.742188
8536,512,2084,4.070312
8537,512,2083,4.068359
8538,512,2083,4.068359
8539,512,2084,4.070312
8540,512,2083,4.068359
8541,512,1958,3.824219
8542,512,2000,3.906250
8543,512,2125,4.150391
8544,512,2000,3.906250
8545,512,2041,3.986328
8546,512,2125,4.150391
8547,512,2083,4.068359
8548,512,2125,4.150391
8549,512,2083,4.068359
8550,512,1958,3.824219
8551,512,2042,3.988281
8552,512,2042,3.988281
8553,512,1916,3.742188
8554,512,2042,3.988281
8555,512,2166,4.230469
8556,512,2084,4.070312
8557,512,2000,3.906250
8558,512,2041,3.986328
8559,512,2000,3.906250
8560,512,2042,3.988281
8561,512,2125,4.150391
8562,512,2042,3.988281
8563,512,2000,3.906250
8564,512,2041,3.986328
8565,512,2125,4.150391
8566,512,2084,4.070312
8567,512,2042,3.988281
8568,512,2042,3.988281
8569,512,2042,3.988281
8570,512,2000,3.906250
8571,512,2041,3.986328
8572,512,1959,3.826172
8573,512,2000,3.906250
8574,512,2000,3.906250
8575,512,1958,3.824219
8576,512,2167,4.232422
8577,512,1875,3.662109
8578,512,2083,4.068359
8579,512,2083,4.068359
8580,512,2000,3.906250
8581,512,2083,4.068359
8582,512,2000,3.906250
8583,512,1959,3.826172
8584,512,2125,4.150391
8585,512,2041,3.986328
8586,512,2042,3.988281
8587,512,2083,4.068359
8588,512,2042,3.988281
8589,512,1958,3.824219
8590,512,2000,3.906250
8591,512,1958,3.824219
8592,512,2083,4.068359
8593,512,2125,4.150391
8594,512,2042,3.988281
8595,512,2042,3.988281
8596,512,2042,3.988281
8597,512,2083,4.068359
8598,512,2000,3.906250
8599,512,2083,4.068359
8600,512,2083,4.068359
8601,512,2042,3.988281
8602,512,2000,3.906250
8603,512,1958,3.824219
8604,512,1916,3.742188
8605,512,2000,3.906250
8606,512,2042,3.988281
8607,512,1959,3.826172
8608,512,2041,3.986328
8609,512,2084,4.070312
8610,512,2083,4.068359
8611,512,2042,3.988281
8612,512,2041,3.986328
8613,512,1917,3.744141
8614,512,2166,4.230469
8615,512,2084,4.070312
8616,512,2084,4.070312
8617,512,2041,3.986328
8618,512,2000,3.906250
8619,512,2125,4.150391
8620,512,2083,4.068359
8621,512,2084,4.070312
8622,512,2083,4.068359
8623,512,2042,3.988281
8624,512,2042,3.988281
8625,512,2042,3.988281
8626,512,2125,4.150391
8627,512,2041,3.986328
8628,512,2083,4.068359
8629,512,2042,3.988281
8630,512,2084,4.070312
8631,512,2000,3.906250
8632,512,2041,3.986328
8633,512,2042,3.988281
8634,512,2000,3.906250
8635,512,2000,3.906250
8636,512,2083,4.068359
8637,512,2041,3.986328
8638,512,2083,4.068359
8639,512,2042,3.988281
8640,512,2000,3.906250
8641,512,2000,3.906250
8642,512,2041,3.986328
8643,512,2042,3.988281
8644,512,2000,3.906250
8645,512,2000,3.906250
8646,512,2000,3.906250
8647,512,2042,3.988281
8648,512,2000,3.906250
8649,512,2084,4.070312
8650,512,2000,3.906250
8651,512,2166,4.230469
8652,512,2084,4.070312
8653,512,2000,3.906250
8654,512,2084,4.070312
8655,512,1875,3.662109
8656,512,2042,3.988281
8657,512,2000,3.906250
8658,512,1958,3.824219
8659,512,2042,3.988281
8660,512,2000,3.906250
8661,512,2042,3.988281
8662,512,1916,3.742188
8663,512,2042,3.988281
8664,512,2000,3.906250
8665,512,1958,3.824219
8666,512,2000,3.906250
8667,512,2125,4.150391
8668,512,2083,4.068359
8669,512,2000,3.906250
8670,512,2042,3.988281
8671,512,2000,3.906250
8672,512,2042,3.988281
8673,512,2000,3.906250
8674,512,2166,4.230469
8675,512,2042,3.988281
8676,512,2083,4.068359
8677,512,1958,3.824219
8678,512,1958,3.824219
8679,512,1917,3.744141
8680,512,2084,4.070312
8681,512,2083,4.068359
8682,512,1958,3.824219
8683,512,2041,3.986328
8684,512,2083,4.068359
8685,512,2084,4.070312
8686,512,2000,3.906250
8687,512,2083,4.068359
8688,512,2000,3.906250
8689,512,2042,3.988281
8690,512,2000,3.906250
8691,512,2000,3.906250
8692,512,2084,4.070312
8693,512,1958,3.824219
8694,512,2042,3.988281
8695,512,2041,3.986328
8696,512,2000,3.906250
8697,512,1958,3.824219
8698,512,2042,3.988281
8699,512,2041,3.986328
8700,512,2083,4.068359
8701,512,2000,3.906250
8702,512,1959,3.826172
8703,512,2084,4.070312
8704,512,2125,4.150391
8705,512,2125,4.150391
8706,512,2042,3.988281
8707,512,1958,3.824219
8708,512,2042,3.988281
8709,512,2000,3.906250
8710,512,2083,4.068359
8711,512,2000,3.906250
8712,512,2041,3.986328
8713,512,2000,3.906250
8714,512,2042,3.988281
8715,512,2083,4.068359
8716,512,2000,3.906250
8717,512,2000,3.906250
8718,512,2125,4.150391
8719,512,2000,3.906250
8720,512,2083,4.068359
8721,512,2125,4.150391
8722,512,1958,3.824219
8723,512,2125,4.150391
8724,512,2125,4.150391
8725,512,2000,3.906250
8726,512,1916,3.742188
8727,512,2167,4.232422
8728,512,2000,3.906250
8729,512,1917,3.744141
8730,512,1959,3.826172
8731,512,2083,4.068359
8732,512,2000,3.906250
8733,512,2083,4.068359
8734,512,2125,4.150391
8735,512,2000,3.906250
8736,512,2042,3.988281
8737,512,2000,3.906250
8738,512,2041,3.986328
8739,512,2000,3.906250
8740,512,2042,3.988281
8741,512,2042,3.988281
8742,512,2000,3.906250
8743,512,2042,3.988281
8744,512,2083,4.068359
8745,512,1917,3.744141
8746,512,2042,3.988281
8747,512,2084,4.070312
8748,512,2041,3.986328
8749,512,2084,4.070312
8750,512,2041,3.986328
8751,512,2042,3.988281
8752,512,2000,3.906250
8753,512,2083,4.068359
8754,512,2000,3.906250
8755,512,2041,3.986328
8756,512,1958,3.824219
8757,512,1958,3.824219
8758,512,2000,3.906250
8759,512,2041,3.986328
8760,512,2042,3.988281
8761,512,2000,3.906250
8762,512,2083,4.068359
8763,512,2000,3.906250
8764,512,1916,3.742188
8765,512,2125,4.150391
8766,512,1917,3.744141
8767,512,2000,3.906250
8768,512,1959,3.826172
8769,512,2042,3.988281
8770,512,2000,3.906250
8771,512,2000,3.906250
8772,512,2000,3.906250
8773,512,2000,3.906250
8774,512,2000,3.906250
8775,512,2125,4.150391
8776,512,2000,3.906250
8777,512,2042,3.988281
8778,512,2083,4.068359
8779,512,2042,3.988281
8780,512,1916,3.742188
8781,512,2042,3.988281
8782,512,2083,4.068359
8783,512,2000,3.906250
8784,512,1958,3.824219
8785,512,2083,4.068359
8786,512,2125,4.150391
8787,512,2584,5.046875
8788,512,2750,5.371094
8789,512,2542,4.964844
8790,512,2708,5.289062
8791,512,2625,5.126953
8792,512,2541,4.962891
8793,512,2500,4.882812
8794,512,2083,4.068359
8795,512,2000,3.906250
8796,512,2083,4.068359
8797,512,2083,4.068359
8798,512,2167,4.232422
8799,512,2042,3.988281
8800,512,2042,3.988281
8801,512,2125,4.150391
8802,512,2208,4.312500
8803,512,2333,4.556641
8804,512,2042,3.988281
8805,512,2125,4.150391
8806,512,2042,3.988281
8807,512,2041,3.986328
8808,512,2042,3.988281
8809,512,2000,3.906250
8810,512,1958,3.824219
8811,512,2083,4.068359
8812,512,2042,3.988281
8813,512,1958,3.824219
8814,512,2083,4.068359
8815,512,2167,4.232422
8816,512,2000,3.906250
8817,512,2042,3.988281
8818,512,2125,4.150391
8819,512,2125,4.150391
8820,512,2084,4.070312
8821,512,2125,4.150391
8822,512,2041,3.986328
8823,512,2167,4.232422
8824,512,2042,3.988281
8825,512,2209,4.314453
8826,512,2000,3.906250
8827,512,2000,3.906250
8828,512,2083,4.068359
8829,512,2000,3.906250
8830,512,2125,4.150391
8831,512,2083,4.068359
8832,512,2959,5.779297
8833,512,2792,5.453125
8834,512,2625,5.126953
8835,512,2583,5.044922
8836,512,2583,5.044922
8837,512,2625,5.126953
8838,512,2291,4.474609
8839,512,2042,3.988281
8840,512,2000,3.906250
8841,512,2083,4.068359
8842,512,2125,4.150391
8843,512,2083,4.068359
8844,512,2083,4.068359
8845,512,2125,4.150391
8846,512,2625,5.126953
8847,512,2750,5.371094
8848,512,2625,5.126953
8849,512,2542,4.964844
8850,512,2667,5.208984
8851,512,2666,5.207031
8852,512,2500,4.882812
8853,512,2167,4.232422
8854,512,2083,4.068359
8855,512,2125,4.150391
8856,512,2208,4.312500
8857,512,2042,3.988281
8858,512,2417,4.720703
8859,512,2208,4.312500
8860,512,2167,4.232422
8861,512,2042,3.988281
8862,512,2125,4.150391
8863,512,2083,4.068359
8864,512,2000,3.906250
8865,512,1916,3.742188
8866,512,2125,4.150391
8867,512,2083,4.068359
8868,512,1958,3.824219
8869,512,2000,3.906250
8870,512,2000,3.906250
8871,512,1917,3.744141
8872,512,2083,4.068359
8873,512,2042,3.988281
8874,512,2041,3.986328
8875,512,2042,3.988281
8876,512,2041,3.986328
8877,512,2084,4.070312
8878,512,1958,3.824219
8879,512,2000,3.906250
8880,512,1959,3.826172
8881,512,2000,3.906250
8882,512,2083,4.068359
8883,512,2042,3.988281
8884,512,2083,4.068359
8885,512,2042,3.988281
8886,512,1958,3.824219
8887,512,2125,4.150391
8888,512,1958,3.824219
8889,512,2000,3.906250
8890,512,1958,3.824219
8891,512,2042,3.988281
8892,512,2000,3.906250
8893,512,2000,3.906250
8894,512,2083,4.068359
8895,512,2042,3.988281
8896,512,1917,3.744141
8897,512,2042,3.988281
8898,512,2042,3.988281
8899,512,2083,4.068359
8900,512,2000,3.906250
8901,512,2042,3.988281
8902,512,2000,3.906250
8903,512,1958,3.824219
8904,512,2042,3.988281
8905,512,2083,4.068359
8906,512,2042,3.988281
8907,512,2041,3.986328
8908,512,2042,3.988281
8909,512,2125,4.150391
8910,512,2042,3.988281
8911,512,2166,4.230469
8912,512,2042,3.988281
8913,512,2000,3.906250
8914,512,1958,3.824219
8915,512,2041,3.986328
8916,512,2125,4.150391
8917,512,2042,3.988281
8918,512,2042,3.988281
8919,512,2000,3.906250
8920,512,2042,3.988281
8921,512,2083,4.068359
8922,512,1958,3.824219
8923,512,2125,4.150391
8924,512,2042,3.988281
8925,512,2083,4.068359
8926,512,2083,4.068359
8927,512,2084,4.070312
8928,512,2000,3.906250
8929,512,3791,7.404297
8930,512,2209,4.314453
8931,512,2125,4.150391
8932,512,2000,3.906250
8933,512,2125,4.150391
8934,512,2041,3.986328
8935,512,2042,3.988281
8936,512,2000,3.906250
8937,512,2084,4.070312
8938,512,2000,3.906250
8939,512,2083,4.068359
8940,512,2083,4.068359
8941,512,1958,3.824219
8942,512,2000,3.906250
8943,512,2042,3.988281
8944,512,2000,3.906250
8945,512,2041,3.986328
8946,512,1958,3.824219
8947,512,1958,3.824219
8948,512,1917,3.744141
8949,512,2042,3.988281
8950,512,2042,3.988281
8951,512,2125,4.150391
8952,512,2041,3.986328
8953,512,2042,3.988281
8954,512,2000,3.906250
8955,512,2042,3.988281
8956,512,2000,3.906250
8957,512,2000,3.906250
8958,512,2000,3.906250
8959,512,2166,4.230469
8960,512,2167,4.232422
8961,512,2042,3.988281
8962,512,1917,3.744141
8963,512,1875,3.662109
8964,512,2000,3.906250
8965,512,2166,4.230469
8966,512,1959,3.826172
8967,512,2042,3.988281
8968,512,2000,3.906250
8969,512,1958,3.824219
8970,512,2000,3.906250
8971,512,2042,3.988281
8972,512,2000,3.906250
8973,512,1916,3.742188
8974,512,2000,3.906250
8975,512,2041,3.986328
8976,512,2000,3.906250
8977,512,2000,3.906250
8978,512,2041,3.986328
8979,512,2125,4.150391
8980,512,2000,3.906250
8981,512,2041,3.986328
8982,512,2125,4.150391
8983,512,2209,4.314453
8984,512,2208,4.312500
8985,512,2125,4.150391
8986,512,1958,3.824219
8987,512,2083,4.068359
8988,512,2042,3.988281
8989,512,2041,3.986328
8990,512,2084,4.070312
8991,512,2000,3.906250
8992,512,2166,4.230469
8993,512,2042,3.988281
8994,512,2208,4.312500
8995,512,2084,4.070312
8996,512,2083,4.068359
8997,512,2000,3.906250
8998,512,1917,3.744141
8999,512,2083,4.068359
9000,512,2083,4.068359
9001,512,2042,3.988281
9002,512,2042,3.988281
9003,512,2041,3.986328
9004,512,2042,3.988281
9005,512,2041,3.986328
9006,512,2000,3.906250
9007,512,2084,4.070312
9008,512,2083,4.068359
9009,512,1958,3.824219
9010,512,2042,3.988281
9011,512,2042,3.988281
9012,512,2084,4.070312
9013,512,2042,3.988281
9014,512,2083,4.068359
9015,512,2167,4.232422
9016,512,2083,4.068359
9017,512,2209,4.314453
9018,512,2083,4.068359
9019,512,2542,4.964844
9020,512,2708,5.289062
9021,512,2667,5.208984
9022,512,2458,4.800781
9023,512,2583,5.044922
9024,512,2583,5.044922
9025,512,2500,4.882812
9026,512,2292,4.476562
9027,512,2042,3.988281
9028,512,2041,3.986328
9029,512,2083,4.068359
9030,512,2042,3.988281
9031,512,2042,3.988281
9032,512,2041,3.986328
9033,512,2084,4.070312
9034,512,2041,3.986328
9035,512,2000,3.906250
9036,512,2083,4.068359
9037,512,2084,4.070312
9038,512,2041,3.986328
9039,512,2000,3.906250
9040,512,2042,3.988281
9041,512,2083,4.068359
9042,512,2083,4.068359
9043,512,2125,4.150391
9044,512,2042,3.988281
9045,512,2084,4.070312
9046,512,2084,4.070312
9047,512,2041,3.986328
9048,512,2042,3.988281
9049,512,1958,3.824219
9050,512,2083,4.068359
9051,512,2167,4.232422
9052,512,2041,3.986328
9053,512,2209,4.314453
9054,512,2125,4.150391
9055,512,2166,4.230469
9056,512,2083,4.068359
9057,512,2125,4.150391
9058,512,2000,3.906250
9059,512,2042,3.988281
9060,512,2167,4.232422
9061,512,2041,3.986328
9062,512,2125,4.150391
9063,512,2000,3.906250
9064,512,2042,3.988281
9065,512,2166,4.230469
9066,512,2042,3.988281
9067,512,2042,3.988281
9068,512,2083,4.068359
9069,512,2125,4.150391
9070,512,2041,3.986328
9071,512,2125,4.150391
9072,512,2042,3.988281
9073,512,2000,3.906250
9074,512,2125,4.150391
9075,512,2000,3.906250
9076,512,2041,3.986328
9077,512,2042,3.988281
9078,512,2041,3.986328
9079,512,2042,3.988281
9080,512,2083,4.068359
9081,512,2042,3.988281
9082,512,2125,4.150391
9083,512,2166,4.230469
9084,512,2125,4.150391
9085,512,2042,3.988281
9086,512,2083,4.068359
9087,512,2084,4.070312
9088,512,2333,4.556641
9089,512,2083,4.068359
9090,512,2084,4.070312
9091,512,2000,3.906250
9092,512,2083,4.068359
9093,512,2042,3.988281
9094,512,2000,3.906250
9095,512,1958,3.824219
9096,512,2083,4.068359
9097,512,2167,4.232422
9098,512,1958,3.824219
9099,512,2083,4.068359
9100,512,2125,4.150391
9101,512,2083,4.068359
9102,512,2042,3.988281
9103,512,2083,4.068359
9104,512,2125,4.150391
9105,512,2042,3.988281
9106,512,2083,4.068359
9107,512,2000,3.906250
9108,512,2042,3.988281
9109,512,1958,3.824219
9110,512,2166,4.230469
9111,512,2000,3.906250
9112,512,2000,3.906250
9113,512,2000,3.906250
9114,512,2042,3.988281
9115,512,2208,4.312500
9116,512,2042,3.988281
9117,512,2041,3.986328
9118,512,2000,3.906250
9119,512,2000,3.906250
9120,512,2000,3.906250
9121,512,2125,4.150391
9122,512,2041,3.986328
9123,512,2042,3.988281
9124,512,2042,3.988281
9125,512,2083,4.068359
9126,512,2167,4.232422
9127,512,2042,3.988281
9128,512,2000,3.906250
9129,512,2042,3.988281
9130,512,2125,4.150391
9131,512,2042,3.988281
9132,512,2000,3.906250
9133,512,2167,4.232422
9134,512,2042,3.988281
9135,512,2166,4.230469
9136,512,1959,3.826172
9137,512,2042,3.988281
9138,512,2000,3.906250
9139,512,2083,4.068359
9140,512,2042,3.988281
9141,512,2125,4.150391
9142,512,2000,3.906250
9143,512,2041,3.986328
9144,512,2084,4.070312
9145,512,2083,4.068359
9146,512,2042,3.988281
9147,512,2083,4.068359
9148,512,2083,4.068359
9149,512,2125,4.150391
9150,512,2041,3.986328
9151,512,2125,4.150391
9152,512,2083,4.068359
9153,512,2042,3.988281
9154,512,2000,3.906250
9155,512,2083,4.068359
9156,512,2083,4.068359
9157,512,2042,3.988281
9158,512,2000,3.906250
9159,512,2166,4.230469
9160,512,2000,3.906250
9161,512,2125,4.150391
9162,512,2083,4.068359
9163,512,2084,4.070312
9164,512,2041,3.986328
9165,512,2042,3.988281
9166,512,2084,4.070312
9167,512,2125,4.150391
9168,512,1958,3.824219
9169,512,2125,4.150391
9170,512,2000,3.906250
9171,512,2083,4.068359
9172,512,2000,3.906250
9173,512,2125,4.150391
9174,512,2167,4.232422
9175,512,2042,3.988281
9176,512,2083,4.068359
9177,512,2042,3.988281
9178,512,2041,3.986328
9179,512,2000,3.906250
9180,512,2042,3.988281
9181,512,2042,3.988281
9182,512,2000,3.906250
9183,512,2084,4.070312
9184,512,2042,3.988281
9185,512,2041,3.986328
9186,512,1959,3.826172
9187,512,2083,4.068359
9188,512,2125,4.150391
9189,512,2042,3.988281
9190,512,2000,3.906250
9191,512,2083,4.068359
9192,512,2083,4.068359
9193,512,2042,3.988281
9194,512,2083,4.068359
9195,512,2042,3.988281
9196,512,2000,3.906250
9197,512,2125,4.150391
9198,512,2042,3.988281
9199,512,2125,4.150391
9200,512,2042,3.988281
9201,512,2083,4.068359
9202,512,2000,3.906250
9203,512,2084,4.070312
9204,512,2083,4.068359
9205,512,2083,4.068359
9206,512,2125,4.150391
9207,512,2083,4.068359
9208,512,2084,4.070312
9209,512,2042,3.988281
9210,512,2000,3.906250
9211,512,2167,4.232422
9212,512,2083,4.068359
9213,512,2041,3.986328
9214,512,2042,3.988281
9215,512,2000,3.906250
9216,512,2125,4.150391
9217,512,2042,3.988281
9218,512,2125,4.150391
9219,512,2167,4.232422
9220,512,2083,4.068359
9221,512,2042,3.988281
9222,512,2125,4.150391
9223,512,2125,4.150391
9224,512,2125,4.150391
9225,512,2042,3.988281
9226,512,2167,4.232422
9227,512,2083,4.068359
9228,512,2125,4.150391
9229,512,2084,4.070312
9230,512,2083,4.068359
9231,512,2083,4.068359
9232,512,2083,4.068359
9233,512,2042,3.988281
9234,512,2125,4.150391
9235,512,2166,4.230469
9236,512,2042,3.988281
9237,512,2042,3.988281
9238,512,2084,4.070312
9239,512,2125,4.150391
9240,512,2208,4.312500
9241,512,2083,4.068359
9242,512,2042,3.988281
9243,512,2000,3.906250
9244,512,2041,3.986328
9245,512,2125,4.150391
9246,512,2042,3.988281
9247,512,2000,3.906250
9248,512,2041,3.986328
9249,512,2084,4.070312
9250,512,2166,4.230469
9251,512,2084,4.070312
9252,512,2041,3.986328
9253,512,2000,3.906250
9254,512,2125,4.150391
9255,512,2042,3.988281
9256,512,2000,3.906250
9257,512,2084,4.070312
9258,512,2083,4.068359
9259,512,2083,4.068359
9260,512,2084,4.070312
9261,512,2042,3.988281
9262,512,2208,4.312500
9263,512,2000,3.906250
9264,512,2208,4.312500
9265,512,2083,4.068359
9266,512,2333,4.556641
9267,512,2042,3.988281
9268,512,2041,3.986328
9269,512,2000,3.906250
9270,512,2125,4.150391
9271,512,2042,3.988281
9272,512,2083,4.068359
9273,512,2083,4.068359
9274,512,2125,4.150391
9275,512,2083,4.068359
9276,512,2209,4.314453
9277,512,2083,4.068359
9278,512,2083,4.068359
9279,512,2167,4.232422
9280,512,2083,4.068359
9281,512,2083,4.068359
9282,512,2125,4.150391
9283,512,2000,3.906250
9284,512,1958,3.824219
9285,512,2042,3.988281
9286,512,1958,3.824219
9287,512,2167,4.232422
9288,512,2084,4.070312
9289,512,2084,4.070312
9290,512,1959,3.826172
9291,512,2083,4.068359
9292,512,2000,3.906250
9293,512,2084,4.070312
9294,512,2084,4.070312
9295,512,2125,4.150391
9296,512,2125,4.150391
9297,512,2084,4.070312
9298,512,2125,4.150391
9299,512,2166,4.230469
9300,512,2084,4.070312
9301,512,2000,3.906250
9302,512,2083,4.068359
9303,512,2084,4.070312
9304,512,1959,3.826172
9305,512,2000,3.906250
9306,512,1958,3.824219
9307,512,2041,3.986328
9308,512,2042,3.988281
9309,512,2083,4.068359
9310,512,2083,4.068359
9311,512,2000,3.906250
9312,512,2000,3.906250
9313,512,1958,3.824219
9314,512,2125,4.150391
9315,512,2000,3.906250
9316,512,2042,3.988281
9317,512,2041,3.986328
9318,512,2042,3.988281
9319,512,2083,4.068359
9320,512,2042,3.988281
9321,512,2167,4.232422
9322,512,2583,5.044922
9323,512,2833,5.533203
9324,512,2583,5.044922
9325,512,2542,4.964844
9326,512,2667,5.208984
9327,512,2583,5.044922
9328,512,2708,5.289062
9329,512,2625,5.126953
9330,512,2625,5.126953
9331,512,2625,5.126953
9332,512,2625,5.126953
9333,512,2958,5.777344
9334,512,2458,4.800781
9335,512,2042,3.988281
9336,512,1958,3.824219
9337,512,2125,4.150391
9338,512,1959,3.826172
9339,512,2084,4.070312
9340,512,2084,4.070312
9341,512,2083,4.068359
9342,512,2041,3.986328
9343,512,2000,3.906250
9344,512,2375,4.638672
9345,512,2042,3.988281
9346,512,2042,3.988281
9347,512,1958,3.824219
9348,512,2042,3.988281
9349,512,2041,3.986328
9350,512,2000,3.906250
9351,512,2084,4.070312
9352,512,2167,4.232422
9353,512,2000,3.906250
9354,512,2125,4.150391
9355,512,2041,3.986328
9356,512,2083,4.068359
9357,512,2084,4.070312
9358,512,2041,3.986328
9359,512,2125,4.150391
9360,512,2042,3.988281
9361,512,2083,4.068359
9362,512,2000,3.906250
9363,512,2000,3.906250
9364,512,2042,3.988281
9365,512,2042,3.988281
9366,512,2125,4.150391
9367,512,2083,4.068359
9368,512,2125,4.150391
9369,512,2083,4.068359
9370,512,2000,3.906250
9371,512,2084,4.070312
9372,512,1958,3.824219
9373,512,2000,3.906250
9374,512,2083,4.068359
9375,512,2000,3.906250
9376,512,2042,3.988281
9377,512,2209,4.314453
9378,512,2000,3.906250
9379,512,2083,4.068359
9380,512,2042,3.988281
9381,512,2000,3.906250
9382,512,2084,4.070312
9383,512,2083,4.068359
9384,512,2042,3.988281
9385,512,2000,3.906250
9386,512,2084,4.070312
9387,512,2125,4.150391
9388,512,2000,3.906250
9389,512,2083,4.068359
9390,512,2125,4.150391
9391,512,2042,3.988281
9392,512,2041,3.986328
9393,512,2125,4.150391
9394,512,2042,3.988281
9395,512,2125,4.150391
9396,512,2042,3.988281
9397,512,2125,4.150391
9398,512,2083,4.068359
9399,512,2125,4.150391
9400,512,2084,4.070312
9401,512,2041,3.986328
9402,512,2083,4.068359
9403,512,2042,3.988281
9404,512,2084,4.070312
9405,512,2083,4.068359
9406,512,2083,4.068359
9407,512,2042,3.988281
9408,512,2083,4.068359
9409,512,2083,4.068359
9410,512,2083,4.068359
9411,512,1958,3.824219
9412,512,2125,4.150391
9413,512,2000,3.906250
9414,512,2000,3.906250
9415,512,2000,3.906250
9416,512,2041,3.986328
9417,512,2042,3.988281
9418,512,2041,3.986328
9419,512,2083,4.068359
9420,512,1958,3.824219
9421,512,2083,4.068359
9422,512,2084,4.070312
9423,512,2084,4.070312
9424,512,2125,4.150391
9425,512,2000,3.906250
9426,512,2166,4.230469
9427,512,2000,3.906250
9428,512,2000,3.906250
9429,512,2042,3.988281
9430,512,2125,4.150391
9431,512,2125,4.150391
9432,512,2083,4.068359
9433,512,2084,4.070312
9434,512,2084,4.070312
9435,512,2041,3.986328
9436,512,2167,4.232422
9437,512,2083,4.068359
9438,512,2084,4.070312
9439,512,2084,4.070312
9440,512,2000,3.906250
9441,512,2084,4.070312
9442,512,2084,4.070312
9443,512,2041,3.986328
9444,512,2125,4.150391
9445,512,2125,4.150391
9446,512,2042,3.988281
9447,512,2083,4.068359
9448,512,2083,4.068359
9449,512,2000,3.906250
9450,512,2042,3.988281
9451,512,2042,3.988281
9452,512,2125,4.150391
9453,512,2083,4.068359
9454,512,2083,4.068359
9455,512,2042,3.988281
9456,512,2041,3.986328
9457,512,2084,4.070312
9458,512,2083,4.068359
9459,512,2041,3.986328
9460,512,2042,3.988281
9461,512,2083,4.068359
9462,512,2000,3.906250
9463,512,2042,3.988281
9464,512,2041,3.986328
9465,512,2042,3.988281
9466,512,2042,3.988281
9467,512,2084,4.070312
9468,512,2083,4.068359
9469,512,2083,4.068359
9470,512,2000,3.906250
9471,512,2041,3.986328
9472,512,2042,3.988281
9473,512,2000,3.906250
9474,512,2125,4.150391
9475,512,2000,3.906250
9476,512,2125,4.150391
9477,512,2083,4.068359
9478,512,2083,4.068359
9479,512,2000,3.906250
9480,512,2125,4.150391
9481,512,2000,3.906250
9482,512,2083,4.068359
9483,512,2084,4.070312
9484,512,2083,4.068359
9485,512,1958,3.824219
9486,512,2041,3.986328
9487,512,2000,3.906250
9488,512,2000,3.906250
9489,512,2625,5.126953
9490,512,2875,5.615234
9491,512,2667,5.208984
9492,512,2667,5.208984
9493,512,2583,5.044922
9494,512,2625,5.126953
9495,512,2542,4.964844
9496,512,2667,5.208984
9497,512,2625,5.126953
9498,512,2583,5.044922
9499,512,2584,5.046875
9500,512,2791,5.451172
9501,512,2500,4.882812
9502,512,2166,4.230469
9503,512,2042,3.988281
9504,512,2083,4.068359
9505,512,2084,4.070312
9506,512,2125,4.150391
9507,512,2208,4.312500
9508,512,3750,7.324219
9509,512,1958,3.824219
9510,512,2083,4.068359
9511,512,2000,3.906250
9512,512,2083,4.068359
9513,512,2125,4.150391
9514,512,2167,4.232422
9515,512,2000,3.906250
9516,512,2125,4.150391
9517,512,2084,4.070312
9518,512,2083,4.068359
9519,512,2083,4.068359
9520,512,2042,3.988281
9521,512,2083,4.068359
9522,512,2042,3.988281
9523,512,2125,4.150391
9524,512,2167,4.232422
9525,512,2125,4.150391
9526,512,2083,4.068359
9527,512,2042,3.988281
9528,512,2166,4.230469
9529,512,2125,4.150391
9530,512,2208,4.312500
9531,512,2125,4.150391
9532,512,2042,3.988281
9533,512,2125,4.150391
9534,512,2000,3.906250
9535,512,2083,4.068359
9536,512,2125,4.150391
9537,512,2125,4.150391
9538,512,2000,3.906250
9539,512,2250,4.394531
9540,512,1958,3.824219
9541,512,2083,4.068359
9542,512,2125,4.150391
9543,512,2125,4.150391
9544,512,2041,3.986328
9545,512,2250,4.394531
9546,512,2125,4.150391
9547,512,2167,4.232422
9548,512,2125,4.150391
9549,512,2042,3.988281
9550,512,2125,4.150391
9551,512,2084,4.070312
9552,512,2125,4.150391
9553,512,2125,4.150391
9554,512,2041,3.986328
9555,512,2000,3.906250
9556,512,2042,3.988281
9557,512,2083,4.068359
9558,512,2042,3.988281
9559,512,2125,4.150391
9560,512,2125,4.150391
9561,512,2041,3.986328
9562,512,2125,4.150391
9563,512,2000,3.906250
9564,512,2083,4.068359
9565,512,2083,4.068359
9566,512,2167,4.232422
9567,512,2042,3.988281
9568,512,2042,3.988281
9569,512,2000,3.906250
9570,512,2167,4.232422
9571,512,2041,3.986328
9572,512,2083,4.068359
9573,512,2250,4.394531
9574,512,2042,3.988281
9575,512,2083,4.068359
9576,512,2167,4.232422
9577,512,2083,4.068359
9578,512,2083,4.068359
9579,512,2041,3.986328
9580,512,2083,4.068359
9581,512,2125,4.150391
9582,512,2084,4.070312
9583,512,2000,3.906250
9584,512,2083,4.068359
9585,512,2083,4.068359
9586,512,2167,4.232422
9587,512,2000,3.906250
9588,512,1958,3.824219
9589,512,2084,4.070312
9590,512,2042,3.988281
9591,512,1958,3.824219
9592,512,2208,4.312500
9593,512,2083,4.068359
9594,512,2000,3.906250
9595,512,2041,3.986328
9596,512,2083,4.068359
9597,512,2042,3.988281
9598,512,2042,3.988281
9599,512,2083,4.068359
9600,512,2208,4.312500
9601,512,2083,4.068359
9602,512,2042,3.988281
9603,512,2041,3.986328
9604,512,2042,3.988281
9605,512,2000,3.906250
9606,512,2125,4.150391
9607,512,2083,4.068359
9608,512,2000,3.906250
9609,512,2041,3.986328
9610,512,2084,4.070312
9611,512,2000,3.906250
9612,512,2084,4.070312
9613,512,2041,3.986328
9614,512,2125,4.150391
9615,512,2083,4.068359
9616,512,2125,4.150391
9617,512,2125,4.150391
9618,512,2209,4.314453
9619,512,2000,3.906250
9620,512,2000,3.906250
9621,512,2167,4.232422
9622,512,2208,4.312500
9623,512,2084,4.070312
9624,512,2041,3.986328
9625,512,2083,4.068359
9626,512,2167,4.232422
9627,512,2000,3.906250
9628,512,2084,4.070312
9629,512,2042,3.988281
9630,512,2167,4.232422
9631,512,2250,4.394531
9632,512,2041,3.986328
9633,512,2167,4.232422
9634,512,2166,4.230469
9635,512,2125,4.150391
9636,512,1959,3.826172
9637,512,2000,3.906250
9638,512,2000,3.906250
9639,512,2083,4.068359
9640,512,2042,3.988281
9641,512,2167,4.232422
9642,512,2083,4.068359
9643,512,2083,4.068359
9644,512,2125,4.150391
9645,512,2125,4.150391
9646,512,2083,4.068359
9647,512,2042,3.988281
9648,512,2000,3.906250
9649,512,2042,3.988281
9650,512,2084,4.070312
9651,512,2083,4.068359
9652,512,2125,4.150391
9653,512,2000,3.906250
9654,512,2250,4.394531
9655,512,1959,3.826172
9656,512,2042,3.988281
9657,512,2083,4.068359
9658,512,2250,4.394531
9659,512,2041,3.986328
9660,512,2000,3.906250
9661,512,2000,3.906250
9662,512,2125,4.150391
9663,512,2084,4.070312
9664,512,2041,3.986328
9665,512,2042,3.988281
9666,512,2083,4.068359
9667,512,2125,4.150391
9668,512,2167,4.232422
9669,512,2042,3.988281
9670,512,2042,3.988281
9671,512,2166,4.230469
9672,512,2084,4.070312
9673,512,2000,3.906250
9674,512,2084,4.070312
9675,512,2084,4.070312
9676,512,2084,4.070312
9677,512,2166,4.230469
9678,512,2084,4.070312
9679,512,2083,4.068359
9680,512,2041,3.986328
9681,512,2042,3.988281
9682,512,2125,4.150391
9683,512,2083,4.068359
9684,512,2042,3.988281
9685,512,2208,4.312500
9686,512,2125,4.150391
9687,512,2125,4.150391
9688,512,2125,4.150391
9689,512,2167,4.232422
9690,512,2084,4.070312
9691,512,2083,4.068359
9692,512,2041,3.986328
9693,512,2042,3.988281
9694,512,2041,3.986328
9695,512,1958,3.824219
9696,512,2084,4.070312
9697,512,2000,3.906250
9698,512,2083,4.068359
9699,512,2083,4.068359
9700,512,2042,3.988281
9701,512,2125,4.150391
9702,512,2083,4.068359
9703,512,2042,3.988281
9704,512,2125,4.150391
9705,512,2083,4.068359
9706,512,2042,3.988281
9707,512,2083,4.068359
9708,512,2041,3.986328
9709,512,2125,4.150391
9710,512,2083,4.068359
9711,512,2042,3.988281
9712,512,2042,3.988281
9713,512,2000,3.906250
9714,512,2042,3.988281
9715,512,2125,4.150391
9716,512,2083,4.068359
9717,512,2000,3.906250
9718,512,2125,4.150391
9719,512,2083,4.068359
9720,512,2083,4.068359
9721,512,2125,4.150391
9722,512,2083,4.068359
9723,512,2042,3.988281
9724,512,2041,3.986328
9725,512,2000,3.906250
9726,512,2083,4.068359
9727,512,2167,4.232422
9728,512,2083,4.068359
9729,512,2084,4.070312
9730,512,2083,4.068359
9731,512,2041,3.986328
9732,512,2042,3.988281
9733,512,2000,3.906250
9734,512,2000,3.906250
9735,512,2000,3.906250
9736,512,2125,4.150391
9737,512,2000,3.906250
9738,512,2083,4.068359
9739,512,2125,4.150391
9740,512,2125,4.150391
9741,512,2084,4.070312
9742,512,2041,3.986328
9743,512,1958,3.824219
9744,512,2000,3.906250
9745,512,2083,4.068359
9746,512,2042,3.988281
9747,512,2000,3.906250
9748,512,1959,3.826172
9749,512,2041,3.986328
9750,512,2083,4.068359
9751,512,2083,4.068359
9752,512,2042,3.988281
9753,512,2084,4.070312
9754,512,2166,4.230469
9755,512,2125,4.150391
9756,512,2042,3.988281
9757,512,2041,3.986328
9758,512,2083,4.068359
9759,512,2042,3.988281
9760,512,2083,4.068359
9761,512,2042,3.988281
9762,512,2125,4.150391
9763,512,2041,3.986328
9764,512,2000,3.906250
9765,512,2000,3.906250
9766,512,2041,3.986328
9767,512,2125,4.150391
9768,512,2042,3.988281
9769,512,2083,4.068359
9770,512,2083,4.068359
9771,512,2042,3.988281
9772,512,2125,4.150391
9773,512,2000,3.906250
9774,512,2000,3.906250
9775,512,2000,3.906250
9776,512,2125,4.150391
9777,512,2042,3.988281
9778,512,2042,3.988281
9779,512,2167,4.232422
9780,512,2041,3.986328
9781,512,2084,4.070312
9782,512,2041,3.986328
9783,512,2083,4.068359
9784,512,2167,4.232422
9785,512,2083,4.068359
9786,512,1958,3.824219
9787,512,1958,3.824219
9788,512,2000,3.906250
9789,512,2083,4.068359
9790,512,2042,3.988281
9791,512,2041,3.986328
9792,512,2042,3.988281
9793,512,2000,3.906250
9794,512,2041,3.986328
9795,512,2042,3.988281
9796,512,2083,4.068359
9797,512,2042,3.988281
9798,512,2125,4.150391
9799,512,2125,4.150391
9800,512,2083,4.068359
9801,512,2166,4.230469
9802,512,2083,4.068359
9803,512,2042,3.988281
9804,512,2041,3.986328
9805,512,2042,3.988281
9806,512,2042,3.988281
9807,512,2083,4.068359
9808,512,2083,4.068359
9809,512,2125,4.150391
9810,512,2083,4.068359
9811,512,2042,3.988281
9812,512,2083,4.068359
9813,512,2084,4.070312
9814,512,2000,3.906250
9815,512,2000,3.906250
9816,512,2041,3.986328
9817,512,2000,3.906250
9818,512,2083,4.068359
9819,512,2083,4.068359
9820,512,2083,4.068359
9821,512,2125,4.150391
9822,512,2042,3.988281
9823,512,2041,3.986328
9824,512,2125,4.150391
9825,512,2083,4.068359
9826,512,2042,3.988281
9827,512,2083,4.068359
9828,512,2000,3.906250
9829,512,2000,3.906250
9830,512,2208,4.312500
9831,512,2042,3.988281
9832,512,1959,3.826172
9833,512,2083,4.068359
9834,512,2042,3.988281
9835,512,2000,3.906250
9836,512,2084,4.070312
9837,512,2000,3.906250
9838,512,2125,4.150391
9839,512,2042,3.988281
9840,512,2125,4.150391
9841,512,2042,3.988281
9842,512,2083,4.068359
9843,512,2167,4.232422
9844,512,2625,5.126953
9845,512,2667,5.208984
9846,512,2667,5.208984
9847,512,2583,5.044922
9848,512,2708,5.289062
9849,512,2667,5.208984
9850,512,2625,5.126953
9851,512,2083,4.068359
9852,512,2208,4.312500
9853,512,2167,4.232422
9854,512,2042,3.988281
9855,512,2125,4.150391
9856,512,2375,4.638672
9857,512,2083,4.068359
9858,512,2083,4.068359
9859,512,2042,3.988281
9860,512,2041,3.986328
9861,512,2083,4.068359
9862,512,2292,4.476562
9863,512,2166,4.230469
9864,512,2083,4.068359
9865,512,1958,3.824219
9866,512,2083,4.068359
9867,512,2042,3.988281
9868,512,2041,3.986328
9869,512,2042,3.988281
9870,512,2000,3.906250
9871,512,2042,3.988281
9872,512,2083,4.068359
9873,512,2000,3.906250
9874,512,2083,4.068359
9875,512,2083,4.068359
9876,512,1958,3.824219
9877,512,2084,4.070312
9878,512,2125,4.150391
9879,512,2000,3.906250
9880,512,2041,3.986328
9881,512,2000,3.906250
9882,512,2000,3.906250
9883,512,2041,3.986328
9884,512,2042,3.988281
9885,512,2083,4.068359
9886,512,1958,3.824219
9887,512,1917,3.744141
9888,512,2000,3.906250
9889,512,2125,4.150391
9890,512,1958,3.824219
9891,512,2042,3.988281
9892,512,2167,4.232422
9893,512,2041,3.986328
9894,512,2084,4.070312
9895,512,2083,4.068359
9896,512,2125,4.150391
9897,512,2083,4.068359
9898,512,2042,3.988281
9899,512,2167,4.232422
9900,512,2125,4.150391
9901,512,2000,3.906250
9902,512,2416,4.718750
9903,512,2792,5.453125
9904,512,2583,5.044922
9905,512,2542,4.964844
9906,512,2583,5.044922
9907,512,2583,5.044922
9908,512,2666,5.207031
9909,512,2500,4.882812
9910,512,2209,4.314453
9911,512,2042,3.988281
9912,512,2166,4.230469
9913,512,2042,3.988281
9914,512,2041,3.986328
9915,512,2042,3.988281
9916,512,2209,4.314453
9917,512,2209,4.314453
9918,512,2125,4.150391
9919,512,2166,4.230469
9920,512,2084,4.070312
9921,512,2083,4.068359
9922,512,1958,3.824219
9923,512,2000,3.906250
9924,512,2208,4.312500
9925,512,2208,4.312500
9926,512,1958,3.824219
9927,512,1959,3.826172
9928,512,2125,4.150391
9929,512,2125,4.150391
9930,512,2000,3.906250
9931,512,2000,3.906250
9932,512,2083,4.068359
9933,512,2042,3.988281
9934,512,2041,3.986328
9935,512,2042,3.988281
9936,512,2042,3.988281
9937,512,2042,3.988281
9938,512,1958,3.824219
9939,512,2000,3.906250
9940,512,2000,3.906250
9941,512,2000,3.906250
9942,512,2042,3.988281
9943,512,2000,3.906250
9944,512,2041,3.986328
9945,512,2042,3.988281
9946,512,2083,4.068359
9947,512,1917,3.744141
9948,512,2083,4.068359
9949,512,1959,3.826172
9950,512,2041,3.986328
9951,512,2167,4.232422
9952,512,1958,3.824219
9953,512,2042,3.988281
9954,512,1959,3.826172
9955,512,2000,3.906250
9956,512,2250,4.394531
9957,512,2792,5.453125
9958,512,2667,5.208984
9959,512,2583,5.044922
9960,512,2500,4.882812
9961,512,2500,4.882812
9962,512,2541,4.962891
9963,512,2375,4.638672
9964,512,2083,4.068359
9965,512,2125,4.150391
9966,512,2084,4.070312
9967,512,2084,4.070312
9968,512,1917,3.744141
9969,512,2125,4.150391
9970,512,2083,4.068359
9971,512,2166,4.230469
9972,512,2042,3.988281
9973,512,1958,3.824219
9974,512,2083,4.068359
9975,512,2125,4.150391
9976,512,2000,3.906250
9977,512,2042,3.988281
9978,512,2208,4.312500
9979,512,2291,4.474609
9980,512,2084,4.070312
9981,512,2000,3.906250
9982,512,1958,3.824219
9983,512,2041,3.986328
9984,512,2084,4.070312
9985,512,1958,3.824219
9986,512,1958,3.824219
9987,512,2084,4.070312
9988,512,2000,3.906250
9989,512,1958,3.824219
9990,512,2000,3.906250
9991,512,2000,3.906250
9992,512,1958,3.824219
9993,512,2125,4.150391
9994,512,2000,3.906250
9995,512,2083,4.068359
9996,512,2083,4.068359
9997,512,2042,3.988281
9998,512,2000,3.906250
9999,512,1959,3.826172
10000,512,2000,3.906250
10001,512,2084,4.070312
10002,512,2000,3.906250
10003,512,2000,3.906250
10004,512,2042,3.988281
10005,512,2042,3.988281
10006,512,2000,3.906250
10007,512,2000,3.906250
10008,512,2042,3.988281
10009,512,2041,3.986328
10010,512,1959,3.826172
10011,512,2084,4.070312
10012,512,2000,3.906250
10013,512,2084,4.070312
10014,512,2125,4.150391
10015,512,2041,3.986328
10016,512,2042,3.988281
10017,512,2000,3.906250
10018,512,2041,3.986328
10019,512,2042,3.988281
10020,512,2000,3.906250
10021,512,1959,3.826172
10022,512,2125,4.150391
10023,512,2667,5.208984
10024,512,2750,5.371094
10025,512,2625,5.126953
10026,512,2667,5.208984
10027,512,2666,5.207031
10028,512,2583,5.044922
10029,512,2334,4.558594
10030,512,2084,4.070312
10031,512,2167,4.232422
10032,512,2125,4.150391
10033,512,2041,3.986328
10034,512,2250,4.394531
10035,512,2084,4.070312
10036,512,2083,4.068359
10037,512,2208,4.312500
10038,512,2000,3.906250
10039,512,2042,3.988281
10040,512,2084,4.070312
10041,512,2042,3.988281
10042,512,2083,4.068359
10043,512,2083,4.068359
10044,512,2125,4.150391
10045,512,2125,4.150391
10046,512,2042,3.988281
10047,512,2250,4.394531
10048,512,2000,3.906250
10049,512,2083,4.068359
10050,512,2125,4.150391
10051,512,2083,4.068359
10052,512,2167,4.232422
10053,512,2042,3.988281
10054,512,2000,3.906250
10055,512,2125,4.150391
10056,512,2084,4.070312
10057,512,2041,3.986328
10058,512,2000,3.906250
10059,512,2042,3.988281
10060,512,2083,4.068359
10061,512,2125,4.150391
10062,512,2000,3.906250
10063,512,2083,4.068359
10064,512,2000,3.906250
10065,512,2000,3.906250
10066,512,2042,3.988281
10067,512,2125,4.150391
10068,512,2125,4.150391
10069,512,2042,3.988281
10070,512,2125,4.150391
10071,512,2208,4.312500
10072,512,2125,4.150391
10073,512,2125,4.150391
10074,512,2083,4.068359
10075,512,2000,3.906250
10076,512,2084,4.070312
10077,512,2208,4.312500
10078,512,2125,4.150391
10079,512,2083,4.068359
10080,512,2000,3.906250
10081,512,2083,4.068359
10082,512,2083,4.068359
10083,512,2042,3.988281
10084,512,2125,4.150391
10085,512,2000,3.906250
10086,512,2333,4.556641
10087,512,2791,5.451172
10088,512,2708,5.289062
10089,512,2667,5.208984
10090,512,2750,5.371094
10091,512,2625,5.126953
10092,512,2584,5.046875
10093,512,2459,4.802734
10094,512,2125,4.150391
10095,512,2042,3.988281
10096,512,2208,4.312500
10097,512,2083,4.068359
10098,512,2125,4.150391
10099,512,2250,4.394531
10100,512,2084,4.070312
10101,512,2208,4.312500
10102,512,2417,4.720703
10103,512,2125,4.150391
10104,512,2000,3.906250
10105,512,2042,3.988281
10106,512,2083,4.068359
10107,512,2125,4.150391
10108,512,2083,4.068359
10109,512,2083,4.068359
10110,512,2167,4.232422
10111,512,1958,3.824219
10112,512,2333,4.556641
10113,512,2042,3.988281
10114,512,2083,4.068359
10115,512,2000,3.906250
10116,512,2042,3.988281
10117,512,2000,3.906250
10118,512,2042,3.988281
10119,512,2000,3.906250
10120,512,2083,4.068359
10121,512,2042,3.988281
10122,512,2125,4.150391
10123,512,2084,4.070312
10124,512,2000,3.906250
10125,512,2083,4.068359
10126,512,2042,3.988281
10127,512,1958,3.824219
10128,512,2000,3.906250
10129,512,1958,3.824219
10130,512,2083,4.068359
10131,512,2084,4.070312
10132,512,2000,3.906250
10133,512,1959,3.826172
10134,512,1959,3.826172
10135,512,2000,3.906250
10136,512,2084,4.070312
10137,512,2041,3.986328
10138,512,2042,3.988281
10139,512,1958,3.824219
10140,512,2125,4.150391
10141,512,2042,3.988281
10142,512,2000,3.906250
10143,512,2083,4.068359
10144,512,2042,3.988281
10145,512,2042,3.988281
10146,512,2000,3.906250
10147,512,2083,4.068359
10148,512,2000,3.906250
10149,512,2000,3.906250
10150,512,2083,4.068359
10151,512,2042,3.988281
10152,512,2000,3.906250
10153,512,2000,3.906250
10154,512,2042,3.988281
10155,512,2000,3.906250
10156,512,1958,3.824219
10157,512,2041,3.986328
10158,512,1958,3.824219
10159,512,1959,3.826172
10160,512,2000,3.906250
10161,512,2083,4.068359
10162,512,2000,3.906250
10163,512,2083,4.068359
10164,512,2083,4.068359
10165,512,2125,4.150391
10166,512,2167,4.232422
10167,512,1958,3.824219
10168,512,1958,3.824219
10169,512,1958,3.824219
10170,512,2084,4.070312
10171,512,2166,4.230469
10172,512,2042,3.988281
10173,512,1958,3.824219
10174,512,2000,3.906250
10175,512,2083,4.068359
10176,512,2042,3.988281
10177,512,1959,3.826172
10178,512,1917,3.744141
10179,512,2042,3.988281
10180,512,2042,3.988281
10181,512,1917,3.744141
10182,512,2042,3.988281
10183,512,2125,4.150391
10184,512,2125,4.150391
10185,512,1917,3.744141
10186,512,1958,3.824219
10187,512,2167,4.232422
10188,512,1875,3.662109
10189,512,2000,3.906250
10190,512,2125,4.150391
10191,512,2000,3.906250
10192,512,2125,4.150391
10193,512,2041,3.986328
10194,512,2042,3.988281
10195,512,2125,4.150391
10196,512,2125,4.150391
10197,512,2000,3.906250
10198,512,2000,3.906250
10199,512,2041,3.986328
10200,512,2000,3.906250
10201,512,2084,4.070312
10202,512,2041,3.986328
10203,512,2042,3.988281
10204,512,2000,3.906250
10205,512,2083,4.068359
10206,512,2083,4.068359
10207,512,2125,4.150391
10208,512,2000,3.906250
10209,512,1958,3.824219
10210,512,2500,4.882812
10211,512,2666,5.207031
10212,512,2625,5.126953
10213,512,2583,5.044922
10214,512,2583,5.044922
10215,512,2584,5.046875
10216,512,2500,4.882812
10217,512,2375,4.638672
10218,512,2042,3.988281
10219,512,2667,5.208984
10220,512,2875,5.615234
10221,512,2542,4.964844
10222,512,2625,5.126953
10223,512,2625,5.126953
10224,512,2666,5.207031
10225,512,2625,5.126953
10226,512,2667,5.208984
10227,512,2541,4.962891
10228,512,2792,5.453125
10229,512,2542,4.964844
10230,512,2875,5.615234
10231,512,2583,5.044922
10232,512,2083,4.068359
10233,512,2083,4.068359
10234,512,2084,4.070312
10235,512,2000,3.906250
10236,512,2084,4.070312
10237,512,2166,4.230469
10238,512,2042,3.988281
10239,512,2125,4.150391
10240,512,2083,4.068359
10241,512,2000,3.906250
10242,512,2084,4.070312
10243,512,1958,3.824219
10244,512,1916,3.742188
10245,512,1958,3.824219
10246,512,2042,3.988281
10247,512,2042,3.988281
10248,512,1959,3.826172
10249,512,2041,3.986328
10250,512,2125,4.150391
10251,512,2084,4.070312
10252,512,2000,3.906250
10253,512,1958,3.824219
10254,512,1958,3.824219
10255,512,2125,4.150391
10256,512,2000,3.906250
10257,512,2084,4.070312
10258,512,2041,3.986328
10259,512,2125,4.150391
10260,512,2084,4.070312
10261,512,2042,3.988281
10262,512,2041,3.986328
10263,512,2042,3.988281
10264,512,2042,3.988281
10265,512,10583,20.669922
10266,512,2208,4.312500
10267,512,1958,3.824219
10268,512,1917,3.744141
10269,512,2041,3.986328
10270,512,2000,3.906250
10271,512,1916,3.742188
10272,512,2125,4.150391
10273,512,2000,3.906250
10274,512,2000,3.906250
10275,512,2042,3.988281
10276,512,2125,4.150391
10277,512,1958,3.824219
10278,512,2000,3.906250
10279,512,2083,4.068359
10280,512,2125,4.150391
10281,512,2042,3.988281
10282,512,2166,4.230469
10283,512,2459,4.802734
10284,512,2542,4.964844
10285,512,2666,5.207031
10286,512,2584,5.046875
10287,512,2583,5.044922
10288,512,2458,4.800781
10289,512,2541,4.962891
10290,512,2667,5.208984
10291,512,2625,5.126953
10292,512,2625,5.126953
10293,512,2542,4.964844
10294,512,2584,5.046875
10295,512,2542,4.964844
10296,512,14083,27.505859
10297,512,2834,5.535156
10298,512,2334,4.558594
10299,512,1959,3.826172
10300,512,8333,16.275391
10301,512,2000,3.906250
10302,512,2041,3.986328
10303,512,2083,4.068359
10304,512,2000,3.906250
10305,512,2125,4.150391
10306,512,2084,4.070312
10307,512,2083,4.068359
10308,512,2083,4.068359
10309,512,2083,4.068359
10310,512,1959,3.826172
10311,512,1958,3.824219
10312,512,2000,3.906250
10313,512,1958,3.824219
10314,512,2000,3.906250
10315,512,2042,3.988281
10316,512,1958,3.824219
10317,512,2041,3.986328
10318,512,2084,4.070312
10319,512,1958,3.824219
10320,512,2125,4.150391
10321,512,2000,3.906250
10322,512,2083,4.068359
10323,512,2042,3.988281
10324,512,2000,3.906250
10325,512,2125,4.150391
10326,512,2083,4.068359
10327,512,1958,3.824219
10328,512,2042,3.988281
10329,512,2083,4.068359
10330,512,2000,3.906250
10331,512,2042,3.988281
10332,512,2042,3.988281
10333,512,2041,3.986328
10334,512,2042,3.988281
10335,512,2000,3.906250
10336,512,2083,4.068359
10337,512,2083,4.068359
10338,512,2042,3.988281
10339,512,2042,3.988281
10340,512,1916,3.742188
10341,512,2000,3.906250
10342,512,2041,3.986328
10343,512,2000,3.906250
10344,512,2084,4.070312
10345,512,2041,3.986328
10346,512,2042,3.988281
10347,512,2083,4.068359
10348,512,2083,4.068359
10349,512,2000,3.906250
10350,512,2000,3.906250
10351,512,1958,3.824219
10352,512,2042,3.988281
10353,512,2041,3.986328
10354,512,2000,3.906250
10355,512,2125,4.150391
10356,512,2084,4.070312
10357,512,1959,3.826172
10358,512,2083,4.068359
10359,512,1916,3.742188
10360,512,2084,4.070312
10361,512,2041,3.986328
10362,512,2084,4.070312
10363,512,2042,3.988281
10364,512,2000,3.906250
10365,512,2083,4.068359
10366,512,2042,3.988281
10367,512,2041,3.986328
10368,512,2167,4.232422
10369,512,2083,4.068359
10370,512,2125,4.150391
10371,512,2000,3.906250
10372,512,2083,4.068359
10373,512,1959,3.826172
10374,512,2000,3.906250
10375,512,2083,4.068359
10376,512,2083,4.068359
10377,512,1875,3.662109
10378,512,2000,3.906250
10379,512,2000,3.906250
10380,512,1916,3.742188
10381,512,1958,3.824219
10382,512,2042,3.988281
10383,512,2041,3.986328
10384,512,2042,3.988281
10385,512,2167,4.232422
10386,512,2041,3.986328
10387,512,2083,4.068359
10388,512,2042,3.988281
10389,512,1958,3.824219
10390,512,1958,3.824219
10391,512,2042,3.988281
10392,512,2000,3.906250
10393,512,1959,3.826172
10394,512,2041,3.986328
10395,512,2084,4.070312
10396,512,2125,4.150391
10397,512,2041,3.986328
10398,512,2084,4.070312
10399,512,2041,3.986328
10400,512,2042,3.988281
10401,512,2083,4.068359
10402,512,2000,3.906250
10403,512,2042,3.988281
10404,512,1959,3.826172
10405,512,2041,3.986328
10406,512,2125,4.150391
10407,512,2042,3.988281
10408,512,2000,3.906250
10409,512,2083,4.068359
10410,512,2083,4.068359
10411,512,2000,3.906250
10412,512,2125,4.150391
10413,512,2125,4.150391
10414,512,1959,3.826172
10415,512,2125,4.150391
10416,512,2000,3.906250
10417,512,2000,3.906250
10418,512,1875,3.662109
10419,512,2042,3.988281
10420,512,2041,3.986328
10421,512,2084,4.070312
10422,512,2000,3.906250
10423,512,2041,3.986328
10424,512,2125,4.150391
10425,512,2000,3.906250
10426,512,2042,3.988281
10427,512,2000,3.906250
10428,512,1917,3.744141
10429,512,2042,3.988281
10430,512,2083,4.068359
10431,512,2000,3.906250
10432,512,2000,3.906250
10433,512,2000,3.906250
10434,512,2083,4.068359
10435,512,2083,4.068359
10436,512,2042,3.988281
10437,512,2042,3.988281
10438,512,2083,4.068359
10439,512,2083,4.068359
10440,512,2000,3.906250
10441,512,2042,3.988281
10442,512,2125,4.150391
10443,512,1958,3.824219
10444,512,2000,3.906250
10445,512,8083,15.787109
10446,512,2250,4.394531
10447,512,2000,3.906250
10448,512,2000,3.906250
10449,512,2042,3.988281
10450,512,2083,4.068359
10451,512,2083,4.068359
10452,512,2000,3.906250
10453,512,2042,3.988281
10454,512,2083,4.068359
10455,512,2208,4.312500
10456,512,2042,3.988281
10457,512,2125,4.150391
10458,512,2000,3.906250
10459,512,2000,3.906250
10460,512,2167,4.232422
10461,512,2083,4.068359
10462,512,2084,4.070312
10463,512,2000,3.906250
10464,512,2042,3.988281
10465,512,2000,3.906250
10466,512,1958,3.824219
10467,512,2000,3.906250
10468,512,1958,3.824219
10469,512,1958,3.824219
10470,512,2084,4.070312
10471,512,2000,3.906250
10472,512,2000,3.906250
10473,512,2083,4.068359
10474,512,2083,4.068359
10475,512,2084,4.070312
10476,512,2125,4.150391
10477,512,2042,3.988281
10478,512,2208,4.312500
10479,512,2042,3.988281
10480,512,2083,4.068359
10481,512,2042,3.988281
10482,512,2083,4.068359
10483,512,1958,3.824219
10484,512,2000,3.906250
10485,512,2042,3.988281
10486,512,2041,3.986328
10487,512,2084,4.070312
10488,512,2041,3.986328
10489,512,2042,3.988281
10490,512,1958,3.824219
10491,512,1958,3.824219
10492,512,2042,3.988281
10493,512,2000,3.906250
10494,512,2042,3.988281
10495,512,2000,3.906250
10496,512,1917,3.744141
10497,512,2042,3.988281
10498,512,2042,3.988281
10499,512,2083,4.068359
10500,512,2000,3.906250
10501,512,2125,4.150391
10502,512,2083,4.068359
10503,512,2000,3.906250
10504,512,2083,4.068359
10505,512,1958,3.824219
10506,512,2084,4.070312
10507,512,2125,4.150391
10508,512,2125,4.150391
10509,512,2125,4.150391
10510,512,2042,3.988281
10511,512,2125,4.150391
10512,512,1958,3.824219
10513,512,2000,3.906250
10514,512,2041,3.986328
10515,512,2000,3.906250
10516,512,2083,4.068359
10517,512,2125,4.150391
10518,512,2083,4.068359
10519,512,2000,3.906250
10520,512,1917,3.744141
10521,512,2125,4.150391
10522,512,2083,4.068359
10523,512,1959,3.826172
10524,512,2041,3.986328
10525,512,1917,3.744141
10526,512,2000,3.906250
10527,512,2000,3.906250
10528,512,2084,4.070312
10529,512,2083,4.068359
10530,512,2042,3.988281
10531,512,2041,3.986328
10532,512,2084,4.070312
10533,512,2000,3.906250
10534,512,2000,3.906250
10535,512,2166,4.230469
10536,512,1959,3.826172
10537,512,2084,4.070312
10538,512,2083,4.068359
10539,512,2042,3.988281
10540,512,2000,3.906250
10541,512,2125,4.150391
10542,512,2041,3.986328
10543,512,2125,4.150391
10544,512,2000,3.906250
10545,512,2000,3.906250
10546,512,2000,3.906250
10547,512,2125,4.150391
10548,512,1959,3.826172
10549,512,2083,4.068359
10550,512,2042,3.988281
10551,512,2000,3.906250
10552,512,1959,3.826172
10553,512,2041,3.986328
10554,512,2083,4.068359
10555,512,2042,3.988281
10556,512,2000,3.906250
10557,512,2000,3.906250
10558,512,2000,3.906250
10559,512,2041,3.986328
10560,512,2084,4.070312
10561,512,2083,4.068359
10562,512,2000,3.906250
10563,512,2000,3.906250
10564,512,1958,3.824219
10565,512,2042,3.988281
10566,512,2000,3.906250
10567,512,1917,3.744141
10568,512,2000,3.906250
10569,512,2042,3.988281
10570,512,2083,4.068359
10571,512,2042,3.988281
10572,512,2083,4.068359
10573,512,2042,3.988281
10574,512,2083,4.068359
10575,512,1917,3.744141
10576,512,1959,3.826172
10577,512,2041,3.986328
10578,512,1959,3.826172
10579,512,2000,3.906250
10580,512,2000,3.906250
10581,512,2042,3.988281
10582,512,2042,3.988281
10583,512,2083,4.068359
10584,512,2083,4.068359
10585,512,2000,3.906250
10586,512,2042,3.988281
10587,512,2000,3.906250
10588,512,2000,3.906250
10589,512,2083,4.068359
10590,512,2000,3.906250
10591,512,2000,3.906250
10592,512,1958,3.824219
10593,512,2042,3.988281
10594,512,2083,4.068359
10595,512,2000,3.906250
10596,512,2000,3.906250
10597,512,2084,4.070312
10598,512,2000,3.906250
10599,512,2042,3.988281
10600,512,2084,4.070312
10601,512,2000,3.906250
10602,512,2084,4.070312
10603,512,1916,3.742188
10604,512,2000,3.906250
10605,512,2041,3.986328
10606,512,2083,4.068359
10607,512,2000,3.906250
10608,512,2042,3.988281
10609,512,1958,3.824219
10610,512,2084,4.070312
10611,512,2000,3.906250
10612,512,2083,4.068359
10613,512,2000,3.906250
10614,512,2000,3.906250
10615,512,2000,3.906250
10616,512,2000,3.906250
10617,512,2041,3.986328
10618,512,2125,4.150391
10619,512,2000,3.906250
10620,512,1958,3.824219
10621,512,2000,3.906250
10622,512,2125,4.150391
10623,512,2000,3.906250
10624,512,2292,4.476562
10625,512,1959,3.826172
10626,512,2041,3.986328
10627,512,1959,3.826172
10628,512,2041,3.986328
10629,512,2083,4.068359
10630,512,2000,3.906250
10631,512,2083,4.068359
10632,512,1958,3.824219
10633,512,2000,3.906250
10634,512,2000,3.906250
10635,512,2083,4.068359
10636,512,1916,3.742188
10637,512,1959,3.826172
10638,512,1875,3.662109
10639,512,2042,3.988281
10640,512,2000,3.906250
10641,512,1958,3.824219
10642,512,1958,3.824219
10643,512,2000,3.906250
10644,512,2042,3.988281
10645,512,2083,4.068359
10646,512,2000,3.906250
10647,512,2041,3.986328
10648,512,2000,3.906250
10649,512,2000,3.906250
10650,512,2084,4.070312
10651,512,2041,3.986328
10652,512,1958,3.824219
10653,512,2042,3.988281
10654,512,2000,3.906250
10655,512,2000,3.906250
10656,512,2000,3.906250
10657,512,2000,3.906250
10658,512,1958,3.824219
10659,512,2042,3.988281
10660,512,2125,4.150391
10661,512,2000,3.906250
10662,512,1958,3.824219
10663,512,2000,3.906250
10664,512,2000,3.906250
10665,512,2125,4.150391
10666,512,2000,3.906250
10667,512,2041,3.986328
10668,512,2000,3.906250
10669,512,1959,3.826172
10670,512,2000,3.906250
10671,512,2000,3.906250
10672,512,2000,3.906250
10673,512,1959,3.826172
10674,512,2000,3.906250
10675,512,2042,3.988281
10676,512,1958,3.824219
10677,512,2083,4.068359
10678,512,2084,4.070312
10679,512,1958,3.824219
10680,512,1875,3.662109
10681,512,2042,3.988281
10682,512,2000,3.906250
10683,512,2041,3.986328
10684,512,1958,3.824219
10685,512,2042,3.988281
10686,512,2042,3.988281
10687,512,2042,3.988281
10688,512,2000,3.906250
10689,512,2083,4.068359
10690,512,2125,4.150391
10691,512,2125,4.150391
10692,512,2042,3.988281
10693,512,1958,3.824219
10694,512,2167,4.232422
10695,512,2042,3.988281
10696,512,2041,3.986328
10697,512,1959,3.826172
10698,512,2041,3.986328
10699,512,2000,3.906250
10700,512,2083,4.068359
10701,512,2000,3.906250
10702,512,2042,3.988281
10703,512,2041,3.986328
10704,512,2125,4.150391
10705,512,1959,3.826172
10706,512,1958,3.824219
10707,512,2000,3.906250
10708,512,2000,3.906250
10709,512,1958,3.824219
10710,512,2208,4.312500
10711,512,1959,3.826172
10712,512,2000,3.906250
10713,512,2000,3.906250
10714,512,2042,3.988281
10715,512,1958,3.824219
10716,512,2042,3.988281
10717,512,2084,4.070312
10718,512,2041,3.986328
10719,512,2000,3.906250
10720,512,2000,3.906250
10721,512,2041,3.986328
10722,512,2042,3.988281
10723,512,2000,3.906250
10724,512,2041,3.986328
10725,512,2084,4.070312
10726,512,2000,3.906250
10727,512,2083,4.068359
10728,512,2042,3.988281
10729,512,2083,4.068359
10730,512,2000,3.906250
10731,512,2125,4.150391
10732,512,2042,3.988281
10733,512,2041,3.986328
10734,512,2042,3.988281
10735,512,2125,4.150391
10736,512,2042,3.988281
10737,512,2041,3.986328
10738,512,2042,3.988281
10739,512,2000,3.906250
10740,512,1958,3.824219
10741,512,2042,3.988281
10742,512,2041,3.986328
10743,512,2125,4.150391
10744,512,2042,3.988281
10745,512,2208,4.312500
10746,512,2583,5.044922
10747,512,2667,5.208984
10748,512,2666,5.207031
10749,512,2750,5.371094
10750,512,2500,4.882812
10751,512,2458,4.800781
10752,512,2375,4.638672
10753,512,2084,4.070312
10754,512,2000,3.906250
10755,512,1959,3.826172
10756,512,2000,3.906250
10757,512,2042,3.988281
10758,512,2084,4.070312
10759,512,2041,3.986328
10760,512,2125,4.150391
10761,512,2167,4.232422
10762,512,2125,4.150391
10763,512,2041,3.986328
10764,512,2042,3.988281
10765,512,2083,4.068359
10766,512,1958,3.824219
10767,512,2041,3.986328
10768,512,2125,4.150391
10769,512,2042,3.988281
10770,512,2042,3.988281
10771,512,2084,4.070312
10772,512,2041,3.986328
10773,512,2084,4.070312
10774,512,2000,3.906250
10775,512,1959,3.826172
10776,512,2083,4.068359
10777,512,2083,4.068359
10778,512,2042,3.988281
10779,512,2166,4.230469
10780,512,2042,3.988281
10781,512,2125,4.150391
10782,512,1875,3.662109
10783,512,2167,4.232422
10784,512,2083,4.068359
10785,512,2000,3.906250
10786,512,2125,4.150391
10787,512,2000,3.906250
10788,512,2208,4.312500
10789,512,2084,4.070312
10790,512,2000,3.906250
10791,512,2042,3.988281
10792,512,2166,4.230469
10793,512,2083,4.068359
10794,512,1958,3.824219
10795,512,2000,3.906250
10796,512,2042,3.988281
10797,512,2042,3.988281
10798,512,2000,3.906250
10799,512,2000,3.906250
10800,512,1917,3.744141
10801,512,2000,3.906250
10802,512,2083,4.068359
10803,512,2083,4.068359
10804,512,2083,4.068359
10805,512,2084,4.070312
10806,512,2000,3.906250
10807,512,2041,3.986328
10808,512,2042,3.988281
10809,512,2041,3.986328
10810,512,2042,3.988281
10811,512,2125,4.150391
10812,512,2083,4.068359
10813,512,2042,3.988281
10814,512,2041,3.986328
10815,512,2000,3.906250
10816,512,2000,3.906250
10817,512,2000,3.906250
10818,512,2208,4.312500
10819,512,2084,4.070312
10820,512,1959,3.826172
10821,512,2041,3.986328
10822,512,2083,4.068359
10823,512,2167,4.232422
10824,512,1958,3.824219
10825,512,2083,4.068359
10826,512,2000,3.906250
10827,512,2083,4.068359
10828,512,2083,4.068359
10829,512,2042,3.988281
10830,512,2000,3.906250
10831,512,2167,4.232422
10832,512,2041,3.986328
10833,512,2000,3.906250
10834,512,2083,4.068359
10835,512,2042,3.988281
10836,512,2083,4.068359
10837,512,2000,3.906250
10838,512,2042,3.988281
10839,512,2041,3.986328
10840,512,1958,3.824219
10841,512,2209,4.314453
10842,512,2083,4.068359
10843,512,2000,3.906250
10844,512,2083,4.068359
10845,512,2042,3.988281
10846,512,2041,3.986328
10847,512,1958,3.824219
10848,512,2000,3.906250
10849,512,2000,3.906250
10850,512,2084,4.070312
10851,512,2041,3.986328
10852,512,2042,3.988281
10853,512,2083,4.068359
10854,512,2083,4.068359
10855,512,2167,4.232422
10856,512,1917,3.744141
10857,512,2042,3.988281
10858,512,2083,4.068359
10859,512,2000,3.906250
10860,512,2041,3.986328
10861,512,1958,3.824219
10862,512,2042,3.988281
10863,512,2000,3.906250
10864,512,1959,3.826172
10865,512,2042,3.988281
10866,512,2083,4.068359
10867,512,2084,4.070312
10868,512,2083,4.068359
10869,512,2083,4.068359
10870,512,2125,4.150391
10871,512,2041,3.986328
10872,512,2084,4.070312
10873,512,2000,3.906250
10874,512,1959,3.826172
10875,512,2000,3.906250
10876,512,2000,3.906250
10877,512,2000,3.906250
10878,512,2000,3.906250
10879,512,2083,4.068359
10880,512,2167,4.232422
10881,512,1958,3.824219
10882,512,2000,3.906250
10883,512,1917,3.744141
10884,512,1917,3.744141
10885,512,2000,3.906250
10886,512,1958,3.824219
10887,512,2000,3.906250
10888,512,1959,3.826172
10889,512,1958,3.824219
10890,512,2000,3.906250
10891,512,1959,3.826172
10892,512,1959,3.826172
10893,512,1917,3.744141
10894,512,1958,3.824219
10895,512,2000,3.906250
10896,512,2000,3.906250
10897,512,2042,3.988281
10898,512,1916,3.742188
10899,512,2042,3.988281
10900,512,2083,4.068359
10901,512,2000,3.906250
10902,512,2000,3.906250
10903,512,1959,3.826172
10904,512,2000,3.906250
10905,512,2041,3.986328
10906,512,2084,4.070312
10907,512,2041,3.986328
10908,512,2125,4.150391
10909,512,1917,3.744141
10910,512,2041,3.986328
10911,512,2042,3.988281
10912,512,1958,3.824219
10913,512,2000,3.906250
10914,512,2083,4.068359
10915,512,2125,4.150391
10916,512,2000,3.906250
10917,512,1958,3.824219
10918,512,2000,3.906250
10919,512,2083,4.068359
10920,512,2083,4.068359
10921,512,2000,3.906250
10922,512,2083,4.068359
10923,512,2000,3.906250
10924,512,2084,4.070312
10925,512,2042,3.988281
10926,512,1958,3.824219
10927,512,2042,3.988281
10928,512,2041,3.986328
10929,512,2000,3.906250
10930,512,2041,3.986328
10931,512,2084,4.070312
10932,512,2041,3.986328
10933,512,1958,3.824219
10934,512,2000,3.906250
10935,512,2000,3.906250
10936,512,2000,3.906250
10937,512,1959,3.826172
10938,512,2000,3.906250
10939,512,1917,3.744141
10940,512,1958,3.824219
10941,512,2000,3.906250
10942,512,1958,3.824219
10943,512,2042,3.988281
10944,512,2041,3.986328
10945,512,2042,3.988281
10946,512,2083,4.068359
10947,512,1959,3.826172
10948,512,2125,4.150391
10949,512,2083,4.068359
10950,512,2083,4.068359
10951,512,2000,3.906250
10952,512,2000,3.906250
10953,512,2000,3.906250
10954,512,2000,3.906250
10955,512,2000,3.906250
10956,512,1959,3.826172
10957,512,2084,4.070312
10958,512,1958,3.824219
10959,512,2042,3.988281
10960,512,2041,3.986328
10961,512,2625,5.126953
10962,512,2875,5.615234
10963,512,2625,5.126953
10964,512,2542,4.964844
10965,512,2625,5.126953
10966,512,2583,5.044922
10967,512,2542,4.964844
10968,512,2084,4.070312
10969,512,2083,4.068359
10970,512,2041,3.986328
10971,512,2083,4.068359
10972,512,2042,3.988281
10973,512,2083,4.068359
10974,512,2042,3.988281
10975,512,2041,3.986328
10976,512,2125,4.150391
10977,512,2083,4.068359
10978,512,2000,3.906250
10979,512,1917,3.744141
10980,512,2083,4.068359
10981,512,2083,4.068359
10982,512,2000,3.906250
10983,512,2041,3.986328
10984,512,2000,3.906250
10985,512,2041,3.986328
10986,512,2042,3.988281
10987,512,2041,3.986328
10988,512,2167,4.232422
10989,512,2083,4.068359
10990,512,2041,3.986328
10991,512,2042,3.988281
10992,512,2041,3.986328
10993,512,2000,3.906250
10994,512,2042,3.988281
10995,512,2041,3.986328
10996,512,2000,3.906250
10997,512,2000,3.906250
10998,512,2167,4.232422
10999,512,2167,4.232422
11000,512,2125,4.150391
11001,512,2083,4.068359
11002,512,2042,3.988281
11003,512,2041,3.986328
11004,512,2084,4.070312
11005,512,2084,4.070312
11006,512,2041,3.986328
11007,512,2084,4.070312
11008,512,2042,3.988281
11009,512,2083,4.068359
11010,512,2083,4.068359
11011,512,2084,4.070312
11012,512,2042,3.988281
11013,512,2083,4.068359
11014,512,2417,4.720703
11015,512,2833,5.533203
11016,512,2667,5.208984
11017,512,2542,4.964844
11018,512,2625,5.126953
11019,512,2584,5.046875
11020,512,2625,5.126953
11021,512,2666,5.207031
11022,512,2500,4.882812
11023,512,2667,5.208984
11024,512,2666,5.207031
11025,512,2708,5.289062
11026,512,2500,4.882812
11027,512,3041,5.939453
11028,512,2500,4.882812
11029,512,2208,4.312500
11030,512,2084,4.070312
11031,512,2083,4.068359
11032,512,2042,3.988281
11033,512,2041,3.986328
11034,512,2000,3.906250
11035,512,2041,3.986328
11036,512,2000,3.906250
11037,512,2083,4.068359
11038,512,2000,3.906250
11039,512,2042,3.988281
11040,512,2083,4.068359
11041,512,2083,4.068359
11042,512,2042,3.988281
11043,512,2083,4.068359
11044,512,2042,3.988281
11045,512,2083,4.068359
11046,512,2041,3.986328
11047,512,2125,4.150391
11048,512,2125,4.150391
11049,512,2125,4.150391
11050,512,2125,4.150391
11051,512,2041,3.986328
11052,512,2167,4.232422
11053,512,2167,4.232422
11054,512,2083,4.068359
11055,512,2167,4.232422
11056,512,2041,3.986328
11057,512,2083,4.068359
11058,512,2000,3.906250
11059,512,2000,3.906250
11060,512,2000,3.906250
11061,512,2083,4.068359
11062,512,2000,3.906250
11063,512,2041,3.986328
11064,512,2125,4.150391
11065,512,2083,4.068359
11066,512,2083,4.068359
11067,512,2042,3.988281
11068,512,2208,4.312500
11069,512,2084,4.070312
11070,512,2000,3.906250
11071,512,2042,3.988281
11072,512,1917,3.744141
11073,512,2125,4.150391
11074,512,2083,4.068359
11075,512,2000,3.906250
11076,512,2125,4.150391
11077,512,2208,4.312500
11078,512,2042,3.988281
11079,512,2000,3.906250
11080,512,2166,4.230469
11081,512,2084,4.070312
11082,512,2167,4.232422
11083,512,2083,4.068359
11084,512,2000,3.906250
11085,512,2042,3.988281
11086,512,2166,4.230469
11087,512,2125,4.150391
11088,512,2000,3.906250
11089,512,2041,3.986328
11090,512,2125,4.150391
11091,512,2042,3.988281
11092,512,2083,4.068359
11093,512,2041,3.986328
11094,512,2042,3.988281
11095,512,2083,4.068359
11096,512,2042,3.988281
11097,512,2041,3.986328
11098,512,2042,3.988281
11099,512,2125,4.150391
11100,512,2167,4.232422
11101,512,2042,3.988281
11102,512,2084,4.070312
11103,512,2083,4.068359
11104,512,2042,3.988281
11105,512,2041,3.986328
11106,512,2042,3.988281
11107,512,2000,3.906250
11108,512,2042,3.988281
11109,512,2083,4.068359
11110,512,2125,4.150391
11111,512,2083,4.068359
11112,512,2042,3.988281
11113,512,2125,4.150391
11114,512,2083,4.068359
11115,512,2041,3.986328
11116,512,2042,3.988281
11117,512,2000,3.906250
11118,512,2083,4.068359
11119,512,2209,4.314453
11120,512,2083,4.068359
11121,512,2042,3.988281
11122,512,2166,4.230469
11123,512,2084,4.070312
11124,512,2125,4.150391
11125,512,2042,3.988281
11126,512,2041,3.986328
11127,512,2167,4.232422
11128,512,2000,3.906250
11129,512,2042,3.988281
11130,512,2000,3.906250
11131,512,2000,3.906250
11132,512,2125,4.150391
11133,512,2042,3.988281
11134,512,2041,3.986328
11135,512,2000,3.906250
11136,512,2792,5.453125
11137,512,2000,3.906250
11138,512,2041,3.986328
11139,512,2000,3.906250
11140,512,2000,3.906250
11141,512,2083,4.068359
11142,512,2125,4.150391
11143,512,2084,4.070312
11144,512,2083,4.068359
11145,512,2000,3.906250
11146,512,2042,3.988281
11147,512,2083,4.068359
11148,512,2000,3.906250
11149,512,2125,4.150391
11150,512,2042,3.988281
11151,512,2000,3.906250
11152,512,1958,3.824219
11153,512,2083,4.068359
11154,512,2042,3.988281
11155,512,2083,4.068359
11156,512,2083,4.068359
11157,512,2084,4.070312
11158,512,2041,3.986328
11159,512,2084,4.070312
11160,512,2041,3.986328
11161,512,2125,4.150391
11162,512,2000,3.906250
11163,512,2042,3.988281
11164,512,2083,4.068359
11165,512,2083,4.068359
11166,512,2000,3.906250
11167,512,2083,4.068359
11168,512,2083,4.068359
11169,512,2084,4.070312
11170,512,2042,3.988281
11171,512,2083,4.068359
11172,512,2125,4.150391
11173,512,2250,4.394531
11174,512,2208,4.312500
11175,512,2041,3.986328
11176,512,2084,4.070312
11177,512,2125,4.150391
11178,512,2000,3.906250
11179,512,1958,3.824219
11180,512,2000,3.906250
11181,512,2041,3.986328
11182,512,2042,3.988281
11183,512,2083,4.068359
11184,512,2000,3.906250
11185,512,2041,3.986328
11186,512,2000,3.906250
11187,512,2000,3.906250
11188,512,2042,3.988281
11189,512,2083,4.068359
11190,512,2042,3.988281
11191,512,2000,3.906250
11192,512,2041,3.986328
11193,512,2000,3.906250
11194,512,1958,3.824219
11195,512,2000,3.906250
11196,512,2083,4.068359
11197,512,2042,3.988281
11198,512,2083,4.068359
11199,512,2042,3.988281
11200,512,1958,3.824219
11201,512,2042,3.988281
11202,512,1958,3.824219
11203,512,2000,3.906250
11204,512,2042,3.988281
11205,512,2000,3.906250
11206,512,2042,3.988281
11207,512,2000,3.906250
11208,512,2042,3.988281
11209,512,2000,3.906250
11210,512,2000,3.906250
11211,512,2041,3.986328
11212,512,1958,3.824219
11213,512,2000,3.906250
11214,512,2125,4.150391
11215,512,2041,3.986328
11216,512,2042,3.988281
11217,512,1958,3.824219
11218,512,2041,3.986328
11219,512,2084,4.070312
11220,512,2041,3.986328
11221,512,2042,3.988281
11222,512,2000,3.906250
11223,512,2000,3.906250
11224,512,2084,4.070312
11225,512,2042,3.988281
11226,512,2041,3.986328
11227,512,2042,3.988281
11228,512,2125,4.150391
11229,512,2000,3.906250
11230,512,2083,4.068359
11231,512,2042,3.988281
11232,512,1958,3.824219
11233,512,2125,4.150391
11234,512,2042,3.988281
11235,512,2000,3.906250
11236,512,2000,3.906250
11237,512,2084,4.070312
11238,512,2041,3.986328
11239,512,2042,3.988281
11240,512,2166,4.230469
11241,512,1958,3.824219
11242,512,2084,4.070312
11243,512,2083,4.068359
11244,512,2000,3.906250
11245,512,2000,3.906250
11246,512,2041,3.986328
11247,512,2084,4.070312
11248,512,2083,4.068359
11249,512,1958,3.824219
11250,512,1958,3.824219
11251,512,2042,3.988281
11252,512,2042,3.988281
11253,512,1959,3.826172
11254,512,2000,3.906250
11255,512,2042,3.988281
11256,512,2083,4.068359
11257,512,2000,3.906250
11258,512,2042,3.988281
11259,512,2000,3.906250
11260,512,2125,4.150391
11261,512,2041,3.986328
11262,512,2042,3.988281
11263,512,2000,3.906250
11264,512,1959,3.826172
11265,512,2000,3.906250
11266,512,2084,4.070312
11267,512,2042,3.988281
11268,512,2042,3.988281
11269,512,2000,3.906250
11270,512,2000,3.906250
11271,512,2041,3.986328
11272,512,2000,3.906250
11273,512,1959,3.826172
11274,512,2000,3.906250
11275,512,2000,3.906250
11276,512,2125,4.150391
11277,512,2000,3.906250
11278,512,2083,4.068359
11279,512,1958,3.824219
11280,512,2208,4.312500
11281,512,2625,5.126953
11282,512,2625,5.126953
11283,512,2625,5.126953
11284,512,2583,5.044922
11285,512,2667,5.208984
11286,512,2625,5.126953
11287,512,2375,4.638672
11288,512,2000,3.906250
11289,512,2042,3.988281
11290,512,2000,3.906250
11291,512,2041,3.986328
11292,512,2083,4.068359
11293,512,2083,4.068359
11294,512,2125,4.150391
11295,512,2042,3.988281
11296,512,2041,3.986328
11297,512,2042,3.988281
11298,512,2000,3.906250
11299,512,2042,3.988281
11300,512,2166,4.230469
11301,512,2000,3.906250
11302,512,2375,4.638672
11303,512,2042,3.988281
11304,512,2000,3.906250
11305,512,2083,4.068359
11306,512,2084,4.070312
11307,512,2084,4.070312
11308,512,2000,3.906250
11309,512,2083,4.068359
11310,512,2042,3.988281
11311,512,2084,4.070312
11312,512,2041,3.986328
11313,512,2000,3.906250
11314,512,2042,3.988281
11315,512,2083,4.068359
11316,512,2042,3.988281
11317,512,2041,3.986328
11318,512,2125,4.150391
11319,512,2083,4.068359
11320,512,2084,4.070312
11321,512,2125,4.150391
11322,512,2041,3.986328
11323,512,2042,3.988281
11324,512,2125,4.150391
11325,512,2000,3.906250
11326,512,2041,3.986328
11327,512,2000,3.906250
11328,512,2042,3.988281
11329,512,2000,3.906250
11330,512,1959,3.826172
11331,512,2042,3.988281
11332,512,2000,3.906250
11333,512,2125,4.150391
11334,512,2541,4.962891
11335,512,2833,5.533203
11336,512,2542,4.964844
11337,512,2625,5.126953
11338,512,2542,4.964844
11339,512,2500,4.882812
11340,512,2541,4.962891
11341,512,2667,5.208984
11342,512,2583,5.044922
11343,512,2583,5.044922
11344,512,2625,5.126953
11345,512,2541,4.962891
11346,512,2250,4.394531
11347,512,2042,3.988281
11348,512,2084,4.070312
11349,512,2041,3.986328
11350,512,2000,3.906250
11351,512,2167,4.232422
11352,512,2125,4.150391
11353,512,2000,3.906250
11354,512,2000,3.906250
11355,512,2083,4.068359
11356,512,2125,4.150391
11357,512,2042,3.988281
11358,512,2042,3.988281
11359,512,2041,3.986328
11360,512,2042,3.988281
11361,512,2042,3.988281
11362,512,2042,3.988281
11363,512,2083,4.068359
11364,512,2125,4.150391
11365,512,2083,4.068359
11366,512,2084,4.070312
11367,512,2291,4.474609
11368,512,2042,3.988281
11369,512,2042,3.988281
11370,512,1959,3.826172
11371,512,2041,3.986328
11372,512,2042,3.988281
11373,512,2083,4.068359
11374,512,2125,4.150391
11375,512,2083,4.068359
11376,512,2000,3.906250
11377,512,2083,4.068359
11378,512,2167,4.232422
11379,512,2041,3.986328
11380,512,2084,4.070312
11381,512,2042,3.988281
11382,512,2167,4.232422
11383,512,2125,4.150391
11384,512,2125,4.150391
11385,512,2084,4.070312
11386,512,2250,4.394531
11387,512,2000,3.906250
11388,512,2042,3.988281
11389,512,2208,4.312500
11390,512,2042,3.988281
11391,512,2083,4.068359
11392,512,2417,4.720703
11393,512,2000,3.906250
11394,512,2125,4.150391
11395,512,2041,3.986328
11396,512,2042,3.988281
11397,512,2083,4.068359
11398,512,2000,3.906250
11399,512,2208,4.312500
11400,512,2375,4.638672
11401,512,2750,5.371094
11402,512,2583,5.044922
11403,512,2625,5.126953
11404,512,2625,5.126953
11405,512,2625,5.126953
11406,512,2542,4.964844
11407,512,2417,4.720703
11408,512,2166,4.230469
11409,512,2084,4.070312
11410,512,2083,4.068359
11411,512,2000,3.906250
11412,512,1958,3.824219
11413,512,2042,3.988281
11414,512,2417,4.720703
11415,512,2167,4.232422
11416,512,2000,3.906250
11417,512,2125,4.150391
11418,512,2042,3.988281
11419,512,2125,4.150391
11420,512,2125,4.150391
11421,512,2083,4.068359
11422,512,2375,4.638672
11423,512,2125,4.150391
11424,512,2042,3.988281
11425,512,2042,3.988281
11426,512,2083,4.068359
11427,512,2083,4.068359
11428,512,2000,3.906250
11429,512,2084,4.070312
11430,512,2041,3.986328
11431,512,1959,3.826172
11432,512,2042,3.988281
11433,512,2000,3.906250
11434,512,2083,4.068359
11435,512,2000,3.906250
11436,512,2125,4.150391
11437,512,2042,3.988281
11438,512,2000,3.906250
11439,512,1875,3.662109
11440,512,2042,3.988281
11441,512,2041,3.986328
11442,512,2083,4.068359
11443,512,2000,3.906250
11444,512,2000,3.906250
11445,512,2083,4.068359
11446,512,2083,4.068359
11447,512,2125,4.150391
11448,512,2083,4.068359
11449,512,2042,3.988281
11450,512,2042,3.988281
11451,512,2042,3.988281
11452,512,2083,4.068359
11453,512,2041,3.986328
11454,512,2042,3.988281
11455,512,1958,3.824219
11456,512,2000,3.906250
11457,512,1958,3.824219
11458,512,2041,3.986328
11459,512,2042,3.988281
11460,512,2042,3.988281
11461,512,2042,3.988281
11462,512,2041,3.986328
11463,512,1959,3.826172
11464,512,2125,4.150391
11465,512,2000,3.906250
11466,512,2041,3.986328
11467,512,2042,3.988281
11468,512,2042,3.988281
11469,512,1959,3.826172
11470,512,2459,4.802734
11471,512,2708,5.289062
11472,512,2583,5.044922
11473,512,2542,4.964844
11474,512,2583,5.044922
11475,512,2500,4.882812
11476,512,2708,5.289062
11477,512,2250,4.394531
11478,512,2000,3.906250
11479,512,1958,3.824219
11480,512,2083,4.068359
11481,512,2125,4.150391
11482,512,2083,4.068359
11483,512,2042,3.988281
11484,512,2084,4.070312
11485,512,2083,4.068359
11486,512,2000,3.906250
11487,512,2042,3.988281
11488,512,2125,4.150391
11489,512,2166,4.230469
11490,512,2042,3.988281
11491,512,2000,3.906250
11492,512,2041,3.986328
11493,512,2042,3.988281
11494,512,2042,3.988281
11495,512,2084,4.070312
11496,512,2083,4.068359
11497,512,2167,4.232422
11498,512,2125,4.150391
11499,512,2000,3.906250
11500,512,2083,4.068359
11501,512,2000,3.906250
11502,512,2167,4.232422
11503,512,1958,3.824219
11504,512,2041,3.986328
11505,512,2084,4.070312
11506,512,2125,4.150391
11507,512,2167,4.232422
11508,512,2042,3.988281
11509,512,2125,4.150391
11510,512,2042,3.988281
11511,512,2125,4.150391
11512,512,2208,4.312500
11513,512,2084,4.070312
11514,512,2042,3.988281
11515,512,2083,4.068359
11516,512,2041,3.986328
11517,512,2084,4.070312
11518,512,2083,4.068359
11519,512,2042,3.988281
11520,512,2209,4.314453
11521,512,2083,4.068359
11522,512,2083,4.068359
11523,512,2333,4.556641
11524,512,2708,5.289062
11525,512,2708,5.289062
11526,512,2583,5.044922
11527,512,2542,4.964844
11528,512,2667,5.208984
11529,512,2666,5.207031
11530,512,2542,4.964844
11531,512,2666,5.207031
11532,512,2500,4.882812
11533,512,2625,5.126953
11534,512,2625,5.126953
11535,512,2708,5.289062
11536,512,2708,5.289062
11537,512,2750,5.371094
11538,512,2500,4.882812
11539,512,2667,5.208984
11540,512,2625,5.126953
11541,512,2833,5.533203
11542,512,2625,5.126953
11543,512,2667,5.208984
11544,512,2625,5.126953
11545,512,2667,5.208984
11546,512,2625,5.126953
11547,512,2834,5.535156
11548,512,2666,5.207031
11549,512,2833,5.533203
11550,512,2833,5.533203
11551,512,2625,5.126953
11552,512,3042,5.941406
11553,512,2750,5.371094
11554,512,2750,5.371094
11555,512,2750,5.371094
11556,512,2750,5.371094
11557,512,2583,5.044922
11558,512,2875,5.615234
11559,512,2667,5.208984
11560,512,3000,5.859375
11561,512,2333,4.556641
11562,512,2041,3.986328
11563,512,2042,3.988281
11564,512,2083,4.068359
11565,512,2125,4.150391
11566,512,2083,4.068359
11567,512,1958,3.824219
11568,512,2042,3.988281
11569,512,1958,3.824219
11570,512,2083,4.068359
11571,512,2000,3.906250
11572,512,1958,3.824219
11573,512,1958,3.824219
11574,512,2000,3.906250
11575,512,2042,3.988281
11576,512,1958,3.824219
11577,512,2042,3.988281
11578,512,2083,4.068359
11579,512,2042,3.988281
11580,512,2084,4.070312
11581,512,2000,3.906250
11582,512,2000,3.906250
11583,512,2125,4.150391
11584,512,1958,3.824219
11585,512,2000,3.906250
11586,512,2042,3.988281
11587,512,2000,3.906250
11588,512,2000,3.906250
11589,512,2000,3.906250
11590,512,1959,3.826172
11591,512,1958,3.824219
11592,512,2000,3.906250
11593,512,1958,3.824219
11594,512,1958,3.824219
11595,512,1958,3.824219
11596,512,2000,3.906250
11597,512,1958,3.824219
11598,512,2000,3.906250
11599,512,1958,3.824219
11600,512,1958,3.824219
11601,512,1958,3.824219
11602,512,1959,3.826172
11603,512,2041,3.986328
11604,512,2042,3.988281
11605,512,1958,3.824219
11606,512,2041,3.986328
11607,512,2000,3.906250
11608,512,2042,3.988281
11609,512,2000,3.906250
11610,512,2125,4.150391
11611,512,2000,3.906250
11612,512,2083,4.068359
11613,512,2042,3.988281
11614,512,1916,3.742188
11615,512,2042,3.988281
11616,512,2041,3.986328
11617,512,2084,4.070312
11618,512,2083,4.068359
11619,512,2042,3.988281
11620,512,2041,3.986328
11621,512,2083,4.068359
11622,512,2042,3.988281
11623,512,2083,4.068359
11624,512,2125,4.150391
11625,512,2000,3.906250
11626,512,2000,3.906250
11627,512,2041,3.986328
11628,512,2042,3.988281
11629,512,2042,3.988281
11630,512,2083,4.068359
11631,512,2041,3.986328
11632,512,2042,3.988281
11633,512,2083,4.068359
11634,512,2125,4.150391
11635,512,1917,3.744141
11636,512,2125,4.150391
11637,512,2500,4.882812
11638,512,2833,5.533203
11639,512,2541,4.962891
11640,512,2583,5.044922
11641,512,2542,4.964844
11642,512,2584,5.046875
11643,512,2625,5.126953
11644,512,7458,14.566406
11645,512,2625,5.126953
11646,512,2541,4.962891
11647,512,2709,5.291016
11648,512,2750,5.371094
11649,512,2667,5.208984
11650,512,2750,5.371094
11651,512,2625,5.126953
11652,512,2625,5.126953
11653,512,2708,5.289062
11654,512,2667,5.208984
11655,512,2125,4.150391
11656,512,2166,4.230469
11657,512,2209,4.314453
11658,512,2166,4.230469
11659,512,2167,4.232422
11660,512,2084,4.070312
11661,512,2083,4.068359
11662,512,2167,4.232422
11663,512,2166,4.230469
11664,512,2167,4.232422
11665,512,2083,4.068359
11666,512,2084,4.070312
11667,512,2208,4.312500
11668,512,2083,4.068359
11669,512,2084,4.070312
11670,512,2084,4.070312
11671,512,2041,3.986328
11672,512,2083,4.068359
11673,512,2125,4.150391
11674,512,2125,4.150391
11675,512,2209,4.314453
11676,512,2125,4.150391
11677,512,2125,4.150391
11678,512,2125,4.150391
11679,512,2167,4.232422
11680,512,2125,4.150391
11681,512,2167,4.232422
11682,512,2167,4.232422
11683,512,2125,4.150391
11684,512,2125,4.150391
11685,512,2167,4.232422
11686,512,2166,4.230469
11687,512,2125,4.150391
11688,512,2209,4.314453
11689,512,2208,4.312500
11690,512,2125,4.150391
11691,512,2125,4.150391
11692,512,2125,4.150391
11693,512,2250,4.394531
11694,512,2083,4.068359
11695,512,2458,4.800781
11696,512,2125,4.150391
11697,512,2584,5.046875
11698,512,2667,5.208984
11699,512,2541,4.962891
11700,512,2750,5.371094
11701,512,2750,5.371094
11702,512,2458,4.800781
11703,512,2042,3.988281
11704,512,2167,4.232422
11705,512,2125,4.150391
11706,512,2167,4.232422
11707,512,2083,4.068359
11708,512,2458,4.800781
11709,512,2083,4.068359
11710,512,2167,4.232422
11711,512,2125,4.150391
11712,512,2042,3.988281
11713,512,2000,3.906250
11714,512,2041,3.986328
11715,512,2083,4.068359
11716,512,2250,4.394531
11717,512,2083,4.068359
11718,512,2042,3.988281
11719,512,2000,3.906250
11720,512,1959,3.826172
11721,512,2041,3.986328
11722,512,2042,3.988281
11723,512,2042,3.988281
11724,512,2083,4.068359
11725,512,2042,3.988281
11726,512,2000,3.906250
11727,512,2000,3.906250
11728,512,2042,3.988281
11729,512,2041,3.986328
11730,512,2167,4.232422
11731,512,2042,3.988281
11732,512,2083,4.068359
11733,512,2042,3.988281
11734,512,1958,3.824219
11735,512,1958,3.824219
11736,512,1958,3.824219
11737,512,2000,3.906250
11738,512,2167,4.232422
11739,512,1958,3.824219
11740,512,2000,3.906250
11741,512,2000,3.906250
11742,512,2042,3.988281
11743,512,2000,3.906250
11744,512,2084,4.070312
11745,512,1917,3.744141
11746,512,2042,3.988281
11747,512,2000,3.906250
11748,512,2000,3.906250
11749,512,2084,4.070312
11750,512,2000,3.906250
11751,512,1958,3.824219
11752,512,2000,3.906250
11753,512,2083,4.068359
11754,512,2041,3.986328
11755,512,2125,4.150391
11756,512,2042,3.988281
11757,512,2041,3.986328
11758,512,1958,3.824219
11759,512,2000,3.906250
11760,512,2000,3.906250
11761,512,2083,4.068359
11762,512,2042,3.988281
11763,512,2000,3.906250
11764,512,2083,4.068359
11765,512,2042,3.988281
11766,512,1958,3.824219
11767,512,2083,4.068359
11768,512,2042,3.988281
11769,512,2042,3.988281
11770,512,2084,4.070312
11771,512,2208,4.312500
11772,512,1958,3.824219
11773,512,2000,3.906250
11774,512,2000,3.906250
11775,512,1916,3.742188
11776,512,2125,4.150391
11777,512,2000,3.906250
11778,512,2042,3.988281
11779,512,2000,3.906250
11780,512,2083,4.068359
11781,512,1958,3.824219
11782,512,2042,3.988281
11783,512,2166,4.230469
11784,512,1958,3.824219
11785,512,2042,3.988281
11786,512,2042,3.988281
11787,512,2000,3.906250
11788,512,2000,3.906250
11789,512,2000,3.906250
11790,512,2000,3.906250
11791,512,2042,3.988281
11792,512,1875,3.662109
11793,512,2042,3.988281
11794,512,2041,3.986328
11795,512,2042,3.988281
11796,512,2083,4.068359
11797,512,2083,4.068359
11798,512,2000,3.906250
11799,512,2042,3.988281
11800,512,2000,3.906250
11801,512,2041,3.986328
11802,512,2000,3.906250
11803,512,2000,3.906250
11804,512,1916,3.742188
11805,512,2125,4.150391
11806,512,2000,3.906250
11807,512,2000,3.906250
11808,512,2292,4.476562
11809,512,2666,5.207031
11810,512,2667,5.208984
11811,512,2667,5.208984
11812,512,2541,4.962891
11813,512,2583,5.044922
11814,512,2584,5.046875
11815,512,2541,4.962891
11816,512,2792,5.453125
11817,512,2709,5.291016
11818,512,2625,5.126953
11819,512,2750,5.371094
11820,512,2583,5.044922
11821,512,2583,5.044922
11822,512,2667,5.208984
11823,512,2583,5.044922
11824,512,2417,4.720703
11825,512,2208,4.312500
11826,512,2166,4.230469
11827,512,2125,4.150391
11828,512,2084,4.070312
11829,512,2208,4.312500
11830,512,2125,4.150391
11831,512,2041,3.986328
11832,512,2209,4.314453
11833,512,2125,4.150391
11834,512,2083,4.068359
11835,512,2166,4.230469
11836,512,2167,4.232422
11837,512,2083,4.068359
11838,512,2166,4.230469
11839,512,2083,4.068359
11840,512,2167,4.232422
11841,512,2250,4.394531
11842,512,2125,4.150391
11843,512,2208,4.312500
11844,512,2125,4.150391
11845,512,2166,4.230469
11846,512,2125,4.150391
11847,512,2042,3.988281
11848,512,2166,4.230469
11849,512,2209,4.314453
11850,512,2125,4.150391
11851,512,2166,4.230469
11852,512,2125,4.150391
11853,512,2167,4.232422
11854,512,2083,4.068359
11855,512,2166,4.230469
11856,512,2042,3.988281
11857,512,2166,4.230469
11858,512,2084,4.070312
11859,512,2042,3.988281
11860,512,2125,4.150391
11861,512,2084,4.070312
11862,512,2166,4.230469
11863,512,2083,4.068359
11864,512,2125,4.150391
11865,512,2083,4.068359
11866,512,2083,4.068359
11867,512,2208,4.312500
11868,512,2167,4.232422
11869,512,2125,4.150391
11870,512,2125,4.150391
11871,512,2125,4.150391
11872,512,2041,3.986328
11873,512,2125,4.150391
11874,512,2125,4.150391
11875,512,2083,4.068359
11876,512,2500,4.882812
11877,512,5708,11.148438
11878,512,2791,5.451172
11879,512,2667,5.208984
11880,512,2458,4.800781
11881,512,2708,5.289062
11882,512,2667,5.208984
11883,512,2583,5.044922
11884,512,2750,5.371094
11885,512,2500,4.882812
11886,512,2500,4.882812
11887,512,2584,5.046875
11888,512,2916,5.695312
11889,512,2375,4.638672
11890,512,2000,3.906250
11891,512,2042,3.988281
11892,512,2000,3.906250
11893,512,2041,3.986328
11894,512,2000,3.906250
11895,512,2000,3.906250
11896,512,2042,3.988281
11897,512,2000,3.906250
11898,512,2042,3.988281
11899,512,2083,4.068359
11900,512,2083,4.068359
11901,512,2084,4.070312
11902,512,2000,3.906250
11903,512,2042,3.988281
11904,512,2292,4.476562
11905,512,1959,3.826172
11906,512,1875,3.662109
11907,512,1958,3.824219
11908,512,1917,3.744141
11909,512,2000,3.906250
11910,512,2042,3.988281
11911,512,1958,3.824219
11912,512,2000,3.906250
11913,512,2041,3.986328
11914,512,2000,3.906250
11915,512,2084,4.070312
11916,512,1959,3.826172
11917,512,2000,3.906250
11918,512,2041,3.986328
11919,512,2000,3.906250
11920,512,2000,3.906250
11921,512,2084,4.070312
11922,512,2542,4.964844
11923,512,2625,5.126953
11924,512,2625,5.126953
11925,512,2500,4.882812
11926,512,2667,5.208984
11927,512,2541,4.962891
11928,512,2542,4.964844
11929,512,2583,5.044922
11930,512,2834,5.535156
11931,512,2750,5.371094
11932,512,2417,4.720703
11933,512,2625,5.126953
11934,512,2625,5.126953
11935,512,2625,5.126953
11936,512,2625,5.126953
11937,512,2666,5.207031
11938,512,2667,5.208984
11939,512,2667,5.208984
11940,512,2791,5.451172
11941,512,2792,5.453125
11942,512,2208,4.312500
11943,512,2042,3.988281
11944,512,2208,4.312500
11945,512,1916,3.742188
11946,512,2125,4.150391
11947,512,2083,4.068359
11948,512,2042,3.988281
11949,512,2000,3.906250
11950,512,2041,3.986328
11951,512,2000,3.906250
11952,512,2000,3.906250
11953,512,2041,3.986328
11954,512,2084,4.070312
11955,512,1958,3.824219
11956,512,2083,4.068359
11957,512,2000,3.906250
11958,512,2084,4.070312
11959,512,2000,3.906250
11960,512,2042,3.988281
11961,512,2000,3.906250
11962,512,2083,4.068359
11963,512,2333,4.556641
11964,512,2667,5.208984
11965,512,2625,5.126953
11966,512,2459,4.802734
11967,512,2667,5.208984
11968,512,2666,5.207031
11969,512,2542,4.964844
11970,512,2458,4.800781
11971,512,2750,5.371094
11972,512,2666,5.207031
11973,512,2625,5.126953
11974,512,2708,5.289062
11975,512,2708,5.289062
11976,512,2583,5.044922
11977,512,2541,4.962891
11978,512,2667,5.208984
11979,512,2625,5.126953
11980,512,2791,5.451172
11981,512,2667,5.208984
11982,512,2583,5.044922
11983,512,2916,5.695312
11984,512,2375,4.638672
11985,512,1958,3.824219
11986,512,2000,3.906250
11987,512,1959,3.826172
11988,512,2041,3.986328
11989,512,2042,3.988281
11990,512,2000,3.906250
11991,512,2000,3.906250
11992,512,2000,3.906250
11993,512,2208,4.312500
11994,512,2042,3.988281
11995,512,2042,3.988281
11996,512,2042,3.988281
11997,512,2041,3.986328
11998,512,2000,3.906250
11999,512,1958,3.824219
12000,512,2042,3.988281
12001,512,1916,3.742188
12002,512,2042,3.988281
12003,512,2042,3.988281
12004,512,2084,4.070312
12005,512,2000,3.906250
12006,512,2166,4.230469
12007,512,2000,3.906250
12008,512,2084,4.070312
12009,512,2000,3.906250
12010,512,2084,4.070312
12011,512,2083,4.068359
12012,512,2000,3.906250
12013,512,2125,4.150391
12014,512,2000,3.906250
12015,512,2083,4.068359
12016,512,1958,3.824219
12017,512,2000,3.906250
12018,512,2000,3.906250
12019,512,1917,3.744141
12020,512,2000,3.906250
12021,512,2042,3.988281
12022,512,2125,4.150391
12023,512,2167,4.232422
12024,512,2041,3.986328
12025,512,1917,3.744141
12026,512,2000,3.906250
12027,512,2041,3.986328
12028,512,2083,4.068359
12029,512,2042,3.988281
12030,512,2000,3.906250
12031,512,2000,3.906250
12032,512,2000,3.906250
12033,512,2125,4.150391
12034,512,1916,3.742188
12035,512,2083,4.068359
12036,512,2000,3.906250
12037,512,2000,3.906250
12038,512,2041,3.986328
12039,512,2042,3.988281
12040,512,2041,3.986328
12041,512,2000,3.906250
12042,512,2000,3.906250
12043,512,2000,3.906250
12044,512,2000,3.906250
12045,512,2000,3.906250
12046,512,2125,4.150391
12047,512,2000,3.906250
12048,512,2041,3.986328
12049,512,2042,3.988281
12050,512,1958,3.824219
12051,512,2000,3.906250
12052,512,2042,3.988281
12053,512,1958,3.824219
12054,512,2000,3.906250
12055,512,2083,4.068359
12056,512,1959,3.826172
12057,512,2000,3.906250
12058,512,1958,3.824219
12059,512,2083,4.068359
12060,512,2000,3.906250
12061,512,2083,4.068359
12062,512,2084,4.070312
12063,512,1958,3.824219
12064,512,2000,3.906250
12065,512,2000,3.906250
12066,512,2083,4.068359
12067,512,2167,4.232422
12068,512,2042,3.988281
12069,512,2083,4.068359
12070,512,1958,3.824219
12071,512,2041,3.986328
12072,512,2000,3.906250
12073,512,2000,3.906250
12074,512,2167,4.232422
12075,512,2500,4.882812
12076,512,2750,5.371094
12077,512,2500,4.882812
12078,512,2625,5.126953
12079,512,2583,5.044922
12080,512,2542,4.964844
12081,512,2459,4.802734
12082,512,2166,4.230469
12083,512,2167,4.232422
12084,512,2042,3.988281
12085,512,2042,3.988281
12086,512,2000,3.906250
12087,512,2083,4.068359
12088,512,2083,4.068359
12089,512,2083,4.068359
12090,512,2084,4.070312
12091,512,2083,4.068359
12092,512,2083,4.068359
12093,512,2125,4.150391
12094,512,2042,3.988281
12095,512,2083,4.068359
12096,512,1958,3.824219
12097,512,2041,3.986328
12098,512,2084,4.070312
12099,512,2084,4.070312
12100,512,2083,4.068359
12101,512,2125,4.150391
12102,512,2042,3.988281
12103,512,2084,4.070312
12104,512,2334,4.558594
12105,512,2250,4.394531
12106,512,2000,3.906250
12107,512,2084,4.070312
12108,512,2041,3.986328
12109,512,2083,4.068359
12110,512,2000,3.906250
12111,512,2125,4.150391
12112,512,2042,3.988281
12113,512,2041,3.986328
12114,512,2042,3.988281
12115,512,2083,4.068359
12116,512,1917,3.744141
12117,512,2000,3.906250
12118,512,1959,3.826172
12119,512,2083,4.068359
12120,512,2000,3.906250
12121,512,2125,4.150391
12122,512,2000,3.906250
12123,512,2084,4.070312
12124,512,2083,4.068359
12125,512,2000,3.906250
12126,512,2000,3.906250
12127,512,2083,4.068359
12128,512,2083,4.068359
12129,512,2042,3.988281
12130,512,2000,3.906250
12131,512,2042,3.988281
12132,512,2041,3.986328
12133,512,2084,4.070312
12134,512,2000,3.906250
12135,512,2000,3.906250
12136,512,1959,3.826172
12137,512,2041,3.986328
12138,512,1959,3.826172
12139,512,2041,3.986328
12140,512,2042,3.988281
12141,512,2083,4.068359
12142,512,2083,4.068359
12143,512,2042,3.988281
12144,512,2000,3.906250
12145,512,2084,4.070312
12146,512,1958,3.824219
12147,512,2083,4.068359
12148,512,2000,3.906250
12149,512,2167,4.232422
12150,512,2000,3.906250
12151,512,2125,4.150391
12152,512,2042,3.988281
12153,512,2083,4.068359
12154,512,2000,3.906250
12155,512,2042,3.988281
12156,512,2041,3.986328
12157,512,2042,3.988281
12158,512,2042,3.988281
12159,512,2083,4.068359
12160,512,2334,4.558594
12161,512,2000,3.906250
12162,512,1958,3.824219
12163,512,2041,3.986328
12164,512,2042,3.988281
12165,512,2083,4.068359
12166,512,2083,4.068359
12167,512,1959,3.826172
12168,512,1916,3.742188
12169,512,1958,3.824219
12170,512,1959,3.826172
12171,512,2000,3.906250
12172,512,2084,4.070312
12173,512,2041,3.986328
12174,512,2000,3.906250
12175,512,2000,3.906250
12176,512,2042,3.988281
12177,512,2000,3.906250
12178,512,2000,3.906250
12179,512,2125,4.150391
12180,512,2125,4.150391
12181,512,2000,3.906250
12182,512,2042,3.988281
12183,512,2000,3.906250
12184,512,2000,3.906250
12185,512,1958,3.824219
12186,512,1958,3.824219
12187,512,2000,3.906250
12188,512,1959,3.826172
12189,512,1959,3.826172
12190,512,1958,3.824219
12191,512,2000,3.906250
12192,512,2083,4.068359
12193,512,2083,4.068359
12194,512,2000,3.906250
12195,512,2042,3.988281
12196,512,2083,4.068359
12197,512,2042,3.988281
12198,512,2041,3.986328
12199,512,1917,3.744141
12200,512,2000,3.906250
12201,512,2000,3.906250
12202,512,2000,3.906250
12203,512,2000,3.906250
12204,512,2083,4.068359
12205,512,2125,4.150391
12206,512,2000,3.906250
12207,512,2041,3.986328
12208,512,2000,3.906250
12209,512,2042,3.988281
12210,512,1917,3.744141
12211,512,2042,3.988281
12212,512,2000,3.906250
12213,512,2084,4.070312
12214,512,2084,4.070312
12215,512,2083,4.068359
12216,512,2042,3.988281
12217,512,2000,3.906250
12218,512,2042,3.988281
12219,512,2041,3.986328
12220,512,2042,3.988281
12221,512,1958,3.824219
12222,512,2000,3.906250
12223,512,2042,3.988281
12224,512,2083,4.068359
12225,512,1958,3.824219
12226,512,2042,3.988281
12227,512,2083,4.068359
12228,512,2084,4.070312
12229,512,2000,3.906250
12230,512,2125,4.150391
12231,512,2083,4.068359
12232,512,2041,3.986328
12233,512,2084,4.070312
12234,512,2000,3.906250
12235,512,2083,4.068359
12236,512,2000,3.906250
12237,512,2000,3.906250
12238,512,1916,3.742188
12239,512,2042,3.988281
12240,512,2000,3.906250
12241,512,2000,3.906250
12242,512,2083,4.068359
12243,512,2083,4.068359
12244,512,1917,3.744141
12245,512,2084,4.070312
12246,512,2084,4.070312
12247,512,2083,4.068359
12248,512,2000,3.906250
12249,512,2083,4.068359
12250,512,2000,3.906250
12251,512,2083,4.068359
12252,512,2042,3.988281
12253,512,2000,3.906250
12254,512,2000,3.906250
12255,512,2042,3.988281
12256,512,2042,3.988281
12257,512,2084,4.070312
12258,512,2000,3.906250
12259,512,2166,4.230469
12260,512,2042,3.988281
12261,512,2166,4.230469
12262,512,1959,3.826172
12263,512,2042,3.988281
12264,512,2042,3.988281
12265,512,1958,3.824219
12266,512,2000,3.906250
12267,512,2125,4.150391
12268,512,2000,3.906250
12269,512,2000,3.906250
12270,512,2083,4.068359
12271,512,1959,3.826172
12272,512,2000,3.906250
12273,512,2000,3.906250
12274,512,2000,3.906250
12275,512,2083,4.068359
12276,512,2000,3.906250
12277,512,2000,3.906250
12278,512,2000,3.906250
12279,512,2125,4.150391
12280,512,2042,3.988281
12281,512,2041,3.986328
12282,512,2084,4.070312
12283,512,1958,3.824219
12284,512,2041,3.986328
12285,512,2042,3.988281
12286,512,2042,3.988281
12287,512,2041,3.986328
12288,512,2000,3.906250
12289,512,2042,3.988281
12290,512,2125,4.150391
12291,512,2000,3.906250
12292,512,2000,3.906250
12293,512,2041,3.986328
12294,512,2084,4.070312
12295,512,1958,3.824219
12296,512,1958,3.824219
12297,512,2000,3.906250
12298,512,1959,3.826172
12299,512,2000,3.906250
12300,512,2041,3.986328
12301,512,2042,3.988281
12302,512,2042,3.988281
12303,512,2041,3.986328
12304,512,2042,3.988281
12305,512,2041,3.986328
12306,512,2167,4.232422
12307,512,2042,3.988281
12308,512,2041,3.986328
12309,512,1958,3.824219
12310,512,2000,3.906250
12311,512,2000,3.906250
12312,512,2041,3.986328
12313,512,2000,3.906250
12314,512,1959,3.826172
12315,512,2042,3.988281
12316,512,2042,3.988281
12317,512,2042,3.988281
12318,512,2000,3.906250
12319,512,2042,3.988281
12320,512,1917,3.744141
12321,512,2000,3.906250
12322,512,2041,3.986328
12323,512,2084,4.070312
12324,512,2041,3.986328
12325,512,2042,3.988281
12326,512,2041,3.986328
12327,512,2084,4.070312
12328,512,2000,3.906250
12329,512,2041,3.986328
12330,512,1959,3.826172
12331,512,2041,3.986328
12332,512,2042,3.988281
12333,512,1958,3.824219
12334,512,2125,4.150391
12335,512,2083,4.068359
12336,512,2000,3.906250
12337,512,2041,3.986328
12338,512,1959,3.826172
12339,512,2000,3.906250
12340,512,2042,3.988281
12341,512,2000,3.906250
12342,512,2209,4.314453
12343,512,2125,4.150391
12344,512,2041,3.986328
12345,512,2042,3.988281
12346,512,2125,4.150391
12347,512,2000,3.906250
12348,512,2125,4.150391
12349,512,2000,3.906250
12350,512,2041,3.986328
12351,512,2042,3.988281
12352,512,1958,3.824219
12353,512,2000,3.906250
12354,512,2084,4.070312
12355,512,2041,3.986328
12356,512,2042,3.988281
12357,512,2125,4.150391
12358,512,2042,3.988281
12359,512,2084,4.070312
12360,512,2041,3.986328
12361,512,2042,3.988281
12362,512,1958,3.824219
12363,512,2000,3.906250
12364,512,2083,4.068359
12365,512,2042,3.988281
12366,512,2083,4.068359
12367,512,2084,4.070312
12368,512,2000,3.906250
12369,512,2000,3.906250
12370,512,2000,3.906250
12371,512,1958,3.824219
12372,512,2041,3.986328
12373,512,2042,3.988281
12374,512,2000,3.906250
12375,512,2000,3.906250
12376,512,2042,3.988281
12377,512,2041,3.986328
12378,512,2042,3.988281
12379,512,2083,4.068359
12380,512,2000,3.906250
12381,512,2000,3.906250
12382,512,2083,4.068359
12383,512,2000,3.906250
12384,512,2041,3.986328
12385,512,2000,3.906250
12386,512,1958,3.824219
12387,512,2042,3.988281
12388,512,1958,3.824219
12389,512,2041,3.986328
12390,512,2084,4.070312
12391,512,2000,3.906250
12392,512,2083,4.068359
12393,512,2000,3.906250
12394,512,2000,3.906250
12395,512,2000,3.906250
12396,512,2125,4.150391
12397,512,2000,3.906250
12398,512,2000,3.906250
12399,512,1917,3.744141
12400,512,2083,4.068359
12401,512,2000,3.906250
12402,512,2000,3.906250
12403,512,2167,4.232422
12404,512,2041,3.986328
12405,512,2042,3.988281
12406,512,2083,4.068359
12407,512,2042,3.988281
12408,512,1958,3.824219
12409,512,2042,3.988281
12410,512,2000,3.906250
12411,512,2125,4.150391
12412,512,2166,4.230469
12413,512,1917,3.744141
12414,512,2041,3.986328
12415,512,2000,3.906250
12416,512,2042,3.988281
12417,512,2042,3.988281
12418,512,1958,3.824219
12419,512,2000,3.906250
12420,512,2042,3.988281
12421,512,2125,4.150391
12422,512,2125,4.150391
12423,512,1916,3.742188
12424,512,2000,3.906250
12425,512,2000,3.906250
12426,512,1959,3.826172
12427,512,1959,3.826172
12428,512,2000,3.906250
12429,512,1958,3.824219
12430,512,2042,3.988281
12431,512,1959,3.826172
12432,512,2000,3.906250
12433,512,2000,3.906250
12434,512,2083,4.068359
12435,512,1917,3.744141
12436,512,2000,3.906250
12437,512,1959,3.826172
12438,512,2000,3.906250
12439,512,1917,3.744141
12440,512,2000,3.906250
12441,512,2000,3.906250
12442,512,2000,3.906250
12443,512,2042,3.988281
12444,512,1959,3.826172
12445,512,2000,3.906250
12446,512,1917,3.744141
12447,512,2042,3.988281
12448,512,1958,3.824219
12449,512,1958,3.824219
12450,512,2042,3.988281
12451,512,2000,3.906250
12452,512,2083,4.068359
12453,512,2084,4.070312
12454,512,2000,3.906250
12455,512,2000,3.906250
12456,512,2083,4.068359
12457,512,2125,4.150391
12458,512,2000,3.906250
12459,512,2083,4.068359
12460,512,2000,3.906250
12461,512,2000,3.906250
12462,512,1916,3.742188
12463,512,2125,4.150391
12464,512,2042,3.988281
12465,512,1958,3.824219
12466,512,1917,3.744141
12467,512,2000,3.906250
12468,512,2125,4.150391
12469,512,1959,3.826172
12470,512,2042,3.988281
12471,512,2083,4.068359
12472,512,2042,3.988281
12473,512,2041,3.986328
12474,512,2000,3.906250
12475,512,2042,3.988281
12476,512,2000,3.906250
12477,512,2084,4.070312
12478,512,2000,3.906250
12479,512,2041,3.986328
12480,512,2000,3.906250
12481,512,2000,3.906250
12482,512,2042,3.988281
12483,512,2083,4.068359
12484,512,2000,3.906250
12485,512,2041,3.986328
12486,512,2000,3.906250
12487,512,2042,3.988281
12488,512,2167,4.232422
12489,512,2083,4.068359
12490,512,2083,4.068359
12491,512,2000,3.906250
12492,512,1958,3.824219
12493,512,2042,3.988281
12494,512,2000,3.906250
12495,512,2000,3.906250
12496,512,2041,3.986328
12497,512,2042,3.988281
12498,512,2083,4.068359
12499,512,2083,4.068359
12500,512,2042,3.988281
12501,512,2083,4.068359
12502,512,2042,3.988281
12503,512,1958,3.824219
12504,512,2000,3.906250
12505,512,2042,3.988281
12506,512,2000,3.906250
12507,512,1958,3.824219
12508,512,2084,4.070312
12509,512,1959,3.826172
12510,512,1959,3.826172
12511,512,2041,3.986328
12512,512,2000,3.906250
12513,512,2000,3.906250
12514,512,2041,3.986328
12515,512,2084,4.070312
12516,512,2042,3.988281
12517,512,2000,3.906250
12518,512,2125,4.150391
12519,512,2083,4.068359
12520,512,2084,4.070312
12521,512,2000,3.906250
12522,512,2042,3.988281
12523,512,1917,3.744141
12524,512,2041,3.986328
12525,512,2083,4.068359
12526,512,2042,3.988281
12527,512,2000,3.906250
12528,512,2041,3.986328
12529,512,2000,3.906250
12530,512,2042,3.988281
12531,512,2041,3.986328
12532,512,2042,3.988281
12533,512,2000,3.906250
12534,512,2000,3.906250
12535,512,2000,3.906250
12536,512,2042,3.988281
12537,512,2083,4.068359
12538,512,2083,4.068359
12539,512,2084,4.070312
12540,512,2042,3.988281
12541,512,1917,3.744141
12542,512,1958,3.824219
12543,512,2041,3.986328
12544,512,2000,3.906250
12545,512,2084,4.070312
12546,512,2041,3.986328
12547,512,2000,3.906250
12548,512,2084,4.070312
12549,512,1958,3.824219
12550,512,2000,3.906250
12551,512,2042,3.988281
12552,512,2041,3.986328
12553,512,2000,3.906250
12554,512,2000,3.906250
12555,512,2083,4.068359
12556,512,2042,3.988281
12557,512,2125,4.150391
12558,512,2041,3.986328
12559,512,1875,3.662109
12560,512,2000,3.906250
12561,512,2041,3.986328
12562,512,2000,3.906250
12563,512,1958,3.824219
12564,512,2000,3.906250
12565,512,2000,3.906250
12566,512,2041,3.986328
12567,512,2000,3.906250
12568,512,2084,4.070312
12569,512,2000,3.906250
12570,512,1959,3.826172
12571,512,2083,4.068359
12572,512,2000,3.906250
12573,512,2083,4.068359
12574,512,2083,4.068359
12575,512,2000,3.906250
12576,512,2125,4.150391
12577,512,2125,4.150391
12578,512,2083,4.068359
12579,512,2084,4.070312
12580,512,2083,4.068359
12581,512,2000,3.906250
12582,512,2000,3.906250
12583,512,2084,4.070312
12584,512,2042,3.988281
12585,512,2041,3.986328
12586,512,2000,3.906250
12587,512,2000,3.906250
12588,512,1959,3.826172
12589,512,2041,3.986328
12590,512,2042,3.988281
12591,512,2000,3.906250
12592,512,2042,3.988281
12593,512,2500,4.882812
12594,512,2708,5.289062
12595,512,2500,4.882812
12596,512,2625,5.126953
12597,512,2667,5.208984
12598,512,2583,5.044922
12599,512,2542,4.964844
12600,512,2583,5.044922
12601,512,2584,5.046875
12602,512,2500,4.882812
12603,512,2584,5.046875
12604,512,2709,5.291016
12605,512,2500,4.882812
12606,512,2125,4.150391
12607,512,2042,3.988281
12608,512,2000,3.906250
12609,512,2041,3.986328
12610,512,2000,3.906250
12611,512,2084,4.070312
12612,512,2000,3.906250
12613,512,2041,3.986328
12614,512,2042,3.988281
12615,512,2000,3.906250
12616,512,2042,3.988281
12617,512,2042,3.988281
12618,512,2041,3.986328
12619,512,2042,3.988281
12620,512,2083,4.068359
12621,512,2042,3.988281
12622,512,2000,3.906250
12623,512,1917,3.744141
12624,512,1959,3.826172
12625,512,2000,3.906250
12626,512,2042,3.988281
12627,512,2000,3.906250
12628,512,2000,3.906250
12629,512,2042,3.988281
12630,512,2083,4.068359
12631,512,2000,3.906250
12632,512,2042,3.988281
12633,512,2000,3.906250
12634,512,2000,3.906250
12635,512,2042,3.988281
12636,512,1958,3.824219
12637,512,2083,4.068359
12638,512,2042,3.988281
12639,512,2083,4.068359
12640,512,2125,4.150391
12641,512,2000,3.906250
12642,512,1958,3.824219
12643,512,2125,4.150391
12644,512,2083,4.068359
12645,512,2084,4.070312
12646,512,1958,3.824219
12647,512,2042,3.988281
12648,512,2000,3.906250
12649,512,2084,4.070312
12650,512,2041,3.986328
12651,512,2000,3.906250
12652,512,2083,4.068359
12653,512,2000,3.906250
12654,512,2042,3.988281
12655,512,1959,3.826172
12656,512,1958,3.824219
12657,512,1916,3.742188
12658,512,2000,3.906250
12659,512,2083,4.068359
12660,512,1875,3.662109
12661,512,2000,3.906250
12662,512,2042,3.988281
12663,512,1959,3.826172
12664,512,2041,3.986328
12665,512,2000,3.906250
12666,512,2042,3.988281
12667,512,2000,3.906250
12668,512,2000,3.906250
12669,512,2042,3.988281
12670,512,2083,4.068359
12671,512,2125,4.150391
12672,512,2125,4.150391
12673,512,1958,3.824219
12674,512,2042,3.988281
12675,512,2083,4.068359
12676,512,1959,3.826172
12677,512,1959,3.826172
12678,512,1958,3.824219
12679,512,1958,3.824219
12680,512,2042,3.988281
12681,512,2000,3.906250
12682,512,2000,3.906250
12683,512,2042,3.988281
12684,512,2042,3.988281
12685,512,2041,3.986328
12686,512,2042,3.988281
12687,512,1958,3.824219
12688,512,2000,3.906250
12689,512,1959,3.826172
12690,512,1959,3.826172
12691,512,2042,3.988281
12692,512,2000,3.906250
12693,512,2042,3.988281
12694,512,2041,3.986328
12695,512,2292,4.476562
12696,512,2625,5.126953
12697,512,2708,5.289062
12698,512,2459,4.802734
12699,512,2750,5.371094
12700,512,2542,4.964844
12701,512,2500,4.882812
12702,512,2292,4.476562
12703,512,2125,4.150391
12704,512,2083,4.068359
12705,512,2083,4.068359
12706,512,2000,3.906250
12707,512,2042,3.988281
12708,512,2084,4.070312
12709,512,2083,4.068359
12710,512,2208,4.312500
12711,512,2167,4.232422
12712,512,2000,3.906250
12713,512,2125,4.150391
12714,512,2250,4.394531
12715,512,2167,4.232422
12716,512,1958,3.824219
12717,512,2000,3.906250
12718,512,2042,3.988281
12719,512,2042,3.988281
12720,512,2000,3.906250
12721,512,2041,3.986328
12722,512,1958,3.824219
12723,512,2042,3.988281
12724,512,2000,3.906250
12725,512,2041,3.986328
12726,512,2042,3.988281
12727,512,2042,3.988281
12728,512,2000,3.906250
12729,512,1959,3.826172
12730,512,1958,3.824219
12731,512,2125,4.150391
12732,512,1958,3.824219
12733,512,2083,4.068359
12734,512,2125,4.150391
12735,512,2083,4.068359
12736,512,1959,3.826172
12737,512,2000,3.906250
12738,512,1958,3.824219
12739,512,2041,3.986328
12740,512,2417,4.720703
12741,512,2792,5.453125
12742,512,2666,5.207031
12743,512,2584,5.046875
12744,512,2666,5.207031
12745,512,2542,4.964844
12746,512,2583,5.044922
12747,512,2167,4.232422
12748,512,2125,4.150391
12749,512,2041,3.986328
12750,512,2125,4.150391
12751,512,2125,4.150391
12752,512,2083,4.068359
12753,512,2042,3.988281
12754,512,2208,4.312500
12755,512,2084,4.070312
12756,512,2416,4.718750
12757,512,2792,5.453125
12758,512,2667,5.208984
12759,512,2500,4.882812
12760,512,2584,5.046875
12761,512,2584,5.046875
12762,512,2667,5.208984
12763,512,2500,4.882812
12764,512,2125,4.150391
12765,512,2250,4.394531
12766,512,2000,3.906250
12767,512,2125,4.150391
12768,512,2125,4.150391
12769,512,2000,3.906250
12770,512,2084,4.070312
12771,512,2541,4.962891
12772,512,2042,3.988281
12773,512,2083,4.068359
12774,512,1958,3.824219
12775,512,1958,3.824219
12776,512,1875,3.662109
12777,512,2000,3.906250
12778,512,2041,3.986328
12779,512,2292,4.476562
12780,512,2041,3.986328
12781,512,1917,3.744141
12782,512,2042,3.988281
12783,512,2000,3.906250
12784,512,1959,3.826172
12785,512,2000,3.906250
12786,512,2084,4.070312
12787,512,2000,3.906250
12788,512,2083,4.068359
12789,512,2125,4.150391
12790,512,2042,3.988281
12791,512,2041,3.986328
12792,512,1958,3.824219
12793,512,2042,3.988281
12794,512,2000,3.906250
12795,512,2041,3.986328
12796,512,2000,3.906250
12797,512,1958,3.824219
12798,512,2000,3.906250
12799,512,1958,3.824219
12800,512,1958,3.824219
12801,512,2042,3.988281
12802,512,2042,3.988281
12803,512,2041,3.986328
12804,512,2042,3.988281
12805,512,2042,3.988281
12806,512,2083,4.068359
12807,512,2083,4.068359
12808,512,2083,4.068359
12809,512,2083,4.068359
12810,512,1959,3.826172
12811,512,2000,3.906250
12812,512,2042,3.988281
12813,512,2083,4.068359
12814,512,1958,3.824219
12815,512,2042,3.988281
12816,512,2042,3.988281
12817,512,2041,3.986328
12818,512,2042,3.988281
12819,512,2083,4.068359
12820,512,2000,3.906250
12821,512,2084,4.070312
12822,512,2125,4.150391
12823,512,2084,4.070312
12824,512,2125,4.150391
12825,512,2041,3.986328
12826,512,2000,3.906250
12827,512,2000,3.906250
12828,512,2083,4.068359
12829,512,2084,4.070312
12830,512,2041,3.986328
12831,512,2125,4.150391
12832,512,2000,3.906250
12833,512,2167,4.232422
12834,512,2000,3.906250
12835,512,2125,4.150391
12836,512,2000,3.906250
12837,512,2041,3.986328
12838,512,2042,3.988281
12839,512,2125,4.150391
12840,512,2125,4.150391
12841,512,2041,3.986328
12842,512,2084,4.070312
12843,512,2042,3.988281
12844,512,2000,3.906250
12845,512,2083,4.068359
12846,512,2041,3.986328
12847,512,2125,4.150391
12848,512,1875,3.662109
12849,512,2084,4.070312
12850,512,2000,3.906250
12851,512,2000,3.906250
12852,512,2125,4.150391
12853,512,2000,3.906250
12854,512,2000,3.906250
12855,512,2083,4.068359
12856,512,1917,3.744141
12857,512,2084,4.070312
12858,512,2000,3.906250
12859,512,1959,3.826172
12860,512,2125,4.150391
12861,512,2125,4.150391
12862,512,2000,3.906250
12863,512,2083,4.068359
12864,512,2000,3.906250
12865,512,2000,3.906250
12866,512,2000,3.906250
12867,512,1958,3.824219
12868,512,1958,3.824219
12869,512,2125,4.150391
12870,512,2042,3.988281
12871,512,2000,3.906250
12872,512,2000,3.906250
12873,512,2000,3.906250
12874,512,1959,3.826172
12875,512,1959,3.826172
12876,512,2041,3.986328
12877,512,2042,3.988281
12878,512,2000,3.906250
12879,512,2041,3.986328
12880,512,2000,3.906250
12881,512,2042,3.988281
12882,512,2042,3.988281
12883,512,2041,3.986328
12884,512,2042,3.988281
12885,512,2083,4.068359
12886,512,2042,3.988281
12887,512,2041,3.986328
12888,512,2042,3.988281
12889,512,2000,3.906250
12890,512,2000,3.906250
12891,512,2041,3.986328
12892,512,1959,3.826172
12893,512,2000,3.906250
12894,512,2000,3.906250
12895,512,1958,3.824219
12896,512,2042,3.988281
12897,512,2042,3.988281
12898,512,1958,3.824219
12899,512,2042,3.988281
12900,512,1916,3.742188
12901,512,13542,26.449219
12902,512,2125,4.150391
12903,512,1958,3.824219
12904,512,2167,4.232422
12905,512,2041,3.986328
12906,512,2042,3.988281
12907,512,1958,3.824219
12908,512,1958,3.824219
12909,512,2167,4.232422
12910,512,2000,3.906250
12911,512,2167,4.232422
12912,512,2167,4.232422
12913,512,2166,4.230469
12914,512,1917,3.744141
12915,512,1959,3.826172
12916,512,1875,3.662109
12917,512,1958,3.824219
12918,512,2042,3.988281
12919,512,2000,3.906250
12920,512,1958,3.824219
12921,512,2042,3.988281
12922,512,2083,4.068359
12923,512,2167,4.232422
12924,512,2041,3.986328
12925,512,2125,4.150391
12926,512,2000,3.906250
12927,512,2000,3.906250
12928,512,2792,5.453125
12929,512,2709,5.291016
12930,512,2542,4.964844
12931,512,2541,4.962891
12932,512,2625,5.126953
12933,512,2458,4.800781
12934,512,2583,5.044922
12935,512,2208,4.312500
12936,512,2084,4.070312
12937,512,2125,4.150391
12938,512,2042,3.988281
12939,512,2042,3.988281
12940,512,2041,3.986328
12941,512,1958,3.824219
12942,512,2042,3.988281
12943,512,2083,4.068359
12944,512,2041,3.986328
12945,512,2125,4.150391
12946,512,2042,3.988281
12947,512,2000,3.906250
12948,512,2041,3.986328
12949,512,1959,3.826172
12950,512,2000,3.906250
12951,512,2083,4.068359
12952,512,2083,4.068359
12953,512,2000,3.906250
12954,512,2084,4.070312
12955,512,2000,3.906250
12956,512,2042,3.988281
12957,512,2042,3.988281
12958,512,2083,4.068359
12959,512,2083,4.068359
12960,512,2042,3.988281
12961,512,2167,4.232422
12962,512,2041,3.986328
12963,512,2084,4.070312
12964,512,2083,4.068359
12965,512,2167,4.232422
12966,512,2041,3.986328
12967,512,2000,3.906250
12968,512,2084,4.070312
12969,512,1959,3.826172
12970,512,2083,4.068359
12971,512,2083,4.068359
12972,512,2000,3.906250
12973,512,2042,3.988281
12974,512,2083,4.068359
12975,512,2125,4.150391
12976,512,2083,4.068359
12977,512,2000,3.906250
12978,512,2125,4.150391
12979,512,2041,3.986328
12980,512,1958,3.824219
12981,512,2167,4.232422
12982,512,2041,3.986328
12983,512,2042,3.988281
12984,512,2125,4.150391
12985,512,2000,3.906250
12986,512,2084,4.070312
12987,512,2125,4.150391
12988,512,1958,3.824219
12989,512,2042,3.988281
12990,512,2000,3.906250
12991,512,2000,3.906250
12992,512,2250,4.394531
12993,512,2083,4.068359
12994,512,2125,4.150391
12995,512,2042,3.988281
12996,512,1959,3.826172
12997,512,2167,4.232422
12998,512,2208,4.312500
12999,512,2042,3.988281
13000,512,2083,4.068359
13001,512,2000,3.906250
13002,512,2125,4.150391
13003,512,2000,3.906250
13004,512,2166,4.230469
13005,512,2042,3.988281
13006,512,2083,4.068359
13007,512,2000,3.906250
13008,512,2042,3.988281
13009,512,2167,4.232422
13010,512,2083,4.068359
13011,512,2125,4.150391
13012,512,2083,4.068359
13013,512,2084,4.070312
13014,512,2084,4.070312
13015,512,2084,4.070312
13016,512,2041,3.986328
13017,512,2125,4.150391
13018,512,2125,4.150391
13019,512,2042,3.988281
13020,512,2041,3.986328
13021,512,2000,3.906250
13022,512,2000,3.906250
13023,512,2125,4.150391
13024,512,2125,4.150391
13025,512,2083,4.068359
13026,512,2042,3.988281
13027,512,2042,3.988281
13028,512,2042,3.988281
13029,512,2041,3.986328
13030,512,2042,3.988281
13031,512,2042,3.988281
13032,512,2000,3.906250
13033,512,2084,4.070312
13034,512,2125,4.150391
13035,512,2084,4.070312
13036,512,1958,3.824219
13037,512,2042,3.988281
13038,512,2166,4.230469
13039,512,2209,4.314453
13040,512,2083,4.068359
13041,512,2083,4.068359
13042,512,2042,3.988281
13043,512,2041,3.986328
13044,512,2000,3.906250
13045,512,2167,4.232422
13046,512,2083,4.068359
13047,512,2084,4.070312
13048,512,1959,3.826172
13049,512,2125,4.150391
13050,512,2000,3.906250
13051,512,2042,3.988281
13052,512,2084,4.070312
13053,512,2083,4.068359
13054,512,2042,3.988281
13055,512,2042,3.988281
13056,512,2083,4.068359
13057,512,2125,4.150391
13058,512,2125,4.150391
13059,512,1958,3.824219
13060,512,2084,4.070312
13061,512,2083,4.068359
13062,512,2083,4.068359
13063,512,2042,3.988281
13064,512,2042,3.988281
13065,512,1958,3.824219
13066,512,2125,4.150391
13067,512,2042,3.988281
13068,512,2083,4.068359
13069,512,1958,3.824219
13070,512,2083,4.068359
13071,512,2125,4.150391
13072,512,2000,3.906250
13073,512,2041,3.986328
13074,512,2125,4.150391
13075,512,2083,4.068359
13076,512,2042,3.988281
13077,512,2084,4.070312
13078,512,2042,3.988281
13079,512,2167,4.232422
13080,512,2041,3.986328
13081,512,2042,3.988281
13082,512,2041,3.986328
13083,512,2084,4.070312
13084,512,2167,4.232422
13085,512,2083,4.068359
13086,512,2125,4.150391
13087,512,2084,4.070312
13088,512,2000,3.906250
13089,512,2000,3.906250
13090,512,2083,4.068359
13091,512,2042,3.988281
13092,512,2041,3.986328
13093,512,2000,3.906250
13094,512,2125,4.150391
13095,512,2083,4.068359
13096,512,2125,4.150391
13097,512,2125,4.150391
13098,512,1959,3.826172
13099,512,2041,3.986328
13100,512,2042,3.988281
13101,512,2167,4.232422
13102,512,2125,4.150391
13103,512,2125,4.150391
13104,512,2125,4.150391
13105,512,2125,4.150391
13106,512,2084,4.070312
13107,512,2125,4.150391
13108,512,2041,3.986328
13109,512,2083,4.068359
13110,512,2125,4.150391
13111,512,2125,4.150391
13112,512,2167,4.232422
13113,512,2125,4.150391
13114,512,2084,4.070312
13115,512,2041,3.986328
13116,512,2042,3.988281
13117,512,2125,4.150391
13118,512,2083,4.068359
13119,512,2083,4.068359
13120,512,2084,4.070312
13121,512,2084,4.070312
13122,512,1959,3.826172
13123,512,2042,3.988281
13124,512,2042,3.988281
13125,512,2000,3.906250
13126,512,2042,3.988281
13127,512,2083,4.068359
13128,512,2125,4.150391
13129,512,2042,3.988281
13130,512,2083,4.068359
13131,512,2083,4.068359
13132,512,2083,4.068359
13133,512,2084,4.070312
13134,512,2208,4.312500
13135,512,2083,4.068359
13136,512,2083,4.068359
13137,512,2084,4.070312
13138,512,2208,4.312500
13139,512,2083,4.068359
13140,512,1958,3.824219
13141,512,2042,3.988281
13142,512,2125,4.150391
13143,512,2125,4.150391
13144,512,1958,3.824219
13145,512,2125,4.150391
13146,512,2125,4.150391
13147,512,2083,4.068359
13148,512,2167,4.232422
13149,512,1917,3.744141
13150,512,2083,4.068359
13151,512,2083,4.068359
13152,512,2000,3.906250
13153,512,2084,4.070312
13154,512,1958,3.824219
13155,512,2208,4.312500
13156,512,2125,4.150391
13157,512,2042,3.988281
13158,512,2042,3.988281
13159,512,2083,4.068359
13160,512,2083,4.068359
13161,512,2125,4.150391
13162,512,2125,4.150391
13163,512,2084,4.070312
13164,512,2084,4.070312
13165,512,2041,3.986328
13166,512,2000,3.906250
13167,512,2084,4.070312
13168,512,2041,3.986328
13169,512,2000,3.906250
13170,512,2084,4.070312
13171,512,2125,4.150391
13172,512,2042,3.988281
13173,512,2041,3.986328
13174,512,2167,4.232422
13175,512,2083,4.068359
13176,512,2083,4.068359
13177,512,2209,4.314453
13178,512,2041,3.986328
13179,512,2000,3.906250
13180,512,2041,3.986328
13181,512,2083,4.068359
13182,512,2125,4.150391
13183,512,2209,4.314453
13184,512,2042,3.988281
13185,512,2000,3.906250
13186,512,2041,3.986328
13187,512,2083,4.068359
13188,512,2042,3.988281
13189,512,2125,4.150391
13190,512,2000,3.906250
13191,512,2083,4.068359
13192,512,2167,4.232422
13193,512,2042,3.988281
13194,512,2083,4.068359
13195,512,2042,3.988281
13196,512,2208,4.312500
13197,512,2042,3.988281
13198,512,2041,3.986328
13199,512,2042,3.988281
13200,512,2125,4.150391
13201,512,2125,4.150391
13202,512,2083,4.068359
13203,512,2084,4.070312
13204,512,2041,3.986328
13205,512,1959,3.826172
13206,512,2083,4.068359
13207,512,2167,4.232422
13208,512,2041,3.986328
13209,512,2042,3.988281
13210,512,2041,3.986328
13211,512,2083,4.068359
13212,512,2125,4.150391
13213,512,2083,4.068359
13214,512,2125,4.150391
13215,512,2125,4.150391
13216,512,2083,4.068359
13217,512,2042,3.988281
13218,512,2042,3.988281
13219,512,2166,4.230469
13220,512,2125,4.150391
13221,512,2042,3.988281
13222,512,2041,3.986328
13223,512,2084,4.070312
13224,512,2084,4.070312
13225,512,2042,3.988281
13226,512,2042,3.988281
13227,512,2083,4.068359
13228,512,2167,4.232422
13229,512,2041,3.986328
13230,512,2042,3.988281
13231,512,2083,4.068359
13232,512,2083,4.068359
13233,512,2125,4.150391
13234,512,2042,3.988281
13235,512,2083,4.068359
13236,512,2083,4.068359
13237,512,2125,4.150391
13238,512,2000,3.906250
13239,512,2041,3.986328
13240,512,2000,3.906250
13241,512,2125,4.150391
13242,512,2083,4.068359
13243,512,2000,3.906250
13244,512,2208,4.312500
13245,512,2042,3.988281
13246,512,2167,4.232422
13247,512,2250,4.394531
13248,512,2666,5.207031
13249,512,2750,5.371094
13250,512,2625,5.126953
13251,512,2541,4.962891
13252,512,2583,5.044922
13253,512,2542,4.964844
13254,512,2542,4.964844
13255,512,2250,4.394531
13256,512,2125,4.150391
13257,512,2125,4.150391
13258,512,2125,4.150391
13259,512,2125,4.150391
13260,512,2375,4.638672
13261,512,2292,4.476562
13262,512,1958,3.824219
13263,512,2167,4.232422
13264,512,2000,3.906250
13265,512,2083,4.068359
13266,512,2083,4.068359
13267,512,2083,4.068359
13268,512,2042,3.988281
13269,512,2000,3.906250
13270,512,2125,4.150391
13271,512,2083,4.068359
13272,512,2042,3.988281
13273,512,2000,3.906250
13274,512,2000,3.906250
13275,512,2084,4.070312
13276,512,2167,4.232422
13277,512,2167,4.232422
13278,512,2083,4.068359
13279,512,1917,3.744141
13280,512,2042,3.988281
13281,512,2083,4.068359
13282,512,1959,3.826172
13283,512,2083,4.068359
13284,512,2042,3.988281
13285,512,2125,4.150391
13286,512,2083,4.068359
13287,512,2083,4.068359
13288,512,2125,4.150391
13289,512,2083,4.068359
13290,512,2042,3.988281
13291,512,2042,3.988281
13292,512,2083,4.068359
13293,512,2125,4.150391
13294,512,2125,4.150391
13295,512,2000,3.906250
13296,512,2167,4.232422
13297,512,2042,3.988281
13298,512,2083,4.068359
13299,512,2125,4.150391
13300,512,2083,4.068359
13301,512,2042,3.988281
13302,512,2083,4.068359
13303,512,2083,4.068359
13304,512,2083,4.068359
13305,512,2084,4.070312
13306,512,2083,4.068359
13307,512,1958,3.824219
13308,512,2083,4.068359
13309,512,2125,4.150391
13310,512,2125,4.150391
13311,512,2084,4.070312
13312,512,2042,3.988281
13313,512,2125,4.150391
13314,512,2208,4.312500
13315,512,2125,4.150391
13316,512,2000,3.906250
13317,512,2000,3.906250
13318,512,2125,4.150391
13319,512,2042,3.988281
13320,512,2041,3.986328
13321,512,2042,3.988281
13322,512,2125,4.150391
13323,512,2083,4.068359
13324,512,2125,4.150391
13325,512,2125,4.150391
13326,512,2042,3.988281
13327,512,2000,3.906250
13328,512,2125,4.150391
13329,512,2000,3.906250
13330,512,2084,4.070312
13331,512,2083,4.068359
13332,512,2042,3.988281
13333,512,2083,4.068359
13334,512,1916,3.742188
13335,512,2042,3.988281
13336,512,2041,3.986328
13337,512,2125,4.150391
13338,512,2083,4.068359
13339,512,2042,3.988281
13340,512,2125,4.150391
13341,512,2041,3.986328
13342,512,2125,4.150391
13343,512,2084,4.070312
13344,512,2000,3.906250
13345,512,2167,4.232422
13346,512,2000,3.906250
13347,512,2125,4.150391
13348,512,2041,3.986328
13349,512,2042,3.988281
13350,512,2083,4.068359
13351,512,2125,4.150391
13352,512,2000,3.906250
13353,512,2000,3.906250
13354,512,2208,4.312500
13355,512,2084,4.070312
13356,512,2083,4.068359
13357,512,2041,3.986328
13358,512,2084,4.070312
13359,512,2125,4.150391
13360,512,2083,4.068359
13361,512,2083,4.068359
13362,512,2042,3.988281
13363,512,2042,3.988281
13364,512,2041,3.986328
13365,512,2125,4.150391
13366,512,2084,4.070312
13367,512,2083,4.068359
13368,512,2041,3.986328
13369,512,2167,4.232422
13370,512,2125,4.150391
13371,512,2125,4.150391
13372,512,2000,3.906250
13373,512,2125,4.150391
13374,512,2167,4.232422
13375,512,2125,4.150391
13376,512,2000,3.906250
13377,512,2084,4.070312
13378,512,2083,4.068359
13379,512,2042,3.988281
13380,512,2084,4.070312
13381,512,2083,4.068359
13382,512,2083,4.068359
13383,512,2125,4.150391
13384,512,2000,3.906250
13385,512,2041,3.986328
13386,512,2125,4.150391
13387,512,2084,4.070312
13388,512,2083,4.068359
13389,512,2208,4.312500
13390,512,2084,4.070312
13391,512,2000,3.906250
13392,512,2083,4.068359
13393,512,2125,4.150391
13394,512,2125,4.150391
13395,512,2083,4.068359
13396,512,2125,4.150391
13397,512,2084,4.070312
13398,512,2083,4.068359
13399,512,2208,4.312500
13400,512,2042,3.988281
13401,512,2083,4.068359
13402,512,2042,3.988281
13403,512,2083,4.068359
13404,512,2083,4.068359
13405,512,2083,4.068359
13406,512,2084,4.070312
13407,512,2125,4.150391
13408,512,2000,3.906250
13409,512,2084,4.070312
13410,512,2084,4.070312
13411,512,2084,4.070312
13412,512,2125,4.150391
13413,512,2083,4.068359
13414,512,2000,3.906250
13415,512,2125,4.150391
13416,512,2125,4.150391
13417,512,2083,4.068359
13418,512,2000,3.906250
13419,512,2083,4.068359
13420,512,2042,3.988281
13421,512,2041,3.986328
13422,512,2084,4.070312
13423,512,2125,4.150391
13424,512,2167,4.232422
13425,512,2125,4.150391
13426,512,2083,4.068359
13427,512,2000,3.906250
13428,512,2125,4.150391
13429,512,2042,3.988281
13430,512,2041,3.986328
13431,512,2042,3.988281
13432,512,2000,3.906250
13433,512,2125,4.150391
13434,512,2000,3.906250
13435,512,2041,3.986328
13436,512,2000,3.906250
13437,512,2125,4.150391
13438,512,2333,4.556641
13439,512,2708,5.289062
13440,512,3125,6.103516
13441,512,2625,5.126953
13442,512,2625,5.126953
13443,512,2667,5.208984
13444,512,2459,4.802734
13445,512,2584,5.046875
13446,512,2584,5.046875
13447,512,2666,5.207031
13448,512,2625,5.126953
13449,512,2750,5.371094
13450,512,2666,5.207031
13451,512,2292,4.476562
13452,512,1917,3.744141
13453,512,2000,3.906250
13454,512,2041,3.986328
13455,512,2084,4.070312
13456,512,2083,4.068359
13457,512,2083,4.068359
13458,512,1917,3.744141
13459,512,2042,3.988281
13460,512,2083,4.068359
13461,512,2125,4.150391
13462,512,2000,3.906250
13463,512,2000,3.906250
13464,512,2041,3.986328
13465,512,2042,3.988281
13466,512,2083,4.068359
13467,512,1958,3.824219
13468,512,2000,3.906250
13469,512,2000,3.906250
13470,512,2000,3.906250
13471,512,2166,4.230469
13472,512,2084,4.070312
13473,512,1958,3.824219
13474,512,2000,3.906250
13475,512,2125,4.150391
13476,512,2042,3.988281
13477,512,2042,3.988281
13478,512,2083,4.068359
13479,512,2083,4.068359
13480,512,2084,4.070312
13481,512,2000,3.906250
13482,512,2083,4.068359
13483,512,2042,3.988281
13484,512,2000,3.906250
13485,512,2042,3.988281
13486,512,2042,3.988281
13487,512,2083,4.068359
13488,512,2042,3.988281
13489,512,2000,3.906250
13490,512,2042,3.988281
13491,512,2000,3.906250
13492,512,2083,4.068359
13493,512,2042,3.988281
13494,512,2000,3.906250
13495,512,2000,3.906250
13496,512,1917,3.744141
13497,512,2042,3.988281
13498,512,2041,3.986328
13499,512,2000,3.906250
13500,512,2000,3.906250
13501,512,2125,4.150391
13502,512,2125,4.150391
13503,512,2000,3.906250
13504,512,2000,3.906250
13505,512,2000,3.906250
13506,512,2083,4.068359
13507,512,2125,4.150391
13508,512,2083,4.068359
13509,512,2042,3.988281
13510,512,2083,4.068359
13511,512,2084,4.070312
13512,512,2083,4.068359
13513,512,2042,3.988281
13514,512,2208,4.312500
13515,512,2042,3.988281
13516,512,2125,4.150391
13517,512,2125,4.150391
13518,512,2042,3.988281
13519,512,2041,3.986328
13520,512,2083,4.068359
13521,512,2125,4.150391
13522,512,2125,4.150391
13523,512,2042,3.988281
13524,512,2208,4.312500
13525,512,2083,4.068359
13526,512,2000,3.906250
13527,512,2000,3.906250
13528,512,2083,4.068359
13529,512,2125,4.150391
13530,512,2041,3.986328
13531,512,2042,3.988281
13532,512,2084,4.070312
13533,512,2083,4.068359
13534,512,2042,3.988281
13535,512,2084,4.070312
13536,512,2000,3.906250
13537,512,2125,4.150391
13538,512,2125,4.150391
13539,512,2083,4.068359
13540,512,2042,3.988281
13541,512,2083,4.068359
13542,512,2125,4.150391
13543,512,2083,4.068359
13544,512,2250,4.394531
13545,512,2125,4.150391
13546,512,2167,4.232422
13547,512,2083,4.068359
13548,512,2041,3.986328
13549,512,2084,4.070312
13550,512,2125,4.150391
13551,512,1958,3.824219
13552,512,2042,3.988281
13553,512,2042,3.988281
13554,512,2000,3.906250
13555,512,2042,3.988281
13556,512,1958,3.824219
13557,512,2167,4.232422
13558,512,2083,4.068359
13559,512,2125,4.150391
13560,512,2041,3.986328
13561,512,2125,4.150391
13562,512,2084,4.070312
13563,512,2125,4.150391
13564,512,2167,4.232422
13565,512,2041,3.986328
13566,512,2084,4.070312
13567,512,2083,4.068359
13568,512,2042,3.988281
13569,512,2041,3.986328
13570,512,2084,4.070312
13571,512,2083,4.068359
13572,512,1958,3.824219
13573,512,2042,3.988281
13574,512,2125,4.150391
13575,512,2167,4.232422
13576,512,2000,3.906250
13577,512,2083,4.068359
13578,512,2000,3.906250
13579,512,2083,4.068359
13580,512,2042,3.988281
13581,512,2042,3.988281
13582,512,2083,4.068359
13583,512,2000,3.906250
13584,512,2042,3.988281
13585,512,2125,4.150391
13586,512,2125,4.150391
13587,512,2208,4.312500
13588,512,2125,4.150391
13589,512,2042,3.988281
13590,512,2084,4.070312
13591,512,2042,3.988281
13592,512,2125,4.150391
13593,512,2083,4.068359
13594,512,2125,4.150391
13595,512,2083,4.068359
13596,512,2084,4.070312
13597,512,2041,3.986328
13598,512,2083,4.068359
13599,512,2125,4.150391
13600,512,2083,4.068359
13601,512,2042,3.988281
13602,512,1958,3.824219
13603,512,2084,4.070312
13604,512,2125,4.150391
13605,512,2084,4.070312
13606,512,2125,4.150391
13607,512,2084,4.070312
13608,512,2167,4.232422
13609,512,2042,3.988281
13610,512,2166,4.230469
13611,512,2042,3.988281
13612,512,2083,4.068359
13613,512,2000,3.906250
13614,512,2166,4.230469
13615,512,2167,4.232422
13616,512,2083,4.068359
13617,512,2084,4.070312
13618,512,2167,4.232422
13619,512,2000,3.906250
13620,512,2083,4.068359
13621,512,4125,8.056641
13622,512,2208,4.312500
13623,512,2084,4.070312
13624,512,2083,4.068359
13625,512,2042,3.988281
13626,512,2041,3.986328
13627,512,2083,4.068359
13628,512,2083,4.068359
13629,512,2000,3.906250
13630,512,2000,3.906250
13631,512,2125,4.150391
13632,512,2167,4.232422
13633,512,2083,4.068359
13634,512,2083,4.068359
13635,512,2000,3.906250
13636,512,2041,3.986328
13637,512,2083,4.068359
13638,512,2084,4.070312
13639,512,2041,3.986328
13640,512,2125,4.150391
13641,512,2042,3.988281
13642,512,1916,3.742188
13643,512,2125,4.150391
13644,512,2042,3.988281
13645,512,2083,4.068359
13646,512,2125,4.150391
13647,512,2167,4.232422
13648,512,2125,4.150391
13649,512,2041,3.986328
13650,512,2083,4.068359
13651,512,2000,3.906250
13652,512,2083,4.068359
13653,512,2084,4.070312
13654,512,2083,4.068359
13655,512,2041,3.986328
13656,512,2083,4.068359
13657,512,2125,4.150391
13658,512,2042,3.988281
13659,512,2041,3.986328
13660,512,2000,3.906250
13661,512,2083,4.068359
13662,512,2167,4.232422
13663,512,2125,4.150391
13664,512,2041,3.986328
13665,512,2042,3.988281
13666,512,2083,4.068359
13667,512,2084,4.070312
13668,512,2083,4.068359
13669,512,2000,3.906250
13670,512,2166,4.230469
13671,512,2084,4.070312
13672,512,2084,4.070312
13673,512,2042,3.988281
13674,512,2083,4.068359
13675,512,2042,3.988281
13676,512,2083,4.068359
13677,512,2042,3.988281
13678,512,2041,3.986328
13679,512,2000,3.906250
13680,512,2083,4.068359
13681,512,2042,3.988281
13682,512,2083,4.068359
13683,512,1958,3.824219
13684,512,2042,3.988281
13685,512,2000,3.906250
13686,512,2041,3.986328
13687,512,2042,3.988281
13688,512,2083,4.068359
13689,512,2042,3.988281
13690,512,2084,4.070312
13691,512,2041,3.986328
13692,512,2000,3.906250
13693,512,2042,3.988281
13694,512,2125,4.150391
13695,512,2000,3.906250
13696,512,2291,4.474609
13697,512,2084,4.070312
13698,512,2000,3.906250
13699,512,2042,3.988281
13700,512,2042,3.988281
13701,512,2000,3.906250
13702,512,2166,4.230469
13703,512,2000,3.906250
13704,512,2042,3.988281
13705,512,2042,3.988281
13706,512,2083,4.068359
13707,512,2083,4.068359
13708,512,2042,3.988281
13709,512,2083,4.068359
13710,512,2084,4.070312
13711,512,2000,3.906250
13712,512,2083,4.068359
13713,512,2083,4.068359
13714,512,2042,3.988281
13715,512,2084,4.070312
13716,512,2000,3.906250
13717,512,2041,3.986328
13718,512,2083,4.068359
13719,512,2000,3.906250
13720,512,2084,4.070312
13721,512,2041,3.986328
13722,512,2000,3.906250
13723,512,2042,3.988281
13724,512,1959,3.826172
13725,512,2125,4.150391
13726,512,2000,3.906250
13727,512,2166,4.230469
13728,512,2125,4.150391
13729,512,2042,3.988281
13730,512,2042,3.988281
13731,512,2125,4.150391
13732,512,2083,4.068359
13733,512,2083,4.068359
13734,512,2125,4.150391
13735,512,2125,4.150391
13736,512,2083,4.068359
13737,512,2041,3.986328
13738,512,2125,4.150391
13739,512,1958,3.824219
13740,512,2042,3.988281
13741,512,1959,3.826172
13742,512,2083,4.068359
13743,512,2041,3.986328
13744,512,2125,4.150391
13745,512,2042,3.988281
13746,512,2125,4.150391
13747,512,2042,3.988281
13748,512,2041,3.986328
13749,512,2042,3.988281
13750,512,2042,3.988281
13751,512,2041,3.986328
13752,512,2042,3.988281
13753,512,2125,4.150391
13754,512,2042,3.988281
13755,512,2083,4.068359
13756,512,2083,4.068359
13757,512,2000,3.906250
13758,512,2083,4.068359
13759,512,2042,3.988281
13760,512,1958,3.824219
13761,512,2000,3.906250
13762,512,2083,4.068359
13763,512,1958,3.824219
13764,512,2042,3.988281
13765,512,2125,4.150391
13766,512,2083,4.068359
13767,512,2041,3.986328
13768,512,2000,3.906250
13769,512,2083,4.068359
13770,512,2125,4.150391
13771,512,2250,4.394531
13772,512,2000,3.906250
13773,512,2084,4.070312
13774,512,2000,3.906250
13775,512,2042,3.988281
13776,512,2000,3.906250
13777,512,2000,3.906250
13778,512,2042,3.988281
13779,512,2042,3.988281
13780,512,2042,3.988281
13781,512,2041,3.986328
13782,512,2042,3.988281
13783,512,2083,4.068359
13784,512,2208,4.312500
13785,512,2000,3.906250
13786,512,2042,3.988281
13787,512,2125,4.150391
13788,512,2125,4.150391
13789,512,2125,4.150391
13790,512,2083,4.068359
13791,512,2083,4.068359
13792,512,2125,4.150391
13793,512,2083,4.068359
13794,512,2084,4.070312
13795,512,2333,4.556641
13796,512,2958,5.777344
13797,512,2667,5.208984
13798,512,2583,5.044922
13799,512,2625,5.126953
13800,512,2583,5.044922
13801,512,2708,5.289062
13802,512,2500,4.882812
13803,512,2083,4.068359
13804,512,2125,4.150391
13805,512,2166,4.230469
13806,512,2167,4.232422
13807,512,2000,3.906250
13808,512,2042,3.988281
13809,512,2083,4.068359
13810,512,2042,3.988281
13811,512,2167,4.232422
13812,512,2167,4.232422
13813,512,2084,4.070312
13814,512,2125,4.150391
13815,512,2083,4.068359
13816,512,2083,4.068359
13817,512,2083,4.068359
13818,512,2167,4.232422
13819,512,2125,4.150391
13820,512,2042,3.988281
13821,512,2083,4.068359
13822,512,2084,4.070312
13823,512,2042,3.988281
13824,512,2041,3.986328
13825,512,2125,4.150391
13826,512,2083,4.068359
13827,512,2167,4.232422
13828,512,2166,4.230469
13829,512,2167,4.232422
13830,512,2250,4.394531
13831,512,2083,4.068359
13832,512,2125,4.150391
13833,512,2042,3.988281
13834,512,2125,4.150391
13835,512,2167,4.232422
13836,512,2125,4.150391
13837,512,2125,4.150391
13838,512,2166,4.230469
13839,512,2125,4.150391
13840,512,2167,4.232422
13841,512,2083,4.068359
13842,512,2125,4.150391
13843,512,2083,4.068359
13844,512,2084,4.070312
13845,512,2083,4.068359
13846,512,2041,3.986328
13847,512,2167,4.232422
13848,512,2083,4.068359
13849,512,2167,4.232422
13850,512,2000,3.906250
13851,512,2084,4.070312
13852,512,2125,4.150391
13853,512,2084,4.070312
13854,512,2208,4.312500
13855,512,2041,3.986328
13856,512,2084,4.070312
13857,512,2000,3.906250
13858,512,2125,4.150391
13859,512,2041,3.986328
13860,512,2042,3.988281
13861,512,2125,4.150391
13862,512,2250,4.394531
13863,512,2084,4.070312
13864,512,2083,4.068359
13865,512,2167,4.232422
13866,512,2083,4.068359
13867,512,2083,4.068359
13868,512,2083,4.068359
13869,512,2125,4.150391
13870,512,2125,4.150391
13871,512,2125,4.150391
13872,512,2042,3.988281
13873,512,2042,3.988281
13874,512,2125,4.150391
13875,512,2084,4.070312
13876,512,2041,3.986328
13877,512,2209,4.314453
13878,512,2083,4.068359
13879,512,2083,4.068359
13880,512,2042,3.988281
13881,512,2166,4.230469
13882,512,2625,5.126953
13883,512,2625,5.126953
13884,512,2500,4.882812
13885,512,2541,4.962891
13886,512,14042,27.425781
13887,512,3958,7.730469
13888,512,2792,5.453125
13889,512,2500,4.882812
13890,512,2625,5.126953
13891,512,2667,5.208984
13892,512,2708,5.289062
13893,512,2542,4.964844
13894,512,2583,5.044922
13895,512,2625,5.126953
13896,512,2542,4.964844
13897,512,2625,5.126953
13898,512,2791,5.451172
13899,512,2583,5.044922
13900,512,2042,3.988281
13901,512,2041,3.986328
13902,512,2084,4.070312
13903,512,2041,3.986328
13904,512,2125,4.150391
13905,512,2125,4.150391
13906,512,2125,4.150391
13907,512,2042,3.988281
13908,512,2041,3.986328
13909,512,2084,4.070312
13910,512,2083,4.068359
13911,512,2083,4.068359
13912,512,2083,4.068359
13913,512,2084,4.070312
13914,512,2083,4.068359
13915,512,2042,3.988281
13916,512,2125,4.150391
13917,512,2042,3.988281
13918,512,2000,3.906250
13919,512,2083,4.068359
13920,512,2167,4.232422
13921,512,2000,3.906250
13922,512,2083,4.068359
13923,512,2083,4.068359
13924,512,2500,4.882812
13925,512,2625,5.126953
13926,512,2542,4.964844
13927,512,2709,5.291016
13928,512,2459,4.802734
13929,512,2625,5.126953
13930,512,2584,5.046875
13931,512,2459,4.802734
13932,512,2500,4.882812
13933,512,2584,5.046875
13934,512,2459,4.802734
13935,512,2375,4.638672
13936,512,2042,3.988281
13937,512,2000,3.906250
13938,512,2041,3.986328
13939,512,2083,4.068359
13940,512,2042,3.988281
13941,512,2042,3.988281
13942,512,2083,4.068359
13943,512,2083,4.068359
13944,512,2000,3.906250
13945,512,2041,3.986328
13946,512,2042,3.988281
13947,512,2041,3.986328
13948,512,2084,4.070312
13949,512,2041,3.986328
13950,512,2000,3.906250
13951,512,2083,4.068359
13952,512,2417,4.720703
13953,512,2125,4.150391
13954,512,2041,3.986328
13955,512,2000,3.906250
13956,512,1958,3.824219
13957,512,2042,3.988281
13958,512,1958,3.824219
13959,512,1958,3.824219
13960,512,2042,3.988281
13961,512,1958,3.824219
13962,512,1917,3.744141
13963,512,2000,3.906250
13964,512,1958,3.824219
13965,512,2000,3.906250
13966,512,2000,3.906250
13967,512,2083,4.068359
13968,512,2000,3.906250
13969,512,2000,3.906250
13970,512,1958,3.824219
13971,512,2000,3.906250
13972,512,2041,3.986328
13973,512,1959,3.826172
13974,512,2083,4.068359
13975,512,2042,3.988281
13976,512,2041,3.986328
13977,512,1958,3.824219
13978,512,1917,3.744141
13979,512,1958,3.824219
13980,512,1958,3.824219
13981,512,1958,3.824219
13982,512,2083,4.068359
13983,512,2042,3.988281
13984,512,2000,3.906250
13985,512,2000,3.906250
13986,512,2083,4.068359
13987,512,2125,4.150391
13988,512,2208,4.312500
13989,512,2167,4.232422
13990,512,1917,3.744141
13991,512,2000,3.906250
13992,512,1959,3.826172
13993,512,2584,5.046875
13994,512,2666,5.207031
13995,512,2458,4.800781
13996,512,2500,4.882812
13997,512,2583,5.044922
13998,512,2625,5.126953
13999,512,2542,4.964844
14000,512,2125,4.150391
14001,512,1958,3.824219
14002,512,2042,3.988281
14003,512,2125,4.150391
14004,512,2125,4.150391
14005,512,2083,4.068359
14006,512,2042,3.988281
14007,512,2125,4.150391
14008,512,2041,3.986328
14009,512,2250,4.394531
14010,512,1959,3.826172
14011,512,2041,3.986328
14012,512,2042,3.988281
14013,512,2000,3.906250
14014,512,2042,3.988281
14015,512,2125,4.150391
14016,512,2125,4.150391
14017,512,2084,4.070312
14018,512,2083,4.068359
14019,512,2042,3.988281
14020,512,2083,4.068359
14021,512,2042,3.988281
14022,512,2167,4.232422
14023,512,2042,3.988281
14024,512,2084,4.070312
14025,512,2084,4.070312
14026,512,1958,3.824219
14027,512,2125,4.150391
14028,512,2000,3.906250
14029,512,1916,3.742188
14030,512,2042,3.988281
14031,512,2000,3.906250
14032,512,2125,4.150391
14033,512,2000,3.906250
14034,512,2083,4.068359
14035,512,1958,3.824219
14036,512,2083,4.068359
14037,512,2084,4.070312
14038,512,2084,4.070312
14039,512,2000,3.906250
14040,512,2041,3.986328
14041,512,2125,4.150391
14042,512,2042,3.988281
14043,512,2125,4.150391
14044,512,2000,3.906250
14045,512,2125,4.150391
14046,512,2125,4.150391
14047,512,2000,3.906250
14048,512,2125,4.150391
14049,512,2083,4.068359
14050,512,2084,4.070312
14051,512,1959,3.826172
14052,512,2042,3.988281
14053,512,2042,3.988281
14054,512,2042,3.988281
14055,512,2042,3.988281
14056,512,2000,3.906250
14057,512,2000,3.906250
14058,512,1958,3.824219
14059,512,1958,3.824219
14060,512,2083,4.068359
14061,512,2084,4.070312
14062,512,2083,4.068359
14063,512,2041,3.986328
14064,512,2334,4.558594
14065,512,2708,5.289062
14066,512,2625,5.126953
14067,512,2542,4.964844
14068,512,2750,5.371094
14069,512,2542,4.964844
14070,512,2708,5.289062
14071,512,2292,4.476562
14072,512,2084,4.070312
14073,512,2084,4.070312
14074,512,2125,4.150391
14075,512,2167,4.232422
14076,512,2125,4.150391
14077,512,2084,4.070312
14078,512,2083,4.068359
14079,512,2375,4.638672
14080,512,2208,4.312500
14081,512,1958,3.824219
14082,512,2083,4.068359
14083,512,2000,3.906250
14084,512,2125,4.150391
14085,512,2000,3.906250
14086,512,2125,4.150391
14087,512,2125,4.150391
14088,512,2000,3.906250
14089,512,2000,3.906250
14090,512,2083,4.068359
14091,512,1917,3.744141
14092,512,2042,3.988281
14093,512,2042,3.988281
14094,512,2000,3.906250
14095,512,2083,4.068359
14096,512,2125,4.150391
14097,512,2083,4.068359
14098,512,2000,3.906250
14099,512,2084,4.070312
14100,512,2042,3.988281
14101,512,2000,3.906250
14102,512,1958,3.824219
14103,512,2041,3.986328
14104,512,2000,3.906250
14105,512,2042,3.988281
14106,512,1958,3.824219
14107,512,2000,3.906250
14108,512,1958,3.824219
14109,512,1958,3.824219
14110,512,2042,3.988281
14111,512,2042,3.988281
14112,512,2041,3.986328
14113,512,9667,18.880859
14114,512,2250,4.394531
14115,512,2042,3.988281
14116,512,6166,12.042969
14117,512,2125,4.150391
14118,512,2083,4.068359
14119,512,2042,3.988281
14120,512,1958,3.824219
14121,512,2083,4.068359
14122,512,1958,3.824219
14123,512,2042,3.988281
14124,512,1958,3.824219
14125,512,2167,4.232422
14126,512,1916,3.742188
14127,512,2125,4.150391
14128,512,2167,4.232422
14129,512,2000,3.906250
14130,512,2000,3.906250
14131,512,2208,4.312500
14132,512,2000,3.906250
14133,512,1958,3.824219
14134,512,2042,3.988281
14135,512,2041,3.986328
14136,512,2042,3.988281
14137,512,2125,4.150391
14138,512,2000,3.906250
14139,512,2000,3.906250
14140,512,2000,3.906250
14141,512,2083,4.068359
14142,512,2167,4.232422
14143,512,2000,3.906250
14144,512,1958,3.824219
14145,512,2167,4.232422
14146,512,1958,3.824219
14147,512,2083,4.068359
14148,512,1959,3.826172
14149,512,2125,4.150391
14150,512,1916,3.742188
14151,512,2000,3.906250
14152,512,2000,3.906250
14153,512,2041,3.986328
14154,512,1958,3.824219
14155,512,2167,4.232422
14156,512,1958,3.824219
14157,512,2042,3.988281
14158,512,2000,3.906250
14159,512,2084,4.070312
14160,512,2083,4.068359
14161,512,2042,3.988281
14162,512,2084,4.070312
14163,512,2041,3.986328
14164,512,1959,3.826172
14165,512,2000,3.906250
14166,512,2084,4.070312
14167,512,2083,4.068359
14168,512,2042,3.988281
14169,512,2041,3.986328
14170,512,2042,3.988281
14171,512,2042,3.988281
14172,512,2166,4.230469
14173,512,1917,3.744141
14174,512,2250,4.394531
14175,512,1959,3.826172
14176,512,2042,3.988281
14177,512,2000,3.906250
14178,512,2041,3.986328
14179,512,2042,3.988281
14180,512,2000,3.906250
14181,512,2125,4.150391
14182,512,1916,3.742188
14183,512,2000,3.906250
14184,512,1958,3.824219
14185,512,2083,4.068359
14186,512,2084,4.070312
14187,512,2000,3.906250
14188,512,2083,4.068359
14189,512,2167,4.232422
14190,512,2083,4.068359
14191,512,2000,3.906250
14192,512,2000,3.906250
14193,512,1958,3.824219
14194,512,2000,3.906250
14195,512,2000,3.906250
14196,512,2041,3.986328
14197,512,2042,3.988281
14198,512,2041,3.986328
14199,512,2000,3.906250
14200,512,1958,3.824219
14201,512,2000,3.906250
14202,512,2000,3.906250
14203,512,2000,3.906250
14204,512,1959,3.826172
14205,512,2166,4.230469
14206,512,2084,4.070312
14207,512,1958,3.824219
14208,512,2333,4.556641
14209,512,1959,3.826172
14210,512,2000,3.906250
14211,512,2042,3.988281
14212,512,1958,3.824219
14213,512,1958,3.824219
14214,512,2167,4.232422
14215,512,1958,3.824219
14216,512,1917,3.744141
14217,512,2000,3.906250
14218,512,2000,3.906250
14219,512,2042,3.988281
14220,512,2000,3.906250
14221,512,1958,3.824219
14222,512,1958,3.824219
14223,512,2000,3.906250
14224,512,2000,3.906250
14225,512,2000,3.906250
14226,512,2000,3.906250
14227,512,2000,3.906250
14228,512,2000,3.906250
14229,512,2083,4.068359
14230,512,2000,3.906250
14231,512,1958,3.824219
14232,512,2042,3.988281
14233,512,2041,3.986328
14234,512,2000,3.906250
14235,512,2125,4.150391
14236,512,1958,3.824219
14237,512,1916,3.742188
14238,512,2083,4.068359
14239,512,2083,4.068359
14240,512,2000,3.906250
14241,512,2083,4.068359
14242,512,2042,3.988281
14243,512,2000,3.906250
14244,512,2166,4.230469
14245,512,2000,3.906250
14246,512,2125,4.150391
14247,512,2000,3.906250
14248,512,1958,3.824219
14249,512,2042,3.988281
14250,512,2000,3.906250
14251,512,2042,3.988281
14252,512,2000,3.906250
14253,512,1875,3.662109
14254,512,2041,3.986328
14255,512,2042,3.988281
14256,512,1958,3.824219
14257,512,2083,4.068359
14258,512,1959,3.826172
14259,512,2041,3.986328
14260,512,2083,4.068359
14261,512,2000,3.906250
14262,512,2000,3.906250
14263,512,2042,3.988281
14264,512,2042,3.988281
14265,512,2125,4.150391
14266,512,2041,3.986328
14267,512,1917,3.744141
14268,512,2000,3.906250
14269,512,2042,3.988281
14270,512,2125,4.150391
14271,512,2041,3.986328
14272,512,1958,3.824219
14273,512,2042,3.988281
14274,512,2000,3.906250
14275,512,2041,3.986328
14276,512,2000,3.906250
14277,512,2042,3.988281
14278,512,1917,3.744141
14279,512,2000,3.906250
14280,512,2084,4.070312
14281,512,2000,3.906250
14282,512,2084,4.070312
14283,512,2000,3.906250
14284,512,2042,3.988281
14285,512,2125,4.150391
14286,512,1958,3.824219
14287,512,2083,4.068359
14288,512,1917,3.744141
14289,512,2083,4.068359
14290,512,2042,3.988281
14291,512,2000,3.906250
14292,512,2125,4.150391
14293,512,2125,4.150391
14294,512,2000,3.906250
14295,512,2125,4.150391
14296,512,2083,4.068359
14297,512,2042,3.988281
14298,512,2000,3.906250
14299,512,2125,4.150391
14300,512,2042,3.988281
14301,512,2000,3.906250
14302,512,2000,3.906250
14303,512,2000,3.906250
14304,512,2000,3.906250
14305,512,2000,3.906250
14306,512,2042,3.988281
14307,512,2041,3.986328
14308,512,2042,3.988281
14309,512,1958,3.824219
14310,512,2000,3.906250
14311,512,2125,4.150391
14312,512,2125,4.150391
14313,512,2041,3.986328
14314,512,2084,4.070312
14315,512,1958,3.824219
14316,512,1958,3.824219
14317,512,2042,3.988281
14318,512,2041,3.986328
14319,512,2042,3.988281
14320,512,1958,3.824219
14321,512,2083,4.068359
14322,512,2000,3.906250
14323,512,2083,4.068359
14324,512,2000,3.906250
14325,512,2042,3.988281
14326,512,2125,4.150391
14327,512,2084,4.070312
14328,512,2041,3.986328
14329,512,2000,3.906250
14330,512,2042,3.988281
14331,512,2083,4.068359
14332,512,2000,3.906250
14333,512,2000,3.906250
14334,512,2125,4.150391
14335,512,2042,3.988281
14336,512,2041,3.986328
14337,512,2042,3.988281
14338,512,2167,4.232422
14339,512,1958,3.824219
14340,512,1958,3.824219
14341,512,2000,3.906250
14342,512,1958,3.824219
14343,512,1958,3.824219
14344,512,2083,4.068359
14345,512,2084,4.070312
14346,512,2000,3.906250
14347,512,2042,3.988281
14348,512,1958,3.824219
14349,512,2000,3.906250
14350,512,1917,3.744141
14351,512,2000,3.906250
14352,512,2042,3.988281
14353,512,2041,3.986328
14354,512,2042,3.988281
14355,512,2000,3.906250
14356,512,2041,3.986328
14357,512,1958,3.824219
14358,512,2042,3.988281
14359,512,2000,3.906250
14360,512,2042,3.988281
14361,512,2000,3.906250
14362,512,1959,3.826172
14363,512,2000,3.906250
14364,512,1958,3.824219
14365,512,8375,16.357422
14366,512,2041,3.986328
14367,512,2042,3.988281
14368,512,2167,4.232422
14369,512,2083,4.068359
14370,512,1958,3.824219
14371,512,1959,3.826172
14372,512,1916,3.742188
14373,512,2042,3.988281
14374,512,2000,3.906250
14375,512,2125,4.150391
14376,512,2500,4.882812
14377,512,2791,5.451172
14378,512,2542,4.964844
14379,512,2584,5.046875
14380,512,2459,4.802734
14381,512,2667,5.208984
14382,512,2750,5.371094
14383,512,2541,4.962891
14384,512,2834,5.535156
14385,512,2583,5.044922
14386,512,2500,4.882812
14387,512,2625,5.126953
14388,512,2709,5.291016
14389,512,2625,5.126953
14390,512,2625,5.126953
14391,512,2791,5.451172
14392,512,2667,5.208984
14393,512,2708,5.289062
14394,512,2709,5.291016
14395,512,2750,5.371094
14396,512,2458,4.800781
14397,512,15667,30.599609
14398,512,2084,4.070312
14399,512,2125,4.150391
14400,512,2000,3.906250
14401,512,1958,3.824219
14402,512,2042,3.988281
14403,512,2209,4.314453
14404,512,1958,3.824219
14405,512,2000,3.906250
14406,512,2125,4.150391
14407,512,2000,3.906250
14408,512,2084,4.070312
14409,512,2083,4.068359
14410,512,2083,4.068359
14411,512,2041,3.986328
14412,512,2042,3.988281
14413,512,2125,4.150391
14414,512,1917,3.744141
14415,512,2041,3.986328
14416,512,2000,3.906250
14417,512,2000,3.906250
14418,512,1959,3.826172
14419,512,1958,3.824219
14420,512,1958,3.824219
14421,512,1958,3.824219
14422,512,2000,3.906250
14423,512,2041,3.986328
14424,512,2000,3.906250
14425,512,2000,3.906250
14426,512,2000,3.906250
14427,512,2041,3.986328
14428,512,1958,3.824219
14429,512,2167,4.232422
14430,512,2167,4.232422
14431,512,1917,3.744141
14432,512,2125,4.150391
14433,512,2000,3.906250
14434,512,2042,3.988281
14435,512,2083,4.068359
14436,512,2000,3.906250
14437,512,2042,3.988281
14438,512,2000,3.906250
14439,512,2000,3.906250
14440,512,1959,3.826172
14441,512,2000,3.906250
14442,512,2084,4.070312
14443,512,2041,3.986328
14444,512,1958,3.824219
14445,512,2042,3.988281
14446,512,2000,3.906250
14447,512,1958,3.824219
14448,512,2125,4.150391
14449,512,2000,3.906250
14450,512,1958,3.824219
14451,512,1958,3.824219
14452,512,2000,3.906250
14453,512,2083,4.068359
14454,512,2084,4.070312
14455,512,2125,4.150391
14456,512,2000,3.906250
14457,512,2042,3.988281
14458,512,1958,3.824219
14459,512,2084,4.070312
14460,512,1917,3.744141
14461,512,2000,3.906250
14462,512,2000,3.906250
14463,512,2000,3.906250
14464,512,2125,4.150391
14465,512,1958,3.824219
14466,512,1958,3.824219
14467,512,2000,3.906250
14468,512,2000,3.906250
14469,512,1958,3.824219
14470,512,2042,3.988281
14471,512,2042,3.988281
14472,512,2000,3.906250
14473,512,2000,3.906250
14474,512,1916,3.742188
14475,512,1959,3.826172
14476,512,2000,3.906250
14477,512,1917,3.744141
14478,512,2000,3.906250
14479,512,1958,3.824219
14480,512,2167,4.232422
14481,512,2000,3.906250
14482,512,1917,3.744141
14483,512,2000,3.906250
14484,512,2083,4.068359
14485,512,2042,3.988281
14486,512,2000,3.906250
14487,512,1917,3.744141
14488,512,2000,3.906250
14489,512,2041,3.986328
14490,512,1959,3.826172
14491,512,2084,4.070312
14492,512,2042,3.988281
14493,512,2000,3.906250
14494,512,2042,3.988281
14495,512,2000,3.906250
14496,512,2042,3.988281
14497,512,1917,3.744141
14498,512,2041,3.986328
14499,512,2042,3.988281
14500,512,2000,3.906250
14501,512,1916,3.742188
14502,512,2042,3.988281
14503,512,1958,3.824219
14504,512,2083,4.068359
14505,512,1875,3.662109
14506,512,2000,3.906250
14507,512,2083,4.068359
14508,512,2041,3.986328
14509,512,2125,4.150391
14510,512,1959,3.826172
14511,512,2041,3.986328
14512,512,2042,3.988281
14513,512,2041,3.986328
14514,512,2042,3.988281
14515,512,2084,4.070312
14516,512,2041,3.986328
14517,512,2084,4.070312
14518,512,2083,4.068359
14519,512,2000,3.906250
14520,512,2042,3.988281
14521,512,1959,3.826172
14522,512,2041,3.986328
14523,512,1917,3.744141
14524,512,2000,3.906250
14525,512,1917,3.744141
14526,512,2042,3.988281
14527,512,1959,3.826172
14528,512,2000,3.906250
14529,512,2042,3.988281
14530,512,2083,4.068359
14531,512,2000,3.906250
14532,512,2083,4.068359
14533,512,2042,3.988281
14534,512,2084,4.070312
14535,512,2041,3.986328
14536,512,1958,3.824219
14537,512,2000,3.906250
14538,512,2042,3.988281
14539,512,2041,3.986328
14540,512,1959,3.826172
14541,512,2000,3.906250
14542,512,1958,3.824219
14543,512,2083,4.068359
14544,512,2042,3.988281
14545,512,2083,4.068359
14546,512,2000,3.906250
14547,512,2000,3.906250
14548,512,2083,4.068359
14549,512,2000,3.906250
14550,512,2042,3.988281
14551,512,1959,3.826172
14552,512,1959,3.826172
14553,512,2041,3.986328
14554,512,2000,3.906250
14555,512,1958,3.824219
14556,512,2042,3.988281
14557,512,1958,3.824219
14558,512,2000,3.906250
14559,512,2041,3.986328
14560,512,1958,3.824219
14561,512,2042,3.988281
14562,512,2000,3.906250
14563,512,2042,3.988281
14564,512,2000,3.906250
14565,512,2042,3.988281
14566,512,2083,4.068359
14567,512,2000,3.906250
14568,512,2042,3.988281
14569,512,1958,3.824219
14570,512,2000,3.906250
14571,512,1916,3.742188
14572,512,2042,3.988281
14573,512,1958,3.824219
14574,512,1958,3.824219
14575,512,1917,3.744141
14576,512,2083,4.068359
14577,512,2000,3.906250
14578,512,2041,3.986328
14579,512,2042,3.988281
14580,512,2000,3.906250
14581,512,1959,3.826172
14582,512,2041,3.986328
14583,512,2000,3.906250
14584,512,2000,3.906250
14585,512,2000,3.906250
14586,512,2041,3.986328
14587,512,2042,3.988281
14588,512,2000,3.906250
14589,512,1958,3.824219
14590,512,2083,4.068359
14591,512,2084,4.070312
14592,512,2041,3.986328
14593,512,2042,3.988281
14594,512,2125,4.150391
14595,512,1917,3.744141
14596,512,1958,3.824219
14597,512,2042,3.988281
14598,512,2041,3.986328
14599,512,2000,3.906250
14600,512,2000,3.906250
14601,512,2042,3.988281
14602,512,2083,4.068359
14603,512,2042,3.988281
14604,512,1917,3.744141
14605,512,2042,3.988281
14606,512,2000,3.906250
14607,512,2125,4.150391
14608,512,1917,3.744141
14609,512,2041,3.986328
14610,512,2000,3.906250
14611,512,2000,3.906250
14612,512,1916,3.742188
14613,512,2000,3.906250
14614,512,2042,3.988281
14615,512,2000,3.906250
14616,512,1916,3.742188
14617,512,2042,3.988281
14618,512,2083,4.068359
14619,512,2000,3.906250
14620,512,2000,3.906250
14621,512,2041,3.986328
14622,512,2042,3.988281
14623,512,1917,3.744141
14624,512,2041,3.986328
14625,512,1959,3.826172
14626,512,1959,3.826172
14627,512,2000,3.906250
14628,512,1917,3.744141
14629,512,1958,3.824219
14630,512,2041,3.986328
14631,512,2042,3.988281
14632,512,2000,3.906250
14633,512,2000,3.906250
14634,512,2000,3.906250
14635,512,2042,3.988281
14636,512,2042,3.988281
14637,512,2166,4.230469
14638,512,2084,4.070312
14639,512,2041,3.986328
14640,512,2209,4.314453
14641,512,2500,4.882812
14642,512,2750,5.371094
14643,512,2584,5.046875
14644,512,2583,5.044922
14645,512,2500,4.882812
14646,512,2500,4.882812
14647,512,2416,4.718750
14648,512,2375,4.638672
14649,512,2083,4.068359
14650,512,2209,4.314453
14651,512,2041,3.986328
14652,512,2084,4.070312
14653,512,2166,4.230469
14654,512,2000,3.906250
14655,512,2334,4.558594
14656,512,2208,4.312500
14657,512,2041,3.986328
14658,512,2000,3.906250
14659,512,1916,3.742188
14660,512,2042,3.988281
14661,512,2000,3.906250
14662,512,1959,3.826172
14663,512,1959,3.826172
14664,512,1958,3.824219
14665,512,2000,3.906250
14666,512,1958,3.824219
14667,512,2041,3.986328
14668,512,2000,3.906250
14669,512,2125,4.150391
14670,512,2125,4.150391
14671,512,2042,3.988281
14672,512,2042,3.988281
14673,512,2000,3.906250
14674,512,2166,4.230469
14675,512,1959,3.826172
14676,512,2084,4.070312
14677,512,2000,3.906250
14678,512,2166,4.230469
14679,512,2000,3.906250
14680,512,2000,3.906250
14681,512,2041,3.986328
14682,512,2083,4.068359
14683,512,2084,4.070312
14684,512,2167,4.232422
14685,512,2125,4.150391
14686,512,2083,4.068359
14687,512,1958,3.824219
14688,512,1917,3.744141
14689,512,2042,3.988281
14690,512,2083,4.068359
14691,512,1958,3.824219
14692,512,2000,3.906250
14693,512,2000,3.906250
14694,512,2042,3.988281
14695,512,2041,3.986328
14696,512,2000,3.906250
14697,512,2084,4.070312
14698,512,2125,4.150391
14699,512,2083,4.068359
14700,512,2041,3.986328
14701,512,2125,4.150391
14702,512,2000,3.906250
14703,512,2000,3.906250
14704,512,2000,3.906250
14705,512,2000,3.906250
14706,512,2000,3.906250
14707,512,2042,3.988281
14708,512,2000,3.906250
14709,512,2041,3.986328
14710,512,1958,3.824219
14711,512,2042,3.988281
14712,512,2083,4.068359
14713,512,2084,4.070312
14714,512,1916,3.742188
14715,512,2000,3.906250
14716,512,2000,3.906250
14717,512,2000,3.906250
14718,512,2083,4.068359
14719,512,2084,4.070312
14720,512,2292,4.476562
14721,512,2125,4.150391
14722,512,1958,3.824219
14723,512,2000,3.906250
14724,512,1958,3.824219
14725,512,2042,3.988281
14726,512,1958,3.824219
14727,512,2000,3.906250
14728,512,2000,3.906250
14729,512,2084,4.070312
14730,512,2000,3.906250
14731,512,2000,3.906250
14732,512,2042,3.988281
14733,512,2000,3.906250
14734,512,1916,3.742188
14735,512,1958,3.824219
14736,512,1959,3.826172
14737,512,2041,3.986328
14738,512,2042,3.988281
14739,512,2083,4.068359
14740,512,2084,4.070312
14741,512,2041,3.986328
14742,512,2000,3.906250
14743,512,1958,3.824219
14744,512,2083,4.068359
14745,512,2083,4.068359
14746,512,2000,3.906250
14747,512,2000,3.906250
14748,512,2042,3.988281
14749,512,2041,3.986328
14750,512,2042,3.988281
14751,512,1917,3.744141
14752,512,2000,3.906250
14753,512,1958,3.824219
14754,512,2084,4.070312
14755,512,2000,3.906250
14756,512,2083,4.068359
14757,512,2083,4.068359
14758,512,2042,3.988281
14759,512,2042,3.988281
14760,512,2083,4.068359
14761,512,1958,3.824219
14762,512,1958,3.824219
14763,512,2042,3.988281
14764,512,2000,3.906250
14765,512,1958,3.824219
14766,512,1958,3.824219
14767,512,1916,3.742188
14768,512,1958,3.824219
14769,512,2000,3.906250
14770,512,2084,4.070312
14771,512,1959,3.826172
14772,512,2083,4.068359
14773,512,2042,3.988281
14774,512,2125,4.150391
14775,512,1959,3.826172
14776,512,2041,3.986328
14777,512,2000,3.906250
14778,512,2042,3.988281
14779,512,2000,3.906250
14780,512,2000,3.906250
14781,512,2000,3.906250
14782,512,2000,3.906250
14783,512,2041,3.986328
14784,512,2000,3.906250
14785,512,2084,4.070312
14786,512,2084,4.070312
14787,512,2083,4.068359
14788,512,1917,3.744141
14789,512,2041,3.986328
14790,512,1958,3.824219
14791,512,1958,3.824219
14792,512,2042,3.988281
14793,512,1958,3.824219
14794,512,2000,3.906250
14795,512,2042,3.988281
14796,512,1958,3.824219
14797,512,1958,3.824219
14798,512,2000,3.906250
14799,512,1958,3.824219
14800,512,2000,3.906250
14801,512,2084,4.070312
14802,512,2041,3.986328
14803,512,1917,3.744141
14804,512,2000,3.906250
14805,512,2041,3.986328
14806,512,2042,3.988281
14807,512,2000,3.906250
14808,512,1958,3.824219
14809,512,2084,4.070312
14810,512,1958,3.824219
14811,512,1958,3.824219
14812,512,2000,3.906250
14813,512,2041,3.986328
14814,512,2042,3.988281
14815,512,1958,3.824219
14816,512,1917,3.744141
14817,512,1959,3.826172
14818,512,2041,3.986328
14819,512,2042,3.988281
14820,512,2083,4.068359
14821,512,2000,3.906250
14822,512,2084,4.070312
14823,512,2000,3.906250
14824,512,2042,3.988281
14825,512,2000,3.906250
14826,512,2042,3.988281
14827,512,2000,3.906250
14828,512,2041,3.986328
14829,512,2125,4.150391
14830,512,2125,4.150391
14831,512,2042,3.988281
14832,512,1958,3.824219
14833,512,2042,3.988281
14834,512,1959,3.826172
14835,512,2083,4.068359
14836,512,2000,3.906250
14837,512,2042,3.988281
14838,512,2083,4.068359
14839,512,2125,4.150391
14840,512,2083,4.068359
14841,512,2125,4.150391
14842,512,2125,4.150391
14843,512,2083,4.068359
14844,512,2083,4.068359
14845,512,2084,4.070312
14846,512,2083,4.068359
14847,512,2083,4.068359
14848,512,2084,4.070312
14849,512,2125,4.150391
14850,512,2166,4.230469
14851,512,2042,3.988281
14852,512,2083,4.068359
14853,512,2042,3.988281
14854,512,1958,3.824219
14855,512,2042,3.988281
14856,512,2000,3.906250
14857,512,2000,3.906250
14858,512,2000,3.906250
14859,512,1958,3.824219
14860,512,2000,3.906250
14861,512,2042,3.988281
14862,512,2000,3.906250
14863,512,2000,3.906250
14864,512,2000,3.906250
14865,512,2000,3.906250
14866,512,2083,4.068359
14867,512,2083,4.068359
14868,512,2042,3.988281
14869,512,1958,3.824219
14870,512,2042,3.988281
14871,512,2083,4.068359
14872,512,2083,4.068359
14873,512,2042,3.988281
14874,512,1917,3.744141
14875,512,2041,3.986328
14876,512,1958,3.824219
14877,512,2083,4.068359
14878,512,1959,3.826172
14879,512,2042,3.988281
14880,512,2000,3.906250
14881,512,1958,3.824219
14882,512,1958,3.824219
14883,512,1917,3.744141
14884,512,2041,3.986328
14885,512,2042,3.988281
14886,512,2000,3.906250
14887,512,2042,3.988281
14888,512,1958,3.824219
14889,512,2000,3.906250
14890,512,1959,3.826172
14891,512,2000,3.906250
14892,512,1916,3.742188
14893,512,1958,3.824219
14894,512,1917,3.744141
14895,512,2083,4.068359
14896,512,2042,3.988281
14897,512,2000,3.906250
14898,512,2000,3.906250
14899,512,2000,3.906250
14900,512,2000,3.906250
14901,512,1917,3.744141
14902,512,2000,3.906250
14903,512,2042,3.988281
14904,512,2000,3.906250
14905,512,2125,4.150391
14906,512,2083,4.068359
14907,512,1958,3.824219
14908,512,2083,4.068359
14909,512,2000,3.906250
14910,512,2042,3.988281
14911,512,2041,3.986328
14912,512,2000,3.906250
14913,512,2042,3.988281
14914,512,2042,3.988281
14915,512,2083,4.068359
14916,512,2000,3.906250
14917,512,2041,3.986328
14918,512,2042,3.988281
14919,512,2083,4.068359
14920,512,1916,3.742188
14921,512,2000,3.906250
14922,512,2083,4.068359
14923,512,2084,4.070312
14924,512,2000,3.906250
14925,512,2084,4.070312
14926,512,2041,3.986328
14927,512,1917,3.744141
14928,512,2042,3.988281
14929,512,2000,3.906250
14930,512,2042,3.988281
14931,512,2000,3.906250
14932,512,2041,3.986328
14933,512,1958,3.824219
14934,512,2000,3.906250
14935,512,2042,3.988281
14936,512,2083,4.068359
14937,512,1958,3.824219
14938,512,1958,3.824219
14939,512,2000,3.906250
14940,512,2000,3.906250
14941,512,2083,4.068359
14942,512,2083,4.068359
14943,512,2084,4.070312
14944,512,2041,3.986328
14945,512,1958,3.824219
14946,512,2042,3.988281
14947,512,1875,3.662109
14948,512,1958,3.824219
14949,512,1958,3.824219
14950,512,1958,3.824219
14951,512,2000,3.906250
14952,512,1916,3.742188
14953,512,2000,3.906250
14954,512,2042,3.988281
14955,512,2041,3.986328
14956,512,2042,3.988281
14957,512,2000,3.906250
14958,512,2041,3.986328
14959,512,2042,3.988281
14960,512,2000,3.906250
14961,512,2125,4.150391
14962,512,2041,3.986328
14963,512,2042,3.988281
14964,512,1958,3.824219
14965,512,2042,3.988281
14966,512,2041,3.986328
14967,512,1958,3.824219
14968,512,1917,3.744141
14969,512,2083,4.068359
14970,512,2000,3.906250
14971,512,1916,3.742188
14972,512,2084,4.070312
14973,512,1959,3.826172
14974,512,2042,3.988281
14975,512,2000,3.906250
14976,512,2208,4.312500
14977,512,2000,3.906250
14978,512,1959,3.826172
14979,512,1916,3.742188
14980,512,2042,3.988281
14981,512,1958,3.824219
14982,512,2000,3.906250
14983,512,2000,3.906250
14984,512,2000,3.906250
14985,512,2042,3.988281
14986,512,1958,3.824219
14987,512,1958,3.824219
14988,512,1959,3.826172
14989,512,2084,4.070312
14990,512,2041,3.986328
14991,512,2042,3.988281
14992,512,2000,3.906250
14993,512,2000,3.906250
14994,512,2000,3.906250
14995,512,1959,3.826172
14996,512,2042,3.988281
14997,512,2000,3.906250
14998,512,2083,4.068359
14999,512,2042,3.988281
15000,512,2000,3.906250
15001,512,2083,4.068359
15002,512,2000,3.906250
15003,512,2000,3.906250
15004,512,1917,3.744141
15005,512,2000,3.906250
15006,512,2000,3.906250
15007,512,2042,3.988281
15008,512,2042,3.988281
15009,512,1916,3.742188
15010,512,2000,3.906250
15011,512,2041,3.986328
15012,512,2042,3.988281
15013,512,2000,3.906250
15014,512,2041,3.986328
15015,512,2000,3.906250
15016,512,2167,4.232422
15017,512,2041,3.986328
15018,512,1917,3.744141
15019,512,1958,3.824219
15020,512,2083,4.068359
15021,512,2042,3.988281
15022,512,2041,3.986328
15023,512,2125,4.150391
15024,512,1959,3.826172
15025,512,1916,3.742188
15026,512,2000,3.906250
15027,512,1958,3.824219
15028,512,1958,3.824219
15029,512,1959,3.826172
15030,512,1959,3.826172
15031,512,1917,3.744141
15032,512,1875,3.662109
15033,512,2000,3.906250
15034,512,2000,3.906250
15035,512,2041,3.986328
15036,512,2000,3.906250
15037,512,2084,4.070312
15038,512,2041,3.986328
15039,512,2042,3.988281
15040,512,2041,3.986328
15041,512,1959,3.826172
15042,512,2084,4.070312
15043,512,1917,3.744141
15044,512,1958,3.824219
15045,512,2125,4.150391
15046,512,2041,3.986328
15047,512,1958,3.824219
15048,512,2083,4.068359
15049,512,1959,3.826172
15050,512,2083,4.068359
15051,512,2042,3.988281
15052,512,2042,3.988281
15053,512,2125,4.150391
15054,512,2083,4.068359
15055,512,1958,3.824219
15056,512,1917,3.744141
15057,512,2042,3.988281
15058,512,1958,3.824219
15059,512,2000,3.906250
15060,512,2000,3.906250
15061,512,2125,4.150391
15062,512,2042,3.988281
15063,512,2083,4.068359
15064,512,2042,3.988281
15065,512,2000,3.906250
15066,512,1959,3.826172
15067,512,1959,3.826172
15068,512,2041,3.986328
15069,512,2000,3.906250
15070,512,2041,3.986328
15071,512,1959,3.826172
15072,512,2000,3.906250
15073,512,2000,3.906250
15074,512,2000,3.906250
15075,512,2083,4.068359
15076,512,2000,3.906250
15077,512,2042,3.988281
15078,512,2041,3.986328
15079,512,2042,3.988281
15080,512,2042,3.988281
15081,512,2125,4.150391
15082,512,1959,3.826172
15083,512,2000,3.906250
15084,512,1958,3.824219
15085,512,1959,3.826172
15086,512,2208,4.312500
15087,512,2083,4.068359
15088,512,2000,3.906250
15089,512,2000,3.906250
15090,512,2084,4.070312
15091,512,1959,3.826172
15092,512,2041,3.986328
15093,512,1959,3.826172
15094,512,2000,3.906250
15095,512,1958,3.824219
15096,512,1916,3.742188
15097,512,2042,3.988281
15098,512,1958,3.824219
15099,512,2000,3.906250
15100,512,1958,3.824219
15101,512,2000,3.906250
15102,512,2000,3.906250
15103,512,1958,3.824219
15104,512,2042,3.988281
15105,512,2083,4.068359
15106,512,2084,4.070312
15107,512,2042,3.988281
15108,512,2000,3.906250
15109,512,2083,4.068359
15110,512,1916,3.742188
15111,512,2292,4.476562
15112,512,2042,3.988281
15113,512,2041,3.986328
15114,512,2042,3.988281
15115,512,2125,4.150391
15116,512,2042,3.988281
15117,512,2125,4.150391
15118,512,2167,4.232422
15119,512,2000,3.906250
15120,512,1958,3.824219
15121,512,1958,3.824219
15122,512,2000,3.906250
15123,512,2042,3.988281
15124,512,1958,3.824219
15125,512,2000,3.906250
15126,512,2041,3.986328
15127,512,2042,3.988281
15128,512,2042,3.988281
15129,512,2041,3.986328
15130,512,2000,3.906250
15131,512,2042,3.988281
15132,512,2042,3.988281
15133,512,1958,3.824219
15134,512,2000,3.906250
15135,512,1959,3.826172
15136,512,2000,3.906250
15137,512,1959,3.826172
15138,512,2125,4.150391
15139,512,2041,3.986328
15140,512,2000,3.906250
15141,512,2042,3.988281
15142,512,2041,3.986328
15143,512,2042,3.988281
15144,512,2041,3.986328
15145,512,1959,3.826172
15146,512,1958,3.824219
15147,512,2041,3.986328
15148,512,2042,3.988281
15149,512,2083,4.068359
15150,512,2042,3.988281
15151,512,2083,4.068359
15152,512,2083,4.068359
15153,512,2042,3.988281
15154,512,2125,4.150391
15155,512,2042,3.988281
15156,512,2000,3.906250
15157,512,1917,3.744141
15158,512,1958,3.824219
15159,512,2041,3.986328
15160,512,2084,4.070312
15161,512,2083,4.068359
15162,512,2000,3.906250
15163,512,2041,3.986328
15164,512,2042,3.988281
15165,512,2125,4.150391
15166,512,2084,4.070312
15167,512,2000,3.906250
15168,512,2000,3.906250
15169,512,2000,3.906250
15170,512,1958,3.824219
15171,512,2125,4.150391
15172,512,1917,3.744141
15173,512,1959,3.826172
15174,512,1959,3.826172
15175,512,2041,3.986328
15176,512,1917,3.744141
15177,512,1959,3.826172
15178,512,2000,3.906250
15179,512,2041,3.986328
15180,512,2042,3.988281
15181,512,1958,3.824219
15182,512,2000,3.906250
15183,512,2000,3.906250
15184,512,2000,3.906250
15185,512,2042,3.988281
15186,512,2041,3.986328
15187,512,1958,3.824219
15188,512,2000,3.906250
15189,512,1958,3.824219
15190,512,2000,3.906250
15191,512,1917,3.744141
15192,512,1958,3.824219
15193,512,2042,3.988281
15194,512,2042,3.988281
15195,512,2041,3.986328
15196,512,2042,3.988281
15197,512,2041,3.986328
15198,512,2042,3.988281
15199,512,2208,4.312500
15200,512,2042,3.988281
15201,512,2000,3.906250
15202,512,2084,4.070312
15203,512,2000,3.906250
15204,512,2041,3.986328
15205,512,1917,3.744141
15206,512,2000,3.906250
15207,512,2000,3.906250
15208,512,2042,3.988281
15209,512,1958,3.824219
15210,512,2083,4.068359
15211,512,2083,4.068359
15212,512,1958,3.824219
15213,512,2084,4.070312
15214,512,2041,3.986328
15215,512,2084,4.070312
15216,512,2000,3.906250
15217,512,2042,3.988281
15218,512,2000,3.906250
15219,512,1958,3.824219
15220,512,2042,3.988281
15221,512,2041,3.986328
15222,512,2042,3.988281
15223,512,2083,4.068359
15224,512,2042,3.988281
15225,512,1958,3.824219
15226,512,2042,3.988281
15227,512,2125,4.150391
15228,512,2042,3.988281
15229,512,2000,3.906250
15230,512,2042,3.988281
15231,512,1958,3.824219
15232,512,2292,4.476562
15233,512,2000,3.906250
15234,512,2000,3.906250
15235,512,2000,3.906250
15236,512,2084,4.070312
15237,512,2083,4.068359
15238,512,1958,3.824219
15239,512,1917,3.744141
15240,512,2084,4.070312
15241,512,1959,3.826172
15242,512,2000,3.906250
15243,512,2000,3.906250
15244,512,2042,3.988281
15245,512,2083,4.068359
15246,512,1958,3.824219
15247,512,2084,4.070312
15248,512,2083,4.068359
15249,512,2000,3.906250
15250,512,2083,4.068359
15251,512,2000,3.906250
15252,512,2084,4.070312
15253,512,1875,3.662109
15254,512,1917,3.744141
15255,512,2000,3.906250
15256,512,1958,3.824219
15257,512,2000,3.906250
15258,512,2000,3.906250
15259,512,2041,3.986328
15260,512,2000,3.906250
15261,512,2042,3.988281
15262,512,1916,3.742188
15263,512,2000,3.906250
15264,512,2083,4.068359
15265,512,2000,3.906250
15266,512,1958,3.824219
15267,512,2000,3.906250
15268,512,1958,3.824219
15269,512,2000,3.906250
15270,512,1958,3.824219
15271,512,1917,3.744141
15272,512,2000,3.906250
15273,512,2083,4.068359
15274,512,1958,3.824219
15275,512,1958,3.824219
15276,512,2041,3.986328
15277,512,2000,3.906250
15278,512,2000,3.906250
15279,512,2000,3.906250
15280,512,2042,3.988281
15281,512,2000,3.906250
15282,512,2000,3.906250
15283,512,2000,3.906250
15284,512,2041,3.986328
15285,512,2000,3.906250
15286,512,1917,3.744141
15287,512,1875,3.662109
15288,512,2125,4.150391
15289,512,2000,3.906250
15290,512,2000,3.906250
15291,512,2041,3.986328
15292,512,2084,4.070312
15293,512,2083,4.068359
15294,512,2042,3.988281
15295,512,2000,3.906250
15296,512,2000,3.906250
15297,512,1958,3.824219
15298,512,1958,3.824219
15299,512,2083,4.068359
15300,512,1959,3.826172
15301,512,2042,3.988281
15302,512,2083,4.068359
15303,512,2042,3.988281
15304,512,2083,4.068359
15305,512,2000,3.906250
15306,512,2167,4.232422
15307,512,2041,3.986328
15308,512,1958,3.824219
15309,512,2042,3.988281
15310,512,2125,4.150391
15311,512,2083,4.068359
15312,512,1958,3.824219
15313,512,1958,3.824219
15314,512,2042,3.988281
15315,512,2000,3.906250
15316,512,2083,4.068359
15317,512,1958,3.824219
15318,512,2000,3.906250
15319,512,2083,4.068359
15320,512,2000,3.906250
15321,512,2000,3.906250
15322,512,2000,3.906250
15323,512,1958,3.824219
15324,512,1875,3.662109
15325,512,2042,3.988281
15326,512,2125,4.150391
15327,512,1959,3.826172
15328,512,2041,3.986328
15329,512,2084,4.070312
15330,512,2041,3.986328
15331,512,2000,3.906250
15332,512,2000,3.906250
15333,512,1916,3.742188
15334,512,2000,3.906250
15335,512,2042,3.988281
15336,512,1958,3.824219
15337,512,2000,3.906250
15338,512,2042,3.988281
15339,512,1958,3.824219
15340,512,1958,3.824219
15341,512,2042,3.988281
15342,512,2083,4.068359
15343,512,2042,3.988281
15344,512,1958,3.824219
15345,512,2000,3.906250
15346,512,2042,3.988281
15347,512,1959,3.826172
15348,512,2000,3.906250
15349,512,2125,4.150391
15350,512,2042,3.988281
15351,512,2042,3.988281
15352,512,2084,4.070312
15353,512,2041,3.986328
15354,512,2084,4.070312
15355,512,1917,3.744141
15356,512,2208,4.312500
15357,512,1875,3.662109
15358,512,2000,3.906250
15359,512,2041,3.986328
15360,512,2042,3.988281
15361,512,2125,4.150391
15362,512,2083,4.068359
15363,512,2000,3.906250
15364,512,2000,3.906250
15365,512,2041,3.986328
15366,512,2167,4.232422
15367,512,2000,3.906250
15368,512,2041,3.986328
15369,512,1958,3.824219
15370,512,2000,3.906250
15371,512,2000,3.906250
15372,512,1917,3.744141
15373,512,2000,3.906250
15374,512,1875,3.662109
15375,512,2041,3.986328
15376,512,2042,3.988281
15377,512,2125,4.150391
15378,512,2125,4.150391
15379,512,2000,3.906250
15380,512,1916,3.742188
15381,512,2000,3.906250
15382,512,2083,4.068359
15383,512,2042,3.988281
15384,512,2042,3.988281
15385,512,2125,4.150391
15386,512,2041,3.986328
15387,512,2000,3.906250
15388,512,2042,3.988281
15389,512,2042,3.988281
15390,512,2000,3.906250
15391,512,2042,3.988281
15392,512,2000,3.906250
15393,512,2041,3.986328
15394,512,2042,3.988281
15395,512,2041,3.986328
15396,512,2042,3.988281
15397,512,2042,3.988281
15398,512,1959,3.826172
15399,512,2000,3.906250
15400,512,2041,3.986328
15401,512,2042,3.988281
15402,512,2125,4.150391
15403,512,2041,3.986328
15404,512,2000,3.906250
15405,512,1958,3.824219
15406,512,1958,3.824219
15407,512,2084,4.070312
15408,512,2000,3.906250
15409,512,2000,3.906250
15410,512,2000,3.906250
15411,512,2125,4.150391
15412,512,2042,3.988281
15413,512,2042,3.988281
15414,512,1958,3.824219
15415,512,1958,3.824219
15416,512,2083,4.068359
15417,512,2084,4.070312
15418,512,2000,3.906250
15419,512,2083,4.068359
15420,512,2083,4.068359
15421,512,2042,3.988281
15422,512,2041,3.986328
15423,512,2084,4.070312
15424,512,2041,3.986328
15425,512,2000,3.906250
15426,512,2000,3.906250
15427,512,2000,3.906250
15428,512,2000,3.906250
15429,512,2083,4.068359
15430,512,2083,4.068359
15431,512,2125,4.150391
15432,512,1959,3.826172
15433,512,2125,4.150391
15434,512,2000,3.906250
15435,512,2000,3.906250
15436,512,2000,3.906250
15437,512,2000,3.906250
15438,512,2041,3.986328
15439,512,2042,3.988281
15440,512,1916,3.742188
15441,512,2000,3.906250
15442,512,2042,3.988281
15443,512,1958,3.824219
15444,512,2000,3.906250
15445,512,2000,3.906250
15446,512,2083,4.068359
15447,512,2041,3.986328
15448,512,2000,3.906250
15449,512,2042,3.988281
15450,512,1959,3.826172
15451,512,2041,3.986328
15452,512,2000,3.906250
15453,512,2083,4.068359
15454,512,2000,3.906250
15455,512,2042,3.988281
15456,512,2000,3.906250
15457,512,2000,3.906250
15458,512,2000,3.906250
15459,512,2042,3.988281
15460,512,2041,3.986328
15461,512,2042,3.988281
15462,512,2041,3.986328
15463,512,2000,3.906250
15464,512,2000,3.906250
15465,512,2084,4.070312
15466,512,2125,4.150391
15467,512,2000,3.906250
15468,512,1917,3.744141
15469,512,1958,3.824219
15470,512,1916,3.742188
15471,512,2042,3.988281
15472,512,2000,3.906250
15473,512,2042,3.988281
15474,512,2042,3.988281
15475,512,1959,3.826172
15476,512,2083,4.068359
15477,512,2125,4.150391
15478,512,2125,4.150391
15479,512,1959,3.826172
15480,512,2083,4.068359
15481,512,2000,3.906250
15482,512,2125,4.150391
15483,512,2042,3.988281
15484,512,2041,3.986328
15485,512,2042,3.988281
15486,512,2041,3.986328
15487,512,2084,4.070312
15488,512,2375,4.638672
15489,512,1959,3.826172
15490,512,2041,3.986328
15491,512,2000,3.906250
15492,512,1958,3.824219
15493,512,1875,3.662109
15494,512,1917,3.744141
15495,512,2083,4.068359
15496,512,2042,3.988281
15497,512,1959,3.826172
15498,512,2042,3.988281
15499,512,1958,3.824219
15500,512,2000,3.906250
15501,512,2000,3.906250
15502,512,2000,3.906250
15503,512,1916,3.742188
15504,512,1959,3.826172
15505,512,2041,3.986328
15506,512,1959,3.826172
15507,512,1916,3.742188
15508,512,2042,3.988281
15509,512,1959,3.826172
15510,512,2083,4.068359
15511,512,2000,3.906250
15512,512,2042,3.988281
15513,512,2083,4.068359
15514,512,1958,3.824219
15515,512,2083,4.068359
15516,512,2042,3.988281
15517,512,1875,3.662109
15518,512,2000,3.906250
15519,512,2125,4.150391
15520,512,2000,3.906250
15521,512,2042,3.988281
15522,512,2000,3.906250
15523,512,2041,3.986328
15524,512,2000,3.906250
15525,512,2000,3.906250
15526,512,2000,3.906250
15527,512,2041,3.986328
15528,512,2000,3.906250
15529,512,2000,3.906250
15530,512,2125,4.150391
15531,512,1959,3.826172
15532,512,2083,4.068359
15533,512,2000,3.906250
15534,512,2041,3.986328
15535,512,2042,3.988281
15536,512,2083,4.068359
15537,512,1958,3.824219
15538,512,2084,4.070312
15539,512,2041,3.986328
15540,512,2042,3.988281
15541,512,2042,3.988281
15542,512,2000,3.906250
15543,512,2000,3.906250
15544,512,2000,3.906250
15545,512,2125,4.150391
15546,512,2000,3.906250
15547,512,2041,3.986328
15548,512,2042,3.988281
15549,512,2042,3.988281
15550,512,2084,4.070312
15551,512,2000,3.906250
15552,512,1875,3.662109
15553,512,1958,3.824219
15554,512,2042,3.988281
15555,512,2125,4.150391
15556,512,2000,3.906250
15557,512,2000,3.906250
15558,512,2042,3.988281
15559,512,1958,3.824219
15560,512,2000,3.906250
15561,512,2125,4.150391
15562,512,2000,3.906250
15563,512,2083,4.068359
15564,512,2042,3.988281
15565,512,2000,3.906250
15566,512,2083,4.068359
15567,512,2083,4.068359
15568,512,2000,3.906250
15569,512,2000,3.906250
15570,512,2000,3.906250
15571,512,2041,3.986328
15572,512,1959,3.826172
15573,512,2000,3.906250
15574,512,2000,3.906250
15575,512,2000,3.906250
15576,512,1959,3.826172
15577,512,2083,4.068359
15578,512,2000,3.906250
15579,512,2042,3.988281
15580,512,2000,3.906250
15581,512,2125,4.150391
15582,512,1959,3.826172
15583,512,1959,3.826172
15584,512,2041,3.986328
15585,512,2084,4.070312
15586,512,2083,4.068359
15587,512,1916,3.742188
15588,512,1958,3.824219
15589,512,2000,3.906250
15590,512,2041,3.986328
15591,512,2042,3.988281
15592,512,2083,4.068359
15593,512,1959,3.826172
15594,512,2000,3.906250
15595,512,2042,3.988281
15596,512,2041,3.986328
15597,512,2042,3.988281
15598,512,2083,4.068359
15599,512,2084,4.070312
15600,512,1916,3.742188
15601,512,2000,3.906250
15602,512,2000,3.906250
15603,512,2000,3.906250
15604,512,2000,3.906250
15605,512,2042,3.988281
15606,512,2083,4.068359
15607,512,2167,4.232422
15608,512,1958,3.824219
15609,512,2000,3.906250
15610,512,2000,3.906250
15611,512,2083,4.068359
15612,512,2042,3.988281
15613,512,1958,3.824219
15614,512,2042,3.988281
15615,512,2083,4.068359
15616,512,1958,3.824219
15617,512,2000,3.906250
15618,512,1958,3.824219
15619,512,1958,3.824219
15620,512,2000,3.906250
15621,512,2083,4.068359
15622,512,2083,4.068359
15623,512,1959,3.826172
15624,512,2042,3.988281
15625,512,2125,4.150391
15626,512,2084,4.070312
15627,512,1917,3.744141
15628,512,2167,4.232422
15629,512,2042,3.988281
15630,512,2042,3.988281
15631,512,2125,4.150391
15632,512,2000,3.906250
15633,512,2000,3.906250
15634,512,1833,3.580078
15635,512,2000,3.906250
15636,512,1958,3.824219
15637,512,2042,3.988281
15638,512,2000,3.906250
15639,512,1916,3.742188
15640,512,2000,3.906250
15641,512,2000,3.906250
15642,512,2083,4.068359
15643,512,2042,3.988281
15644,512,2041,3.986328
15645,512,2084,4.070312
15646,512,2000,3.906250
15647,512,2041,3.986328
15648,512,2042,3.988281
15649,512,1875,3.662109
15650,512,2042,3.988281
15651,512,2000,3.906250
15652,512,1958,3.824219
15653,512,2166,4.230469
15654,512,2000,3.906250
15655,512,2042,3.988281
15656,512,2041,3.986328
15657,512,2000,3.906250
15658,512,2000,3.906250
15659,512,2042,3.988281
15660,512,2083,4.068359
15661,512,1958,3.824219
15662,512,2000,3.906250
15663,512,2000,3.906250
15664,512,2000,3.906250
15665,512,2041,3.986328
15666,512,2000,3.906250
15667,512,1958,3.824219
15668,512,2042,3.988281
15669,512,2000,3.906250
15670,512,2000,3.906250
15671,512,2083,4.068359
15672,512,2000,3.906250
15673,512,1959,3.826172
15674,512,2041,3.986328
15675,512,2042,3.988281
15676,512,2000,3.906250
15677,512,1959,3.826172
15678,512,2042,3.988281
15679,512,1917,3.744141
15680,512,2000,3.906250
15681,512,2125,4.150391
15682,512,2041,3.986328
15683,512,2084,4.070312
15684,512,2083,4.068359
15685,512,2000,3.906250
15686,512,2083,4.068359
15687,512,2000,3.906250
15688,512,1958,3.824219
15689,512,2000,3.906250
15690,512,2041,3.986328
15691,512,2042,3.988281
15692,512,2042,3.988281
15693,512,2125,4.150391
15694,512,2084,4.070312
15695,512,2041,3.986328
15696,512,2042,3.988281
15697,512,2083,4.068359
15698,512,1958,3.824219
15699,512,2042,3.988281
15700,512,2083,4.068359
15701,512,2000,3.906250
15702,512,1959,3.826172
15703,512,2083,4.068359
15704,512,2000,3.906250
15705,512,2042,3.988281
15706,512,2000,3.906250
15707,512,1958,3.824219
15708,512,2125,4.150391
15709,512,2084,4.070312
15710,512,2000,3.906250
15711,512,2083,4.068359
15712,512,2083,4.068359
15713,512,2000,3.906250
15714,512,2042,3.988281
15715,512,2084,4.070312
15716,512,2000,3.906250
15717,512,2083,4.068359
15718,512,2000,3.906250
15719,512,1958,3.824219
15720,512,2083,4.068359
15721,512,2084,4.070312
15722,512,1959,3.826172
15723,512,2000,3.906250
15724,512,2000,3.906250
15725,512,2000,3.906250
15726,512,2000,3.906250
15727,512,1917,3.744141
15728,512,2125,4.150391
15729,512,2041,3.986328
15730,512,2042,3.988281
15731,512,1916,3.742188
15732,512,1917,3.744141
15733,512,2041,3.986328
15734,512,2000,3.906250
15735,512,2000,3.906250
15736,512,1958,3.824219
15737,512,2041,3.986328
15738,512,2042,3.988281
15739,512,2125,4.150391
15740,512,2000,3.906250
15741,512,2125,4.150391
15742,512,2083,4.068359
15743,512,2042,3.988281
15744,512,2500,4.882812
15745,512,2000,3.906250
15746,512,2083,4.068359
15747,512,1958,3.824219
15748,512,1959,3.826172
15749,512,2042,3.988281
15750,512,1916,3.742188
15751,512,2000,3.906250
15752,512,2042,3.988281
15753,512,2000,3.906250
15754,512,1916,3.742188
15755,512,2084,4.070312
15756,512,2041,3.986328
15757,512,2000,3.906250
15758,512,2000,3.906250
15759,512,2041,3.986328
15760,512,2000,3.906250
15761,512,2000,3.906250
15762,512,2083,4.068359
15763,512,2000,3.906250
15764,512,2083,4.068359
15765,512,2042,3.988281
15766,512,2083,4.068359
15767,512,2167,4.232422
15768,512,2000,3.906250
15769,512,2042,3.988281
15770,512,1958,3.824219
15771,512,2042,3.988281
15772,512,2041,3.986328
15773,512,1959,3.826172
15774,512,2000,3.906250
15775,512,1917,3.744141
15776,512,2125,4.150391
15777,512,2041,3.986328
15778,512,2042,3.988281
15779,512,2042,3.988281
15780,512,2041,3.986328
15781,512,2000,3.906250
15782,512,1958,3.824219
15783,512,1875,3.662109
15784,512,1958,3.824219
15785,512,2000,3.906250
15786,512,1958,3.824219
15787,512,2000,3.906250
15788,512,2000,3.906250
15789,512,2042,3.988281
15790,512,1958,3.824219
15791,512,2083,4.068359
15792,512,2042,3.988281
15793,512,2083,4.068359
15794,512,2000,3.906250
15795,512,1958,3.824219
15796,512,2042,3.988281
15797,512,2041,3.986328
15798,512,2125,4.150391
15799,512,1959,3.826172
15800,512,1958,3.824219
15801,512,2042,3.988281
15802,512,1917,3.744141
15803,512,2000,3.906250
15804,512,2042,3.988281
15805,512,2083,4.068359
15806,512,1958,3.824219
15807,512,2042,3.988281
15808,512,2042,3.988281
15809,512,1958,3.824219
15810,512,1916,3.742188
15811,512,2042,3.988281
15812,512,2041,3.986328
15813,512,2125,4.150391
15814,512,1917,3.744141
15815,512,2000,3.906250
15816,512,2042,3.988281
15817,512,2000,3.906250
15818,512,2041,3.986328
15819,512,2000,3.906250
15820,512,2083,4.068359
15821,512,2000,3.906250
15822,512,2042,3.988281
15823,512,2042,3.988281
15824,512,2083,4.068359
15825,512,2000,3.906250
15826,512,2041,3.986328
15827,512,2084,4.070312
15828,512,2083,4.068359
15829,512,1916,3.742188
15830,512,2042,3.988281
15831,512,2000,3.906250
15832,512,2084,4.070312
15833,512,1958,3.824219
15834,512,2041,3.986328
15835,512,2000,3.906250
15836,512,2167,4.232422
15837,512,1958,3.824219
15838,512,1958,3.824219
15839,512,2042,3.988281
15840,512,2042,3.988281
15841,512,2042,3.988281
15842,512,2083,4.068359
15843,512,1959,3.826172
15844,512,1959,3.826172
15845,512,2000,3.906250
15846,512,1958,3.824219
15847,512,2042,3.988281
15848,512,1959,3.826172
15849,512,2000,3.906250
15850,512,2041,3.986328
15851,512,2125,4.150391
15852,512,1959,3.826172
15853,512,2041,3.986328
15854,512,2083,4.068359
15855,512,1959,3.826172
15856,512,2000,3.906250
15857,512,2042,3.988281
15858,512,2041,3.986328
15859,512,1959,3.826172
15860,512,2041,3.986328
15861,512,2084,4.070312
15862,512,2083,4.068359
15863,512,1958,3.824219
15864,512,2041,3.986328
15865,512,2042,3.988281
15866,512,2041,3.986328
15867,512,1958,3.824219
15868,512,2000,3.906250
15869,512,2042,3.988281
15870,512,2000,3.906250
15871,512,1959,3.826172
15872,512,2042,3.988281
15873,512,2000,3.906250
15874,512,1916,3.742188
15875,512,2000,3.906250
15876,512,2083,4.068359
15877,512,2083,4.068359
15878,512,1958,3.824219
15879,512,2084,4.070312
15880,512,2000,3.906250
15881,512,2041,3.986328
15882,512,2042,3.988281
15883,512,2041,3.986328
15884,512,2000,3.906250
15885,512,1959,3.826172
15886,512,2000,3.906250
15887,512,2000,3.906250
15888,512,2000,3.906250
15889,512,2000,3.906250
15890,512,2000,3.906250
15891,512,2041,3.986328
15892,512,1959,3.826172
15893,512,2083,4.068359
15894,512,2042,3.988281
15895,512,1916,3.742188
15896,512,2042,3.988281
15897,512,2083,4.068359
15898,512,2042,3.988281
15899,512,2042,3.988281
15900,512,1959,3.826172
15901,512,2084,4.070312
15902,512,1958,3.824219
15903,512,1958,3.824219
15904,512,2000,3.906250
15905,512,2042,3.988281
15906,512,2042,3.988281
15907,512,2042,3.988281
15908,512,1959,3.826172
15909,512,1916,3.742188
15910,512,2083,4.068359
15911,512,2084,4.070312
15912,512,2083,4.068359
15913,512,2041,3.986328
15914,512,1959,3.826172
15915,512,2083,4.068359
15916,512,2083,4.068359
15917,512,2000,3.906250
15918,512,2000,3.906250
15919,512,2083,4.068359
15920,512,2000,3.906250
15921,512,2042,3.988281
15922,512,1917,3.744141
15923,512,2167,4.232422
15924,512,2000,3.906250
15925,512,2042,3.988281
15926,512,2000,3.906250
15927,512,2000,3.906250
15928,512,2041,3.986328
15929,512,2042,3.988281
15930,512,2041,3.986328
15931,512,2083,4.068359
15932,512,2000,3.906250
15933,512,2000,3.906250
15934,512,2083,4.068359
15935,512,2042,3.988281
15936,512,2125,4.150391
15937,512,2084,4.070312
15938,512,2166,4.230469
15939,512,2000,3.906250
15940,512,2000,3.906250
15941,512,2084,4.070312
15942,512,2000,3.906250
15943,512,1959,3.826172
15944,512,2041,3.986328
15945,512,2042,3.988281
15946,512,1958,3.824219
15947,512,2000,3.906250
15948,512,2000,3.906250
15949,512,2083,4.068359
15950,512,2042,3.988281
15951,512,1959,3.826172
15952,512,1959,3.826172
15953,512,2125,4.150391
15954,512,2084,4.070312
15955,512,2000,3.906250
15956,512,1958,3.824219
15957,512,2000,3.906250
15958,512,2083,4.068359
15959,512,2000,3.906250
15960,512,1958,3.824219
15961,512,2042,3.988281
15962,512,2083,4.068359
15963,512,2125,4.150391
15964,512,1958,3.824219
15965,512,2209,4.314453
15966,512,2042,3.988281
15967,512,2083,4.068359
15968,512,1917,3.744141
15969,512,2083,4.068359
15970,512,1958,3.824219
15971,512,1958,3.824219
15972,512,2083,4.068359
15973,512,2084,4.070312
15974,512,2000,3.906250
15975,512,2000,3.906250
15976,512,2042,3.988281
15977,512,2000,3.906250
15978,512,1959,3.826172
15979,512,1959,3.826172
15980,512,2000,3.906250
15981,512,2000,3.906250
15982,512,1916,3.742188
15983,512,2042,3.988281
15984,512,2000,3.906250
15985,512,2000,3.906250
15986,512,2083,4.068359
15987,512,2042,3.988281
15988,512,2042,3.988281
15989,512,2083,4.068359
15990,512,2042,3.988281
15991,512,2000,3.906250
15992,512,1916,3.742188
15993,512,2000,3.906250
15994,512,1917,3.744141
15995,512,2041,3.986328
15996,512,2042,3.988281
15997,512,2000,3.906250
15998,512,2042,3.988281
15999,512,2041,3.986328
16000,512,2209,4.314453
16001,512,2041,3.986328
16002,512,2042,3.988281
16003,512,1958,3.824219
16004,512,2000,3.906250
16005,512,2083,4.068359
16006,512,1958,3.824219
16007,512,1959,3.826172
16008,512,2000,3.906250
16009,512,2000,3.906250
16010,512,1917,3.744141
16011,512,2041,3.986328
16012,512,2042,3.988281
16013,512,1958,3.824219
16014,512,1958,3.824219
16015,512,2083,4.068359
16016,512,1917,3.744141
16017,512,1958,3.824219
16018,512,1958,3.824219
16019,512,2042,3.988281
16020,512,2000,3.906250
16021,512,2042,3.988281
16022,512,2000,3.906250
16023,512,2000,3.906250
16024,512,2000,3.906250
16025,512,1959,3.826172
16026,512,1959,3.826172
16027,512,1958,3.824219
16028,512,2042,3.988281
16029,512,2084,4.070312
16030,512,2125,4.150391
16031,512,2000,3.906250
16032,512,2000,3.906250
16033,512,2000,3.906250
16034,512,2000,3.906250
16035,512,2125,4.150391
16036,512,1959,3.826172
16037,512,2000,3.906250
16038,512,1959,3.826172
16039,512,2000,3.906250
16040,512,2084,4.070312
16041,512,2000,3.906250
16042,512,2042,3.988281
16043,512,2000,3.906250
16044,512,2041,3.986328
16045,512,2000,3.906250
16046,512,2000,3.906250
16047,512,2042,3.988281
16048,512,2041,3.986328
16049,512,2000,3.906250
16050,512,2041,3.986328
16051,512,2084,4.070312
16052,512,2000,3.906250
16053,512,1958,3.824219
16054,512,2125,4.150391
16055,512,1958,3.824219
16056,512,2125,4.150391
16057,512,2000,3.906250
16058,512,1958,3.824219
16059,512,2042,3.988281
16060,512,1917,3.744141
16061,512,1958,3.824219
16062,512,2000,3.906250
16063,512,2000,3.906250
16064,512,1875,3.662109
16065,512,2000,3.906250
16066,512,2125,4.150391
16067,512,2000,3.906250
16068,512,2125,4.150391
16069,512,2042,3.988281
16070,512,2125,4.150391
16071,512,2083,4.068359
16072,512,2000,3.906250
16073,512,2000,3.906250
16074,512,2000,3.906250
16075,512,2000,3.906250
16076,512,2000,3.906250
16077,512,2042,3.988281
16078,512,2000,3.906250
16079,512,2083,4.068359
16080,512,2083,4.068359
16081,512,2042,3.988281
16082,512,2041,3.986328
16083,512,2083,4.068359
16084,512,2000,3.906250
16085,512,1958,3.824219
16086,512,2042,3.988281
16087,512,2000,3.906250
16088,512,2041,3.986328
16089,512,2000,3.906250
16090,512,2000,3.906250
16091,512,2000,3.906250
16092,512,2083,4.068359
16093,512,2084,4.070312
16094,512,2041,3.986328
16095,512,2042,3.988281
16096,512,1958,3.824219
16097,512,2042,3.988281
16098,512,2000,3.906250
16099,512,1959,3.826172
16100,512,2041,3.986328
16101,512,2042,3.988281
16102,512,2041,3.986328
16103,512,2042,3.988281
16104,512,2042,3.988281
16105,512,1958,3.824219
16106,512,2000,3.906250
16107,512,2000,3.906250
16108,512,1958,3.824219
16109,512,2000,3.906250
16110,512,2000,3.906250
16111,512,1958,3.824219
16112,512,2042,3.988281
16113,512,2041,3.986328
16114,512,2042,3.988281
16115,512,1916,3.742188
16116,512,2000,3.906250
16117,512,2000,3.906250
16118,512,2000,3.906250
16119,512,1916,3.742188
16120,512,2042,3.988281
16121,512,2000,3.906250
16122,512,2083,4.068359
16123,512,2000,3.906250
16124,512,2042,3.988281
16125,512,2000,3.906250
16126,512,2042,3.988281
16127,512,2041,3.986328
16128,512,2042,3.988281
16129,512,2042,3.988281
16130,512,2041,3.986328
16131,512,1917,3.744141
16132,512,2000,3.906250
16133,512,2000,3.906250
16134,512,2042,3.988281
16135,512,2042,3.988281
16136,512,2000,3.906250
16137,512,2000,3.906250
16138,512,1959,3.826172
16139,512,2000,3.906250
16140,512,2084,4.070312
16141,512,2000,3.906250
16142,512,2000,3.906250
16143,512,2042,3.988281
16144,512,2042,3.988281
16145,512,2042,3.988281
16146,512,2000,3.906250
16147,512,2041,3.986328
16148,512,2000,3.906250
16149,512,2000,3.906250
16150,512,2125,4.150391
16151,512,2000,3.906250
16152,512,2042,3.988281
16153,512,2167,4.232422
16154,512,2000,3.906250
16155,512,2125,4.150391
16156,512,2041,3.986328
16157,512,2042,3.988281
16158,512,2042,3.988281
16159,512,2000,3.906250
16160,512,2000,3.906250
16161,512,2084,4.070312
16162,512,2000,3.906250
16163,512,2209,4.314453
16164,512,2083,4.068359
16165,512,1917,3.744141
16166,512,2041,3.986328
16167,512,1959,3.826172
16168,512,2000,3.906250
16169,512,2000,3.906250
16170,512,2042,3.988281
16171,512,2041,3.986328
16172,512,1917,3.744141
16173,512,2042,3.988281
16174,512,2042,3.988281
16175,512,1959,3.826172
16176,512,2084,4.070312
16177,512,1958,3.824219
16178,512,2083,4.068359
16179,512,2000,3.906250
16180,512,2000,3.906250
16181,512,2042,3.988281
16182,512,2042,3.988281
16183,512,2041,3.986328
16184,512,2042,3.988281
16185,512,2042,3.988281
16186,512,2042,3.988281
16187,512,2000,3.906250
16188,512,2042,3.988281
16189,512,2125,4.150391
16190,512,2000,3.906250
16191,512,2041,3.986328
16192,512,2042,3.988281
16193,512,2041,3.986328
16194,512,2000,3.906250
16195,512,2083,4.068359
16196,512,2042,3.988281
16197,512,2042,3.988281
16198,512,2042,3.988281
16199,512,2042,3.988281
16200,512,2000,3.906250
16201,512,2042,3.988281
16202,512,2000,3.906250
16203,512,2041,3.986328
16204,512,2042,3.988281
16205,512,2041,3.986328
16206,512,2042,3.988281
16207,512,2000,3.906250
16208,512,1959,3.826172
16209,512,2042,3.988281
16210,512,1958,3.824219
16211,512,2083,4.068359
16212,512,1917,3.744141
16213,512,1958,3.824219
16214,512,2042,3.988281
16215,512,2000,3.906250
16216,512,2000,3.906250
16217,512,2042,3.988281
16218,512,2166,4.230469
16219,512,1959,3.826172
16220,512,2000,3.906250
16221,512,1958,3.824219
16222,512,2042,3.988281
16223,512,2041,3.986328
16224,512,2000,3.906250
16225,512,2042,3.988281
16226,512,2042,3.988281
16227,512,2000,3.906250
16228,512,1958,3.824219
16229,512,1958,3.824219
16230,512,2042,3.988281
16231,512,2000,3.906250
16232,512,2167,4.232422
16233,512,2167,4.232422
16234,512,2083,4.068359
16235,512,2125,4.150391
16236,512,2083,4.068359
16237,512,2084,4.070312
16238,512,2166,4.230469
16239,512,2000,3.906250
16240,512,2042,3.988281
16241,512,2083,4.068359
16242,512,2000,3.906250
16243,512,2041,3.986328
16244,512,2084,4.070312
16245,512,2083,4.068359
16246,512,2042,3.988281
16247,512,2083,4.068359
16248,512,1958,3.824219
16249,512,1959,3.826172
16250,512,2042,3.988281
16251,512,2125,4.150391
16252,512,1958,3.824219
16253,512,2042,3.988281
16254,512,2083,4.068359
16255,512,2041,3.986328
16256,512,2250,4.394531
16257,512,2042,3.988281
16258,512,2084,4.070312
16259,512,2000,3.906250
16260,512,2167,4.232422
16261,512,2083,4.068359
16262,512,1959,3.826172
16263,512,2000,3.906250
16264,512,1959,3.826172
16265,512,2041,3.986328
16266,512,2042,3.988281
16267,512,2000,3.906250
16268,512,2000,3.906250
16269,512,2083,4.068359
16270,512,2000,3.906250
16271,512,2042,3.988281
16272,512,2041,3.986328
16273,512,2000,3.906250
16274,512,2000,3.906250
16275,512,2083,4.068359
16276,512,2042,3.988281
16277,512,2000,3.906250
16278,512,2000,3.906250
16279,512,2084,4.070312
16280,512,2000,3.906250
16281,512,2042,3.988281
16282,512,2000,3.906250
16283,512,2041,3.986328
16284,512,2084,4.070312
16285,512,2041,3.986328
16286,512,1958,3.824219
16287,512,2084,4.070312
16288,512,2041,3.986328
16289,512,2042,3.988281
16290,512,2041,3.986328
16291,512,2000,3.906250
16292,512,2000,3.906250
16293,512,2042,3.988281
16294,512,2000,3.906250
16295,512,1958,3.824219
16296,512,2125,4.150391
16297,512,2083,4.068359
16298,512,2042,3.988281
16299,512,2000,3.906250
16300,512,2125,4.150391
16301,512,2042,3.988281
16302,512,2000,3.906250
16303,512,1958,3.824219
16304,512,2083,4.068359
16305,512,2000,3.906250
16306,512,2042,3.988281
16307,512,2041,3.986328
16308,512,2000,3.906250
16309,512,2000,3.906250
16310,512,2000,3.906250
16311,512,2125,4.150391
16312,512,1958,3.824219
16313,512,2083,4.068359
16314,512,2084,4.070312
16315,512,2041,3.986328
16316,512,2042,3.988281
16317,512,2125,4.150391
16318,512,1958,3.824219
16319,512,2000,3.906250
16320,512,2125,4.150391
16321,512,1958,3.824219
16322,512,1916,3.742188
16323,512,2084,4.070312
16324,512,2000,3.906250
16325,512,2125,4.150391
16326,512,1958,3.824219
16327,512,2000,3.906250
16328,512,2000,3.906250
16329,512,2125,4.150391
16330,512,2083,4.068359
16331,512,1958,3.824219
16332,512,2042,3.988281
16333,512,2042,3.988281
16334,512,2041,3.986328
16335,512,2042,3.988281
16336,512,2000,3.906250
16337,512,2000,3.906250
16338,512,2042,3.988281
16339,512,1958,3.824219
16340,512,2000,3.906250
16341,512,2000,3.906250
16342,512,2041,3.986328
16343,512,2000,3.906250
16344,512,1958,3.824219
16345,512,2042,3.988281
16346,512,1958,3.824219
16347,512,2041,3.986328
16348,512,2000,3.906250
16349,512,2042,3.988281
16350,512,1958,3.824219
16351,512,2042,3.988281
16352,512,2000,3.906250
16353,512,1917,3.744141
16354,512,2041,3.986328
16355,512,2042,3.988281
16356,512,2042,3.988281
16357,512,2083,4.068359
16358,512,2000,3.906250
16359,512,1959,3.826172
16360,512,2041,3.986328
16361,512,1959,3.826172
16362,512,1959,3.826172
16363,512,2042,3.988281
16364,512,2042,3.988281
16365,512,2041,3.986328
16366,512,2042,3.988281
16367,512,2042,3.988281
16368,512,1959,3.826172
16369,512,2000,3.906250
16370,512,2125,4.150391
16371,512,1917,3.744141
16372,512,2000,3.906250
16373,512,2083,4.068359
16374,512,1917,3.744141
16375,512,2292,4.476562
16376,512,2000,3.906250
16377,512,2042,3.988281
16378,512,2125,4.150391
16379,512,1917,3.744141
16380,512,2000,3.906250
16381,512,2167,4.232422
16382,512,1958,3.824219
16383,512,2042,3.988281
16384,512,1917,3.744141
16385,512,2125,4.150391
16386,512,2125,4.150391
16387,512,1875,3.662109
16388,512,2084,4.070312
16389,512,1916,3.742188
16390,512,2000,3.906250
16391,512,2000,3.906250
16392,512,2000,3.906250
16393,512,2041,3.986328
16394,512,1917,3.744141
16395,512,2000,3.906250
16396,512,2000,3.906250
16397,512,2000,3.906250
16398,512,2000,3.906250
16399,512,2083,4.068359
16400,512,1958,3.824219
16401,512,1958,3.824219
16402,512,2042,3.988281
16403,512,2000,3.906250
16404,512,1958,3.824219
16405,512,2000,3.906250
16406,512,2083,4.068359
16407,512,1959,3.826172
16408,512,1875,3.662109
16409,512,2000,3.906250
16410,512,2000,3.906250
16411,512,1958,3.824219
16412,512,2125,4.150391
16413,512,2000,3.906250
16414,512,1917,3.744141
16415,512,2041,3.986328
16416,512,2000,3.906250
16417,512,2042,3.988281
16418,512,2000,3.906250
16419,512,2000,3.906250
16420,512,2041,3.986328
16421,512,2042,3.988281
16422,512,1917,3.744141
16423,512,2083,4.068359
16424,512,2042,3.988281
16425,512,2000,3.906250
16426,512,2000,3.906250
16427,512,1958,3.824219
16428,512,2042,3.988281
16429,512,1958,3.824219
16430,512,1958,3.824219
16431,512,2000,3.906250
16432,512,2000,3.906250
16433,512,2000,3.906250
16434,512,6709,13.103516
16435,512,2083,4.068359
16436,512,2166,4.230469
16437,512,1917,3.744141
16438,512,2000,3.906250
16439,512,2041,3.986328
16440,512,1917,3.744141
16441,512,2166,4.230469
16442,512,2000,3.906250
16443,512,2125,4.150391
16444,512,1958,3.824219
16445,512,2084,4.070312
16446,512,2041,3.986328
16447,512,2000,3.906250
16448,512,2125,4.150391
16449,512,2000,3.906250
16450,512,2042,3.988281
16451,512,1875,3.662109
16452,512,1959,3.826172
16453,512,2000,3.906250
16454,512,2041,3.986328
16455,512,2000,3.906250
16456,512,2041,3.986328
16457,512,2083,4.068359
16458,512,2000,3.906250
16459,512,2000,3.906250
16460,512,1916,3.742188
16461,512,1958,3.824219
16462,512,2084,4.070312
16463,512,2000,3.906250
16464,512,1958,3.824219
16465,512,2083,4.068359
16466,512,2042,3.988281
16467,512,1958,3.824219
16468,512,2083,4.068359
16469,512,2000,3.906250
16470,512,2000,3.906250
16471,512,2167,4.232422
16472,512,2083,4.068359
16473,512,2000,3.906250
16474,512,2042,3.988281
16475,512,1958,3.824219
16476,512,2042,3.988281
16477,512,2000,3.906250
16478,512,1958,3.824219
16479,512,2042,3.988281
16480,512,2083,4.068359
16481,512,1917,3.744141
16482,512,1917,3.744141
16483,512,2000,3.906250
16484,512,2125,4.150391
16485,512,2000,3.906250
16486,512,2042,3.988281
16487,512,2041,3.986328
16488,512,1959,3.826172
16489,512,1959,3.826172
16490,512,2041,3.986328
16491,512,2042,3.988281
16492,512,2083,4.068359
16493,512,2000,3.906250
16494,512,2083,4.068359
16495,512,2042,3.988281
16496,512,2083,4.068359
16497,512,2041,3.986328
16498,512,2000,3.906250
16499,512,2042,3.988281
16500,512,2083,4.068359
16501,512,2000,3.906250
16502,512,2042,3.988281
16503,512,2000,3.906250
16504,512,2084,4.070312
16505,512,2000,3.906250
16506,512,1958,3.824219
16507,512,1958,3.824219
16508,512,2041,3.986328
16509,512,2042,3.988281
16510,512,2041,3.986328
16511,512,2084,4.070312
16512,512,2250,4.394531
16513,512,2000,3.906250
16514,512,1958,3.824219
16515,512,2000,3.906250
16516,512,2041,3.986328
16517,512,2042,3.988281
16518,512,2000,3.906250
16519,512,2166,4.230469
16520,512,2000,3.906250
16521,512,1917,3.744141
16522,512,2042,3.988281
16523,512,2042,3.988281
16524,512,1959,3.826172
16525,512,2000,3.906250
16526,512,1959,3.826172
16527,512,2041,3.986328
16528,512,2042,3.988281
16529,512,1958,3.824219
16530,512,2042,3.988281
16531,512,2083,4.068359
16532,512,1958,3.824219
16533,512,2125,4.150391
16534,512,2125,4.150391
16535,512,2000,3.906250
16536,512,2083,4.068359
16537,512,2042,3.988281
16538,512,1958,3.824219
16539,512,2041,3.986328
16540,512,2042,3.988281
16541,512,2000,3.906250
16542,512,2083,4.068359
16543,512,2000,3.906250
16544,512,1958,3.824219
16545,512,2084,4.070312
16546,512,2041,3.986328
16547,512,2000,3.906250
16548,512,2083,4.068359
16549,512,2000,3.906250
16550,512,2084,4.070312
16551,512,2000,3.906250
16552,512,2041,3.986328
16553,512,2000,3.906250
16554,512,2042,3.988281
16555,512,2084,4.070312
16556,512,2042,3.988281
16557,512,2000,3.906250
16558,512,2000,3.906250
16559,512,2000,3.906250
16560,512,1959,3.826172
16561,512,2000,3.906250
16562,512,1958,3.824219
16563,512,2042,3.988281
16564,512,1958,3.824219
16565,512,2042,3.988281
16566,512,1958,3.824219
16567,512,2042,3.988281
16568,512,1958,3.824219
16569,512,1958,3.824219
16570,512,2000,3.906250
16571,512,2042,3.988281
16572,512,1958,3.824219
16573,512,2042,3.988281
16574,512,2041,3.986328
16575,512,2083,4.068359
16576,512,2125,4.150391
16577,512,1958,3.824219
16578,512,2084,4.070312
16579,512,2042,3.988281
16580,512,2000,3.906250
16581,512,1917,3.744141
16582,512,2041,3.986328
16583,512,2084,4.070312
16584,512,2083,4.068359
16585,512,2125,4.150391
16586,512,2042,3.988281
16587,512,2041,3.986328
16588,512,2042,3.988281
16589,512,2083,4.068359
16590,512,1958,3.824219
16591,512,2083,4.068359
16592,512,1875,3.662109
16593,512,2000,3.906250
16594,512,1958,3.824219
16595,512,2042,3.988281
16596,512,2041,3.986328
16597,512,2083,4.068359
16598,512,2000,3.906250
16599,512,2042,3.988281
16600,512,1916,3.742188
16601,512,2125,4.150391
16602,512,2042,3.988281
16603,512,2000,3.906250
16604,512,2042,3.988281
16605,512,2084,4.070312
16606,512,2000,3.906250
16607,512,2000,3.906250
16608,512,1958,3.824219
16609,512,2000,3.906250
16610,512,1958,3.824219
16611,512,2000,3.906250
16612,512,2000,3.906250
16613,512,2041,3.986328
16614,512,2125,4.150391
16615,512,2000,3.906250
16616,512,1917,3.744141
16617,512,2166,4.230469
16618,512,2042,3.988281
16619,512,2083,4.068359
16620,512,2000,3.906250
16621,512,2042,3.988281
16622,512,2041,3.986328
16623,512,2125,4.150391
16624,512,1958,3.824219
16625,512,2084,4.070312
16626,512,2083,4.068359
16627,512,2000,3.906250
16628,512,1958,3.824219
16629,512,2042,3.988281
16630,512,2041,3.986328
16631,512,1959,3.826172
16632,512,2125,4.150391
16633,512,1959,3.826172
16634,512,2084,4.070312
16635,512,1958,3.824219
16636,512,2125,4.150391
16637,512,2083,4.068359
16638,512,2000,3.906250
16639,512,2000,3.906250
16640,512,2125,4.150391
16641,512,2000,3.906250
16642,512,2042,3.988281
16643,512,2000,3.906250
16644,512,1958,3.824219
16645,512,2083,4.068359
16646,512,1917,3.744141
16647,512,2000,3.906250
16648,512,2125,4.150391
16649,512,2083,4.068359
16650,512,2041,3.986328
16651,512,2000,3.906250
16652,512,2000,3.906250
16653,512,2000,3.906250
16654,512,2000,3.906250
16655,512,1959,3.826172
16656,512,2083,4.068359
16657,512,1917,3.744141
16658,512,2000,3.906250
16659,512,2041,3.986328
16660,512,2000,3.906250
16661,512,2000,3.906250
16662,512,1958,3.824219
16663,512,2125,4.150391
16664,512,1958,3.824219
16665,512,1917,3.744141
16666,512,1959,3.826172
16667,512,2041,3.986328
16668,512,1958,3.824219
16669,512,2125,4.150391
16670,512,2000,3.906250
16671,512,2042,3.988281
16672,512,2000,3.906250
16673,512,2125,4.150391
16674,512,1959,3.826172
16675,512,2084,4.070312
16676,512,1875,3.662109
16677,512,1958,3.824219
16678,512,2167,4.232422
16679,512,1958,3.824219
16680,512,2042,3.988281
16681,512,1917,3.744141
16682,512,1958,3.824219
16683,512,2042,3.988281
16684,512,2041,3.986328
16685,512,2125,4.150391
16686,512,2042,3.988281
16687,512,1916,3.742188
16688,512,2125,4.150391
16689,512,1958,3.824219
16690,512,2042,3.988281
16691,512,2000,3.906250
16692,512,2042,3.988281
16693,512,2208,4.312500
16694,512,2125,4.150391
16695,512,2084,4.070312
16696,512,2042,3.988281
16697,512,1958,3.824219
16698,512,2084,4.070312
16699,512,2041,3.986328
16700,512,2042,3.988281
16701,512,1959,3.826172
16702,512,2041,3.986328
16703,512,2000,3.906250
16704,512,2084,4.070312
16705,512,2000,3.906250
16706,512,1959,3.826172
16707,512,2000,3.906250
16708,512,2125,4.150391
16709,512,2000,3.906250
16710,512,2083,4.068359
16711,512,2167,4.232422
16712,512,2000,3.906250
16713,512,2041,3.986328
16714,512,2084,4.070312
16715,512,2083,4.068359
16716,512,2042,3.988281
16717,512,2125,4.150391
16718,512,1917,3.744141
16719,512,2000,3.906250
16720,512,2125,4.150391
16721,512,2000,3.906250
16722,512,2042,3.988281
16723,512,2000,3.906250
16724,512,2083,4.068359
16725,512,1916,3.742188
16726,512,2042,3.988281
16727,512,2125,4.150391
16728,512,1917,3.744141
16729,512,2041,3.986328
16730,512,2000,3.906250
16731,512,1958,3.824219
16732,512,2000,3.906250
16733,512,1958,3.824219
16734,512,2000,3.906250
16735,512,2042,3.988281
16736,512,2042,3.988281
16737,512,2041,3.986328
16738,512,2084,4.070312
16739,512,2041,3.986328
16740,512,2042,3.988281
16741,512,2125,4.150391
16742,512,2000,3.906250
16743,512,2042,3.988281
16744,512,2000,3.906250
16745,512,2083,4.068359
16746,512,1958,3.824219
16747,512,1958,3.824219
16748,512,2000,3.906250
16749,512,1875,3.662109
16750,512,2084,4.070312
16751,512,2083,4.068359
16752,512,2083,4.068359
16753,512,2042,3.988281
16754,512,2000,3.906250
16755,512,2000,3.906250
16756,512,2125,4.150391
16757,512,1958,3.824219
16758,512,2167,4.232422
16759,512,1875,3.662109
16760,512,1958,3.824219
16761,512,1958,3.824219
16762,512,2000,3.906250
16763,512,2083,4.068359
16764,512,2042,3.988281
16765,512,1875,3.662109
16766,512,2000,3.906250
16767,512,2000,3.906250
16768,512,2291,4.474609
16769,512,1958,3.824219
16770,512,1958,3.824219
16771,512,2084,4.070312
16772,512,2041,3.986328
16773,512,2000,3.906250
16774,512,2000,3.906250
16775,512,2000,3.906250
16776,512,2042,3.988281
16777,512,2041,3.986328
16778,512,1958,3.824219
16779,512,1958,3.824219
16780,512,2084,4.070312
16781,512,2041,3.986328
16782,512,2084,4.070312
16783,512,2000,3.906250
16784,512,2000,3.906250
16785,512,1958,3.824219
16786,512,2083,4.068359
16787,512,2042,3.988281
16788,512,2041,3.986328
16789,512,2084,4.070312
16790,512,1959,3.826172
16791,512,2042,3.988281
16792,512,1958,3.824219
16793,512,2000,3.906250
16794,512,2000,3.906250
16795,512,1958,3.824219
16796,512,1958,3.824219
16797,512,2041,3.986328
16798,512,2042,3.988281
16799,512,2041,3.986328
16800,512,2084,4.070312
16801,512,2083,4.068359
16802,512,2042,3.988281
16803,512,2083,4.068359
16804,512,1958,3.824219
16805,512,2000,3.906250
16806,512,2000,3.906250
16807,512,2000,3.906250
16808,512,2042,3.988281
16809,512,2000,3.906250
16810,512,2041,3.986328
16811,512,1917,3.744141
16812,512,2000,3.906250
16813,512,1958,3.824219
16814,512,1917,3.744141
16815,512,2042,3.988281
16816,512,1958,3.824219
16817,512,2084,4.070312
16818,512,2000,3.906250
16819,512,2041,3.986328
16820,512,2042,3.988281
16821,512,2000,3.906250
16822,512,2041,3.986328
16823,512,2000,3.906250
16824,512,2000,3.906250
16825,512,2083,4.068359
16826,512,1917,3.744141
16827,512,1959,3.826172
16828,512,2083,4.068359
16829,512,2000,3.906250
16830,512,2000,3.906250
16831,512,1959,3.826172
16832,512,2125,4.150391
16833,512,2083,4.068359
16834,512,2125,4.150391
16835,512,2000,3.906250
16836,512,2000,3.906250
16837,512,1959,3.826172
16838,512,1917,3.744141
16839,512,2000,3.906250
16840,512,1958,3.824219
16841,512,1917,3.744141
16842,512,1959,3.826172
16843,512,2000,3.906250
16844,512,2042,3.988281
16845,512,2042,3.988281
16846,512,2083,4.068359
16847,512,2000,3.906250
16848,512,2042,3.988281
16849,512,2000,3.906250
16850,512,1958,3.824219
16851,512,1959,3.826172
16852,512,2041,3.986328
16853,512,2042,3.988281
16854,512,2083,4.068359
16855,512,2125,4.150391
16856,512,2042,3.988281
16857,512,2000,3.906250
16858,512,2000,3.906250
16859,512,2000,3.906250
16860,512,2083,4.068359
16861,512,2042,3.988281
16862,512,2042,3.988281
16863,512,2042,3.988281
16864,512,1958,3.824219
16865,512,2084,4.070312
16866,512,1916,3.742188
16867,512,1958,3.824219
16868,512,1958,3.824219
16869,512,2125,4.150391
16870,512,2042,3.988281
16871,512,2041,3.986328
16872,512,2000,3.906250
16873,512,1958,3.824219
16874,512,2000,3.906250
16875,512,2042,3.988281
16876,512,2041,3.986328
16877,512,13917,27.181641
16878,512,2167,4.232422
16879,512,2000,3.906250
16880,512,1959,3.826172
16881,512,2208,4.312500
16882,512,2083,4.068359
16883,512,2084,4.070312
16884,512,1958,3.824219
16885,512,2167,4.232422
16886,512,2000,3.906250
16887,512,1959,3.826172
16888,512,1917,3.744141
16889,512,1958,3.824219
16890,512,1916,3.742188
16891,512,2000,3.906250
16892,512,2042,3.988281
16893,512,2000,3.906250
16894,512,1958,3.824219
16895,512,1958,3.824219
16896,512,2000,3.906250
16897,512,1958,3.824219
16898,512,2042,3.988281
16899,512,2167,4.232422
16900,512,2041,3.986328
16901,512,2000,3.906250
16902,512,2042,3.988281
16903,512,2000,3.906250
16904,512,2083,4.068359
16905,512,2083,4.068359
16906,512,2000,3.906250
16907,512,2125,4.150391
16908,512,2042,3.988281
16909,512,2083,4.068359
16910,512,2041,3.986328
16911,512,2375,4.638672
16912,512,2000,3.906250
16913,512,2000,3.906250
16914,512,2000,3.906250
16915,512,1959,3.826172
16916,512,2000,3.906250
16917,512,2000,3.906250
16918,512,2084,4.070312
16919,512,2042,3.988281
16920,512,1958,3.824219
16921,512,2125,4.150391
16922,512,1917,3.744141
16923,512,1958,3.824219
16924,512,2042,3.988281
16925,512,2000,3.906250
16926,512,2000,3.906250
16927,512,2000,3.906250
16928,512,2042,3.988281
16929,512,2000,3.906250
16930,512,2042,3.988281
16931,512,2042,3.988281
16932,512,1958,3.824219
16933,512,2041,3.986328
16934,512,2000,3.906250
16935,512,1875,3.662109
16936,512,1916,3.742188
16937,512,2000,3.906250
16938,512,1917,3.744141
16939,512,1916,3.742188
16940,512,2042,3.988281
16941,512,2167,4.232422
16942,512,2000,3.906250
16943,512,1958,3.824219
16944,512,2041,3.986328
16945,512,2000,3.906250
16946,512,2000,3.906250
16947,512,2000,3.906250
16948,512,2083,4.068359
16949,512,1959,3.826172
16950,512,2041,3.986328
16951,512,2000,3.906250
16952,512,2042,3.988281
16953,512,2000,3.906250
16954,512,2000,3.906250
16955,512,2042,3.988281
16956,512,2042,3.988281
16957,512,2000,3.906250
16958,512,1958,3.824219
16959,512,1917,3.744141
16960,512,2000,3.906250
16961,512,2000,3.906250
16962,512,1958,3.824219
16963,512,2000,3.906250
16964,512,1916,3.742188
16965,512,2042,3.988281
16966,512,1958,3.824219
16967,512,2000,3.906250
16968,512,2000,3.906250
16969,512,1916,3.742188
16970,512,1958,3.824219
16971,512,2084,4.070312
16972,512,2125,4.150391
16973,512,2041,3.986328
16974,512,1958,3.824219
16975,512,1959,3.826172
16976,512,2083,4.068359
16977,512,2083,4.068359
16978,512,2000,3.906250
16979,512,2042,3.988281
16980,512,2083,4.068359
16981,512,2042,3.988281
16982,512,2041,3.986328
16983,512,2000,3.906250
16984,512,2042,3.988281
16985,512,2000,3.906250
16986,512,1917,3.744141
16987,512,2000,3.906250
16988,512,2125,4.150391
16989,512,2042,3.988281
16990,512,1958,3.824219
16991,512,2041,3.986328
16992,512,2000,3.906250
16993,512,2000,3.906250
16994,512,2041,3.986328
16995,512,2042,3.988281
16996,512,2042,3.988281
16997,512,2000,3.906250
16998,512,1958,3.824219
16999,512,2041,3.986328
17000,512,1917,3.744141
17001,512,2083,4.068359
17002,512,2041,3.986328
17003,512,2000,3.906250
17004,512,2042,3.988281
17005,512,1958,3.824219
17006,512,2125,4.150391
17007,512,2000,3.906250
17008,512,1958,3.824219
17009,512,1959,3.826172
17010,512,1958,3.824219
17011,512,2000,3.906250
17012,512,2084,4.070312
17013,512,2042,3.988281
17014,512,2000,3.906250
17015,512,2000,3.906250
17016,512,2000,3.906250
17017,512,1959,3.826172
17018,512,2000,3.906250
17019,512,2000,3.906250
17020,512,2000,3.906250
17021,512,2000,3.906250
17022,512,2042,3.988281
17023,512,1958,3.824219
17024,512,2167,4.232422
17025,512,2000,3.906250
17026,512,2000,3.906250
17027,512,1958,3.824219
17028,512,2042,3.988281
17029,512,2042,3.988281
17030,512,2084,4.070312
17031,512,1959,3.826172
17032,512,1958,3.824219
17033,512,2083,4.068359
17034,512,2000,3.906250
17035,512,2041,3.986328
17036,512,2042,3.988281
17037,512,2042,3.988281
17038,512,2000,3.906250
17039,512,2000,3.906250
17040,512,2000,3.906250
17041,512,2000,3.906250
17042,512,2042,3.988281
17043,512,1917,3.744141
17044,512,2000,3.906250
17045,512,1958,3.824219
17046,512,1958,3.824219
17047,512,1959,3.826172
17048,512,2084,4.070312
17049,512,2041,3.986328
17050,512,2042,3.988281
17051,512,1958,3.824219
17052,512,1958,3.824219
17053,512,1958,3.824219
17054,512,2000,3.906250
17055,512,2000,3.906250
17056,512,2000,3.906250
17057,512,2041,3.986328
17058,512,1917,3.744141
17059,512,1917,3.744141
17060,512,2125,4.150391
17061,512,2083,4.068359
17062,512,1959,3.826172
17063,512,2000,3.906250
17064,512,2000,3.906250
17065,512,2000,3.906250
17066,512,2000,3.906250
17067,512,1958,3.824219
17068,512,2000,3.906250
17069,512,2000,3.906250
17070,512,2041,3.986328
17071,512,2042,3.988281
17072,512,2041,3.986328
17073,512,2000,3.906250
17074,512,2000,3.906250
17075,512,1958,3.824219
17076,512,1959,3.826172
17077,512,2042,3.988281
17078,512,2042,3.988281
17079,512,2083,4.068359
17080,512,1958,3.824219
17081,512,1958,3.824219
17082,512,1917,3.744141
17083,512,2000,3.906250
17084,512,2042,3.988281
17085,512,2042,3.988281
17086,512,2041,3.986328
17087,512,2000,3.906250
17088,512,2042,3.988281
17089,512,1958,3.824219
17090,512,2000,3.906250
17091,512,2042,3.988281
17092,512,2000,3.906250
17093,512,2083,4.068359
17094,512,2042,3.988281
17095,512,2041,3.986328
17096,512,2042,3.988281
17097,512,2042,3.988281
17098,512,2041,3.986328
17099,512,1917,3.744141
17100,512,2000,3.906250
17101,512,1958,3.824219
17102,512,2000,3.906250
17103,512,2083,4.068359
17104,512,2000,3.906250
17105,512,2042,3.988281
17106,512,2041,3.986328
17107,512,2000,3.906250
17108,512,2083,4.068359
17109,512,2042,3.988281
17110,512,2000,3.906250
17111,512,2000,3.906250
17112,512,1958,3.824219
17113,512,1959,3.826172
17114,512,2042,3.988281
17115,512,1958,3.824219
17116,512,2084,4.070312
17117,512,2083,4.068359
17118,512,1958,3.824219
17119,512,2000,3.906250
17120,512,1958,3.824219
17121,512,2083,4.068359
17122,512,2000,3.906250
17123,512,2042,3.988281
17124,512,2042,3.988281
17125,512,2000,3.906250
17126,512,2125,4.150391
17127,512,2000,3.906250
17128,512,1958,3.824219
17129,512,2041,3.986328
17130,512,2084,4.070312
17131,512,2000,3.906250
17132,512,1875,3.662109
17133,512,2000,3.906250
17134,512,2042,3.988281
17135,512,2000,3.906250
17136,512,1916,3.742188
17137,512,1958,3.824219
17138,512,2042,3.988281
17139,512,2083,4.068359
17140,512,2000,3.906250
17141,512,2041,3.986328
17142,512,1917,3.744141
17143,512,2000,3.906250
17144,512,2042,3.988281
17145,512,2125,4.150391
17146,512,2000,3.906250
17147,512,2000,3.906250
17148,512,2000,3.906250
17149,512,2083,4.068359
17150,512,2000,3.906250
17151,512,2000,3.906250
17152,512,1959,3.826172
17153,512,1959,3.826172
17154,512,2042,3.988281
17155,512,2000,3.906250
17156,512,1916,3.742188
17157,512,2000,3.906250
17158,512,2042,3.988281
17159,512,1958,3.824219
17160,512,1958,3.824219
17161,512,2000,3.906250
17162,512,2041,3.986328
17163,512,2000,3.906250
17164,512,2000,3.906250
17165,512,2083,4.068359
17166,512,2083,4.068359
17167,512,2083,4.068359
17168,512,2042,3.988281
17169,512,2083,4.068359
17170,512,2000,3.906250
17171,512,1958,3.824219
17172,512,1958,3.824219
17173,512,2042,3.988281
17174,512,2042,3.988281
17175,512,2041,3.986328
17176,512,2000,3.906250
17177,512,2000,3.906250
17178,512,2000,3.906250
17179,512,1916,3.742188
17180,512,1958,3.824219
17181,512,2084,4.070312
17182,512,1959,3.826172
17183,512,2000,3.906250
17184,512,1916,3.742188
17185,512,2000,3.906250
17186,512,2041,3.986328
17187,512,1958,3.824219
17188,512,2000,3.906250
17189,512,2042,3.988281
17190,512,2000,3.906250
17191,512,2000,3.906250
17192,512,2000,3.906250
17193,512,2000,3.906250
17194,512,2000,3.906250
17195,512,2084,4.070312
17196,512,1958,3.824219
17197,512,2000,3.906250
17198,512,2000,3.906250
17199,512,1958,3.824219
17200,512,2000,3.906250
17201,512,1958,3.824219
17202,512,2000,3.906250
17203,512,1959,3.826172
17204,512,2042,3.988281
17205,512,1958,3.824219
17206,512,2084,4.070312
17207,512,1959,3.826172
17208,512,2000,3.906250
17209,512,2000,3.906250
17210,512,2042,3.988281
17211,512,2166,4.230469
17212,512,2084,4.070312
17213,512,2000,3.906250
17214,512,1959,3.826172
17215,512,2042,3.988281
17216,512,2083,4.068359
17217,512,2084,4.070312
17218,512,1959,3.826172
17219,512,2000,3.906250
17220,512,1875,3.662109
17221,512,2083,4.068359
17222,512,1959,3.826172
17223,512,2000,3.906250
17224,512,1917,3.744141
17225,512,2000,3.906250
17226,512,2041,3.986328
17227,512,2042,3.988281
17228,512,2042,3.988281
17229,512,2083,4.068359
17230,512,2083,4.068359
17231,512,2000,3.906250
17232,512,2083,4.068359
17233,512,2000,3.906250
17234,512,2042,3.988281
17235,512,2042,3.988281
17236,512,2000,3.906250
17237,512,2042,3.988281
17238,512,2000,3.906250
17239,512,2041,3.986328
17240,512,2084,4.070312
17241,512,2000,3.906250
17242,512,1917,3.744141
17243,512,2000,3.906250
17244,512,2125,4.150391
17245,512,2000,3.906250
17246,512,2000,3.906250
17247,512,2083,4.068359
17248,512,2041,3.986328
17249,512,2042,3.988281
17250,512,2042,3.988281
17251,512,2041,3.986328
17252,512,1958,3.824219
17253,512,2042,3.988281
17254,512,1959,3.826172
17255,512,1958,3.824219
17256,512,2083,4.068359
17257,512,2042,3.988281
17258,512,2041,3.986328
17259,512,2084,4.070312
17260,512,2041,3.986328
17261,512,1959,3.826172
17262,512,2041,3.986328
17263,512,2042,3.988281
17264,512,2000,3.906250
17265,512,2000,3.906250
17266,512,1917,3.744141
17267,512,2000,3.906250
17268,512,2000,3.906250
17269,512,2083,4.068359
17270,512,2042,3.988281
17271,512,1959,3.826172
17272,512,2041,3.986328
17273,512,2000,3.906250
17274,512,2000,3.906250
17275,512,2000,3.906250
17276,512,2000,3.906250
17277,512,2042,3.988281
17278,512,2042,3.988281
17279,512,2000,3.906250
17280,512,2125,4.150391
17281,512,2042,3.988281
17282,512,2042,3.988281
17283,512,2083,4.068359
17284,512,2000,3.906250
17285,512,2000,3.906250
17286,512,2041,3.986328
17287,512,1958,3.824219
17288,512,2000,3.906250
17289,512,2042,3.988281
17290,512,2042,3.988281
17291,512,2000,3.906250
17292,512,2000,3.906250
17293,512,2041,3.986328
17294,512,2000,3.906250
17295,512,2042,3.988281
17296,512,1959,3.826172
17297,512,2041,3.986328
17298,512,1958,3.824219
17299,512,1917,3.744141
17300,512,1959,3.826172
17301,512,2042,3.988281
17302,512,2000,3.906250
17303,512,2125,4.150391
17304,512,1958,3.824219
17305,512,2083,4.068359
17306,512,2125,4.150391
17307,512,2000,3.906250
17308,512,2000,3.906250
17309,512,2042,3.988281
17310,512,2000,3.906250
17311,512,2000,3.906250
17312,512,2000,3.906250
17313,512,2000,3.906250
17314,512,2041,3.986328
17315,512,2000,3.906250
17316,512,1959,3.826172
17317,512,2000,3.906250
17318,512,2000,3.906250
17319,512,2083,4.068359
17320,512,1959,3.826172
17321,512,2041,3.986328
17322,512,1959,3.826172
17323,512,1958,3.824219
17324,512,2000,3.906250
17325,512,2000,3.906250
17326,512,1958,3.824219
17327,512,2125,4.150391
17328,512,2000,3.906250
17329,512,2125,4.150391
17330,512,2000,3.906250
17331,512,2042,3.988281
17332,512,2041,3.986328
17333,512,2042,3.988281
17334,512,2042,3.988281
17335,512,2041,3.986328
17336,512,2000,3.906250
17337,512,1958,3.824219
17338,512,2000,3.906250
17339,512,1959,3.826172
17340,512,2125,4.150391
17341,512,2041,3.986328
17342,512,2042,3.988281
17343,512,2042,3.988281
17344,512,1958,3.824219
17345,512,2042,3.988281
17346,512,2125,4.150391
17347,512,2084,4.070312
17348,512,2041,3.986328
17349,512,2000,3.906250
17350,512,2042,3.988281
17351,512,2000,3.906250
17352,512,2041,3.986328
17353,512,2000,3.906250
17354,512,2042,3.988281
17355,512,2000,3.906250
17356,512,2042,3.988281
17357,512,1917,3.744141
17358,512,2000,3.906250
17359,512,2041,3.986328
17360,512,2042,3.988281
17361,512,1875,3.662109
17362,512,2041,3.986328
17363,512,2000,3.906250
17364,512,2042,3.988281
17365,512,2125,4.150391
17366,512,2000,3.906250
17367,512,2000,3.906250
17368,512,2042,3.988281
17369,512,2041,3.986328
17370,512,2000,3.906250
17371,512,2042,3.988281
17372,512,2000,3.906250
17373,512,2041,3.986328
17374,512,2042,3.988281
17375,512,1916,3.742188
17376,512,2000,3.906250
17377,512,2000,3.906250
17378,512,2042,3.988281
17379,512,2000,3.906250
17380,512,2041,3.986328
17381,512,2000,3.906250
17382,512,2000,3.906250
17383,512,2042,3.988281
17384,512,2000,3.906250
17385,512,2000,3.906250
17386,512,1959,3.826172
17387,512,2000,3.906250
17388,512,2125,4.150391
17389,512,2166,4.230469
17390,512,2042,3.988281
17391,512,2000,3.906250
17392,512,2084,4.070312
17393,512,2041,3.986328
17394,512,2000,3.906250
17395,512,2042,3.988281
17396,512,2041,3.986328
17397,512,2000,3.906250
17398,512,1917,3.744141
17399,512,2000,3.906250
17400,512,2084,4.070312
17401,512,1875,3.662109
17402,512,2000,3.906250
17403,512,2083,4.068359
17404,512,1958,3.824219
17405,512,2042,3.988281
17406,512,1958,3.824219
17407,512,2000,3.906250
17408,512,1958,3.824219
17409,512,2083,4.068359
17410,512,2042,3.988281
17411,512,1958,3.824219
17412,512,2000,3.906250
17413,512,1916,3.742188
17414,512,2000,3.906250
17415,512,2042,3.988281
17416,512,2041,3.986328
17417,512,2084,4.070312
17418,512,2000,3.906250
17419,512,1959,3.826172
17420,512,1917,3.744141
17421,512,2000,3.906250
17422,512,1958,3.824219
17423,512,2000,3.906250
17424,512,2083,4.068359
17425,512,2042,3.988281
17426,512,2041,3.986328
17427,512,2042,3.988281
17428,512,2125,4.150391
17429,512,2041,3.986328
17430,512,2000,3.906250
17431,512,2042,3.988281
17432,512,2000,3.906250
17433,512,2083,4.068359
17434,512,2083,4.068359
17435,512,2000,3.906250
17436,512,1958,3.824219
17437,512,2042,3.988281
17438,512,1916,3.742188
17439,512,2000,3.906250
17440,512,2083,4.068359
17441,512,1959,3.826172
17442,512,1917,3.744141
17443,512,2042,3.988281
17444,512,2000,3.906250
17445,512,2000,3.906250
17446,512,2041,3.986328
17447,512,2084,4.070312
17448,512,2041,3.986328
17449,512,2042,3.988281
17450,512,1958,3.824219
17451,512,1958,3.824219
17452,512,1959,3.826172
17453,512,2083,4.068359
17454,512,1958,3.824219
17455,512,1958,3.824219
17456,512,2042,3.988281
17457,512,2125,4.150391
17458,512,2083,4.068359
17459,512,1958,3.824219
17460,512,2000,3.906250
17461,512,1958,3.824219
17462,512,2000,3.906250
17463,512,2000,3.906250
17464,512,2042,3.988281
17465,512,1959,3.826172
17466,512,2000,3.906250
17467,512,2083,4.068359
17468,512,2125,4.150391
17469,512,2042,3.988281
17470,512,2041,3.986328
17471,512,2000,3.906250
17472,512,2000,3.906250
17473,512,2041,3.986328
17474,512,2084,4.070312
17475,512,2083,4.068359
17476,512,2042,3.988281
17477,512,2000,3.906250
17478,512,2042,3.988281
17479,512,2042,3.988281
17480,512,1958,3.824219
17481,512,2000,3.906250
17482,512,1916,3.742188
17483,512,1958,3.824219
17484,512,2084,4.070312
17485,512,2041,3.986328
17486,512,2000,3.906250
17487,512,2000,3.906250
17488,512,2167,4.232422
17489,512,2041,3.986328
17490,512,2042,3.988281
17491,512,1958,3.824219
17492,512,2042,3.988281
17493,512,1916,3.742188
17494,512,2042,3.988281
17495,512,2000,3.906250
17496,512,2083,4.068359
17497,512,2000,3.906250
17498,512,1917,3.744141
17499,512,2041,3.986328
17500,512,2042,3.988281
17501,512,2000,3.906250
17502,512,2000,3.906250
17503,512,2000,3.906250
17504,512,2000,3.906250
17505,512,2041,3.986328
17506,512,1959,3.826172
17507,512,2042,3.988281
17508,512,2042,3.988281
17509,512,2041,3.986328
17510,512,2000,3.906250
17511,512,1917,3.744141
17512,512,2000,3.906250
17513,512,2000,3.906250
17514,512,1958,3.824219
17515,512,2041,3.986328
17516,512,2084,4.070312
17517,512,2000,3.906250
17518,512,2042,3.988281
17519,512,2042,3.988281
17520,512,1917,3.744141
17521,512,2083,4.068359
17522,512,2042,3.988281
17523,512,1958,3.824219
17524,512,1958,3.824219
17525,512,1958,3.824219
17526,512,2083,4.068359
17527,512,2042,3.988281
17528,512,2083,4.068359
17529,512,2084,4.070312
17530,512,2000,3.906250
17531,512,2042,3.988281
17532,512,1958,3.824219
17533,512,2083,4.068359
17534,512,2083,4.068359
17535,512,2041,3.986328
17536,512,2459,4.802734
17537,512,1958,3.824219
17538,512,1958,3.824219
17539,512,1958,3.824219
17540,512,2041,3.986328
17541,512,2000,3.906250
17542,512,2125,4.150391
17543,512,2084,4.070312
17544,512,1916,3.742188
17545,512,2042,3.988281
17546,512,2000,3.906250
17547,512,2041,3.986328
17548,512,2000,3.906250
17549,512,1958,3.824219
17550,512,2042,3.988281
17551,512,2000,3.906250
17552,512,2042,3.988281
17553,512,2042,3.988281
17554,512,2000,3.906250
17555,512,2084,4.070312
17556,512,2042,3.988281
17557,512,2125,4.150391
17558,512,2000,3.906250
17559,512,1958,3.824219
17560,512,1958,3.824219
17561,512,1917,3.744141
17562,512,2125,4.150391
17563,512,2000,3.906250
17564,512,2042,3.988281
17565,512,2000,3.906250
17566,512,2000,3.906250
17567,512,2125,4.150391
17568,512,2000,3.906250
17569,512,2083,4.068359
17570,512,2042,3.988281
17571,512,2000,3.906250
17572,512,2042,3.988281
17573,512,2084,4.070312
17574,512,2000,3.906250
17575,512,2000,3.906250
17576,512,1959,3.826172
17577,512,2083,4.068359
17578,512,2000,3.906250
17579,512,2125,4.150391
17580,512,1959,3.826172
17581,512,2000,3.906250
17582,512,2125,4.150391
17583,512,2042,3.988281
17584,512,3375,6.591797
17585,512,2083,4.068359
17586,512,2000,3.906250
17587,512,1959,3.826172
17588,512,2083,4.068359
17589,512,2041,3.986328
17590,512,2000,3.906250
17591,512,1958,3.824219
17592,512,1958,3.824219
17593,512,2000,3.906250
17594,512,2041,3.986328
17595,512,2000,3.906250
17596,512,1958,3.824219
17597,512,2000,3.906250
17598,512,1917,3.744141
17599,512,2000,3.906250
17600,512,2000,3.906250
17601,512,2000,3.906250
17602,512,2083,4.068359
17603,512,2125,4.150391
17604,512,2625,5.126953
17605,512,2708,5.289062
17606,512,2500,4.882812
17607,512,2500,4.882812
17608,512,2583,5.044922
17609,512,2500,4.882812
17610,512,2542,4.964844
17611,512,2584,5.046875
17612,512,2458,4.800781
17613,512,2500,4.882812
17614,512,2542,4.964844
17615,512,2541,4.962891
17616,512,2584,5.046875
17617,512,2667,5.208984
17618,512,2625,5.126953
17619,512,2167,4.232422
17620,512,2041,3.986328
17621,512,2042,3.988281
17622,512,1958,3.824219
17623,512,1958,3.824219
17624,512,2083,4.068359
17625,512,1958,3.824219
17626,512,1958,3.824219
17627,512,2167,4.232422
17628,512,2042,3.988281
17629,512,1958,3.824219
17630,512,2000,3.906250
17631,512,1958,3.824219
17632,512,2000,3.906250
17633,512,2000,3.906250
17634,512,2083,4.068359
17635,512,2042,3.988281
17636,512,2041,3.986328
17637,512,2042,3.988281
17638,512,1958,3.824219
17639,512,2042,3.988281
17640,512,2041,3.986328
17641,512,2042,3.988281
17642,512,2083,4.068359
17643,512,2042,3.988281
17644,512,2042,3.988281
17645,512,1917,3.744141
17646,512,2000,3.906250
17647,512,2042,3.988281
17648,512,2000,3.906250
17649,512,2041,3.986328
17650,512,1917,3.744141
17651,512,1958,3.824219
17652,512,2000,3.906250
17653,512,2083,4.068359
17654,512,2083,4.068359
17655,512,2000,3.906250
17656,512,2083,4.068359
17657,512,2000,3.906250
17658,512,2000,3.906250
17659,512,1958,3.824219
17660,512,2042,3.988281
17661,512,2000,3.906250
17662,512,2041,3.986328
17663,512,2000,3.906250
17664,512,2083,4.068359
17665,512,2042,3.988281
17666,512,2042,3.988281
17667,512,1917,3.744141
17668,512,2000,3.906250
17669,512,1959,3.826172
17670,512,2000,3.906250
17671,512,2042,3.988281
17672,512,2083,4.068359
17673,512,2125,4.150391
17674,512,2042,3.988281
17675,512,1958,3.824219
17676,512,2000,3.906250
17677,512,1959,3.826172
17678,512,2041,3.986328
17679,512,2125,4.150391
17680,512,2000,3.906250
17681,512,2000,3.906250
17682,512,2000,3.906250
17683,512,2000,3.906250
17684,512,2042,3.988281
17685,512,2041,3.986328
17686,512,1959,3.826172
17687,512,2042,3.988281
17688,512,2000,3.906250
17689,512,2083,4.068359
17690,512,2042,3.988281
17691,512,2000,3.906250
17692,512,2083,4.068359
17693,512,1959,3.826172
17694,512,2000,3.906250
17695,512,2000,3.906250
17696,512,2083,4.068359
17697,512,2000,3.906250
17698,512,2000,3.906250
17699,512,2000,3.906250
17700,512,2125,4.150391
17701,512,1959,3.826172
17702,512,1958,3.824219
17703,512,1958,3.824219
17704,512,2041,3.986328
17705,512,2000,3.906250
17706,512,1917,3.744141
17707,512,1958,3.824219
17708,512,2042,3.988281
17709,512,1958,3.824219
17710,512,1917,3.744141
17711,512,2000,3.906250
17712,512,2000,3.906250
17713,512,2041,3.986328
17714,512,1959,3.826172
17715,512,1959,3.826172
17716,512,2000,3.906250
17717,512,2083,4.068359
17718,512,2041,3.986328
17719,512,2042,3.988281
17720,512,2041,3.986328
17721,512,2000,3.906250
17722,512,2042,3.988281
17723,512,2042,3.988281
17724,512,2041,3.986328
17725,512,1958,3.824219
17726,512,2042,3.988281
17727,512,2125,4.150391
17728,512,2166,4.230469
17729,512,2042,3.988281
17730,512,2000,3.906250
17731,512,2000,3.906250
17732,512,2000,3.906250
17733,512,2041,3.986328
17734,512,2042,3.988281
17735,512,2083,4.068359
17736,512,2084,4.070312
17737,512,2000,3.906250
17738,512,2000,3.906250
17739,512,2000,3.906250
17740,512,2000,3.906250
17741,512,2125,4.150391
17742,512,2000,3.906250
17743,512,2042,3.988281
17744,512,2042,3.988281
17745,512,1958,3.824219
17746,512,2084,4.070312
17747,512,2000,3.906250
17748,512,2042,3.988281
17749,512,1958,3.824219
17750,512,2083,4.068359
17751,512,2084,4.070312
17752,512,2041,3.986328
17753,512,2084,4.070312
17754,512,1959,3.826172
17755,512,1959,3.826172
17756,512,2000,3.906250
17757,512,1916,3.742188
17758,512,2042,3.988281
17759,512,2083,4.068359
17760,512,1959,3.826172
17761,512,1958,3.824219
17762,512,1958,3.824219
17763,512,1917,3.744141
17764,512,2041,3.986328
17765,512,2083,4.068359
17766,512,2083,4.068359
17767,512,2042,3.988281
17768,512,2000,3.906250
17769,512,2042,3.988281
17770,512,2000,3.906250
17771,512,2083,4.068359
17772,512,2042,3.988281
17773,512,2041,3.986328
17774,512,2042,3.988281
17775,512,2041,3.986328
17776,512,2000,3.906250
17777,512,2042,3.988281
17778,512,1958,3.824219
17779,512,2041,3.986328
17780,512,2042,3.988281
17781,512,1958,3.824219
17782,512,2000,3.906250
17783,512,2041,3.986328
17784,512,1958,3.824219
17785,512,1917,3.744141
17786,512,2000,3.906250
17787,512,2000,3.906250
17788,512,2084,4.070312
17789,512,2083,4.068359
17790,512,2000,3.906250
17791,512,1958,3.824219
17792,512,2167,4.232422
17793,512,2000,3.906250
17794,512,2041,3.986328
17795,512,2000,3.906250
17796,512,1958,3.824219
17797,512,2084,4.070312
17798,512,1958,3.824219
17799,512,2000,3.906250
17800,512,1958,3.824219
17801,512,1958,3.824219
17802,512,2000,3.906250
17803,512,2000,3.906250
17804,512,2000,3.906250
17805,512,2000,3.906250
17806,512,1958,3.824219
17807,512,2042,3.988281
17808,512,2000,3.906250
17809,512,2083,4.068359
17810,512,1917,3.744141
17811,512,1917,3.744141
17812,512,2000,3.906250
17813,512,1959,3.826172
17814,512,2083,4.068359
17815,512,1958,3.824219
17816,512,2000,3.906250
17817,512,1959,3.826172
17818,512,2083,4.068359
17819,512,2042,3.988281
17820,512,2041,3.986328
17821,512,2042,3.988281
17822,512,2000,3.906250
17823,512,2125,4.150391
17824,512,2000,3.906250
17825,512,2042,3.988281
17826,512,2000,3.906250
17827,512,2042,3.988281
17828,512,1958,3.824219
17829,512,2000,3.906250
17830,512,2083,4.068359
17831,512,1917,3.744141
17832,512,1958,3.824219
17833,512,2083,4.068359
17834,512,2042,3.988281
17835,512,1958,3.824219
17836,512,1958,3.824219
17837,512,2083,4.068359
17838,512,2000,3.906250
17839,512,2000,3.906250
17840,512,2083,4.068359
17841,512,2042,3.988281
17842,512,2041,3.986328
17843,512,1917,3.744141
17844,512,2000,3.906250
17845,512,1958,3.824219
17846,512,2042,3.988281
17847,512,2041,3.986328
17848,512,2000,3.906250
17849,512,1959,3.826172
17850,512,1916,3.742188
17851,512,2084,4.070312
17852,512,2083,4.068359
17853,512,2083,4.068359
17854,512,2000,3.906250
17855,512,2000,3.906250
17856,512,2000,3.906250
17857,512,2000,3.906250
17858,512,1958,3.824219
17859,512,2083,4.068359
17860,512,2000,3.906250
17861,512,2042,3.988281
17862,512,2041,3.986328
17863,512,2042,3.988281
17864,512,2000,3.906250
17865,512,2042,3.988281
17866,512,2000,3.906250
17867,512,2042,3.988281
17868,512,2083,4.068359
17869,512,2084,4.070312
17870,512,2041,3.986328
17871,512,2042,3.988281
17872,512,2000,3.906250
17873,512,2208,4.312500
17874,512,1959,3.826172
17875,512,2042,3.988281
17876,512,2042,3.988281
17877,512,2041,3.986328
17878,512,2042,3.988281
17879,512,1958,3.824219
17880,512,2000,3.906250
17881,512,2000,3.906250
17882,512,2083,4.068359
17883,512,2000,3.906250
17884,512,2000,3.906250
17885,512,2125,4.150391
17886,512,2042,3.988281
17887,512,2083,4.068359
17888,512,2083,4.068359
17889,512,2000,3.906250
17890,512,2000,3.906250
17891,512,2000,3.906250
17892,512,2000,3.906250
17893,512,1959,3.826172
17894,512,1958,3.824219
17895,512,2000,3.906250
17896,512,1917,3.744141
17897,512,2041,3.986328
17898,512,1959,3.826172
17899,512,1959,3.826172
17900,512,2084,4.070312
17901,512,1916,3.742188
17902,512,2042,3.988281
17903,512,2041,3.986328
17904,512,2084,4.070312
17905,512,1959,3.826172
17906,512,1958,3.824219
17907,512,1958,3.824219
17908,512,2042,3.988281
17909,512,2041,3.986328
17910,512,2042,3.988281
17911,512,2000,3.906250
17912,512,2083,4.068359
17913,512,2000,3.906250
17914,512,2083,4.068359
17915,512,2084,4.070312
17916,512,2041,3.986328
17917,512,2000,3.906250
17918,512,2125,4.150391
17919,512,2083,4.068359
17920,512,2000,3.906250
17921,512,1958,3.824219
17922,512,2000,3.906250
17923,512,2041,3.986328
17924,512,1958,3.824219
17925,512,2000,3.906250
17926,512,2042,3.988281
17927,512,1959,3.826172
17928,512,2083,4.068359
17929,512,2083,4.068359
17930,512,2042,3.988281
17931,512,2000,3.906250
17932,512,2000,3.906250
17933,512,2000,3.906250
17934,512,2042,3.988281
17935,512,2042,3.988281
17936,512,2000,3.906250
17937,512,2042,3.988281
17938,512,2000,3.906250
17939,512,2000,3.906250
17940,512,1958,3.824219
17941,512,2000,3.906250
17942,512,1958,3.824219
17943,512,2000,3.906250
17944,512,1958,3.824219
17945,512,2042,3.988281
17946,512,2042,3.988281
17947,512,1958,3.824219
17948,512,2000,3.906250
17949,512,2000,3.906250
17950,512,2000,3.906250
17951,512,1959,3.826172
17952,512,1958,3.824219
17953,512,2000,3.906250
17954,512,2041,3.986328
17955,512,1917,3.744141
17956,512,2000,3.906250
17957,512,2000,3.906250
17958,512,2083,4.068359
17959,512,1959,3.826172
17960,512,2083,4.068359
17961,512,2042,3.988281
17962,512,1958,3.824219
17963,512,2083,4.068359
17964,512,2000,3.906250
17965,512,2000,3.906250
17966,512,2041,3.986328
17967,512,2000,3.906250
17968,512,2000,3.906250
17969,512,2000,3.906250
17970,512,2125,4.150391
17971,512,2000,3.906250
17972,512,1916,3.742188
17973,512,2000,3.906250
17974,512,2000,3.906250
17975,512,2041,3.986328
17976,512,2042,3.988281
17977,512,2042,3.988281
17978,512,2083,4.068359
17979,512,2083,4.068359
17980,512,2000,3.906250
17981,512,1958,3.824219
17982,512,2042,3.988281
17983,512,2083,4.068359
17984,512,2000,3.906250
17985,512,1958,3.824219
17986,512,2041,3.986328
17987,512,2042,3.988281
17988,512,1958,3.824219
17989,512,2000,3.906250
17990,512,1959,3.826172
17991,512,1959,3.826172
17992,512,2208,4.312500
17993,512,2042,3.988281
17994,512,2083,4.068359
17995,512,2042,3.988281
17996,512,2000,3.906250
17997,512,2000,3.906250
17998,512,2000,3.906250
17999,512,1958,3.824219
18000,512,2000,3.906250
18001,512,2041,3.986328
18002,512,2042,3.988281
18003,512,2041,3.986328
18004,512,2084,4.070312
18005,512,2000,3.906250
18006,512,1917,3.744141
18007,512,2041,3.986328
18008,512,2042,3.988281
18009,512,2000,3.906250
18010,512,1916,3.742188
18011,512,2000,3.906250
18012,512,2125,4.150391
18013,512,2042,3.988281
18014,512,2041,3.986328
18015,512,1959,3.826172
18016,512,2041,3.986328
18017,512,2000,3.906250
18018,512,2042,3.988281
18019,512,2041,3.986328
18020,512,2000,3.906250
18021,512,2000,3.906250
18022,512,2042,3.988281
18023,512,2041,3.986328
18024,512,2084,4.070312
18025,512,2041,3.986328
18026,512,2125,4.150391
18027,512,2042,3.988281
18028,512,2083,4.068359
18029,512,2125,4.150391
18030,512,2125,4.150391
18031,512,2000,3.906250
18032,512,2042,3.988281
18033,512,2041,3.986328
18034,512,2000,3.906250
18035,512,2125,4.150391
18036,512,2041,3.986328
18037,512,2000,3.906250
18038,512,2083,4.068359
18039,512,2042,3.988281
18040,512,2042,3.988281
18041,512,2000,3.906250
18042,512,2000,3.906250
18043,512,1958,3.824219
18044,512,2083,4.068359
18045,512,2042,3.988281
18046,512,2083,4.068359
18047,512,1959,3.826172
18048,512,2166,4.230469
18049,512,2042,3.988281
18050,512,2125,4.150391
18051,512,2083,4.068359
18052,512,2042,3.988281
18053,512,1917,3.744141
18054,512,2000,3.906250
18055,512,1959,3.826172
18056,512,1959,3.826172
18057,512,1958,3.824219
18058,512,1958,3.824219
18059,512,2000,3.906250
18060,512,2000,3.906250
18061,512,2084,4.070312
18062,512,2000,3.906250
18063,512,2000,3.906250
18064,512,2000,3.906250
18065,512,2042,3.988281
18066,512,2042,3.988281
18067,512,2041,3.986328
18068,512,2042,3.988281
18069,512,2000,3.906250
18070,512,2000,3.906250
18071,512,1958,3.824219
18072,512,2000,3.906250
18073,512,2042,3.988281
18074,512,2042,3.988281
18075,512,2083,4.068359
18076,512,2083,4.068359
18077,512,1958,3.824219
18078,512,2042,3.988281
18079,512,2041,3.986328
18080,512,2000,3.906250
18081,512,2000,3.906250
18082,512,2083,4.068359
18083,512,1958,3.824219
18084,512,2000,3.906250
18085,512,2000,3.906250
18086,512,1958,3.824219
18087,512,2000,3.906250
18088,512,2000,3.906250
18089,512,2042,3.988281
18090,512,2167,4.232422
18091,512,2083,4.068359
18092,512,2000,3.906250
18093,512,2125,4.150391
18094,512,1958,3.824219
18095,512,1958,3.824219
18096,512,1958,3.824219
18097,512,2042,3.988281
18098,512,2000,3.906250
18099,512,2000,3.906250
18100,512,2000,3.906250
18101,512,1916,3.742188
18102,512,1959,3.826172
18103,512,2041,3.986328
18104,512,2042,3.988281
18105,512,2000,3.906250
18106,512,1958,3.824219
18107,512,2041,3.986328
18108,512,2042,3.988281
18109,512,2000,3.906250
18110,512,2000,3.906250
18111,512,2083,4.068359
18112,512,1958,3.824219
18113,512,1959,3.826172
18114,512,2000,3.906250
18115,512,2000,3.906250
18116,512,2084,4.070312
18117,512,2041,3.986328
18118,512,1959,3.826172
18119,512,2000,3.906250
18120,512,2000,3.906250
18121,512,2042,3.988281
18122,512,2000,3.906250
18123,512,1959,3.826172
18124,512,2084,4.070312
18125,512,2084,4.070312
18126,512,2125,4.150391
18127,512,1958,3.824219
18128,512,1958,3.824219
18129,512,2000,3.906250
18130,512,2042,3.988281
18131,512,2000,3.906250
18132,512,2000,3.906250
18133,512,2041,3.986328
18134,512,1959,3.826172
18135,512,2083,4.068359
18136,512,2042,3.988281
18137,512,2125,4.150391
18138,512,2083,4.068359
18139,512,2042,3.988281
18140,512,1916,3.742188
18141,512,2000,3.906250
18142,512,2042,3.988281
18143,512,2041,3.986328
18144,512,2000,3.906250
18145,512,2000,3.906250
18146,512,2125,4.150391
18147,512,2084,4.070312
18148,512,2041,3.986328
18149,512,2084,4.070312
18150,512,1959,3.826172
18151,512,2083,4.068359
18152,512,2042,3.988281
18153,512,2000,3.906250
18154,512,2042,3.988281
18155,512,2083,4.068359
18156,512,2084,4.070312
18157,512,2000,3.906250
18158,512,2083,4.068359
18159,512,1916,3.742188
18160,512,2042,3.988281
18161,512,2000,3.906250
18162,512,2041,3.986328
18163,512,2042,3.988281
18164,512,2042,3.988281
18165,512,2041,3.986328
18166,512,2042,3.988281
18167,512,2083,4.068359
18168,512,2042,3.988281
18169,512,1959,3.826172
18170,512,2000,3.906250
18171,512,2000,3.906250
18172,512,2125,4.150391
18173,512,2083,4.068359
18174,512,1958,3.824219
18175,512,2000,3.906250
18176,512,2083,4.068359
18177,512,2042,3.988281
18178,512,2000,3.906250
18179,512,1958,3.824219
18180,512,2000,3.906250
18181,512,2084,4.070312
18182,512,2000,3.906250
18183,512,2084,4.070312
18184,512,2000,3.906250
18185,512,2000,3.906250
18186,512,2000,3.906250
18187,512,1917,3.744141
18188,512,1958,3.824219
18189,512,2000,3.906250
18190,512,2000,3.906250
18191,512,2084,4.070312
18192,512,2000,3.906250
18193,512,2083,4.068359
18194,512,1958,3.824219
18195,512,1917,3.744141
18196,512,1916,3.742188
18197,512,2042,3.988281
18198,512,2041,3.986328
18199,512,2000,3.906250
18200,512,1958,3.824219
18201,512,1958,3.824219
18202,512,2042,3.988281
18203,512,2083,4.068359
18204,512,1959,3.826172
18205,512,2041,3.986328
18206,512,2042,3.988281
18207,512,2000,3.906250
18208,512,2083,4.068359
18209,512,2042,3.988281
18210,512,2000,3.906250
18211,512,2041,3.986328
18212,512,2000,3.906250
18213,512,2000,3.906250
18214,512,2042,3.988281
18215,512,1958,3.824219
18216,512,2000,3.906250
18217,512,1959,3.826172
18218,512,2000,3.906250
18219,512,2000,3.906250
18220,512,2042,3.988281
18221,512,1959,3.826172
18222,512,1959,3.826172
18223,512,2041,3.986328
18224,512,2000,3.906250
18225,512,2000,3.906250
18226,512,2000,3.906250
18227,512,1959,3.826172
18228,512,2000,3.906250
18229,512,2125,4.150391
18230,512,2000,3.906250
18231,512,2084,4.070312
18232,512,2084,4.070312
18233,512,1916,3.742188
18234,512,1959,3.826172
18235,512,1959,3.826172
18236,512,1958,3.824219
18237,512,2042,3.988281
18238,512,1958,3.824219
18239,512,2042,3.988281
18240,512,2084,4.070312
18241,512,2041,3.986328
18242,512,1959,3.826172
18243,512,2042,3.988281
18244,512,2083,4.068359
18245,512,2125,4.150391
18246,512,2000,3.906250
18247,512,2042,3.988281
18248,512,2083,4.068359
18249,512,1958,3.824219
18250,512,2042,3.988281
18251,512,2042,3.988281
18252,512,2000,3.906250
18253,512,2041,3.986328
18254,512,1959,3.826172
18255,512,2084,4.070312
18256,512,2041,3.986328
18257,512,2083,4.068359
18258,512,1917,3.744141
18259,512,2000,3.906250
18260,512,2084,4.070312
18261,512,2000,3.906250
18262,512,1959,3.826172
18263,512,2083,4.068359
18264,512,2000,3.906250
18265,512,2000,3.906250
18266,512,1958,3.824219
18267,512,1958,3.824219
18268,512,2041,3.986328
18269,512,2042,3.988281
18270,512,2000,3.906250
18271,512,1959,3.826172
18272,512,2000,3.906250
18273,512,2000,3.906250
18274,512,1959,3.826172
18275,512,2041,3.986328
18276,512,2000,3.906250
18277,512,2000,3.906250
18278,512,2042,3.988281
18279,512,2000,3.906250
18280,512,2000,3.906250
18281,512,2000,3.906250
18282,512,2000,3.906250
18283,512,2083,4.068359
18284,512,2000,3.906250
18285,512,2000,3.906250
18286,512,2000,3.906250
18287,512,2000,3.906250
18288,512,2000,3.906250
18289,512,2000,3.906250
18290,512,1958,3.824219
18291,512,1916,3.742188
18292,512,2042,3.988281
18293,512,2000,3.906250
18294,512,1959,3.826172
18295,512,2042,3.988281
18296,512,2000,3.906250
18297,512,2041,3.986328
18298,512,2084,4.070312
18299,512,2083,4.068359
18300,512,2042,3.988281
18301,512,2041,3.986328
18302,512,2042,3.988281
18303,512,2000,3.906250
18304,512,2208,4.312500
18305,512,2042,3.988281
18306,512,2041,3.986328
18307,512,2042,3.988281
18308,512,2042,3.988281
18309,512,1917,3.744141
18310,512,2083,4.068359
18311,512,1958,3.824219
18312,512,1959,3.826172
18313,512,1958,3.824219
18314,512,1958,3.824219
18315,512,2083,4.068359
18316,512,2042,3.988281
18317,512,2208,4.312500
18318,512,2000,3.906250
18319,512,2000,3.906250
18320,512,2000,3.906250
18321,512,2042,3.988281
18322,512,2041,3.986328
18323,512,2042,3.988281
18324,512,2041,3.986328
18325,512,2000,3.906250
18326,512,2000,3.906250
18327,512,1917,3.744141
18328,512,2000,3.906250
18329,512,1875,3.662109
18330,512,2000,3.906250
18331,512,1917,3.744141
18332,512,1875,3.662109
18333,512,2042,3.988281
18334,512,1958,3.824219
18335,512,2000,3.906250
18336,512,2125,4.150391
18337,512,1958,3.824219
18338,512,1958,3.824219
18339,512,2042,3.988281
18340,512,2083,4.068359
18341,512,1917,3.744141
18342,512,1958,3.824219
18343,512,1916,3.742188
18344,512,2000,3.906250
18345,512,2000,3.906250
18346,512,2000,3.906250
18347,512,1958,3.824219
18348,512,2000,3.906250
18349,512,2000,3.906250
18350,512,2000,3.906250
18351,512,1959,3.826172
18352,512,2000,3.906250
18353,512,1959,3.826172
18354,512,1958,3.824219
18355,512,2000,3.906250
18356,512,2125,4.150391
18357,512,2083,4.068359
18358,512,2000,3.906250
18359,512,2042,3.988281
18360,512,2041,3.986328
18361,512,2042,3.988281
18362,512,2042,3.988281
18363,512,2041,3.986328
18364,512,1958,3.824219
18365,512,2000,3.906250
18366,512,2042,3.988281
18367,512,2041,3.986328
18368,512,2084,4.070312
18369,512,2084,4.070312
18370,512,2000,3.906250
18371,512,2000,3.906250
18372,512,2041,3.986328
18373,512,1959,3.826172
18374,512,2042,3.988281
18375,512,2041,3.986328
18376,512,2042,3.988281
18377,512,1958,3.824219
18378,512,2000,3.906250
18379,512,2042,3.988281
18380,512,2000,3.906250
18381,512,1958,3.824219
18382,512,1958,3.824219
18383,512,2000,3.906250
18384,512,2000,3.906250
18385,512,2042,3.988281
18386,512,2041,3.986328
18387,512,2042,3.988281
18388,512,2042,3.988281
18389,512,2041,3.986328
18390,512,2042,3.988281
18391,512,2042,3.988281
18392,512,2042,3.988281
18393,512,2083,4.068359
18394,512,2000,3.906250
18395,512,2000,3.906250
18396,512,2042,3.988281
18397,512,2000,3.906250
18398,512,2042,3.988281
18399,512,2000,3.906250
18400,512,2042,3.988281
18401,512,2083,4.068359
18402,512,2042,3.988281
18403,512,1916,3.742188
18404,512,1958,3.824219
18405,512,2042,3.988281
18406,512,2042,3.988281
18407,512,2042,3.988281
18408,512,2041,3.986328
18409,512,2042,3.988281
18410,512,1958,3.824219
18411,512,1916,3.742188
18412,512,1958,3.824219
18413,512,2000,3.906250
18414,512,2000,3.906250
18415,512,2042,3.988281
18416,512,2041,3.986328
18417,512,2042,3.988281
18418,512,2125,4.150391
18419,512,2041,3.986328
18420,512,2084,4.070312
18421,512,2041,3.986328
18422,512,2000,3.906250
18423,512,2042,3.988281
18424,512,2041,3.986328
18425,512,1959,3.826172
18426,512,2041,3.986328
18427,512,2042,3.988281
18428,512,2041,3.986328
18429,512,2042,3.988281
18430,512,2042,3.988281
18431,512,2000,3.906250
18432,512,2000,3.906250
18433,512,2041,3.986328
18434,512,2042,3.988281
18435,512,2041,3.986328
18436,512,2125,4.150391
18437,512,1959,3.826172
18438,512,2000,3.906250
18439,512,2000,3.906250
18440,512,2042,3.988281
18441,512,1958,3.824219
18442,512,2083,4.068359
18443,512,2000,3.906250
18444,512,1958,3.824219
18445,512,2000,3.906250
18446,512,2042,3.988281
18447,512,1958,3.824219
18448,512,2041,3.986328
18449,512,1959,3.826172
18450,512,2083,4.068359
18451,512,2000,3.906250
18452,512,2000,3.906250
18453,512,2041,3.986328
18454,512,2084,4.070312
18455,512,2042,3.988281
18456,512,2041,3.986328
18457,512,1958,3.824219
18458,512,2042,3.988281
18459,512,1959,3.826172
18460,512,1959,3.826172
18461,512,2041,3.986328
18462,512,2000,3.906250
18463,512,1958,3.824219
18464,512,1959,3.826172
18465,512,2042,3.988281
18466,512,1958,3.824219
18467,512,1958,3.824219
18468,512,1958,3.824219
18469,512,2042,3.988281
18470,512,2125,4.150391
18471,512,1958,3.824219
18472,512,2042,3.988281
18473,512,1958,3.824219
18474,512,2000,3.906250
18475,512,1958,3.824219
18476,512,1916,3.742188
18477,512,2000,3.906250
18478,512,2041,3.986328
18479,512,2167,4.232422
18480,512,2000,3.906250
18481,512,2042,3.988281
18482,512,2000,3.906250
18483,512,2125,4.150391
18484,512,2084,4.070312
18485,512,2041,3.986328
18486,512,2042,3.988281
18487,512,1958,3.824219
18488,512,2125,4.150391
18489,512,2042,3.988281
18490,512,2000,3.906250
18491,512,2041,3.986328
18492,512,2167,4.232422
18493,512,1875,3.662109
18494,512,2000,3.906250
18495,512,2000,3.906250
18496,512,1959,3.826172
18497,512,2084,4.070312
18498,512,2041,3.986328
18499,512,1917,3.744141
18500,512,2125,4.150391
18501,512,2041,3.986328
18502,512,2000,3.906250
18503,512,2167,4.232422
18504,512,2000,3.906250
18505,512,2167,4.232422
18506,512,1958,3.824219
18507,512,1958,3.824219
18508,512,1916,3.742188
18509,512,2000,3.906250
18510,512,2000,3.906250
18511,512,2042,3.988281
18512,512,2041,3.986328
18513,512,2042,3.988281
18514,512,2042,3.988281
18515,512,2000,3.906250
18516,512,2042,3.988281
18517,512,2083,4.068359
18518,512,2084,4.070312
18519,512,2041,3.986328
18520,512,2000,3.906250
18521,512,2000,3.906250
18522,512,2125,4.150391
18523,512,1958,3.824219
18524,512,1958,3.824219
18525,512,2042,3.988281
18526,512,1958,3.824219
18527,512,1958,3.824219
18528,512,2084,4.070312
18529,512,2000,3.906250
18530,512,1959,3.826172
18531,512,2000,3.906250
18532,512,1875,3.662109
18533,512,1959,3.826172
18534,512,2000,3.906250
18535,512,2125,4.150391
18536,512,1917,3.744141
18537,512,2000,3.906250
18538,512,2125,4.150391
18539,512,2000,3.906250
18540,512,2000,3.906250
18541,512,2041,3.986328
18542,512,1917,3.744141
18543,512,1958,3.824219
18544,512,2041,3.986328
18545,512,1958,3.824219
18546,512,2000,3.906250
18547,512,1875,3.662109
18548,512,2000,3.906250
18549,512,2041,3.986328
18550,512,1917,3.744141
18551,512,2042,3.988281
18552,512,1958,3.824219
18553,512,2042,3.988281
18554,512,1958,3.824219
18555,512,2000,3.906250
18556,512,2042,3.988281
18557,512,2083,4.068359
18558,512,2000,3.906250
18559,512,2041,3.986328
18560,512,2250,4.394531
18561,512,2042,3.988281
18562,512,2000,3.906250
18563,512,2041,3.986328
18564,512,2042,3.988281
18565,512,2042,3.988281
18566,512,1959,3.826172
18567,512,2000,3.906250
18568,512,1958,3.824219
18569,512,2042,3.988281
18570,512,2000,3.906250
18571,512,2000,3.906250
18572,512,2042,3.988281
18573,512,1917,3.744141
18574,512,15791,30.841797
18575,512,1958,3.824219
18576,512,2084,4.070312
18577,512,2166,4.230469
18578,512,2000,3.906250
18579,512,2042,3.988281
18580,512,2125,4.150391
18581,512,2125,4.150391
18582,512,1958,3.824219
18583,512,2041,3.986328
18584,512,2000,3.906250
18585,512,2042,3.988281
18586,512,1958,3.824219
18587,512,2042,3.988281
18588,512,2042,3.988281
18589,512,2083,4.068359
18590,512,2000,3.906250
18591,512,2083,4.068359
18592,512,2042,3.988281
18593,512,1958,3.824219
18594,512,2000,3.906250
18595,512,2125,4.150391
18596,512,2000,3.906250
18597,512,2000,3.906250
18598,512,2000,3.906250
18599,512,2041,3.986328
18600,512,2042,3.988281
18601,512,1958,3.824219
18602,512,1917,3.744141
18603,512,1916,3.742188
18604,512,2000,3.906250
18605,512,2000,3.906250
18606,512,2000,3.906250
18607,512,2083,4.068359
18608,512,2042,3.988281
18609,512,1917,3.744141
18610,512,2041,3.986328
18611,512,1958,3.824219
18612,512,1958,3.824219
18613,512,1959,3.826172
18614,512,1875,3.662109
18615,512,2000,3.906250
18616,512,1959,3.826172
18617,512,2083,4.068359
18618,512,2000,3.906250
18619,512,2000,3.906250
18620,512,2042,3.988281
18621,512,2000,3.906250
18622,512,2042,3.988281
18623,512,1958,3.824219
18624,512,2000,3.906250
18625,512,1958,3.824219
18626,512,2042,3.988281
18627,512,2041,3.986328
18628,512,2042,3.988281
18629,512,2000,3.906250
18630,512,2083,4.068359
18631,512,2042,3.988281
18632,512,1959,3.826172
18633,512,2041,3.986328
18634,512,1959,3.826172
18635,512,2000,3.906250
18636,512,2000,3.906250
18637,512,2083,4.068359
18638,512,2042,3.988281
18639,512,2083,4.068359
18640,512,2000,3.906250
18641,512,2000,3.906250
18642,512,2000,3.906250
18643,512,2041,3.986328
18644,512,2042,3.988281
18645,512,2042,3.988281
18646,512,2000,3.906250
18647,512,1959,3.826172
18648,512,2041,3.986328
18649,512,2042,3.988281
18650,512,2000,3.906250
18651,512,1959,3.826172
18652,512,1916,3.742188
18653,512,2042,3.988281
18654,512,2084,4.070312
18655,512,1958,3.824219
18656,512,2000,3.906250
18657,512,2000,3.906250
18658,512,2041,3.986328
18659,512,1959,3.826172
18660,512,2041,3.986328
18661,512,2000,3.906250
18662,512,2000,3.906250
18663,512,2042,3.988281
18664,512,2042,3.988281
18665,512,2083,4.068359
18666,512,2042,3.988281
18667,512,2083,4.068359
18668,512,2084,4.070312
18669,512,2084,4.070312
18670,512,2000,3.906250
18671,512,2083,4.068359
18672,512,2083,4.068359
18673,512,2042,3.988281
18674,512,2041,3.986328
18675,512,2125,4.150391
18676,512,2042,3.988281
18677,512,1958,3.824219
18678,512,2083,4.068359
18679,512,2167,4.232422
18680,512,2041,3.986328
18681,512,2083,4.068359
18682,512,2042,3.988281
18683,512,2125,4.150391
18684,512,2125,4.150391
18685,512,2125,4.150391
18686,512,2000,3.906250
18687,512,2042,3.988281
18688,512,2125,4.150391
18689,512,2125,4.150391
18690,512,2042,3.988281
18691,512,2041,3.986328
18692,512,2084,4.070312
18693,512,1834,3.582031
18694,512,1917,3.744141
18695,512,1958,3.824219
18696,512,2000,3.906250
18697,512,2042,3.988281
18698,512,2042,3.988281
18699,512,2083,4.068359
18700,512,1958,3.824219
18701,512,2000,3.906250
18702,512,1958,3.824219
18703,512,2083,4.068359
18704,512,2125,4.150391
18705,512,2084,4.070312
18706,512,2041,3.986328
18707,512,2125,4.150391
18708,512,2041,3.986328
18709,512,2000,3.906250
18710,512,2042,3.988281
18711,512,2000,3.906250
18712,512,1958,3.824219
18713,512,2083,4.068359
18714,512,2042,3.988281
18715,512,2083,4.068359
18716,512,2000,3.906250
18717,512,2083,4.068359
18718,512,2083,4.068359
18719,512,2125,4.150391
18720,512,2000,3.906250
18721,512,6084,11.882812
18722,512,2292,4.476562
18723,512,2042,3.988281
18724,512,2000,3.906250
18725,512,2084,4.070312
18726,512,2042,3.988281
18727,512,2042,3.988281
18728,512,2000,3.906250
18729,512,1959,3.826172
18730,512,1959,3.826172
18731,512,1958,3.824219
18732,512,2000,3.906250
18733,512,2000,3.906250
18734,512,2000,3.906250
18735,512,2000,3.906250
18736,512,2000,3.906250
18737,512,2167,4.232422
18738,512,2000,3.906250
18739,512,2125,4.150391
18740,512,2125,4.150391
18741,512,2000,3.906250
18742,512,1959,3.826172
18743,512,2166,4.230469
18744,512,1917,3.744141
18745,512,2000,3.906250
18746,512,2083,4.068359
18747,512,2083,4.068359
18748,512,2042,3.988281
18749,512,1958,3.824219
18750,512,2000,3.906250
18751,512,2125,4.150391
18752,512,1917,3.744141
18753,512,1916,3.742188
18754,512,2000,3.906250
18755,512,1958,3.824219
18756,512,1958,3.824219
18757,512,2042,3.988281
18758,512,1958,3.824219
18759,512,1958,3.824219
18760,512,2000,3.906250
18761,512,2000,3.906250
18762,512,2041,3.986328
18763,512,2000,3.906250
18764,512,2083,4.068359
18765,512,2000,3.906250
18766,512,2000,3.906250
18767,512,1958,3.824219
18768,512,2083,4.068359
18769,512,2042,3.988281
18770,512,2042,3.988281
18771,512,2083,4.068359
18772,512,1916,3.742188
18773,512,2000,3.906250
18774,512,2000,3.906250
18775,512,2041,3.986328
18776,512,2042,3.988281
18777,512,1958,3.824219
18778,512,2125,4.150391
18779,512,2000,3.906250
18780,512,2041,3.986328
18781,512,2000,3.906250
18782,512,2042,3.988281
18783,512,2083,4.068359
18784,512,1958,3.824219
18785,512,2084,4.070312
18786,512,2084,4.070312
18787,512,2000,3.906250
18788,512,2041,3.986328
18789,512,2042,3.988281
18790,512,2083,4.068359
18791,512,2042,3.988281
18792,512,2000,3.906250
18793,512,2000,3.906250
18794,512,2000,3.906250
18795,512,2042,3.988281
18796,512,1958,3.824219
18797,512,2000,3.906250
18798,512,2125,4.150391
18799,512,1958,3.824219
18800,512,2000,3.906250
18801,512,1958,3.824219
18802,512,2083,4.068359
18803,512,2042,3.988281
18804,512,2042,3.988281
18805,512,2000,3.906250
18806,512,2000,3.906250
18807,512,2084,4.070312
18808,512,2000,3.906250
18809,512,2042,3.988281
18810,512,1958,3.824219
18811,512,2000,3.906250
18812,512,2042,3.988281
18813,512,1958,3.824219
18814,512,2000,3.906250
18815,512,2083,4.068359
18816,512,2292,4.476562
18817,512,2083,4.068359
18818,512,1917,3.744141
18819,512,1959,3.826172
18820,512,1959,3.826172
18821,512,2000,3.906250
18822,512,2084,4.070312
18823,512,1958,3.824219
18824,512,1958,3.824219
18825,512,2000,3.906250
18826,512,2083,4.068359
18827,512,2000,3.906250
18828,512,2167,4.232422
18829,512,1958,3.824219
18830,512,1958,3.824219
18831,512,2083,4.068359
18832,512,2000,3.906250
18833,512,2000,3.906250
18834,512,2000,3.906250
18835,512,1959,3.826172
18836,512,2041,3.986328
18837,512,1959,3.826172
18838,512,2041,3.986328
18839,512,2000,3.906250
18840,512,1958,3.824219
18841,512,2083,4.068359
18842,512,2084,4.070312
18843,512,2000,3.906250
18844,512,2000,3.906250
18845,512,1917,3.744141
18846,512,2000,3.906250
18847,512,1958,3.824219
18848,512,3916,7.648438
18849,512,2042,3.988281
18850,512,1958,3.824219
18851,512,2042,3.988281
18852,512,2041,3.986328
18853,512,1959,3.826172
18854,512,1959,3.826172
18855,512,2000,3.906250
18856,512,2000,3.906250
18857,512,2000,3.906250
18858,512,2041,3.986328
18859,512,2042,3.988281
18860,512,2042,3.988281
18861,512,2000,3.906250
18862,512,1958,3.824219
18863,512,2000,3.906250
18864,512,2042,3.988281
18865,512,2042,3.988281
18866,512,2000,3.906250
18867,512,2042,3.988281
18868,512,1958,3.824219
18869,512,1917,3.744141
18870,512,1959,3.826172
18871,512,2041,3.986328
18872,512,2125,4.150391
18873,512,2000,3.906250
18874,512,2042,3.988281
18875,512,1958,3.824219
18876,512,2000,3.906250
18877,512,2041,3.986328
18878,512,2042,3.988281
18879,512,1958,3.824219
18880,512,1958,3.824219
18881,512,2083,4.068359
18882,512,2042,3.988281
18883,512,2042,3.988281
18884,512,2083,4.068359
18885,512,2000,3.906250
18886,512,2000,3.906250
18887,512,2041,3.986328
18888,512,2000,3.906250
18889,512,2042,3.988281
18890,512,2125,4.150391
18891,512,2042,3.988281
18892,512,2000,3.906250
18893,512,2042,3.988281
18894,512,2042,3.988281
18895,512,2041,3.986328
18896,512,2000,3.906250
18897,512,1959,3.826172
18898,512,2042,3.988281
18899,512,2000,3.906250
18900,512,2125,4.150391
18901,512,2041,3.986328
18902,512,1917,3.744141
18903,512,2000,3.906250
18904,512,1958,3.824219
18905,512,2125,4.150391
18906,512,2000,3.906250
18907,512,1916,3.742188
18908,512,2000,3.906250
18909,512,2042,3.988281
18910,512,2083,4.068359
18911,512,2000,3.906250
18912,512,2042,3.988281
18913,512,2083,4.068359
18914,512,2000,3.906250
18915,512,2000,3.906250
18916,512,1916,3.742188
18917,512,2000,3.906250
18918,512,9833,19.205078
18919,512,2167,4.232422
18920,512,2000,3.906250
18921,512,1917,3.744141
18922,512,2041,3.986328
18923,512,1958,3.824219
18924,512,2084,4.070312
18925,512,2084,4.070312
18926,512,2000,3.906250
18927,512,2042,3.988281
18928,512,2042,3.988281
18929,512,2125,4.150391
18930,512,2166,4.230469
18931,512,2000,3.906250
18932,512,2084,4.070312
18933,512,2041,3.986328
18934,512,2000,3.906250
18935,512,2083,4.068359
18936,512,1959,3.826172
18937,512,2125,4.150391
18938,512,2209,4.314453
18939,512,2041,3.986328
18940,512,2084,4.070312
18941,512,2083,4.068359
18942,512,1958,3.824219
18943,512,2084,4.070312
18944,512,2041,3.986328
18945,512,2084,4.070312
18946,512,2000,3.906250
18947,512,1875,3.662109
18948,512,2125,4.150391
18949,512,9125,17.822266
18950,512,1958,3.824219
18951,512,2125,4.150391
18952,512,2000,3.906250
18953,512,1959,3.826172
18954,512,2125,4.150391
18955,512,2041,3.986328
18956,512,2000,3.906250
18957,512,2000,3.906250
18958,512,1958,3.824219
18959,512,2083,4.068359
18960,512,2000,3.906250
18961,512,1917,3.744141
18962,512,2041,3.986328
18963,512,2000,3.906250
18964,512,2084,4.070312
18965,512,2041,3.986328
18966,512,2084,4.070312
18967,512,2083,4.068359
18968,512,2000,3.906250
18969,512,2000,3.906250
18970,512,2000,3.906250
18971,512,2083,4.068359
18972,512,2208,4.312500
18973,512,2000,3.906250
18974,512,2042,3.988281
18975,512,2042,3.988281
18976,512,2041,3.986328
18977,512,1959,3.826172
18978,512,2000,3.906250
18979,512,2041,3.986328
18980,512,1959,3.826172
18981,512,1959,3.826172
18982,512,1959,3.826172
18983,512,2041,3.986328
18984,512,2042,3.988281
18985,512,2083,4.068359
18986,512,2000,3.906250
18987,512,2042,3.988281
18988,512,2000,3.906250
18989,512,2083,4.068359
18990,512,2000,3.906250
18991,512,1958,3.824219
18992,512,2042,3.988281
18993,512,2083,4.068359
18994,512,2000,3.906250
18995,512,2083,4.068359
18996,512,1875,3.662109
18997,512,2042,3.988281
18998,512,2041,3.986328
18999,512,2042,3.988281
19000,512,1958,3.824219
19001,512,2000,3.906250
19002,512,1958,3.824219
19003,512,1958,3.824219
19004,512,2000,3.906250
19005,512,2041,3.986328
19006,512,1958,3.824219
19007,512,2000,3.906250
19008,512,2125,4.150391
19009,512,2041,3.986328
19010,512,1958,3.824219
19011,512,1959,3.826172
19012,512,2000,3.906250
19013,512,2000,3.906250
19014,512,1917,3.744141
19015,512,2000,3.906250
19016,512,2125,4.150391
19017,512,1958,3.824219
19018,512,2042,3.988281
19019,512,1917,3.744141
19020,512,2000,3.906250
19021,512,2000,3.906250
19022,512,2000,3.906250
19023,512,2042,3.988281
19024,512,2000,3.906250
19025,512,1959,3.826172
19026,512,2041,3.986328
19027,512,2000,3.906250
19028,512,2083,4.068359
19029,512,2000,3.906250
19030,512,2042,3.988281
19031,512,1958,3.824219
19032,512,1916,3.742188
19033,512,2042,3.988281
19034,512,1958,3.824219
19035,512,1958,3.824219
19036,512,2084,4.070312
19037,512,1958,3.824219
19038,512,1958,3.824219
19039,512,2000,3.906250
19040,512,2000,3.906250
19041,512,2042,3.988281
19042,512,2042,3.988281
19043,512,2083,4.068359
19044,512,2042,3.988281
19045,512,2041,3.986328
19046,512,2042,3.988281
19047,512,2041,3.986328
19048,512,2125,4.150391
19049,512,1959,3.826172
19050,512,1916,3.742188
19051,512,1958,3.824219
19052,512,1958,3.824219
19053,512,2084,4.070312
19054,512,2042,3.988281
19055,512,2000,3.906250
19056,512,2042,3.988281
19057,512,2125,4.150391
19058,512,2084,4.070312
19059,512,2208,4.312500
19060,512,2083,4.068359
19061,512,1959,3.826172
19062,512,1959,3.826172
19063,512,1959,3.826172
19064,512,2042,3.988281
19065,512,2000,3.906250
19066,512,1958,3.824219
19067,512,2084,4.070312
19068,512,2041,3.986328
19069,512,2000,3.906250
19070,512,1958,3.824219
19071,512,1958,3.824219
19072,512,2209,4.314453
19073,512,2125,4.150391
19074,512,4459,8.708984
19075,512,1959,3.826172
19076,512,1916,3.742188
19077,512,2125,4.150391
19078,512,2000,3.906250
19079,512,2000,3.906250
19080,512,1958,3.824219
19081,512,2042,3.988281
19082,512,2042,3.988281
19083,512,2083,4.068359
19084,512,2083,4.068359
19085,512,2042,3.988281
19086,512,2125,4.150391
19087,512,1959,3.826172
19088,512,1916,3.742188
19089,512,2000,3.906250
19090,512,1958,3.824219
19091,512,1917,3.744141
19092,512,2042,3.988281
19093,512,2041,3.986328
19094,512,2042,3.988281
19095,512,2000,3.906250
19096,512,2000,3.906250
19097,512,1958,3.824219
19098,512,2000,3.906250
19099,512,2000,3.906250
19100,512,1959,3.826172
19101,512,2000,3.906250
19102,512,1958,3.824219
19103,512,2125,4.150391
19104,512,2083,4.068359
19105,512,2000,3.906250
19106,512,2042,3.988281
19107,512,2042,3.988281
19108,512,2042,3.988281
19109,512,2000,3.906250
19110,512,2125,4.150391
19111,512,2042,3.988281
19112,512,2083,4.068359
19113,512,2000,3.906250
19114,512,2000,3.906250
19115,512,1916,3.742188
19116,512,1958,3.824219
19117,512,1959,3.826172
19118,512,2000,3.906250
19119,512,2041,3.986328
19120,512,2000,3.906250
19121,512,2042,3.988281
19122,512,1958,3.824219
19123,512,2083,4.068359
19124,512,2042,3.988281
19125,512,2042,3.988281
19126,512,2041,3.986328
19127,512,1958,3.824219
19128,512,2042,3.988281
19129,512,2000,3.906250
19130,512,2084,4.070312
19131,512,1958,3.824219
19132,512,1958,3.824219
19133,512,2041,3.986328
19134,512,2084,4.070312
19135,512,2041,3.986328
19136,512,2000,3.906250
19137,512,2042,3.988281
19138,512,1958,3.824219
19139,512,1958,3.824219
19140,512,2084,4.070312
19141,512,1958,3.824219
19142,512,2083,4.068359
19143,512,2042,3.988281
19144,512,2000,3.906250
19145,512,2166,4.230469
19146,512,2125,4.150391
19147,512,2000,3.906250
19148,512,2042,3.988281
19149,512,2125,4.150391
19150,512,2083,4.068359
19151,512,2000,3.906250
19152,512,1959,3.826172
19153,512,2000,3.906250
19154,512,2000,3.906250
19155,512,2000,3.906250
19156,512,2042,3.988281
19157,512,2041,3.986328
19158,512,1958,3.824219
19159,512,2084,4.070312
19160,512,1958,3.824219
19161,512,2000,3.906250
19162,512,2041,3.986328
19163,512,2000,3.906250
19164,512,2042,3.988281
19165,512,2041,3.986328
19166,512,2042,3.988281
19167,512,2000,3.906250
19168,512,1958,3.824219
19169,512,2000,3.906250
19170,512,2000,3.906250
19171,512,2041,3.986328
19172,512,2083,4.068359
19173,512,2000,3.906250
19174,512,2042,3.988281
19175,512,1958,3.824219
19176,512,2000,3.906250
19177,512,2041,3.986328
19178,512,2042,3.988281
19179,512,2083,4.068359
19180,512,1959,3.826172
19181,512,2083,4.068359
19182,512,2042,3.988281
19183,512,2083,4.068359
19184,512,2083,4.068359
19185,512,2000,3.906250
19186,512,2000,3.906250
19187,512,1959,3.826172
19188,512,2125,4.150391
19189,512,1917,3.744141
19190,512,2042,3.988281
19191,512,2083,4.068359
19192,512,2042,3.988281
19193,512,1833,3.580078
19194,512,2000,3.906250
19195,512,2000,3.906250
19196,512,2166,4.230469
19197,512,2000,3.906250
19198,512,2042,3.988281
19199,512,2042,3.988281
19200,512,2084,4.070312
19201,512,2000,3.906250
19202,512,2125,4.150391
19203,512,2084,4.070312
19204,512,1958,3.824219
19205,512,1958,3.824219
19206,512,2041,3.986328
19207,512,2000,3.906250
19208,512,2125,4.150391
19209,512,1917,3.744141
19210,512,2125,4.150391
19211,512,2041,3.986328
19212,512,1959,3.826172
19213,512,2125,4.150391
19214,512,2000,3.906250
19215,512,2000,3.906250
19216,512,2000,3.906250
19217,512,2083,4.068359
19218,512,2000,3.906250
19219,512,1959,3.826172
19220,512,2084,4.070312
19221,512,2000,3.906250
19222,512,2000,3.906250
19223,512,1959,3.826172
19224,512,1959,3.826172
19225,512,2083,4.068359
19226,512,1875,3.662109
19227,512,2000,3.906250
19228,512,2000,3.906250
19229,512,1959,3.826172
19230,512,2084,4.070312
19231,512,2125,4.150391
19232,512,2041,3.986328
19233,512,2042,3.988281
19234,512,2042,3.988281
19235,512,2041,3.986328
19236,512,2000,3.906250
19237,512,2042,3.988281
19238,512,2125,4.150391
19239,512,2042,3.988281
19240,512,3084,6.023438
19241,512,2042,3.988281
19242,512,2041,3.986328
19243,512,2000,3.906250
19244,512,2000,3.906250
19245,512,1917,3.744141
19246,512,2000,3.906250
19247,512,2000,3.906250
19248,512,2041,3.986328
19249,512,2042,3.988281
19250,512,2125,4.150391
19251,512,1959,3.826172
19252,512,2166,4.230469
19253,512,1959,3.826172
19254,512,2041,3.986328
19255,512,1959,3.826172
19256,512,2041,3.986328
19257,512,1917,3.744141
19258,512,2041,3.986328
19259,512,2000,3.906250
19260,512,2000,3.906250
19261,512,2000,3.906250
19262,512,2083,4.068359
19263,512,2000,3.906250
19264,512,2083,4.068359
19265,512,2000,3.906250
19266,512,2084,4.070312
19267,512,1917,3.744141
19268,512,1958,3.824219
19269,512,2125,4.150391
19270,512,2042,3.988281
19271,512,2083,4.068359
19272,512,1917,3.744141
19273,512,2083,4.068359
19274,512,1958,3.824219
19275,512,2125,4.150391
19276,512,2000,3.906250
19277,512,2041,3.986328
19278,512,2000,3.906250
19279,512,1958,3.824219
19280,512,3583,6.998047
19281,512,2042,3.988281
19282,512,2000,3.906250
19283,512,2083,4.068359
19284,512,2041,3.986328
19285,512,2084,4.070312
19286,512,2041,3.986328
19287,512,2083,4.068359
19288,512,2042,3.988281
19289,512,2000,3.906250
19290,512,3333,6.509766
19291,512,1917,3.744141
19292,512,1959,3.826172
19293,512,2000,3.906250
19294,512,2000,3.906250
19295,512,2042,3.988281
19296,512,1959,3.826172
19297,512,4459,8.708984
19298,512,2041,3.986328
19299,512,1959,3.826172
19300,512,2167,4.232422
19301,512,2000,3.906250
19302,512,1916,3.742188
19303,512,2042,3.988281
19304,512,2084,4.070312
19305,512,2041,3.986328
19306,512,1917,3.744141
19307,512,2000,3.906250
19308,512,3334,6.511719
19309,512,2083,4.068359
19310,512,2000,3.906250
19311,512,2041,3.986328
19312,512,2000,3.906250
19313,512,2084,4.070312
19314,512,1958,3.824219
19315,512,2125,4.150391
19316,512,1958,3.824219
19317,512,2042,3.988281
19318,512,2000,3.906250
19319,512,2083,4.068359
19320,512,2000,3.906250
19321,512,1917,3.744141
19322,512,2083,4.068359
19323,512,1917,3.744141
19324,512,2000,3.906250
19325,512,2000,3.906250
19326,512,2042,3.988281
19327,512,2000,3.906250
19328,512,5291,10.333984
19329,512,2042,3.988281
19330,512,1958,3.824219
19331,512,1958,3.824219
19332,512,1958,3.824219
19333,512,1958,3.824219
19334,512,4833,9.439453
19335,512,2000,3.906250
19336,512,1917,3.744141
19337,512,2000,3.906250
19338,512,2041,3.986328
19339,512,2000,3.906250
19340,512,1958,3.824219
19341,512,2042,3.988281
19342,512,2041,3.986328
19343,512,2042,3.988281
19344,512,2041,3.986328
19345,512,1958,3.824219
19346,512,2084,4.070312
19347,512,2041,3.986328
19348,512,2000,3.906250
19349,512,2000,3.906250
19350,512,2042,3.988281
19351,512,1958,3.824219
19352,512,2000,3.906250
19353,512,1958,3.824219
19354,512,2000,3.906250
19355,512,2042,3.988281
19356,512,2042,3.988281
19357,512,2083,4.068359
19358,512,2000,3.906250
19359,512,2000,3.906250
19360,512,2000,3.906250
19361,512,2000,3.906250
19362,512,3209,6.267578
19363,512,2125,4.150391
19364,512,2084,4.070312
19365,512,2041,3.986328
19366,512,1917,3.744141
19367,512,2083,4.068359
19368,512,2000,3.906250
19369,512,1958,3.824219
19370,512,3417,6.673828
19371,512,2083,4.068359
19372,512,2000,3.906250
19373,512,2166,4.230469
19374,512,2000,3.906250
19375,512,2041,3.986328
19376,512,1959,3.826172
19377,512,2000,3.906250
19378,512,1875,3.662109
19379,512,2000,3.906250
19380,512,2041,3.986328
19381,512,2000,3.906250
19382,512,2083,4.068359
19383,512,1875,3.662109
19384,512,2000,3.906250
19385,512,3375,6.591797
19386,512,2083,4.068359
19387,512,2000,3.906250
19388,512,1958,3.824219
19389,512,2000,3.906250
19390,512,2000,3.906250
19391,512,2042,3.988281
19392,512,2000,3.906250
19393,512,3166,6.183594
19394,512,1958,3.824219
19395,512,2000,3.906250
19396,512,2125,4.150391
19397,512,2000,3.906250
19398,512,1958,3.824219
19399,512,2083,4.068359
19400,512,2042,3.988281
19401,512,2042,3.988281
19402,512,1959,3.826172
19403,512,2084,4.070312
19404,512,2000,3.906250
19405,512,2083,4.068359
19406,512,2083,4.068359
19407,512,2042,3.988281
19408,512,1958,3.824219
19409,512,2041,3.986328
19410,512,2000,3.906250
19411,512,1959,3.826172
19412,512,2042,3.988281
19413,512,1958,3.824219
19414,512,2000,3.906250
19415,512,1958,3.824219
19416,512,1875,3.662109
19417,512,2042,3.988281
19418,512,2083,4.068359
19419,512,1959,3.826172
19420,512,2083,4.068359
19421,512,2042,3.988281
19422,512,2083,4.068359
19423,512,2083,4.068359
19424,512,2000,3.906250
19425,512,1958,3.824219
19426,512,2083,4.068359
19427,512,2084,4.070312
19428,512,2041,3.986328
19429,512,2083,4.068359
19430,512,2167,4.232422
19431,512,2125,4.150391
19432,512,2000,3.906250
19433,512,2083,4.068359
19434,512,2208,4.312500
19435,512,1959,3.826172
19436,512,2167,4.232422
19437,512,2042,3.988281
19438,512,2083,4.068359
19439,512,2042,3.988281
19440,512,4208,8.218750
19441,512,2083,4.068359
19442,512,2042,3.988281
19443,512,1959,3.826172
19444,512,1959,3.826172
19445,512,2000,3.906250
19446,512,2042,3.988281
19447,512,2042,3.988281
19448,512,1917,3.744141
19449,512,2041,3.986328
19450,512,2000,3.906250
19451,512,2042,3.988281
19452,512,2041,3.986328
19453,512,1917,3.744141
19454,512,2000,3.906250
19455,512,2041,3.986328
19456,512,2042,3.988281
19457,512,1916,3.742188
19458,512,2083,4.068359
19459,512,2042,3.988281
19460,512,1958,3.824219
19461,512,2042,3.988281
19462,512,2125,4.150391
19463,512,2125,4.150391
19464,512,2000,3.906250
19465,512,2000,3.906250
19466,512,2000,3.906250
19467,512,1958,3.824219
19468,512,1917,3.744141
19469,512,1958,3.824219
19470,512,1917,3.744141
19471,512,2000,3.906250
19472,512,3500,6.835938
19473,512,2083,4.068359
19474,512,2042,3.988281
19475,512,1958,3.824219
19476,512,2000,3.906250
19477,512,2000,3.906250
19478,512,2042,3.988281
19479,512,1959,3.826172
19480,512,2125,4.150391
19481,512,2125,4.150391
19482,512,2250,4.394531
19483,512,2042,3.988281
19484,512,2083,4.068359
19485,512,2042,3.988281
19486,512,2000,3.906250
19487,512,1916,3.742188
19488,512,2042,3.988281
19489,512,2000,3.906250
19490,512,2000,3.906250
19491,512,2000,3.906250
19492,512,3333,6.509766
19493,512,1958,3.824219
19494,512,2042,3.988281
19495,512,2083,4.068359
19496,512,2000,3.906250
19497,512,2083,4.068359
19498,512,2042,3.988281
19499,512,2000,3.906250
19500,512,2084,4.070312
19501,512,2042,3.988281
19502,512,2042,3.988281
19503,512,2041,3.986328
19504,512,2000,3.906250
19505,512,2125,4.150391
19506,512,2000,3.906250
19507,512,2125,4.150391
19508,512,2375,4.638672
19509,512,2042,3.988281
19510,512,2000,3.906250
19511,512,2125,4.150391
19512,512,2083,4.068359
19513,512,1833,3.580078
19514,512,2084,4.070312
19515,512,2125,4.150391
19516,512,2000,3.906250
19517,512,1917,3.744141
19518,512,2042,3.988281
19519,512,2083,4.068359
19520,512,2000,3.906250
19521,512,1958,3.824219
19522,512,2042,3.988281
19523,512,1958,3.824219
19524,512,2083,4.068359
19525,512,2042,3.988281
19526,512,2084,4.070312
19527,512,2041,3.986328
19528,512,3334,6.511719
19529,512,1959,3.826172
19530,512,2041,3.986328
19531,128,875,6.835938
