# Phase 4 raw batch samples. batch-normalized ns/update = elapsed_ns / batch_operations (a batch average, NOT a directly
# measured single-update latency). batch_operations is the ACTUAL op count of the batch: batch_size for every row except
# the final row when updates % batch_size is nonzero (a partial batch, which is EXCLUDED from the percentile
# distribution in the summary).
# impl=map wl=A levels=1000 updates=10000000 batch_size=512 seed=407715774446 partial_rows=1
sample_index,batch_operations,elapsed_ns,normalized_ns_per_update
0,512,16458,32.144531
1,512,16958,33.121094
2,512,16125,31.494141
3,512,16417,32.064453
4,512,15458,30.191406
5,512,15625,30.517578
6,512,15250,29.785156
7,512,15833,30.923828
8,512,15750,30.761719
9,512,15667,30.599609
10,512,15375,30.029297
11,512,15166,29.621094
12,512,15709,30.681641
13,512,16042,31.332031
14,512,14625,28.564453
15,512,14959,29.216797
16,512,15750,30.761719
17,512,15417,30.111328
18,512,15708,30.679688
19,512,15167,29.623047
20,512,15750,30.761719
21,512,15667,30.599609
22,512,15750,30.761719
23,512,16166,31.574219
24,512,15292,29.867188
25,512,16250,31.738281
26,512,15875,31.005859
27,512,16833,32.876953
28,512,15834,30.925781
29,512,31208,60.953125
30,512,15791,30.841797
31,512,16208,31.656250
32,512,15750,30.761719
33,512,16208,31.656250
34,512,15458,30.191406
35,512,15542,30.355469
36,512,15750,30.761719
37,512,15625,30.517578
38,512,16333,31.900391
39,512,15500,30.273438
40,512,16167,31.576172
41,512,16209,31.658203
42,512,16292,31.820312
43,512,16167,31.576172
44,512,16125,31.494141
45,512,15875,31.005859
46,512,15834,30.925781
47,512,16125,31.494141
48,512,15500,30.273438
49,512,16083,31.412109
50,512,15167,29.623047
51,512,15375,30.029297
52,512,16292,31.820312
53,512,16042,31.332031
54,512,16083,31.412109
55,512,16667,32.552734
56,512,15750,30.761719
57,512,15708,30.679688
58,512,16417,32.064453
59,512,16291,31.818359
60,512,15792,30.843750
61,512,16500,32.226562
62,512,15458,30.191406
63,512,16333,31.900391
64,512,16584,32.390625
65,512,15500,30.273438
66,512,15542,30.355469
67,512,15417,30.111328
68,512,15875,31.005859
69,512,15958,31.167969
70,512,16417,32.064453
71,512,16000,31.250000
72,512,15916,31.085938
73,512,15542,30.355469
74,512,16458,32.144531
75,512,15750,30.761719
76,512,16375,31.982422
77,512,16542,32.308594
78,512,16041,31.330078
79,512,15708,30.679688
80,512,15875,31.005859
81,512,16625,32.470703
82,512,16083,31.412109
83,512,15833,30.923828
84,512,15875,31.005859
85,512,16000,31.250000
86,512,16083,31.412109
87,512,16667,32.552734
88,512,15834,30.925781
89,512,16125,31.494141
90,512,16375,31.982422
91,512,15750,30.761719
92,512,16458,32.144531
93,512,16000,31.250000
94,512,16250,31.738281
95,512,15875,31.005859
96,512,15084,29.460938
97,512,15250,29.785156
98,512,16084,31.414062
99,512,15584,30.437500
100,512,16750,32.714844
101,512,17334,33.855469
102,512,17333,33.853516
103,512,17208,33.609375
104,512,17500,34.179688
105,512,17000,33.203125
106,512,17333,33.853516
107,512,16917,33.041016
108,512,17291,33.771484
109,512,16750,32.714844
110,512,16958,33.121094
111,512,17500,34.179688
112,512,17500,34.179688
113,512,17000,33.203125
114,512,16625,32.470703
115,512,17041,33.283203
116,512,17084,33.367188
117,512,17291,33.771484
118,512,17375,33.935547
119,512,17292,33.773438
120,512,17500,34.179688
121,512,17209,33.611328
122,512,17500,34.179688
123,512,17083,33.365234
124,512,16458,32.144531
125,512,17250,33.691406
126,512,17125,33.447266
127,512,17042,33.285156
128,512,16875,32.958984
129,512,16625,32.470703
130,512,16417,32.064453
131,512,16916,33.039062
132,512,16625,32.470703
133,512,17292,33.773438
134,512,16708,32.632812
135,512,16875,32.958984
136,512,16416,32.062500
137,512,16500,32.226562
138,512,16667,32.552734
139,512,17458,34.097656
140,512,17125,33.447266
141,512,17000,33.203125
142,512,17083,33.365234
143,512,16750,32.714844
144,512,17000,33.203125
145,512,17250,33.691406
146,512,17417,34.017578
147,512,17916,34.992188
148,512,16584,32.390625
149,512,16333,31.900391
150,512,16750,32.714844
151,512,16416,32.062500
152,512,16625,32.470703
153,512,16708,32.632812
154,512,17084,33.367188
155,512,17375,33.935547
156,512,17042,33.285156
157,512,17167,33.529297
158,512,16250,31.738281
159,512,16875,32.958984
160,512,17042,33.285156
161,512,16958,33.121094
162,512,16875,32.958984
163,512,16417,32.064453
164,512,16708,32.632812
165,512,20917,40.853516
166,512,16916,33.039062
167,512,16959,33.123047
168,512,16750,32.714844
169,512,16750,32.714844
170,512,16750,32.714844
171,512,16292,31.820312
172,512,16625,32.470703
173,512,16791,32.794922
174,512,16667,32.552734
175,512,15667,30.599609
176,512,17166,33.527344
177,512,16042,31.332031
178,512,16833,32.876953
179,512,16625,32.470703
180,512,16625,32.470703
181,512,17708,34.585938
182,512,17083,33.365234
183,512,17167,33.529297
184,512,17417,34.017578
185,512,17250,33.691406
186,512,16791,32.794922
187,512,17042,33.285156
188,512,17375,33.935547
189,512,16792,32.796875
190,512,16625,32.470703
191,512,16667,32.552734
192,512,17250,33.691406
193,512,17000,33.203125
194,512,17125,33.447266
195,512,16250,31.738281
196,512,17125,33.447266
197,512,16750,32.714844
198,512,16708,32.632812
199,512,17042,33.285156
200,512,16542,32.308594
201,512,16833,32.876953
202,512,16750,32.714844
203,512,16125,31.494141
204,512,16458,32.144531
205,512,17125,33.447266
206,512,17250,33.691406
207,512,16834,32.878906
208,512,17125,33.447266
209,512,17083,33.365234
210,512,17333,33.853516
211,512,17209,33.611328
212,512,17416,34.015625
213,512,16834,32.878906
214,512,16875,32.958984
215,512,16458,32.144531
216,512,17208,33.609375
217,512,16667,32.552734
218,512,16791,32.794922
219,512,16750,32.714844
220,512,17541,34.259766
221,512,38542,75.277344
222,512,22500,43.945312
223,512,19208,37.515625
224,512,16500,32.226562
225,512,16542,32.308594
226,512,16625,32.470703
227,512,16125,31.494141
228,512,16166,31.574219
229,512,15792,30.843750
230,512,15583,30.435547
231,512,15667,30.599609
232,512,15916,31.085938
233,512,16125,31.494141
234,512,15750,30.761719
235,512,15875,31.005859
236,512,16000,31.250000
237,512,15958,31.167969
238,512,16042,31.332031
239,512,15917,31.087891
240,512,15375,30.029297
241,512,16208,31.656250
242,512,16542,32.308594
243,512,16292,31.820312
244,512,15125,29.541016
245,512,16000,31.250000
246,512,16125,31.494141
247,512,16500,32.226562
248,512,16208,31.656250
249,512,16000,31.250000
250,512,16250,31.738281
251,512,15958,31.167969
252,512,15875,31.005859
253,512,16333,31.900391
254,512,16250,31.738281
255,512,16083,31.412109
256,512,15959,31.169922
257,512,16250,31.738281
258,512,15458,30.191406
259,512,16250,31.738281
260,512,16083,31.412109
261,512,16833,32.876953
262,512,16125,31.494141
263,512,16583,32.388672
264,512,16709,32.634766
265,512,16584,32.390625
266,512,16125,31.494141
267,512,16167,31.576172
268,512,16000,31.250000
269,512,16000,31.250000
270,512,15583,30.435547
271,512,16291,31.818359
272,512,16250,31.738281
273,512,16458,32.144531
274,512,16417,32.064453
275,512,16083,31.412109
276,512,16000,31.250000
277,512,16292,31.820312
278,512,16000,31.250000
279,512,17166,33.527344
280,512,17417,34.017578
281,512,17208,33.609375
282,512,16834,32.878906
283,512,16792,32.796875
284,512,17208,33.609375
285,512,17667,34.505859
286,512,17541,34.259766
287,512,17292,33.773438
288,512,17542,34.261719
289,512,17375,33.935547
290,512,16834,32.878906
291,512,17041,33.283203
292,512,17375,33.935547
293,512,17250,33.691406
294,512,17209,33.611328
295,512,17750,34.667969
296,512,18041,35.236328
297,512,17625,34.423828
298,512,17542,34.261719
299,512,18125,35.400391
300,512,17708,34.585938
301,512,17583,34.341797
302,512,17667,34.505859
303,512,17167,33.529297
304,512,17583,34.341797
305,512,18333,35.806641
306,512,17375,33.935547
307,512,17500,34.179688
308,512,18500,36.132812
309,512,18167,35.482422
310,512,17750,34.667969
311,512,18000,35.156250
312,512,17584,34.343750
313,512,17041,33.283203
314,512,17042,33.285156
315,512,17667,34.505859
316,512,16833,32.876953
317,512,17458,34.097656
318,512,17250,33.691406
319,512,17208,33.609375
320,512,17333,33.853516
321,512,17042,33.285156
322,512,16875,32.958984
323,512,18375,35.888672
324,512,17583,34.341797
325,512,16584,32.390625
326,512,16625,32.470703
327,512,17417,34.017578
328,512,17792,34.750000
329,512,17208,33.609375
330,512,17625,34.423828
331,512,17125,33.447266
332,512,17458,34.097656
333,512,17250,33.691406
334,512,17167,33.529297
335,512,18041,35.236328
336,512,17500,34.179688
337,512,17209,33.611328
338,512,17958,35.074219
339,512,17458,34.097656
340,512,17209,33.611328
341,512,17541,34.259766
342,512,17542,34.261719
343,512,16625,32.470703
344,512,17208,33.609375
345,512,17125,33.447266
346,512,16208,31.656250
347,512,17625,34.423828
348,512,17166,33.527344
349,512,17292,33.773438
350,512,16583,32.388672
351,512,17291,33.771484
352,512,17917,34.994141
353,512,17750,34.667969
354,512,17291,33.771484
355,512,17459,34.099609
356,512,18458,36.050781
357,512,17875,34.912109
358,512,17958,35.074219
359,512,16875,32.958984
360,512,17667,34.505859
361,512,17459,34.099609
362,512,16500,32.226562
363,512,16875,32.958984
364,512,17334,33.855469
365,512,17416,34.015625
366,512,17667,34.505859
367,512,17417,34.017578
368,512,17708,34.585938
369,512,18167,35.482422
370,512,17833,34.830078
371,512,16958,33.121094
372,512,18250,35.644531
373,512,21375,41.748047
374,512,23042,45.003906
375,512,18750,36.621094
376,512,17334,33.855469
377,512,17375,33.935547
378,512,17708,34.585938
379,512,18083,35.318359
380,512,17333,33.853516
381,512,17834,34.832031
382,512,17334,33.855469
383,512,36209,70.720703
384,512,18208,35.562500
385,512,17625,34.423828
386,512,17375,33.935547
387,512,17709,34.587891
388,512,18333,35.806641
389,512,17708,34.585938
390,512,17959,35.076172
391,512,18500,36.132812
392,512,18041,35.236328
393,512,17750,34.667969
394,512,18208,35.562500
395,512,18041,35.236328
396,512,18042,35.238281
397,512,17750,34.667969
398,512,18000,35.156250
399,512,18041,35.236328
400,512,18375,35.888672
401,512,18000,35.156250
402,512,16875,32.958984
403,512,17334,33.855469
404,512,17834,34.832031
405,512,17833,34.830078
406,512,17375,33.935547
407,512,17792,34.750000
408,512,17750,34.667969
409,512,18166,35.480469
410,512,17959,35.076172
411,512,18750,36.621094
412,512,17333,33.853516
413,512,18708,36.539062
414,512,22792,44.515625
415,512,18708,36.539062
416,512,17208,33.609375
417,512,18458,36.050781
418,512,18000,35.156250
419,512,18125,35.400391
420,512,17583,34.341797
421,512,18375,35.888672
422,512,18625,36.376953
423,512,18125,35.400391
424,512,18000,35.156250
425,512,18250,35.644531
426,512,19208,37.515625
427,512,35250,68.847656
428,512,20375,39.794922
429,512,17625,34.423828
430,512,18625,36.376953
431,512,19750,38.574219
432,512,18667,36.458984
433,512,18083,35.318359
434,512,17417,34.017578
435,512,17209,33.611328
436,512,17250,33.691406
437,512,16833,32.876953
438,512,17875,34.912109
439,512,22458,43.863281
440,512,18042,35.238281
441,512,17250,33.691406
442,512,16959,33.123047
443,512,19834,38.738281
444,512,29292,57.210938
445,512,22291,43.537109
446,512,21500,41.992188
447,512,20750,40.527344
448,512,18083,35.318359
449,512,20417,39.876953
450,512,23042,45.003906
451,512,18083,35.318359
452,512,17500,34.179688
453,512,18000,35.156250
454,512,22708,44.351562
455,512,20458,39.957031
456,512,33958,66.324219
457,512,20917,40.853516
458,512,18500,36.132812
459,512,31625,61.767578
460,512,16875,32.958984
461,512,16375,31.982422
462,512,16625,32.470703
463,512,16583,32.388672
464,512,16458,32.144531
465,512,16959,33.123047
466,512,18542,36.214844
467,512,15125,29.541016
468,512,16250,31.738281
469,512,19458,38.003906
470,512,21375,41.748047
471,512,17917,34.994141
472,512,17750,34.667969
473,512,17375,33.935547
474,512,16917,33.041016
475,512,17583,34.341797
476,512,17417,34.017578
477,512,17041,33.283203
478,512,17209,33.611328
479,512,17666,34.503906
480,512,17709,34.587891
481,512,16667,32.552734
482,512,17375,33.935547
483,512,16917,33.041016
484,512,17208,33.609375
485,512,16792,32.796875
486,512,17875,34.912109
487,512,17208,33.609375
488,512,16958,33.121094
489,512,16459,32.146484
490,512,16625,32.470703
491,512,17208,33.609375
492,512,21625,42.236328
493,512,17375,33.935547
494,512,16875,32.958984
495,512,16208,31.656250
496,512,15792,30.843750
497,512,16000,31.250000
498,512,15958,31.167969
499,512,16167,31.576172
500,512,16000,31.250000
501,512,15583,30.435547
502,512,15916,31.085938
503,512,15750,30.761719
504,512,16417,32.064453
505,512,16083,31.412109
506,512,16250,31.738281
507,512,16834,32.878906
508,512,15833,30.923828
509,512,16250,31.738281
510,512,16250,31.738281
511,512,15625,30.517578
512,512,15583,30.435547
513,512,16500,32.226562
514,512,16459,32.146484
515,512,16292,31.820312
516,512,16458,32.144531
517,512,16708,32.632812
518,512,16375,31.982422
519,512,16333,31.900391
520,512,15875,31.005859
521,512,15916,31.085938
522,512,16042,31.332031
523,512,15416,30.109375
524,512,16292,31.820312
525,512,16542,32.308594
526,512,16417,32.064453
527,512,16625,32.470703
528,512,15916,31.085938
529,512,16083,31.412109
530,512,15750,30.761719
531,512,15750,30.761719
532,512,16084,31.414062
533,512,16375,31.982422
534,512,16750,32.714844
535,512,16500,32.226562
536,512,16083,31.412109
537,512,16125,31.494141
538,512,16041,31.330078
539,512,16500,32.226562
540,512,16458,32.144531
541,512,16417,32.064453
542,512,16458,32.144531
543,512,16167,31.576172
544,512,15459,30.193359
545,512,16167,31.576172
546,512,15958,31.167969
547,512,15542,30.355469
548,512,15958,31.167969
549,512,15917,31.087891
550,512,16334,31.902344
551,512,16166,31.574219
552,512,16042,31.332031
553,512,16125,31.494141
554,512,16041,31.330078
555,512,16625,32.470703
556,512,16500,32.226562
557,512,15833,30.923828
558,512,15792,30.843750
559,512,16291,31.818359
560,512,16708,32.632812
561,512,16083,31.412109
562,512,16709,32.634766
563,512,16000,31.250000
564,512,16792,32.796875
565,512,16083,31.412109
566,512,16583,32.388672
567,512,16625,32.470703
568,512,17000,33.203125
569,512,16625,32.470703
570,512,17375,33.935547
571,512,17000,33.203125
572,512,16625,32.470703
573,512,16541,32.306641
574,512,16500,32.226562
575,512,16583,32.388672
576,512,15750,30.761719
577,512,15625,30.517578
578,512,16416,32.062500
579,512,16334,31.902344
580,512,16250,31.738281
581,512,15916,31.085938
582,512,15750,30.761719
583,512,16750,32.714844
584,512,16333,31.900391
585,512,16459,32.146484
586,512,16917,33.041016
587,512,16291,31.818359
588,512,16792,32.796875
589,512,17208,33.609375
590,512,17750,34.667969
591,512,17375,33.935547
592,512,17000,33.203125
593,512,17416,34.015625
594,512,17500,34.179688
595,512,17500,34.179688
596,512,17708,34.585938
597,512,21708,42.398438
598,512,17292,33.773438
599,512,17666,34.503906
600,512,17792,34.750000
601,512,17083,33.365234
602,512,17458,34.097656
603,512,18000,35.156250
604,512,17459,34.099609
605,512,17750,34.667969
606,512,17917,34.994141
607,512,17625,34.423828
608,512,17625,34.423828
609,512,17125,33.447266
610,512,17791,34.748047
611,512,17875,34.912109
612,512,17333,33.853516
613,512,17750,34.667969
614,512,17708,34.585938
615,512,17417,34.017578
616,512,17125,33.447266
617,512,17709,34.587891
618,512,17416,34.015625
619,512,17792,34.750000
620,512,17458,34.097656
621,512,16792,32.796875
622,512,17209,33.611328
623,512,17125,33.447266
624,512,17208,33.609375
625,512,17625,34.423828
626,512,17541,34.259766
627,512,17584,34.343750
628,512,17709,34.587891
629,512,17458,34.097656
630,512,17375,33.935547
631,512,18125,35.400391
632,512,17208,33.609375
633,512,17667,34.505859
634,512,17792,34.750000
635,512,17208,33.609375
636,512,16625,32.470703
637,512,17208,33.609375
638,512,17958,35.074219
639,512,17584,34.343750
640,512,17292,33.773438
641,512,16958,33.121094
642,512,17625,34.423828
643,512,17750,34.667969
644,512,17542,34.261719
645,512,17666,34.503906
646,512,18042,35.238281
647,512,17583,34.341797
648,512,17209,33.611328
649,512,17500,34.179688
650,512,17292,33.773438
651,512,17125,33.447266
652,512,18250,35.644531
653,512,17417,34.017578
654,512,17458,34.097656
655,512,17333,33.853516
656,512,17750,34.667969
657,512,25167,49.154297
658,512,17959,35.076172
659,512,18250,35.644531
660,512,17334,33.855469
661,512,16833,32.876953
662,512,17042,33.285156
663,512,17125,33.447266
664,512,17666,34.503906
665,512,17750,34.667969
666,512,17959,35.076172
667,512,17583,34.341797
668,512,17375,33.935547
669,512,18084,35.320312
670,512,17667,34.505859
671,512,17541,34.259766
672,512,17500,34.179688
673,512,17625,34.423828
674,512,17416,34.015625
675,512,17542,34.261719
676,512,17291,33.771484
677,512,17750,34.667969
678,512,18375,35.888672
679,512,17708,34.585938
680,512,17584,34.343750
681,512,17625,34.423828
682,512,17333,33.853516
683,512,18542,36.214844
684,512,17916,34.992188
685,512,18625,36.376953
686,512,17667,34.505859
687,512,18000,35.156250
688,512,18458,36.050781
689,512,17958,35.074219
690,512,18167,35.482422
691,512,17083,33.365234
692,512,17792,34.750000
693,512,17500,34.179688
694,512,17916,34.992188
695,512,17500,34.179688
696,512,17417,34.017578
697,512,17417,34.017578
698,512,16750,32.714844
699,512,18083,35.318359
700,512,17792,34.750000
701,512,17792,34.750000
702,512,17833,34.830078
703,512,17625,34.423828
704,512,17417,34.017578
705,512,18125,35.400391
706,512,17375,33.935547
707,512,17709,34.587891
708,512,17917,34.994141
709,512,16833,32.876953
710,512,18084,35.320312
711,512,17459,34.099609
712,512,17417,34.017578
713,512,17166,33.527344
714,512,17709,34.587891
715,512,16875,32.958984
716,512,17375,33.935547
717,512,17709,34.587891
718,512,17125,33.447266
719,512,16958,33.121094
720,512,17458,34.097656
721,512,16459,32.146484
722,512,17542,34.261719
723,512,17500,34.179688
724,512,17208,33.609375
725,512,17417,34.017578
726,512,17708,34.585938
727,512,17667,34.505859
728,512,17333,33.853516
729,512,17083,33.365234
730,512,17292,33.773438
731,512,17000,33.203125
732,512,17541,34.259766
733,512,17167,33.529297
734,512,17416,34.015625
735,512,17542,34.261719
736,512,16666,32.550781
737,512,16917,33.041016
738,512,17333,33.853516
739,512,16666,32.550781
740,512,17125,33.447266
741,512,15959,31.169922
742,512,16834,32.878906
743,512,17333,33.853516
744,512,17166,33.527344
745,512,16917,33.041016
746,512,17458,34.097656
747,512,17042,33.285156
748,512,16958,33.121094
749,512,17333,33.853516
750,512,17375,33.935547
751,512,17375,33.935547
752,512,16750,32.714844
753,512,16916,33.039062
754,512,17042,33.285156
755,512,16792,32.796875
756,512,17333,33.853516
757,512,17542,34.261719
758,512,17125,33.447266
759,512,16833,32.876953
760,512,17417,34.017578
761,512,17791,34.748047
762,512,17833,34.830078
763,512,17709,34.587891
764,512,17333,33.853516
765,512,17500,34.179688
766,512,16750,32.714844
767,512,17000,33.203125
768,512,16791,32.794922
769,512,17000,33.203125
770,512,17000,33.203125
771,512,17125,33.447266
772,512,17125,33.447266
773,512,17375,33.935547
774,512,16791,32.794922
775,512,17042,33.285156
776,512,17667,34.505859
777,512,17125,33.447266
778,512,17208,33.609375
779,512,16958,33.121094
780,512,17292,33.773438
781,512,17667,34.505859
782,512,17500,34.179688
783,512,17459,34.099609
784,512,17125,33.447266
785,512,17166,33.527344
786,512,17834,34.832031
787,512,17541,34.259766
788,512,17084,33.367188
789,512,17500,34.179688
790,512,17041,33.283203
791,512,17625,34.423828
792,512,17042,33.285156
793,512,17041,33.283203
794,512,16792,32.796875
795,512,74708,145.914062
796,512,25875,50.537109
797,512,15958,31.167969
798,512,16042,31.332031
799,512,16417,32.064453
800,512,15833,30.923828
801,512,15542,30.355469
802,512,15583,30.435547
803,512,23916,46.710938
804,512,15209,29.705078
805,512,16125,31.494141
806,512,15834,30.925781
807,512,15333,29.947266
808,512,15625,30.517578
809,512,16125,31.494141
810,512,15042,29.378906
811,512,15083,29.458984
812,512,15000,29.296875
813,512,15209,29.705078
814,512,15458,30.191406
815,512,15542,30.355469
816,512,15958,31.167969
817,512,15500,30.273438
818,512,15125,29.541016
819,512,16500,32.226562
820,512,19375,37.841797
821,512,16125,31.494141
822,512,16166,31.574219
823,512,19459,38.005859
824,512,21125,41.259766
825,512,16959,33.123047
826,512,17875,34.912109
827,512,16625,32.470703
828,512,23084,45.085938
829,512,15292,29.867188
830,512,16208,31.656250
831,512,15708,30.679688
832,512,14750,28.808594
833,512,15459,30.193359
834,512,15541,30.353516
835,512,15834,30.925781
836,512,15875,31.005859
837,512,15959,31.169922
838,512,15458,30.191406
839,512,16000,31.250000
840,512,15750,30.761719
841,512,15625,30.517578
842,512,15458,30.191406
843,512,16292,31.820312
844,512,15500,30.273438
845,512,15167,29.623047
846,512,15583,30.435547
847,512,15291,29.865234
848,512,16000,31.250000
849,512,16708,32.632812
850,512,17084,33.367188
851,512,17666,34.503906
852,512,17333,33.853516
853,512,17250,33.691406
854,512,17167,33.529297
855,512,31250,61.035156
856,512,20083,39.224609
857,512,23500,45.898438
858,512,17666,34.503906
859,512,17834,34.832031
860,512,17917,34.994141
861,512,18000,35.156250
862,512,17125,33.447266
863,512,17209,33.611328
864,512,16833,32.876953
865,512,17208,33.609375
866,512,17542,34.261719
867,512,17083,33.365234
868,512,17334,33.855469
869,512,21958,42.886719
870,512,20125,39.306641
871,512,17791,34.748047
872,512,16000,31.250000
873,512,16500,32.226562
874,512,16833,32.876953
875,512,16417,32.064453
876,512,16791,32.794922
877,512,17459,34.099609
878,512,16625,32.470703
879,512,16708,32.632812
880,512,17000,33.203125
881,512,17167,33.529297
882,512,16708,32.632812
883,512,16708,32.632812
884,512,16875,32.958984
885,512,16792,32.796875
886,512,16750,32.714844
887,512,16875,32.958984
888,512,17083,33.365234
889,512,17416,34.015625
890,512,16958,33.121094
891,512,17167,33.529297
892,512,16583,32.388672
893,512,17375,33.935547
894,512,16625,32.470703
895,512,17167,33.529297
896,512,17375,33.935547
897,512,17416,34.015625
898,512,16708,32.632812
899,512,16292,31.820312
900,512,16333,31.900391
901,512,16458,32.144531
902,512,16708,32.632812
903,512,16917,33.041016
904,512,17708,34.585938
905,512,18000,35.156250
906,512,17541,34.259766
907,512,17584,34.343750
908,512,17250,33.691406
909,512,17000,33.203125
910,512,17083,33.365234
911,512,16708,32.632812
912,512,17208,33.609375
913,512,16708,32.632812
914,512,16583,32.388672
915,512,17250,33.691406
916,512,16834,32.878906
917,512,17208,33.609375
918,512,16583,32.388672
919,512,20667,40.365234
920,512,21416,41.828125
921,512,17209,33.611328
922,512,33500,65.429688
923,512,19000,37.109375
924,512,22250,43.457031
925,512,17625,34.423828
926,512,17542,34.261719
927,512,18500,36.132812
928,512,17833,34.830078
929,512,23083,45.083984
930,512,19041,37.189453
931,512,21000,41.015625
932,512,20208,39.468750
933,512,18125,35.400391
934,512,17041,33.283203
935,512,20042,39.144531
936,512,20333,39.712891
937,512,31042,60.628906
938,512,19125,37.353516
939,512,17584,34.343750
940,512,18500,36.132812
941,512,21375,41.748047
942,512,20625,40.283203
943,512,17083,33.365234
944,512,18417,35.970703
945,512,20500,40.039062
946,512,22709,44.353516
947,512,18417,35.970703
948,512,18250,35.644531
949,512,21375,41.748047
950,512,22416,43.781250
951,512,21250,41.503906
952,512,19542,38.167969
953,512,23042,45.003906
954,512,24083,47.037109
955,512,23125,45.166016
956,512,19000,37.109375
957,512,17291,33.771484
958,512,17334,33.855469
959,512,16750,32.714844
960,512,16959,33.123047
961,512,17250,33.691406
962,512,15750,30.761719
963,512,15833,30.923828
964,512,16458,32.144531
965,512,16209,31.658203
966,512,15916,31.085938
967,512,16375,31.982422
968,512,16250,31.738281
969,512,16417,32.064453
970,512,16375,31.982422
971,512,15791,30.841797
972,512,16292,31.820312
973,512,16208,31.656250
974,512,16167,31.576172
975,512,15833,30.923828
976,512,16042,31.332031
977,512,17125,33.447266
978,512,16500,32.226562
979,512,16167,31.576172
980,512,15708,30.679688
981,512,30125,58.837891
982,512,17958,35.074219
983,512,19250,37.597656
984,512,16333,31.900391
985,512,16500,32.226562
986,512,15875,31.005859
987,512,16250,31.738281
988,512,15750,30.761719
989,512,16000,31.250000
990,512,27958,54.605469
991,512,16042,31.332031
992,512,18500,36.132812
993,512,18041,35.236328
994,512,17042,33.285156
995,512,15584,30.437500
996,512,15834,30.925781
997,512,16042,31.332031
998,512,15333,29.947266
999,512,16375,31.982422
1000,512,15792,30.843750
1001,512,16125,31.494141
1002,512,18458,36.050781
1003,512,18958,37.027344
1004,512,16500,32.226562
1005,512,22000,42.968750
1006,512,22417,43.783203
1007,512,21916,42.804688
1008,512,21333,41.666016
1009,512,15959,31.169922
1010,512,15917,31.087891
1011,512,16542,32.308594
1012,512,16500,32.226562
1013,512,15791,30.841797
1014,512,22209,43.376953
1015,512,20084,39.226562
1016,512,16625,32.470703
1017,512,18416,35.968750
1018,512,17750,34.667969
1019,512,16250,31.738281
1020,512,15958,31.167969
1021,512,16500,32.226562
1022,512,16250,31.738281
1023,512,16750,32.714844
1024,512,17084,33.367188
1025,512,16958,33.121094
1026,512,16875,32.958984
1027,512,17250,33.691406
1028,512,16292,31.820312
1029,512,15625,30.517578
1030,512,16125,31.494141
1031,512,16417,32.064453
1032,512,16375,31.982422
1033,512,15750,30.761719
1034,512,16417,32.064453
1035,512,16458,32.144531
1036,512,16833,32.876953
1037,512,16625,32.470703
1038,512,16291,31.818359
1039,512,16417,32.064453
1040,512,16333,31.900391
1041,512,16709,32.634766
1042,512,20833,40.689453
1043,512,21833,42.642578
1044,512,23042,45.003906
1045,512,18000,35.156250
1046,512,18333,35.806641
1047,512,18417,35.970703
1048,512,17791,34.748047
1049,512,18042,35.238281
1050,512,18417,35.970703
1051,512,18041,35.236328
1052,512,17834,34.832031
1053,512,18167,35.482422
1054,512,17917,34.994141
1055,512,17750,34.667969
1056,512,17750,34.667969
1057,512,17834,34.832031
1058,512,18167,35.482422
1059,512,17875,34.912109
1060,512,18000,35.156250
1061,512,18209,35.564453
1062,512,17834,34.832031
1063,512,18375,35.888672
1064,512,18041,35.236328
1065,512,17459,34.099609
1066,512,18209,35.564453
1067,512,17708,34.585938
1068,512,17125,33.447266
1069,512,16917,33.041016
1070,512,18375,35.888672
1071,512,17834,34.832031
1072,512,17583,34.341797
1073,512,16958,33.121094
1074,512,17375,33.935547
1075,512,17041,33.283203
1076,512,18292,35.726562
1077,512,17542,34.261719
1078,512,18375,35.888672
1079,512,18500,36.132812
1080,512,18250,35.644531
1081,512,18458,36.050781
1082,512,18083,35.318359
1083,512,18042,35.238281
1084,512,18166,35.480469
1085,512,17583,34.341797
1086,512,17125,33.447266
1087,512,17541,34.259766
1088,512,17375,33.935547
1089,512,18042,35.238281
1090,512,18000,35.156250
1091,512,18167,35.482422
1092,512,17792,34.750000
1093,512,17625,34.423828
1094,512,28958,56.558594
1095,512,17917,34.994141
1096,512,17375,33.935547
1097,512,17541,34.259766
1098,512,18375,35.888672
1099,512,18041,35.236328
1100,512,17667,34.505859
1101,512,18042,35.238281
1102,512,17708,34.585938
1103,512,17708,34.585938
1104,512,18084,35.320312
1105,512,17958,35.074219
1106,512,17416,34.015625
1107,512,17750,34.667969
1108,512,47833,93.423828
1109,512,26791,52.326172
1110,512,18333,35.806641
1111,512,15959,31.169922
1112,512,15166,29.621094
1113,512,15667,30.599609
1114,512,16291,31.818359
1115,512,16834,32.878906
1116,512,16250,31.738281
1117,512,15959,31.169922
1118,512,15625,30.517578
1119,512,15250,29.785156
1120,512,15209,29.705078
1121,512,15916,31.085938
1122,512,16042,31.332031
1123,512,16417,32.064453
1124,512,16084,31.414062
1125,512,16125,31.494141
1126,512,15667,30.599609
1127,512,15292,29.867188
1128,512,15708,30.679688
1129,512,14916,29.132812
1130,512,15750,30.761719
1131,512,16042,31.332031
1132,512,15917,31.087891
1133,512,15666,30.597656
1134,512,15750,30.761719
1135,512,15542,30.355469
1136,512,15708,30.679688
1137,512,15875,31.005859
1138,512,16083,31.412109
1139,512,15583,30.435547
1140,512,16084,31.414062
1141,512,16250,31.738281
1142,512,15834,30.925781
1143,512,15416,30.109375
1144,512,15042,29.378906
1145,512,16041,31.330078
1146,512,15625,30.517578
1147,512,15708,30.679688
1148,512,16125,31.494141
1149,512,15625,30.517578
1150,512,15417,30.111328
1151,512,15375,30.029297
1152,512,15917,31.087891
1153,512,15958,31.167969
1154,512,16083,31.412109
1155,512,16042,31.332031
1156,512,15792,30.843750
1157,512,14917,29.134766
1158,512,16083,31.412109
1159,512,16375,31.982422
1160,512,16000,31.250000
1161,512,15833,30.923828
1162,512,17000,33.203125
1163,512,15583,30.435547
1164,512,16042,31.332031
1165,512,15875,31.005859
1166,512,16458,32.144531
1167,512,15958,31.167969
1168,512,16084,31.414062
1169,512,16500,32.226562
1170,512,16625,32.470703
1171,512,15625,30.517578
1172,512,15917,31.087891
1173,512,16166,31.574219
1174,512,15959,31.169922
1175,512,15584,30.437500
1176,512,15708,30.679688
1177,512,16042,31.332031
1178,512,16083,31.412109
1179,512,15541,30.353516
1180,512,15542,30.355469
1181,512,15666,30.597656
1182,512,16042,31.332031
1183,512,16041,31.330078
1184,512,16000,31.250000
1185,512,15917,31.087891
1186,512,15750,30.761719
1187,512,16750,32.714844
1188,512,15708,30.679688
1189,512,15834,30.925781
1190,512,16334,31.902344
1191,512,15708,30.679688
1192,512,16333,31.900391
1193,512,16292,31.820312
1194,512,15916,31.085938
1195,512,15500,30.273438
1196,512,15459,30.193359
1197,512,16166,31.574219
1198,512,16125,31.494141
1199,512,16500,32.226562
1200,512,16375,31.982422
1201,512,16584,32.390625
1202,512,16333,31.900391
1203,512,15958,31.167969
1204,512,16334,31.902344
1205,512,15708,30.679688
1206,512,15708,30.679688
1207,512,15875,31.005859
1208,512,15625,30.517578
1209,512,16292,31.820312
1210,512,16208,31.656250
1211,512,15750,30.761719
1212,512,15708,30.679688
1213,512,16000,31.250000
1214,512,16083,31.412109
1215,512,15542,30.355469
1216,512,16083,31.412109
1217,512,15459,30.193359
1218,512,15708,30.679688
1219,512,16042,31.332031
1220,512,15666,30.597656
1221,512,16334,31.902344
1222,512,16375,31.982422
1223,512,17750,34.667969
1224,512,16584,32.390625
1225,512,16667,32.552734
1226,512,15708,30.679688
1227,512,16542,32.308594
1228,512,17500,34.179688
1229,512,17208,33.609375
1230,512,17833,34.830078
1231,512,17709,34.587891
1232,512,16375,31.982422
1233,512,16583,32.388672
1234,512,16625,32.470703
1235,512,16458,32.144531
1236,512,16416,32.062500
1237,512,16875,32.958984
1238,512,16584,32.390625
1239,512,16916,33.039062
1240,512,17125,33.447266
1241,512,17000,33.203125
1242,512,16125,31.494141
1243,512,17500,34.179688
1244,512,17209,33.611328
1245,512,17084,33.367188
1246,512,17000,33.203125
1247,512,17000,33.203125
1248,512,17458,34.097656
1249,512,17417,34.017578
1250,512,16917,33.041016
1251,512,17625,34.423828
1252,512,17125,33.447266
1253,512,17417,34.017578
1254,512,16833,32.876953
1255,512,16875,32.958984
1256,512,16708,32.632812
1257,512,16209,31.658203
1258,512,16833,32.876953
1259,512,16542,32.308594
1260,512,17500,34.179688
1261,512,17459,34.099609
1262,512,18000,35.156250
1263,512,17209,33.611328
1264,512,17333,33.853516
1265,512,17000,33.203125
1266,512,17583,34.341797
1267,512,17042,33.285156
1268,512,17833,34.830078
1269,512,17333,33.853516
1270,512,16334,31.902344
1271,512,17333,33.853516
1272,512,16375,31.982422
1273,512,17250,33.691406
1274,512,17125,33.447266
1275,512,17167,33.529297
1276,512,17250,33.691406
1277,512,16708,32.632812
1278,512,16625,32.470703
1279,512,16458,32.144531
1280,512,16667,32.552734
1281,512,16833,32.876953
1282,512,27584,53.875000
1283,512,17041,33.283203
1284,512,17250,33.691406
1285,512,16875,32.958984
1286,512,17166,33.527344
1287,512,16750,32.714844
1288,512,17292,33.773438
1289,512,16583,32.388672
1290,512,17250,33.691406
1291,512,17333,33.853516
1292,512,17083,33.365234
1293,512,16625,32.470703
1294,512,17542,34.261719
1295,512,17334,33.855469
1296,512,16791,32.794922
1297,512,17750,34.667969
1298,512,17250,33.691406
1299,512,17541,34.259766
1300,512,17250,33.691406
1301,512,16750,32.714844
1302,512,17708,34.585938
1303,512,16833,32.876953
1304,512,16667,32.552734
1305,512,16458,32.144531
1306,512,16875,32.958984
1307,512,16875,32.958984
1308,512,16833,32.876953
1309,512,17167,33.529297
1310,512,16750,32.714844
1311,512,17208,33.609375
1312,512,17666,34.503906
1313,512,16917,33.041016
1314,512,16791,32.794922
1315,512,17375,33.935547
1316,512,17750,34.667969
1317,512,17167,33.529297
1318,512,16958,33.121094
1319,512,17375,33.935547
1320,512,16959,33.123047
1321,512,17333,33.853516
1322,512,17083,33.365234
1323,512,17375,33.935547
1324,512,17417,34.017578
1325,512,17250,33.691406
1326,512,17333,33.853516
1327,512,17417,34.017578
1328,512,16709,32.634766
1329,512,17667,34.505859
1330,512,17083,33.365234
1331,512,16834,32.878906
1332,512,16958,33.121094
1333,512,16625,32.470703
1334,512,17583,34.341797
1335,512,17167,33.529297
1336,512,17167,33.529297
1337,512,18000,35.156250
1338,512,16708,32.632812
1339,512,17834,34.832031
1340,512,16666,32.550781
1341,512,16917,33.041016
1342,512,16875,32.958984
1343,512,17292,33.773438
1344,512,17125,33.447266
1345,512,17208,33.609375
1346,512,17667,34.505859
1347,512,17292,33.773438
1348,512,17250,33.691406
1349,512,17083,33.365234
1350,512,17833,34.830078
1351,512,17375,33.935547
1352,512,17167,33.529297
1353,512,17375,33.935547
1354,512,17291,33.771484
1355,512,16709,32.634766
1356,512,16917,33.041016
1357,512,16875,32.958984
1358,512,17500,34.179688
1359,512,17208,33.609375
1360,512,16541,32.306641
1361,512,16500,32.226562
1362,512,17000,33.203125
1363,512,16667,32.552734
1364,512,17000,33.203125
1365,512,17333,33.853516
1366,512,17583,34.341797
1367,512,17417,34.017578
1368,512,16375,31.982422
1369,512,17208,33.609375
1370,512,44958,87.808594
1371,512,20292,39.632812
1372,512,18208,35.562500
1373,512,16458,32.144531
1374,512,16292,31.820312
1375,512,16208,31.656250
1376,512,15916,31.085938
1377,512,15875,31.005859
1378,512,16250,31.738281
1379,512,16542,32.308594
1380,512,16083,31.412109
1381,512,16083,31.412109
1382,512,16209,31.658203
1383,512,15959,31.169922
1384,512,16000,31.250000
1385,512,17166,33.527344
1386,512,16083,31.412109
1387,512,16209,31.658203
1388,512,16083,31.412109
1389,512,16083,31.412109
1390,512,15542,30.355469
1391,512,16167,31.576172
1392,512,16166,31.574219
1393,512,16209,31.658203
1394,512,15917,31.087891
1395,512,15792,30.843750
1396,512,16416,32.062500
1397,512,16334,31.902344
1398,512,21750,42.480469
1399,512,20125,39.306641
1400,512,24625,48.095703
1401,512,33042,64.535156
1402,512,23209,45.330078
1403,512,18166,35.480469
1404,512,18459,36.052734
1405,512,18000,35.156250
1406,512,16916,33.039062
1407,512,17333,33.853516
1408,512,16750,32.714844
1409,512,19333,37.759766
1410,512,19250,37.597656
1411,512,28000,54.687500
1412,512,25667,50.130859
1413,512,37917,74.056641
1414,512,37833,73.892578
1415,512,23500,45.898438
1416,512,15958,31.167969
1417,512,16167,31.576172
1418,512,15458,30.191406
1419,512,15834,30.925781
1420,512,16166,31.574219
1421,512,16417,32.064453
1422,512,15750,30.761719
1423,512,15583,30.435547
1424,512,15792,30.843750
1425,512,15708,30.679688
1426,512,16166,31.574219
1427,512,16167,31.576172
1428,512,16959,33.123047
1429,512,15416,30.109375
1430,512,15500,30.273438
1431,512,15375,30.029297
1432,512,15625,30.517578
1433,512,16584,32.390625
1434,512,16334,31.902344
1435,512,15791,30.841797
1436,512,15334,29.949219
1437,512,16333,31.900391
1438,512,15416,30.109375
1439,512,15542,30.355469
1440,512,16583,32.388672
1441,512,15708,30.679688
1442,512,16083,31.412109
1443,512,15334,29.949219
1444,512,15708,30.679688
1445,512,15750,30.761719
1446,512,15708,30.679688
1447,512,16250,31.738281
1448,512,15834,30.925781
1449,512,16125,31.494141
1450,512,17042,33.285156
1451,512,16500,32.226562
1452,512,17125,33.447266
1453,512,16833,32.876953
1454,512,17250,33.691406
1455,512,17167,33.529297
1456,512,16958,33.121094
1457,512,28917,56.478516
1458,512,17291,33.771484
1459,512,16792,32.796875
1460,512,17125,33.447266
1461,512,17625,34.423828
1462,512,17000,33.203125
1463,512,17292,33.773438
1464,512,17167,33.529297
1465,512,17792,34.750000
1466,512,17125,33.447266
1467,512,16833,32.876953
1468,512,17125,33.447266
1469,512,17292,33.773438
1470,512,17166,33.527344
1471,512,17875,34.912109
1472,512,16959,33.123047
1473,512,17041,33.283203
1474,512,16917,33.041016
1475,512,17542,34.261719
1476,512,17084,33.367188
1477,512,17291,33.771484
1478,512,16917,33.041016
1479,512,16416,32.062500
1480,512,17167,33.529297
1481,512,16709,32.634766
1482,512,16750,32.714844
1483,512,16959,33.123047
1484,512,17125,33.447266
1485,512,17292,33.773438
1486,512,17000,33.203125
1487,512,17583,34.341797
1488,512,17083,33.365234
1489,512,16834,32.878906
1490,512,16875,32.958984
1491,512,17042,33.285156
1492,512,16750,32.714844
1493,512,17375,33.935547
1494,512,16333,31.900391
1495,512,16583,32.388672
1496,512,17542,34.261719
1497,512,16375,31.982422
1498,512,17083,33.365234
1499,512,16167,31.576172
1500,512,16791,32.794922
1501,512,16917,33.041016
1502,512,16708,32.632812
1503,512,17125,33.447266
1504,512,17250,33.691406
1505,512,17333,33.853516
1506,512,17125,33.447266
1507,512,17208,33.609375
1508,512,16583,32.388672
1509,512,16583,32.388672
1510,512,16917,33.041016
1511,512,17041,33.283203
1512,512,17584,34.343750
1513,512,17500,34.179688
1514,512,17500,34.179688
1515,512,17333,33.853516
1516,512,17291,33.771484
1517,512,16792,32.796875
1518,512,17000,33.203125
1519,512,16958,33.121094
1520,512,17375,33.935547
1521,512,16959,33.123047
1522,512,15959,31.169922
1523,512,16541,32.306641
1524,512,16833,32.876953
1525,512,16584,32.390625
1526,512,17000,33.203125
1527,512,17750,34.667969
1528,512,17000,33.203125
1529,512,16958,33.121094
1530,512,17417,34.017578
1531,512,16958,33.121094
1532,512,16708,32.632812
1533,512,16750,32.714844
1534,512,16625,32.470703
1535,512,17333,33.853516
1536,512,16500,32.226562
1537,512,16875,32.958984
1538,512,17167,33.529297
1539,512,16500,32.226562
1540,512,16833,32.876953
1541,512,16375,31.982422
1542,512,17000,33.203125
1543,512,16959,33.123047
1544,512,17084,33.367188
1545,512,17042,33.285156
1546,512,16917,33.041016
1547,512,17167,33.529297
1548,512,18083,35.318359
1549,512,17334,33.855469
1550,512,17458,34.097656
1551,512,16958,33.121094
1552,512,17500,34.179688
1553,512,16750,32.714844
1554,512,17000,33.203125
1555,512,16917,33.041016
1556,512,16791,32.794922
1557,512,17125,33.447266
1558,512,16792,32.796875
1559,512,17083,33.365234
1560,512,16083,31.412109
1561,512,17000,33.203125
1562,512,16792,32.796875
1563,512,16375,31.982422
1564,512,17000,33.203125
1565,512,16750,32.714844
1566,512,16667,32.552734
1567,512,16583,32.388672
1568,512,16917,33.041016
1569,512,16750,32.714844
1570,512,16125,31.494141
1571,512,17958,35.074219
1572,512,16375,31.982422
1573,512,17125,33.447266
1574,512,16875,32.958984
1575,512,16417,32.064453
1576,512,17417,34.017578
1577,512,16500,32.226562
1578,512,16459,32.146484
1579,512,16208,31.656250
1580,512,17292,33.773438
1581,512,17625,34.423828
1582,512,17584,34.343750
1583,512,16791,32.794922
1584,512,17042,33.285156
1585,512,17000,33.203125
1586,512,16416,32.062500
1587,512,16667,32.552734
1588,512,16750,32.714844
1589,512,16458,32.144531
1590,512,16958,33.121094
1591,512,17000,33.203125
1592,512,17000,33.203125
1593,512,17250,33.691406
1594,512,16667,32.552734
1595,512,17291,33.771484
1596,512,17709,34.587891
1597,512,17166,33.527344
1598,512,16584,32.390625
1599,512,17458,34.097656
1600,512,16875,32.958984
1601,512,17041,33.283203
1602,512,16750,32.714844
1603,512,16542,32.308594
1604,512,16375,31.982422
1605,512,16750,32.714844
1606,512,16583,32.388672
1607,512,16167,31.576172
1608,512,17208,33.609375
1609,512,16541,32.306641
1610,512,17375,33.935547
1611,512,16917,33.041016
1612,512,16958,33.121094
1613,512,16834,32.878906
1614,512,16667,32.552734
1615,512,16958,33.121094
1616,512,16875,32.958984
1617,512,17000,33.203125
1618,512,16959,33.123047
1619,512,17000,33.203125
1620,512,17125,33.447266
1621,512,16458,32.144531
1622,512,16542,32.308594
1623,512,16958,33.121094
1624,512,16875,32.958984
1625,512,16208,31.656250
1626,512,16625,32.470703
1627,512,16958,33.121094
1628,512,17084,33.367188
1629,512,16916,33.039062
1630,512,16625,32.470703
1631,512,17208,33.609375
1632,512,16583,32.388672
1633,512,16209,31.658203
1634,512,15958,31.167969
1635,512,17667,34.505859
1636,512,17209,33.611328
1637,512,16708,32.632812
1638,512,17625,34.423828
1639,512,17125,33.447266
1640,512,17291,33.771484
1641,512,16625,32.470703
1642,512,16167,31.576172
1643,512,17042,33.285156
1644,512,16875,32.958984
1645,512,17416,34.015625
1646,512,16375,31.982422
1647,512,16417,32.064453
1648,512,17291,33.771484
1649,512,17084,33.367188
1650,512,16375,31.982422
1651,512,17292,33.773438
1652,512,16791,32.794922
1653,512,16833,32.876953
1654,512,16667,32.552734
1655,512,16708,32.632812
1656,512,17125,33.447266
1657,512,16792,32.796875
1658,512,17167,33.529297
1659,512,16166,31.574219
1660,512,16625,32.470703
1661,512,16917,33.041016
1662,512,16708,32.632812
1663,512,16458,32.144531
1664,512,16875,32.958984
1665,512,17042,33.285156
1666,512,16708,32.632812
1667,512,17000,33.203125
1668,512,16791,32.794922
1669,512,17000,33.203125
1670,512,17042,33.285156
1671,512,16667,32.552734
1672,512,16542,32.308594
1673,512,17125,33.447266
1674,512,16959,33.123047
1675,512,17625,34.423828
1676,512,16500,32.226562
1677,512,16417,32.064453
1678,512,16791,32.794922
1679,512,17042,33.285156
1680,512,17083,33.365234
1681,512,16541,32.306641
1682,512,16167,31.576172
1683,512,16667,32.552734
1684,512,16541,32.306641
1685,512,16958,33.121094
1686,512,16334,31.902344
1687,512,17250,33.691406
1688,512,16542,32.308594
1689,512,16333,31.900391
1690,512,17333,33.853516
1691,512,17417,34.017578
1692,512,17167,33.529297
1693,512,16791,32.794922
1694,512,17125,33.447266
1695,512,17000,33.203125
1696,512,16167,31.576172
1697,512,16917,33.041016
1698,512,16250,31.738281
1699,512,16667,32.552734
1700,512,16833,32.876953
1701,512,17375,33.935547
1702,512,17333,33.853516
1703,512,17500,34.179688
1704,512,17208,33.609375
1705,512,16417,32.064453
1706,512,16458,32.144531
1707,512,16583,32.388672
1708,512,16959,33.123047
1709,512,16625,32.470703
1710,512,17250,33.691406
1711,512,16958,33.121094
1712,512,17125,33.447266
1713,512,16709,32.634766
1714,512,16709,32.634766
1715,512,17042,33.285156
1716,512,17292,33.773438
1717,512,16250,31.738281
1718,512,16584,32.390625
1719,512,16166,31.574219
1720,512,16833,32.876953
1721,512,16875,32.958984
1722,512,17125,33.447266
1723,512,17084,33.367188
1724,512,17666,34.503906
1725,512,17084,33.367188
1726,512,16875,32.958984
1727,512,17000,33.203125
1728,512,16542,32.308594
1729,512,17458,34.097656
1730,512,16417,32.064453
1731,512,17250,33.691406
1732,512,17375,33.935547
1733,512,17041,33.283203
1734,512,16958,33.121094
1735,512,20375,39.794922
1736,512,22375,43.701172
1737,512,21375,41.748047
1738,512,17250,33.691406
1739,512,17208,33.609375
1740,512,16250,31.738281
1741,512,17500,34.179688
1742,512,16917,33.041016
1743,512,16042,31.332031
1744,512,16167,31.576172
1745,512,16875,32.958984
1746,512,17167,33.529297
1747,512,17333,33.853516
1748,512,17708,34.585938
1749,512,16333,31.900391
1750,512,16625,32.470703
1751,512,16875,32.958984
1752,512,16375,31.982422
1753,512,17333,33.853516
1754,512,17042,33.285156
1755,512,17875,34.912109
1756,512,16292,31.820312
1757,512,17208,33.609375
1758,512,17333,33.853516
1759,512,17167,33.529297
1760,512,16875,32.958984
1761,512,16750,32.714844
1762,512,17209,33.611328
1763,512,17000,33.203125
1764,512,16709,32.634766
1765,512,16875,32.958984
1766,512,17250,33.691406
1767,512,20209,39.470703
1768,512,16791,32.794922
1769,512,16208,31.656250
1770,512,16583,32.388672
1771,512,17542,34.261719
1772,512,17000,33.203125
1773,512,16916,33.039062
1774,512,17000,33.203125
1775,512,17250,33.691406
1776,512,16708,32.632812
1777,512,17084,33.367188
1778,512,17208,33.609375
1779,512,16500,32.226562
1780,512,16708,32.632812
1781,512,16958,33.121094
1782,512,16542,32.308594
1783,512,16458,32.144531
1784,512,16708,32.632812
1785,512,16500,32.226562
1786,512,16208,31.656250
1787,512,17458,34.097656
1788,512,16542,32.308594
1789,512,16458,32.144531
1790,512,17000,33.203125
1791,512,16792,32.796875
1792,512,16250,31.738281
1793,512,17291,33.771484
1794,512,16625,32.470703
1795,512,17000,33.203125
1796,512,17083,33.365234
1797,512,17333,33.853516
1798,512,16917,33.041016
1799,512,16625,32.470703
1800,512,16708,32.632812
1801,512,16709,32.634766
1802,512,16875,32.958984
1803,512,17417,34.017578
1804,512,17667,34.505859
1805,512,17042,33.285156
1806,512,17583,34.341797
1807,512,16708,32.632812
1808,512,16792,32.796875
1809,512,17500,34.179688
1810,512,16208,31.656250
1811,512,17083,33.365234
1812,512,17459,34.099609
1813,512,17334,33.855469
1814,512,16833,32.876953
1815,512,17208,33.609375
1816,512,16792,32.796875
1817,512,16792,32.796875
1818,512,17375,33.935547
1819,512,16875,32.958984
1820,512,16833,32.876953
1821,512,16458,32.144531
1822,512,16583,32.388672
1823,512,16666,32.550781
1824,512,16625,32.470703
1825,512,16708,32.632812
1826,512,16917,33.041016
1827,512,17125,33.447266
1828,512,17125,33.447266
1829,512,16917,33.041016
1830,512,17166,33.527344
1831,512,17625,34.423828
1832,512,17167,33.529297
1833,512,16625,32.470703
1834,512,16417,32.064453
1835,512,16584,32.390625
1836,512,17291,33.771484
1837,512,16750,32.714844
1838,512,17500,34.179688
1839,512,17500,34.179688
1840,512,16875,32.958984
1841,512,17625,34.423828
1842,512,17333,33.853516
1843,512,16750,32.714844
1844,512,16500,32.226562
1845,512,16750,32.714844
1846,512,17208,33.609375
1847,512,16750,32.714844
1848,512,16833,32.876953
1849,512,17000,33.203125
1850,512,16833,32.876953
1851,512,17792,34.750000
1852,512,17458,34.097656
1853,512,16459,32.146484
1854,512,16959,33.123047
1855,512,17584,34.343750
1856,512,16875,32.958984
1857,512,16834,32.878906
1858,512,16875,32.958984
1859,512,17042,33.285156
1860,512,16541,32.306641
1861,512,17292,33.773438
1862,512,17333,33.853516
1863,512,17167,33.529297
1864,512,16791,32.794922
1865,512,16625,32.470703
1866,512,18083,35.318359
1867,512,16667,32.552734
1868,512,17500,34.179688
1869,512,16709,32.634766
1870,512,17375,33.935547
1871,512,16875,32.958984
1872,512,16542,32.308594
1873,512,17083,33.365234
1874,512,18000,35.156250
1875,512,17334,33.855469
1876,512,16833,32.876953
1877,512,17125,33.447266
1878,512,16958,33.121094
1879,512,16708,32.632812
1880,512,17083,33.365234
1881,512,16750,32.714844
1882,512,16083,31.412109
1883,512,16917,33.041016
1884,512,16709,32.634766
1885,512,16958,33.121094
1886,512,17041,33.283203
1887,512,17167,33.529297
1888,512,16708,32.632812
1889,512,18000,35.156250
1890,512,16958,33.121094
1891,512,16917,33.041016
1892,512,16542,32.308594
1893,512,16583,32.388672
1894,512,16750,32.714844
1895,512,17041,33.283203
1896,512,16792,32.796875
1897,512,17125,33.447266
1898,512,17583,34.341797
1899,512,16667,32.552734
1900,512,16833,32.876953
1901,512,16583,32.388672
1902,512,16792,32.796875
1903,512,17042,33.285156
1904,512,16916,33.039062
1905,512,18708,36.539062
1906,512,21750,42.480469
1907,512,18667,36.458984
1908,512,16916,33.039062
1909,512,16584,32.390625
1910,512,16625,32.470703
1911,512,16791,32.794922
1912,512,17083,33.365234
1913,512,16459,32.146484
1914,512,17500,34.179688
1915,512,17000,33.203125
1916,512,17125,33.447266
1917,512,17209,33.611328
1918,512,17250,33.691406
1919,512,16833,32.876953
1920,512,17084,33.367188
1921,512,19208,37.515625
1922,512,20208,39.468750
1923,512,17542,34.261719
1924,512,17916,34.992188
1925,512,16625,32.470703
1926,512,16500,32.226562
1927,512,16958,33.121094
1928,512,17167,33.529297
1929,512,16417,32.064453
1930,512,17041,33.283203
1931,512,16709,32.634766
1932,512,16791,32.794922
1933,512,16792,32.796875
1934,512,17125,33.447266
1935,512,17042,33.285156
1936,512,17208,33.609375
1937,512,16875,32.958984
1938,512,16583,32.388672
1939,512,17125,33.447266
1940,512,16417,32.064453
1941,512,16375,31.982422
1942,512,17833,34.830078
1943,512,16667,32.552734
1944,512,16833,32.876953
1945,512,16416,32.062500
1946,512,16334,31.902344
1947,512,17041,33.283203
1948,512,16959,33.123047
1949,512,16541,32.306641
1950,512,17042,33.285156
1951,512,16333,31.900391
1952,512,17000,33.203125
1953,512,17167,33.529297
1954,512,44083,86.099609
1955,512,25083,48.990234
1956,512,21333,41.666016
1957,512,17875,34.912109
1958,512,21875,42.724609
1959,512,18208,35.562500
1960,512,17792,34.750000
1961,512,17667,34.505859
1962,512,18542,36.214844
1963,512,21166,41.339844
1964,512,17625,34.423828
1965,512,17833,34.830078
1966,512,17917,34.994141
1967,512,17000,33.203125
1968,512,17458,34.097656
1969,512,17042,33.285156
1970,512,17958,35.074219
1971,512,18000,35.156250
1972,512,17542,34.261719
1973,512,17625,34.423828
1974,512,17916,34.992188
1975,512,17833,34.830078
1976,512,17250,33.691406
1977,512,16917,33.041016
1978,512,18167,35.482422
1979,512,17875,34.912109
1980,512,17542,34.261719
1981,512,17292,33.773438
1982,512,17042,33.285156
1983,512,17167,33.529297
1984,512,17084,33.367188
1985,512,17375,33.935547
1986,512,17916,34.992188
1987,512,17792,34.750000
1988,512,17958,35.074219
1989,512,17334,33.855469
1990,512,17375,33.935547
1991,512,17584,34.343750
1992,512,17375,33.935547
1993,512,16458,32.144531
1994,512,16083,31.412109
1995,512,16458,32.144531
1996,512,17458,34.097656
1997,512,17708,34.585938
1998,512,17334,33.855469
1999,512,17208,33.609375
2000,512,17333,33.853516
2001,512,17459,34.099609
2002,512,17333,33.853516
2003,512,17708,34.585938
2004,512,17917,34.994141
2005,512,16875,32.958984
2006,512,16750,32.714844
2007,512,17458,34.097656
2008,512,17041,33.283203
2009,512,17417,34.017578
2010,512,17083,33.365234
2011,512,17125,33.447266
2012,512,17667,34.505859
2013,512,17958,35.074219
2014,512,17875,34.912109
2015,512,20625,40.283203
2016,512,19250,37.597656
2017,512,17667,34.505859
2018,512,17625,34.423828
2019,512,17916,34.992188
2020,512,16750,32.714844
2021,512,18000,35.156250
2022,512,17541,34.259766
2023,512,17333,33.853516
2024,512,16875,32.958984
2025,512,17750,34.667969
2026,512,17584,34.343750
2027,512,17125,33.447266
2028,512,17167,33.529297
2029,512,17125,33.447266
2030,512,17208,33.609375
2031,512,17708,34.585938
2032,512,17250,33.691406
2033,512,16833,32.876953
2034,512,17542,34.261719
2035,512,17416,34.015625
2036,512,17750,34.667969
2037,512,17167,33.529297
2038,512,17542,34.261719
2039,512,17666,34.503906
2040,512,17459,34.099609
2041,512,17541,34.259766
2042,512,17792,34.750000
2043,512,17750,34.667969
2044,512,17000,33.203125
2045,512,17750,34.667969
2046,512,16875,32.958984
2047,512,16917,33.041016
2048,512,17000,33.203125
2049,512,17792,34.750000
2050,512,17583,34.341797
2051,512,17250,33.691406
2052,512,17667,34.505859
2053,512,17208,33.609375
2054,512,17542,34.261719
2055,512,17333,33.853516
2056,512,16875,32.958984
2057,512,17875,34.912109
2058,512,17792,34.750000
2059,512,17583,34.341797
2060,512,17584,34.343750
2061,512,17791,34.748047
2062,512,17584,34.343750
2063,512,17166,33.527344
2064,512,17042,33.285156
2065,512,24042,46.957031
2066,512,20166,39.386719
2067,512,19334,37.761719
2068,512,18166,35.480469
2069,512,17417,34.017578
2070,512,18000,35.156250
2071,512,17875,34.912109
2072,512,18250,35.644531
2073,512,17541,34.259766
2074,512,17209,33.611328
2075,512,16875,32.958984
2076,512,17000,33.203125
2077,512,17334,33.855469
2078,512,16959,33.123047
2079,512,17833,34.830078
2080,512,17791,34.748047
2081,512,17875,34.912109
2082,512,17209,33.611328
2083,512,17541,34.259766
2084,512,17417,34.017578
2085,512,17708,34.585938
2086,512,17625,34.423828
2087,512,17708,34.585938
2088,512,17917,34.994141
2089,512,17916,34.992188
2090,512,17042,33.285156
2091,512,17458,34.097656
2092,512,17750,34.667969
2093,512,17500,34.179688
2094,512,28458,55.582031
2095,512,18500,36.132812
2096,512,18167,35.482422
2097,512,17792,34.750000
2098,512,18834,36.785156
2099,512,17791,34.748047
2100,512,17417,34.017578
2101,512,17625,34.423828
2102,512,17709,34.587891
2103,512,17125,33.447266
2104,512,17416,34.015625
2105,512,16875,32.958984
2106,512,17250,33.691406
2107,512,17042,33.285156
2108,512,17041,33.283203
2109,512,16750,32.714844
2110,512,17292,33.773438
2111,512,17833,34.830078
2112,512,17917,34.994141
2113,512,17250,33.691406
2114,512,17750,34.667969
2115,512,17791,34.748047
2116,512,16875,32.958984
2117,512,17584,34.343750
2118,512,17291,33.771484
2119,512,17417,34.017578
2120,512,16958,33.121094
2121,512,16958,33.121094
2122,512,17667,34.505859
2123,512,17833,34.830078
2124,512,17708,34.585938
2125,512,17542,34.261719
2126,512,17416,34.015625
2127,512,17708,34.585938
2128,512,17208,33.609375
2129,512,17375,33.935547
2130,512,17333,33.853516
2131,512,16959,33.123047
2132,512,17708,34.585938
2133,512,20750,40.527344
2134,512,17833,34.830078
2135,512,17583,34.341797
2136,512,17541,34.259766
2137,512,17500,34.179688
2138,512,17042,33.285156
2139,512,17833,34.830078
2140,512,17000,33.203125
2141,512,17125,33.447266
2142,512,17750,34.667969
2143,512,17750,34.667969
2144,512,17917,34.994141
2145,512,17166,33.527344
2146,512,17417,34.017578
2147,512,17792,34.750000
2148,512,17833,34.830078
2149,512,17208,33.609375
2150,512,17583,34.341797
2151,512,17583,34.341797
2152,512,17334,33.855469
2153,512,17583,34.341797
2154,512,17875,34.912109
2155,512,17625,34.423828
2156,512,17500,34.179688
2157,512,17333,33.853516
2158,512,18000,35.156250
2159,512,17625,34.423828
2160,512,18084,35.320312
2161,512,17542,34.261719
2162,512,18083,35.318359
2163,512,17625,34.423828
2164,512,17541,34.259766
2165,512,17459,34.099609
2166,512,17666,34.503906
2167,512,17584,34.343750
2168,512,17666,34.503906
2169,512,17917,34.994141
2170,512,17291,33.771484
2171,512,17250,33.691406
2172,512,17500,34.179688
2173,512,17333,33.853516
2174,512,17583,34.341797
2175,512,17458,34.097656
2176,512,17875,34.912109
2177,512,17666,34.503906
2178,512,16917,33.041016
2179,512,17541,34.259766
2180,512,17667,34.505859
2181,512,17666,34.503906
2182,512,17708,34.585938
2183,512,17625,34.423828
2184,512,18042,35.238281
2185,512,18291,35.724609
2186,512,17583,34.341797
2187,512,17459,34.099609
2188,512,17667,34.505859
2189,512,17292,33.773438
2190,512,17583,34.341797
2191,512,18667,36.458984
2192,512,17708,34.585938
2193,512,17708,34.585938
2194,512,17375,33.935547
2195,512,17250,33.691406
2196,512,17500,34.179688
2197,512,17583,34.341797
2198,512,17417,34.017578
2199,512,18250,35.644531
2200,512,17583,34.341797
2201,512,18042,35.238281
2202,512,16333,31.900391
2203,512,18167,35.482422
2204,512,17167,33.529297
2205,512,17208,33.609375
2206,512,17833,34.830078
2207,512,16959,33.123047
2208,512,17459,34.099609
2209,512,20500,40.039062
2210,512,18583,36.294922
2211,512,18042,35.238281
2212,512,17541,34.259766
2213,512,17958,35.074219
2214,512,17167,33.529297
2215,512,17792,34.750000
2216,512,17666,34.503906
2217,512,17625,34.423828
2218,512,18375,35.888672
2219,512,17458,34.097656
2220,512,17375,33.935547
2221,512,17042,33.285156
2222,512,17333,33.853516
2223,512,17333,33.853516
2224,512,17750,34.667969
2225,512,17458,34.097656
2226,512,16750,32.714844
2227,512,17792,34.750000
2228,512,17500,34.179688
2229,512,17625,34.423828
2230,512,17834,34.832031
2231,512,17041,33.283203
2232,512,17583,34.341797
2233,512,18459,36.052734
2234,512,17916,34.992188
2235,512,17834,34.832031
2236,512,17541,34.259766
2237,512,17792,34.750000
2238,512,16916,33.039062
2239,512,17042,33.285156
2240,512,17417,34.017578
2241,512,17291,33.771484
2242,512,18334,35.808594
2243,512,17250,33.691406
2244,512,17750,34.667969
2245,512,18250,35.644531
2246,512,17834,34.832031
2247,512,17459,34.099609
2248,512,16959,33.123047
2249,512,17584,34.343750
2250,512,17542,34.261719
2251,512,17208,33.609375
2252,512,17042,33.285156
2253,512,17708,34.585938
2254,512,17458,34.097656
2255,512,17417,34.017578
2256,512,18209,35.564453
2257,512,18125,35.400391
2258,512,17750,34.667969
2259,512,16750,32.714844
2260,512,16500,32.226562
2261,512,18042,35.238281
2262,512,17583,34.341797
2263,512,17584,34.343750
2264,512,17750,34.667969
2265,512,18541,36.212891
2266,512,17167,33.529297
2267,512,22791,44.513672
2268,512,17583,34.341797
2269,512,19000,37.109375
2270,512,17750,34.667969
2271,512,17958,35.074219
2272,512,17458,34.097656
2273,512,17791,34.748047
2274,512,18000,35.156250
2275,512,18167,35.482422
2276,512,17583,34.341797
2277,512,17667,34.505859
2278,512,17417,34.017578
2279,512,17625,34.423828
2280,512,19708,38.492188
2281,512,19917,38.900391
2282,512,17458,34.097656
2283,512,18458,36.050781
2284,512,17875,34.912109
2285,512,17875,34.912109
2286,512,18375,35.888672
2287,512,17500,34.179688
2288,512,18125,35.400391
2289,512,17292,33.773438
2290,512,17542,34.261719
2291,512,17583,34.341797
2292,512,17833,34.830078
2293,512,17417,34.017578
2294,512,17042,33.285156
2295,512,17667,34.505859
2296,512,17583,34.341797
2297,512,17959,35.076172
2298,512,17916,34.992188
2299,512,17375,33.935547
2300,512,18333,35.806641
2301,512,17667,34.505859
2302,512,17292,33.773438
2303,512,17416,34.015625
2304,512,20500,40.039062
2305,512,36625,71.533203
2306,512,52125,101.806641
2307,512,50750,99.121094
2308,512,16583,32.388672
2309,512,16292,31.820312
2310,512,18833,36.783203
2311,512,17333,33.853516
2312,512,18833,36.783203
2313,512,17667,34.505859
2314,512,16291,31.818359
2315,512,20875,40.771484
2316,512,21917,42.806641
2317,512,17958,35.074219
2318,512,17041,33.283203
2319,512,17125,33.447266
2320,512,17667,34.505859
2321,512,17458,34.097656
2322,512,17208,33.609375
2323,512,17458,34.097656
2324,512,17750,34.667969
2325,512,17458,34.097656
2326,512,17709,34.587891
2327,512,17291,33.771484
2328,512,17625,34.423828
2329,512,17708,34.585938
2330,512,17917,34.994141
2331,512,17459,34.099609
2332,512,18000,35.156250
2333,512,17500,34.179688
2334,512,17542,34.261719
2335,512,17875,34.912109
2336,512,18166,35.480469
2337,512,17834,34.832031
2338,512,17583,34.341797
2339,512,17875,34.912109
2340,512,18250,35.644531
2341,512,17292,33.773438
2342,512,17959,35.076172
2343,512,18500,36.132812
2344,512,17584,34.343750
2345,512,17791,34.748047
2346,512,18000,35.156250
2347,512,17333,33.853516
2348,512,18458,36.050781
2349,512,18167,35.482422
2350,512,17792,34.750000
2351,512,17791,34.748047
2352,512,17458,34.097656
2353,512,17792,34.750000
2354,512,17375,33.935547
2355,512,17958,35.074219
2356,512,17875,34.912109
2357,512,17458,34.097656
2358,512,17250,33.691406
2359,512,17667,34.505859
2360,512,17750,34.667969
2361,512,17916,34.992188
2362,512,17584,34.343750
2363,512,16459,32.146484
2364,512,18291,35.724609
2365,512,17417,34.017578
2366,512,17792,34.750000
2367,512,18042,35.238281
2368,512,17750,34.667969
2369,512,17458,34.097656
2370,512,18333,35.806641
2371,512,18167,35.482422
2372,512,17625,34.423828
2373,512,17667,34.505859
2374,512,17875,34.912109
2375,512,17917,34.994141
2376,512,17125,33.447266
2377,512,17625,34.423828
2378,512,17625,34.423828
2379,512,17541,34.259766
2380,512,17208,33.609375
2381,512,17875,34.912109
2382,512,18167,35.482422
2383,512,17417,34.017578
2384,512,18250,35.644531
2385,512,17458,34.097656
2386,512,17292,33.773438
2387,512,17750,34.667969
2388,512,17583,34.341797
2389,512,18000,35.156250
2390,512,18250,35.644531
2391,512,17750,34.667969
2392,512,18292,35.726562
2393,512,17375,33.935547
2394,512,18000,35.156250
2395,512,17583,34.341797
2396,512,17500,34.179688
2397,512,17083,33.365234
2398,512,16750,32.714844
2399,512,15958,31.167969
2400,512,15833,30.923828
2401,512,15917,31.087891
2402,512,16417,32.064453
2403,512,16583,32.388672
2404,512,16292,31.820312
2405,512,16125,31.494141
2406,512,19250,37.597656
2407,512,22583,44.107422
2408,512,21500,41.992188
2409,512,18792,36.703125
2410,512,16250,31.738281
2411,512,16166,31.574219
2412,512,16250,31.738281
2413,512,16750,32.714844
2414,512,16500,32.226562
2415,512,15708,30.679688
2416,512,16292,31.820312
2417,512,16125,31.494141
2418,512,16000,31.250000
2419,512,16458,32.144531
2420,512,16250,31.738281
2421,512,16333,31.900391
2422,512,16125,31.494141
2423,512,15916,31.085938
2424,512,16792,32.796875
2425,512,16542,32.308594
2426,512,16292,31.820312
2427,512,16334,31.902344
2428,512,16250,31.738281
2429,512,15792,30.843750
2430,512,16541,32.306641
2431,512,16417,32.064453
2432,512,16917,33.041016
2433,512,16541,32.306641
2434,512,16750,32.714844
2435,512,16833,32.876953
2436,512,16000,31.250000
2437,512,16125,31.494141
2438,512,16333,31.900391
2439,512,16334,31.902344
2440,512,16791,32.794922
2441,512,16542,32.308594
2442,512,16000,31.250000
2443,512,15709,30.681641
2444,512,16291,31.818359
2445,512,16292,31.820312
2446,512,16250,31.738281
2447,512,16000,31.250000
2448,512,15875,31.005859
2449,512,16042,31.332031
2450,512,16083,31.412109
2451,512,15791,30.841797
2452,512,16125,31.494141
2453,512,16291,31.818359
2454,512,16084,31.414062
2455,512,16541,32.306641
2456,512,16292,31.820312
2457,512,15792,30.843750
2458,512,16792,32.796875
2459,512,16584,32.390625
2460,512,16458,32.144531
2461,512,16125,31.494141
2462,512,16041,31.330078
2463,512,16417,32.064453
2464,512,16500,32.226562
2465,512,16250,31.738281
2466,512,15292,29.867188
2467,512,17083,33.365234
2468,512,16458,32.144531
2469,512,15500,30.273438
2470,512,16667,32.552734
2471,512,16625,32.470703
2472,512,16166,31.574219
2473,512,16000,31.250000
2474,512,16667,32.552734
2475,512,16375,31.982422
2476,512,15875,31.005859
2477,512,16166,31.574219
2478,512,16209,31.658203
2479,512,15709,30.681641
2480,512,16083,31.412109
2481,512,15958,31.167969
2482,512,16583,32.388672
2483,512,16500,32.226562
2484,512,16708,32.632812
2485,512,15959,31.169922
2486,512,16416,32.062500
2487,512,17042,33.285156
2488,512,16916,33.039062
2489,512,15500,30.273438
2490,512,16500,32.226562
2491,512,16250,31.738281
2492,512,16708,32.632812
2493,512,15959,31.169922
2494,512,16125,31.494141
2495,512,16250,31.738281
2496,512,16334,31.902344
2497,512,16458,32.144531
2498,512,15958,31.167969
2499,512,16750,32.714844
2500,512,15958,31.167969
2501,512,16209,31.658203
2502,512,16333,31.900391
2503,512,16083,31.412109
2504,512,15459,30.193359
2505,512,16084,31.414062
2506,512,15875,31.005859
2507,512,16375,31.982422
2508,512,16458,32.144531
2509,512,16250,31.738281
2510,512,16542,32.308594
2511,512,16666,32.550781
2512,512,16250,31.738281
2513,512,16458,32.144531
2514,512,16209,31.658203
2515,512,16041,31.330078
2516,512,16750,32.714844
2517,512,16209,31.658203
2518,512,16541,32.306641
2519,512,16500,32.226562
2520,512,16417,32.064453
2521,512,35000,68.359375
2522,512,17042,33.285156
2523,512,16416,32.062500
2524,512,16417,32.064453
2525,512,16708,32.632812
2526,512,16083,31.412109
2527,512,16667,32.552734
2528,512,16250,31.738281
2529,512,16583,32.388672
2530,512,16542,32.308594
2531,512,15833,30.923828
2532,512,16042,31.332031
2533,512,16959,33.123047
2534,512,16375,31.982422
2535,512,16625,32.470703
2536,512,15959,31.169922
2537,512,15666,30.597656
2538,512,22750,44.433594
2539,512,16750,32.714844
2540,512,15708,30.679688
2541,512,15667,30.599609
2542,512,16708,32.632812
2543,512,19000,37.109375
2544,512,21750,42.480469
2545,512,21750,42.480469
2546,512,22584,44.109375
2547,512,17000,33.203125
2548,512,16792,32.796875
2549,512,18166,35.480469
2550,512,22792,44.515625
2551,512,21042,41.097656
2552,512,23542,45.980469
2553,512,22375,43.701172
2554,512,17375,33.935547
2555,512,16167,31.576172
2556,512,16083,31.412109
2557,512,15958,31.167969
2558,512,16625,32.470703
2559,512,16208,31.656250
2560,512,15792,30.843750
2561,512,16000,31.250000
2562,512,16375,31.982422
2563,512,16541,32.306641
2564,512,16334,31.902344
2565,512,16250,31.738281
2566,512,15750,30.761719
2567,512,16292,31.820312
2568,512,16333,31.900391
2569,512,16042,31.332031
2570,512,23125,45.166016
2571,512,29000,56.640625
2572,512,22584,44.109375
2573,512,23417,45.736328
2574,512,19458,38.003906
2575,512,17708,34.585938
2576,512,18083,35.318359
2577,512,17667,34.505859
2578,512,17500,34.179688
2579,512,17458,34.097656
2580,512,18042,35.238281
2581,512,16833,32.876953
2582,512,16666,32.550781
2583,512,17459,34.099609
2584,512,17458,34.097656
2585,512,17708,34.585938
2586,512,18042,35.238281
2587,512,17250,33.691406
2588,512,17417,34.017578
2589,512,17125,33.447266
2590,512,17750,34.667969
2591,512,17083,33.365234
2592,512,17791,34.748047
2593,512,17042,33.285156
2594,512,16875,32.958984
2595,512,17917,34.994141
2596,512,18250,35.644531
2597,512,17250,33.691406
2598,512,18459,36.052734
2599,512,17708,34.585938
2600,512,17958,35.074219
2601,512,18083,35.318359
2602,512,18209,35.564453
2603,512,18292,35.726562
2604,512,18291,35.724609
2605,512,17625,34.423828
2606,512,17333,33.853516
2607,512,17708,34.585938
2608,512,17375,33.935547
2609,512,17959,35.076172
2610,512,18250,35.644531
2611,512,18083,35.318359
2612,512,18333,35.806641
2613,512,17500,34.179688
2614,512,17167,33.529297
2615,512,17917,34.994141
2616,512,18333,35.806641
2617,512,17083,33.365234
2618,512,17708,34.585938
2619,512,18625,36.376953
2620,512,17333,33.853516
2621,512,17875,34.912109
2622,512,17667,34.505859
2623,512,17041,33.283203
2624,512,18000,35.156250
2625,512,18209,35.564453
2626,512,17916,34.992188
2627,512,17834,34.832031
2628,512,18000,35.156250
2629,512,17959,35.076172
2630,512,17416,34.015625
2631,512,17250,33.691406
2632,512,17791,34.748047
2633,512,17709,34.587891
2634,512,17666,34.503906
2635,512,17708,34.585938
2636,512,17958,35.074219
2637,512,17209,33.611328
2638,512,17042,33.285156
2639,512,18125,35.400391
2640,512,17958,35.074219
2641,512,17000,33.203125
2642,512,16791,32.794922
2643,512,18084,35.320312
2644,512,17416,34.015625
2645,512,17709,34.587891
2646,512,18083,35.318359
2647,512,16875,32.958984
2648,512,17666,34.503906
2649,512,17250,33.691406
2650,512,17375,33.935547
2651,512,17667,34.505859
2652,512,17583,34.341797
2653,512,17417,34.017578
2654,512,20958,40.933594
2655,512,17917,34.994141
2656,512,17833,34.830078
2657,512,17542,34.261719
2658,512,17416,34.015625
2659,512,17792,34.750000
2660,512,18042,35.238281
2661,512,39333,76.822266
2662,512,18167,35.482422
2663,512,16291,31.818359
2664,512,15875,31.005859
2665,512,16458,32.144531
2666,512,16084,31.414062
2667,512,15417,30.111328
2668,512,16083,31.412109
2669,512,16333,31.900391
2670,512,16375,31.982422
2671,512,16250,31.738281
2672,512,16875,32.958984
2673,512,15916,31.085938
2674,512,16000,31.250000
2675,512,15375,30.029297
2676,512,16625,32.470703
2677,512,16125,31.494141
2678,512,16084,31.414062
2679,512,16166,31.574219
2680,512,16083,31.412109
2681,512,15959,31.169922
2682,512,16625,32.470703
2683,512,16459,32.146484
2684,512,16208,31.656250
2685,512,16292,31.820312
2686,512,16333,31.900391
2687,512,16333,31.900391
2688,512,16417,32.064453
2689,512,16167,31.576172
2690,512,16375,31.982422
2691,512,15625,30.517578
2692,512,16292,31.820312
2693,512,16000,31.250000
2694,512,16000,31.250000
2695,512,16041,31.330078
2696,512,16334,31.902344
2697,512,16167,31.576172
2698,512,17250,33.691406
2699,512,16500,32.226562
2700,512,16500,32.226562
2701,512,16125,31.494141
2702,512,16125,31.494141
2703,512,16334,31.902344
2704,512,15875,31.005859
2705,512,15917,31.087891
2706,512,16166,31.574219
2707,512,16708,32.632812
2708,512,16542,32.308594
2709,512,15333,29.947266
2710,512,15667,30.599609
2711,512,16083,31.412109
2712,512,15959,31.169922
2713,512,16500,32.226562
2714,512,16750,32.714844
2715,512,16416,32.062500
2716,512,15667,30.599609
2717,512,15791,30.841797
2718,512,16125,31.494141
2719,512,15916,31.085938
2720,512,16500,32.226562
2721,512,15834,30.925781
2722,512,16125,31.494141
2723,512,15792,30.843750
2724,512,16708,32.632812
2725,512,16417,32.064453
2726,512,16083,31.412109
2727,512,16042,31.332031
2728,512,16167,31.576172
2729,512,15875,31.005859
2730,512,16084,31.414062
2731,512,16167,31.576172
2732,512,16416,32.062500
2733,512,16417,32.064453
2734,512,15708,30.679688
2735,512,15875,31.005859
2736,512,16459,32.146484
2737,512,16416,32.062500
2738,512,16459,32.146484
2739,512,16209,31.658203
2740,512,15792,30.843750
2741,512,16333,31.900391
2742,512,16375,31.982422
2743,512,15625,30.517578
2744,512,15500,30.273438
2745,512,15292,29.867188
2746,512,15667,30.599609
2747,512,15958,31.167969
2748,512,16000,31.250000
2749,512,16500,32.226562
2750,512,15958,31.167969
2751,512,15875,31.005859
2752,512,16791,32.794922
2753,512,16042,31.332031
2754,512,16041,31.330078
2755,512,16583,32.388672
2756,512,16292,31.820312
2757,512,16166,31.574219
2758,512,16292,31.820312
2759,512,16750,32.714844
2760,512,15875,31.005859
2761,512,16291,31.818359
2762,512,16042,31.332031
2763,512,16166,31.574219
2764,512,15417,30.111328
2765,512,15875,31.005859
2766,512,16208,31.656250
2767,512,15958,31.167969
2768,512,16500,32.226562
2769,512,15583,30.435547
2770,512,15500,30.273438
2771,512,16667,32.552734
2772,512,17416,34.015625
2773,512,17125,33.447266
2774,512,17625,34.423828
2775,512,17417,34.017578
2776,512,17292,33.773438
2777,512,16917,33.041016
2778,512,17833,34.830078
2779,512,17250,33.691406
2780,512,17292,33.773438
2781,512,17375,33.935547
2782,512,17167,33.529297
2783,512,17583,34.341797
2784,512,17250,33.691406
2785,512,17500,34.179688
2786,512,17292,33.773438
2787,512,16791,32.794922
2788,512,17625,34.423828
2789,512,17292,33.773438
2790,512,17958,35.074219
2791,512,17792,34.750000
2792,512,17584,34.343750
2793,512,17000,33.203125
2794,512,17375,33.935547
2795,512,17250,33.691406
2796,512,17458,34.097656
2797,512,17417,34.017578
2798,512,17125,33.447266
2799,512,17875,34.912109
2800,512,17542,34.261719
2801,512,17416,34.015625
2802,512,17875,34.912109
2803,512,17167,33.529297
2804,512,18250,35.644531
2805,512,17166,33.527344
2806,512,16750,32.714844
2807,512,17875,34.912109
2808,512,17458,34.097656
2809,512,17625,34.423828
2810,512,17458,34.097656
2811,512,17250,33.691406
2812,512,17500,34.179688
2813,512,17166,33.527344
2814,512,17042,33.285156
2815,512,17750,34.667969
2816,512,16834,32.878906
2817,512,17875,34.912109
2818,512,17708,34.585938
2819,512,17750,34.667969
2820,512,17666,34.503906
2821,512,17125,33.447266
2822,512,17250,33.691406
2823,512,16916,33.039062
2824,512,17167,33.529297
2825,512,17416,34.015625
2826,512,18125,35.400391
2827,512,17042,33.285156
2828,512,16958,33.121094
2829,512,16541,32.306641
2830,512,17459,34.099609
2831,512,17334,33.855469
2832,512,17667,34.505859
2833,512,17667,34.505859
2834,512,16417,32.064453
2835,512,16875,32.958984
2836,512,17583,34.341797
2837,512,16750,32.714844
2838,512,16417,32.064453
2839,512,17375,33.935547
2840,512,17000,33.203125
2841,512,16958,33.121094
2842,512,16250,31.738281
2843,512,17458,34.097656
2844,512,17584,34.343750
2845,512,16666,32.550781
2846,512,17625,34.423828
2847,512,17542,34.261719
2848,512,16958,33.121094
2849,512,17167,33.529297
2850,512,17041,33.283203
2851,512,17250,33.691406
2852,512,17584,34.343750
2853,512,17333,33.853516
2854,512,17083,33.365234
2855,512,17459,34.099609
2856,512,16291,31.818359
2857,512,17292,33.773438
2858,512,17125,33.447266
2859,512,17458,34.097656
2860,512,17584,34.343750
2861,512,17916,34.992188
2862,512,20625,40.283203
2863,512,21750,42.480469
2864,512,19750,38.574219
2865,512,18458,36.050781
2866,512,17625,34.423828
2867,512,18167,35.482422
2868,512,17791,34.748047
2869,512,17458,34.097656
2870,512,17708,34.585938
2871,512,17792,34.750000
2872,512,18125,35.400391
2873,512,17541,34.259766
2874,512,17167,33.529297
2875,512,17666,34.503906
2876,512,17500,34.179688
2877,512,18084,35.320312
2878,512,17375,33.935547
2879,512,18584,36.296875
2880,512,17209,33.611328
2881,512,18208,35.562500
2882,512,18125,35.400391
2883,512,17750,34.667969
2884,512,18042,35.238281
2885,512,17875,34.912109
2886,512,17250,33.691406
2887,512,18625,36.376953
2888,512,17375,33.935547
2889,512,17333,33.853516
2890,512,17709,34.587891
2891,512,17333,33.853516
2892,512,17833,34.830078
2893,512,17334,33.855469
2894,512,16792,32.796875
2895,512,17333,33.853516
2896,512,16875,32.958984
2897,512,17458,34.097656
2898,512,17625,34.423828
2899,512,17167,33.529297
2900,512,16958,33.121094
2901,512,17292,33.773438
2902,512,17667,34.505859
2903,512,16958,33.121094
2904,512,17083,33.365234
2905,512,17750,34.667969
2906,512,17250,33.691406
2907,512,16708,32.632812
2908,512,17542,34.261719
2909,512,18250,35.644531
2910,512,17041,33.283203
2911,512,17042,33.285156
2912,512,16833,32.876953
2913,512,16625,32.470703
2914,512,17584,34.343750
2915,512,16916,33.039062
2916,512,17250,33.691406
2917,512,17292,33.773438
2918,512,17334,33.855469
2919,512,17666,34.503906
2920,512,16959,33.123047
2921,512,17084,33.367188
2922,512,16666,32.550781
2923,512,16250,31.738281
2924,512,17417,34.017578
2925,512,17166,33.527344
2926,512,17042,33.285156
2927,512,17292,33.773438
2928,512,17209,33.611328
2929,512,17042,33.285156
2930,512,17541,34.259766
2931,512,17834,34.832031
2932,512,17625,34.423828
2933,512,17416,34.015625
2934,512,16750,32.714844
2935,512,17750,34.667969
2936,512,16625,32.470703
2937,512,17459,34.099609
2938,512,18042,35.238281
2939,512,17333,33.853516
2940,512,17166,33.527344
2941,512,17500,34.179688
2942,512,17750,34.667969
2943,512,17916,34.992188
2944,512,17084,33.367188
2945,512,17125,33.447266
2946,512,16958,33.121094
2947,512,17542,34.261719
2948,512,17125,33.447266
2949,512,17250,33.691406
2950,512,16792,32.796875
2951,512,17167,33.529297
2952,512,18041,35.236328
2953,512,17292,33.773438
2954,512,17458,34.097656
2955,512,17542,34.261719
2956,512,16750,32.714844
2957,512,17333,33.853516
2958,512,17041,33.283203
2959,512,17584,34.343750
2960,512,17833,34.830078
2961,512,17708,34.585938
2962,512,17750,34.667969
2963,512,17375,33.935547
2964,512,17750,34.667969
2965,512,17583,34.341797
2966,512,17208,33.609375
2967,512,17292,33.773438
2968,512,17417,34.017578
2969,512,17625,34.423828
2970,512,16875,32.958984
2971,512,17333,33.853516
2972,512,17208,33.609375
2973,512,17125,33.447266
2974,512,17167,33.529297
2975,512,17791,34.748047
2976,512,16792,32.796875
2977,512,17459,34.099609
2978,512,16958,33.121094
2979,512,17291,33.771484
2980,512,16750,32.714844
2981,512,16833,32.876953
2982,512,17500,34.179688
2983,512,16459,32.146484
2984,512,17000,33.203125
2985,512,17500,34.179688
2986,512,16167,31.576172
2987,512,16833,32.876953
2988,512,16875,32.958984
2989,512,17208,33.609375
2990,512,16292,31.820312
2991,512,17167,33.529297
2992,512,16875,32.958984
2993,512,16875,32.958984
2994,512,17041,33.283203
2995,512,16750,32.714844
2996,512,16542,32.308594
2997,512,16917,33.041016
2998,512,16833,32.876953
2999,512,16834,32.878906
3000,512,16709,32.634766
3001,512,17083,33.365234
3002,512,16292,31.820312
3003,512,17458,34.097656
3004,512,16500,32.226562
3005,512,17291,33.771484
3006,512,16875,32.958984
3007,512,16959,33.123047
3008,512,17125,33.447266
3009,512,17042,33.285156
3010,512,16667,32.552734
3011,512,17000,33.203125
3012,512,16500,32.226562
3013,512,17250,33.691406
3014,512,17208,33.609375
3015,512,16833,32.876953
3016,512,17291,33.771484
3017,512,17292,33.773438
3018,512,17416,34.015625
3019,512,16792,32.796875
3020,512,16875,32.958984
3021,512,16208,31.656250
3022,512,17250,33.691406
3023,512,16959,33.123047
3024,512,17125,33.447266
3025,512,17084,33.367188
3026,512,16792,32.796875
3027,512,16750,32.714844
3028,512,16791,32.794922
3029,512,16959,33.123047
3030,512,16625,32.470703
3031,512,16459,32.146484
3032,512,17458,34.097656
3033,512,16542,32.308594
3034,512,16916,33.039062
3035,512,16417,32.064453
3036,512,16791,32.794922
3037,512,16333,31.900391
3038,512,16334,31.902344
3039,512,16792,32.796875
3040,512,17042,33.285156
3041,512,16459,32.146484
3042,512,16250,31.738281
3043,512,16250,31.738281
3044,512,16875,32.958984
3045,512,17042,33.285156
3046,512,17625,34.423828
3047,512,16792,32.796875
3048,512,16916,33.039062
3049,512,16667,32.552734
3050,512,16958,33.121094
3051,512,16708,32.632812
3052,512,17125,33.447266
3053,512,17000,33.203125
3054,512,17084,33.367188
3055,512,16750,32.714844
3056,512,16542,32.308594
3057,512,16375,31.982422
3058,512,17208,33.609375
3059,512,17167,33.529297
3060,512,15791,30.841797
3061,512,16875,32.958984
3062,512,17000,33.203125
3063,512,16833,32.876953
3064,512,16125,31.494141
3065,512,16333,31.900391
3066,512,17125,33.447266
3067,512,16375,31.982422
3068,512,17208,33.609375
3069,512,16209,31.658203
3070,512,17333,33.853516
3071,512,16458,32.144531
3072,512,16958,33.121094
3073,512,17083,33.365234
3074,512,17250,33.691406
3075,512,16875,32.958984
3076,512,17125,33.447266
3077,512,16458,32.144531
3078,512,17000,33.203125
3079,512,17167,33.529297
3080,512,17208,33.609375
3081,512,17208,33.609375
3082,512,16833,32.876953
3083,512,16917,33.041016
3084,512,17000,33.203125
3085,512,17292,33.773438
3086,512,16583,32.388672
3087,512,17125,33.447266
3088,512,17375,33.935547
3089,512,17208,33.609375
3090,512,17000,33.203125
3091,512,17125,33.447266
3092,512,17125,33.447266
3093,512,17083,33.365234
3094,512,16875,32.958984
3095,512,16916,33.039062
3096,512,17042,33.285156
3097,512,16458,32.144531
3098,512,17166,33.527344
3099,512,16959,33.123047
3100,512,16667,32.552734
3101,512,35333,69.009766
3102,512,27292,53.304688
3103,512,21625,42.236328
3104,512,18042,35.238281
3105,512,17875,34.912109
3106,512,17541,34.259766
3107,512,17250,33.691406
3108,512,16917,33.041016
3109,512,17208,33.609375
3110,512,17333,33.853516
3111,512,17958,35.074219
3112,512,16959,33.123047
3113,512,18291,35.724609
3114,512,17834,34.832031
3115,512,17708,34.585938
3116,512,17167,33.529297
3117,512,18334,35.808594
3118,512,17416,34.015625
3119,512,17958,35.074219
3120,512,18209,35.564453
3121,512,17708,34.585938
3122,512,18208,35.562500
3123,512,17833,34.830078
3124,512,17834,34.832031
3125,512,17917,34.994141
3126,512,17208,33.609375
3127,512,17250,33.691406
3128,512,17292,33.773438
3129,512,18333,35.806641
3130,512,17834,34.832031
3131,512,17417,34.017578
3132,512,17708,34.585938
3133,512,17333,33.853516
3134,512,17958,35.074219
3135,512,17375,33.935547
3136,512,17625,34.423828
3137,512,18000,35.156250
3138,512,17959,35.076172
3139,512,17958,35.074219
3140,512,18000,35.156250
3141,512,18333,35.806641
3142,512,17250,33.691406
3143,512,17750,34.667969
3144,512,17708,34.585938
3145,512,17208,33.609375
3146,512,17625,34.423828
3147,512,17375,33.935547
3148,512,17375,33.935547
3149,512,17916,34.992188
3150,512,17917,34.994141
3151,512,17208,33.609375
3152,512,17875,34.912109
3153,512,17792,34.750000
3154,512,18083,35.318359
3155,512,17292,33.773438
3156,512,17791,34.748047
3157,512,17834,34.832031
3158,512,17625,34.423828
3159,512,17958,35.074219
3160,512,17333,33.853516
3161,512,17875,34.912109
3162,512,18250,35.644531
3163,512,17917,34.994141
3164,512,17416,34.015625
3165,512,17125,33.447266
3166,512,17292,33.773438
3167,512,17084,33.367188
3168,512,17500,34.179688
3169,512,17458,34.097656
3170,512,17625,34.423828
3171,512,17500,34.179688
3172,512,17250,33.691406
3173,512,17458,34.097656
3174,512,17583,34.341797
3175,512,17667,34.505859
3176,512,18542,36.214844
3177,512,18083,35.318359
3178,512,17875,34.912109
3179,512,17000,33.203125
3180,512,17167,33.529297
3181,512,17750,34.667969
3182,512,17666,34.503906
3183,512,17834,34.832031
3184,512,16833,32.876953
3185,512,17917,34.994141
3186,512,17792,34.750000
3187,512,17125,33.447266
3188,512,17125,33.447266
3189,512,17708,34.585938
3190,512,17792,34.750000
3191,512,18083,35.318359
3192,512,22583,44.107422
3193,512,20083,39.224609
3194,512,17334,33.855469
3195,512,17584,34.343750
3196,512,17958,35.074219
3197,512,18042,35.238281
3198,512,17333,33.853516
3199,512,17000,33.203125
3200,512,17625,34.423828
3201,512,17583,34.341797
3202,512,17916,34.992188
3203,512,18583,36.294922
3204,512,18208,35.562500
3205,512,17459,34.099609
3206,512,17375,33.935547
3207,512,16833,32.876953
3208,512,17250,33.691406
3209,512,17750,34.667969
3210,512,17416,34.015625
3211,512,17333,33.853516
3212,512,17667,34.505859
3213,512,17833,34.830078
3214,512,17917,34.994141
3215,512,17291,33.771484
3216,512,18417,35.970703
3217,512,17958,35.074219
3218,512,18042,35.238281
3219,512,18000,35.156250
3220,512,17541,34.259766
3221,512,17708,34.585938
3222,512,17750,34.667969
3223,512,17375,33.935547
3224,512,17792,34.750000
3225,512,17083,33.365234
3226,512,18250,35.644531
3227,512,18292,35.726562
3228,512,17750,34.667969
3229,512,17625,34.423828
3230,512,17833,34.830078
3231,512,17500,34.179688
3232,512,17292,33.773438
3233,512,17791,34.748047
3234,512,17417,34.017578
3235,512,17667,34.505859
3236,512,18291,35.724609
3237,512,17417,34.017578
3238,512,17417,34.017578
3239,512,17708,34.585938
3240,512,17709,34.587891
3241,512,17583,34.341797
3242,512,17375,33.935547
3243,512,16833,32.876953
3244,512,17542,34.261719
3245,512,16666,32.550781
3246,512,17459,34.099609
3247,512,17042,33.285156
3248,512,17625,34.423828
3249,512,17417,34.017578
3250,512,16958,33.121094
3251,512,17333,33.853516
3252,512,17125,33.447266
3253,512,17542,34.261719
3254,512,16583,32.388672
3255,512,17458,34.097656
3256,512,18125,35.400391
3257,512,17541,34.259766
3258,512,17375,33.935547
3259,512,17208,33.609375
3260,512,17750,34.667969
3261,512,16833,32.876953
3262,512,17583,34.341797
3263,512,17542,34.261719
3264,512,17542,34.261719
3265,512,16792,32.796875
3266,512,17750,34.667969
3267,512,17708,34.585938
3268,512,17416,34.015625
3269,512,17958,35.074219
3270,512,17708,34.585938
3271,512,17834,34.832031
3272,512,17292,33.773438
3273,512,17958,35.074219
3274,512,18125,35.400391
3275,512,17417,34.017578
3276,512,17541,34.259766
3277,512,17917,34.994141
3278,512,17458,34.097656
3279,512,18417,35.970703
3280,512,17958,35.074219
3281,512,17750,34.667969
3282,512,17750,34.667969
3283,512,17375,33.935547
3284,512,18167,35.482422
3285,512,16833,32.876953
3286,512,17709,34.587891
3287,512,17583,34.341797
3288,512,17833,34.830078
3289,512,17500,34.179688
3290,512,17042,33.285156
3291,512,16833,32.876953
3292,512,18333,35.806641
3293,512,17042,33.285156
3294,512,17292,33.773438
3295,512,17833,34.830078
3296,512,18125,35.400391
3297,512,17833,34.830078
3298,512,17625,34.423828
3299,512,17834,34.832031
3300,512,17000,33.203125
3301,512,17666,34.503906
3302,512,17417,34.017578
3303,512,17791,34.748047
3304,512,17042,33.285156
3305,512,17250,33.691406
3306,512,17083,33.365234
3307,512,16459,32.146484
3308,512,17875,34.912109
3309,512,20000,39.062500
3310,512,35583,69.498047
3311,512,18458,36.050781
3312,512,18000,35.156250
3313,512,19250,37.597656
3314,512,33291,65.021484
3315,512,31917,62.337891
3316,512,19250,37.597656
3317,512,19125,37.353516
3318,512,18459,36.052734
3319,512,20792,40.609375
3320,512,18042,35.238281
3321,512,17666,34.503906
3322,512,50417,98.470703
3323,512,65375,127.685547
3324,512,19333,37.759766
3325,512,16125,31.494141
3326,512,16208,31.656250
3327,512,21375,41.748047
3328,512,20792,40.609375
3329,512,17583,34.341797
3330,512,17375,33.935547
3331,512,17375,33.935547
3332,512,18542,36.214844
3333,512,17125,33.447266
3334,512,18000,35.156250
3335,512,17666,34.503906
3336,512,17458,34.097656
3337,512,17792,34.750000
3338,512,17875,34.912109
3339,512,18792,36.703125
3340,512,17708,34.585938
3341,512,18208,35.562500
3342,512,17291,33.771484
3343,512,17667,34.505859
3344,512,17958,35.074219
3345,512,17708,34.585938
3346,512,18167,35.482422
3347,512,17917,34.994141
3348,512,17291,33.771484
3349,512,17667,34.505859
3350,512,18125,35.400391
3351,512,17584,34.343750
3352,512,18291,35.724609
3353,512,18250,35.644531
3354,512,18000,35.156250
3355,512,17500,34.179688
3356,512,17292,33.773438
3357,512,17875,34.912109
3358,512,18125,35.400391
3359,512,16250,31.738281
3360,512,16416,32.062500
3361,512,16250,31.738281
3362,512,16459,32.146484
3363,512,16250,31.738281
3364,512,16667,32.552734
3365,512,16541,32.306641
3366,512,15708,30.679688
3367,512,16458,32.144531
3368,512,16500,32.226562
3369,512,16250,31.738281
3370,512,17000,33.203125
3371,512,16250,31.738281
3372,512,16375,31.982422
3373,512,16375,31.982422
3374,512,16458,32.144531
3375,512,16958,33.121094
3376,512,16000,31.250000
3377,512,16375,31.982422
3378,512,17084,33.367188
3379,512,16375,31.982422
3380,512,16375,31.982422
3381,512,16334,31.902344
3382,512,16125,31.494141
3383,512,16250,31.738281
3384,512,16334,31.902344
3385,512,16000,31.250000
3386,512,15667,30.599609
3387,512,16416,32.062500
3388,512,16125,31.494141
3389,512,16125,31.494141
3390,512,16417,32.064453
3391,512,15625,30.517578
3392,512,16333,31.900391
3393,512,16417,32.064453
3394,512,16333,31.900391
3395,512,16334,31.902344
3396,512,17291,33.771484
3397,512,16459,32.146484
3398,512,16458,32.144531
3399,512,16292,31.820312
3400,512,16750,32.714844
3401,512,16916,33.039062
3402,512,16667,32.552734
3403,512,16417,32.064453
3404,512,16334,31.902344
3405,512,16458,32.144531
3406,512,16292,31.820312
3407,512,16208,31.656250
3408,512,16083,31.412109
3409,512,16417,32.064453
3410,512,16708,32.632812
3411,512,16375,31.982422
3412,512,16125,31.494141
3413,512,16000,31.250000
3414,512,16292,31.820312
3415,512,15958,31.167969
3416,512,16375,31.982422
3417,512,16333,31.900391
3418,512,16292,31.820312
3419,512,15875,31.005859
3420,512,16500,32.226562
3421,512,15916,31.085938
3422,512,16000,31.250000
3423,512,16500,32.226562
3424,512,15750,30.761719
3425,512,16500,32.226562
3426,512,15792,30.843750
3427,512,16250,31.738281
3428,512,16333,31.900391
3429,512,16416,32.062500
3430,512,16459,32.146484
3431,512,16250,31.738281
3432,512,15792,30.843750
3433,512,16167,31.576172
3434,512,16084,31.414062
3435,512,15834,30.925781
3436,512,16125,31.494141
3437,512,16166,31.574219
3438,512,16208,31.656250
3439,512,16708,32.632812
3440,512,16000,31.250000
3441,512,16375,31.982422
3442,512,16083,31.412109
3443,512,15875,31.005859
3444,512,16834,32.878906
3445,512,17125,33.447266
3446,512,16250,31.738281
3447,512,15667,30.599609
3448,512,16958,33.121094
3449,512,16917,33.041016
3450,512,15875,31.005859
3451,512,16875,32.958984
3452,512,16250,31.738281
3453,512,16625,32.470703
3454,512,16250,31.738281
3455,512,16584,32.390625
3456,512,16333,31.900391
3457,512,15500,30.273438
3458,512,16416,32.062500
3459,512,15750,30.761719
3460,512,15875,31.005859
3461,512,15959,31.169922
3462,512,15916,31.085938
3463,512,16000,31.250000
3464,512,16917,33.041016
3465,512,16375,31.982422
3466,512,16166,31.574219
3467,512,15875,31.005859
3468,512,16625,32.470703
3469,512,16417,32.064453
3470,512,16583,32.388672
3471,512,16875,32.958984
3472,512,16292,31.820312
3473,512,16625,32.470703
3474,512,17041,33.283203
3475,512,16417,32.064453
3476,512,16875,32.958984
3477,512,15875,31.005859
3478,512,16500,32.226562
3479,512,16500,32.226562
3480,512,17000,33.203125
3481,512,16416,32.062500
3482,512,16375,31.982422
3483,512,16458,32.144531
3484,512,16500,32.226562
3485,512,16375,31.982422
3486,512,17000,33.203125
3487,512,15958,31.167969
3488,512,16000,31.250000
3489,512,16750,32.714844
3490,512,17291,33.771484
3491,512,17959,35.076172
3492,512,17958,35.074219
3493,512,17417,34.017578
3494,512,18125,35.400391
3495,512,16791,32.794922
3496,512,17125,33.447266
3497,512,17666,34.503906
3498,512,17959,35.076172
3499,512,17333,33.853516
3500,512,17083,33.365234
3501,512,18542,36.214844
3502,512,16958,33.121094
3503,512,17584,34.343750
3504,512,18083,35.318359
3505,512,17458,34.097656
3506,512,17875,34.912109
3507,512,16834,32.878906
3508,512,17000,33.203125
3509,512,17583,34.341797
3510,512,18417,35.970703
3511,512,17500,34.179688
3512,512,17833,34.830078
3513,512,17500,34.179688
3514,512,16833,32.876953
3515,512,17583,34.341797
3516,512,17125,33.447266
3517,512,18166,35.480469
3518,512,16792,32.796875
3519,512,17833,34.830078
3520,512,16750,32.714844
3521,512,17083,33.365234
3522,512,17792,34.750000
3523,512,17625,34.423828
3524,512,17334,33.855469
3525,512,16916,33.039062
3526,512,17750,34.667969
3527,512,17917,34.994141
3528,512,17333,33.853516
3529,512,17208,33.609375
3530,512,18125,35.400391
3531,512,17417,34.017578
3532,512,17000,33.203125
3533,512,17125,33.447266
3534,512,17667,34.505859
3535,512,17708,34.585938
3536,512,17708,34.585938
3537,512,17584,34.343750
3538,512,17542,34.261719
3539,512,17416,34.015625
3540,512,17125,33.447266
3541,512,17417,34.017578
3542,512,17459,34.099609
3543,512,17042,33.285156
3544,512,17875,34.912109
3545,512,17167,33.529297
3546,512,17375,33.935547
3547,512,17417,34.017578
3548,512,16958,33.121094
3549,512,17667,34.505859
3550,512,18250,35.644531
3551,512,18375,35.888672
3552,512,17500,34.179688
3553,512,17917,34.994141
3554,512,17167,33.529297
3555,512,16875,32.958984
3556,512,16958,33.121094
3557,512,17750,34.667969
3558,512,18041,35.236328
3559,512,17334,33.855469
3560,512,17208,33.609375
3561,512,17333,33.853516
3562,512,17209,33.611328
3563,512,17458,34.097656
3564,512,16708,32.632812
3565,512,17500,34.179688
3566,512,16959,33.123047
3567,512,17125,33.447266
3568,512,16958,33.121094
3569,512,16667,32.552734
3570,512,16917,33.041016
3571,512,17000,33.203125
3572,512,16750,32.714844
3573,512,16875,32.958984
3574,512,17125,33.447266
3575,512,17584,34.343750
3576,512,17375,33.935547
3577,512,16500,32.226562
3578,512,17125,33.447266
3579,512,17125,33.447266
3580,512,17291,33.771484
3581,512,17083,33.365234
3582,512,16834,32.878906
3583,512,16750,32.714844
3584,512,16500,32.226562
3585,512,17083,33.365234
3586,512,16500,32.226562
3587,512,17333,33.853516
3588,512,16833,32.876953
3589,512,16500,32.226562
3590,512,16958,33.121094
3591,512,17167,33.529297
3592,512,17125,33.447266
3593,512,16875,32.958984
3594,512,17417,34.017578
3595,512,16959,33.123047
3596,512,17166,33.527344
3597,512,17250,33.691406
3598,512,17125,33.447266
3599,512,17417,34.017578
3600,512,17917,34.994141
3601,512,16916,33.039062
3602,512,16834,32.878906
3603,512,17250,33.691406
3604,512,16792,32.796875
3605,512,17083,33.365234
3606,512,16625,32.470703
3607,512,17084,33.367188
3608,512,17334,33.855469
3609,512,17042,33.285156
3610,512,17416,34.015625
3611,512,16500,32.226562
3612,512,17125,33.447266
3613,512,16333,31.900391
3614,512,16875,32.958984
3615,512,16625,32.470703
3616,512,16125,31.494141
3617,512,17417,34.017578
3618,512,17333,33.853516
3619,512,16917,33.041016
3620,512,17250,33.691406
3621,512,17375,33.935547
3622,512,17209,33.611328
3623,512,18084,35.320312
3624,512,17166,33.527344
3625,512,17375,33.935547
3626,512,16875,32.958984
3627,512,17125,33.447266
3628,512,17250,33.691406
3629,512,16792,32.796875
3630,512,16792,32.796875
3631,512,21417,41.830078
3632,512,21625,42.236328
3633,512,20167,39.388672
3634,512,22333,43.619141
3635,512,19833,38.736328
3636,512,18292,35.726562
3637,512,18041,35.236328
3638,512,17958,35.074219
3639,512,17584,34.343750
3640,512,16959,33.123047
3641,512,17750,34.667969
3642,512,17583,34.341797
3643,512,17000,33.203125
3644,512,17416,34.015625
3645,512,17917,34.994141
3646,512,17958,35.074219
3647,512,22083,43.130859
3648,512,21708,42.398438
3649,512,20958,40.933594
3650,512,17708,34.585938
3651,512,17417,34.017578
3652,512,17667,34.505859
3653,512,17917,34.994141
3654,512,18042,35.238281
3655,512,17875,34.912109
3656,512,18375,35.888672
3657,512,18333,35.806641
3658,512,17250,33.691406
3659,512,18334,35.808594
3660,512,17625,34.423828
3661,512,17375,33.935547
3662,512,17000,33.203125
3663,512,17167,33.529297
3664,512,16750,32.714844
3665,512,17250,33.691406
3666,512,17291,33.771484
3667,512,17125,33.447266
3668,512,17000,33.203125
3669,512,17000,33.203125
3670,512,15834,30.925781
3671,512,40625,79.345703
3672,512,27791,54.279297
3673,512,18875,36.865234
3674,512,18042,35.238281
3675,512,18458,36.050781
3676,512,18542,36.214844
3677,512,17916,34.992188
3678,512,17417,34.017578
3679,512,17791,34.748047
3680,512,17584,34.343750
3681,512,23084,45.085938
3682,512,21625,42.236328
3683,512,17500,34.179688
3684,512,18084,35.320312
3685,512,19166,37.433594
3686,512,18125,35.400391
3687,512,17875,34.912109
3688,512,18542,36.214844
3689,512,18167,35.482422
3690,512,18417,35.970703
3691,512,18291,35.724609
3692,512,19583,38.248047
3693,512,20042,39.144531
3694,512,21917,42.806641
3695,512,18792,36.703125
3696,512,18083,35.318359
3697,512,18000,35.156250
3698,512,18000,35.156250
3699,512,18000,35.156250
3700,512,17834,34.832031
3701,512,18375,35.888672
3702,512,18458,36.050781
3703,512,18125,35.400391
3704,512,17708,34.585938
3705,512,21042,41.097656
3706,512,19500,38.085938
3707,512,19042,37.191406
3708,512,18583,36.294922
3709,512,18333,35.806641
3710,512,17709,34.587891
3711,512,18416,35.968750
3712,512,17917,34.994141
3713,512,18083,35.318359
3714,512,17750,34.667969
3715,512,17666,34.503906
3716,512,17334,33.855469
3717,512,18125,35.400391
3718,512,17875,34.912109
3719,512,18459,36.052734
3720,512,18709,36.541016
3721,512,18708,36.539062
3722,512,17833,34.830078
3723,512,18125,35.400391
3724,512,17000,33.203125
3725,512,17875,34.912109
3726,512,17917,34.994141
3727,512,18625,36.376953
3728,512,18000,35.156250
3729,512,18417,35.970703
3730,512,18292,35.726562
3731,512,18292,35.726562
3732,512,17542,34.261719
3733,512,19333,37.759766
3734,512,19417,37.923828
3735,512,18208,35.562500
3736,512,17500,34.179688
3737,512,17875,34.912109
3738,512,17667,34.505859
3739,512,16666,32.550781
3740,512,18167,35.482422
3741,512,17541,34.259766
3742,512,17750,34.667969
3743,512,17250,33.691406
3744,512,18042,35.238281
3745,512,18333,35.806641
3746,512,18042,35.238281
3747,512,17125,33.447266
3748,512,18542,36.214844
3749,512,17666,34.503906
3750,512,18000,35.156250
3751,512,17750,34.667969
3752,512,17542,34.261719
3753,512,17416,34.015625
3754,512,17292,33.773438
3755,512,17667,34.505859
3756,512,17541,34.259766
3757,512,17292,33.773438
3758,512,18125,35.400391
3759,512,17458,34.097656
3760,512,17584,34.343750
3761,512,18291,35.724609
3762,512,17500,34.179688
3763,512,17333,33.853516
3764,512,17500,34.179688
3765,512,17500,34.179688
3766,512,17375,33.935547
3767,512,17584,34.343750
3768,512,17625,34.423828
3769,512,17791,34.748047
3770,512,18084,35.320312
3771,512,18375,35.888672
3772,512,18125,35.400391
3773,512,17750,34.667969
3774,512,18625,36.376953
3775,512,18208,35.562500
3776,512,18417,35.970703
3777,512,18708,36.539062
3778,512,18209,35.564453
3779,512,18917,36.947266
3780,512,17875,34.912109
3781,512,21250,41.503906
3782,512,18667,36.458984
3783,512,57334,111.980469
3784,512,49125,95.947266
3785,512,15625,30.517578
3786,512,16084,31.414062
3787,512,15250,29.785156
3788,512,15750,30.761719
3789,512,16125,31.494141
3790,512,16000,31.250000
3791,512,17833,34.830078
3792,512,20167,39.388672
3793,512,20500,40.039062
3794,512,20792,40.609375
3795,512,20542,40.121094
3796,512,16917,33.041016
3797,512,21583,42.154297
3798,512,19750,38.574219
3799,512,17250,33.691406
3800,512,17500,34.179688
3801,512,17750,34.667969
3802,512,17500,34.179688
3803,512,17334,33.855469
3804,512,17041,33.283203
3805,512,17250,33.691406
3806,512,17959,35.076172
3807,512,17584,34.343750
3808,512,17125,33.447266
3809,512,17750,34.667969
3810,512,17750,34.667969
3811,512,17500,34.179688
3812,512,18042,35.238281
3813,512,16958,33.121094
3814,512,17125,33.447266
3815,512,17333,33.853516
3816,512,17084,33.367188
3817,512,17458,34.097656
3818,512,16708,32.632812
3819,512,18084,35.320312
3820,512,17584,34.343750
3821,512,17958,35.074219
3822,512,18208,35.562500
3823,512,17917,34.994141
3824,512,17500,34.179688
3825,512,18166,35.480469
3826,512,17625,34.423828
3827,512,18042,35.238281
3828,512,18291,35.724609
3829,512,16500,32.226562
3830,512,16000,31.250000
3831,512,16250,31.738281
3832,512,16708,32.632812
3833,512,16834,32.878906
3834,512,16166,31.574219
3835,512,16625,32.470703
3836,512,16125,31.494141
3837,512,16042,31.332031
3838,512,16500,32.226562
3839,512,16291,31.818359
3840,512,16042,31.332031
3841,512,16541,32.306641
3842,512,16458,32.144531
3843,512,15792,30.843750
3844,512,16416,32.062500
3845,512,16042,31.332031
3846,512,16333,31.900391
3847,512,16208,31.656250
3848,512,15375,30.029297
3849,512,20459,39.958984
3850,512,22250,43.457031
3851,512,21417,41.830078
3852,512,18875,36.865234
3853,512,15917,31.087891
3854,512,16083,31.412109
3855,512,16750,32.714844
3856,512,16125,31.494141
3857,512,16167,31.576172
3858,512,16666,32.550781
3859,512,16459,32.146484
3860,512,16125,31.494141
3861,512,16000,31.250000
3862,512,16209,31.658203
3863,512,16583,32.388672
3864,512,16333,31.900391
3865,512,16458,32.144531
3866,512,16542,32.308594
3867,512,16041,31.330078
3868,512,16000,31.250000
3869,512,15625,30.517578
3870,512,16209,31.658203
3871,512,16500,32.226562
3872,512,16125,31.494141
3873,512,15709,30.681641
3874,512,15875,31.005859
3875,512,15542,30.355469
3876,512,16750,32.714844
3877,512,16375,31.982422
3878,512,17083,33.365234
3879,512,16167,31.576172
3880,512,16291,31.818359
3881,512,16792,32.796875
3882,512,16583,32.388672
3883,512,16208,31.656250
3884,512,15958,31.167969
3885,512,15875,31.005859
3886,512,16333,31.900391
3887,512,15875,31.005859
3888,512,15792,30.843750
3889,512,17041,33.283203
3890,512,16625,32.470703
3891,512,15750,30.761719
3892,512,16292,31.820312
3893,512,15500,30.273438
3894,512,16541,32.306641
3895,512,15917,31.087891
3896,512,15584,30.437500
3897,512,16041,31.330078
3898,512,16125,31.494141
3899,512,16208,31.656250
3900,512,15667,30.599609
3901,512,16417,32.064453
3902,512,15333,29.947266
3903,512,16208,31.656250
3904,512,15666,30.597656
3905,512,15792,30.843750
3906,512,15416,30.109375
3907,512,16209,31.658203
3908,512,16333,31.900391
3909,512,17125,33.447266
3910,512,16875,32.958984
3911,512,16458,32.144531
3912,512,17833,34.830078
3913,512,17375,33.935547
3914,512,16333,31.900391
3915,512,17708,34.585938
3916,512,16833,32.876953
3917,512,17250,33.691406
3918,512,17541,34.259766
3919,512,17333,33.853516
3920,512,16958,33.121094
3921,512,17292,33.773438
3922,512,17042,33.285156
3923,512,17750,34.667969
3924,512,16959,33.123047
3925,512,16958,33.121094
3926,512,17083,33.365234
3927,512,17333,33.853516
3928,512,17292,33.773438
3929,512,17333,33.853516
3930,512,17083,33.365234
3931,512,16834,32.878906
3932,512,17000,33.203125
3933,512,17833,34.830078
3934,512,17292,33.773438
3935,512,16792,32.796875
3936,512,17542,34.261719
3937,512,17125,33.447266
3938,512,17666,34.503906
3939,512,16708,32.632812
3940,512,17250,33.691406
3941,512,17500,34.179688
3942,512,17083,33.365234
3943,512,17458,34.097656
3944,512,17333,33.853516
3945,512,17250,33.691406
3946,512,17292,33.773438
3947,512,17041,33.283203
3948,512,17042,33.285156
3949,512,16958,33.121094
3950,512,17833,34.830078
3951,512,18000,35.156250
3952,512,17208,33.609375
3953,512,17333,33.853516
3954,512,16750,32.714844
3955,512,16750,32.714844
3956,512,17708,34.585938
3957,512,17541,34.259766
3958,512,16917,33.041016
3959,512,17625,34.423828
3960,512,16792,32.796875
3961,512,16875,32.958984
3962,512,17458,34.097656
3963,512,17500,34.179688
3964,512,16917,33.041016
3965,512,16917,33.041016
3966,512,17708,34.585938
3967,512,16917,33.041016
3968,512,17291,33.771484
3969,512,17042,33.285156
3970,512,17208,33.609375
3971,512,17541,34.259766
3972,512,17458,34.097656
3973,512,17542,34.261719
3974,512,17667,34.505859
3975,512,17458,34.097656
3976,512,17083,33.365234
3977,512,17125,33.447266
3978,512,17250,33.691406
3979,512,17625,34.423828
3980,512,17916,34.992188
3981,512,17792,34.750000
3982,512,16750,32.714844
3983,512,17584,34.343750
3984,512,17208,33.609375
3985,512,17083,33.365234
3986,512,16792,32.796875
3987,512,17125,33.447266
3988,512,16833,32.876953
3989,512,17417,34.017578
3990,512,18291,35.724609
3991,512,17125,33.447266
3992,512,17125,33.447266
3993,512,17583,34.341797
3994,512,18042,35.238281
3995,512,17667,34.505859
3996,512,17625,34.423828
3997,512,17667,34.505859
3998,512,16916,33.039062
3999,512,17417,34.017578
4000,512,17125,33.447266
4001,512,17250,33.691406
4002,512,17166,33.527344
4003,512,16667,32.552734
4004,512,17666,34.503906
4005,512,16959,33.123047
4006,512,16416,32.062500
4007,512,17000,33.203125
4008,512,17250,33.691406
4009,512,16875,32.958984
4010,512,17084,33.367188
4011,512,17500,34.179688
4012,512,17375,33.935547
4013,512,17208,33.609375
4014,512,16917,33.041016
4015,512,17625,34.423828
4016,512,17792,34.750000
4017,512,17208,33.609375
4018,512,17541,34.259766
4019,512,17292,33.773438
4020,512,17167,33.529297
4021,512,17500,34.179688
4022,512,17000,33.203125
4023,512,17042,33.285156
4024,512,17125,33.447266
4025,512,17291,33.771484
4026,512,16708,32.632812
4027,512,17125,33.447266
4028,512,17500,34.179688
4029,512,17292,33.773438
4030,512,17500,34.179688
4031,512,16875,32.958984
4032,512,16875,32.958984
4033,512,16917,33.041016
4034,512,17250,33.691406
4035,512,17625,34.423828
4036,512,17708,34.585938
4037,512,17875,34.912109
4038,512,17083,33.365234
4039,512,17250,33.691406
4040,512,17625,34.423828
4041,512,16916,33.039062
4042,512,17000,33.203125
4043,512,17416,34.015625
4044,512,17625,34.423828
4045,512,17167,33.529297
4046,512,17541,34.259766
4047,512,17417,34.017578
4048,512,17833,34.830078
4049,512,16750,32.714844
4050,512,17333,33.853516
4051,512,17292,33.773438
4052,512,17041,33.283203
4053,512,17000,33.203125
4054,512,16917,33.041016
4055,512,16958,33.121094
4056,512,17792,34.750000
4057,512,17375,33.935547
4058,512,17875,34.912109
4059,512,17459,34.099609
4060,512,17708,34.585938
4061,512,17792,34.750000
4062,512,17750,34.667969
4063,512,17125,33.447266
4064,512,17334,33.855469
4065,512,17708,34.585938
4066,512,17500,34.179688
4067,512,17083,33.365234
4068,512,17083,33.365234
4069,512,17750,34.667969
4070,512,17375,33.935547
4071,512,17375,33.935547
4072,512,17250,33.691406
4073,512,17041,33.283203
4074,512,17292,33.773438
4075,512,16958,33.121094
4076,512,17042,33.285156
4077,512,16458,32.144531
4078,512,16750,32.714844
4079,512,17333,33.853516
4080,512,16917,33.041016
4081,512,17458,34.097656
4082,512,17333,33.853516
4083,512,17292,33.773438
4084,512,17125,33.447266
4085,512,16916,33.039062
4086,512,16750,32.714844
4087,512,16750,32.714844
4088,512,18000,35.156250
4089,512,17416,34.015625
4090,512,16125,31.494141
4091,512,17125,33.447266
4092,512,16833,32.876953
4093,512,17041,33.283203
4094,512,16875,32.958984
4095,512,17292,33.773438
4096,512,16500,32.226562
4097,512,17416,34.015625
4098,512,17000,33.203125
4099,512,17416,34.015625
4100,512,17125,33.447266
4101,512,16667,32.552734
4102,512,17292,33.773438
4103,512,16750,32.714844
4104,512,16667,32.552734
4105,512,16666,32.550781
4106,512,17250,33.691406
4107,512,16667,32.552734
4108,512,17333,33.853516
4109,512,17875,34.912109
4110,512,17625,34.423828
4111,512,16750,32.714844
4112,512,17292,33.773438
4113,512,16625,32.470703
4114,512,17208,33.609375
4115,512,17000,33.203125
4116,512,17292,33.773438
4117,512,17917,34.994141
4118,512,17250,33.691406
4119,512,17167,33.529297
4120,512,16166,31.574219
4121,512,17375,33.935547
4122,512,17709,34.587891
4123,512,17666,34.503906
4124,512,16625,32.470703
4125,512,17375,33.935547
4126,512,17542,34.261719
4127,512,16875,32.958984
4128,512,17000,33.203125
4129,512,16875,32.958984
4130,512,17041,33.283203
4131,512,17500,34.179688
4132,512,17542,34.261719
4133,512,16875,32.958984
4134,512,17000,33.203125
4135,512,17541,34.259766
4136,512,16542,32.308594
4137,512,17416,34.015625
4138,512,17750,34.667969
4139,512,17375,33.935547
4140,512,17292,33.773438
4141,512,16750,32.714844
4142,512,17167,33.529297
4143,512,16875,32.958984
4144,512,17416,34.015625
4145,512,16750,32.714844
4146,512,17375,33.935547
4147,512,16792,32.796875
4148,512,17084,33.367188
4149,512,16667,32.552734
4150,512,17083,33.365234
4151,512,16667,32.552734
4152,512,16791,32.794922
4153,512,17542,34.261719
4154,512,17000,33.203125
4155,512,16791,32.794922
4156,512,16292,31.820312
4157,512,17791,34.748047
4158,512,16750,32.714844
4159,512,17250,33.691406
4160,512,16959,33.123047
4161,512,16834,32.878906
4162,512,16750,32.714844
4163,512,17292,33.773438
4164,512,16792,32.796875
4165,512,16791,32.794922
4166,512,17042,33.285156
4167,512,16875,32.958984
4168,512,16458,32.144531
4169,512,17208,33.609375
4170,512,16667,32.552734
4171,512,16333,31.900391
4172,512,16916,33.039062
4173,512,16875,32.958984
4174,512,17083,33.365234
4175,512,16333,31.900391
4176,512,16917,33.041016
4177,512,17417,34.017578
4178,512,17000,33.203125
4179,512,16834,32.878906
4180,512,17084,33.367188
4181,512,16375,31.982422
4182,512,16833,32.876953
4183,512,16625,32.470703
4184,512,16833,32.876953
4185,512,16250,31.738281
4186,512,17041,33.283203
4187,512,16917,33.041016
4188,512,16958,33.121094
4189,512,16333,31.900391
4190,512,17000,33.203125
4191,512,16917,33.041016
4192,512,16375,31.982422
4193,512,16542,32.308594
4194,512,17291,33.771484
4195,512,16292,31.820312
4196,512,16917,33.041016
4197,512,16292,31.820312
4198,512,17083,33.365234
4199,512,17041,33.283203
4200,512,16917,33.041016
4201,512,16500,32.226562
4202,512,16750,32.714844
4203,512,17417,34.017578
4204,512,16958,33.121094
4205,512,16375,31.982422
4206,512,17042,33.285156
4207,512,16375,31.982422
4208,512,16542,32.308594
4209,512,17375,33.935547
4210,512,17208,33.609375
4211,512,17208,33.609375
4212,512,17042,33.285156
4213,512,16750,32.714844
4214,512,16583,32.388672
4215,512,16959,33.123047
4216,512,16667,32.552734
4217,512,16667,32.552734
4218,512,16292,31.820312
4219,512,16625,32.470703
4220,512,16750,32.714844
4221,512,16666,32.550781
4222,512,17000,33.203125
4223,512,17375,33.935547
4224,512,17542,34.261719
4225,512,17166,33.527344
4226,512,17750,34.667969
4227,512,17292,33.773438
4228,512,17334,33.855469
4229,512,16958,33.121094
4230,512,16750,32.714844
4231,512,16875,32.958984
4232,512,16375,31.982422
4233,512,17125,33.447266
4234,512,17000,33.203125
4235,512,17459,34.099609
4236,512,16584,32.390625
4237,512,16584,32.390625
4238,512,16750,32.714844
4239,512,17208,33.609375
4240,512,17458,34.097656
4241,512,17333,33.853516
4242,512,17125,33.447266
4243,512,30250,59.082031
4244,512,33583,65.591797
4245,512,20125,39.306641
4246,512,17875,34.912109
4247,512,18542,36.214844
4248,512,18166,35.480469
4249,512,18209,35.564453
4250,512,17958,35.074219
4251,512,18917,36.947266
4252,512,18083,35.318359
4253,512,17500,34.179688
4254,512,17875,34.912109
4255,512,17417,34.017578
4256,512,18542,36.214844
4257,512,17542,34.261719
4258,512,18542,36.214844
4259,512,18167,35.482422
4260,512,17791,34.748047
4261,512,18125,35.400391
4262,512,18708,36.539062
4263,512,18500,36.132812
4264,512,34334,67.058594
4265,512,18792,36.703125
4266,512,21333,41.666016
4267,512,19792,38.656250
4268,512,17583,34.341797
4269,512,20542,40.121094
4270,512,18625,36.376953
4271,512,17334,33.855469
4272,512,17458,34.097656
4273,512,18208,35.562500
4274,512,36292,70.882812
4275,512,75334,147.136719
4276,512,26250,51.269531
4277,512,17208,33.609375
4278,512,16709,32.634766
4279,512,16583,32.388672
4280,512,16792,32.796875
4281,512,16000,31.250000
4282,512,16542,32.308594
4283,512,16375,31.982422
4284,512,16833,32.876953
4285,512,16834,32.878906
4286,512,16459,32.146484
4287,512,16834,32.878906
4288,512,16333,31.900391
4289,512,16000,31.250000
4290,512,15708,30.679688
4291,512,16792,32.796875
4292,512,16417,32.064453
4293,512,16125,31.494141
4294,512,16875,32.958984
4295,512,16417,32.064453
4296,512,16000,31.250000
4297,512,16416,32.062500
4298,512,16625,32.470703
4299,512,16125,31.494141
4300,512,16541,32.306641
4301,512,15875,31.005859
4302,512,16125,31.494141
4303,512,15709,30.681641
4304,512,16084,31.414062
4305,512,16666,32.550781
4306,512,15792,30.843750
4307,512,15417,30.111328
4308,512,17125,33.447266
4309,512,17125,33.447266
4310,512,17000,33.203125
4311,512,17083,33.365234
4312,512,16958,33.121094
4313,512,17584,34.343750
4314,512,16834,32.878906
4315,512,16791,32.794922
4316,512,16875,32.958984
4317,512,17750,34.667969
4318,512,16875,32.958984
4319,512,17125,33.447266
4320,512,16459,32.146484
4321,512,16458,32.144531
4322,512,17458,34.097656
4323,512,16542,32.308594
4324,512,17209,33.611328
4325,512,16541,32.306641
4326,512,17500,34.179688
4327,512,16833,32.876953
4328,512,16792,32.796875
4329,512,17084,33.367188
4330,512,16250,31.738281
4331,512,16583,32.388672
4332,512,16625,32.470703
4333,512,16625,32.470703
4334,512,16250,31.738281
4335,512,16792,32.796875
4336,512,16583,32.388672
4337,512,16708,32.632812
4338,512,16834,32.878906
4339,512,16042,31.332031
4340,512,16583,32.388672
4341,512,16667,32.552734
4342,512,17167,33.529297
4343,512,16750,32.714844
4344,512,17291,33.771484
4345,512,17375,33.935547
4346,512,16959,33.123047
4347,512,16958,33.121094
4348,512,16792,32.796875
4349,512,17667,34.505859
4350,512,17000,33.203125
4351,512,16875,32.958984
4352,512,17666,34.503906
4353,512,17417,34.017578
4354,512,17250,33.691406
4355,512,17416,34.015625
4356,512,17625,34.423828
4357,512,17542,34.261719
4358,512,17083,33.365234
4359,512,16250,31.738281
4360,512,16917,33.041016
4361,512,17166,33.527344
4362,512,16542,32.308594
4363,512,16750,32.714844
4364,512,16750,32.714844
4365,512,16833,32.876953
4366,512,16917,33.041016
4367,512,17708,34.585938
4368,512,16875,32.958984
4369,512,17083,33.365234
4370,512,17667,34.505859
4371,512,17166,33.527344
4372,512,17292,33.773438
4373,512,17208,33.609375
4374,512,17334,33.855469
4375,512,16541,32.306641
4376,512,17084,33.367188
4377,512,17750,34.667969
4378,512,17084,33.367188
4379,512,17458,34.097656
4380,512,16708,32.632812
4381,512,17292,33.773438
4382,512,17250,33.691406
4383,512,17125,33.447266
4384,512,16958,33.121094
4385,512,17333,33.853516
4386,512,17375,33.935547
4387,512,16584,32.390625
4388,512,16750,32.714844
4389,512,16708,32.632812
4390,512,17208,33.609375
4391,512,16959,33.123047
4392,512,16916,33.039062
4393,512,16417,32.064453
4394,512,17125,33.447266
4395,512,16750,32.714844
4396,512,16959,33.123047
4397,512,16583,32.388672
4398,512,16958,33.121094
4399,512,17042,33.285156
4400,512,17084,33.367188
4401,512,17209,33.611328
4402,512,16625,32.470703
4403,512,16375,31.982422
4404,512,16375,31.982422
4405,512,17167,33.529297
4406,512,16416,32.062500
4407,512,16125,31.494141
4408,512,16792,32.796875
4409,512,16666,32.550781
4410,512,17125,33.447266
4411,512,17042,33.285156
4412,512,16625,32.470703
4413,512,18083,35.318359
4414,512,17208,33.609375
4415,512,16875,32.958984
4416,512,17333,33.853516
4417,512,16417,32.064453
4418,512,16583,32.388672
4419,512,17125,33.447266
4420,512,17292,33.773438
4421,512,16958,33.121094
4422,512,17042,33.285156
4423,512,17167,33.529297
4424,512,17291,33.771484
4425,512,16750,32.714844
4426,512,16875,32.958984
4427,512,17167,33.529297
4428,512,16625,32.470703
4429,512,16792,32.796875
4430,512,17166,33.527344
4431,512,16875,32.958984
4432,512,16209,31.658203
4433,512,16041,31.330078
4434,512,15834,30.925781
4435,512,17083,33.365234
4436,512,16833,32.876953
4437,512,16041,31.330078
4438,512,16750,32.714844
4439,512,17083,33.365234
4440,512,17333,33.853516
4441,512,16500,32.226562
4442,512,16250,31.738281
4443,512,16584,32.390625
4444,512,16417,32.064453
4445,512,16708,32.632812
4446,512,16542,32.308594
4447,512,16666,32.550781
4448,512,15875,31.005859
4449,512,16041,31.330078
4450,512,17000,33.203125
4451,512,16500,32.226562
4452,512,16583,32.388672
4453,512,16292,31.820312
4454,512,16750,32.714844
4455,512,17166,33.527344
4456,512,16542,32.308594
4457,512,17167,33.529297
4458,512,16708,32.632812
4459,512,16959,33.123047
4460,512,16541,32.306641
4461,512,16417,32.064453
4462,512,17042,33.285156
4463,512,16542,32.308594
4464,512,17291,33.771484
4465,512,17125,33.447266
4466,512,17041,33.283203
4467,512,16667,32.552734
4468,512,17208,33.609375
4469,512,16042,31.332031
4470,512,17375,33.935547
4471,512,16500,32.226562
4472,512,17250,33.691406
4473,512,16959,33.123047
4474,512,17250,33.691406
4475,512,17292,33.773438
4476,512,17375,33.935547
4477,512,16542,32.308594
4478,512,17041,33.283203
4479,512,16500,32.226562
4480,512,17542,34.261719
4481,512,16916,33.039062
4482,512,17334,33.855469
4483,512,17416,34.015625
4484,512,17125,33.447266
4485,512,16625,32.470703
4486,512,17292,33.773438
4487,512,17709,34.587891
4488,512,17541,34.259766
4489,512,16750,32.714844
4490,512,17500,34.179688
4491,512,16458,32.144531
4492,512,16875,32.958984
4493,512,16916,33.039062
4494,512,17125,33.447266
4495,512,16792,32.796875
4496,512,17041,33.283203
4497,512,17459,34.099609
4498,512,17209,33.611328
4499,512,17041,33.283203
4500,512,17417,34.017578
4501,512,17708,34.585938
4502,512,17334,33.855469
4503,512,17125,33.447266
4504,512,17042,33.285156
4505,512,16458,32.144531
4506,512,16709,32.634766
4507,512,16917,33.041016
4508,512,15875,31.005859
4509,512,16500,32.226562
4510,512,17375,33.935547
4511,512,16500,32.226562
4512,512,16708,32.632812
4513,512,16750,32.714844
4514,512,17333,33.853516
4515,512,16875,32.958984
4516,512,17250,33.691406
4517,512,16042,31.332031
4518,512,16750,32.714844
4519,512,16416,32.062500
4520,512,17084,33.367188
4521,512,16875,32.958984
4522,512,16541,32.306641
4523,512,16959,33.123047
4524,512,17208,33.609375
4525,512,17041,33.283203
4526,512,17708,34.585938
4527,512,16542,32.308594
4528,512,17291,33.771484
4529,512,17417,34.017578
4530,512,17458,34.097656
4531,512,17083,33.365234
4532,512,16167,31.576172
4533,512,17083,33.365234
4534,512,17125,33.447266
4535,512,16833,32.876953
4536,512,17125,33.447266
4537,512,16708,32.632812
4538,512,18583,36.294922
4539,512,22459,43.865234
4540,512,21667,42.318359
4541,512,17875,34.912109
4542,512,17834,34.832031
4543,512,16958,33.121094
4544,512,17125,33.447266
4545,512,16875,32.958984
4546,512,16416,32.062500
4547,512,17167,33.529297
4548,512,16958,33.121094
4549,512,16875,32.958984
4550,512,16833,32.876953
4551,512,16667,32.552734
4552,512,16500,32.226562
4553,512,17375,33.935547
4554,512,17125,33.447266
4555,512,16708,32.632812
4556,512,16416,32.062500
4557,512,16833,32.876953
4558,512,16958,33.121094
4559,512,17417,34.017578
4560,512,17541,34.259766
4561,512,16333,31.900391
4562,512,17209,33.611328
4563,512,16792,32.796875
4564,512,16958,33.121094
4565,512,16959,33.123047
4566,512,16750,32.714844
4567,512,16875,32.958984
4568,512,16750,32.714844
4569,512,17125,33.447266
4570,512,16750,32.714844
4571,512,17000,33.203125
4572,512,16792,32.796875
4573,512,16792,32.796875
4574,512,16333,31.900391
4575,512,16708,32.632812
4576,512,17375,33.935547
4577,512,17167,33.529297
4578,512,16917,33.041016
4579,512,16666,32.550781
4580,512,16625,32.470703
4581,512,17458,34.097656
4582,512,16750,32.714844
4583,512,17208,33.609375
4584,512,17417,34.017578
4585,512,16583,32.388672
4586,512,17542,34.261719
4587,512,17709,34.587891
4588,512,17250,33.691406
4589,512,16792,32.796875
4590,512,17333,33.853516
4591,512,17083,33.365234
4592,512,16625,32.470703
4593,512,17208,33.609375
4594,512,17459,34.099609
4595,512,17791,34.748047
4596,512,17375,33.935547
4597,512,17291,33.771484
4598,512,16750,32.714844
4599,512,16958,33.121094
4600,512,17125,33.447266
4601,512,17042,33.285156
4602,512,16667,32.552734
4603,512,16875,32.958984
4604,512,16792,32.796875
4605,512,17250,33.691406
4606,512,16250,31.738281
4607,512,17083,33.365234
4608,512,17583,34.341797
4609,512,16750,32.714844
4610,512,16208,31.656250
4611,512,17292,33.773438
4612,512,17042,33.285156
4613,512,16625,32.470703
4614,512,16834,32.878906
4615,512,16916,33.039062
4616,512,16958,33.121094
4617,512,16333,31.900391
4618,512,16917,33.041016
4619,512,17209,33.611328
4620,512,16959,33.123047
4621,512,16583,32.388672
4622,512,17083,33.365234
4623,512,16833,32.876953
4624,512,17500,34.179688
4625,512,17541,34.259766
4626,512,16833,32.876953
4627,512,16583,32.388672
4628,512,16500,32.226562
4629,512,16958,33.121094
4630,512,17042,33.285156
4631,512,17500,34.179688
4632,512,17042,33.285156
4633,512,16583,32.388672
4634,512,17750,34.667969
4635,512,17458,34.097656
4636,512,16542,32.308594
4637,512,16833,32.876953
4638,512,17417,34.017578
4639,512,17042,33.285156
4640,512,17083,33.365234
4641,512,17333,33.853516
4642,512,17042,33.285156
4643,512,16625,32.470703
4644,512,17166,33.527344
4645,512,16542,32.308594
4646,512,16042,31.332031
4647,512,17000,33.203125
4648,512,17584,34.343750
4649,512,16833,32.876953
4650,512,17625,34.423828
4651,512,16792,32.796875
4652,512,16708,32.632812
4653,512,17792,34.750000
4654,512,16875,32.958984
4655,512,16750,32.714844
4656,512,17084,33.367188
4657,512,17083,33.365234
4658,512,16958,33.121094
4659,512,17416,34.015625
4660,512,16667,32.552734
4661,512,17417,34.017578
4662,512,17208,33.609375
4663,512,16667,32.552734
4664,512,16875,32.958984
4665,512,17458,34.097656
4666,512,17166,33.527344
4667,512,17667,34.505859
4668,512,17250,33.691406
4669,512,17625,34.423828
4670,512,17542,34.261719
4671,512,16375,31.982422
4672,512,17375,33.935547
4673,512,17000,33.203125
4674,512,16958,33.121094
4675,512,16792,32.796875
4676,512,17375,33.935547
4677,512,17208,33.609375
4678,512,16125,31.494141
4679,512,16792,32.796875
4680,512,16750,32.714844
4681,512,17208,33.609375
4682,512,16916,33.039062
4683,512,16792,32.796875
4684,512,16708,32.632812
4685,512,16666,32.550781
4686,512,16709,32.634766
4687,512,17250,33.691406
4688,512,16458,32.144531
4689,512,16541,32.306641
4690,512,21209,41.423828
4691,512,17500,34.179688
4692,512,16709,32.634766
4693,512,16834,32.878906
4694,512,16500,32.226562
4695,512,17041,33.283203
4696,512,16917,33.041016
4697,512,17083,33.365234
4698,512,17000,33.203125
4699,512,17917,34.994141
4700,512,16417,32.064453
4701,512,17708,34.585938
4702,512,17125,33.447266
4703,512,16709,32.634766
4704,512,17542,34.261719
4705,512,17583,34.341797
4706,512,17334,33.855469
4707,512,16709,32.634766
4708,512,17125,33.447266
4709,512,17291,33.771484
4710,512,18209,35.564453
4711,512,17750,34.667969
4712,512,17625,34.423828
4713,512,17084,33.367188
4714,512,16625,32.470703
4715,512,16917,33.041016
4716,512,16000,31.250000
4717,512,16791,32.794922
4718,512,17209,33.611328
4719,512,17000,33.203125
4720,512,16541,32.306641
4721,512,17333,33.853516
4722,512,16667,32.552734
4723,512,16625,32.470703
4724,512,16917,33.041016
4725,512,17000,33.203125
4726,512,16917,33.041016
4727,512,16542,32.308594
4728,512,16583,32.388672
4729,512,16500,32.226562
4730,512,17167,33.529297
4731,512,17250,33.691406
4732,512,17375,33.935547
4733,512,17209,33.611328
4734,512,17083,33.365234
4735,512,16750,32.714844
4736,512,16333,31.900391
4737,512,15833,30.923828
4738,512,17167,33.529297
4739,512,17208,33.609375
4740,512,17041,33.283203
4741,512,17542,34.261719
4742,512,17000,33.203125
4743,512,16958,33.121094
4744,512,16417,32.064453
4745,512,16833,32.876953
4746,512,17333,33.853516
4747,512,17208,33.609375
4748,512,16917,33.041016
4749,512,19666,38.410156
4750,512,21333,41.666016
4751,512,17500,34.179688
4752,512,16750,32.714844
4753,512,17125,33.447266
4754,512,16917,33.041016
4755,512,17000,33.203125
4756,512,16875,32.958984
4757,512,16833,32.876953
4758,512,18708,36.539062
4759,512,21500,41.992188
4760,512,19667,38.412109
4761,512,17625,34.423828
4762,512,17541,34.259766
4763,512,18167,35.482422
4764,512,17708,34.585938
4765,512,18542,36.214844
4766,512,17542,34.261719
4767,512,17875,34.912109
4768,512,17625,34.423828
4769,512,17875,34.912109
4770,512,18292,35.726562
4771,512,18417,35.970703
4772,512,18041,35.236328
4773,512,17375,33.935547
4774,512,17792,34.750000
4775,512,17625,34.423828
4776,512,17750,34.667969
4777,512,17041,33.283203
4778,512,16833,32.876953
4779,512,17583,34.341797
4780,512,21917,42.806641
4781,512,20375,39.794922
4782,512,17458,34.097656
4783,512,18625,36.376953
4784,512,20167,39.388672
4785,512,20666,40.363281
4786,512,19833,38.736328
4787,512,19833,38.736328
4788,512,20959,40.935547
4789,512,17958,35.074219
4790,512,18708,36.539062
4791,512,21083,41.177734
4792,512,21125,41.259766
4793,512,18042,35.238281
4794,512,17375,33.935547
4795,512,17541,34.259766
4796,512,17667,34.505859
4797,512,18042,35.238281
4798,512,17291,33.771484
4799,512,17542,34.261719
4800,512,18250,35.644531
4801,512,17791,34.748047
4802,512,17750,34.667969
4803,512,17292,33.773438
4804,512,17959,35.076172
4805,512,17583,34.341797
4806,512,17208,33.609375
4807,512,16958,33.121094
4808,512,17583,34.341797
4809,512,18000,35.156250
4810,512,18000,35.156250
4811,512,18166,35.480469
4812,512,18125,35.400391
4813,512,17583,34.341797
4814,512,17666,34.503906
4815,512,16958,33.121094
4816,512,18292,35.726562
4817,512,21958,42.886719
4818,512,21792,42.562500
4819,512,21208,41.421875
4820,512,18375,35.888672
4821,512,17458,34.097656
4822,512,18583,36.294922
4823,512,17792,34.750000
4824,512,17375,33.935547
4825,512,19209,37.517578
4826,512,18041,35.236328
4827,512,17584,34.343750
4828,512,17791,34.748047
4829,512,17625,34.423828
4830,512,17542,34.261719
4831,512,18042,35.238281
4832,512,17250,33.691406
4833,512,18000,35.156250
4834,512,18084,35.320312
4835,512,17833,34.830078
4836,512,18708,36.539062
4837,512,21542,42.074219
4838,512,22041,43.048828
4839,512,17834,34.832031
4840,512,17666,34.503906
4841,512,17334,33.855469
4842,512,17750,34.667969
4843,512,17375,33.935547
4844,512,16750,32.714844
4845,512,17000,33.203125
4846,512,17250,33.691406
4847,512,16959,33.123047
4848,512,17208,33.609375
4849,512,17208,33.609375
4850,512,17208,33.609375
4851,512,17292,33.773438
4852,512,16958,33.121094
4853,512,17333,33.853516
4854,512,16666,32.550781
4855,512,16959,33.123047
4856,512,18250,35.644531
4857,512,18250,35.644531
4858,512,17959,35.076172
4859,512,17750,34.667969
4860,512,17417,34.017578
4861,512,17500,34.179688
4862,512,18125,35.400391
4863,512,17250,33.691406
4864,512,17333,33.853516
4865,512,17292,33.773438
4866,512,17500,34.179688
4867,512,17333,33.853516
4868,512,17625,34.423828
4869,512,17500,34.179688
4870,512,18166,35.480469
4871,512,17958,35.074219
4872,512,18042,35.238281
4873,512,18042,35.238281
4874,512,17583,34.341797
4875,512,18500,36.132812
4876,512,17625,34.423828
4877,512,17417,34.017578
4878,512,17792,34.750000
4879,512,17666,34.503906
4880,512,17375,33.935547
4881,512,17625,34.423828
4882,512,17291,33.771484
4883,512,18083,35.318359
4884,512,17542,34.261719
4885,512,17709,34.587891
4886,512,17250,33.691406
4887,512,17000,33.203125
4888,512,17459,34.099609
4889,512,17333,33.853516
4890,512,17250,33.691406
4891,512,17375,33.935547
4892,512,17709,34.587891
4893,512,17584,34.343750
4894,512,17500,34.179688
4895,512,18375,35.888672
4896,512,17875,34.912109
4897,512,18375,35.888672
4898,512,17584,34.343750
4899,512,17041,33.283203
4900,512,17667,34.505859
4901,512,18042,35.238281
4902,512,17459,34.099609
4903,512,18250,35.644531
4904,512,18042,35.238281
4905,512,18250,35.644531
4906,512,18667,36.458984
4907,512,17709,34.587891
4908,512,17875,34.912109
4909,512,17416,34.015625
4910,512,17084,33.367188
4911,512,17125,33.447266
4912,512,17834,34.832031
4913,512,16875,32.958984
4914,512,18500,36.132812
4915,512,17917,34.994141
4916,512,18042,35.238281
4917,512,17666,34.503906
4918,512,17834,34.832031
4919,512,17666,34.503906
4920,512,18083,35.318359
4921,512,17792,34.750000
4922,512,16542,32.308594
4923,512,16166,31.574219
4924,512,16959,33.123047
4925,512,17375,33.935547
4926,512,17500,34.179688
4927,512,17542,34.261719
4928,512,17291,33.771484
4929,512,17125,33.447266
4930,512,17167,33.529297
4931,512,17375,33.935547
4932,512,17083,33.365234
4933,512,17833,34.830078
4934,512,17000,33.203125
4935,512,17292,33.773438
4936,512,17500,34.179688
4937,512,17542,34.261719
4938,512,17708,34.585938
4939,512,16375,31.982422
4940,512,16625,32.470703
4941,512,17375,33.935547
4942,512,17000,33.203125
4943,512,17083,33.365234
4944,512,17458,34.097656
4945,512,17083,33.365234
4946,512,17667,34.505859
4947,512,17500,34.179688
4948,512,16375,31.982422
4949,512,17250,33.691406
4950,512,16708,32.632812
4951,512,16417,32.064453
4952,512,17500,34.179688
4953,512,17209,33.611328
4954,512,17166,33.527344
4955,512,17167,33.529297
4956,512,17292,33.773438
4957,512,17375,33.935547
4958,512,16792,32.796875
4959,512,16666,32.550781
4960,512,16167,31.576172
4961,512,17208,33.609375
4962,512,17375,33.935547
4963,512,17375,33.935547
4964,512,18250,35.644531
4965,512,17292,33.773438
4966,512,17333,33.853516
4967,512,17083,33.365234
4968,512,17709,34.587891
4969,512,17958,35.074219
4970,512,16917,33.041016
4971,512,17292,33.773438
4972,512,17292,33.773438
4973,512,17125,33.447266
4974,512,17000,33.203125
4975,512,17125,33.447266
4976,512,17208,33.609375
4977,512,17292,33.773438
4978,512,17292,33.773438
4979,512,17583,34.341797
4980,512,16750,32.714844
4981,512,17125,33.447266
4982,512,17125,33.447266
4983,512,17917,34.994141
4984,512,16500,32.226562
4985,512,16625,32.470703
4986,512,17709,34.587891
4987,512,16667,32.552734
4988,512,17125,33.447266
4989,512,17291,33.771484
4990,512,17209,33.611328
4991,512,16791,32.794922
4992,512,17000,33.203125
4993,512,17292,33.773438
4994,512,17583,34.341797
4995,512,17083,33.365234
4996,512,16833,32.876953
4997,512,18167,35.482422
4998,512,16542,32.308594
4999,512,16958,33.121094
5000,512,16583,32.388672
5001,512,16959,33.123047
5002,512,17000,33.203125
5003,512,17083,33.365234
5004,512,17334,33.855469
5005,512,16666,32.550781
5006,512,17084,33.367188
5007,512,17042,33.285156
5008,512,17500,34.179688
5009,512,17458,34.097656
5010,512,17334,33.855469
5011,512,17041,33.283203
5012,512,16625,32.470703
5013,512,17375,33.935547
5014,512,17792,34.750000
5015,512,16917,33.041016
5016,512,17416,34.015625
5017,512,18000,35.156250
5018,512,16875,32.958984
5019,512,16583,32.388672
5020,512,17375,33.935547
5021,512,17708,34.585938
5022,512,17750,34.667969
5023,512,17042,33.285156
5024,512,17667,34.505859
5025,512,17666,34.503906
5026,512,17584,34.343750
5027,512,17542,34.261719
5028,512,17542,34.261719
5029,512,17459,34.099609
5030,512,17750,34.667969
5031,512,17291,33.771484
5032,512,17084,33.367188
5033,512,17250,33.691406
5034,512,17459,34.099609
5035,512,17375,33.935547
5036,512,17625,34.423828
5037,512,17500,34.179688
5038,512,17417,34.017578
5039,512,16917,33.041016
5040,512,16458,32.144531
5041,512,17541,34.259766
5042,512,16792,32.796875
5043,512,17291,33.771484
5044,512,17417,34.017578
5045,512,17125,33.447266
5046,512,17125,33.447266
5047,512,16500,32.226562
5048,512,17333,33.853516
5049,512,17042,33.285156
5050,512,17375,33.935547
5051,512,16666,32.550781
5052,512,16834,32.878906
5053,512,17125,33.447266
5054,512,17292,33.773438
5055,512,16625,32.470703
5056,512,16583,32.388672
5057,512,16750,32.714844
5058,512,17333,33.853516
5059,512,17459,34.099609
5060,512,17334,33.855469
5061,512,17083,33.365234
5062,512,17417,34.017578
5063,512,17667,34.505859
5064,512,16625,32.470703
5065,512,17041,33.283203
5066,512,16667,32.552734
5067,512,17875,34.912109
5068,512,17333,33.853516
5069,512,17333,33.853516
5070,512,16958,33.121094
5071,512,16958,33.121094
5072,512,16708,32.632812
5073,512,17334,33.855469
5074,512,17333,33.853516
5075,512,17458,34.097656
5076,512,16833,32.876953
5077,512,17417,34.017578
5078,512,17583,34.341797
5079,512,17458,34.097656
5080,512,17167,33.529297
5081,512,16750,32.714844
5082,512,16959,33.123047
5083,512,16833,32.876953
5084,512,17125,33.447266
5085,512,17458,34.097656
5086,512,17125,33.447266
5087,512,16917,33.041016
5088,512,17292,33.773438
5089,512,17416,34.015625
5090,512,17792,34.750000
5091,512,17375,33.935547
5092,512,17625,34.423828
5093,512,17583,34.341797
5094,512,17917,34.994141
5095,512,17417,34.017578
5096,512,18041,35.236328
5097,512,17792,34.750000
5098,512,17666,34.503906
5099,512,17125,33.447266
5100,512,17625,34.423828
5101,512,16875,32.958984
5102,512,16458,32.144531
5103,512,16958,33.121094
5104,512,17083,33.365234
5105,512,16917,33.041016
5106,512,17000,33.203125
5107,512,17291,33.771484
5108,512,17917,34.994141
5109,512,17625,34.423828
5110,512,16916,33.039062
5111,512,17375,33.935547
5112,512,17166,33.527344
5113,512,17042,33.285156
5114,512,17500,34.179688
5115,512,17625,34.423828
5116,512,16833,32.876953
5117,512,17500,34.179688
5118,512,17458,34.097656
5119,512,17583,34.341797
5120,512,17084,33.367188
5121,512,17708,34.585938
5122,512,17042,33.285156
5123,512,17541,34.259766
5124,512,17542,34.261719
5125,512,17708,34.585938
5126,512,17542,34.261719
5127,512,17500,34.179688
5128,512,17334,33.855469
5129,512,16791,32.794922
5130,512,16833,32.876953
5131,512,16917,33.041016
5132,512,17625,34.423828
5133,512,17875,34.912109
5134,512,17500,34.179688
5135,512,17334,33.855469
5136,512,17292,33.773438
5137,512,17458,34.097656
5138,512,16792,32.796875
5139,512,16458,32.144531
5140,512,16416,32.062500
5141,512,17459,34.099609
5142,512,17041,33.283203
5143,512,16292,31.820312
5144,512,17000,33.203125
5145,512,17458,34.097656
5146,512,16833,32.876953
5147,512,17333,33.853516
5148,512,17292,33.773438
5149,512,16916,33.039062
5150,512,17250,33.691406
5151,512,17167,33.529297
5152,512,17541,34.259766
5153,512,17584,34.343750
5154,512,17000,33.203125
5155,512,17791,34.748047
5156,512,17000,33.203125
5157,512,17750,34.667969
5158,512,17625,34.423828
5159,512,18041,35.236328
5160,512,17542,34.261719
5161,512,18250,35.644531
5162,512,17333,33.853516
5163,512,18208,35.562500
5164,512,17042,33.285156
5165,512,16916,33.039062
5166,512,17375,33.935547
5167,512,17459,34.099609
5168,512,16750,32.714844
5169,512,17209,33.611328
5170,512,16666,32.550781
5171,512,17375,33.935547
5172,512,16959,33.123047
5173,512,17291,33.771484
5174,512,17167,33.529297
5175,512,17458,34.097656
5176,512,16958,33.121094
5177,512,17458,34.097656
5178,512,17083,33.365234
5179,512,17500,34.179688
5180,512,17042,33.285156
5181,512,17167,33.529297
5182,512,18042,35.238281
5183,512,17083,33.365234
5184,512,17125,33.447266
5185,512,17375,33.935547
5186,512,17667,34.505859
5187,512,16750,32.714844
5188,512,16708,32.632812
5189,512,16958,33.121094
5190,512,17334,33.855469
5191,512,17000,33.203125
5192,512,17666,34.503906
5193,512,17583,34.341797
5194,512,16834,32.878906
5195,512,16916,33.039062
5196,512,17208,33.609375
5197,512,17542,34.261719
5198,512,17500,34.179688
5199,512,17708,34.585938
5200,512,17709,34.587891
5201,512,17625,34.423828
5202,512,17500,34.179688
5203,512,16708,32.632812
5204,512,17292,33.773438
5205,512,17583,34.341797
5206,512,16042,31.332031
5207,512,17166,33.527344
5208,512,17250,33.691406
5209,512,17167,33.529297
5210,512,17250,33.691406
5211,512,16875,32.958984
5212,512,16875,32.958984
5213,512,17250,33.691406
5214,512,17250,33.691406
5215,512,17125,33.447266
5216,512,17375,33.935547
5217,512,17583,34.341797
5218,512,17500,34.179688
5219,512,16709,32.634766
5220,512,17667,34.505859
5221,512,18417,35.970703
5222,512,20625,40.283203
5223,512,18416,35.968750
5224,512,17125,33.447266
5225,512,16958,33.121094
5226,512,17625,34.423828
5227,512,17166,33.527344
5228,512,17250,33.691406
5229,512,17250,33.691406
5230,512,17334,33.855469
5231,512,17125,33.447266
5232,512,16375,31.982422
5233,512,17542,34.261719
5234,512,16916,33.039062
5235,512,17167,33.529297
5236,512,16833,32.876953
5237,512,17417,34.017578
5238,512,16708,32.632812
5239,512,16083,31.412109
5240,512,17042,33.285156
5241,512,16583,32.388672
5242,512,17292,33.773438
5243,512,17166,33.527344
5244,512,17209,33.611328
5245,512,16958,33.121094
5246,512,17042,33.285156
5247,512,17125,33.447266
5248,512,17250,33.691406
5249,512,16709,32.634766
5250,512,17042,33.285156
5251,512,16750,32.714844
5252,512,15958,31.167969
5253,512,16750,32.714844
5254,512,17750,34.667969
5255,512,16458,32.144531
5256,512,20458,39.957031
5257,512,21292,41.585938
5258,512,17625,34.423828
5259,512,17625,34.423828
5260,512,17292,33.773438
5261,512,17208,33.609375
5262,512,17584,34.343750
5263,512,16833,32.876953
5264,512,17167,33.529297
5265,512,17459,34.099609
5266,512,18083,35.318359
5267,512,17541,34.259766
5268,512,17209,33.611328
5269,512,18084,35.320312
5270,512,17458,34.097656
5271,512,16541,32.306641
5272,512,16583,32.388672
5273,512,17500,34.179688
5274,512,16708,32.632812
5275,512,17125,33.447266
5276,512,16875,32.958984
5277,512,17500,34.179688
5278,512,16916,33.039062
5279,512,17209,33.611328
5280,512,17334,33.855469
5281,512,17209,33.611328
5282,512,17500,34.179688
5283,512,17667,34.505859
5284,512,17875,34.912109
5285,512,18041,35.236328
5286,512,17334,33.855469
5287,512,16458,32.144531
5288,512,17250,33.691406
5289,512,17417,34.017578
5290,512,17084,33.367188
5291,512,16292,31.820312
5292,512,16375,31.982422
5293,512,16542,32.308594
5294,512,16625,32.470703
5295,512,16375,31.982422
5296,512,17708,34.585938
5297,512,16625,32.470703
5298,512,16750,32.714844
5299,512,16750,32.714844
5300,512,16875,32.958984
5301,512,16500,32.226562
5302,512,16958,33.121094
5303,512,21041,41.095703
5304,512,17459,34.099609
5305,512,16834,32.878906
5306,512,17458,34.097656
5307,512,16208,31.656250
5308,512,16708,32.632812
5309,512,16250,31.738281
5310,512,16417,32.064453
5311,512,16500,32.226562
5312,512,16291,31.818359
5313,512,16458,32.144531
5314,512,16792,32.796875
5315,512,17333,33.853516
5316,512,17541,34.259766
5317,512,16875,32.958984
5318,512,16875,32.958984
5319,512,17375,33.935547
5320,512,16709,32.634766
5321,512,16250,31.738281
5322,512,16833,32.876953
5323,512,16791,32.794922
5324,512,16500,32.226562
5325,512,17250,33.691406
5326,512,17208,33.609375
5327,512,17000,33.203125
5328,512,17083,33.365234
5329,512,17042,33.285156
5330,512,16875,32.958984
5331,512,17208,33.609375
5332,512,16917,33.041016
5333,512,16833,32.876953
5334,512,17625,34.423828
5335,512,17250,33.691406
5336,512,16458,32.144531
5337,512,16250,31.738281
5338,512,16291,31.818359
5339,512,17417,34.017578
5340,512,16458,32.144531
5341,512,17333,33.853516
5342,512,16958,33.121094
5343,512,16917,33.041016
5344,512,16917,33.041016
5345,512,17042,33.285156
5346,512,16916,33.039062
5347,512,16917,33.041016
5348,512,17041,33.283203
5349,512,16667,32.552734
5350,512,16458,32.144531
5351,512,17375,33.935547
5352,512,16458,32.144531
5353,512,16167,31.576172
5354,512,16375,31.982422
5355,512,16958,33.121094
5356,512,17000,33.203125
5357,512,17166,33.527344
5358,512,16375,31.982422
5359,512,16792,32.796875
5360,512,16750,32.714844
5361,512,16791,32.794922
5362,512,16292,31.820312
5363,512,16208,31.656250
5364,512,15917,31.087891
5365,512,17125,33.447266
5366,512,16750,32.714844
5367,512,17458,34.097656
5368,512,16542,32.308594
5369,512,17042,33.285156
5370,512,17209,33.611328
5371,512,16625,32.470703
5372,512,16792,32.796875
5373,512,16875,32.958984
5374,512,16208,31.656250
5375,512,17250,33.691406
5376,512,17042,33.285156
5377,512,16708,32.632812
5378,512,16750,32.714844
5379,512,16875,32.958984
5380,512,17000,33.203125
5381,512,16584,32.390625
5382,512,16917,33.041016
5383,512,16333,31.900391
5384,512,16500,32.226562
5385,512,16917,33.041016
5386,512,16959,33.123047
5387,512,17583,34.341797
5388,512,17208,33.609375
5389,512,17250,33.691406
5390,512,16833,32.876953
5391,512,17125,33.447266
5392,512,17541,34.259766
5393,512,16917,33.041016
5394,512,17333,33.853516
5395,512,16542,32.308594
5396,512,17375,33.935547
5397,512,54250,105.957031
5398,512,27542,53.792969
5399,512,19250,37.597656
5400,512,17834,34.832031
5401,512,18166,35.480469
5402,512,17709,34.587891
5403,512,17666,34.503906
5404,512,17500,34.179688
5405,512,18292,35.726562
5406,512,17958,35.074219
5407,512,18333,35.806641
5408,512,18542,36.214844
5409,512,17542,34.261719
5410,512,17625,34.423828
5411,512,18417,35.970703
5412,512,18458,36.050781
5413,512,18167,35.482422
5414,512,17916,34.992188
5415,512,18417,35.970703
5416,512,17416,34.015625
5417,512,17625,34.423828
5418,512,17667,34.505859
5419,512,18000,35.156250
5420,512,17750,34.667969
5421,512,17166,33.527344
5422,512,17875,34.912109
5423,512,17500,34.179688
5424,512,17500,34.179688
5425,512,17167,33.529297
5426,512,17708,34.585938
5427,512,18083,35.318359
5428,512,17250,33.691406
5429,512,18125,35.400391
5430,512,17875,34.912109
5431,512,18250,35.644531
5432,512,18709,36.541016
5433,512,18000,35.156250
5434,512,44541,86.994141
5435,512,18417,35.970703
5436,512,18667,36.458984
5437,512,18125,35.400391
5438,512,18250,35.644531
5439,512,18167,35.482422
5440,512,18542,36.214844
5441,512,18375,35.888672
5442,512,18167,35.482422
5443,512,18625,36.376953
5444,512,18000,35.156250
5445,512,18875,36.865234
5446,512,17791,34.748047
5447,512,18583,36.294922
5448,512,18125,35.400391
5449,512,17917,34.994141
5450,512,18125,35.400391
5451,512,18333,35.806641
5452,512,18125,35.400391
5453,512,18250,35.644531
5454,512,18292,35.726562
5455,512,17875,34.912109
5456,512,17583,34.341797
5457,512,17958,35.074219
5458,512,18167,35.482422
5459,512,17750,34.667969
5460,512,17667,34.505859
5461,512,18041,35.236328
5462,512,17375,33.935547
5463,512,18250,35.644531
5464,512,17625,34.423828
5465,512,17083,33.365234
5466,512,17292,33.773438
5467,512,17708,34.585938
5468,512,17833,34.830078
5469,512,18208,35.562500
5470,512,18250,35.644531
5471,512,17958,35.074219
5472,512,18375,35.888672
5473,512,18541,36.212891
5474,512,18167,35.482422
5475,512,18167,35.482422
5476,512,18375,35.888672
5477,512,18333,35.806641
5478,512,18125,35.400391
5479,512,17750,34.667969
5480,512,17917,34.994141
5481,512,17875,34.912109
5482,512,18167,35.482422
5483,512,17666,34.503906
5484,512,18042,35.238281
5485,512,18333,35.806641
5486,512,18667,36.458984
5487,512,17292,33.773438
5488,512,18750,36.621094
5489,512,18458,36.050781
5490,512,18458,36.050781
5491,512,18167,35.482422
5492,512,18000,35.156250
5493,512,17833,34.830078
5494,512,17875,34.912109
5495,512,17666,34.503906
5496,512,18209,35.564453
5497,512,17416,34.015625
5498,512,17458,34.097656
5499,512,17333,33.853516
5500,512,18292,35.726562
5501,512,18208,35.562500
5502,512,17625,34.423828
5503,512,18250,35.644531
5504,512,17500,34.179688
5505,512,17500,34.179688
5506,512,17792,34.750000
5507,512,17791,34.748047
5508,512,17584,34.343750
5509,512,18083,35.318359
5510,512,18500,36.132812
5511,512,18041,35.236328
5512,512,17917,34.994141
5513,512,18042,35.238281
5514,512,17708,34.585938
5515,512,18042,35.238281
5516,512,17083,33.365234
5517,512,17667,34.505859
5518,512,18083,35.318359
5519,512,17792,34.750000
5520,512,17375,33.935547
5521,512,17416,34.015625
5522,512,17417,34.017578
5523,512,17875,34.912109
5524,512,17625,34.423828
5525,512,18000,35.156250
5526,512,17000,33.203125
5527,512,17958,35.074219
5528,512,17375,33.935547
5529,512,17500,34.179688
5530,512,17542,34.261719
5531,512,17000,33.203125
5532,512,17042,33.285156
5533,512,17291,33.771484
5534,512,18250,35.644531
5535,512,17875,34.912109
5536,512,18417,35.970703
5537,512,18375,35.888672
5538,512,17291,33.771484
5539,512,16959,33.123047
5540,512,17500,34.179688
5541,512,17625,34.423828
5542,512,17833,34.830078
5543,512,17583,34.341797
5544,512,18333,35.806641
5545,512,17500,34.179688
5546,512,18416,35.968750
5547,512,17292,33.773438
5548,512,18041,35.236328
5549,512,17792,34.750000
5550,512,18292,35.726562
5551,512,17917,34.994141
5552,512,17666,34.503906
5553,512,17667,34.505859
5554,512,18459,36.052734
5555,512,18333,35.806641
5556,512,17958,35.074219
5557,512,18084,35.320312
5558,512,17958,35.074219
5559,512,17666,34.503906
5560,512,17833,34.830078
5561,512,17375,33.935547
5562,512,17750,34.667969
5563,512,17958,35.074219
5564,512,17125,33.447266
5565,512,17875,34.912109
5566,512,18458,36.050781
5567,512,17917,34.994141
5568,512,20500,40.039062
5569,512,22625,44.189453
5570,512,17916,34.992188
5571,512,17709,34.587891
5572,512,17542,34.261719
5573,512,17667,34.505859
5574,512,18375,35.888672
5575,512,17625,34.423828
5576,512,17208,33.609375
5577,512,18667,36.458984
5578,512,18250,35.644531
5579,512,18292,35.726562
5580,512,19500,38.085938
5581,512,89666,175.128906
5582,512,17958,35.074219
5583,512,15625,30.517578
5584,512,15208,29.703125
5585,512,15625,30.517578
5586,512,15667,30.599609
5587,512,16167,31.576172
5588,512,16791,32.794922
5589,512,15542,30.355469
5590,512,15666,30.597656
5591,512,14792,28.890625
5592,512,16125,31.494141
5593,512,15958,31.167969
5594,512,15875,31.005859
5595,512,15625,30.517578
5596,512,15792,30.843750
5597,512,15208,29.703125
5598,512,15708,30.679688
5599,512,15584,30.437500
5600,512,15625,30.517578
5601,512,16166,31.574219
5602,512,15667,30.599609
5603,512,15542,30.355469
5604,512,15959,31.169922
5605,512,16583,32.388672
5606,512,15916,31.085938
5607,512,16250,31.738281
5608,512,16334,31.902344
5609,512,16416,32.062500
5610,512,15542,30.355469
5611,512,16333,31.900391
5612,512,15167,29.623047
5613,512,16125,31.494141
5614,512,16208,31.656250
5615,512,16333,31.900391
5616,512,16125,31.494141
5617,512,16166,31.574219
5618,512,15417,30.111328
5619,512,15667,30.599609
5620,512,15958,31.167969
5621,512,16000,31.250000
5622,512,15958,31.167969
5623,512,15417,30.111328
5624,512,15917,31.087891
5625,512,16416,32.062500
5626,512,15375,30.029297
5627,512,15750,30.761719
5628,512,15625,30.517578
5629,512,15417,30.111328
5630,512,16292,31.820312
5631,512,15791,30.841797
5632,512,16125,31.494141
5633,512,15750,30.761719
5634,512,15708,30.679688
5635,512,15917,31.087891
5636,512,16125,31.494141
5637,512,15583,30.435547
5638,512,15750,30.761719
5639,512,15334,29.949219
5640,512,16000,31.250000
5641,512,16042,31.332031
5642,512,15917,31.087891
5643,512,15750,30.761719
5644,512,16334,31.902344
5645,512,15167,29.623047
5646,512,15292,29.867188
5647,512,15583,30.435547
5648,512,14958,29.214844
5649,512,15334,29.949219
5650,512,15542,30.355469
5651,512,16042,31.332031
5652,512,15583,30.435547
5653,512,15458,30.191406
5654,512,16250,31.738281
5655,512,15167,29.623047
5656,512,15916,31.085938
5657,512,16000,31.250000
5658,512,15625,30.517578
5659,512,15834,30.925781
5660,512,16042,31.332031
5661,512,16125,31.494141
5662,512,16375,31.982422
5663,512,16208,31.656250
5664,512,15875,31.005859
5665,512,16250,31.738281
5666,512,16000,31.250000
5667,512,15500,30.273438
5668,512,15584,30.437500
5669,512,16208,31.656250
5670,512,16000,31.250000
5671,512,16125,31.494141
5672,512,15541,30.353516
5673,512,15917,31.087891
5674,512,15791,30.841797
5675,512,16209,31.658203
5676,512,16000,31.250000
5677,512,16042,31.332031
5678,512,15458,30.191406
5679,512,15750,30.761719
5680,512,15958,31.167969
5681,512,15709,30.681641
5682,512,15541,30.353516
5683,512,15833,30.923828
5684,512,16125,31.494141
5685,512,16292,31.820312
5686,512,15583,30.435547
5687,512,15834,30.925781
5688,512,15250,29.785156
5689,512,15709,30.681641
5690,512,15875,31.005859
5691,512,16416,32.062500
5692,512,15750,30.761719
5693,512,15917,31.087891
5694,512,15917,31.087891
5695,512,15166,29.621094
5696,512,15875,31.005859
5697,512,15750,30.761719
5698,512,15792,30.843750
5699,512,15667,30.599609
5700,512,16000,31.250000
5701,512,15916,31.085938
5702,512,16000,31.250000
5703,512,15583,30.435547
5704,512,15791,30.841797
5705,512,15250,29.785156
5706,512,15708,30.679688
5707,512,16042,31.332031
5708,512,16291,31.818359
5709,512,16167,31.576172
5710,512,16083,31.412109
5711,512,15583,30.435547
5712,512,15917,31.087891
5713,512,16041,31.330078
5714,512,15833,30.923828
5715,512,15667,30.599609
5716,512,16167,31.576172
5717,512,15542,30.355469
5718,512,15792,30.843750
5719,512,16416,32.062500
5720,512,20459,39.958984
5721,512,19208,37.515625
5722,512,15875,31.005859
5723,512,19291,37.677734
5724,512,21667,42.318359
5725,512,21208,41.421875
5726,512,17083,33.365234
5727,512,17667,34.505859
5728,512,17667,34.505859
5729,512,17125,33.447266
5730,512,17208,33.609375
5731,512,17333,33.853516
5732,512,21958,42.886719
5733,512,19500,38.085938
5734,512,17542,34.261719
5735,512,17083,33.365234
5736,512,17083,33.365234
5737,512,17042,33.285156
5738,512,17375,33.935547
5739,512,17375,33.935547
5740,512,16042,31.332031
5741,512,17250,33.691406
5742,512,16708,32.632812
5743,512,16792,32.796875
5744,512,16875,32.958984
5745,512,16750,32.714844
5746,512,16916,33.039062
5747,512,17209,33.611328
5748,512,16666,32.550781
5749,512,17084,33.367188
5750,512,16875,32.958984
5751,512,17333,33.853516
5752,512,17250,33.691406
5753,512,17333,33.853516
5754,512,16583,32.388672
5755,512,16125,31.494141
5756,512,17125,33.447266
5757,512,17292,33.773438
5758,512,17417,34.017578
5759,512,17875,34.912109
5760,512,17833,34.830078
5761,512,17917,34.994141
5762,512,17250,33.691406
5763,512,17666,34.503906
5764,512,17042,33.285156
5765,512,17750,34.667969
5766,512,17125,33.447266
5767,512,16875,32.958984
5768,512,17291,33.771484
5769,512,17375,33.935547
5770,512,17083,33.365234
5771,512,17667,34.505859
5772,512,16750,32.714844
5773,512,16458,32.144531
5774,512,17083,33.365234
5775,512,17500,34.179688
5776,512,16709,32.634766
5777,512,17000,33.203125
5778,512,17459,34.099609
5779,512,17500,34.179688
5780,512,16916,33.039062
5781,512,16958,33.121094
5782,512,17417,34.017578
5783,512,16958,33.121094
5784,512,16667,32.552734
5785,512,16208,31.656250
5786,512,17084,33.367188
5787,512,17000,33.203125
5788,512,16917,33.041016
5789,512,17083,33.365234
5790,512,17000,33.203125
5791,512,17375,33.935547
5792,512,17375,33.935547
5793,512,16916,33.039062
5794,512,17167,33.529297
5795,512,17666,34.503906
5796,512,17750,34.667969
5797,512,17000,33.203125
5798,512,16875,32.958984
5799,512,17375,33.935547
5800,512,17084,33.367188
5801,512,17125,33.447266
5802,512,17750,34.667969
5803,512,16709,32.634766
5804,512,17042,33.285156
5805,512,16666,32.550781
5806,512,16750,32.714844
5807,512,16583,32.388672
5808,512,16292,31.820312
5809,512,16833,32.876953
5810,512,16458,32.144531
5811,512,17000,33.203125
5812,512,16292,31.820312
5813,512,16875,32.958984
5814,512,17292,33.773438
5815,512,16458,32.144531
5816,512,16917,33.041016
5817,512,16209,31.658203
5818,512,17167,33.529297
5819,512,17667,34.505859
5820,512,17375,33.935547
5821,512,17541,34.259766
5822,512,17250,33.691406
5823,512,16792,32.796875
5824,512,16750,32.714844
5825,512,16875,32.958984
5826,512,16625,32.470703
5827,512,16708,32.632812
5828,512,16583,32.388672
5829,512,17375,33.935547
5830,512,17167,33.529297
5831,512,16625,32.470703
5832,512,17209,33.611328
5833,512,17334,33.855469
5834,512,16375,31.982422
5835,512,17209,33.611328
5836,512,16792,32.796875
5837,512,16667,32.552734
5838,512,16125,31.494141
5839,512,16417,32.064453
5840,512,16667,32.552734
5841,512,16584,32.390625
5842,512,16625,32.470703
5843,512,16542,32.308594
5844,512,16750,32.714844
5845,512,17208,33.609375
5846,512,17667,34.505859
5847,512,16583,32.388672
5848,512,17125,33.447266
5849,512,16958,33.121094
5850,512,16208,31.656250
5851,512,16583,32.388672
5852,512,16584,32.390625
5853,512,17041,33.283203
5854,512,16542,32.308594
5855,512,16667,32.552734
5856,512,16958,33.121094
5857,512,16792,32.796875
5858,512,16542,32.308594
5859,512,16708,32.632812
5860,512,16750,32.714844
5861,512,16875,32.958984
5862,512,17042,33.285156
5863,512,16208,31.656250
5864,512,16875,32.958984
5865,512,16875,32.958984
5866,512,17125,33.447266
5867,512,17375,33.935547
5868,512,16959,33.123047
5869,512,16625,32.470703
5870,512,16250,31.738281
5871,512,16416,32.062500
5872,512,17042,33.285156
5873,512,17458,34.097656
5874,512,16583,32.388672
5875,512,16458,32.144531
5876,512,16709,32.634766
5877,512,17708,34.585938
5878,512,17292,33.773438
5879,512,17166,33.527344
5880,512,17000,33.203125
5881,512,16708,32.632812
5882,512,17417,34.017578
5883,512,16792,32.796875
5884,512,17083,33.365234
5885,512,16750,32.714844
5886,512,16625,32.470703
5887,512,17375,33.935547
5888,512,16791,32.794922
5889,512,17292,33.773438
5890,512,16834,32.878906
5891,512,17208,33.609375
5892,512,17583,34.341797
5893,512,17292,33.773438
5894,512,16959,33.123047
5895,512,16875,32.958984
5896,512,16542,32.308594
5897,512,16958,33.121094
5898,512,16208,31.656250
5899,512,20917,40.853516
5900,512,22083,43.130859
5901,512,21250,41.503906
5902,512,17875,34.912109
5903,512,16708,32.632812
5904,512,17625,34.423828
5905,512,22042,43.050781
5906,512,22083,43.130859
5907,512,21875,42.724609
5908,512,21917,42.806641
5909,512,18334,35.808594
5910,512,18333,35.806641
5911,512,17375,33.935547
5912,512,17833,34.830078
5913,512,17959,35.076172
5914,512,19833,38.736328
5915,512,18625,36.376953
5916,512,16875,32.958984
5917,512,17834,34.832031
5918,512,17417,34.017578
5919,512,18000,35.156250
5920,512,18000,35.156250
5921,512,17125,33.447266
5922,512,16959,33.123047
5923,512,17959,35.076172
5924,512,17000,33.203125
5925,512,16875,32.958984
5926,512,17000,33.203125
5927,512,17000,33.203125
5928,512,17125,33.447266
5929,512,17750,34.667969
5930,512,17167,33.529297
5931,512,20417,39.876953
5932,512,22625,44.189453
5933,512,20417,39.876953
5934,512,18291,35.724609
5935,512,17125,33.447266
5936,512,17584,34.343750
5937,512,18084,35.320312
5938,512,17250,33.691406
5939,512,16959,33.123047
5940,512,22166,43.292969
5941,512,19125,37.353516
5942,512,16542,32.308594
5943,512,16625,32.470703
5944,512,16917,33.041016
5945,512,16875,32.958984
5946,512,16666,32.550781
5947,512,17209,33.611328
5948,512,16875,32.958984
5949,512,16584,32.390625
5950,512,16708,32.632812
5951,512,17083,33.365234
5952,512,17541,34.259766
5953,512,21583,42.154297
5954,512,21750,42.480469
5955,512,20708,40.445312
5956,512,16750,32.714844
5957,512,16917,33.041016
5958,512,17041,33.283203
5959,512,17000,33.203125
5960,512,17167,33.529297
5961,512,17250,33.691406
5962,512,17042,33.285156
5963,512,16625,32.470703
5964,512,17167,33.529297
5965,512,17458,34.097656
5966,512,16542,32.308594
5967,512,17041,33.283203
5968,512,17042,33.285156
5969,512,16959,33.123047
5970,512,52958,103.433594
5971,512,22375,43.701172
5972,512,20542,40.121094
5973,512,18083,35.318359
5974,512,17625,34.423828
5975,512,17250,33.691406
5976,512,16916,33.039062
5977,512,16625,32.470703
5978,512,16709,32.634766
5979,512,17541,34.259766
5980,512,17667,34.505859
5981,512,17083,33.365234
5982,512,17916,34.992188
5983,512,18083,35.318359
5984,512,17458,34.097656
5985,512,17708,34.585938
5986,512,17583,34.341797
5987,512,17709,34.587891
5988,512,18708,36.539062
5989,512,17375,33.935547
5990,512,17875,34.912109
5991,512,17917,34.994141
5992,512,18208,35.562500
5993,512,17500,34.179688
5994,512,17208,33.609375
5995,512,17875,34.912109
5996,512,18084,35.320312
5997,512,18750,36.621094
5998,512,18041,35.236328
5999,512,18625,36.376953
6000,512,17416,34.015625
6001,512,17792,34.750000
6002,512,17500,34.179688
6003,512,17833,34.830078
6004,512,17542,34.261719
6005,512,17292,33.773438
6006,512,18041,35.236328
6007,512,17542,34.261719
6008,512,17542,34.261719
6009,512,17875,34.912109
6010,512,16959,33.123047
6011,512,17166,33.527344
6012,512,17625,34.423828
6013,512,17958,35.074219
6014,512,17875,34.912109
6015,512,17916,34.992188
6016,512,16667,32.552734
6017,512,17458,34.097656
6018,512,17625,34.423828
6019,512,17625,34.423828
6020,512,17792,34.750000
6021,512,17250,33.691406
6022,512,18084,35.320312
6023,512,17958,35.074219
6024,512,17833,34.830078
6025,512,17834,34.832031
6026,512,17291,33.771484
6027,512,18292,35.726562
6028,512,17917,34.994141
6029,512,17959,35.076172
6030,512,18250,35.644531
6031,512,18583,36.294922
6032,512,17125,33.447266
6033,512,17459,34.099609
6034,512,17750,34.667969
6035,512,17459,34.099609
6036,512,17709,34.587891
6037,512,17666,34.503906
6038,512,16500,32.226562
6039,512,18250,35.644531
6040,512,18041,35.236328
6041,512,17667,34.505859
6042,512,17709,34.587891
6043,512,17666,34.503906
6044,512,17875,34.912109
6045,512,17959,35.076172
6046,512,17208,33.609375
6047,512,16541,32.306641
6048,512,16709,32.634766
6049,512,16375,31.982422
6050,512,16583,32.388672
6051,512,16542,32.308594
6052,512,16292,31.820312
6053,512,16041,31.330078
6054,512,16250,31.738281
6055,512,16542,32.308594
6056,512,15458,30.191406
6057,512,15666,30.597656
6058,512,15875,31.005859
6059,512,16709,32.634766
6060,512,16083,31.412109
6061,512,16416,32.062500
6062,512,16750,32.714844
6063,512,16167,31.576172
6064,512,16041,31.330078
6065,512,16667,32.552734
6066,512,16166,31.574219
6067,512,17000,33.203125
6068,512,17167,33.529297
6069,512,17958,35.074219
6070,512,17667,34.505859
6071,512,17625,34.423828
6072,512,18000,35.156250
6073,512,17583,34.341797
6074,512,17291,33.771484
6075,512,17208,33.609375
6076,512,17458,34.097656
6077,512,17250,33.691406
6078,512,17125,33.447266
6079,512,17334,33.855469
6080,512,17125,33.447266
6081,512,17041,33.283203
6082,512,17500,34.179688
6083,512,17292,33.773438
6084,512,16500,32.226562
6085,512,16625,32.470703
6086,512,17541,34.259766
6087,512,17667,34.505859
6088,512,17166,33.527344
6089,512,17125,33.447266
6090,512,17417,34.017578
6091,512,17500,34.179688
6092,512,16959,33.123047
6093,512,17583,34.341797
6094,512,18083,35.318359
6095,512,17375,33.935547
6096,512,18000,35.156250
6097,512,16750,32.714844
6098,512,17750,34.667969
6099,512,16750,32.714844
6100,512,17375,33.935547
6101,512,17542,34.261719
6102,512,17375,33.935547
6103,512,17750,34.667969
6104,512,17042,33.285156
6105,512,17542,34.261719
6106,512,17167,33.529297
6107,512,16833,32.876953
6108,512,17041,33.283203
6109,512,17500,34.179688
6110,512,17792,34.750000
6111,512,17416,34.015625
6112,512,16667,32.552734
6113,512,17833,34.830078
6114,512,17500,34.179688
6115,512,17666,34.503906
6116,512,18084,35.320312
6117,512,17458,34.097656
6118,512,17500,34.179688
6119,512,17125,33.447266
6120,512,18625,36.376953
6121,512,19584,38.250000
6122,512,17750,34.667969
6123,512,17375,33.935547
6124,512,17667,34.505859
6125,512,17958,35.074219
6126,512,17500,34.179688
6127,512,17500,34.179688
6128,512,17917,34.994141
6129,512,17834,34.832031
6130,512,17125,33.447266
6131,512,18333,35.806641
6132,512,18125,35.400391
6133,512,17542,34.261719
6134,512,18000,35.156250
6135,512,17667,34.505859
6136,512,17666,34.503906
6137,512,17334,33.855469
6138,512,16916,33.039062
6139,512,17709,34.587891
6140,512,17583,34.341797
6141,512,18375,35.888672
6142,512,17625,34.423828
6143,512,17833,34.830078
6144,512,17958,35.074219
6145,512,18750,36.621094
6146,512,18000,35.156250
6147,512,18125,35.400391
6148,512,18375,35.888672
6149,512,18083,35.318359
6150,512,17834,34.832031
6151,512,17875,34.912109
6152,512,17959,35.076172
6153,512,18083,35.318359
6154,512,17708,34.585938
6155,512,17958,35.074219
6156,512,18125,35.400391
6157,512,18041,35.236328
6158,512,17417,34.017578
6159,512,18041,35.236328
6160,512,17959,35.076172
6161,512,22916,44.757812
6162,512,19917,38.900391
6163,512,18208,35.562500
6164,512,17209,33.611328
6165,512,17459,34.099609
6166,512,17916,34.992188
6167,512,17834,34.832031
6168,512,18708,36.539062
6169,512,18500,36.132812
6170,512,17875,34.912109
6171,512,17666,34.503906
6172,512,18625,36.376953
6173,512,20792,40.609375
6174,512,19708,38.492188
6175,512,19291,37.677734
6176,512,82042,160.238281
6177,512,31333,61.197266
6178,512,16292,31.820312
6179,512,15959,31.169922
6180,512,16709,32.634766
6181,512,16125,31.494141
6182,512,16250,31.738281
6183,512,16083,31.412109
6184,512,15958,31.167969
6185,512,16458,32.144531
6186,512,16375,31.982422
6187,512,16667,32.552734
6188,512,16292,31.820312
6189,512,15916,31.085938
6190,512,16167,31.576172
6191,512,16083,31.412109
6192,512,15667,30.599609
6193,512,15500,30.273438
6194,512,17792,34.750000
6195,512,18375,35.888672
6196,512,15958,31.167969
6197,512,16458,32.144531
6198,512,16709,32.634766
6199,512,16041,31.330078
6200,512,16167,31.576172
6201,512,16208,31.656250
6202,512,16458,32.144531
6203,512,16417,32.064453
6204,512,22125,43.212891
6205,512,21000,41.015625
6206,512,17209,33.611328
6207,512,17916,34.992188
6208,512,16500,32.226562
6209,512,15542,30.355469
6210,512,16916,33.039062
6211,512,15834,30.925781
6212,512,15541,30.353516
6213,512,16250,31.738281
6214,512,15834,30.925781
6215,512,16375,31.982422
6216,512,16667,32.552734
6217,512,17000,33.203125
6218,512,16291,31.818359
6219,512,16584,32.390625
6220,512,16459,32.146484
6221,512,15791,30.841797
6222,512,16167,31.576172
6223,512,16083,31.412109
6224,512,15459,30.193359
6225,512,16625,32.470703
6226,512,16125,31.494141
6227,512,16167,31.576172
6228,512,15708,30.679688
6229,512,15542,30.355469
6230,512,15791,30.841797
6231,512,15417,30.111328
6232,512,15875,31.005859
6233,512,16250,31.738281
6234,512,16459,32.146484
6235,512,16291,31.818359
6236,512,16750,32.714844
6237,512,15875,31.005859
6238,512,16791,32.794922
6239,512,16125,31.494141
6240,512,16208,31.656250
6241,512,16167,31.576172
6242,512,15458,30.191406
6243,512,16208,31.656250
6244,512,16792,32.796875
6245,512,15875,31.005859
6246,512,16333,31.900391
6247,512,16333,31.900391
6248,512,16625,32.470703
6249,512,16417,32.064453
6250,512,16875,32.958984
6251,512,16167,31.576172
6252,512,16125,31.494141
6253,512,15667,30.599609
6254,512,16208,31.656250
6255,512,16583,32.388672
6256,512,15875,31.005859
6257,512,16333,31.900391
6258,512,15792,30.843750
6259,512,16333,31.900391
6260,512,16167,31.576172
6261,512,15667,30.599609
6262,512,15500,30.273438
6263,512,16250,31.738281
6264,512,16041,31.330078
6265,512,15959,31.169922
6266,512,16292,31.820312
6267,512,16000,31.250000
6268,512,16125,31.494141
6269,512,16208,31.656250
6270,512,15500,30.273438
6271,512,15666,30.597656
6272,512,15542,30.355469
6273,512,15709,30.681641
6274,512,15916,31.085938
6275,512,15417,30.111328
6276,512,16292,31.820312
6277,512,16125,31.494141
6278,512,15416,30.109375
6279,512,16125,31.494141
6280,512,16209,31.658203
6281,512,15375,30.029297
6282,512,16125,31.494141
6283,512,16084,31.414062
6284,512,15916,31.085938
6285,512,16000,31.250000
6286,512,15750,30.761719
6287,512,16042,31.332031
6288,512,15958,31.167969
6289,512,16125,31.494141
6290,512,15917,31.087891
6291,512,15959,31.169922
6292,512,15834,30.925781
6293,512,16584,32.390625
6294,512,15916,31.085938
6295,512,15875,31.005859
6296,512,16208,31.656250
6297,512,16334,31.902344
6298,512,15959,31.169922
6299,512,16750,32.714844
6300,512,17709,34.587891
6301,512,17042,33.285156
6302,512,17667,34.505859
6303,512,16541,32.306641
6304,512,16917,33.041016
6305,512,16375,31.982422
6306,512,16750,32.714844
6307,512,16958,33.121094
6308,512,17500,34.179688
6309,512,16792,32.796875
6310,512,16625,32.470703
6311,512,16875,32.958984
6312,512,16792,32.796875
6313,512,17125,33.447266
6314,512,17000,33.203125
6315,512,17041,33.283203
6316,512,17292,33.773438
6317,512,17875,34.912109
6318,512,17208,33.609375
6319,512,16917,33.041016
6320,512,16916,33.039062
6321,512,16875,32.958984
6322,512,17333,33.853516
6323,512,16792,32.796875
6324,512,17500,34.179688
6325,512,17250,33.691406
6326,512,17291,33.771484
6327,512,17375,33.935547
6328,512,17000,33.203125
6329,512,17167,33.529297
6330,512,16750,32.714844
6331,512,17167,33.529297
6332,512,17000,33.203125
6333,512,16750,32.714844
6334,512,17042,33.285156
6335,512,17458,34.097656
6336,512,17750,34.667969
6337,512,17375,33.935547
6338,512,17000,33.203125
6339,512,17208,33.609375
6340,512,17500,34.179688
6341,512,16959,33.123047
6342,512,16542,32.308594
6343,512,17166,33.527344
6344,512,16917,33.041016
6345,512,17417,34.017578
6346,512,17167,33.529297
6347,512,17417,34.017578
6348,512,16958,33.121094
6349,512,17125,33.447266
6350,512,17583,34.341797
6351,512,17542,34.261719
6352,512,17625,34.423828
6353,512,17125,33.447266
6354,512,16792,32.796875
6355,512,16791,32.794922
6356,512,17084,33.367188
6357,512,17083,33.365234
6358,512,16333,31.900391
6359,512,16708,32.632812
6360,512,17167,33.529297
6361,512,17291,33.771484
6362,512,17417,34.017578
6363,512,17083,33.365234
6364,512,16708,32.632812
6365,512,16541,32.306641
6366,512,16667,32.552734
6367,512,16958,33.121094
6368,512,16583,32.388672
6369,512,16666,32.550781
6370,512,16459,32.146484
6371,512,17208,33.609375
6372,512,16875,32.958984
6373,512,17333,33.853516
6374,512,16583,32.388672
6375,512,16958,33.121094
6376,512,16958,33.121094
6377,512,16667,32.552734
6378,512,17166,33.527344
6379,512,16750,32.714844
6380,512,16792,32.796875
6381,512,17000,33.203125
6382,512,17458,34.097656
6383,512,16291,31.818359
6384,512,17083,33.365234
6385,512,16667,32.552734
6386,512,16750,32.714844
6387,512,17167,33.529297
6388,512,16000,31.250000
6389,512,16417,32.064453
6390,512,16917,33.041016
6391,512,16833,32.876953
6392,512,16625,32.470703
6393,512,17084,33.367188
6394,512,17542,34.261719
6395,512,16792,32.796875
6396,512,16291,31.818359
6397,512,16875,32.958984
6398,512,17125,33.447266
6399,512,17334,33.855469
6400,512,16791,32.794922
6401,512,16667,32.552734
6402,512,17291,33.771484
6403,512,16834,32.878906
6404,512,17042,33.285156
6405,512,16958,33.121094
6406,512,16542,32.308594
6407,512,16625,32.470703
6408,512,16958,33.121094
6409,512,16625,32.470703
6410,512,17417,34.017578
6411,512,17125,33.447266
6412,512,16792,32.796875
6413,512,16959,33.123047
6414,512,17042,33.285156
6415,512,17458,34.097656
6416,512,16958,33.121094
6417,512,17500,34.179688
6418,512,16167,31.576172
6419,512,17000,33.203125
6420,512,17125,33.447266
6421,512,16667,32.552734
6422,512,16292,31.820312
6423,512,17083,33.365234
6424,512,16625,32.470703
6425,512,16750,32.714844
6426,512,16458,32.144531
6427,512,16708,32.632812
6428,512,17334,33.855469
6429,512,16916,33.039062
6430,512,17083,33.365234
6431,512,17625,34.423828
6432,512,17209,33.611328
6433,512,16625,32.470703
6434,512,16583,32.388672
6435,512,17083,33.365234
6436,512,16458,32.144531
6437,512,16833,32.876953
6438,512,16792,32.796875
6439,512,16583,32.388672
6440,512,17000,33.203125
6441,512,16125,31.494141
6442,512,16666,32.550781
6443,512,15750,30.761719
6444,512,17042,33.285156
6445,512,16792,32.796875
6446,512,17250,33.691406
6447,512,16625,32.470703
6448,512,17292,33.773438
6449,512,16667,32.552734
6450,512,17041,33.283203
6451,512,17709,34.587891
6452,512,16417,32.064453
6453,512,17208,33.609375
6454,512,16875,32.958984
6455,512,16000,31.250000
6456,512,17125,33.447266
6457,512,16875,32.958984
6458,512,17125,33.447266
6459,512,16500,32.226562
6460,512,16875,32.958984
6461,512,17417,34.017578
6462,512,17166,33.527344
6463,512,16542,32.308594
6464,512,16333,31.900391
6465,512,16042,31.332031
6466,512,16625,32.470703
6467,512,16291,31.818359
6468,512,17042,33.285156
6469,512,16333,31.900391
6470,512,17833,34.830078
6471,512,18042,35.238281
6472,512,16875,32.958984
6473,512,16833,32.876953
6474,512,17208,33.609375
6475,512,16792,32.796875
6476,512,17708,34.585938
6477,512,16542,32.308594
6478,512,16750,32.714844
6479,512,17250,33.691406
6480,512,17375,33.935547
6481,512,17167,33.529297
6482,512,17209,33.611328
6483,512,16959,33.123047
6484,512,17750,34.667969
6485,512,17167,33.529297
6486,512,17917,34.994141
6487,512,17416,34.015625
6488,512,17292,33.773438
6489,512,16750,32.714844
6490,512,17208,33.609375
6491,512,17333,33.853516
6492,512,17917,34.994141
6493,512,17208,33.609375
6494,512,17083,33.365234
6495,512,17084,33.367188
6496,512,17041,33.283203
6497,512,16917,33.041016
6498,512,16708,32.632812
6499,512,17250,33.691406
6500,512,17209,33.611328
6501,512,17291,33.771484
6502,512,17417,34.017578
6503,512,17250,33.691406
6504,512,16917,33.041016
6505,512,17667,34.505859
6506,512,17375,33.935547
6507,512,17083,33.365234
6508,512,16875,32.958984
6509,512,17333,33.853516
6510,512,17167,33.529297
6511,512,17208,33.609375
6512,512,17500,34.179688
6513,512,16416,32.062500
6514,512,16625,32.470703
6515,512,17250,33.691406
6516,512,16917,33.041016
6517,512,16792,32.796875
6518,512,16583,32.388672
6519,512,16750,32.714844
6520,512,16792,32.796875
6521,512,16625,32.470703
6522,512,16333,31.900391
6523,512,17209,33.611328
6524,512,16666,32.550781
6525,512,16584,32.390625
6526,512,17250,33.691406
6527,512,16500,32.226562
6528,512,16833,32.876953
6529,512,17416,34.015625
6530,512,17334,33.855469
6531,512,17916,34.992188
6532,512,17334,33.855469
6533,512,17042,33.285156
6534,512,17125,33.447266
6535,512,17041,33.283203
6536,512,17375,33.935547
6537,512,17084,33.367188
6538,512,17625,34.423828
6539,512,17083,33.365234
6540,512,17208,33.609375
6541,512,17208,33.609375
6542,512,17833,34.830078
6543,512,17167,33.529297
6544,512,17750,34.667969
6545,512,17375,33.935547
6546,512,17792,34.750000
6547,512,17125,33.447266
6548,512,17958,35.074219
6549,512,42375,82.763672
6550,512,22125,43.212891
6551,512,18209,35.564453
6552,512,18209,35.564453
6553,512,17750,34.667969
6554,512,17208,33.609375
6555,512,18125,35.400391
6556,512,18250,35.644531
6557,512,17875,34.912109
6558,512,17667,34.505859
6559,512,17916,34.992188
6560,512,16375,31.982422
6561,512,16875,32.958984
6562,512,17875,34.912109
6563,512,17458,34.097656
6564,512,17667,34.505859
6565,512,22125,43.212891
6566,512,20208,39.468750
6567,512,20583,40.201172
6568,512,18000,35.156250
6569,512,18042,35.238281
6570,512,17875,34.912109
6571,512,17959,35.076172
6572,512,17750,34.667969
6573,512,17459,34.099609
6574,512,17916,34.992188
6575,512,17875,34.912109
6576,512,17542,34.261719
6577,512,17416,34.015625
6578,512,18125,35.400391
6579,512,21250,41.503906
6580,512,18042,35.238281
6581,512,17833,34.830078
6582,512,17791,34.748047
6583,512,17667,34.505859
6584,512,17292,33.773438
6585,512,17708,34.585938
6586,512,17333,33.853516
6587,512,17167,33.529297
6588,512,17041,33.283203
6589,512,17250,33.691406
6590,512,17917,34.994141
6591,512,17542,34.261719
6592,512,17291,33.771484
6593,512,17959,35.076172
6594,512,17375,33.935547
6595,512,17417,34.017578
6596,512,17583,34.341797
6597,512,20709,40.447266
6598,512,19500,38.085938
6599,512,17917,34.994141
6600,512,18125,35.400391
6601,512,17958,35.074219
6602,512,17083,33.365234
6603,512,17625,34.423828
6604,512,16541,32.306641
6605,512,17584,34.343750
6606,512,17500,34.179688
6607,512,18750,36.621094
6608,512,21625,42.236328
6609,512,23917,46.712891
6610,512,17125,33.447266
6611,512,17417,34.017578
6612,512,17583,34.341797
6613,512,20500,40.039062
6614,512,17958,35.074219
6615,512,17750,34.667969
6616,512,17250,33.691406
6617,512,16459,32.146484
6618,512,16875,32.958984
6619,512,17209,33.611328
6620,512,17583,34.341797
6621,512,17542,34.261719
6622,512,16916,33.039062
6623,512,17334,33.855469
6624,512,17250,33.691406
6625,512,16917,33.041016
6626,512,16416,32.062500
6627,512,17334,33.855469
6628,512,17292,33.773438
6629,512,17125,33.447266
6630,512,17209,33.611328
6631,512,18792,36.703125
6632,512,17875,34.912109
6633,512,17167,33.529297
6634,512,17250,33.691406
6635,512,17417,34.017578
6636,512,17666,34.503906
6637,512,17542,34.261719
6638,512,17417,34.017578
6639,512,16709,32.634766
6640,512,17584,34.343750
6641,512,16625,32.470703
6642,512,16750,32.714844
6643,512,16542,32.308594
6644,512,16833,32.876953
6645,512,17000,33.203125
6646,512,17042,33.285156
6647,512,17042,33.285156
6648,512,16917,33.041016
6649,512,17250,33.691406
6650,512,17584,34.343750
6651,512,17375,33.935547
6652,512,17208,33.609375
6653,512,17125,33.447266
6654,512,17958,35.074219
6655,512,17542,34.261719
6656,512,19416,37.921875
6657,512,19833,38.736328
6658,512,17250,33.691406
6659,512,24125,47.119141
6660,512,22042,43.050781
6661,512,23041,45.001953
6662,512,19334,37.761719
6663,512,17792,34.750000
6664,512,17250,33.691406
6665,512,18042,35.238281
6666,512,17833,34.830078
6667,512,18000,35.156250
6668,512,17583,34.341797
6669,512,17750,34.667969
6670,512,20333,39.712891
6671,512,21875,42.724609
6672,512,33708,65.835938
6673,512,19584,38.250000
6674,512,41084,80.242188
6675,512,59042,115.316406
6676,512,16083,31.412109
6677,512,16542,32.308594
6678,512,20958,40.933594
6679,512,16042,31.332031
6680,512,16333,31.900391
6681,512,16208,31.656250
6682,512,16333,31.900391
6683,512,16250,31.738281
6684,512,16042,31.332031
6685,512,16750,32.714844
6686,512,16292,31.820312
6687,512,16375,31.982422
6688,512,16625,32.470703
6689,512,16709,32.634766
6690,512,16791,32.794922
6691,512,16792,32.796875
6692,512,15250,29.785156
6693,512,16125,31.494141
6694,512,20791,40.607422
6695,512,20167,39.388672
6696,512,15417,30.111328
6697,512,15750,30.761719
6698,512,15375,30.029297
6699,512,15667,30.599609
6700,512,15208,29.703125
6701,512,15833,30.923828
6702,512,15584,30.437500
6703,512,15458,30.191406
6704,512,16458,32.144531
6705,512,15583,30.435547
6706,512,15625,30.517578
6707,512,15375,30.029297
6708,512,15666,30.597656
6709,512,15750,30.761719
6710,512,15750,30.761719
6711,512,16000,31.250000
6712,512,15500,30.273438
6713,512,15416,30.109375
6714,512,15917,31.087891
6715,512,15750,30.761719
6716,512,15875,31.005859
6717,512,16000,31.250000
6718,512,15792,30.843750
6719,512,15583,30.435547
6720,512,15875,31.005859
6721,512,15833,30.923828
6722,512,16208,31.656250
6723,512,16375,31.982422
6724,512,15458,30.191406
6725,512,15792,30.843750
6726,512,15792,30.843750
6727,512,15958,31.167969
6728,512,15917,31.087891
6729,512,16000,31.250000
6730,512,15958,31.167969
6731,512,15792,30.843750
6732,512,15833,30.923828
6733,512,14875,29.052734
6734,512,15333,29.947266
6735,512,15875,31.005859
6736,512,15833,30.923828
6737,512,16000,31.250000
6738,512,15625,30.517578
6739,512,16083,31.412109
6740,512,15250,29.785156
6741,512,15541,30.353516
6742,512,16000,31.250000
6743,512,15875,31.005859
6744,512,15667,30.599609
6745,512,15417,30.111328
6746,512,16000,31.250000
6747,512,16292,31.820312
6748,512,15792,30.843750
6749,512,15750,30.761719
6750,512,15667,30.599609
6751,512,15792,30.843750
6752,512,16208,31.656250
6753,512,15542,30.355469
6754,512,15916,31.085938
6755,512,15125,29.541016
6756,512,15917,31.087891
6757,512,15208,29.703125
6758,512,16250,31.738281
6759,512,15709,30.681641
6760,512,15709,30.681641
6761,512,15709,30.681641
6762,512,15625,30.517578
6763,512,15917,31.087891
6764,512,16250,31.738281
6765,512,15750,30.761719
6766,512,15875,31.005859
6767,512,16500,32.226562
6768,512,15417,30.111328
6769,512,15834,30.925781
6770,512,15541,30.353516
6771,512,16417,32.064453
6772,512,15625,30.517578
6773,512,15666,30.597656
6774,512,16125,31.494141
6775,512,15667,30.599609
6776,512,16209,31.658203
6777,512,16041,31.330078
6778,512,15917,31.087891
6779,512,15583,30.435547
6780,512,15583,30.435547
6781,512,15209,29.705078
6782,512,15708,30.679688
6783,512,16042,31.332031
6784,512,15708,30.679688
6785,512,15958,31.167969
6786,512,15250,29.785156
6787,512,15709,30.681641
6788,512,15917,31.087891
6789,512,15500,30.273438
6790,512,15625,30.517578
6791,512,15958,31.167969
6792,512,16083,31.412109
6793,512,15458,30.191406
6794,512,15417,30.111328
6795,512,15791,30.841797
6796,512,15792,30.843750
6797,512,15625,30.517578
6798,512,15875,31.005859
6799,512,15167,29.623047
6800,512,15291,29.865234
6801,512,15625,30.517578
6802,512,15000,29.296875
6803,512,15667,30.599609
6804,512,16000,31.250000
6805,512,15500,30.273438
6806,512,15167,29.623047
6807,512,15083,29.458984
6808,512,15417,30.111328
6809,512,15458,30.191406
6810,512,15542,30.355469
6811,512,15833,30.923828
6812,512,15917,31.087891
6813,512,15209,29.705078
6814,512,15708,30.679688
6815,512,15458,30.191406
6816,512,15417,30.111328
6817,512,15750,30.761719
6818,512,15333,29.947266
6819,512,16250,31.738281
6820,512,16875,32.958984
6821,512,16708,32.632812
6822,512,17167,33.529297
6823,512,17333,33.853516
6824,512,16584,32.390625
6825,512,17334,33.855469
6826,512,16958,33.121094
6827,512,17292,33.773438
6828,512,17459,34.099609
6829,512,17416,34.015625
6830,512,17209,33.611328
6831,512,16958,33.121094
6832,512,16958,33.121094
6833,512,16792,32.796875
6834,512,17083,33.365234
6835,512,16583,32.388672
6836,512,16875,32.958984
6837,512,17292,33.773438
6838,512,16541,32.306641
6839,512,16834,32.878906
6840,512,17083,33.365234
6841,512,17291,33.771484
6842,512,16709,32.634766
6843,512,17458,34.097656
6844,512,17416,34.015625
6845,512,17334,33.855469
6846,512,16833,32.876953
6847,512,16708,32.632812
6848,512,17083,33.365234
6849,512,16667,32.552734
6850,512,17042,33.285156
6851,512,17041,33.283203
6852,512,17125,33.447266
6853,512,17083,33.365234
6854,512,17417,34.017578
6855,512,16708,32.632812
6856,512,17208,33.609375
6857,512,16750,32.714844
6858,512,16458,32.144531
6859,512,17583,34.341797
6860,512,16875,32.958984
6861,512,16500,32.226562
6862,512,17375,33.935547
6863,512,17292,33.773438
6864,512,16958,33.121094
6865,512,17000,33.203125
6866,512,16791,32.794922
6867,512,17209,33.611328
6868,512,16417,32.064453
6869,512,17042,33.285156
6870,512,18292,35.726562
6871,512,17083,33.365234
6872,512,16958,33.121094
6873,512,16500,32.226562
6874,512,16875,32.958984
6875,512,16917,33.041016
6876,512,16750,32.714844
6877,512,16917,33.041016
6878,512,17083,33.365234
6879,512,16417,32.064453
6880,512,16292,31.820312
6881,512,16792,32.796875
6882,512,16916,33.039062
6883,512,16959,33.123047
6884,512,16417,32.064453
6885,512,16833,32.876953
6886,512,16959,33.123047
6887,512,16791,32.794922
6888,512,16834,32.878906
6889,512,16833,32.876953
6890,512,17208,33.609375
6891,512,16959,33.123047
6892,512,16750,32.714844
6893,512,16583,32.388672
6894,512,16708,32.632812
6895,512,17417,34.017578
6896,512,16791,32.794922
6897,512,16583,32.388672
6898,512,16583,32.388672
6899,512,16584,32.390625
6900,512,16625,32.470703
6901,512,16375,31.982422
6902,512,16333,31.900391
6903,512,16584,32.390625
6904,512,16750,32.714844
6905,512,16583,32.388672
6906,512,16625,32.470703
6907,512,16875,32.958984
6908,512,16417,32.064453
6909,512,16416,32.062500
6910,512,16375,31.982422
6911,512,16625,32.470703
6912,512,16250,31.738281
6913,512,17000,33.203125
6914,512,16458,32.144531
6915,512,17125,33.447266
6916,512,16209,31.658203
6917,512,16333,31.900391
6918,512,16750,32.714844
6919,512,16625,32.470703
6920,512,16541,32.306641
6921,512,17250,33.691406
6922,512,17000,33.203125
6923,512,16917,33.041016
6924,512,16459,32.146484
6925,512,16875,32.958984
6926,512,16958,33.121094
6927,512,17083,33.365234
6928,512,16500,32.226562
6929,512,17334,33.855469
6930,512,16375,31.982422
6931,512,16708,32.632812
6932,512,16834,32.878906
6933,512,17041,33.283203
6934,512,16292,31.820312
6935,512,16791,32.794922
6936,512,16459,32.146484
6937,512,16791,32.794922
6938,512,17292,33.773438
6939,512,16208,31.656250
6940,512,17292,33.773438
6941,512,16750,32.714844
6942,512,16458,32.144531
6943,512,17000,33.203125
6944,512,17375,33.935547
6945,512,17083,33.365234
6946,512,17500,34.179688
6947,512,17334,33.855469
6948,512,16958,33.121094
6949,512,17167,33.529297
6950,512,16625,32.470703
6951,512,17084,33.367188
6952,512,16416,32.062500
6953,512,16500,32.226562
6954,512,17083,33.365234
6955,512,16875,32.958984
6956,512,16958,33.121094
6957,512,17708,34.585938
6958,512,16917,33.041016
6959,512,17041,33.283203
6960,512,17709,34.587891
6961,512,16875,32.958984
6962,512,16500,32.226562
6963,512,16958,33.121094
6964,512,16667,32.552734
6965,512,16750,32.714844
6966,512,16875,32.958984
6967,512,17542,34.261719
6968,512,17375,33.935547
6969,512,17416,34.015625
6970,512,16750,32.714844
6971,512,16750,32.714844
6972,512,16917,33.041016
6973,512,17458,34.097656
6974,512,17208,33.609375
6975,512,17125,33.447266
6976,512,17375,33.935547
6977,512,17542,34.261719
6978,512,17375,33.935547
6979,512,17166,33.527344
6980,512,16750,32.714844
6981,512,16958,33.121094
6982,512,16250,31.738281
6983,512,17125,33.447266
6984,512,17292,33.773438
6985,512,17042,33.285156
6986,512,17167,33.529297
6987,512,16791,32.794922
6988,512,17333,33.853516
6989,512,17500,34.179688
6990,512,17417,34.017578
6991,512,16833,32.876953
6992,512,17042,33.285156
6993,512,16833,32.876953
6994,512,17458,34.097656
6995,512,16500,32.226562
6996,512,16500,32.226562
6997,512,16458,32.144531
6998,512,16375,31.982422
6999,512,16500,32.226562
7000,512,16542,32.308594
7001,512,16166,31.574219
7002,512,16417,32.064453
7003,512,16875,32.958984
7004,512,16166,31.574219
7005,512,16084,31.414062
7006,512,17625,34.423828
7007,512,16500,32.226562
7008,512,17041,33.283203
7009,512,16917,33.041016
7010,512,16708,32.632812
7011,512,16792,32.796875
7012,512,16792,32.796875
7013,512,17125,33.447266
7014,512,17500,34.179688
7015,512,17417,34.017578
7016,512,17500,34.179688
7017,512,16667,32.552734
7018,512,16666,32.550781
7019,512,16834,32.878906
7020,512,17166,33.527344
7021,512,17167,33.529297
7022,512,16917,33.041016
7023,512,17459,34.099609
7024,512,17083,33.365234
7025,512,16791,32.794922
7026,512,17500,34.179688
7027,512,16959,33.123047
7028,512,17375,33.935547
7029,512,16083,31.412109
7030,512,17000,33.203125
7031,512,16375,31.982422
7032,512,16834,32.878906
7033,512,17041,33.283203
7034,512,17209,33.611328
7035,512,17041,33.283203
7036,512,17167,33.529297
7037,512,17584,34.343750
7038,512,16791,32.794922
7039,512,17250,33.691406
7040,512,17125,33.447266
7041,512,17125,33.447266
7042,512,17041,33.283203
7043,512,17375,33.935547
7044,512,16709,32.634766
7045,512,17209,33.611328
7046,512,17166,33.527344
7047,512,16833,32.876953
7048,512,17292,33.773438
7049,512,17125,33.447266
7050,512,17083,33.365234
7051,512,17042,33.285156
7052,512,17083,33.365234
7053,512,16250,31.738281
7054,512,16625,32.470703
7055,512,16792,32.796875
7056,512,17458,34.097656
7057,512,16750,32.714844
7058,512,17083,33.365234
7059,512,16917,33.041016
7060,512,16333,31.900391
7061,512,16667,32.552734
7062,512,16875,32.958984
7063,512,16500,32.226562
7064,512,17416,34.015625
7065,512,17042,33.285156
7066,512,16833,32.876953
7067,512,17042,33.285156
7068,512,16958,33.121094
7069,512,17375,33.935547
7070,512,16916,33.039062
7071,512,16958,33.121094
7072,512,17042,33.285156
7073,512,17375,33.935547
7074,512,16500,32.226562
7075,512,17583,34.341797
7076,512,17042,33.285156
7077,512,16834,32.878906
7078,512,17750,34.667969
7079,512,17500,34.179688
7080,512,17209,33.611328
7081,512,17125,33.447266
7082,512,16709,32.634766
7083,512,16833,32.876953
7084,512,17208,33.609375
7085,512,16375,31.982422
7086,512,16417,32.064453
7087,512,16291,31.818359
7088,512,17000,33.203125
7089,512,17166,33.527344
7090,512,17250,33.691406
7091,512,16958,33.121094
7092,512,16667,32.552734
7093,512,17291,33.771484
7094,512,16500,32.226562
7095,512,16833,32.876953
7096,512,17292,33.773438
7097,512,16125,31.494141
7098,512,17042,33.285156
7099,512,16667,32.552734
7100,512,16833,32.876953
7101,512,17875,34.912109
7102,512,17334,33.855469
7103,512,16792,32.796875
7104,512,17167,33.529297
7105,512,17208,33.609375
7106,512,17208,33.609375
7107,512,16584,32.390625
7108,512,17958,35.074219
7109,512,17250,33.691406
7110,512,17625,34.423828
7111,512,17417,34.017578
7112,512,16875,32.958984
7113,512,17291,33.771484
7114,512,17000,33.203125
7115,512,17417,34.017578
7116,512,17084,33.367188
7117,512,17250,33.691406
7118,512,17375,33.935547
7119,512,17333,33.853516
7120,512,17125,33.447266
7121,512,17333,33.853516
7122,512,16750,32.714844
7123,512,17167,33.529297
7124,512,16917,33.041016
7125,512,17208,33.609375
7126,512,17500,34.179688
7127,512,17125,33.447266
7128,512,17125,33.447266
7129,512,17167,33.529297
7130,512,17709,34.587891
7131,512,17583,34.341797
7132,512,17125,33.447266
7133,512,16917,33.041016
7134,512,56333,110.025391
7135,512,24167,47.201172
7136,512,24583,48.013672
7137,512,20708,40.445312
7138,512,17333,33.853516
7139,512,16667,32.552734
7140,512,17042,33.285156
7141,512,16916,33.039062
7142,512,17167,33.529297
7143,512,16250,31.738281
7144,512,15833,30.923828
7145,512,16125,31.494141
7146,512,21958,42.886719
7147,512,20583,40.201172
7148,512,28833,56.314453
7149,512,48458,94.644531
7150,512,22833,44.595703
7151,512,19208,37.515625
7152,512,17042,33.285156
7153,512,18167,35.482422
7154,512,17250,33.691406
7155,512,18000,35.156250
7156,512,17542,34.261719
7157,512,17416,34.015625
7158,512,18625,36.376953
7159,512,22875,44.677734
7160,512,19791,38.654297
7161,512,29459,57.537109
7162,512,25000,48.828125
7163,512,18792,36.703125
7164,512,91792,179.281250
7165,512,19167,37.435547
7166,512,16708,32.632812
7167,512,15500,30.273438
7168,512,16334,31.902344
7169,512,16542,32.308594
7170,512,16125,31.494141
7171,512,16333,31.900391
7172,512,16333,31.900391
7173,512,15959,31.169922
7174,512,16250,31.738281
7175,512,15750,30.761719
7176,512,15792,30.843750
7177,512,16500,32.226562
7178,512,15625,30.517578
7179,512,16250,31.738281
7180,512,16333,31.900391
7181,512,15584,30.437500
7182,512,15625,30.517578
7183,512,16125,31.494141
7184,512,15166,29.621094
7185,512,15375,30.029297
7186,512,15417,30.111328
7187,512,15541,30.353516
7188,512,15250,29.785156
7189,512,15834,30.925781
7190,512,16542,32.308594
7191,512,15417,30.111328
7192,512,15500,30.273438
7193,512,15500,30.273438
7194,512,14958,29.214844
7195,512,15417,30.111328
7196,512,15291,29.865234
7197,512,16042,31.332031
7198,512,15625,30.517578
7199,512,16250,31.738281
7200,512,16208,31.656250
7201,512,16500,32.226562
7202,512,16417,32.064453
7203,512,16291,31.818359
7204,512,16125,31.494141
7205,512,16500,32.226562
7206,512,15709,30.681641
7207,512,15750,30.761719
7208,512,15583,30.435547
7209,512,16125,31.494141
7210,512,15333,29.947266
7211,512,15625,30.517578
7212,512,16125,31.494141
7213,512,16250,31.738281
7214,512,15667,30.599609
7215,512,15708,30.679688
7216,512,15375,30.029297
7217,512,15791,30.841797
7218,512,15625,30.517578
7219,512,15750,30.761719
7220,512,15750,30.761719
7221,512,15667,30.599609
7222,512,16708,32.632812
7223,512,15917,31.087891
7224,512,16250,31.738281
7225,512,15916,31.085938
7226,512,15667,30.599609
7227,512,15041,29.376953
7228,512,15834,30.925781
7229,512,15959,31.169922
7230,512,15625,30.517578
7231,512,16208,31.656250
7232,512,16375,31.982422
7233,512,15833,30.923828
7234,512,16125,31.494141
7235,512,15333,29.947266
7236,512,15417,30.111328
7237,512,15500,30.273438
7238,512,15708,30.679688
7239,512,15250,29.785156
7240,512,15667,30.599609
7241,512,16125,31.494141
7242,512,15625,30.517578
7243,512,15917,31.087891
7244,512,15708,30.679688
7245,512,15916,31.085938
7246,512,15375,30.029297
7247,512,15625,30.517578
7248,512,15250,29.785156
7249,512,15791,30.841797
7250,512,16125,31.494141
7251,512,16500,32.226562
7252,512,16041,31.330078
7253,512,16334,31.902344
7254,512,15667,30.599609
7255,512,16417,32.064453
7256,512,16666,32.550781
7257,512,15667,30.599609
7258,512,15958,31.167969
7259,512,16167,31.576172
7260,512,15584,30.437500
7261,512,16083,31.412109
7262,512,16000,31.250000
7263,512,15542,30.355469
7264,512,15791,30.841797
7265,512,16042,31.332031
7266,512,15666,30.597656
7267,512,15750,30.761719
7268,512,15542,30.355469
7269,512,15833,30.923828
7270,512,15625,30.517578
7271,512,15916,31.085938
7272,512,15125,29.541016
7273,512,15833,30.923828
7274,512,15750,30.761719
7275,512,15459,30.193359
7276,512,15375,30.029297
7277,512,16167,31.576172
7278,512,15500,30.273438
7279,512,16000,31.250000
7280,512,16250,31.738281
7281,512,16125,31.494141
7282,512,15666,30.597656
7283,512,15709,30.681641
7284,512,16166,31.574219
7285,512,15458,30.191406
7286,512,15875,31.005859
7287,512,16042,31.332031
7288,512,15916,31.085938
7289,512,16125,31.494141
7290,512,15958,31.167969
7291,512,15667,30.599609
7292,512,15917,31.087891
7293,512,15583,30.435547
7294,512,15583,30.435547
7295,512,15416,30.109375
7296,512,15834,30.925781
7297,512,15833,30.923828
7298,512,15833,30.923828
7299,512,15750,30.761719
7300,512,15458,30.191406
7301,512,15750,30.761719
7302,512,15583,30.435547
7303,512,15834,30.925781
7304,512,15500,30.273438
7305,512,15708,30.679688
7306,512,16208,31.656250
7307,512,15667,30.599609
7308,512,16000,31.250000
7309,512,15875,31.005859
7310,512,15750,30.761719
7311,512,15959,31.169922
7312,512,15875,31.005859
7313,512,15666,30.597656
7314,512,16250,31.738281
7315,512,15625,30.517578
7316,512,16292,31.820312
7317,512,16917,33.041016
7318,512,16708,32.632812
7319,512,16542,32.308594
7320,512,17834,34.832031
7321,512,17416,34.015625
7322,512,16667,32.552734
7323,512,16833,32.876953
7324,512,17209,33.611328
7325,512,16125,31.494141
7326,512,16708,32.632812
7327,512,17333,33.853516
7328,512,16709,32.634766
7329,512,17333,33.853516
7330,512,16833,32.876953
7331,512,17417,34.017578
7332,512,16166,31.574219
7333,512,16833,32.876953
7334,512,16417,32.064453
7335,512,16333,31.900391
7336,512,16625,32.470703
7337,512,16500,32.226562
7338,512,16542,32.308594
7339,512,16584,32.390625
7340,512,16625,32.470703
7341,512,16583,32.388672
7342,512,16625,32.470703
7343,512,16125,31.494141
7344,512,17000,33.203125
7345,512,16292,31.820312
7346,512,16416,32.062500
7347,512,17417,34.017578
7348,512,17250,33.691406
7349,512,16917,33.041016
7350,512,17041,33.283203
7351,512,20959,40.935547
7352,512,16875,32.958984
7353,512,17458,34.097656
7354,512,17083,33.365234
7355,512,17209,33.611328
7356,512,16333,31.900391
7357,512,17083,33.365234
7358,512,16875,32.958984
7359,512,17000,33.203125
7360,512,16709,32.634766
7361,512,16625,32.470703
7362,512,17292,33.773438
7363,512,16750,32.714844
7364,512,16583,32.388672
7365,512,17000,33.203125
7366,512,16791,32.794922
7367,512,16792,32.796875
7368,512,16875,32.958984
7369,512,17458,34.097656
7370,512,17625,34.423828
7371,512,16458,32.144531
7372,512,17375,33.935547
7373,512,16500,32.226562
7374,512,16375,31.982422
7375,512,17791,34.748047
7376,512,17167,33.529297
7377,512,17000,33.203125
7378,512,17416,34.015625
7379,512,17375,33.935547
7380,512,16375,31.982422
7381,512,17042,33.285156
7382,512,17291,33.771484
7383,512,17084,33.367188
7384,512,17375,33.935547
7385,512,17250,33.691406
7386,512,17083,33.365234
7387,512,17459,34.099609
7388,512,20791,40.607422
7389,512,22250,43.457031
7390,512,21875,42.724609
7391,512,17625,34.423828
7392,512,16542,32.308594
7393,512,16916,33.039062
7394,512,17375,33.935547
7395,512,16625,32.470703
7396,512,16583,32.388672
7397,512,17209,33.611328
7398,512,17333,33.853516
7399,512,16875,32.958984
7400,512,16875,32.958984
7401,512,17458,34.097656
7402,512,17416,34.015625
7403,512,17000,33.203125
7404,512,17209,33.611328
7405,512,17416,34.015625
7406,512,17292,33.773438
7407,512,17041,33.283203
7408,512,17417,34.017578
7409,512,17708,34.585938
7410,512,16792,32.796875
7411,512,17083,33.365234
7412,512,17083,33.365234
7413,512,17334,33.855469
7414,512,16958,33.121094
7415,512,17000,33.203125
7416,512,17375,33.935547
7417,512,17083,33.365234
7418,512,17750,34.667969
7419,512,17167,33.529297
7420,512,16709,32.634766
7421,512,17209,33.611328
7422,512,17334,33.855469
7423,512,16875,32.958984
7424,512,17291,33.771484
7425,512,17500,34.179688
7426,512,18000,35.156250
7427,512,17625,34.423828
7428,512,17917,34.994141
7429,512,17334,33.855469
7430,512,17084,33.367188
7431,512,17166,33.527344
7432,512,16584,32.390625
7433,512,16750,32.714844
7434,512,16166,31.574219
7435,512,17250,33.691406
7436,512,17584,34.343750
7437,512,17375,33.935547
7438,512,17333,33.853516
7439,512,16833,32.876953
7440,512,17292,33.773438
7441,512,17541,34.259766
7442,512,16709,32.634766
7443,512,16834,32.878906
7444,512,17291,33.771484
7445,512,17208,33.609375
7446,512,16458,32.144531
7447,512,16792,32.796875
7448,512,16792,32.796875
7449,512,17250,33.691406
7450,512,17042,33.285156
7451,512,17667,34.505859
7452,512,17000,33.203125
7453,512,17167,33.529297
7454,512,16833,32.876953
7455,512,17250,33.691406
7456,512,17292,33.773438
7457,512,17166,33.527344
7458,512,17958,35.074219
7459,512,17584,34.343750
7460,512,16583,32.388672
7461,512,17333,33.853516
7462,512,16834,32.878906
7463,512,16583,32.388672
7464,512,16833,32.876953
7465,512,17000,33.203125
7466,512,16458,32.144531
7467,512,17834,34.832031
7468,512,16750,32.714844
7469,512,17375,33.935547
7470,512,17333,33.853516
7471,512,17292,33.773438
7472,512,17417,34.017578
7473,512,17333,33.853516
7474,512,17250,33.691406
7475,512,16750,32.714844
7476,512,16375,31.982422
7477,512,16625,32.470703
7478,512,17542,34.261719
7479,512,16875,32.958984
7480,512,17083,33.365234
7481,512,16750,32.714844
7482,512,16500,32.226562
7483,512,17041,33.283203
7484,512,17042,33.285156
7485,512,16625,32.470703
7486,512,17209,33.611328
7487,512,16750,32.714844
7488,512,16916,33.039062
7489,512,17125,33.447266
7490,512,17167,33.529297
7491,512,16750,32.714844
7492,512,17542,34.261719
7493,512,17584,34.343750
7494,512,16833,32.876953
7495,512,17042,33.285156
7496,512,16375,31.982422
7497,512,16584,32.390625
7498,512,17042,33.285156
7499,512,16667,32.552734
7500,512,17541,34.259766
7501,512,16750,32.714844
7502,512,16750,32.714844
7503,512,16958,33.121094
7504,512,17417,34.017578
7505,512,17000,33.203125
7506,512,16834,32.878906
7507,512,17083,33.365234
7508,512,16667,32.552734
7509,512,16459,32.146484
7510,512,17417,34.017578
7511,512,16375,31.982422
7512,512,17333,33.853516
7513,512,16917,33.041016
7514,512,17666,34.503906
7515,512,17459,34.099609
7516,512,17291,33.771484
7517,512,16750,32.714844
7518,512,15875,31.005859
7519,512,16625,32.470703
7520,512,16875,32.958984
7521,512,17125,33.447266
7522,512,17292,33.773438
7523,512,17041,33.283203
7524,512,17459,34.099609
7525,512,17083,33.365234
7526,512,17375,33.935547
7527,512,16833,32.876953
7528,512,17250,33.691406
7529,512,16917,33.041016
7530,512,16792,32.796875
7531,512,17750,34.667969
7532,512,17291,33.771484
7533,512,17250,33.691406
7534,512,17709,34.587891
7535,512,17084,33.367188
7536,512,16875,32.958984
7537,512,17375,33.935547
7538,512,16708,32.632812
7539,512,16792,32.796875
7540,512,17042,33.285156
7541,512,17167,33.529297
7542,512,16958,33.121094
7543,512,17250,33.691406
7544,512,17917,34.994141
7545,512,17875,34.912109
7546,512,17334,33.855469
7547,512,17500,34.179688
7548,512,16917,33.041016
7549,512,16458,32.144531
7550,512,17208,33.609375
7551,512,16792,32.796875
7552,512,17166,33.527344
7553,512,16542,32.308594
7554,512,17042,33.285156
7555,512,16875,32.958984
7556,512,17541,34.259766
7557,512,16834,32.878906
7558,512,17333,33.853516
7559,512,17667,34.505859
7560,512,17292,33.773438
7561,512,16750,32.714844
7562,512,17417,34.017578
7563,512,17084,33.367188
7564,512,17459,34.099609
7565,512,16583,32.388672
7566,512,17500,34.179688
7567,512,17166,33.527344
7568,512,16875,32.958984
7569,512,17375,33.935547
7570,512,16625,32.470703
7571,512,16958,33.121094
7572,512,17167,33.529297
7573,512,17042,33.285156
7574,512,16584,32.390625
7575,512,16958,33.121094
7576,512,17625,34.423828
7577,512,17250,33.691406
7578,512,17125,33.447266
7579,512,17083,33.365234
7580,512,16958,33.121094
7581,512,17625,34.423828
7582,512,17708,34.585938
7583,512,17333,33.853516
7584,512,17083,33.365234
7585,512,16750,32.714844
7586,512,17084,33.367188
7587,512,17000,33.203125
7588,512,17541,34.259766
7589,512,17709,34.587891
7590,512,17541,34.259766
7591,512,16875,32.958984
7592,512,30125,58.837891
7593,512,17416,34.015625
7594,512,16875,32.958984
7595,512,16917,33.041016
7596,512,17208,33.609375
7597,512,16416,32.062500
7598,512,17042,33.285156
7599,512,17250,33.691406
7600,512,26542,51.839844
7601,512,17666,34.503906
7602,512,17167,33.529297
7603,512,17750,34.667969
7604,512,18083,35.318359
7605,512,17458,34.097656
7606,512,16084,31.414062
7607,512,17541,34.259766
7608,512,16667,32.552734
7609,512,16750,32.714844
7610,512,16833,32.876953
7611,512,16500,32.226562
7612,512,16750,32.714844
7613,512,16625,32.470703
7614,512,17000,33.203125
7615,512,16917,33.041016
7616,512,17375,33.935547
7617,512,16292,31.820312
7618,512,17042,33.285156
7619,512,16625,32.470703
7620,512,17083,33.365234
7621,512,17083,33.365234
7622,512,16584,32.390625
7623,512,17041,33.283203
7624,512,17500,34.179688
7625,512,17125,33.447266
7626,512,16833,32.876953
7627,512,17250,33.691406
7628,512,16875,32.958984
7629,512,16708,32.632812
7630,512,16667,32.552734
7631,512,17083,33.365234
7632,512,17625,34.423828
7633,512,16625,32.470703
7634,512,17542,34.261719
7635,512,16958,33.121094
7636,512,17042,33.285156
7637,512,16708,32.632812
7638,512,16917,33.041016
7639,512,16459,32.146484
7640,512,16709,32.634766
7641,512,16959,33.123047
7642,512,17458,34.097656
7643,512,17542,34.261719
7644,512,17416,34.015625
7645,512,17084,33.367188
7646,512,16459,32.146484
7647,512,17666,34.503906
7648,512,16667,32.552734
7649,512,17083,33.365234
7650,512,17042,33.285156
7651,512,17167,33.529297
7652,512,17208,33.609375
7653,512,17583,34.341797
7654,512,16834,32.878906
7655,512,17250,33.691406
7656,512,17125,33.447266
7657,512,17667,34.505859
7658,512,16666,32.550781
7659,512,17000,33.203125
7660,512,16667,32.552734
7661,512,16875,32.958984
7662,512,17291,33.771484
7663,512,17667,34.505859
7664,512,15792,30.843750
7665,512,17625,34.423828
7666,512,17167,33.529297
7667,512,17208,33.609375
7668,512,17125,33.447266
7669,512,16750,32.714844
7670,512,17334,33.855469
7671,512,17208,33.609375
7672,512,17458,34.097656
7673,512,16875,32.958984
7674,512,16917,33.041016
7675,512,17083,33.365234
7676,512,16917,33.041016
7677,512,16542,32.308594
7678,512,16583,32.388672
7679,512,17083,33.365234
7680,512,16792,32.796875
7681,512,17000,33.203125
7682,512,16916,33.039062
7683,512,16875,32.958984
7684,512,17417,34.017578
7685,512,17416,34.015625
7686,512,16917,33.041016
7687,512,16916,33.039062
7688,512,17167,33.529297
7689,512,16708,32.632812
7690,512,17417,34.017578
7691,512,16750,32.714844
7692,512,16375,31.982422
7693,512,17291,33.771484
7694,512,16583,32.388672
7695,512,16917,33.041016
7696,512,17166,33.527344
7697,512,17167,33.529297
7698,512,16916,33.039062
7699,512,16917,33.041016
7700,512,17250,33.691406
7701,512,17333,33.853516
7702,512,17875,34.912109
7703,512,18333,35.806641
7704,512,17708,34.585938
7705,512,17917,34.994141
7706,512,16708,32.632812
7707,512,16958,33.121094
7708,512,16541,32.306641
7709,512,17000,33.203125
7710,512,17208,33.609375
7711,512,16625,32.470703
7712,512,16292,31.820312
7713,512,16667,32.552734
7714,512,16292,31.820312
7715,512,16875,32.958984
7716,512,16708,32.632812
7717,512,16750,32.714844
7718,512,16916,33.039062
7719,512,128542,251.058594
7720,512,32000,62.500000
7721,512,15833,30.923828
7722,512,16000,31.250000
7723,512,16166,31.574219
7724,512,16125,31.494141
7725,512,15459,30.193359
7726,512,15416,30.109375
7727,512,15667,30.599609
7728,512,15792,30.843750
7729,512,15083,29.458984
7730,512,15583,30.435547
7731,512,15500,30.273438
7732,512,16292,31.820312
7733,512,15917,31.087891
7734,512,15500,30.273438
7735,512,15292,29.867188
7736,512,15625,30.517578
7737,512,16458,32.144531
7738,512,16375,31.982422
7739,512,16042,31.332031
7740,512,16042,31.332031
7741,512,16417,32.064453
7742,512,16166,31.574219
7743,512,16125,31.494141
7744,512,15709,30.681641
7745,512,15250,29.785156
7746,512,16000,31.250000
7747,512,16125,31.494141
7748,512,16000,31.250000
7749,512,15958,31.167969
7750,512,16708,32.632812
7751,512,16084,31.414062
7752,512,16125,31.494141
7753,512,16084,31.414062
7754,512,15916,31.085938
7755,512,15792,30.843750
7756,512,15958,31.167969
7757,512,15750,30.761719
7758,512,16500,32.226562
7759,512,16125,31.494141
7760,512,15666,30.597656
7761,512,15584,30.437500
7762,512,16083,31.412109
7763,512,15583,30.435547
7764,512,15709,30.681641
7765,512,15708,30.679688
7766,512,15625,30.517578
7767,512,15750,30.761719
7768,512,15292,29.867188
7769,512,16209,31.658203
7770,512,15458,30.191406
7771,512,15792,30.843750
7772,512,16125,31.494141
7773,512,16084,31.414062
7774,512,16417,32.064453
7775,512,15958,31.167969
7776,512,15875,31.005859
7777,512,16208,31.656250
7778,512,15792,30.843750
7779,512,16500,32.226562
7780,512,15875,31.005859
7781,512,16250,31.738281
7782,512,16750,32.714844
7783,512,16125,31.494141
7784,512,15875,31.005859
7785,512,15875,31.005859
7786,512,15875,31.005859
7787,512,15542,30.355469
7788,512,16125,31.494141
7789,512,15916,31.085938
7790,512,15875,31.005859
7791,512,16125,31.494141
7792,512,16084,31.414062
7793,512,16291,31.818359
7794,512,16209,31.658203
7795,512,16375,31.982422
7796,512,15459,30.193359
7797,512,15958,31.167969
7798,512,15917,31.087891
7799,512,15500,30.273438
7800,512,16208,31.656250
7801,512,15208,29.703125
7802,512,15709,30.681641
7803,512,16500,32.226562
7804,512,16375,31.982422
7805,512,16500,32.226562
7806,512,16292,31.820312
7807,512,15875,31.005859
7808,512,16458,32.144531
7809,512,16458,32.144531
7810,512,16167,31.576172
7811,512,16625,32.470703
7812,512,16500,32.226562
7813,512,17208,33.609375
7814,512,16959,33.123047
7815,512,17709,34.587891
7816,512,17416,34.015625
7817,512,17708,34.585938
7818,512,17209,33.611328
7819,512,17375,33.935547
7820,512,16958,33.121094
7821,512,21250,41.503906
7822,512,17541,34.259766
7823,512,17417,34.017578
7824,512,17666,34.503906
7825,512,22750,44.433594
7826,512,21958,42.886719
7827,512,19334,37.761719
7828,512,16959,33.123047
7829,512,18166,35.480469
7830,512,19042,37.191406
7831,512,20958,40.933594
7832,512,21458,41.910156
7833,512,19625,38.330078
7834,512,17333,33.853516
7835,512,16584,32.390625
7836,512,16958,33.121094
7837,512,16958,33.121094
7838,512,17417,34.017578
7839,512,17250,33.691406
7840,512,17208,33.609375
7841,512,16958,33.121094
7842,512,18208,35.562500
7843,512,16833,32.876953
7844,512,17000,33.203125
7845,512,17500,34.179688
7846,512,17041,33.283203
7847,512,17000,33.203125
7848,512,29958,58.511719
7849,512,19875,38.818359
7850,512,17583,34.341797
7851,512,21334,41.667969
7852,512,21334,41.667969
7853,512,19167,37.435547
7854,512,17958,35.074219
7855,512,16750,32.714844
7856,512,17375,33.935547
7857,512,17792,34.750000
7858,512,17333,33.853516
7859,512,17417,34.017578
7860,512,17625,34.423828
7861,512,17750,34.667969
7862,512,17167,33.529297
7863,512,17625,34.423828
7864,512,17375,33.935547
7865,512,17959,35.076172
7866,512,17917,34.994141
7867,512,17917,34.994141
7868,512,17291,33.771484
7869,512,17792,34.750000
7870,512,17750,34.667969
7871,512,16833,32.876953
7872,512,16583,32.388672
7873,512,16917,33.041016
7874,512,17833,34.830078
7875,512,17750,34.667969
7876,512,17167,33.529297
7877,512,17417,34.017578
7878,512,17666,34.503906
7879,512,17875,34.912109
7880,512,17917,34.994141
7881,512,17750,34.667969
7882,512,17292,33.773438
7883,512,17125,33.447266
7884,512,17166,33.527344
7885,512,17042,33.285156
7886,512,17500,34.179688
7887,512,17666,34.503906
7888,512,17500,34.179688
7889,512,16459,32.146484
7890,512,17000,33.203125
7891,512,17292,33.773438
7892,512,17041,33.283203
7893,512,17042,33.285156
7894,512,17542,34.261719
7895,512,17167,33.529297
7896,512,17166,33.527344
7897,512,17125,33.447266
7898,512,16958,33.121094
7899,512,16917,33.041016
7900,512,17042,33.285156
7901,512,18083,35.318359
7902,512,17166,33.527344
7903,512,17042,33.285156
7904,512,17667,34.505859
7905,512,17333,33.853516
7906,512,17167,33.529297
7907,512,17166,33.527344
7908,512,17709,34.587891
7909,512,17166,33.527344
7910,512,17167,33.529297
7911,512,17416,34.015625
7912,512,17250,33.691406
7913,512,18292,35.726562
7914,512,20041,39.142578
7915,512,18292,35.726562
7916,512,17583,34.341797
7917,512,17375,33.935547
7918,512,17250,33.691406
7919,512,17667,34.505859
7920,512,17458,34.097656
7921,512,17958,35.074219
7922,512,18333,35.806641
7923,512,17667,34.505859
7924,512,18208,35.562500
7925,512,17667,34.505859
7926,512,17709,34.587891
7927,512,18584,36.296875
7928,512,17291,33.771484
7929,512,16792,32.796875
7930,512,17875,34.912109
7931,512,17291,33.771484
7932,512,17833,34.830078
7933,512,17208,33.609375
7934,512,17709,34.587891
7935,512,18625,36.376953
7936,512,18542,36.214844
7937,512,17500,34.179688
7938,512,17875,34.912109
7939,512,18166,35.480469
7940,512,18292,35.726562
7941,512,18208,35.562500
7942,512,17750,34.667969
7943,512,18041,35.236328
7944,512,17417,34.017578
7945,512,18083,35.318359
7946,512,18458,36.050781
7947,512,18458,36.050781
7948,512,17875,34.912109
7949,512,17750,34.667969
7950,512,17417,34.017578
7951,512,18041,35.236328
7952,512,17500,34.179688
7953,512,17958,35.074219
7954,512,17542,34.261719
7955,512,17583,34.341797
7956,512,17500,34.179688
7957,512,17375,33.935547
7958,512,20625,40.283203
7959,512,22750,44.433594
7960,512,16750,32.714844
7961,512,18250,35.644531
7962,512,16792,32.796875
7963,512,17125,33.447266
7964,512,17334,33.855469
7965,512,16458,32.144531
7966,512,16917,33.041016
7967,512,17291,33.771484
7968,512,17334,33.855469
7969,512,17791,34.748047
7970,512,17125,33.447266
7971,512,17542,34.261719
7972,512,17708,34.585938
7973,512,17167,33.529297
7974,512,17250,33.691406
7975,512,17291,33.771484
7976,512,17334,33.855469
7977,512,17125,33.447266
7978,512,17375,33.935547
7979,512,18042,35.238281
7980,512,18084,35.320312
7981,512,17375,33.935547
7982,512,17750,34.667969
7983,512,17291,33.771484
7984,512,17917,34.994141
7985,512,17041,33.283203
7986,512,17333,33.853516
7987,512,17167,33.529297
7988,512,17583,34.341797
7989,512,21334,41.667969
7990,512,17750,34.667969
7991,512,17875,34.912109
7992,512,18209,35.564453
7993,512,17958,35.074219
7994,512,16250,31.738281
7995,512,17333,33.853516
7996,512,26625,52.001953
7997,512,20083,39.224609
7998,512,17917,34.994141
7999,512,16500,32.226562
8000,512,16667,32.552734
8001,512,28708,56.070312
8002,512,18750,36.621094
8003,512,19166,37.433594
8004,512,23625,46.142578
8005,512,20667,40.365234
8006,512,22459,43.865234
8007,512,19333,37.759766
8008,512,22583,44.107422
8009,512,19417,37.923828
8010,512,21417,41.830078
8011,512,19791,38.654297
8012,512,17500,34.179688
8013,512,17208,33.609375
8014,512,17167,33.529297
8015,512,17875,34.912109
8016,512,17708,34.585938
8017,512,27042,52.816406
8018,512,24291,47.443359
8019,512,18792,36.703125
8020,512,23500,45.898438
8021,512,17500,34.179688
8022,512,17458,34.097656
8023,512,16792,32.796875
8024,512,17334,33.855469
8025,512,17084,33.367188
8026,512,17041,33.283203
8027,512,17042,33.285156
8028,512,17208,33.609375
8029,512,17667,34.505859
8030,512,17208,33.609375
8031,512,17667,34.505859
8032,512,17292,33.773438
8033,512,16416,32.062500
8034,512,16917,33.041016
8035,512,17458,34.097656
8036,512,17167,33.529297
8037,512,17875,34.912109
8038,512,16583,32.388672
8039,512,16292,31.820312
8040,512,16375,31.982422
8041,512,16625,32.470703
8042,512,17459,34.099609
8043,512,17583,34.341797
8044,512,17083,33.365234
8045,512,16959,33.123047
8046,512,17334,33.855469
8047,512,17541,34.259766
8048,512,23125,45.166016
8049,512,20125,39.306641
8050,512,22375,43.701172
8051,512,22875,44.677734
8052,512,17959,35.076172
8053,512,17209,33.611328
8054,512,22542,44.027344
8055,512,23250,45.410156
8056,512,21750,42.480469
8057,512,18625,36.376953
8058,512,17083,33.365234
8059,512,17000,33.203125
8060,512,17250,33.691406
8061,512,17458,34.097656
8062,512,17458,34.097656
8063,512,17166,33.527344
8064,512,17000,33.203125
8065,512,17250,33.691406
8066,512,17667,34.505859
8067,512,17625,34.423828
8068,512,17375,33.935547
8069,512,17292,33.773438
8070,512,16792,32.796875
8071,512,17250,33.691406
8072,512,17708,34.585938
8073,512,16708,32.632812
8074,512,16583,32.388672
8075,512,16417,32.064453
8076,512,17125,33.447266
8077,512,17375,33.935547
8078,512,17250,33.691406
8079,512,16917,33.041016
8080,512,16458,32.144531
8081,512,16834,32.878906
8082,512,17125,33.447266
8083,512,16375,31.982422
8084,512,17250,33.691406
8085,512,17209,33.611328
8086,512,17375,33.935547
8087,512,16917,33.041016
8088,512,16875,32.958984
8089,512,16792,32.796875
8090,512,17041,33.283203
8091,512,16709,32.634766
8092,512,17375,33.935547
8093,512,16833,32.876953
8094,512,17292,33.773438
8095,512,17041,33.283203
8096,512,17708,34.585938
8097,512,17250,33.691406
8098,512,17084,33.367188
8099,512,16375,31.982422
8100,512,17083,33.365234
8101,512,17583,34.341797
8102,512,17292,33.773438
8103,512,22167,43.294922
8104,512,21583,42.154297
8105,512,17834,34.832031
8106,512,36542,71.371094
8107,512,18208,35.562500
8108,512,18167,35.482422
8109,512,19416,37.921875
8110,512,19250,37.597656
8111,512,17792,34.750000
8112,512,17209,33.611328
8113,512,17875,34.912109
8114,512,17416,34.015625
8115,512,18125,35.400391
8116,512,22833,44.595703
8117,512,21291,41.583984
8118,512,21625,42.236328
8119,512,21125,41.259766
8120,512,21708,42.398438
8121,512,19167,37.435547
8122,512,18917,36.947266
8123,512,20583,40.201172
8124,512,17583,34.341797
8125,512,22208,43.375000
8126,512,19291,37.677734
8127,512,17917,34.994141
8128,512,17625,34.423828
8129,512,17500,34.179688
8130,512,17833,34.830078
8131,512,17584,34.343750
8132,512,20375,39.794922
8133,512,22291,43.537109
8134,512,17500,34.179688
8135,512,20250,39.550781
8136,512,22459,43.865234
8137,512,21166,41.339844
8138,512,40084,78.289062
8139,512,19584,38.250000
8140,512,17917,34.994141
8141,512,22792,44.515625
8142,512,23417,45.736328
8143,512,21541,42.072266
8144,512,21625,42.236328
8145,512,18375,35.888672
8146,512,16417,32.064453
8147,512,17208,33.609375
8148,512,24500,47.851562
8149,512,18792,36.703125
8150,512,17833,34.830078
8151,512,17875,34.912109
8152,512,17500,34.179688
8153,512,17791,34.748047
8154,512,17792,34.750000
8155,512,16625,32.470703
8156,512,16875,32.958984
8157,512,17500,34.179688
8158,512,17417,34.017578
8159,512,16833,32.876953
8160,512,16958,33.121094
8161,512,17542,34.261719
8162,512,17750,34.667969
8163,512,17250,33.691406
8164,512,17583,34.341797
8165,512,17542,34.261719
8166,512,17333,33.853516
8167,512,17125,33.447266
8168,512,17000,33.203125
8169,512,16041,31.330078
8170,512,16292,31.820312
8171,512,15667,30.599609
8172,512,16666,32.550781
8173,512,15542,30.355469
8174,512,15917,31.087891
8175,512,16166,31.574219
8176,512,15792,30.843750
8177,512,16791,32.794922
8178,512,16292,31.820312
8179,512,16417,32.064453
8180,512,16167,31.576172
8181,512,16500,32.226562
8182,512,16708,32.632812
8183,512,16000,31.250000
8184,512,16584,32.390625
8185,512,15917,31.087891
8186,512,16000,31.250000
8187,512,15542,30.355469
8188,512,16250,31.738281
8189,512,15667,30.599609
8190,512,16042,31.332031
8191,512,16417,32.064453
8192,512,15250,29.785156
8193,512,16416,32.062500
8194,512,16417,32.064453
8195,512,15541,30.353516
8196,512,16583,32.388672
8197,512,16167,31.576172
8198,512,16291,31.818359
8199,512,16125,31.494141
8200,512,16292,31.820312
8201,512,15833,30.923828
8202,512,16375,31.982422
8203,512,15916,31.085938
8204,512,15834,30.925781
8205,512,15916,31.085938
8206,512,16167,31.576172
8207,512,15791,30.841797
8208,512,16000,31.250000
8209,512,15750,30.761719
8210,512,16041,31.330078
8211,512,15667,30.599609
8212,512,15959,31.169922
8213,512,16500,32.226562
8214,512,16125,31.494141
8215,512,16083,31.412109
8216,512,15958,31.167969
8217,512,15583,30.435547
8218,512,16042,31.332031
8219,512,16000,31.250000
8220,512,15958,31.167969
8221,512,15958,31.167969
8222,512,16500,32.226562
8223,512,15458,30.191406
8224,512,16083,31.412109
8225,512,16375,31.982422
8226,512,16500,32.226562
8227,512,15667,30.599609
8228,512,16458,32.144531
8229,512,15667,30.599609
8230,512,15750,30.761719
8231,512,17042,33.285156
8232,512,16708,32.632812
8233,512,17125,33.447266
8234,512,16667,32.552734
8235,512,17250,33.691406
8236,512,17042,33.285156
8237,512,17125,33.447266
8238,512,16791,32.794922
8239,512,16917,33.041016
8240,512,17250,33.691406
8241,512,16459,32.146484
8242,512,17666,34.503906
8243,512,17459,34.099609
8244,512,17000,33.203125
8245,512,16916,33.039062
8246,512,16667,32.552734
8247,512,16792,32.796875
8248,512,17000,33.203125
8249,512,17208,33.609375
8250,512,16791,32.794922
8251,512,17084,33.367188
8252,512,17250,33.691406
8253,512,17292,33.773438
8254,512,16583,32.388672
8255,512,17500,34.179688
8256,512,17125,33.447266
8257,512,16750,32.714844
8258,512,17250,33.691406
8259,512,17083,33.365234
8260,512,17625,34.423828
8261,512,16792,32.796875
8262,512,16583,32.388672
8263,512,17791,34.748047
8264,512,17084,33.367188
8265,512,17000,33.203125
8266,512,16792,32.796875
8267,512,16875,32.958984
8268,512,17042,33.285156
8269,512,16250,31.738281
8270,512,16709,32.634766
8271,512,17250,33.691406
8272,512,17667,34.505859
8273,512,16583,32.388672
8274,512,17667,34.505859
8275,512,16708,32.632812
8276,512,17500,34.179688
8277,512,16500,32.226562
8278,512,17083,33.365234
8279,512,16625,32.470703
8280,512,17208,33.609375
8281,512,17667,34.505859
8282,512,17208,33.609375
8283,512,17250,33.691406
8284,512,17208,33.609375
8285,512,24208,47.281250
8286,512,17375,33.935547
8287,512,17208,33.609375
8288,512,16625,32.470703
8289,512,17458,34.097656
8290,512,16959,33.123047
8291,512,17125,33.447266
8292,512,17083,33.365234
8293,512,17500,34.179688
8294,512,17542,34.261719
8295,512,16584,32.390625
8296,512,17291,33.771484
8297,512,17625,34.423828
8298,512,17125,33.447266
8299,512,16916,33.039062
8300,512,17292,33.773438
8301,512,16833,32.876953
8302,512,17333,33.853516
8303,512,16708,32.632812
8304,512,17209,33.611328
8305,512,17375,33.935547
8306,512,17250,33.691406
8307,512,17583,34.341797
8308,512,16875,32.958984
8309,512,17459,34.099609
8310,512,17459,34.099609
8311,512,17541,34.259766
8312,512,16542,32.308594
8313,512,34459,67.302734
8314,512,16291,31.818359
8315,512,16792,32.796875
8316,512,17042,33.285156
8317,512,16709,32.634766
8318,512,17125,33.447266
8319,512,17334,33.855469
8320,512,16875,32.958984
8321,512,16750,32.714844
8322,512,16833,32.876953
8323,512,16875,32.958984
8324,512,16667,32.552734
8325,512,16458,32.144531
8326,512,17167,33.529297
8327,512,16625,32.470703
8328,512,17041,33.283203
8329,512,16417,32.064453
8330,512,17208,33.609375
8331,512,17375,33.935547
8332,512,17166,33.527344
8333,512,16959,33.123047
8334,512,17375,33.935547
8335,512,17000,33.203125
8336,512,17583,34.341797
8337,512,16584,32.390625
8338,512,17209,33.611328
8339,512,17625,34.423828
8340,512,17417,34.017578
8341,512,16875,32.958984
8342,512,16958,33.121094
8343,512,17292,33.773438
8344,512,17125,33.447266
8345,512,16791,32.794922
8346,512,17542,34.261719
8347,512,17417,34.017578
8348,512,17083,33.365234
8349,512,17791,34.748047
8350,512,16875,32.958984
8351,512,17250,33.691406
8352,512,16875,32.958984
8353,512,17416,34.015625
8354,512,17292,33.773438
8355,512,16833,32.876953
8356,512,17750,34.667969
8357,512,17333,33.853516
8358,512,16250,31.738281
8359,512,17083,33.365234
8360,512,17167,33.529297
8361,512,18041,35.236328
8362,512,16458,32.144531
8363,512,17625,34.423828
8364,512,16709,32.634766
8365,512,17000,33.203125
8366,512,17417,34.017578
8367,512,16875,32.958984
8368,512,16375,31.982422
8369,512,16750,32.714844
8370,512,17292,33.773438
8371,512,16958,33.121094
8372,512,16417,32.064453
8373,512,16875,32.958984
8374,512,16667,32.552734
8375,512,16583,32.388672
8376,512,17333,33.853516
8377,512,17208,33.609375
8378,512,16959,33.123047
8379,512,16708,32.632812
8380,512,16625,32.470703
8381,512,16583,32.388672
8382,512,16334,31.902344
8383,512,15958,31.167969
8384,512,16708,32.632812
8385,512,16500,32.226562
8386,512,17083,33.365234
8387,512,16917,33.041016
8388,512,17000,33.203125
8389,512,16916,33.039062
8390,512,16292,31.820312
8391,512,17250,33.691406
8392,512,17084,33.367188
8393,512,16334,31.902344
8394,512,17916,34.992188
8395,512,16750,32.714844
8396,512,16625,32.470703
8397,512,16750,32.714844
8398,512,16958,33.121094
8399,512,17334,33.855469
8400,512,17125,33.447266
8401,512,16666,32.550781
8402,512,16500,32.226562
8403,512,16458,32.144531
8404,512,17208,33.609375
8405,512,16500,32.226562
8406,512,16750,32.714844
8407,512,17292,33.773438
8408,512,17292,33.773438
8409,512,17084,33.367188
8410,512,17333,33.853516
8411,512,16666,32.550781
8412,512,17084,33.367188
8413,512,17792,34.750000
8414,512,16958,33.121094
8415,512,16625,32.470703
8416,512,16542,32.308594
8417,512,17125,33.447266
8418,512,17167,33.529297
8419,512,16583,32.388672
8420,512,17042,33.285156
8421,512,17083,33.365234
8422,512,17250,33.691406
8423,512,17042,33.285156
8424,512,16834,32.878906
8425,512,17125,33.447266
8426,512,17042,33.285156
8427,512,16667,32.552734
8428,512,16833,32.876953
8429,512,16583,32.388672
8430,512,17500,34.179688
8431,512,17167,33.529297
8432,512,17042,33.285156
8433,512,17750,34.667969
8434,512,17041,33.283203
8435,512,17417,34.017578
8436,512,17333,33.853516
8437,512,17125,33.447266
8438,512,17292,33.773438
8439,512,16458,32.144531
8440,512,17500,34.179688
8441,512,17292,33.773438
8442,512,16792,32.796875
8443,512,16542,32.308594
8444,512,17000,33.203125
8445,512,17250,33.691406
8446,512,16792,32.796875
8447,512,17250,33.691406
8448,512,17541,34.259766
8449,512,17542,34.261719
8450,512,17292,33.773438
8451,512,17500,34.179688
8452,512,17208,33.609375
8453,512,16625,32.470703
8454,512,17667,34.505859
8455,512,16625,32.470703
8456,512,18083,35.318359
8457,512,17750,34.667969
8458,512,17958,35.074219
8459,512,17334,33.855469
8460,512,16958,33.121094
8461,512,16791,32.794922
8462,512,17584,34.343750
8463,512,17833,34.830078
8464,512,17416,34.015625
8465,512,17167,33.529297
8466,512,17541,34.259766
8467,512,18042,35.238281
8468,512,16791,32.794922
8469,512,18209,35.564453
8470,512,17666,34.503906
8471,512,17709,34.587891
8472,512,17541,34.259766
8473,512,17334,33.855469
8474,512,17000,33.203125
8475,512,17333,33.853516
8476,512,17833,34.830078
8477,512,16292,31.820312
8478,512,16541,32.306641
8479,512,17042,33.285156
8480,512,16708,32.632812
8481,512,16667,32.552734
8482,512,17083,33.365234
8483,512,17167,33.529297
8484,512,17458,34.097656
8485,512,15917,31.087891
8486,512,16292,31.820312
8487,512,16750,32.714844
8488,512,16833,32.876953
8489,512,16583,32.388672
8490,512,17084,33.367188
8491,512,16625,32.470703
8492,512,17041,33.283203
8493,512,16542,32.308594
8494,512,17500,34.179688
8495,512,16709,32.634766
8496,512,16750,32.714844
8497,512,17083,33.365234
8498,512,16291,31.818359
8499,512,26208,51.187500
8500,512,16667,32.552734
8501,512,17000,33.203125
8502,512,17458,34.097656
8503,512,16500,32.226562
8504,512,17583,34.341797
8505,512,16542,32.308594
8506,512,17041,33.283203
8507,512,16917,33.041016
8508,512,17625,34.423828
8509,512,18250,35.644531
8510,512,20125,39.306641
8511,512,17250,33.691406
8512,512,17458,34.097656
8513,512,17416,34.015625
8514,512,17125,33.447266
8515,512,17542,34.261719
8516,512,17917,34.994141
8517,512,21333,41.666016
8518,512,18708,36.539062
8519,512,17709,34.587891
8520,512,17334,33.855469
8521,512,16750,32.714844
8522,512,17000,33.203125
8523,512,30958,60.464844
8524,512,17833,34.830078
8525,512,21500,41.992188
8526,512,16667,32.552734
8527,512,22500,43.945312
8528,512,17042,33.285156
8529,512,17625,34.423828
8530,512,21708,42.398438
8531,512,20833,40.689453
8532,512,16791,32.794922
8533,512,16875,32.958984
8534,512,17208,33.609375
8535,512,16667,32.552734
8536,512,17458,34.097656
8537,512,16875,32.958984
8538,512,16875,32.958984
8539,512,16500,32.226562
8540,512,17250,33.691406
8541,512,16833,32.876953
8542,512,16708,32.632812
8543,512,16750,32.714844
8544,512,17208,33.609375
8545,512,16000,31.250000
8546,512,17250,33.691406
8547,512,16875,32.958984
8548,512,17792,34.750000
8549,512,17750,34.667969
8550,512,18500,36.132812
8551,512,26042,50.863281
8552,512,17917,34.994141
8553,512,17458,34.097656
8554,512,17917,34.994141
8555,512,18833,36.783203
8556,512,20292,39.632812
8557,512,17792,34.750000
8558,512,18500,36.132812
8559,512,17458,34.097656
8560,512,17125,33.447266
8561,512,18083,35.318359
8562,512,21542,42.074219
8563,512,22458,43.863281
8564,512,21834,42.644531
8565,512,17916,34.992188
8566,512,22584,44.109375
8567,512,19833,38.736328
8568,512,17875,34.912109
8569,512,17875,34.912109
8570,512,17666,34.503906
8571,512,17625,34.423828
8572,512,17667,34.505859
8573,512,16833,32.876953
8574,512,17541,34.259766
8575,512,16917,33.041016
8576,512,17375,33.935547
8577,512,21625,42.236328
8578,512,18417,35.970703
8579,512,17708,34.585938
8580,512,31750,62.011719
8581,512,20166,39.386719
8582,512,17709,34.587891
8583,512,18209,35.564453
8584,512,20916,40.851562
8585,512,33667,65.755859
8586,512,28292,55.257812
8587,512,33583,65.591797
8588,512,19709,38.494141
8589,512,17708,34.585938
8590,512,21791,42.560547
8591,512,40375,78.857422
8592,512,17333,33.853516
8593,512,16208,31.656250
8594,512,15709,30.681641
8595,512,16000,31.250000
8596,512,15750,30.761719
8597,512,15666,30.597656
8598,512,16917,33.041016
8599,512,16500,32.226562
8600,512,16333,31.900391
8601,512,16625,32.470703
8602,512,16500,32.226562
8603,512,15333,29.947266
8604,512,15667,30.599609
8605,512,16209,31.658203
8606,512,16042,31.332031
8607,512,15791,30.841797
8608,512,19625,38.330078
8609,512,20417,39.876953
8610,512,18375,35.888672
8611,512,16000,31.250000
8612,512,15208,29.703125
8613,512,15708,30.679688
8614,512,15667,30.599609
8615,512,15709,30.681641
8616,512,15875,31.005859
8617,512,15875,31.005859
8618,512,15792,30.843750
8619,512,15208,29.703125
8620,512,15458,30.191406
8621,512,15500,30.273438
8622,512,15792,30.843750
8623,512,15625,30.517578
8624,512,15375,30.029297
8625,512,15875,31.005859
8626,512,14875,29.052734
8627,512,15750,30.761719
8628,512,15875,31.005859
8629,512,15792,30.843750
8630,512,15167,29.623047
8631,512,15833,30.923828
8632,512,15541,30.353516
8633,512,15125,29.541016
8634,512,15250,29.785156
8635,512,16000,31.250000
8636,512,15708,30.679688
8637,512,15917,31.087891
8638,512,15791,30.841797
8639,512,15959,31.169922
8640,512,16084,31.414062
8641,512,16000,31.250000
8642,512,15666,30.597656
8643,512,15458,30.191406
8644,512,15500,30.273438
8645,512,16000,31.250000
8646,512,15625,30.517578
8647,512,15792,30.843750
8648,512,15125,29.541016
8649,512,15625,30.517578
8650,512,15375,30.029297
8651,512,16000,31.250000
8652,512,16000,31.250000
8653,512,15541,30.353516
8654,512,16125,31.494141
8655,512,15583,30.435547
8656,512,15375,30.029297
8657,512,15208,29.703125
8658,512,15417,30.111328
8659,512,15625,30.517578
8660,512,15917,31.087891
8661,512,15875,31.005859
8662,512,15208,29.703125
8663,512,15250,29.785156
8664,512,15667,30.599609
8665,512,15833,30.923828
8666,512,15833,30.923828
8667,512,16250,31.738281
8668,512,15750,30.761719
8669,512,15500,30.273438
8670,512,15416,30.109375
8671,512,16084,31.414062
8672,512,15750,30.761719
8673,512,15833,30.923828
8674,512,15709,30.681641
8675,512,15792,30.843750
8676,512,15375,30.029297
8677,512,15167,29.623047
8678,512,16125,31.494141
8679,512,15750,30.761719
8680,512,15667,30.599609
8681,512,16125,31.494141
8682,512,14958,29.214844
8683,512,15541,30.353516
8684,512,15375,30.029297
8685,512,15875,31.005859
8686,512,15583,30.435547
8687,512,15750,30.761719
8688,512,16042,31.332031
8689,512,15500,30.273438
8690,512,16250,31.738281
8691,512,15541,30.353516
8692,512,16125,31.494141
8693,512,15917,31.087891
8694,512,15958,31.167969
8695,512,14750,28.808594
8696,512,16250,31.738281
8697,512,15833,30.923828
8698,512,15000,29.296875
8699,512,15750,30.761719
8700,512,16250,31.738281
8701,512,15625,30.517578
8702,512,15792,30.843750
8703,512,15916,31.085938
8704,512,15542,30.355469
8705,512,16084,31.414062
8706,512,15583,30.435547
8707,512,16292,31.820312
8708,512,15750,30.761719
8709,512,15667,30.599609
8710,512,15875,31.005859
8711,512,15542,30.355469
8712,512,16291,31.818359
8713,512,15834,30.925781
8714,512,15833,30.923828
8715,512,16500,32.226562
8716,512,16166,31.574219
8717,512,15834,30.925781
8718,512,15458,30.191406
8719,512,16125,31.494141
8720,512,15625,30.517578
8721,512,16208,31.656250
8722,512,15750,30.761719
8723,512,16041,31.330078
8724,512,15834,30.925781
8725,512,16166,31.574219
8726,512,16042,31.332031
8727,512,15917,31.087891
8728,512,16000,31.250000
8729,512,16125,31.494141
8730,512,16042,31.332031
8731,512,16625,32.470703
8732,512,15541,30.353516
8733,512,15417,30.111328
8734,512,15375,30.029297
8735,512,15125,29.541016
8736,512,15292,29.867188
8737,512,18417,35.970703
8738,512,19166,37.433594
8739,512,16000,31.250000
8740,512,15458,30.191406
8741,512,15417,30.111328
8742,512,15666,30.597656
8743,512,16625,32.470703
8744,512,15917,31.087891
8745,512,15958,31.167969
8746,512,16083,31.412109
8747,512,15834,30.925781
8748,512,16291,31.818359
8749,512,16500,32.226562
8750,512,15708,30.679688
8751,512,15375,30.029297
8752,512,16083,31.412109
8753,512,17125,33.447266
8754,512,16417,32.064453
8755,512,16958,33.121094
8756,512,16708,32.632812
8757,512,16917,33.041016
8758,512,17625,34.423828
8759,512,16583,32.388672
8760,512,17333,33.853516
8761,512,17375,33.935547
8762,512,16709,32.634766
8763,512,16334,31.902344
8764,512,16708,32.632812
8765,512,17125,33.447266
8766,512,16583,32.388672
8767,512,16792,32.796875
8768,512,17333,33.853516
8769,512,16750,32.714844
8770,512,16875,32.958984
8771,512,17458,34.097656
8772,512,16917,33.041016
8773,512,15916,31.085938
8774,512,16917,33.041016
8775,512,16416,32.062500
8776,512,16584,32.390625
8777,512,16541,32.306641
8778,512,16750,32.714844
8779,512,17125,33.447266
8780,512,16458,32.144531
8781,512,16666,32.550781
8782,512,17125,33.447266
8783,512,16834,32.878906
8784,512,16333,31.900391
8785,512,16833,32.876953
8786,512,17250,33.691406
8787,512,16666,32.550781
8788,512,17083,33.365234
8789,512,17292,33.773438
8790,512,17375,33.935547
8791,512,17041,33.283203
8792,512,16584,32.390625
8793,512,16875,32.958984
8794,512,17000,33.203125
8795,512,17084,33.367188
8796,512,17125,33.447266
8797,512,16750,32.714844
8798,512,16500,32.226562
8799,512,16750,32.714844
8800,512,17292,33.773438
8801,512,17042,33.285156
8802,512,16125,31.494141
8803,512,17042,33.285156
8804,512,17417,34.017578
8805,512,17000,33.203125
8806,512,17167,33.529297
8807,512,16000,31.250000
8808,512,16791,32.794922
8809,512,16750,32.714844
8810,512,16042,31.332031
8811,512,16792,32.796875
8812,512,17125,33.447266
8813,512,16708,32.632812
8814,512,16292,31.820312
8815,512,16833,32.876953
8816,512,16166,31.574219
8817,512,17209,33.611328
8818,512,17041,33.283203
8819,512,16917,33.041016
8820,512,16792,32.796875
8821,512,16500,32.226562
8822,512,17250,33.691406
8823,512,17167,33.529297
8824,512,17042,33.285156
8825,512,16875,32.958984
8826,512,17000,33.203125
8827,512,16875,32.958984
8828,512,16916,33.039062
8829,512,16875,32.958984
8830,512,17125,33.447266
8831,512,16750,32.714844
8832,512,17375,33.935547
8833,512,17042,33.285156
8834,512,16667,32.552734
8835,512,16917,33.041016
8836,512,17125,33.447266
8837,512,16750,32.714844
8838,512,17209,33.611328
8839,512,16708,32.632812
8840,512,16917,33.041016
8841,512,17708,34.585938
8842,512,17000,33.203125
8843,512,15875,31.005859
8844,512,16833,32.876953
8845,512,17000,33.203125
8846,512,16208,31.656250
8847,512,17417,34.017578
8848,512,17041,33.283203
8849,512,17000,33.203125
8850,512,17417,34.017578
8851,512,17708,34.585938
8852,512,17417,34.017578
8853,512,17334,33.855469
8854,512,17416,34.015625
8855,512,17125,33.447266
8856,512,16917,33.041016
8857,512,17125,33.447266
8858,512,16208,31.656250
8859,512,16417,32.064453
8860,512,16958,33.121094
8861,512,16291,31.818359
8862,512,16792,32.796875
8863,512,17291,33.771484
8864,512,17125,33.447266
8865,512,17250,33.691406
8866,512,17167,33.529297
8867,512,17125,33.447266
8868,512,17458,34.097656
8869,512,17041,33.283203
8870,512,17500,34.179688
8871,512,17084,33.367188
8872,512,16292,31.820312
8873,512,16833,32.876953
8874,512,17541,34.259766
8875,512,16584,32.390625
8876,512,16041,31.330078
8877,512,17125,33.447266
8878,512,16666,32.550781
8879,512,16417,32.064453
8880,512,17333,33.853516
8881,512,16834,32.878906
8882,512,16791,32.794922
8883,512,16667,32.552734
8884,512,17250,33.691406
8885,512,16541,32.306641
8886,512,17042,33.285156
8887,512,17000,33.203125
8888,512,16666,32.550781
8889,512,16625,32.470703
8890,512,16833,32.876953
8891,512,17042,33.285156
8892,512,17208,33.609375
8893,512,17334,33.855469
8894,512,16208,31.656250
8895,512,16291,31.818359
8896,512,17167,33.529297
8897,512,16458,32.144531
8898,512,16500,32.226562
8899,512,17042,33.285156
8900,512,16416,32.062500
8901,512,16750,32.714844
8902,512,16708,32.632812
8903,512,17250,33.691406
8904,512,17250,33.691406
8905,512,16625,32.470703
8906,512,16583,32.388672
8907,512,16583,32.388672
8908,512,16292,31.820312
8909,512,17250,33.691406
8910,512,16750,32.714844
8911,512,16833,32.876953
8912,512,17125,33.447266
8913,512,16750,32.714844
8914,512,16416,32.062500
8915,512,17750,34.667969
8916,512,16458,32.144531
8917,512,16708,32.632812
8918,512,16542,32.308594
8919,512,16750,32.714844
8920,512,16666,32.550781
8921,512,17000,33.203125
8922,512,16792,32.796875
8923,512,17250,33.691406
8924,512,17208,33.609375
8925,512,16875,32.958984
8926,512,17125,33.447266
8927,512,16750,32.714844
8928,512,17167,33.529297
8929,512,16958,33.121094
8930,512,17167,33.529297
8931,512,16625,32.470703
8932,512,16416,32.062500
8933,512,16959,33.123047
8934,512,16125,31.494141
8935,512,16917,33.041016
8936,512,17209,33.611328
8937,512,17000,33.203125
8938,512,17334,33.855469
8939,512,16875,32.958984
8940,512,16500,32.226562
8941,512,17125,33.447266
8942,512,17042,33.285156
8943,512,16458,32.144531
8944,512,17125,33.447266
8945,512,16833,32.876953
8946,512,17291,33.771484
8947,512,17375,33.935547
8948,512,16834,32.878906
8949,512,17417,34.017578
8950,512,16416,32.062500
8951,512,17209,33.611328
8952,512,16458,32.144531
8953,512,16708,32.632812
8954,512,17000,33.203125
8955,512,17209,33.611328
8956,512,16542,32.308594
8957,512,16625,32.470703
8958,512,16375,31.982422
8959,512,16708,32.632812
8960,512,16792,32.796875
8961,512,17583,34.341797
8962,512,16666,32.550781
8963,512,16792,32.796875
8964,512,16791,32.794922
8965,512,17042,33.285156
8966,512,16583,32.388672
8967,512,16583,32.388672
8968,512,17000,33.203125
8969,512,16792,32.796875
8970,512,16833,32.876953
8971,512,16834,32.878906
8972,512,17167,33.529297
8973,512,17375,33.935547
8974,512,17042,33.285156
8975,512,16792,32.796875
8976,512,16792,32.796875
8977,512,16542,32.308594
8978,512,16667,32.552734
8979,512,17042,33.285156
8980,512,17541,34.259766
8981,512,16959,33.123047
8982,512,16750,32.714844
8983,512,16459,32.146484
8984,512,17166,33.527344
8985,512,16792,32.796875
8986,512,17625,34.423828
8987,512,16166,31.574219
8988,512,16792,32.796875
8989,512,17208,33.609375
8990,512,17000,33.203125
8991,512,17333,33.853516
8992,512,17375,33.935547
8993,512,17125,33.447266
8994,512,16333,31.900391
8995,512,17542,34.261719
8996,512,16917,33.041016
8997,512,17583,34.341797
8998,512,16375,31.982422
8999,512,16625,32.470703
9000,512,16208,31.656250
9001,512,16625,32.470703
9002,512,17000,33.203125
9003,512,16916,33.039062
9004,512,17000,33.203125
9005,512,17334,33.855469
9006,512,16458,32.144531
9007,512,16458,32.144531
9008,512,16750,32.714844
9009,512,16750,32.714844
9010,512,16625,32.470703
9011,512,16500,32.226562
9012,512,16958,33.121094
9013,512,16417,32.064453
9014,512,16292,31.820312
9015,512,16500,32.226562
9016,512,15792,30.843750
9017,512,16333,31.900391
9018,512,16917,33.041016
9019,512,17333,33.853516
9020,512,16792,32.796875
9021,512,17084,33.367188
9022,512,17084,33.367188
9023,512,17167,33.529297
9024,512,16625,32.470703
9025,512,16000,31.250000
9026,512,16792,32.796875
9027,512,16875,32.958984
9028,512,16792,32.796875
9029,512,16292,31.820312
9030,512,16250,31.738281
9031,512,16583,32.388672
9032,512,16417,32.064453
9033,512,16875,32.958984
9034,512,16417,32.064453
9035,512,16666,32.550781
9036,512,16917,33.041016
9037,512,17083,33.365234
9038,512,16708,32.632812
9039,512,16667,32.552734
9040,512,17000,33.203125
9041,512,16500,32.226562
9042,512,17334,33.855469
9043,512,17000,33.203125
9044,512,16625,32.470703
9045,512,16750,32.714844
9046,512,16958,33.121094
9047,512,16625,32.470703
9048,512,16458,32.144531
9049,512,17084,33.367188
9050,512,16916,33.039062
9051,512,16917,33.041016
9052,512,16750,32.714844
9053,512,16958,33.121094
9054,512,16416,32.062500
9055,512,16292,31.820312
9056,512,16917,33.041016
9057,512,16583,32.388672
9058,512,16167,31.576172
9059,512,16375,31.982422
9060,512,17541,34.259766
9061,512,16834,32.878906
9062,512,16625,32.470703
9063,512,16500,32.226562
9064,512,16709,32.634766
9065,512,16583,32.388672
9066,512,16625,32.470703
9067,512,17291,33.771484
9068,512,16375,31.982422
9069,512,17333,33.853516
9070,512,16792,32.796875
9071,512,16708,32.632812
9072,512,28334,55.339844
9073,512,17250,33.691406
9074,512,17375,33.935547
9075,512,17125,33.447266
9076,512,16042,31.332031
9077,512,16583,32.388672
9078,512,16667,32.552734
9079,512,17083,33.365234
9080,512,17167,33.529297
9081,512,16667,32.552734
9082,512,17083,33.365234
9083,512,17375,33.935547
9084,512,17125,33.447266
9085,512,16541,32.306641
9086,512,16750,32.714844
9087,512,16750,32.714844
9088,512,16625,32.470703
9089,512,16708,32.632812
9090,512,17167,33.529297
9091,512,17083,33.365234
9092,512,16833,32.876953
9093,512,17042,33.285156
9094,512,17041,33.283203
9095,512,16917,33.041016
9096,512,17500,34.179688
9097,512,16125,31.494141
9098,512,15875,31.005859
9099,512,17125,33.447266
9100,512,17166,33.527344
9101,512,17167,33.529297
9102,512,16750,32.714844
9103,512,16916,33.039062
9104,512,16750,32.714844
9105,512,16834,32.878906
9106,512,17041,33.283203
9107,512,16625,32.470703
9108,512,16917,33.041016
9109,512,16584,32.390625
9110,512,17041,33.283203
9111,512,16083,31.412109
9112,512,17208,33.609375
9113,512,16209,31.658203
9114,512,16167,31.576172
9115,512,16791,32.794922
9116,512,16708,32.632812
9117,512,16875,32.958984
9118,512,18209,35.564453
9119,512,16750,32.714844
9120,512,16000,31.250000
9121,512,16458,32.144531
9122,512,16583,32.388672
9123,512,17209,33.611328
9124,512,17166,33.527344
9125,512,16875,32.958984
9126,512,16875,32.958984
9127,512,16416,32.062500
9128,512,17250,33.691406
9129,512,16958,33.121094
9130,512,16917,33.041016
9131,512,17375,33.935547
9132,512,17041,33.283203
9133,512,16959,33.123047
9134,512,17042,33.285156
9135,512,16917,33.041016
9136,512,16417,32.064453
9137,512,16833,32.876953
9138,512,16875,32.958984
9139,512,16334,31.902344
9140,512,16834,32.878906
9141,512,17167,33.529297
9142,512,16541,32.306641
9143,512,16708,32.632812
9144,512,16708,32.632812
9145,512,16750,32.714844
9146,512,16958,33.121094
9147,512,17084,33.367188
9148,512,17333,33.853516
9149,512,16750,32.714844
9150,512,16333,31.900391
9151,512,16917,33.041016
9152,512,16958,33.121094
9153,512,17250,33.691406
9154,512,17584,34.343750
9155,512,17333,33.853516
9156,512,17542,34.261719
9157,512,16167,31.576172
9158,512,17417,34.017578
9159,512,16792,32.796875
9160,512,17250,33.691406
9161,512,17000,33.203125
9162,512,17042,33.285156
9163,512,16583,32.388672
9164,512,17209,33.611328
9165,512,16917,33.041016
9166,512,17125,33.447266
9167,512,16958,33.121094
9168,512,16750,32.714844
9169,512,17041,33.283203
9170,512,17334,33.855469
9171,512,16333,31.900391
9172,512,16708,32.632812
9173,512,17250,33.691406
9174,512,16875,32.958984
9175,512,17458,34.097656
9176,512,17042,33.285156
9177,512,113000,220.703125
9178,512,24375,47.607422
9179,512,20042,39.144531
9180,512,16417,32.064453
9181,512,16167,31.576172
9182,512,16041,31.330078
9183,512,15625,30.517578
9184,512,16459,32.146484
9185,512,16416,32.062500
9186,512,15875,31.005859
9187,512,16459,32.146484
9188,512,16208,31.656250
9189,512,15208,29.703125
9190,512,15542,30.355469
9191,512,16292,31.820312
9192,512,15500,30.273438
9193,512,15584,30.437500
9194,512,15792,30.843750
9195,512,16125,31.494141
9196,512,15416,30.109375
9197,512,15625,30.517578
9198,512,15542,30.355469
9199,512,15750,30.761719
9200,512,15542,30.355469
9201,512,16000,31.250000
9202,512,15542,30.355469
9203,512,16167,31.576172
9204,512,15958,31.167969
9205,512,15792,30.843750
9206,512,16333,31.900391
9207,512,15958,31.167969
9208,512,16500,32.226562
9209,512,16250,31.738281
9210,512,15208,29.703125
9211,512,15791,30.841797
9212,512,16459,32.146484
9213,512,15834,30.925781
9214,512,15500,30.273438
9215,512,16000,31.250000
9216,512,15917,31.087891
9217,512,16250,31.738281
9218,512,16208,31.656250
9219,512,15208,29.703125
9220,512,16167,31.576172
9221,512,15541,30.353516
9222,512,15250,29.785156
9223,512,15750,30.761719
9224,512,15209,29.705078
9225,512,15917,31.087891
9226,512,15208,29.703125
9227,512,15667,30.599609
9228,512,15916,31.085938
9229,512,15292,29.867188
9230,512,15708,30.679688
9231,512,15334,29.949219
9232,512,15750,30.761719
9233,512,16084,31.414062
9234,512,15375,30.029297
9235,512,15916,31.085938
9236,512,16000,31.250000
9237,512,15292,29.867188
9238,512,15583,30.435547
9239,512,15291,29.865234
9240,512,16125,31.494141
9241,512,15917,31.087891
9242,512,16125,31.494141
9243,512,16042,31.332031
9244,512,15291,29.865234
9245,512,16209,31.658203
9246,512,15750,30.761719
9247,512,15000,29.296875
9248,512,15000,29.296875
9249,512,16208,31.656250
9250,512,15625,30.517578
9251,512,15667,30.599609
9252,512,15750,30.761719
9253,512,15709,30.681641
9254,512,15792,30.843750
9255,512,15667,30.599609
9256,512,16041,31.330078
9257,512,15167,29.623047
9258,512,15208,29.703125
9259,512,15584,30.437500
9260,512,15666,30.597656
9261,512,15417,30.111328
9262,512,15208,29.703125
9263,512,15291,29.865234
9264,512,15750,30.761719
9265,512,15833,30.923828
9266,512,15250,29.785156
9267,512,15750,30.761719
9268,512,19667,38.412109
9269,512,15666,30.597656
9270,512,15375,30.029297
9271,512,15292,29.867188
9272,512,15625,30.517578
9273,512,15333,29.947266
9274,512,18292,35.726562
9275,512,16958,33.121094
9276,512,19625,38.330078
9277,512,21791,42.560547
9278,512,22584,44.109375
9279,512,21417,41.830078
9280,512,16791,32.794922
9281,512,16167,31.576172
9282,512,15875,31.005859
9283,512,15333,29.947266
9284,512,15542,30.355469
9285,512,16042,31.332031
9286,512,15458,30.191406
9287,512,15459,30.193359
9288,512,15709,30.681641
9289,512,15667,30.599609
9290,512,15458,30.191406
9291,512,15167,29.623047
9292,512,16125,31.494141
9293,512,15291,29.865234
9294,512,22917,44.759766
9295,512,16417,32.064453
9296,512,15958,31.167969
9297,512,19458,38.003906
9298,512,17375,33.935547
9299,512,16792,32.796875
9300,512,15916,31.085938
9301,512,15250,29.785156
9302,512,16167,31.576172
9303,512,16083,31.412109
9304,512,16292,31.820312
9305,512,16166,31.574219
9306,512,15625,30.517578
9307,512,16125,31.494141
9308,512,16208,31.656250
9309,512,16000,31.250000
9310,512,16125,31.494141
9311,512,15833,30.923828
9312,512,16750,32.714844
9313,512,16125,31.494141
9314,512,16084,31.414062
9315,512,16416,32.062500
9316,512,17334,33.855469
9317,512,16959,33.123047
9318,512,16959,33.123047
9319,512,17958,35.074219
9320,512,17250,33.691406
9321,512,17125,33.447266
9322,512,17708,34.585938
9323,512,17250,33.691406
9324,512,16417,32.064453
9325,512,17625,34.423828
9326,512,17625,34.423828
9327,512,17708,34.585938
9328,512,16625,32.470703
9329,512,17375,33.935547
9330,512,16375,31.982422
9331,512,17291,33.771484
9332,512,17167,33.529297
9333,512,17250,33.691406
9334,512,17541,34.259766
9335,512,16959,33.123047
9336,512,17166,33.527344
9337,512,16833,32.876953
9338,512,17125,33.447266
9339,512,17250,33.691406
9340,512,17958,35.074219
9341,512,17958,35.074219
9342,512,17500,34.179688
9343,512,17208,33.609375
9344,512,17167,33.529297
9345,512,17083,33.365234
9346,512,17292,33.773438
9347,512,17166,33.527344
9348,512,18083,35.318359
9349,512,17375,33.935547
9350,512,17083,33.365234
9351,512,16958,33.121094
9352,512,17625,34.423828
9353,512,16875,32.958984
9354,512,17709,34.587891
9355,512,16542,32.308594
9356,512,17083,33.365234
9357,512,17250,33.691406
9358,512,16958,33.121094
9359,512,16875,32.958984
9360,512,16708,32.632812
9361,512,17042,33.285156
9362,512,16625,32.470703
9363,512,16583,32.388672
9364,512,16958,33.121094
9365,512,16875,32.958984
9366,512,16000,31.250000
9367,512,17375,33.935547
9368,512,17042,33.285156
9369,512,17542,34.261719
9370,512,17000,33.203125
9371,512,17041,33.283203
9372,512,17625,34.423828
9373,512,17250,33.691406
9374,512,16917,33.041016
9375,512,16875,32.958984
9376,512,16666,32.550781
9377,512,17125,33.447266
9378,512,17083,33.365234
9379,512,16583,32.388672
9380,512,17292,33.773438
9381,512,16916,33.039062
9382,512,16792,32.796875
9383,512,17625,34.423828
9384,512,16750,32.714844
9385,512,17208,33.609375
9386,512,16750,32.714844
9387,512,16750,32.714844
9388,512,16542,32.308594
9389,512,17125,33.447266
9390,512,17084,33.367188
9391,512,17292,33.773438
9392,512,16375,31.982422
9393,512,17250,33.691406
9394,512,18042,35.238281
9395,512,16750,32.714844
9396,512,16417,32.064453
9397,512,16500,32.226562
9398,512,16166,31.574219
9399,512,16792,32.796875
9400,512,16666,32.550781
9401,512,16375,31.982422
9402,512,16584,32.390625
9403,512,16958,33.121094
9404,512,16625,32.470703
9405,512,16583,32.388672
9406,512,16625,32.470703
9407,512,16833,32.876953
9408,512,16375,31.982422
9409,512,16833,32.876953
9410,512,16667,32.552734
9411,512,17417,34.017578
9412,512,16334,31.902344
9413,512,16166,31.574219
9414,512,16333,31.900391
9415,512,16667,32.552734
9416,512,16208,31.656250
9417,512,16500,32.226562
9418,512,17250,33.691406
9419,512,17333,33.853516
9420,512,16000,31.250000
9421,512,16291,31.818359
9422,512,15834,30.925781
9423,512,17000,33.203125
9424,512,16041,31.330078
9425,512,16542,32.308594
9426,512,16459,32.146484
9427,512,16500,32.226562
9428,512,16209,31.658203
9429,512,17166,33.527344
9430,512,16792,32.796875
9431,512,20000,39.062500
9432,512,22125,43.212891
9433,512,22458,43.863281
9434,512,18083,35.318359
9435,512,16875,32.958984
9436,512,20458,39.957031
9437,512,25334,49.480469
9438,512,17625,34.423828
9439,512,17667,34.505859
9440,512,16916,33.039062
9441,512,16209,31.658203
9442,512,16792,32.796875
9443,512,27167,53.060547
9444,512,18291,35.724609
9445,512,17209,33.611328
9446,512,17459,34.099609
9447,512,17625,34.423828
9448,512,17959,35.076172
9449,512,21833,42.642578
9450,512,18625,36.376953
9451,512,18291,35.724609
9452,512,17000,33.203125
9453,512,16542,32.308594
9454,512,16416,32.062500
9455,512,16833,32.876953
9456,512,17000,33.203125
9457,512,16875,32.958984
9458,512,17041,33.283203
9459,512,16792,32.796875
9460,512,17166,33.527344
9461,512,17083,33.365234
9462,512,16959,33.123047
9463,512,16833,32.876953
9464,512,16958,33.121094
9465,512,17000,33.203125
9466,512,16875,32.958984
9467,512,17167,33.529297
9468,512,16291,31.818359
9469,512,16875,32.958984
9470,512,17500,34.179688
9471,512,16500,32.226562
9472,512,16708,32.632812
9473,512,16792,32.796875
9474,512,17083,33.365234
9475,512,23542,45.980469
9476,512,20000,39.062500
9477,512,21375,41.748047
9478,512,27209,53.142578
9479,512,17084,33.367188
9480,512,16458,32.144531
9481,512,16750,32.714844
9482,512,16500,32.226562
9483,512,17292,33.773438
9484,512,17250,33.691406
9485,512,16625,32.470703
9486,512,16625,32.470703
9487,512,17208,33.609375
9488,512,17125,33.447266
9489,512,16542,32.308594
9490,512,17125,33.447266
9491,512,16958,33.121094
9492,512,17333,33.853516
9493,512,16917,33.041016
9494,512,17791,34.748047
9495,512,16792,32.796875
9496,512,17375,33.935547
9497,512,17708,34.585938
9498,512,17416,34.015625
9499,512,17125,33.447266
9500,512,16667,32.552734
9501,512,17625,34.423828
9502,512,16750,32.714844
9503,512,16875,32.958984
9504,512,16791,32.794922
9505,512,16250,31.738281
9506,512,16167,31.576172
9507,512,16750,32.714844
9508,512,17459,34.099609
9509,512,16625,32.470703
9510,512,19750,38.574219
9511,512,17666,34.503906
9512,512,16542,32.308594
9513,512,16250,31.738281
9514,512,17042,33.285156
9515,512,17458,34.097656
9516,512,16292,31.820312
9517,512,17083,33.365234
9518,512,16875,32.958984
9519,512,17125,33.447266
9520,512,16333,31.900391
9521,512,16917,33.041016
9522,512,16750,32.714844
9523,512,15500,30.273438
9524,512,16834,32.878906
9525,512,16750,32.714844
9526,512,16875,32.958984
9527,512,16750,32.714844
9528,512,16500,32.226562
9529,512,17250,33.691406
9530,512,16250,31.738281
9531,512,17291,33.771484
9532,512,16250,31.738281
9533,512,17000,33.203125
9534,512,16250,31.738281
9535,512,17000,33.203125
9536,512,16500,32.226562
9537,512,16541,32.306641
9538,512,17208,33.609375
9539,512,16792,32.796875
9540,512,16416,32.062500
9541,512,16875,32.958984
9542,512,16666,32.550781
9543,512,16750,32.714844
9544,512,16167,31.576172
9545,512,17042,33.285156
9546,512,17625,34.423828
9547,512,17042,33.285156
9548,512,16833,32.876953
9549,512,17125,33.447266
9550,512,16750,32.714844
9551,512,16291,31.818359
9552,512,16375,31.982422
9553,512,16208,31.656250
9554,512,16625,32.470703
9555,512,16666,32.550781
9556,512,15875,31.005859
9557,512,16792,32.796875
9558,512,16833,32.876953
9559,512,16875,32.958984
9560,512,18000,35.156250
9561,512,22083,43.130859
9562,512,19167,37.435547
9563,512,18291,35.724609
9564,512,21625,42.236328
9565,512,20250,39.550781
9566,512,18875,36.865234
9567,512,19208,37.515625
9568,512,17666,34.503906
9569,512,17375,33.935547
9570,512,17625,34.423828
9571,512,20833,40.689453
9572,512,18125,35.400391
9573,512,21208,41.421875
9574,512,20958,40.933594
9575,512,17917,34.994141
9576,512,17542,34.261719
9577,512,64125,125.244141
9578,512,44583,87.076172
9579,512,16000,31.250000
9580,512,16250,31.738281
9581,512,15834,30.925781
9582,512,15542,30.355469
9583,512,16208,31.656250
9584,512,15750,30.761719
9585,512,16125,31.494141
9586,512,15667,30.599609
9587,512,15583,30.435547
9588,512,16375,31.982422
9589,512,15625,30.517578
9590,512,15584,30.437500
9591,512,15791,30.841797
9592,512,15750,30.761719
9593,512,15958,31.167969
9594,512,16083,31.412109
9595,512,15917,31.087891
9596,512,16125,31.494141
9597,512,16166,31.574219
9598,512,15625,30.517578
9599,512,16042,31.332031
9600,512,16500,32.226562
9601,512,15708,30.679688
9602,512,15791,30.841797
9603,512,16042,31.332031
9604,512,15667,30.599609
9605,512,16500,32.226562
9606,512,15458,30.191406
9607,512,15625,30.517578
9608,512,15833,30.923828
9609,512,15500,30.273438
9610,512,15750,30.761719
9611,512,15167,29.623047
9612,512,15583,30.435547
9613,512,16375,31.982422
9614,512,15583,30.435547
9615,512,15583,30.435547
9616,512,15916,31.085938
9617,512,15875,31.005859
9618,512,15250,29.785156
9619,512,16042,31.332031
9620,512,15709,30.681641
9621,512,16000,31.250000
9622,512,15959,31.169922
9623,512,15875,31.005859
9624,512,16000,31.250000
9625,512,15333,29.947266
9626,512,15041,29.376953
9627,512,16042,31.332031
9628,512,16125,31.494141
9629,512,16291,31.818359
9630,512,16167,31.576172
9631,512,15708,30.679688
9632,512,15667,30.599609
9633,512,16125,31.494141
9634,512,15583,30.435547
9635,512,15542,30.355469
9636,512,15125,29.541016
9637,512,16041,31.330078
9638,512,16042,31.332031
9639,512,14958,29.214844
9640,512,15625,30.517578
9641,512,16125,31.494141
9642,512,16667,32.552734
9643,512,16250,31.738281
9644,512,16417,32.064453
9645,512,16292,31.820312
9646,512,16041,31.330078
9647,512,16125,31.494141
9648,512,16125,31.494141
9649,512,16250,31.738281
9650,512,15917,31.087891
9651,512,15791,30.841797
9652,512,16083,31.412109
9653,512,15792,30.843750
9654,512,15625,30.517578
9655,512,15625,30.517578
9656,512,15541,30.353516
9657,512,15750,30.761719
9658,512,16000,31.250000
9659,512,15917,31.087891
9660,512,15667,30.599609
9661,512,15583,30.435547
9662,512,15833,30.923828
9663,512,15667,30.599609
9664,512,15541,30.353516
9665,512,15250,29.785156
9666,512,15833,30.923828
9667,512,15750,30.761719
9668,512,15666,30.597656
9669,512,15833,30.923828
9670,512,15834,30.925781
9671,512,15292,29.867188
9672,512,15917,31.087891
9673,512,15833,30.923828
9674,512,15875,31.005859
9675,512,15833,30.923828
9676,512,16042,31.332031
9677,512,15666,30.597656
9678,512,16250,31.738281
9679,512,15625,30.517578
9680,512,15958,31.167969
9681,512,16083,31.412109
9682,512,16292,31.820312
9683,512,15958,31.167969
9684,512,15959,31.169922
9685,512,15791,30.841797
9686,512,15833,30.923828
9687,512,15500,30.273438
9688,512,16666,32.550781
9689,512,15584,30.437500
9690,512,16000,31.250000
9691,512,16625,32.470703
9692,512,15750,30.761719
9693,512,15625,30.517578
9694,512,15167,29.623047
9695,512,15958,31.167969
9696,512,16542,32.308594
9697,512,15541,30.353516
9698,512,16125,31.494141
9699,512,16292,31.820312
9700,512,16334,31.902344
9701,512,16000,31.250000
9702,512,15834,30.925781
9703,512,15625,30.517578
9704,512,15416,30.109375
9705,512,16500,32.226562
9706,512,15959,31.169922
9707,512,15875,31.005859
9708,512,15875,31.005859
9709,512,15667,30.599609
9710,512,15333,29.947266
9711,512,16041,31.330078
9712,512,15333,29.947266
9713,512,15500,30.273438
9714,512,16208,31.656250
9715,512,15625,30.517578
9716,512,15791,30.841797
9717,512,15792,30.843750
9718,512,15625,30.517578
9719,512,15458,30.191406
9720,512,15417,30.111328
9721,512,16167,31.576172
9722,512,16125,31.494141
9723,512,16000,31.250000
9724,512,15708,30.679688
9725,512,16000,31.250000
9726,512,16250,31.738281
9727,512,15333,29.947266
9728,512,15667,30.599609
9729,512,15500,30.273438
9730,512,15833,30.923828
9731,512,15500,30.273438
9732,512,15750,30.761719
9733,512,15709,30.681641
9734,512,16042,31.332031
9735,512,15458,30.191406
9736,512,15875,31.005859
9737,512,15959,31.169922
9738,512,16083,31.412109
9739,512,16000,31.250000
9740,512,15958,31.167969
9741,512,16667,32.552734
9742,512,16084,31.414062
9743,512,16458,32.144531
9744,512,16583,32.388672
9745,512,16292,31.820312
9746,512,15666,30.597656
9747,512,16000,31.250000
9748,512,15958,31.167969
9749,512,15959,31.169922
9750,512,16083,31.412109
9751,512,16083,31.412109
9752,512,15500,30.273438
9753,512,15583,30.435547
9754,512,15709,30.681641
9755,512,16500,32.226562
9756,512,16500,32.226562
9757,512,17542,34.261719
9758,512,17375,33.935547
9759,512,17750,34.667969
9760,512,17375,33.935547
9761,512,17542,34.261719
9762,512,17958,35.074219
9763,512,17333,33.853516
9764,512,17083,33.365234
9765,512,17208,33.609375
9766,512,17250,33.691406
9767,512,17334,33.855469
9768,512,51542,100.667969
9769,512,47167,92.123047
9770,512,19000,37.109375
9771,512,16833,32.876953
9772,512,15833,30.923828
9773,512,16458,32.144531
9774,512,16166,31.574219
9775,512,15958,31.167969
9776,512,16083,31.412109
9777,512,16208,31.656250
9778,512,15875,31.005859
9779,512,16375,31.982422
9780,512,16417,32.064453
9781,512,32875,64.208984
9782,512,15875,31.005859
9783,512,15708,30.679688
9784,512,15833,30.923828
9785,512,15625,30.517578
9786,512,15333,29.947266
9787,512,16042,31.332031
9788,512,15833,30.923828
9789,512,16125,31.494141
9790,512,16083,31.412109
9791,512,15792,30.843750
9792,512,15542,30.355469
9793,512,15625,30.517578
9794,512,15875,31.005859
9795,512,15709,30.681641
9796,512,16333,31.900391
9797,512,15250,29.785156
9798,512,16208,31.656250
9799,512,16167,31.576172
9800,512,16166,31.574219
9801,512,16042,31.332031
9802,512,16083,31.412109
9803,512,15375,30.029297
9804,512,15583,30.435547
9805,512,16458,32.144531
9806,512,15542,30.355469
9807,512,16042,31.332031
9808,512,15792,30.843750
9809,512,15916,31.085938
9810,512,15583,30.435547
9811,512,16292,31.820312
9812,512,15708,30.679688
9813,512,15417,30.111328
9814,512,15916,31.085938
9815,512,15750,30.761719
9816,512,15667,30.599609
9817,512,15416,30.109375
9818,512,15375,30.029297
9819,512,15583,30.435547
9820,512,15875,31.005859
9821,512,15917,31.087891
9822,512,15167,29.623047
9823,512,15416,30.109375
9824,512,16000,31.250000
9825,512,15958,31.167969
9826,512,15125,29.541016
9827,512,15459,30.193359
9828,512,15583,30.435547
9829,512,15792,30.843750
9830,512,15500,30.273438
9831,512,15542,30.355469
9832,512,15791,30.841797
9833,512,15209,29.705078
9834,512,15708,30.679688
9835,512,15708,30.679688
9836,512,15958,31.167969
9837,512,16333,31.900391
9838,512,16084,31.414062
9839,512,16458,32.144531
9840,512,15916,31.085938
9841,512,15959,31.169922
9842,512,15791,30.841797
9843,512,15667,30.599609
9844,512,15541,30.353516
9845,512,15917,31.087891
9846,512,16750,32.714844
9847,512,15916,31.085938
9848,512,15917,31.087891
9849,512,16208,31.656250
9850,512,16042,31.332031
9851,512,15834,30.925781
9852,512,15833,30.923828
9853,512,15750,30.761719
9854,512,16541,32.306641
9855,512,15959,31.169922
9856,512,15916,31.085938
9857,512,16125,31.494141
9858,512,16125,31.494141
9859,512,15958,31.167969
9860,512,15792,30.843750
9861,512,16292,31.820312
9862,512,15666,30.597656
9863,512,16208,31.656250
9864,512,16250,31.738281
9865,512,16750,32.714844
9866,512,16375,31.982422
9867,512,16375,31.982422
9868,512,15541,30.353516
9869,512,15708,30.679688
9870,512,15209,29.705078
9871,512,15959,31.169922
9872,512,15833,30.923828
9873,512,15708,30.679688
9874,512,16167,31.576172
9875,512,15916,31.085938
9876,512,15375,30.029297
9877,512,16333,31.900391
9878,512,16417,32.064453
9879,512,15958,31.167969
9880,512,15792,30.843750
9881,512,15458,30.191406
9882,512,16375,31.982422
9883,512,15667,30.599609
9884,512,16500,32.226562
9885,512,16500,32.226562
9886,512,15416,30.109375
9887,512,15625,30.517578
9888,512,15709,30.681641
9889,512,16125,31.494141
9890,512,15833,30.923828
9891,512,16250,31.738281
9892,512,16083,31.412109
9893,512,15917,31.087891
9894,512,15917,31.087891
9895,512,15791,30.841797
9896,512,15667,30.599609
9897,512,15666,30.597656
9898,512,15709,30.681641
9899,512,16000,31.250000
9900,512,16625,32.470703
9901,512,15917,31.087891
9902,512,15791,30.841797
9903,512,15709,30.681641
9904,512,15208,29.703125
9905,512,15542,30.355469
9906,512,16208,31.656250
9907,512,16167,31.576172
9908,512,15166,29.621094
9909,512,15875,31.005859
9910,512,15875,31.005859
9911,512,17166,33.527344
9912,512,15959,31.169922
9913,512,17166,33.527344
9914,512,16875,32.958984
9915,512,17209,33.611328
9916,512,16458,32.144531
9917,512,16875,32.958984
9918,512,16208,31.656250
9919,512,16750,32.714844
9920,512,16583,32.388672
9921,512,16250,31.738281
9922,512,17333,33.853516
9923,512,17167,33.529297
9924,512,16833,32.876953
9925,512,16250,31.738281
9926,512,16833,32.876953
9927,512,17125,33.447266
9928,512,16541,32.306641
9929,512,17083,33.365234
9930,512,16959,33.123047
9931,512,16333,31.900391
9932,512,16625,32.470703
9933,512,17083,33.365234
9934,512,16792,32.796875
9935,512,16583,32.388672
9936,512,16208,31.656250
9937,512,16375,31.982422
9938,512,16583,32.388672
9939,512,17333,33.853516
9940,512,17584,34.343750
9941,512,17084,33.367188
9942,512,16625,32.470703
9943,512,16542,32.308594
9944,512,17208,33.609375
9945,512,16625,32.470703
9946,512,16625,32.470703
9947,512,16334,31.902344
9948,512,16208,31.656250
9949,512,16667,32.552734
9950,512,16459,32.146484
9951,512,16625,32.470703
9952,512,16083,31.412109
9953,512,16708,32.632812
9954,512,17000,33.203125
9955,512,16042,31.332031
9956,512,17209,33.611328
9957,512,16583,32.388672
9958,512,16417,32.064453
9959,512,16042,31.332031
9960,512,16417,32.064453
9961,512,16666,32.550781
9962,512,17084,33.367188
9963,512,17166,33.527344
9964,512,16584,32.390625
9965,512,16667,32.552734
9966,512,16208,31.656250
9967,512,17209,33.611328
9968,512,16792,32.796875
9969,512,17167,33.529297
9970,512,16667,32.552734
9971,512,17250,33.691406
9972,512,16500,32.226562
9973,512,17458,34.097656
9974,512,17000,33.203125
9975,512,16750,32.714844
9976,512,16500,32.226562
9977,512,16667,32.552734
9978,512,16500,32.226562
9979,512,17042,33.285156
9980,512,17166,33.527344
9981,512,16667,32.552734
9982,512,16500,32.226562
9983,512,16917,33.041016
9984,512,16916,33.039062
9985,512,17042,33.285156
9986,512,16125,31.494141
9987,512,16875,32.958984
9988,512,17625,34.423828
9989,512,16875,32.958984
9990,512,17000,33.203125
9991,512,19083,37.271484
9992,512,18875,36.865234
9993,512,16875,32.958984
9994,512,16917,33.041016
9995,512,20916,40.851562
9996,512,21667,42.318359
9997,512,17792,34.750000
9998,512,17500,34.179688
9999,512,17083,33.365234
10000,512,17708,34.585938
10001,512,17583,34.341797
10002,512,16542,32.308594
10003,512,17750,34.667969
10004,512,16875,32.958984
10005,512,16666,32.550781
10006,512,17500,34.179688
10007,512,16875,32.958984
10008,512,17625,34.423828
10009,512,17042,33.285156
10010,512,18958,37.027344
10011,512,20250,39.550781
10012,512,17584,34.343750
10013,512,16959,33.123047
10014,512,16583,32.388672
10015,512,17083,33.365234
10016,512,16625,32.470703
10017,512,17333,33.853516
10018,512,16959,33.123047
10019,512,17125,33.447266
10020,512,17042,33.285156
10021,512,19792,38.656250
10022,512,17709,34.587891
10023,512,17500,34.179688
10024,512,16667,32.552734
10025,512,16958,33.121094
10026,512,16750,32.714844
10027,512,17750,34.667969
10028,512,16958,33.121094
10029,512,17500,34.179688
10030,512,16584,32.390625
10031,512,17458,34.097656
10032,512,17041,33.283203
10033,512,16750,32.714844
10034,512,17167,33.529297
10035,512,17416,34.015625
10036,512,16959,33.123047
10037,512,17584,34.343750
10038,512,16709,32.634766
10039,512,23416,45.734375
10040,512,19334,37.761719
10041,512,18084,35.320312
10042,512,17291,33.771484
10043,512,17667,34.505859
10044,512,16375,31.982422
10045,512,16792,32.796875
10046,512,21250,41.503906
10047,512,17292,33.773438
10048,512,17584,34.343750
10049,512,18208,35.562500
10050,512,16791,32.794922
10051,512,16917,33.041016
10052,512,16625,32.470703
10053,512,17208,33.609375
10054,512,21584,42.156250
10055,512,18167,35.482422
10056,512,18083,35.318359
10057,512,24541,47.931641
10058,512,28750,56.152344
10059,512,18542,36.214844
10060,512,22500,43.945312
10061,512,23250,45.410156
10062,512,22708,44.351562
10063,512,18583,36.294922
10064,512,18042,35.238281
10065,512,20083,39.224609
10066,512,50625,98.876953
10067,512,70083,136.880859
10068,512,17500,34.179688
10069,512,19208,37.515625
10070,512,15709,30.681641
10071,512,16125,31.494141
10072,512,16084,31.414062
10073,512,16375,31.982422
10074,512,16000,31.250000
10075,512,16083,31.412109
10076,512,16042,31.332031
10077,512,16083,31.412109
10078,512,15917,31.087891
10079,512,15500,30.273438
10080,512,15959,31.169922
10081,512,16250,31.738281
10082,512,15750,30.761719
10083,512,15541,30.353516
10084,512,15958,31.167969
10085,512,15542,30.355469
10086,512,16000,31.250000
10087,512,16084,31.414062
10088,512,15667,30.599609
10089,512,15125,29.541016
10090,512,16250,31.738281
10091,512,15542,30.355469
10092,512,15750,30.761719
10093,512,15542,30.355469
10094,512,15458,30.191406
10095,512,15542,30.355469
10096,512,15375,30.029297
10097,512,16042,31.332031
10098,512,15708,30.679688
10099,512,24500,47.851562
10100,512,15958,31.167969
10101,512,16042,31.332031
10102,512,15791,30.841797
10103,512,16125,31.494141
10104,512,31709,61.931641
10105,512,15666,30.597656
10106,512,15709,30.681641
10107,512,22000,42.968750
10108,512,23083,45.083984
10109,512,15917,31.087891
10110,512,15625,30.517578
10111,512,15417,30.111328
10112,512,15958,31.167969
10113,512,15958,31.167969
10114,512,15833,30.923828
10115,512,15125,29.541016
10116,512,15875,31.005859
10117,512,15792,30.843750
10118,512,15625,30.517578
10119,512,16375,31.982422
10120,512,15666,30.597656
10121,512,16458,32.144531
10122,512,20292,39.632812
10123,512,22208,43.375000
10124,512,21875,42.724609
10125,512,20042,39.144531
10126,512,16041,31.330078
10127,512,16333,31.900391
10128,512,16417,32.064453
10129,512,16083,31.412109
10130,512,16417,32.064453
10131,512,15667,30.599609
10132,512,15791,30.841797
10133,512,15750,30.761719
10134,512,16333,31.900391
10135,512,16042,31.332031
10136,512,16042,31.332031
10137,512,15709,30.681641
10138,512,16084,31.414062
10139,512,15250,29.785156
10140,512,15875,31.005859
10141,512,15875,31.005859
10142,512,15833,30.923828
10143,512,15959,31.169922
10144,512,14875,29.052734
10145,512,16291,31.818359
10146,512,15625,30.517578
10147,512,15667,30.599609
10148,512,15375,30.029297
10149,512,16209,31.658203
10150,512,15750,30.761719
10151,512,15625,30.517578
10152,512,15750,30.761719
10153,512,15500,30.273438
10154,512,15584,30.437500
10155,512,16209,31.658203
10156,512,15833,30.923828
10157,512,15667,30.599609
10158,512,15625,30.517578
10159,512,15792,30.843750
10160,512,16292,31.820312
10161,512,15250,29.785156
10162,512,15583,30.435547
10163,512,15542,30.355469
10164,512,16041,31.330078
10165,512,15917,31.087891
10166,512,16042,31.332031
10167,512,15333,29.947266
10168,512,16125,31.494141
10169,512,15958,31.167969
10170,512,15584,30.437500
10171,512,16208,31.656250
10172,512,15458,30.191406
10173,512,15458,30.191406
10174,512,16083,31.412109
10175,512,15875,31.005859
10176,512,16500,32.226562
10177,512,15833,30.923828
10178,512,15959,31.169922
10179,512,15625,30.517578
10180,512,15833,30.923828
10181,512,16000,31.250000
10182,512,15833,30.923828
10183,512,16000,31.250000
10184,512,16167,31.576172
10185,512,15833,30.923828
10186,512,15458,30.191406
10187,512,15292,29.867188
10188,512,15958,31.167969
10189,512,15333,29.947266
10190,512,15583,30.435547
10191,512,15792,30.843750
10192,512,15875,31.005859
10193,512,15917,31.087891
10194,512,15959,31.169922
10195,512,15916,31.085938
10196,512,16042,31.332031
10197,512,15541,30.353516
10198,512,15667,30.599609
10199,512,15500,30.273438
10200,512,16125,31.494141
10201,512,16292,31.820312
10202,512,15250,29.785156
10203,512,16083,31.412109
10204,512,15959,31.169922
10205,512,15875,31.005859
10206,512,15875,31.005859
10207,512,16042,31.332031
10208,512,15709,30.681641
10209,512,16250,31.738281
10210,512,16125,31.494141
10211,512,15875,31.005859
10212,512,15792,30.843750
10213,512,16125,31.494141
10214,512,15791,30.841797
10215,512,15708,30.679688
10216,512,15792,30.843750
10217,512,15584,30.437500
10218,512,15750,30.761719
10219,512,16041,31.330078
10220,512,15792,30.843750
10221,512,15375,30.029297
10222,512,15875,31.005859
10223,512,16250,31.738281
10224,512,15625,30.517578
10225,512,15291,29.865234
10226,512,15459,30.193359
10227,512,15417,30.111328
10228,512,15833,30.923828
10229,512,16875,32.958984
10230,512,17250,33.691406
10231,512,16708,32.632812
10232,512,17500,34.179688
10233,512,16667,32.552734
10234,512,16750,32.714844
10235,512,17208,33.609375
10236,512,16667,32.552734
10237,512,16500,32.226562
10238,512,17167,33.529297
10239,512,16958,33.121094
10240,512,16917,33.041016
10241,512,17375,33.935547
10242,512,16709,32.634766
10243,512,17709,34.587891
10244,512,17791,34.748047
10245,512,16459,32.146484
10246,512,16709,32.634766
10247,512,17459,34.099609
10248,512,17250,33.691406
10249,512,16334,31.902344
10250,512,16500,32.226562
10251,512,16750,32.714844
10252,512,17667,34.505859
10253,512,17750,34.667969
10254,512,17667,34.505859
10255,512,18208,35.562500
10256,512,16834,32.878906
10257,512,17250,33.691406
10258,512,17166,33.527344
10259,512,17584,34.343750
10260,512,16708,32.632812
10261,512,17208,33.609375
10262,512,17167,33.529297
10263,512,16875,32.958984
10264,512,17291,33.771484
10265,512,17500,34.179688
10266,512,16666,32.550781
10267,512,17334,33.855469
10268,512,17292,33.773438
10269,512,17041,33.283203
10270,512,17292,33.773438
10271,512,16958,33.121094
10272,512,17083,33.365234
10273,512,17084,33.367188
10274,512,16708,32.632812
10275,512,17375,33.935547
10276,512,17333,33.853516
10277,512,24167,47.201172
10278,512,17500,34.179688
10279,512,16625,32.470703
10280,512,16875,32.958984
10281,512,17500,34.179688
10282,512,17500,34.179688
10283,512,17041,33.283203
10284,512,16917,33.041016
10285,512,16833,32.876953
10286,512,17250,33.691406
10287,512,17375,33.935547
10288,512,16667,32.552734
10289,512,16459,32.146484
10290,512,17125,33.447266
10291,512,17333,33.853516
10292,512,16917,33.041016
10293,512,16833,32.876953
10294,512,17042,33.285156
10295,512,16709,32.634766
10296,512,16750,32.714844
10297,512,17000,33.203125
10298,512,16333,31.900391
10299,512,16833,32.876953
10300,512,16750,32.714844
10301,512,17250,33.691406
10302,512,16917,33.041016
10303,512,16542,32.308594
10304,512,16500,32.226562
10305,512,15875,31.005859
10306,512,16833,32.876953
10307,512,17000,33.203125
10308,512,17042,33.285156
10309,512,16959,33.123047
10310,512,16958,33.121094
10311,512,16708,32.632812
10312,512,16500,32.226562
10313,512,16375,31.982422
10314,512,17250,33.691406
10315,512,16625,32.470703
10316,512,17125,33.447266
10317,512,17333,33.853516
10318,512,17083,33.365234
10319,512,17417,34.017578
10320,512,17625,34.423828
10321,512,16167,31.576172
10322,512,17250,33.691406
10323,512,16750,32.714844
10324,512,16833,32.876953
10325,512,16292,31.820312
10326,512,17041,33.283203
10327,512,16917,33.041016
10328,512,16083,31.412109
10329,512,17000,33.203125
10330,512,17208,33.609375
10331,512,16375,31.982422
10332,512,16958,33.121094
10333,512,17083,33.365234
10334,512,17125,33.447266
10335,512,17250,33.691406
10336,512,16958,33.121094
10337,512,16917,33.041016
10338,512,17292,33.773438
10339,512,17041,33.283203
10340,512,17292,33.773438
10341,512,16791,32.794922
10342,512,16917,33.041016
10343,512,16375,31.982422
10344,512,17042,33.285156
10345,512,17375,33.935547
10346,512,17083,33.365234
10347,512,17250,33.691406
10348,512,17166,33.527344
10349,512,16834,32.878906
10350,512,16875,32.958984
10351,512,16875,32.958984
10352,512,16625,32.470703
10353,512,17208,33.609375
10354,512,17667,34.505859
10355,512,16584,32.390625
10356,512,16791,32.794922
10357,512,16709,32.634766
10358,512,17625,34.423828
10359,512,72666,141.925781
10360,512,34750,67.871094
10361,512,16292,31.820312
10362,512,15709,30.681641
10363,512,16458,32.144531
10364,512,16625,32.470703
10365,512,15583,30.435547
10366,512,20375,39.794922
10367,512,21958,42.886719
10368,512,21958,42.886719
10369,512,15625,30.517578
10370,512,15958,31.167969
10371,512,16417,32.064453
10372,512,16000,31.250000
10373,512,15542,30.355469
10374,512,16208,31.656250
10375,512,16292,31.820312
10376,512,16500,32.226562
10377,512,16500,32.226562
10378,512,16625,32.470703
10379,512,15667,30.599609
10380,512,16084,31.414062
10381,512,16458,32.144531
10382,512,17042,33.285156
10383,512,16209,31.658203
10384,512,15708,30.679688
10385,512,16917,33.041016
10386,512,16375,31.982422
10387,512,16250,31.738281
10388,512,15750,30.761719
10389,512,16083,31.412109
10390,512,15917,31.087891
10391,512,15000,29.296875
10392,512,16083,31.412109
10393,512,15667,30.599609
10394,512,16250,31.738281
10395,512,15750,30.761719
10396,512,16166,31.574219
10397,512,16292,31.820312
10398,512,16042,31.332031
10399,512,16375,31.982422
10400,512,16459,32.146484
10401,512,16583,32.388672
10402,512,16875,32.958984
10403,512,16166,31.574219
10404,512,16000,31.250000
10405,512,15500,30.273438
10406,512,15250,29.785156
10407,512,15541,30.353516
10408,512,16542,32.308594
10409,512,21833,42.642578
10410,512,18792,36.703125
10411,512,17000,33.203125
10412,512,16250,31.738281
10413,512,15791,30.841797
10414,512,16209,31.658203
10415,512,16834,32.878906
10416,512,21666,42.316406
10417,512,22042,43.050781
10418,512,20708,40.445312
10419,512,31416,61.359375
10420,512,20667,40.365234
10421,512,17584,34.343750
10422,512,16000,31.250000
10423,512,15958,31.167969
10424,512,15208,29.703125
10425,512,15584,30.437500
10426,512,16333,31.900391
10427,512,25083,48.990234
10428,512,18959,37.029297
10429,512,15333,29.947266
10430,512,15917,31.087891
10431,512,16875,32.958984
10432,512,22500,43.945312
10433,512,22542,44.027344
10434,512,21208,41.421875
10435,512,17375,33.935547
10436,512,16875,32.958984
10437,512,15500,30.273438
10438,512,15291,29.865234
10439,512,16042,31.332031
10440,512,15458,30.191406
10441,512,15750,30.761719
10442,512,14833,28.970703
10443,512,15667,30.599609
10444,512,16166,31.574219
10445,512,15834,30.925781
10446,512,15791,30.841797
10447,512,15334,29.949219
10448,512,15250,29.785156
10449,512,28250,55.175781
10450,512,16125,31.494141
10451,512,15916,31.085938
10452,512,15834,30.925781
10453,512,20750,40.527344
10454,512,15416,30.109375
10455,512,15583,30.435547
10456,512,16334,31.902344
10457,512,15791,30.841797
10458,512,15417,30.111328
10459,512,15500,30.273438
10460,512,15500,30.273438
10461,512,15375,30.029297
10462,512,16334,31.902344
10463,512,15625,30.517578
10464,512,16333,31.900391
10465,512,16042,31.332031
10466,512,15791,30.841797
10467,512,15667,30.599609
10468,512,16166,31.574219
10469,512,16250,31.738281
10470,512,15458,30.191406
10471,512,16250,31.738281
10472,512,15209,29.705078
10473,512,15041,29.376953
10474,512,15917,31.087891
10475,512,15875,31.005859
10476,512,15500,30.273438
10477,512,15875,31.005859
10478,512,16084,31.414062
10479,512,15916,31.085938
10480,512,16000,31.250000
10481,512,22209,43.376953
10482,512,16333,31.900391
10483,512,16083,31.412109
10484,512,16334,31.902344
10485,512,15625,30.517578
10486,512,16083,31.412109
10487,512,15667,30.599609
10488,512,16167,31.576172
10489,512,20792,40.609375
10490,512,17416,34.015625
10491,512,17334,33.855469
10492,512,17666,34.503906
10493,512,16875,32.958984
10494,512,17000,33.203125
10495,512,17125,33.447266
10496,512,16958,33.121094
10497,512,17958,35.074219
10498,512,16958,33.121094
10499,512,17333,33.853516
10500,512,17333,33.853516
10501,512,16917,33.041016
10502,512,17042,33.285156
10503,512,16667,32.552734
10504,512,17458,34.097656
10505,512,16500,32.226562
10506,512,17125,33.447266
10507,512,17125,33.447266
10508,512,16917,33.041016
10509,512,17916,34.992188
10510,512,17167,33.529297
10511,512,16833,32.876953
10512,512,16542,32.308594
10513,512,17375,33.935547
10514,512,17208,33.609375
10515,512,17083,33.365234
10516,512,17333,33.853516
10517,512,17209,33.611328
10518,512,17083,33.365234
10519,512,16916,33.039062
10520,512,16833,32.876953
10521,512,17042,33.285156
10522,512,17125,33.447266
10523,512,16792,32.796875
10524,512,16791,32.794922
10525,512,16834,32.878906
10526,512,16875,32.958984
10527,512,16209,31.658203
10528,512,16834,32.878906
10529,512,17375,33.935547
10530,512,16709,32.634766
10531,512,17458,34.097656
10532,512,17542,34.261719
10533,512,17250,33.691406
10534,512,16916,33.039062
10535,512,16834,32.878906
10536,512,16666,32.550781
10537,512,16375,31.982422
10538,512,16417,32.064453
10539,512,16708,32.632812
10540,512,16708,32.632812
10541,512,17042,33.285156
10542,512,17292,33.773438
10543,512,21458,41.910156
10544,512,18083,35.318359
10545,512,23375,45.654297
10546,512,21750,42.480469
10547,512,22125,43.212891
10548,512,18042,35.238281
10549,512,17583,34.341797
10550,512,18083,35.318359
10551,512,20584,40.203125
10552,512,18875,36.865234
10553,512,21916,42.804688
10554,512,20083,39.224609
10555,512,18125,35.400391
10556,512,32291,63.068359
10557,512,27750,54.199219
10558,512,18625,36.376953
10559,512,18208,35.562500
10560,512,17708,34.585938
10561,512,17334,33.855469
10562,512,18333,35.806641
10563,512,17125,33.447266
10564,512,18000,35.156250
10565,512,18625,36.376953
10566,512,17750,34.667969
10567,512,18333,35.806641
10568,512,17500,34.179688
10569,512,18000,35.156250
10570,512,18417,35.970703
10571,512,19666,38.410156
10572,512,20375,39.794922
10573,512,18375,35.888672
10574,512,17750,34.667969
10575,512,16000,31.250000
10576,512,15833,30.923828
10577,512,15917,31.087891
10578,512,18625,36.376953
10579,512,22167,43.294922
10580,512,18291,35.724609
10581,512,18209,35.564453
10582,512,21666,42.316406
10583,512,19500,38.085938
10584,512,20500,40.039062
10585,512,21667,42.318359
10586,512,21333,41.666016
10587,512,22708,44.351562
10588,512,21792,42.562500
10589,512,17958,35.074219
10590,512,15625,30.517578
10591,512,15833,30.923828
10592,512,15875,31.005859
10593,512,15750,30.761719
10594,512,16541,32.306641
10595,512,15792,30.843750
10596,512,16125,31.494141
10597,512,15250,29.785156
10598,512,16291,31.818359
10599,512,16125,31.494141
10600,512,15291,29.865234
10601,512,15417,30.111328
10602,512,15542,30.355469
10603,512,16125,31.494141
10604,512,15584,30.437500
10605,512,15916,31.085938
10606,512,16125,31.494141
10607,512,16708,32.632812
10608,512,16417,32.064453
10609,512,20125,39.306641
10610,512,16291,31.818359
10611,512,16333,31.900391
10612,512,17042,33.285156
10613,512,20000,39.062500
10614,512,17333,33.853516
10615,512,17292,33.773438
10616,512,22417,43.783203
10617,512,23875,46.630859
10618,512,18500,36.132812
10619,512,16875,32.958984
10620,512,16417,32.064453
10621,512,16625,32.470703
10622,512,17042,33.285156
10623,512,17000,33.203125
10624,512,16875,32.958984
10625,512,16375,31.982422
10626,512,16542,32.308594
10627,512,16750,32.714844
10628,512,16792,32.796875
10629,512,17000,33.203125
10630,512,15791,30.841797
10631,512,16750,32.714844
10632,512,16000,31.250000
10633,512,16541,32.306641
10634,512,16417,32.064453
10635,512,16666,32.550781
10636,512,15958,31.167969
10637,512,16125,31.494141
10638,512,15625,30.517578
10639,512,15875,31.005859
10640,512,16333,31.900391
10641,512,16042,31.332031
10642,512,16708,32.632812
10643,512,16292,31.820312
10644,512,16375,31.982422
10645,512,16250,31.738281
10646,512,16625,32.470703
10647,512,15958,31.167969
10648,512,16292,31.820312
10649,512,16709,32.634766
10650,512,16291,31.818359
10651,512,16625,32.470703
10652,512,15834,30.925781
10653,512,16291,31.818359
10654,512,16417,32.064453
10655,512,16041,31.330078
10656,512,16000,31.250000
10657,512,16084,31.414062
10658,512,16000,31.250000
10659,512,16583,32.388672
10660,512,16250,31.738281
10661,512,16750,32.714844
10662,512,15875,31.005859
10663,512,16750,32.714844
10664,512,16333,31.900391
10665,512,16625,32.470703
10666,512,16458,32.144531
10667,512,16500,32.226562
10668,512,16416,32.062500
10669,512,16458,32.144531
10670,512,16375,31.982422
10671,512,16375,31.982422
10672,512,16500,32.226562
10673,512,15792,30.843750
10674,512,15916,31.085938
10675,512,16500,32.226562
10676,512,16375,31.982422
10677,512,16792,32.796875
10678,512,16250,31.738281
10679,512,16250,31.738281
10680,512,15750,30.761719
10681,512,16333,31.900391
10682,512,16625,32.470703
10683,512,16083,31.412109
10684,512,16000,31.250000
10685,512,15917,31.087891
10686,512,16542,32.308594
10687,512,16083,31.412109
10688,512,16167,31.576172
10689,512,15834,30.925781
10690,512,16583,32.388672
10691,512,16167,31.576172
10692,512,15625,30.517578
10693,512,16792,32.796875
10694,512,16541,32.306641
10695,512,15959,31.169922
10696,512,16416,32.062500
10697,512,15959,31.169922
10698,512,15666,30.597656
10699,512,16375,31.982422
10700,512,16375,31.982422
10701,512,15833,30.923828
10702,512,16250,31.738281
10703,512,16084,31.414062
10704,512,15958,31.167969
10705,512,16125,31.494141
10706,512,16041,31.330078
10707,512,16000,31.250000
10708,512,16042,31.332031
10709,512,16084,31.414062
10710,512,16541,32.306641
10711,512,16417,32.064453
10712,512,16750,32.714844
10713,512,17250,33.691406
10714,512,16000,31.250000
10715,512,16542,32.308594
10716,512,17166,33.527344
10717,512,16709,32.634766
10718,512,19708,38.492188
10719,512,22417,43.783203
10720,512,17458,34.097656
10721,512,17875,34.912109
10722,512,17334,33.855469
10723,512,18041,35.236328
10724,512,16667,32.552734
10725,512,16542,32.308594
10726,512,16458,32.144531
10727,512,16542,32.308594
10728,512,17167,33.529297
10729,512,22583,44.107422
10730,512,20042,39.144531
10731,512,17708,34.585938
10732,512,17625,34.423828
10733,512,18417,35.970703
10734,512,21291,41.583984
10735,512,22625,44.189453
10736,512,22292,43.539062
10737,512,20542,40.121094
10738,512,16125,31.494141
10739,512,16458,32.144531
10740,512,15625,30.517578
10741,512,16125,31.494141
10742,512,16000,31.250000
10743,512,16416,32.062500
10744,512,15292,29.867188
10745,512,15958,31.167969
10746,512,16708,32.632812
10747,512,16167,31.576172
10748,512,16291,31.818359
10749,512,16250,31.738281
10750,512,16375,31.982422
10751,512,16917,33.041016
10752,512,17000,33.203125
10753,512,17416,34.015625
10754,512,17625,34.423828
10755,512,17250,33.691406
10756,512,17459,34.099609
10757,512,16833,32.876953
10758,512,17583,34.341797
10759,512,16958,33.121094
10760,512,17292,33.773438
10761,512,17500,34.179688
10762,512,17000,33.203125
10763,512,17000,33.203125
10764,512,17083,33.365234
10765,512,17667,34.505859
10766,512,17708,34.585938
10767,512,17458,34.097656
10768,512,16583,32.388672
10769,512,18250,35.644531
10770,512,18250,35.644531
10771,512,17875,34.912109
10772,512,17708,34.585938
10773,512,16958,33.121094
10774,512,17375,33.935547
10775,512,17333,33.853516
10776,512,16542,32.308594
10777,512,16958,33.121094
10778,512,17375,33.935547
10779,512,17459,34.099609
10780,512,21125,41.259766
10781,512,22000,42.968750
10782,512,19708,38.492188
10783,512,16750,32.714844
10784,512,17208,33.609375
10785,512,17375,33.935547
10786,512,16833,32.876953
10787,512,17333,33.853516
10788,512,17209,33.611328
10789,512,17333,33.853516
10790,512,16625,32.470703
10791,512,17000,33.203125
10792,512,16958,33.121094
10793,512,17333,33.853516
10794,512,17500,34.179688
10795,512,17625,34.423828
10796,512,17584,34.343750
10797,512,17334,33.855469
10798,512,17041,33.283203
10799,512,17375,33.935547
10800,512,17500,34.179688
10801,512,17416,34.015625
10802,512,16917,33.041016
10803,512,16958,33.121094
10804,512,17209,33.611328
10805,512,16750,32.714844
10806,512,16708,32.632812
10807,512,16958,33.121094
10808,512,16792,32.796875
10809,512,17083,33.365234
10810,512,17125,33.447266
10811,512,17208,33.609375
10812,512,16875,32.958984
10813,512,17500,34.179688
10814,512,18000,35.156250
10815,512,17292,33.773438
10816,512,17542,34.261719
10817,512,17458,34.097656
10818,512,16667,32.552734
10819,512,16916,33.039062
10820,512,16834,32.878906
10821,512,17166,33.527344
10822,512,17042,33.285156
10823,512,17208,33.609375
10824,512,17083,33.365234
10825,512,16750,32.714844
10826,512,16917,33.041016
10827,512,17750,34.667969
10828,512,17333,33.853516
10829,512,16542,32.308594
10830,512,17125,33.447266
10831,512,17458,34.097656
10832,512,16791,32.794922
10833,512,17459,34.099609
10834,512,17625,34.423828
10835,512,17125,33.447266
10836,512,17334,33.855469
10837,512,17125,33.447266
10838,512,16875,32.958984
10839,512,16584,32.390625
10840,512,16625,32.470703
10841,512,18000,35.156250
10842,512,17042,33.285156
10843,512,17500,34.179688
10844,512,16917,33.041016
10845,512,17542,34.261719
10846,512,17500,34.179688
10847,512,17041,33.283203
10848,512,17083,33.365234
10849,512,17500,34.179688
10850,512,17750,34.667969
10851,512,17000,33.203125
10852,512,16750,32.714844
10853,512,16875,32.958984
10854,512,17333,33.853516
10855,512,17292,33.773438
10856,512,16750,32.714844
10857,512,16917,33.041016
10858,512,16833,32.876953
10859,512,16791,32.794922
10860,512,16584,32.390625
10861,512,16500,32.226562
10862,512,16875,32.958984
10863,512,17125,33.447266
10864,512,17291,33.771484
10865,512,17167,33.529297
10866,512,17125,33.447266
10867,512,17042,33.285156
10868,512,17958,35.074219
10869,512,17208,33.609375
10870,512,16833,32.876953
10871,512,16833,32.876953
10872,512,16750,32.714844
10873,512,17792,34.750000
10874,512,16750,32.714844
10875,512,17791,34.748047
10876,512,17250,33.691406
10877,512,16833,32.876953
10878,512,16875,32.958984
10879,512,17042,33.285156
10880,512,17084,33.367188
10881,512,16875,32.958984
10882,512,16958,33.121094
10883,512,17083,33.365234
10884,512,17375,33.935547
10885,512,17792,34.750000
10886,512,16667,32.552734
10887,512,16750,32.714844
10888,512,17292,33.773438
10889,512,16500,32.226562
10890,512,16958,33.121094
10891,512,16917,33.041016
10892,512,17291,33.771484
10893,512,16208,31.656250
10894,512,16792,32.796875
10895,512,16500,32.226562
10896,512,17459,34.099609
10897,512,17458,34.097656
10898,512,16875,32.958984
10899,512,17500,34.179688
10900,512,17000,33.203125
10901,512,17500,34.179688
10902,512,17750,34.667969
10903,512,18125,35.400391
10904,512,17291,33.771484
10905,512,17417,34.017578
10906,512,18666,36.457031
10907,512,20917,40.853516
10908,512,17583,34.341797
10909,512,17500,34.179688
10910,512,17708,34.585938
10911,512,17667,34.505859
10912,512,17917,34.994141
10913,512,16250,31.738281
10914,512,22041,43.048828
10915,512,22250,43.457031
10916,512,23083,45.083984
10917,512,17959,35.076172
10918,512,17375,33.935547
10919,512,17250,33.691406
10920,512,17333,33.853516
10921,512,17250,33.691406
10922,512,17667,34.505859
10923,512,17500,34.179688
10924,512,17584,34.343750
10925,512,17375,33.935547
10926,512,16875,32.958984
10927,512,17667,34.505859
10928,512,16833,32.876953
10929,512,17375,33.935547
10930,512,16208,31.656250
10931,512,17625,34.423828
10932,512,17292,33.773438
10933,512,17250,33.691406
10934,512,17291,33.771484
10935,512,19417,37.923828
10936,512,17292,33.773438
10937,512,16875,32.958984
10938,512,18625,36.376953
10939,512,20000,39.062500
10940,512,17250,33.691406
10941,512,18250,35.644531
10942,512,17959,35.076172
10943,512,16625,32.470703
10944,512,17958,35.074219
10945,512,17500,34.179688
10946,512,17875,34.912109
10947,512,16917,33.041016
10948,512,18041,35.236328
10949,512,20209,39.470703
10950,512,18000,35.156250
10951,512,17792,34.750000
10952,512,17666,34.503906
10953,512,17500,34.179688
10954,512,18500,36.132812
10955,512,19459,38.005859
10956,512,22500,43.945312
10957,512,18334,35.808594
10958,512,17875,34.912109
10959,512,17625,34.423828
10960,512,17292,33.773438
10961,512,17458,34.097656
10962,512,20834,40.691406
10963,512,19000,37.109375
10964,512,17667,34.505859
10965,512,18000,35.156250
10966,512,17708,34.585938
10967,512,16875,32.958984
10968,512,17166,33.527344
10969,512,18417,35.970703
10970,512,21666,42.316406
10971,512,22625,44.189453
10972,512,22542,44.027344
10973,512,17041,33.283203
10974,512,17042,33.285156
10975,512,17375,33.935547
10976,512,17708,34.585938
10977,512,17250,33.691406
10978,512,26042,50.863281
10979,512,20000,39.062500
10980,512,17583,34.341797
10981,512,17333,33.853516
10982,512,17209,33.611328
10983,512,17583,34.341797
10984,512,17416,34.015625
10985,512,17625,34.423828
10986,512,17375,33.935547
10987,512,17750,34.667969
10988,512,17500,34.179688
10989,512,17208,33.609375
10990,512,17167,33.529297
10991,512,17833,34.830078
10992,512,17750,34.667969
10993,512,17458,34.097656
10994,512,17333,33.853516
10995,512,17208,33.609375
10996,512,17125,33.447266
10997,512,17916,34.992188
10998,512,17333,33.853516
10999,512,17625,34.423828
11000,512,17833,34.830078
11001,512,17625,34.423828
11002,512,16833,32.876953
11003,512,17458,34.097656
11004,512,17375,33.935547
11005,512,17416,34.015625
11006,512,17292,33.773438
11007,512,16750,32.714844
11008,512,16625,32.470703
11009,512,17500,34.179688
11010,512,17375,33.935547
11011,512,16958,33.121094
11012,512,17000,33.203125
11013,512,16959,33.123047
11014,512,17583,34.341797
11015,512,16958,33.121094
11016,512,23000,44.921875
11017,512,17917,34.994141
11018,512,20875,40.771484
11019,512,21750,42.480469
11020,512,39875,77.880859
11021,512,27125,52.978516
11022,512,22125,43.212891
11023,512,20917,40.853516
11024,512,17584,34.343750
11025,512,18333,35.806641
11026,512,18542,36.214844
11027,512,18416,35.968750
11028,512,19500,38.085938
11029,512,20583,40.201172
11030,512,18000,35.156250
11031,512,21500,41.992188
11032,512,21042,41.097656
11033,512,17583,34.341797
11034,512,18458,36.050781
11035,512,19917,38.900391
11036,512,20084,39.226562
11037,512,19125,37.353516
11038,512,23334,45.574219
11039,512,18291,35.724609
11040,512,17042,33.285156
11041,512,18375,35.888672
11042,512,18000,35.156250
11043,512,18125,35.400391
11044,512,22667,44.271484
11045,512,19667,38.412109
11046,512,17750,34.667969
11047,512,17125,33.447266
11048,512,17875,34.912109
11049,512,17875,34.912109
11050,512,18667,36.458984
11051,512,17166,33.527344
11052,512,20667,40.365234
11053,512,20416,39.875000
11054,512,21875,42.724609
11055,512,17958,35.074219
11056,512,18292,35.726562
11057,512,20041,39.142578
11058,512,21250,41.503906
11059,512,19625,38.330078
11060,512,21667,42.318359
11061,512,21209,41.423828
11062,512,17333,33.853516
11063,512,15958,31.167969
11064,512,15584,30.437500
11065,512,16000,31.250000
11066,512,15375,30.029297
11067,512,15250,29.785156
11068,512,15416,30.109375
11069,512,15459,30.193359
11070,512,15583,30.435547
11071,512,16000,31.250000
11072,512,15583,30.435547
11073,512,15833,30.923828
11074,512,16042,31.332031
11075,512,16041,31.330078
11076,512,16584,32.390625
11077,512,15916,31.085938
11078,512,15583,30.435547
11079,512,15959,31.169922
11080,512,15958,31.167969
11081,512,16041,31.330078
11082,512,16083,31.412109
11083,512,16459,32.146484
11084,512,15875,31.005859
11085,512,15458,30.191406
11086,512,15458,30.191406
11087,512,15958,31.167969
11088,512,16125,31.494141
11089,512,15750,30.761719
11090,512,15083,29.458984
11091,512,15458,30.191406
11092,512,16084,31.414062
11093,512,15334,29.949219
11094,512,15333,29.947266
11095,512,15208,29.703125
11096,512,15375,30.029297
11097,512,15667,30.599609
11098,512,15834,30.925781
11099,512,15916,31.085938
11100,512,15959,31.169922
11101,512,16166,31.574219
11102,512,15542,30.355469
11103,512,15666,30.597656
11104,512,15792,30.843750
11105,512,15458,30.191406
11106,512,15375,30.029297
11107,512,15292,29.867188
11108,512,15791,30.841797
11109,512,15792,30.843750
11110,512,15791,30.841797
11111,512,16167,31.576172
11112,512,16334,31.902344
11113,512,15750,30.761719
11114,512,15667,30.599609
11115,512,16208,31.656250
11116,512,15917,31.087891
11117,512,16042,31.332031
11118,512,15875,31.005859
11119,512,16167,31.576172
11120,512,16417,32.064453
11121,512,15958,31.167969
11122,512,16125,31.494141
11123,512,15250,29.785156
11124,512,16375,31.982422
11125,512,15833,30.923828
11126,512,15917,31.087891
11127,512,15375,30.029297
11128,512,15833,30.923828
11129,512,15750,30.761719
11130,512,16334,31.902344
11131,512,16334,31.902344
11132,512,15833,30.923828
11133,512,15708,30.679688
11134,512,15292,29.867188
11135,512,15666,30.597656
11136,512,15417,30.111328
11137,512,15458,30.191406
11138,512,15750,30.761719
11139,512,15667,30.599609
11140,512,16083,31.412109
11141,512,15458,30.191406
11142,512,15959,31.169922
11143,512,15459,30.193359
11144,512,16000,31.250000
11145,512,15459,30.193359
11146,512,15584,30.437500
11147,512,15333,29.947266
11148,512,15083,29.458984
11149,512,15125,29.541016
11150,512,15792,30.843750
11151,512,15000,29.296875
11152,512,16750,32.714844
11153,512,17458,34.097656
11154,512,17084,33.367188
11155,512,17083,33.365234
11156,512,17667,34.505859
11157,512,16708,32.632812
11158,512,17125,33.447266
11159,512,16875,32.958984
11160,512,16708,32.632812
11161,512,16709,32.634766
11162,512,16750,32.714844
11163,512,17459,34.099609
11164,512,16875,32.958984
11165,512,16875,32.958984
11166,512,16458,32.144531
11167,512,16250,31.738281
11168,512,17125,33.447266
11169,512,16875,32.958984
11170,512,16833,32.876953
11171,512,17292,33.773438
11172,512,17208,33.609375
11173,512,17167,33.529297
11174,512,16667,32.552734
11175,512,16625,32.470703
11176,512,16458,32.144531
11177,512,17500,34.179688
11178,512,17125,33.447266
11179,512,17708,34.585938
11180,512,16875,32.958984
11181,512,17042,33.285156
11182,512,17500,34.179688
11183,512,16875,32.958984
11184,512,17291,33.771484
11185,512,17500,34.179688
11186,512,17000,33.203125
11187,512,16709,32.634766
11188,512,17709,34.587891
11189,512,16791,32.794922
11190,512,16875,32.958984
11191,512,16333,31.900391
11192,512,17375,33.935547
11193,512,16708,32.632812
11194,512,16500,32.226562
11195,512,16958,33.121094
11196,512,17417,34.017578
11197,512,15958,31.167969
11198,512,16750,32.714844
11199,512,16375,31.982422
11200,512,17125,33.447266
11201,512,16084,31.414062
11202,512,17459,34.099609
11203,512,17375,33.935547
11204,512,17291,33.771484
11205,512,17209,33.611328
11206,512,16584,32.390625
11207,512,16708,32.632812
11208,512,16667,32.552734
11209,512,16750,32.714844
11210,512,17375,33.935547
11211,512,16875,32.958984
11212,512,16250,31.738281
11213,512,17625,34.423828
11214,512,16708,32.632812
11215,512,17167,33.529297
11216,512,16958,33.121094
11217,512,16417,32.064453
11218,512,17375,33.935547
11219,512,17042,33.285156
11220,512,15792,30.843750
11221,512,16875,32.958984
11222,512,16625,32.470703
11223,512,17125,33.447266
11224,512,16708,32.632812
11225,512,17250,33.691406
11226,512,16583,32.388672
11227,512,17458,34.097656
11228,512,16833,32.876953
11229,512,17292,33.773438
11230,512,16708,32.632812
11231,512,16959,33.123047
11232,512,16666,32.550781
11233,512,16959,33.123047
11234,512,17000,33.203125
11235,512,16084,31.414062
11236,512,24459,47.771484
11237,512,16500,32.226562
11238,512,16625,32.470703
11239,512,17042,33.285156
11240,512,17042,33.285156
11241,512,17083,33.365234
11242,512,17208,33.609375
11243,512,17125,33.447266
11244,512,17208,33.609375
11245,512,16209,31.658203
11246,512,17167,33.529297
11247,512,17750,34.667969
11248,512,16958,33.121094
11249,512,17083,33.365234
11250,512,16750,32.714844
11251,512,17125,33.447266
11252,512,16125,31.494141
11253,512,16791,32.794922
11254,512,17083,33.365234
11255,512,16500,32.226562
11256,512,16208,31.656250
11257,512,17167,33.529297
11258,512,16666,32.550781
11259,512,16625,32.470703
11260,512,16917,33.041016
11261,512,17792,34.750000
11262,512,17292,33.773438
11263,512,17375,33.935547
11264,512,17541,34.259766
11265,512,16958,33.121094
11266,512,17500,34.179688
11267,512,17250,33.691406
11268,512,17166,33.527344
11269,512,17584,34.343750
11270,512,16959,33.123047
11271,512,17333,33.853516
11272,512,16958,33.121094
11273,512,17541,34.259766
11274,512,16959,33.123047
11275,512,16792,32.796875
11276,512,17291,33.771484
11277,512,16792,32.796875
11278,512,17167,33.529297
11279,512,17416,34.015625
11280,512,17167,33.529297
11281,512,18083,35.318359
11282,512,16792,32.796875
11283,512,17375,33.935547
11284,512,16625,32.470703
11285,512,17000,33.203125
11286,512,17333,33.853516
11287,512,17584,34.343750
11288,512,19250,37.597656
11289,512,21750,42.480469
11290,512,22042,43.050781
11291,512,22500,43.945312
11292,512,18791,36.701172
11293,512,17334,33.855469
11294,512,16708,32.632812
11295,512,16667,32.552734
11296,512,17292,33.773438
11297,512,17500,34.179688
11298,512,16583,32.388672
11299,512,17416,34.015625
11300,512,16500,32.226562
11301,512,17000,33.203125
11302,512,16833,32.876953
11303,512,16709,32.634766
11304,512,16750,32.714844
11305,512,17541,34.259766
11306,512,17334,33.855469
11307,512,17916,34.992188
11308,512,17250,33.691406
11309,512,17167,33.529297
11310,512,16333,31.900391
11311,512,16958,33.121094
11312,512,16542,32.308594
11313,512,17000,33.203125
11314,512,16791,32.794922
11315,512,16500,32.226562
11316,512,16292,31.820312
11317,512,16875,32.958984
11318,512,17250,33.691406
11319,512,17042,33.285156
11320,512,16292,31.820312
11321,512,17209,33.611328
11322,512,16625,32.470703
11323,512,16708,32.632812
11324,512,17417,34.017578
11325,512,16500,32.226562
11326,512,17334,33.855469
11327,512,16541,32.306641
11328,512,16708,32.632812
11329,512,16875,32.958984
11330,512,16958,33.121094
11331,512,17084,33.367188
11332,512,17750,34.667969
11333,512,16875,32.958984
11334,512,16917,33.041016
11335,512,17083,33.365234
11336,512,16834,32.878906
11337,512,17084,33.367188
11338,512,16583,32.388672
11339,512,17875,34.912109
11340,512,16583,32.388672
11341,512,16958,33.121094
11342,512,17208,33.609375
11343,512,17417,34.017578
11344,512,16750,32.714844
11345,512,16583,32.388672
11346,512,17042,33.285156
11347,512,16458,32.144531
11348,512,16958,33.121094
11349,512,17459,34.099609
11350,512,17625,34.423828
11351,512,17000,33.203125
11352,512,17500,34.179688
11353,512,16375,31.982422
11354,512,16834,32.878906
11355,512,16875,32.958984
11356,512,16542,32.308594
11357,512,17000,33.203125
11358,512,17417,34.017578
11359,512,17083,33.365234
11360,512,16916,33.039062
11361,512,16625,32.470703
11362,512,16542,32.308594
11363,512,16542,32.308594
11364,512,20708,40.445312
11365,512,16833,32.876953
11366,512,17167,33.529297
11367,512,17416,34.015625
11368,512,16750,32.714844
11369,512,17292,33.773438
11370,512,17500,34.179688
11371,512,16834,32.878906
11372,512,17042,33.285156
11373,512,16750,32.714844
11374,512,16875,32.958984
11375,512,16750,32.714844
11376,512,17333,33.853516
11377,512,17209,33.611328
11378,512,17375,33.935547
11379,512,16875,32.958984
11380,512,16875,32.958984
11381,512,16792,32.796875
11382,512,17041,33.283203
11383,512,17834,34.832031
11384,512,17375,33.935547
11385,512,17209,33.611328
11386,512,18291,35.724609
11387,512,17042,33.285156
11388,512,16916,33.039062
11389,512,17084,33.367188
11390,512,16792,32.796875
11391,512,17125,33.447266
11392,512,17291,33.771484
11393,512,16625,32.470703
11394,512,16917,33.041016
11395,512,17792,34.750000
11396,512,17209,33.611328
11397,512,17125,33.447266
11398,512,21250,41.503906
11399,512,16834,32.878906
11400,512,17166,33.527344
11401,512,18459,36.052734
11402,512,17500,34.179688
11403,512,17125,33.447266
11404,512,20416,39.875000
11405,512,21917,42.806641
11406,512,22500,43.945312
11407,512,22875,44.677734
11408,512,23958,46.792969
11409,512,19625,38.330078
11410,512,19417,37.923828
11411,512,17334,33.855469
11412,512,17375,33.935547
11413,512,16792,32.796875
11414,512,17541,34.259766
11415,512,16083,31.412109
11416,512,16459,32.146484
11417,512,25750,50.292969
11418,512,20583,40.201172
11419,512,17000,33.203125
11420,512,16791,32.794922
11421,512,17375,33.935547
11422,512,16542,32.308594
11423,512,17250,33.691406
11424,512,16833,32.876953
11425,512,16667,32.552734
11426,512,17334,33.855469
11427,512,20083,39.224609
11428,512,18000,35.156250
11429,512,18083,35.318359
11430,512,17417,34.017578
11431,512,17667,34.505859
11432,512,16958,33.121094
11433,512,16709,32.634766
11434,512,17000,33.203125
11435,512,16292,31.820312
11436,512,17042,33.285156
11437,512,28375,55.419922
11438,512,16834,32.878906
11439,512,16417,32.064453
11440,512,16250,31.738281
11441,512,16583,32.388672
11442,512,17000,33.203125
11443,512,16708,32.632812
11444,512,16542,32.308594
11445,512,16250,31.738281
11446,512,16334,31.902344
11447,512,16750,32.714844
11448,512,16875,32.958984
11449,512,17125,33.447266
11450,512,18458,36.050781
11451,512,21834,42.644531
11452,512,17416,34.015625
11453,512,16667,32.552734
11454,512,17083,33.365234
11455,512,17083,33.365234
11456,512,17334,33.855469
11457,512,17041,33.283203
11458,512,17459,34.099609
11459,512,16208,31.656250
11460,512,23625,46.142578
11461,512,16500,32.226562
11462,512,17041,33.283203
11463,512,16959,33.123047
11464,512,17000,33.203125
11465,512,16791,32.794922
11466,512,17042,33.285156
11467,512,16666,32.550781
11468,512,16958,33.121094
11469,512,16292,31.820312
11470,512,16791,32.794922
11471,512,23208,45.328125
11472,512,17917,34.994141
11473,512,22625,44.189453
11474,512,22000,42.968750
11475,512,26042,50.863281
11476,512,17458,34.097656
11477,512,16542,32.308594
11478,512,16625,32.470703
11479,512,16584,32.390625
11480,512,16666,32.550781
11481,512,16875,32.958984
11482,512,17417,34.017578
11483,512,16708,32.632812
11484,512,17000,33.203125
11485,512,16667,32.552734
11486,512,16625,32.470703
11487,512,16875,32.958984
11488,512,16500,32.226562
11489,512,16667,32.552734
11490,512,17375,33.935547
11491,512,16375,31.982422
11492,512,16833,32.876953
11493,512,16834,32.878906
11494,512,16500,32.226562
11495,512,16500,32.226562
11496,512,17000,33.203125
11497,512,17000,33.203125
11498,512,17250,33.691406
11499,512,20875,40.771484
11500,512,19916,38.898438
11501,512,17417,34.017578
11502,512,22500,43.945312
11503,512,20000,39.062500
11504,512,20959,40.935547
11505,512,18125,35.400391
11506,512,17625,34.423828
11507,512,17625,34.423828
11508,512,17542,34.261719
11509,512,18667,36.458984
11510,512,22000,42.968750
11511,512,19916,38.898438
11512,512,19792,38.656250
11513,512,22792,44.515625
11514,512,19292,37.679688
11515,512,27625,53.955078
11516,512,30583,59.732422
11517,512,18125,35.400391
11518,512,17792,34.750000
11519,512,18416,35.968750
11520,512,23292,45.492188
11521,512,20042,39.144531
11522,512,20458,39.957031
11523,512,36208,70.718750
11524,512,19125,37.353516
11525,512,18916,36.945312
11526,512,23334,45.574219
11527,512,18708,36.539062
11528,512,24916,48.664062
11529,512,17709,34.587891
11530,512,18166,35.480469
11531,512,17000,33.203125
11532,512,17125,33.447266
11533,512,16625,32.470703
11534,512,17833,34.830078
11535,512,24125,47.119141
11536,512,21792,42.562500
11537,512,19208,37.515625
11538,512,17792,34.750000
11539,512,18208,35.562500
11540,512,16666,32.550781
11541,512,17209,33.611328
11542,512,17500,34.179688
11543,512,17292,33.773438
11544,512,16750,32.714844
11545,512,16541,32.306641
11546,512,16917,33.041016
11547,512,17000,33.203125
11548,512,16833,32.876953
11549,512,16833,32.876953
11550,512,16125,31.494141
11551,512,15958,31.167969
11552,512,15667,30.599609
11553,512,15875,31.005859
11554,512,15625,30.517578
11555,512,15708,30.679688
11556,512,16125,31.494141
11557,512,16041,31.330078
11558,512,15708,30.679688
11559,512,15917,31.087891
11560,512,15791,30.841797
11561,512,15333,29.947266
11562,512,15875,31.005859
11563,512,15416,30.109375
11564,512,14875,29.052734
11565,512,15375,30.029297
11566,512,15917,31.087891
11567,512,15583,30.435547
11568,512,15916,31.085938
11569,512,15959,31.169922
11570,512,16166,31.574219
11571,512,15833,30.923828
11572,512,15417,30.111328
11573,512,15792,30.843750
11574,512,15208,29.703125
11575,512,15750,30.761719
11576,512,15084,29.460938
11577,512,15959,31.169922
11578,512,16291,31.818359
11579,512,15709,30.681641
11580,512,15625,30.517578
11581,512,15458,30.191406
11582,512,15625,30.517578
11583,512,15625,30.517578
11584,512,15584,30.437500
11585,512,15791,30.841797
11586,512,19833,38.736328
11587,512,21500,41.992188
11588,512,21292,41.585938
11589,512,22291,43.537109
11590,512,22084,43.132812
11591,512,16250,31.738281
11592,512,15917,31.087891
11593,512,15500,30.273438
11594,512,16125,31.494141
11595,512,20958,40.933594
11596,512,15292,29.867188
11597,512,15542,30.355469
11598,512,16042,31.332031
11599,512,15625,30.517578
11600,512,15584,30.437500
11601,512,15625,30.517578
11602,512,15208,29.703125
11603,512,15250,29.785156
11604,512,15750,30.761719
11605,512,16125,31.494141
11606,512,14750,28.808594
11607,512,16000,31.250000
11608,512,15667,30.599609
11609,512,22875,44.677734
11610,512,15917,31.087891
11611,512,15292,29.867188
11612,512,15375,30.029297
11613,512,15709,30.681641
11614,512,15291,29.865234
11615,512,15500,30.273438
11616,512,15875,31.005859
11617,512,15417,30.111328
11618,512,15834,30.925781
11619,512,16000,31.250000
11620,512,15917,31.087891
11621,512,15708,30.679688
11622,512,16042,31.332031
11623,512,15583,30.435547
11624,512,16125,31.494141
11625,512,16375,31.982422
11626,512,15583,30.435547
11627,512,19708,38.492188
11628,512,17500,34.179688
11629,512,16792,32.796875
11630,512,21500,41.992188
11631,512,19916,38.898438
11632,512,18375,35.888672
11633,512,16500,32.226562
11634,512,16500,32.226562
11635,512,16667,32.552734
11636,512,16875,32.958984
11637,512,17208,33.609375
11638,512,18042,35.238281
11639,512,17375,33.935547
11640,512,17459,34.099609
11641,512,17500,34.179688
11642,512,17291,33.771484
11643,512,17125,33.447266
11644,512,17625,34.423828
11645,512,17000,33.203125
11646,512,21541,42.072266
11647,512,18458,36.050781
11648,512,17833,34.830078
11649,512,17458,34.097656
11650,512,18042,35.238281
11651,512,21709,42.400391
11652,512,17541,34.259766
11653,512,18250,35.644531
11654,512,17167,33.529297
11655,512,17708,34.585938
11656,512,17292,33.773438
11657,512,17459,34.099609
11658,512,17416,34.015625
11659,512,17584,34.343750
11660,512,17250,33.691406
11661,512,17125,33.447266
11662,512,17292,33.773438
11663,512,16750,32.714844
11664,512,16625,32.470703
11665,512,17292,33.773438
11666,512,17375,33.935547
11667,512,16666,32.550781
11668,512,17750,34.667969
11669,512,17333,33.853516
11670,512,17458,34.097656
11671,512,17042,33.285156
11672,512,16958,33.121094
11673,512,16958,33.121094
11674,512,17291,33.771484
11675,512,17042,33.285156
11676,512,16292,31.820312
11677,512,17042,33.285156
11678,512,23208,45.328125
11679,512,17042,33.285156
11680,512,17125,33.447266
11681,512,17000,33.203125
11682,512,20333,39.712891
11683,512,18667,36.458984
11684,512,17791,34.748047
11685,512,18375,35.888672
11686,512,17542,34.261719
11687,512,17625,34.423828
11688,512,17875,34.912109
11689,512,17166,33.527344
11690,512,17542,34.261719
11691,512,17333,33.853516
11692,512,16917,33.041016
11693,512,17834,34.832031
11694,512,17417,34.017578
11695,512,17375,33.935547
11696,512,17583,34.341797
11697,512,17167,33.529297
11698,512,17458,34.097656
11699,512,17375,33.935547
11700,512,17500,34.179688
11701,512,17416,34.015625
11702,512,17167,33.529297
11703,512,16500,32.226562
11704,512,17000,33.203125
11705,512,17083,33.365234
11706,512,16958,33.121094
11707,512,17000,33.203125
11708,512,17334,33.855469
11709,512,17542,34.261719
11710,512,17000,33.203125
11711,512,17916,34.992188
11712,512,17417,34.017578
11713,512,17208,33.609375
11714,512,17291,33.771484
11715,512,17250,33.691406
11716,512,17542,34.261719
11717,512,17833,34.830078
11718,512,17208,33.609375
11719,512,17167,33.529297
11720,512,16875,32.958984
11721,512,16916,33.039062
11722,512,18083,35.318359
11723,512,17209,33.611328
11724,512,17458,34.097656
11725,512,17916,34.992188
11726,512,17667,34.505859
11727,512,17500,34.179688
11728,512,16541,32.306641
11729,512,16917,33.041016
11730,512,17250,33.691406
11731,512,16666,32.550781
11732,512,16750,32.714844
11733,512,17042,33.285156
11734,512,17416,34.015625
11735,512,17250,33.691406
11736,512,17959,35.076172
11737,512,17791,34.748047
11738,512,17167,33.529297
11739,512,17375,33.935547
11740,512,16916,33.039062
11741,512,17083,33.365234
11742,512,17667,34.505859
11743,512,17458,34.097656
11744,512,16959,33.123047
11745,512,17292,33.773438
11746,512,17708,34.585938
11747,512,17083,33.365234
11748,512,17125,33.447266
11749,512,17458,34.097656
11750,512,16917,33.041016
11751,512,17125,33.447266
11752,512,17250,33.691406
11753,512,16750,32.714844
11754,512,16625,32.470703
11755,512,17500,34.179688
11756,512,17584,34.343750
11757,512,16250,31.738281
11758,512,17208,33.609375
11759,512,17125,33.447266
11760,512,17292,33.773438
11761,512,17208,33.609375
11762,512,17250,33.691406
11763,512,16625,32.470703
11764,512,17209,33.611328
11765,512,17209,33.611328
11766,512,17291,33.771484
11767,512,16750,32.714844
11768,512,17459,34.099609
11769,512,16959,33.123047
11770,512,16375,31.982422
11771,512,15959,31.169922
11772,512,17583,34.341797
11773,512,16958,33.121094
11774,512,17375,33.935547
11775,512,17541,34.259766
11776,512,17750,34.667969
11777,512,17209,33.611328
11778,512,16833,32.876953
11779,512,16667,32.552734
11780,512,17084,33.367188
11781,512,17041,33.283203
11782,512,17625,34.423828
11783,512,17083,33.365234
11784,512,17208,33.609375
11785,512,17750,34.667969
11786,512,17000,33.203125
11787,512,17750,34.667969
11788,512,16958,33.121094
11789,512,17708,34.585938
11790,512,16917,33.041016
11791,512,17208,33.609375
11792,512,17583,34.341797
11793,512,16959,33.123047
11794,512,17250,33.691406
11795,512,16834,32.878906
11796,512,17916,34.992188
11797,512,17250,33.691406
11798,512,16875,32.958984
11799,512,16959,33.123047
11800,512,17208,33.609375
11801,512,16917,33.041016
11802,512,16958,33.121094
11803,512,17166,33.527344
11804,512,17084,33.367188
11805,512,17000,33.203125
11806,512,17542,34.261719
11807,512,17500,34.179688
11808,512,17792,34.750000
11809,512,17625,34.423828
11810,512,17500,34.179688
11811,512,17500,34.179688
11812,512,17083,33.365234
11813,512,17500,34.179688
11814,512,17708,34.585938
11815,512,16750,32.714844
11816,512,17541,34.259766
11817,512,17375,33.935547
11818,512,17042,33.285156
11819,512,17792,34.750000
11820,512,16875,32.958984
11821,512,17417,34.017578
11822,512,17083,33.365234
11823,512,16916,33.039062
11824,512,17542,34.261719
11825,512,17333,33.853516
11826,512,17125,33.447266
11827,512,17291,33.771484
11828,512,17333,33.853516
11829,512,17500,34.179688
11830,512,16792,32.796875
11831,512,17375,33.935547
11832,512,17750,34.667969
11833,512,17666,34.503906
11834,512,16667,32.552734
11835,512,17042,33.285156
11836,512,17084,33.367188
11837,512,16875,32.958984
11838,512,17167,33.529297
11839,512,23083,45.083984
11840,512,18958,37.027344
11841,512,17834,34.832031
11842,512,18000,35.156250
11843,512,17541,34.259766
11844,512,17209,33.611328
11845,512,17708,34.585938
11846,512,17250,33.691406
11847,512,16750,32.714844
11848,512,17166,33.527344
11849,512,17209,33.611328
11850,512,17583,34.341797
11851,512,16500,32.226562
11852,512,17458,34.097656
11853,512,17084,33.367188
11854,512,16833,32.876953
11855,512,17542,34.261719
11856,512,17375,33.935547
11857,512,17208,33.609375
11858,512,17292,33.773438
11859,512,17500,34.179688
11860,512,17667,34.505859
11861,512,17584,34.343750
11862,512,17750,34.667969
11863,512,16541,32.306641
11864,512,16417,32.064453
11865,512,17750,34.667969
11866,512,17375,33.935547
11867,512,17125,33.447266
11868,512,16875,32.958984
11869,512,17167,33.529297
11870,512,17500,34.179688
11871,512,16792,32.796875
11872,512,16542,32.308594
11873,512,16917,33.041016
11874,512,17458,34.097656
11875,512,16667,32.552734
11876,512,17125,33.447266
11877,512,17834,34.832031
11878,512,17333,33.853516
11879,512,17291,33.771484
11880,512,17375,33.935547
11881,512,17084,33.367188
11882,512,17375,33.935547
11883,512,17500,34.179688
11884,512,16959,33.123047
11885,512,16834,32.878906
11886,512,17583,34.341797
11887,512,17375,33.935547
11888,512,17625,34.423828
11889,512,16666,32.550781
11890,512,17000,33.203125
11891,512,16792,32.796875
11892,512,20750,40.527344
11893,512,18625,36.376953
11894,512,17125,33.447266
11895,512,16791,32.794922
11896,512,17834,34.832031
11897,512,17709,34.587891
11898,512,17417,34.017578
11899,512,17583,34.341797
11900,512,17542,34.261719
11901,512,17459,34.099609
11902,512,16917,33.041016
11903,512,17250,33.691406
11904,512,17458,34.097656
11905,512,17709,34.587891
11906,512,17375,33.935547
11907,512,17084,33.367188
11908,512,17666,34.503906
11909,512,16834,32.878906
11910,512,16583,32.388672
11911,512,16708,32.632812
11912,512,17042,33.285156
11913,512,17209,33.611328
11914,512,17041,33.283203
11915,512,16708,32.632812
11916,512,17417,34.017578
11917,512,17208,33.609375
11918,512,17208,33.609375
11919,512,17750,34.667969
11920,512,17334,33.855469
11921,512,16542,32.308594
11922,512,17125,33.447266
11923,512,16958,33.121094
11924,512,17208,33.609375
11925,512,16833,32.876953
11926,512,16500,32.226562
11927,512,17125,33.447266
11928,512,16792,32.796875
11929,512,17042,33.285156
11930,512,16833,32.876953
11931,512,17167,33.529297
11932,512,16958,33.121094
11933,512,17084,33.367188
11934,512,17166,33.527344
11935,512,17292,33.773438
11936,512,17542,34.261719
11937,512,17375,33.935547
11938,512,18500,36.132812
11939,512,20167,39.388672
11940,512,16792,32.796875
11941,512,17958,35.074219
11942,512,17708,34.585938
11943,512,18250,35.644531
11944,512,17166,33.527344
11945,512,17417,34.017578
11946,512,16917,33.041016
11947,512,17042,33.285156
11948,512,18791,36.701172
11949,512,19834,38.738281
11950,512,17791,34.748047
11951,512,17625,34.423828
11952,512,17709,34.587891
11953,512,18208,35.562500
11954,512,16875,32.958984
11955,512,17666,34.503906
11956,512,17750,34.667969
11957,512,17875,34.912109
11958,512,17125,33.447266
11959,512,17375,33.935547
11960,512,17792,34.750000
11961,512,17291,33.771484
11962,512,17292,33.773438
11963,512,17708,34.585938
11964,512,17333,33.853516
11965,512,16917,33.041016
11966,512,17625,34.423828
11967,512,16625,32.470703
11968,512,17208,33.609375
11969,512,16875,32.958984
11970,512,17208,33.609375
11971,512,18000,35.156250
11972,512,17667,34.505859
11973,512,17125,33.447266
11974,512,26458,51.675781
11975,512,26416,51.593750
11976,512,17583,34.341797
11977,512,25334,49.480469
11978,512,35833,69.986328
11979,512,22709,44.353516
11980,512,19834,38.738281
11981,512,18166,35.480469
11982,512,17625,34.423828
11983,512,17791,34.748047
11984,512,18292,35.726562
11985,512,17333,33.853516
11986,512,33417,65.267578
11987,512,74500,145.507812
11988,512,37917,74.056641
11989,512,15958,31.167969
11990,512,16167,31.576172
11991,512,16333,31.900391
11992,512,15792,30.843750
11993,512,16375,31.982422
11994,512,21917,42.806641
11995,512,21125,41.259766
11996,512,17708,34.585938
11997,512,17542,34.261719
11998,512,17709,34.587891
11999,512,16875,32.958984
12000,512,16167,31.576172
12001,512,16583,32.388672
12002,512,16250,31.738281
12003,512,15958,31.167969
12004,512,16042,31.332031
12005,512,16333,31.900391
12006,512,15500,30.273438
12007,512,15667,30.599609
12008,512,15708,30.679688
12009,512,16041,31.330078
12010,512,15875,31.005859
12011,512,15667,30.599609
12012,512,16125,31.494141
12013,512,15750,30.761719
12014,512,16250,31.738281
12015,512,16625,32.470703
12016,512,16333,31.900391
12017,512,16083,31.412109
12018,512,16834,32.878906
12019,512,15709,30.681641
12020,512,16458,32.144531
12021,512,16041,31.330078
12022,512,15792,30.843750
12023,512,15708,30.679688
12024,512,15167,29.623047
12025,512,15750,30.761719
12026,512,15792,30.843750
12027,512,15167,29.623047
12028,512,15625,30.517578
12029,512,15584,30.437500
12030,512,15416,30.109375
12031,512,15834,30.925781
12032,512,15708,30.679688
12033,512,16000,31.250000
12034,512,16167,31.576172
12035,512,16083,31.412109
12036,512,16250,31.738281
12037,512,16250,31.738281
12038,512,16834,32.878906
12039,512,16292,31.820312
12040,512,15875,31.005859
12041,512,16291,31.818359
12042,512,15708,30.679688
12043,512,15667,30.599609
12044,512,15417,30.111328
12045,512,15250,29.785156
12046,512,15834,30.925781
12047,512,15583,30.435547
12048,512,16375,31.982422
12049,512,15875,31.005859
12050,512,16250,31.738281
12051,512,15750,30.761719
12052,512,15500,30.273438
12053,512,16000,31.250000
12054,512,15709,30.681641
12055,512,15375,30.029297
12056,512,15791,30.841797
12057,512,14875,29.052734
12058,512,15958,31.167969
12059,512,15625,30.517578
12060,512,15833,30.923828
12061,512,15709,30.681641
12062,512,15792,30.843750
12063,512,15708,30.679688
12064,512,16000,31.250000
12065,512,15875,31.005859
12066,512,16292,31.820312
12067,512,15959,31.169922
12068,512,15333,29.947266
12069,512,15083,29.458984
12070,512,15583,30.435547
12071,512,15834,30.925781
12072,512,16125,31.494141
12073,512,15584,30.437500
12074,512,15083,29.458984
12075,512,15708,30.679688
12076,512,15250,29.785156
12077,512,15750,30.761719
12078,512,15042,29.378906
12079,512,16166,31.574219
12080,512,15792,30.843750
12081,512,15333,29.947266
12082,512,15708,30.679688
12083,512,15042,29.378906
12084,512,15625,30.517578
12085,512,15125,29.541016
12086,512,15542,30.355469
12087,512,15541,30.353516
12088,512,15584,30.437500
12089,512,15291,29.865234
12090,512,15959,31.169922
12091,512,15375,30.029297
12092,512,16125,31.494141
12093,512,16542,32.308594
12094,512,15875,31.005859
12095,512,16209,31.658203
12096,512,15625,30.517578
12097,512,15458,30.191406
12098,512,15375,30.029297
12099,512,15625,30.517578
12100,512,15750,30.761719
12101,512,16292,31.820312
12102,512,15708,30.679688
12103,512,15584,30.437500
12104,512,15208,29.703125
12105,512,15833,30.923828
12106,512,15792,30.843750
12107,512,16083,31.412109
12108,512,16375,31.982422
12109,512,16208,31.656250
12110,512,16250,31.738281
12111,512,15917,31.087891
12112,512,16416,32.062500
12113,512,16292,31.820312
12114,512,15458,30.191406
12115,512,16042,31.332031
12116,512,15459,30.193359
12117,512,15625,30.517578
12118,512,15875,31.005859
12119,512,15584,30.437500
12120,512,15834,30.925781
12121,512,16291,31.818359
12122,512,15375,30.029297
12123,512,15625,30.517578
12124,512,15709,30.681641
12125,512,15709,30.681641
12126,512,15709,30.681641
12127,512,15417,30.111328
12128,512,16208,31.656250
12129,512,15416,30.109375
12130,512,15334,29.949219
12131,512,16042,31.332031
12132,512,15375,30.029297
12133,512,15833,30.923828
12134,512,15875,31.005859
12135,512,15833,30.923828
12136,512,15666,30.597656
12137,512,15625,30.517578
12138,512,15500,30.273438
12139,512,15417,30.111328
12140,512,15708,30.679688
12141,512,15500,30.273438
12142,512,15583,30.435547
12143,512,16250,31.738281
12144,512,15667,30.599609
12145,512,15583,30.435547
12146,512,16000,31.250000
12147,512,16083,31.412109
12148,512,16542,32.308594
12149,512,15791,30.841797
12150,512,16084,31.414062
12151,512,15500,30.273438
12152,512,15583,30.435547
12153,512,16375,31.982422
12154,512,15792,30.843750
12155,512,15083,29.458984
12156,512,15750,30.761719
12157,512,15625,30.517578
12158,512,15041,29.376953
12159,512,15917,31.087891
12160,512,15541,30.353516
12161,512,15750,30.761719
12162,512,16292,31.820312
12163,512,15958,31.167969
12164,512,15792,30.843750
12165,512,15792,30.843750
12166,512,15666,30.597656
12167,512,16209,31.658203
12168,512,15125,29.541016
12169,512,15583,30.435547
12170,512,15542,30.355469
12171,512,15625,30.517578
12172,512,15334,29.949219
12173,512,15000,29.296875
12174,512,16041,31.330078
12175,512,15959,31.169922
12176,512,15875,31.005859
12177,512,15791,30.841797
12178,512,15375,30.029297
12179,512,15833,30.923828
12180,512,16000,31.250000
12181,512,15792,30.843750
12182,512,15041,29.376953
12183,512,15458,30.191406
12184,512,15792,30.843750
12185,512,16500,32.226562
12186,512,15125,29.541016
12187,512,15458,30.191406
12188,512,15792,30.843750
12189,512,15791,30.841797
12190,512,15500,30.273438
12191,512,15625,30.517578
12192,512,15917,31.087891
12193,512,15667,30.599609
12194,512,15583,30.435547
12195,512,16500,32.226562
12196,512,15750,30.761719
12197,512,15791,30.841797
12198,512,15708,30.679688
12199,512,15709,30.681641
12200,512,16125,31.494141
12201,512,15791,30.841797
12202,512,15542,30.355469
12203,512,15792,30.843750
12204,512,15792,30.843750
12205,512,15583,30.435547
12206,512,16041,31.330078
12207,512,15792,30.843750
12208,512,15833,30.923828
12209,512,15834,30.925781
12210,512,15541,30.353516
12211,512,15834,30.925781
12212,512,15791,30.841797
12213,512,15792,30.843750
12214,512,15958,31.167969
12215,512,16000,31.250000
12216,512,15625,30.517578
12217,512,15417,30.111328
12218,512,15916,31.085938
12219,512,16125,31.494141
12220,512,15417,30.111328
12221,512,16042,31.332031
12222,512,16791,32.794922
12223,512,17125,33.447266
12224,512,16417,32.064453
12225,512,16834,32.878906
12226,512,16166,31.574219
12227,512,16833,32.876953
12228,512,16334,31.902344
12229,512,16916,33.039062
12230,512,16208,31.656250
12231,512,16584,32.390625
12232,512,16875,32.958984
12233,512,17375,33.935547
12234,512,16625,32.470703
12235,512,16875,32.958984
12236,512,16500,32.226562
12237,512,16500,32.226562
12238,512,17500,34.179688
12239,512,16750,32.714844
12240,512,16875,32.958984
12241,512,16666,32.550781
12242,512,16667,32.552734
12243,512,16417,32.064453
12244,512,16791,32.794922
12245,512,17333,33.853516
12246,512,17792,34.750000
12247,512,16666,32.550781
12248,512,17209,33.611328
12249,512,17083,33.365234
12250,512,16833,32.876953
12251,512,16292,31.820312
12252,512,16375,31.982422
12253,512,16667,32.552734
12254,512,15958,31.167969
12255,512,16917,33.041016
12256,512,17042,33.285156
12257,512,16791,32.794922
12258,512,17167,33.529297
12259,512,16875,32.958984
12260,512,17542,34.261719
12261,512,17083,33.365234
12262,512,17125,33.447266
12263,512,17625,34.423828
12264,512,17084,33.367188
12265,512,16916,33.039062
12266,512,16875,32.958984
12267,512,16375,31.982422
12268,512,16667,32.552734
12269,512,16541,32.306641
12270,512,16917,33.041016
12271,512,16375,31.982422
12272,512,17000,33.203125
12273,512,17417,34.017578
12274,512,17083,33.365234
12275,512,16792,32.796875
12276,512,17000,33.203125
12277,512,17416,34.015625
12278,512,16750,32.714844
12279,512,16750,32.714844
12280,512,17083,33.365234
12281,512,17084,33.367188
12282,512,17708,34.585938
12283,512,21541,42.072266
12284,512,21334,41.667969
12285,512,18667,36.458984
12286,512,16791,32.794922
12287,512,16833,32.876953
12288,512,16709,32.634766
12289,512,17292,33.773438
12290,512,17292,33.773438
12291,512,18000,35.156250
12292,512,17041,33.283203
12293,512,17334,33.855469
12294,512,17542,34.261719
12295,512,17000,33.203125
12296,512,17209,33.611328
12297,512,16916,33.039062
12298,512,17709,34.587891
12299,512,16417,32.064453
12300,512,17917,34.994141
12301,512,17416,34.015625
12302,512,17209,33.611328
12303,512,16750,32.714844
12304,512,16250,31.738281
12305,512,16959,33.123047
12306,512,17208,33.609375
12307,512,17333,33.853516
12308,512,17500,34.179688
12309,512,17334,33.855469
12310,512,17625,34.423828
12311,512,16875,32.958984
12312,512,16667,32.552734
12313,512,17125,33.447266
12314,512,16709,32.634766
12315,512,16916,33.039062
12316,512,16875,32.958984
12317,512,16458,32.144531
12318,512,17125,33.447266
12319,512,16875,32.958984
12320,512,17375,33.935547
12321,512,17583,34.341797
12322,512,17208,33.609375
12323,512,17000,33.203125
12324,512,16750,32.714844
12325,512,17542,34.261719
12326,512,16417,32.064453
12327,512,16583,32.388672
12328,512,16792,32.796875
12329,512,17250,33.691406
12330,512,17083,33.365234
12331,512,16917,33.041016
12332,512,16959,33.123047
12333,512,16916,33.039062
12334,512,16500,32.226562
12335,512,17167,33.529297
12336,512,16833,32.876953
12337,512,17166,33.527344
12338,512,16708,32.632812
12339,512,16792,32.796875
12340,512,17083,33.365234
12341,512,17167,33.529297
12342,512,16958,33.121094
12343,512,16500,32.226562
12344,512,17000,33.203125
12345,512,16959,33.123047
12346,512,16750,32.714844
12347,512,16916,33.039062
12348,512,16709,32.634766
12349,512,16166,31.574219
12350,512,16917,33.041016
12351,512,16583,32.388672
12352,512,17250,33.691406
12353,512,16583,32.388672
12354,512,16875,32.958984
12355,512,16625,32.470703
12356,512,17250,33.691406
12357,512,17292,33.773438
12358,512,17166,33.527344
12359,512,17167,33.529297
12360,512,17042,33.285156
12361,512,17208,33.609375
12362,512,16833,32.876953
12363,512,16792,32.796875
12364,512,16667,32.552734
12365,512,17542,34.261719
12366,512,17458,34.097656
12367,512,17084,33.367188
12368,512,16792,32.796875
12369,512,17458,34.097656
12370,512,16667,32.552734
12371,512,16875,32.958984
12372,512,17375,33.935547
12373,512,16750,32.714844
12374,512,17791,34.748047
12375,512,17625,34.423828
12376,512,17042,33.285156
12377,512,17250,33.691406
12378,512,17542,34.261719
12379,512,17667,34.505859
12380,512,17541,34.259766
12381,512,16750,32.714844
12382,512,17458,34.097656
12383,512,17375,33.935547
12384,512,17458,34.097656
12385,512,16375,31.982422
12386,512,17167,33.529297
12387,512,16833,32.876953
12388,512,16709,32.634766
12389,512,17041,33.283203
12390,512,16667,32.552734
12391,512,17042,33.285156
12392,512,16750,32.714844
12393,512,17000,33.203125
12394,512,16375,31.982422
12395,512,16625,32.470703
12396,512,16458,32.144531
12397,512,17042,33.285156
12398,512,17084,33.367188
12399,512,17041,33.283203
12400,512,17875,34.912109
12401,512,17208,33.609375
12402,512,17166,33.527344
12403,512,17292,33.773438
12404,512,17000,33.203125
12405,512,16584,32.390625
12406,512,16375,31.982422
12407,512,16958,33.121094
12408,512,17042,33.285156
12409,512,17583,34.341797
12410,512,17542,34.261719
12411,512,17416,34.015625
12412,512,18083,35.318359
12413,512,17542,34.261719
12414,512,16917,33.041016
12415,512,17208,33.609375
12416,512,17250,33.691406
12417,512,17792,34.750000
12418,512,16208,31.656250
12419,512,17375,33.935547
12420,512,17333,33.853516
12421,512,17042,33.285156
12422,512,17000,33.203125
12423,512,17042,33.285156
12424,512,17458,34.097656
12425,512,17375,33.935547
12426,512,17583,34.341797
12427,512,17958,35.074219
12428,512,17291,33.771484
12429,512,17042,33.285156
12430,512,16833,32.876953
12431,512,17208,33.609375
12432,512,16792,32.796875
12433,512,16750,32.714844
12434,512,17125,33.447266
12435,512,16875,32.958984
12436,512,17416,34.015625
12437,512,16625,32.470703
12438,512,17250,33.691406
12439,512,17000,33.203125
12440,512,17166,33.527344
12441,512,16709,32.634766
12442,512,16875,32.958984
12443,512,16458,32.144531
12444,512,16958,33.121094
12445,512,16250,31.738281
12446,512,16417,32.064453
12447,512,17167,33.529297
12448,512,17375,33.935547
12449,512,17291,33.771484
12450,512,17000,33.203125
12451,512,16709,32.634766
12452,512,16875,32.958984
12453,512,17083,33.365234
12454,512,17166,33.527344
12455,512,16959,33.123047
12456,512,16459,32.146484
12457,512,17125,33.447266
12458,512,16750,32.714844
12459,512,16875,32.958984
12460,512,17250,33.691406
12461,512,16875,32.958984
12462,512,17125,33.447266
12463,512,17000,33.203125
12464,512,16833,32.876953
12465,512,17458,34.097656
12466,512,17042,33.285156
12467,512,17959,35.076172
12468,512,16666,32.550781
12469,512,17209,33.611328
12470,512,17083,33.365234
12471,512,16708,32.632812
12472,512,16958,33.121094
12473,512,17042,33.285156
12474,512,16625,32.470703
12475,512,16167,31.576172
12476,512,16250,31.738281
12477,512,17416,34.015625
12478,512,17208,33.609375
12479,512,16250,31.738281
12480,512,17208,33.609375
12481,512,16584,32.390625
12482,512,18000,35.156250
12483,512,18250,35.644531
12484,512,21459,41.912109
12485,512,21333,41.666016
12486,512,18791,36.701172
12487,512,17875,34.912109
12488,512,17084,33.367188
12489,512,17750,34.667969
12490,512,18125,35.400391
12491,512,16792,32.796875
12492,512,17208,33.609375
12493,512,20541,40.119141
12494,512,19292,37.679688
12495,512,18000,35.156250
12496,512,17833,34.830078
12497,512,17917,34.994141
12498,512,17833,34.830078
12499,512,17750,34.667969
12500,512,17959,35.076172
12501,512,17334,33.855469
12502,512,17208,33.609375
12503,512,17292,33.773438
12504,512,17250,33.691406
12505,512,17417,34.017578
12506,512,18125,35.400391
12507,512,17125,33.447266
12508,512,17459,34.099609
12509,512,16958,33.121094
12510,512,17125,33.447266
12511,512,19875,38.818359
12512,512,17458,34.097656
12513,512,17459,34.099609
12514,512,17208,33.609375
12515,512,17375,33.935547
12516,512,16792,32.796875
12517,512,16291,31.818359
12518,512,16875,32.958984
12519,512,16834,32.878906
12520,512,16791,32.794922
12521,512,16917,33.041016
12522,512,17042,33.285156
12523,512,17167,33.529297
12524,512,16875,32.958984
12525,512,16708,32.632812
12526,512,17167,33.529297
12527,512,17125,33.447266
12528,512,16583,32.388672
12529,512,16792,32.796875
12530,512,16458,32.144531
12531,512,16750,32.714844
12532,512,16792,32.796875
12533,512,17416,34.015625
12534,512,17084,33.367188
12535,512,16917,33.041016
12536,512,16458,32.144531
12537,512,17708,34.585938
12538,512,17167,33.529297
12539,512,16875,32.958984
12540,512,16875,32.958984
12541,512,16333,31.900391
12542,512,17791,34.748047
12543,512,17292,33.773438
12544,512,17583,34.341797
12545,512,16667,32.552734
12546,512,17750,34.667969
12547,512,16875,32.958984
12548,512,17125,33.447266
12549,512,17459,34.099609
12550,512,17375,33.935547
12551,512,17250,33.691406
12552,512,17125,33.447266
12553,512,16750,32.714844
12554,512,16708,32.632812
12555,512,17542,34.261719
12556,512,16791,32.794922
12557,512,17042,33.285156
12558,512,17042,33.285156
12559,512,16583,32.388672
12560,512,16917,33.041016
12561,512,17166,33.527344
12562,512,17292,33.773438
12563,512,17625,34.423828
12564,512,17542,34.261719
12565,512,17417,34.017578
12566,512,17125,33.447266
12567,512,17167,33.529297
12568,512,17125,33.447266
12569,512,16917,33.041016
12570,512,15916,31.085938
12571,512,16833,32.876953
12572,512,17458,34.097656
12573,512,50167,97.982422
12574,512,21375,41.748047
12575,512,19958,38.980469
12576,512,17500,34.179688
12577,512,18167,35.482422
12578,512,18083,35.318359
12579,512,17708,34.585938
12580,512,17917,34.994141
12581,512,17291,33.771484
12582,512,17000,33.203125
12583,512,17500,34.179688
12584,512,18000,35.156250
12585,512,17958,35.074219
12586,512,17500,34.179688
12587,512,18250,35.644531
12588,512,18250,35.644531
12589,512,18375,35.888672
12590,512,17875,34.912109
12591,512,17750,34.667969
12592,512,18458,36.050781
12593,512,18875,36.865234
12594,512,18584,36.296875
12595,512,18208,35.562500
12596,512,17292,33.773438
12597,512,17541,34.259766
12598,512,17417,34.017578
12599,512,17917,34.994141
12600,512,17166,33.527344
12601,512,17750,34.667969
12602,512,18125,35.400391
12603,512,17958,35.074219
12604,512,18084,35.320312
12605,512,18500,36.132812
12606,512,18500,36.132812
12607,512,17583,34.341797
12608,512,17916,34.992188
12609,512,18459,36.052734
12610,512,17666,34.503906
12611,512,17667,34.505859
12612,512,17375,33.935547
12613,512,17209,33.611328
12614,512,18000,35.156250
12615,512,17375,33.935547
12616,512,17584,34.343750
12617,512,17666,34.503906
12618,512,18000,35.156250
12619,512,18542,36.214844
12620,512,18625,36.376953
12621,512,18167,35.482422
12622,512,18500,36.132812
12623,512,18416,35.968750
12624,512,17792,34.750000
12625,512,18333,35.806641
12626,512,17833,34.830078
12627,512,17958,35.074219
12628,512,18125,35.400391
12629,512,18417,35.970703
12630,512,17458,34.097656
12631,512,17250,33.691406
12632,512,17959,35.076172
12633,512,18125,35.400391
12634,512,17583,34.341797
12635,512,17458,34.097656
12636,512,18250,35.644531
12637,512,17458,34.097656
12638,512,18250,35.644531
12639,512,18000,35.156250
12640,512,17708,34.585938
12641,512,17625,34.423828
12642,512,17250,33.691406
12643,512,17375,33.935547
12644,512,18459,36.052734
12645,512,17792,34.750000
12646,512,18000,35.156250
12647,512,17875,34.912109
12648,512,18166,35.480469
12649,512,17750,34.667969
12650,512,17083,33.365234
12651,512,18042,35.238281
12652,512,18125,35.400391
12653,512,18167,35.482422
12654,512,18000,35.156250
12655,512,17833,34.830078
12656,512,17417,34.017578
12657,512,18000,35.156250
12658,512,18500,36.132812
12659,512,17708,34.585938
12660,512,18500,36.132812
12661,512,17500,34.179688
12662,512,17792,34.750000
12663,512,18125,35.400391
12664,512,17542,34.261719
12665,512,17916,34.992188
12666,512,17750,34.667969
12667,512,18250,35.644531
12668,512,17958,35.074219
12669,512,18292,35.726562
12670,512,18459,36.052734
12671,512,17416,34.015625
12672,512,18250,35.644531
12673,512,18542,36.214844
12674,512,17875,34.912109
12675,512,17958,35.074219
12676,512,18291,35.724609
12677,512,18292,35.726562
12678,512,18500,36.132812
12679,512,18292,35.726562
12680,512,17833,34.830078
12681,512,23541,45.978516
12682,512,20125,39.306641
12683,512,18167,35.482422
12684,512,18000,35.156250
12685,512,17250,33.691406
12686,512,17833,34.830078
12687,512,24750,48.339844
12688,512,20458,39.957031
12689,512,18625,36.376953
12690,512,17000,33.203125
12691,512,16791,32.794922
12692,512,21042,41.097656
12693,512,21917,42.806641
12694,512,17584,34.343750
12695,512,17833,34.830078
12696,512,16375,31.982422
12697,512,16666,32.550781
12698,512,16500,32.226562
12699,512,17500,34.179688
12700,512,22042,43.050781
12701,512,23500,45.898438
12702,512,18875,36.865234
12703,512,18416,35.968750
12704,512,18209,35.564453
12705,512,17417,34.017578
12706,512,17708,34.585938
12707,512,18083,35.318359
12708,512,17458,34.097656
12709,512,18000,35.156250
12710,512,17708,34.585938
12711,512,17750,34.667969
12712,512,17667,34.505859
12713,512,18083,35.318359
12714,512,17583,34.341797
12715,512,17292,33.773438
12716,512,17625,34.423828
12717,512,17458,34.097656
12718,512,16166,31.574219
12719,512,16000,31.250000
12720,512,16459,32.146484
12721,512,15750,30.761719
12722,512,16500,32.226562
12723,512,16375,31.982422
12724,512,16042,31.332031
12725,512,16083,31.412109
12726,512,16833,32.876953
12727,512,16334,31.902344
12728,512,16000,31.250000
12729,512,16458,32.144531
12730,512,16208,31.656250
12731,512,16584,32.390625
12732,512,16542,32.308594
12733,512,16458,32.144531
12734,512,16000,31.250000
12735,512,16542,32.308594
12736,512,16583,32.388672
12737,512,16250,31.738281
12738,512,16959,33.123047
12739,512,17583,34.341797
12740,512,17792,34.750000
12741,512,17209,33.611328
12742,512,17500,34.179688
12743,512,18208,35.562500
12744,512,17416,34.015625
12745,512,17333,33.853516
12746,512,17750,34.667969
12747,512,16500,32.226562
12748,512,17791,34.748047
12749,512,17375,33.935547
12750,512,17542,34.261719
12751,512,17875,34.912109
12752,512,18042,35.238281
12753,512,17375,33.935547
12754,512,19291,37.677734
12755,512,20792,40.609375
12756,512,18333,35.806641
12757,512,18083,35.318359
12758,512,17292,33.773438
12759,512,17833,34.830078
12760,512,17167,33.529297
12761,512,17792,34.750000
12762,512,16833,32.876953
12763,512,17958,35.074219
12764,512,17792,34.750000
12765,512,17833,34.830078
12766,512,17584,34.343750
12767,512,18166,35.480469
12768,512,17917,34.994141
12769,512,17375,33.935547
12770,512,17833,34.830078
12771,512,17375,33.935547
12772,512,17375,33.935547
12773,512,17291,33.771484
12774,512,17417,34.017578
12775,512,17625,34.423828
12776,512,17416,34.015625
12777,512,17583,34.341797
12778,512,17334,33.855469
12779,512,17375,33.935547
12780,512,17584,34.343750
12781,512,17416,34.015625
12782,512,17417,34.017578
12783,512,17625,34.423828
12784,512,17083,33.365234
12785,512,17166,33.527344
12786,512,17417,34.017578
12787,512,20000,39.062500
12788,512,19000,37.109375
12789,512,17875,34.912109
12790,512,17209,33.611328
12791,512,17750,34.667969
12792,512,17958,35.074219
12793,512,18750,36.621094
12794,512,20416,39.875000
12795,512,18000,35.156250
12796,512,17125,33.447266
12797,512,17500,34.179688
12798,512,18000,35.156250
12799,512,17833,34.830078
12800,512,16958,33.121094
12801,512,16792,32.796875
12802,512,17084,33.367188
12803,512,16833,32.876953
12804,512,18000,35.156250
12805,512,18083,35.318359
12806,512,17958,35.074219
12807,512,17042,33.285156
12808,512,17708,34.585938
12809,512,17083,33.365234
12810,512,21541,42.072266
12811,512,21792,42.562500
12812,512,17958,35.074219
12813,512,17333,33.853516
12814,512,17792,34.750000
12815,512,17541,34.259766
12816,512,16750,32.714844
12817,512,17041,33.283203
12818,512,17750,34.667969
12819,512,17541,34.259766
12820,512,17208,33.609375
12821,512,17584,34.343750
12822,512,18042,35.238281
12823,512,17083,33.365234
12824,512,17584,34.343750
12825,512,17791,34.748047
12826,512,17500,34.179688
12827,512,17542,34.261719
12828,512,17209,33.611328
12829,512,17666,34.503906
12830,512,17084,33.367188
12831,512,16541,32.306641
12832,512,17417,34.017578
12833,512,17292,33.773438
12834,512,17458,34.097656
12835,512,17666,34.503906
12836,512,17792,34.750000
12837,512,18333,35.806641
12838,512,17500,34.179688
12839,512,17917,34.994141
12840,512,16833,32.876953
12841,512,17250,33.691406
12842,512,17541,34.259766
12843,512,17417,34.017578
12844,512,16666,32.550781
12845,512,17000,33.203125
12846,512,17125,33.447266
12847,512,17583,34.341797
12848,512,17000,33.203125
12849,512,17458,34.097656
12850,512,17584,34.343750
12851,512,17708,34.585938
12852,512,17833,34.830078
12853,512,17333,33.853516
12854,512,17917,34.994141
12855,512,18000,35.156250
12856,512,21625,42.236328
12857,512,17583,34.341797
12858,512,17625,34.423828
12859,512,18083,35.318359
12860,512,16792,32.796875
12861,512,17083,33.365234
12862,512,17208,33.609375
12863,512,17042,33.285156
12864,512,17042,33.285156
12865,512,18000,35.156250
12866,512,17208,33.609375
12867,512,18541,36.212891
12868,512,25709,50.212891
12869,512,17667,34.505859
12870,512,18000,35.156250
12871,512,30625,59.814453
12872,512,16750,32.714844
12873,512,17833,34.830078
12874,512,17875,34.912109
12875,512,17708,34.585938
12876,512,16709,32.634766
12877,512,17708,34.585938
12878,512,16917,33.041016
12879,512,17542,34.261719
12880,512,17000,33.203125
12881,512,17416,34.015625
12882,512,21000,41.015625
12883,512,18417,35.970703
12884,512,18167,35.482422
12885,512,18041,35.236328
12886,512,17917,34.994141
12887,512,18000,35.156250
12888,512,18208,35.562500
12889,512,17917,34.994141
12890,512,17375,33.935547
12891,512,17209,33.611328
12892,512,16958,33.121094
12893,512,17958,35.074219
12894,512,18000,35.156250
12895,512,18209,35.564453
12896,512,24416,47.687500
12897,512,17625,34.423828
12898,512,18250,35.644531
12899,512,17584,34.343750
12900,512,17459,34.099609
12901,512,18333,35.806641
12902,512,17375,33.935547
12903,512,18208,35.562500
12904,512,17625,34.423828
12905,512,17708,34.585938
12906,512,17833,34.830078
12907,512,17958,35.074219
12908,512,17417,34.017578
12909,512,17791,34.748047
12910,512,17875,34.912109
12911,512,17750,34.667969
12912,512,17458,34.097656
12913,512,18083,35.318359
12914,512,17708,34.585938
12915,512,17750,34.667969
12916,512,18083,35.318359
12917,512,17917,34.994141
12918,512,17750,34.667969
12919,512,18000,35.156250
12920,512,17000,33.203125
12921,512,18000,35.156250
12922,512,18000,35.156250
12923,512,17959,35.076172
12924,512,18166,35.480469
12925,512,18125,35.400391
12926,512,35792,69.906250
12927,512,26625,52.001953
12928,512,22875,44.677734
12929,512,22209,43.376953
12930,512,17625,34.423828
12931,512,29000,56.640625
12932,512,20833,40.689453
12933,512,29500,57.617188
12934,512,19000,37.109375
12935,512,48250,94.238281
12936,512,23083,45.083984
12937,512,18667,36.458984
12938,512,16291,31.818359
12939,512,15959,31.169922
12940,512,15917,31.087891
12941,512,15875,31.005859
12942,512,16500,32.226562
12943,512,15250,29.785156
12944,512,16375,31.982422
12945,512,20416,39.875000
12946,512,16709,32.634766
12947,512,15916,31.085938
12948,512,16750,32.714844
12949,512,15875,31.005859
12950,512,16542,32.308594
12951,512,19375,37.841797
12952,512,22208,43.375000
12953,512,22084,43.132812
12954,512,20708,40.445312
12955,512,16375,31.982422
12956,512,15958,31.167969
12957,512,16584,32.390625
12958,512,19000,37.109375
12959,512,15833,30.923828
12960,512,16375,31.982422
12961,512,15875,31.005859
12962,512,16250,31.738281
12963,512,16000,31.250000
12964,512,15875,31.005859
12965,512,16042,31.332031
12966,512,15541,30.353516
12967,512,16209,31.658203
12968,512,15750,30.761719
12969,512,15708,30.679688
12970,512,16167,31.576172
12971,512,16500,32.226562
12972,512,15916,31.085938
12973,512,16542,32.308594
12974,512,15833,30.923828
12975,512,15750,30.761719
12976,512,15542,30.355469
12977,512,16250,31.738281
12978,512,16083,31.412109
12979,512,15792,30.843750
12980,512,15416,30.109375
12981,512,16209,31.658203
12982,512,16167,31.576172
12983,512,16667,32.552734
12984,512,15750,30.761719
12985,512,15917,31.087891
12986,512,16166,31.574219
12987,512,16042,31.332031
12988,512,16375,31.982422
12989,512,15416,30.109375
12990,512,16167,31.576172
12991,512,16667,32.552734
12992,512,16250,31.738281
12993,512,15459,30.193359
12994,512,16000,31.250000
12995,512,15834,30.925781
12996,512,16083,31.412109
12997,512,16416,32.062500
12998,512,16167,31.576172
12999,512,15833,30.923828
13000,512,15834,30.925781
13001,512,15917,31.087891
13002,512,16166,31.574219
13003,512,16000,31.250000
13004,512,16042,31.332031
13005,512,15583,30.435547
13006,512,15834,30.925781
13007,512,15792,30.843750
13008,512,15375,30.029297
13009,512,15625,30.517578
13010,512,15416,30.109375
13011,512,15958,31.167969
13012,512,14750,28.808594
13013,512,16291,31.818359
13014,512,16250,31.738281
13015,512,15875,31.005859
13016,512,16125,31.494141
13017,512,15500,30.273438
13018,512,15875,31.005859
13019,512,16333,31.900391
13020,512,15959,31.169922
13021,512,16166,31.574219
13022,512,16000,31.250000
13023,512,15667,30.599609
13024,512,16500,32.226562
13025,512,15916,31.085938
13026,512,15500,30.273438
13027,512,16209,31.658203
13028,512,16208,31.656250
13029,512,16042,31.332031
13030,512,16375,31.982422
13031,512,16291,31.818359
13032,512,15917,31.087891
13033,512,15833,30.923828
13034,512,16500,32.226562
13035,512,16208,31.656250
13036,512,16542,32.308594
13037,512,16041,31.330078
13038,512,16584,32.390625
13039,512,16292,31.820312
13040,512,16000,31.250000
13041,512,15167,29.623047
13042,512,15667,30.599609
13043,512,15583,30.435547
13044,512,16167,31.576172
13045,512,16209,31.658203
13046,512,16125,31.494141
13047,512,16375,31.982422
13048,512,15959,31.169922
13049,512,15667,30.599609
13050,512,16583,32.388672
13051,512,16250,31.738281
13052,512,16083,31.412109
13053,512,15917,31.087891
13054,512,16375,31.982422
13055,512,16416,32.062500
13056,512,16584,32.390625
13057,512,15750,30.761719
13058,512,17166,33.527344
13059,512,16000,31.250000
13060,512,16250,31.738281
13061,512,16084,31.414062
13062,512,15792,30.843750
13063,512,16958,33.121094
13064,512,16125,31.494141
13065,512,16167,31.576172
13066,512,16916,33.039062
13067,512,15958,31.167969
13068,512,16250,31.738281
13069,512,16209,31.658203
13070,512,15958,31.167969
13071,512,16708,32.632812
13072,512,16459,32.146484
13073,512,15917,31.087891
13074,512,16833,32.876953
13075,512,15959,31.169922
13076,512,16125,31.494141
13077,512,16166,31.574219
13078,512,16083,31.412109
13079,512,16083,31.412109
13080,512,16750,32.714844
13081,512,16334,31.902344
13082,512,16458,32.144531
13083,512,16125,31.494141
13084,512,16333,31.900391
13085,512,16417,32.064453
13086,512,16166,31.574219
13087,512,16333,31.900391
13088,512,16042,31.332031
13089,512,15875,31.005859
13090,512,15709,30.681641
13091,512,16166,31.574219
13092,512,16250,31.738281
13093,512,16208,31.656250
13094,512,16042,31.332031
13095,512,16041,31.330078
13096,512,15834,30.925781
13097,512,15583,30.435547
13098,512,15458,30.191406
13099,512,15833,30.923828
13100,512,16542,32.308594
13101,512,15834,30.925781
13102,512,15625,30.517578
13103,512,16083,31.412109
13104,512,16083,31.412109
13105,512,16292,31.820312
13106,512,15583,30.435547
13107,512,15667,30.599609
13108,512,15208,29.703125
13109,512,15500,30.273438
13110,512,15458,30.191406
13111,512,15875,31.005859
13112,512,15542,30.355469
13113,512,16084,31.414062
13114,512,15958,31.167969
13115,512,17083,33.365234
13116,512,17917,34.994141
13117,512,17542,34.261719
13118,512,16916,33.039062
13119,512,17084,33.367188
13120,512,16208,31.656250
13121,512,17333,33.853516
13122,512,16542,32.308594
13123,512,17541,34.259766
13124,512,17167,33.529297
13125,512,17167,33.529297
13126,512,17417,34.017578
13127,512,16416,32.062500
13128,512,16667,32.552734
13129,512,16500,32.226562
13130,512,16708,32.632812
13131,512,17500,34.179688
13132,512,17417,34.017578
13133,512,16917,33.041016
13134,512,16666,32.550781
13135,512,16917,33.041016
13136,512,17583,34.341797
13137,512,17084,33.367188
13138,512,16834,32.878906
13139,512,16708,32.632812
13140,512,17083,33.365234
13141,512,17125,33.447266
13142,512,17125,33.447266
13143,512,16125,31.494141
13144,512,46792,91.390625
13145,512,26250,51.269531
13146,512,19042,37.191406
13147,512,17083,33.365234
13148,512,16375,31.982422
13149,512,16875,32.958984
13150,512,15958,31.167969
13151,512,15750,30.761719
13152,512,15667,30.599609
13153,512,16167,31.576172
13154,512,16041,31.330078
13155,512,15250,29.785156
13156,512,15959,31.169922
13157,512,15458,30.191406
13158,512,15750,30.761719
13159,512,15917,31.087891
13160,512,15416,30.109375
13161,512,22834,44.597656
13162,512,21625,42.236328
13163,512,19459,38.005859
13164,512,16708,32.632812
13165,512,17125,33.447266
13166,512,16833,32.876953
13167,512,17708,34.585938
13168,512,17208,33.609375
13169,512,16584,32.390625
13170,512,17458,34.097656
13171,512,17041,33.283203
13172,512,16708,32.632812
13173,512,17250,33.691406
13174,512,17875,34.912109
13175,512,17291,33.771484
13176,512,17208,33.609375
13177,512,17417,34.017578
13178,512,17708,34.585938
13179,512,18208,35.562500
13180,512,18209,35.564453
13181,512,17834,34.832031
13182,512,17541,34.259766
13183,512,18167,35.482422
13184,512,17583,34.341797
13185,512,17916,34.992188
13186,512,18209,35.564453
13187,512,17583,34.341797
13188,512,17042,33.285156
13189,512,17000,33.203125
13190,512,17208,33.609375
13191,512,17083,33.365234
13192,512,17583,34.341797
13193,512,17875,34.912109
13194,512,20250,39.550781
13195,512,18666,36.457031
13196,512,17625,34.423828
13197,512,18083,35.318359
13198,512,17792,34.750000
13199,512,18250,35.644531
13200,512,18041,35.236328
13201,512,18375,35.888672
13202,512,17708,34.585938
13203,512,17750,34.667969
13204,512,17250,33.691406
13205,512,17250,33.691406
13206,512,17750,34.667969
13207,512,18167,35.482422
13208,512,17125,33.447266
13209,512,17417,34.017578
13210,512,17917,34.994141
13211,512,18083,35.318359
13212,512,16959,33.123047
13213,512,17959,35.076172
13214,512,17791,34.748047
13215,512,18000,35.156250
13216,512,17500,34.179688
13217,512,17375,33.935547
13218,512,17667,34.505859
13219,512,17583,34.341797
13220,512,17708,34.585938
13221,512,18042,35.238281
13222,512,17917,34.994141
13223,512,17333,33.853516
13224,512,17250,33.691406
13225,512,18000,35.156250
13226,512,18333,35.806641
13227,512,18208,35.562500
13228,512,17208,33.609375
13229,512,18208,35.562500
13230,512,17708,34.585938
13231,512,17125,33.447266
13232,512,18750,36.621094
13233,512,22875,44.677734
13234,512,17542,34.261719
13235,512,17417,34.017578
13236,512,16791,32.794922
13237,512,17584,34.343750
13238,512,17917,34.994141
13239,512,17833,34.830078
13240,512,17666,34.503906
13241,512,18000,35.156250
13242,512,18167,35.482422
13243,512,17750,34.667969
13244,512,17958,35.074219
13245,512,18583,36.294922
13246,512,17834,34.832031
13247,512,18334,35.808594
13248,512,17291,33.771484
13249,512,17542,34.261719
13250,512,17167,33.529297
13251,512,18166,35.480469
13252,512,17125,33.447266
13253,512,17334,33.855469
13254,512,17709,34.587891
13255,512,17666,34.503906
13256,512,17542,34.261719
13257,512,17250,33.691406
13258,512,17292,33.773438
13259,512,17500,34.179688
13260,512,17375,33.935547
13261,512,17542,34.261719
13262,512,17791,34.748047
13263,512,17875,34.912109
13264,512,17667,34.505859
13265,512,17708,34.585938
13266,512,17542,34.261719
13267,512,18333,35.806641
13268,512,17833,34.830078
13269,512,17250,33.691406
13270,512,17833,34.830078
13271,512,17458,34.097656
13272,512,18167,35.482422
13273,512,17500,34.179688
13274,512,18083,35.318359
13275,512,18375,35.888672
13276,512,22542,44.027344
13277,512,22333,43.619141
13278,512,22375,43.701172
13279,512,20625,40.283203
13280,512,21042,41.097656
13281,512,20125,39.306641
13282,512,17666,34.503906
13283,512,17459,34.099609
13284,512,15959,31.169922
13285,512,15792,30.843750
13286,512,15667,30.599609
13287,512,16125,31.494141
13288,512,20875,40.771484
13289,512,19458,38.003906
13290,512,17500,34.179688
13291,512,18208,35.562500
13292,512,17500,34.179688
13293,512,17792,34.750000
13294,512,18166,35.480469
13295,512,18209,35.564453
13296,512,18334,35.808594
13297,512,17291,33.771484
13298,512,17958,35.074219
13299,512,16167,31.576172
13300,512,16166,31.574219
13301,512,17084,33.367188
13302,512,16458,32.144531
13303,512,16417,32.064453
13304,512,16291,31.818359
13305,512,16042,31.332031
13306,512,17042,33.285156
13307,512,16333,31.900391
13308,512,15792,30.843750
13309,512,16875,32.958984
13310,512,18209,35.564453
13311,512,21750,42.480469
13312,512,19084,37.273438
13313,512,22375,43.701172
13314,512,17834,34.832031
13315,512,17542,34.261719
13316,512,22750,44.433594
13317,512,22750,44.433594
13318,512,19041,37.189453
13319,512,17167,33.529297
13320,512,16625,32.470703
13321,512,17667,34.505859
13322,512,16792,32.796875
13323,512,16917,33.041016
13324,512,17292,33.773438
13325,512,16125,31.494141
13326,512,16834,32.878906
13327,512,16541,32.306641
13328,512,16917,33.041016
13329,512,17334,33.855469
13330,512,17166,33.527344
13331,512,16667,32.552734
13332,512,17084,33.367188
13333,512,16959,33.123047
13334,512,17334,33.855469
13335,512,17125,33.447266
13336,512,15709,30.681641
13337,512,16834,32.878906
13338,512,16791,32.794922
13339,512,16584,32.390625
13340,512,19917,38.900391
13341,512,20958,40.933594
13342,512,17125,33.447266
13343,512,16959,33.123047
13344,512,16875,32.958984
13345,512,16916,33.039062
13346,512,17167,33.529297
13347,512,16667,32.552734
13348,512,17291,33.771484
13349,512,16792,32.796875
13350,512,16750,32.714844
13351,512,17375,33.935547
13352,512,17125,33.447266
13353,512,17583,34.341797
13354,512,16833,32.876953
13355,512,17250,33.691406
13356,512,16625,32.470703
13357,512,16833,32.876953
13358,512,16959,33.123047
13359,512,16459,32.146484
13360,512,16541,32.306641
13361,512,17292,33.773438
13362,512,17375,33.935547
13363,512,16958,33.121094
13364,512,16875,32.958984
13365,512,17083,33.365234
13366,512,16792,32.796875
13367,512,18000,35.156250
13368,512,21208,41.421875
13369,512,21333,41.666016
13370,512,16917,33.041016
13371,512,16500,32.226562
13372,512,16625,32.470703
13373,512,17250,33.691406
13374,512,17250,33.691406
13375,512,16750,32.714844
13376,512,16709,32.634766
13377,512,16667,32.552734
13378,512,16875,32.958984
13379,512,17000,33.203125
13380,512,17417,34.017578
13381,512,16583,32.388672
13382,512,16250,31.738281
13383,512,16583,32.388672
13384,512,17250,33.691406
13385,512,16500,32.226562
13386,512,17250,33.691406
13387,512,16958,33.121094
13388,512,16375,31.982422
13389,512,16833,32.876953
13390,512,16667,32.552734
13391,512,17209,33.611328
13392,512,16708,32.632812
13393,512,16916,33.039062
13394,512,16750,32.714844
13395,512,16792,32.796875
13396,512,16917,33.041016
13397,512,17166,33.527344
13398,512,17417,34.017578
13399,512,16917,33.041016
13400,512,16833,32.876953
13401,512,16792,32.796875
13402,512,16500,32.226562
13403,512,16583,32.388672
13404,512,16667,32.552734
13405,512,16708,32.632812
13406,512,16750,32.714844
13407,512,16750,32.714844
13408,512,16417,32.064453
13409,512,17208,33.609375
13410,512,16834,32.878906
13411,512,17041,33.283203
13412,512,17292,33.773438
13413,512,17125,33.447266
13414,512,16959,33.123047
13415,512,17541,34.259766
13416,512,16584,32.390625
13417,512,16708,32.632812
13418,512,17625,34.423828
13419,512,16625,32.470703
13420,512,21667,42.318359
13421,512,21042,41.097656
13422,512,16958,33.121094
13423,512,19958,38.980469
13424,512,20875,40.771484
13425,512,17792,34.750000
13426,512,17166,33.527344
13427,512,18875,36.865234
13428,512,20333,39.712891
13429,512,17584,34.343750
13430,512,16958,33.121094
13431,512,17583,34.341797
13432,512,17750,34.667969
13433,512,17792,34.750000
13434,512,19041,37.189453
13435,512,22042,43.050781
13436,512,21666,42.316406
13437,512,21667,42.318359
13438,512,24250,47.363281
13439,512,20916,40.851562
13440,512,18209,35.564453
13441,512,18083,35.318359
13442,512,21625,42.236328
13443,512,17750,34.667969
13444,512,19500,38.085938
13445,512,22833,44.595703
13446,512,18417,35.970703
13447,512,18000,35.156250
13448,512,17958,35.074219
13449,512,17375,33.935547
13450,512,17917,34.994141
13451,512,17708,34.585938
13452,512,17708,34.585938
13453,512,17750,34.667969
13454,512,17250,33.691406
13455,512,17292,33.773438
13456,512,17834,34.832031
13457,512,17459,34.099609
13458,512,17416,34.015625
13459,512,18458,36.050781
13460,512,20875,40.771484
13461,512,17958,35.074219
13462,512,16917,33.041016
13463,512,17750,34.667969
13464,512,17875,34.912109
13465,512,17708,34.585938
13466,512,17667,34.505859
13467,512,17583,34.341797
13468,512,19417,37.923828
13469,512,21333,41.666016
13470,512,18291,35.724609
13471,512,21708,42.398438
13472,512,21709,42.400391
13473,512,21708,42.398438
13474,512,21791,42.560547
13475,512,22667,44.271484
13476,512,21375,41.748047
13477,512,22625,44.189453
13478,512,18333,35.806641
13479,512,21375,41.748047
13480,512,20833,40.689453
13481,512,21542,42.074219
13482,512,18084,35.320312
13483,512,16666,32.550781
13484,512,16292,31.820312
13485,512,22833,44.595703
13486,512,16875,32.958984
13487,512,20500,40.039062
13488,512,20959,40.935547
13489,512,20542,40.121094
13490,512,17000,33.203125
13491,512,16917,33.041016
13492,512,16750,32.714844
13493,512,16416,32.062500
13494,512,16625,32.470703
13495,512,17208,33.609375
13496,512,16917,33.041016
13497,512,16625,32.470703
13498,512,16291,31.818359
13499,512,16042,31.332031
13500,512,17041,33.283203
13501,512,16750,32.714844
13502,512,17083,33.365234
13503,512,16792,32.796875
13504,512,16458,32.144531
13505,512,16292,31.820312
13506,512,16792,32.796875
13507,512,16208,31.656250
13508,512,16625,32.470703
13509,512,16709,32.634766
13510,512,16583,32.388672
13511,512,16333,31.900391
13512,512,16708,32.632812
13513,512,17208,33.609375
13514,512,16625,32.470703
13515,512,17291,33.771484
13516,512,16459,32.146484
13517,512,16792,32.796875
13518,512,16708,32.632812
13519,512,17208,33.609375
13520,512,17375,33.935547
13521,512,16750,32.714844
13522,512,16833,32.876953
13523,512,17125,33.447266
13524,512,17500,34.179688
13525,512,17084,33.367188
13526,512,17041,33.283203
13527,512,16667,32.552734
13528,512,16333,31.900391
13529,512,17125,33.447266
13530,512,17125,33.447266
13531,512,16875,32.958984
13532,512,16750,32.714844
13533,512,17167,33.529297
13534,512,16875,32.958984
13535,512,17042,33.285156
13536,512,16958,33.121094
13537,512,16375,31.982422
13538,512,16417,32.064453
13539,512,16917,33.041016
13540,512,16917,33.041016
13541,512,16541,32.306641
13542,512,16625,32.470703
13543,512,17333,33.853516
13544,512,16834,32.878906
13545,512,16959,33.123047
13546,512,16583,32.388672
13547,512,16542,32.308594
13548,512,17375,33.935547
13549,512,16959,33.123047
13550,512,17334,33.855469
13551,512,16000,31.250000
13552,512,16875,32.958984
13553,512,16834,32.878906
13554,512,17041,33.283203
13555,512,17292,33.773438
13556,512,16500,32.226562
13557,512,16833,32.876953
13558,512,16458,32.144531
13559,512,17000,33.203125
13560,512,17083,33.365234
13561,512,17292,33.773438
13562,512,16875,32.958984
13563,512,16916,33.039062
13564,512,16042,31.332031
13565,512,16750,32.714844
13566,512,16791,32.794922
13567,512,16334,31.902344
13568,512,17334,33.855469
13569,512,16625,32.470703
13570,512,17041,33.283203
13571,512,16792,32.796875
13572,512,17041,33.283203
13573,512,16500,32.226562
13574,512,17375,33.935547
13575,512,17084,33.367188
13576,512,17541,34.259766
13577,512,17792,34.750000
13578,512,17459,34.099609
13579,512,17292,33.773438
13580,512,17083,33.365234
13581,512,17083,33.365234
13582,512,17333,33.853516
13583,512,16750,32.714844
13584,512,17083,33.365234
13585,512,16292,31.820312
13586,512,16458,32.144531
13587,512,16875,32.958984
13588,512,16625,32.470703
13589,512,17459,34.099609
13590,512,17292,33.773438
13591,512,16458,32.144531
13592,512,16875,32.958984
13593,512,16959,33.123047
13594,512,17125,33.447266
13595,512,17667,34.505859
13596,512,16875,32.958984
13597,512,17000,33.203125
13598,512,17667,34.505859
13599,512,17292,33.773438
13600,512,17083,33.365234
13601,512,16541,32.306641
13602,512,16584,32.390625
13603,512,17959,35.076172
13604,512,19875,38.818359
13605,512,17208,33.609375
13606,512,16500,32.226562
13607,512,16916,33.039062
13608,512,16500,32.226562
13609,512,16625,32.470703
13610,512,16542,32.308594
13611,512,16833,32.876953
13612,512,17458,34.097656
13613,512,16792,32.796875
13614,512,16750,32.714844
13615,512,16958,33.121094
13616,512,17292,33.773438
13617,512,16750,32.714844
13618,512,17042,33.285156
13619,512,17541,34.259766
13620,512,17417,34.017578
13621,512,17083,33.365234
13622,512,16666,32.550781
13623,512,16917,33.041016
13624,512,17000,33.203125
13625,512,16083,31.412109
13626,512,17125,33.447266
13627,512,17000,33.203125
13628,512,17125,33.447266
13629,512,16291,31.818359
13630,512,16292,31.820312
13631,512,17500,34.179688
13632,512,17709,34.587891
13633,512,20625,40.283203
13634,512,17209,33.611328
13635,512,16875,32.958984
13636,512,21292,41.585938
13637,512,18666,36.457031
13638,512,17459,34.099609
13639,512,16625,32.470703
13640,512,16333,31.900391
13641,512,16333,31.900391
13642,512,17458,34.097656
13643,512,16792,32.796875
13644,512,16875,32.958984
13645,512,16792,32.796875
13646,512,16917,33.041016
13647,512,17166,33.527344
13648,512,17625,34.423828
13649,512,17000,33.203125
13650,512,17584,34.343750
13651,512,17208,33.609375
13652,512,17208,33.609375
13653,512,17083,33.365234
13654,512,16709,32.634766
13655,512,16916,33.039062
13656,512,16917,33.041016
13657,512,17333,33.853516
13658,512,17708,34.585938
13659,512,17083,33.365234
13660,512,16917,33.041016
13661,512,17959,35.076172
13662,512,17500,34.179688
13663,512,17041,33.283203
13664,512,17209,33.611328
13665,512,17208,33.609375
13666,512,17208,33.609375
13667,512,18167,35.482422
13668,512,16708,32.632812
13669,512,17333,33.853516
13670,512,17167,33.529297
13671,512,17083,33.365234
13672,512,17000,33.203125
13673,512,17042,33.285156
13674,512,16959,33.123047
13675,512,17291,33.771484
13676,512,17750,34.667969
13677,512,17542,34.261719
13678,512,17292,33.773438
13679,512,17625,34.423828
13680,512,16959,33.123047
13681,512,17500,34.179688
13682,512,17291,33.771484
13683,512,17667,34.505859
13684,512,17542,34.261719
13685,512,17583,34.341797
13686,512,16792,32.796875
13687,512,17292,33.773438
13688,512,20791,40.607422
13689,512,17417,34.017578
13690,512,17708,34.585938
13691,512,17875,34.912109
13692,512,17417,34.017578
13693,512,17500,34.179688
13694,512,17291,33.771484
13695,512,17250,33.691406
13696,512,17625,34.423828
13697,512,17250,33.691406
13698,512,17708,34.585938
13699,512,17667,34.505859
13700,512,18500,36.132812
13701,512,17750,34.667969
13702,512,17875,34.912109
13703,512,17375,33.935547
13704,512,17042,33.285156
13705,512,17084,33.367188
13706,512,17041,33.283203
13707,512,17417,34.017578
13708,512,16958,33.121094
13709,512,17083,33.365234
13710,512,24084,47.039062
13711,512,18250,35.644531
13712,512,17625,34.423828
13713,512,18167,35.482422
13714,512,17792,34.750000
13715,512,17833,34.830078
13716,512,17542,34.261719
13717,512,17708,34.585938
13718,512,17500,34.179688
13719,512,21916,42.804688
13720,512,20042,39.144531
13721,512,17458,34.097656
13722,512,17333,33.853516
13723,512,17250,33.691406
13724,512,17750,34.667969
13725,512,17875,34.912109
13726,512,17416,34.015625
13727,512,17334,33.855469
13728,512,17084,33.367188
13729,512,17375,33.935547
13730,512,17625,34.423828
13731,512,17208,33.609375
13732,512,18250,35.644531
13733,512,17417,34.017578
13734,512,17792,34.750000
13735,512,17542,34.261719
13736,512,16792,32.796875
13737,512,17041,33.283203
13738,512,17750,34.667969
13739,512,17084,33.367188
13740,512,16666,32.550781
13741,512,17000,33.203125
13742,512,16792,32.796875
13743,512,17000,33.203125
13744,512,17334,33.855469
13745,512,17084,33.367188
13746,512,17208,33.609375
13747,512,17042,33.285156
13748,512,17459,34.099609
13749,512,17375,33.935547
13750,512,16292,31.820312
13751,512,21417,41.830078
13752,512,17875,34.912109
13753,512,17667,34.505859
13754,512,18625,36.376953
13755,512,17958,35.074219
13756,512,19125,37.353516
13757,512,19500,38.085938
13758,512,18042,35.238281
13759,512,16833,32.876953
13760,512,16583,32.388672
13761,512,27083,52.896484
13762,512,20584,40.203125
13763,512,18458,36.050781
13764,512,17667,34.505859
13765,512,17041,33.283203
13766,512,17959,35.076172
13767,512,17708,34.585938
13768,512,23083,45.083984
13769,512,25250,49.316406
13770,512,21250,41.503906
13771,512,16875,32.958984
13772,512,16875,32.958984
13773,512,17833,34.830078
13774,512,17709,34.587891
13775,512,20291,39.630859
13776,512,18584,36.296875
13777,512,17958,35.074219
13778,512,19750,38.574219
13779,512,22250,43.457031
13780,512,21250,41.503906
13781,512,21333,41.666016
13782,512,16542,32.308594
13783,512,16541,32.306641
13784,512,16542,32.308594
13785,512,17125,33.447266
13786,512,16958,33.121094
13787,512,17125,33.447266
13788,512,16625,32.470703
13789,512,16708,32.632812
13790,512,16792,32.796875
13791,512,17000,33.203125
13792,512,24042,46.957031
13793,512,21333,41.666016
13794,512,16916,33.039062
13795,512,22958,44.839844
13796,512,17667,34.505859
13797,512,16458,32.144531
13798,512,16708,32.632812
13799,512,17167,33.529297
13800,512,16833,32.876953
13801,512,16875,32.958984
13802,512,16709,32.634766
13803,512,17250,33.691406
13804,512,17958,35.074219
13805,512,17000,33.203125
13806,512,15833,30.923828
13807,512,16792,32.796875
13808,512,16666,32.550781
13809,512,16792,32.796875
13810,512,16500,32.226562
13811,512,16667,32.552734
13812,512,17125,33.447266
13813,512,16125,31.494141
13814,512,17000,33.203125
13815,512,16416,32.062500
13816,512,16833,32.876953
13817,512,16542,32.308594
13818,512,17208,33.609375
13819,512,17375,33.935547
13820,512,16708,32.632812
13821,512,16917,33.041016
13822,512,23041,45.001953
13823,512,17959,35.076172
13824,512,19792,38.656250
13825,512,17208,33.609375
13826,512,27791,54.279297
13827,512,16750,32.714844
13828,512,17083,33.365234
13829,512,16542,32.308594
13830,512,17042,33.285156
13831,512,16625,32.470703
13832,512,16584,32.390625
13833,512,17125,33.447266
13834,512,16250,31.738281
13835,512,17166,33.527344
13836,512,17500,34.179688
13837,512,16417,32.064453
13838,512,17917,34.994141
13839,512,22375,43.701172
13840,512,18500,36.132812
13841,512,16834,32.878906
13842,512,16583,32.388672
13843,512,16958,33.121094
13844,512,16875,32.958984
13845,512,17000,33.203125
13846,512,16667,32.552734
13847,512,17125,33.447266
13848,512,17209,33.611328
13849,512,16959,33.123047
13850,512,23791,46.466797
13851,512,19667,38.412109
13852,512,16791,32.794922
13853,512,17625,34.423828
13854,512,16875,32.958984
13855,512,17000,33.203125
13856,512,17416,34.015625
13857,512,20709,40.447266
13858,512,22375,43.701172
13859,512,22959,44.841797
13860,512,17916,34.992188
13861,512,18375,35.888672
13862,512,17542,34.261719
13863,512,18625,36.376953
13864,512,18167,35.482422
13865,512,17708,34.585938
13866,512,21541,42.072266
13867,512,20834,40.691406
13868,512,16916,33.039062
13869,512,17209,33.611328
13870,512,17083,33.365234
13871,512,16750,32.714844
13872,512,17083,33.365234
13873,512,17292,33.773438
13874,512,19000,37.109375
13875,512,21583,42.154297
13876,512,18833,36.783203
13877,512,16917,33.041016
13878,512,17291,33.771484
13879,512,17292,33.773438
13880,512,21000,41.015625
13881,512,17792,34.750000
13882,512,17125,33.447266
13883,512,28666,55.988281
13884,512,24500,47.851562
13885,512,21542,42.074219
13886,512,17084,33.367188
13887,512,26209,51.189453
13888,512,17708,34.585938
13889,512,21667,42.318359
13890,512,19167,37.435547
13891,512,17125,33.447266
13892,512,17375,33.935547
13893,512,16750,32.714844
13894,512,17667,34.505859
13895,512,21875,42.724609
13896,512,19625,38.330078
13897,512,20833,40.689453
13898,512,18167,35.482422
13899,512,17459,34.099609
13900,512,18833,36.783203
13901,512,17166,33.527344
13902,512,17375,33.935547
13903,512,17875,34.912109
13904,512,23833,46.548828
13905,512,18625,36.376953
13906,512,17792,34.750000
13907,512,19416,37.921875
13908,512,22584,44.109375
13909,512,19416,37.921875
13910,512,17083,33.365234
13911,512,17334,33.855469
13912,512,20500,40.039062
13913,512,19209,37.517578
13914,512,18375,35.888672
13915,512,19291,37.677734
13916,512,19959,38.982422
13917,512,42209,82.439453
13918,512,20375,39.794922
13919,512,16083,31.412109
13920,512,15500,30.273438
13921,512,16125,31.494141
13922,512,15792,30.843750
13923,512,15791,30.841797
13924,512,15625,30.517578
13925,512,16042,31.332031
13926,512,16333,31.900391
13927,512,16000,31.250000
13928,512,15791,30.841797
13929,512,16250,31.738281
13930,512,15250,29.785156
13931,512,15583,30.435547
13932,512,15458,30.191406
13933,512,16042,31.332031
13934,512,15209,29.705078
13935,512,16042,31.332031
13936,512,15500,30.273438
13937,512,15750,30.761719
13938,512,15417,30.111328
13939,512,16250,31.738281
13940,512,15917,31.087891
13941,512,15875,31.005859
13942,512,15791,30.841797
13943,512,15542,30.355469
13944,512,15250,29.785156
13945,512,16209,31.658203
13946,512,15500,30.273438
13947,512,15291,29.865234
13948,512,16125,31.494141
13949,512,15875,31.005859
13950,512,16583,32.388672
13951,512,16125,31.494141
13952,512,16208,31.656250
13953,512,16750,32.714844
13954,512,15917,31.087891
13955,512,16750,32.714844
13956,512,16000,31.250000
13957,512,15792,30.843750
13958,512,15375,30.029297
13959,512,15542,30.355469
13960,512,15250,29.785156
13961,512,15791,30.841797
13962,512,15917,31.087891
13963,512,15625,30.517578
13964,512,16208,31.656250
13965,512,15667,30.599609
13966,512,16250,31.738281
13967,512,15375,30.029297
13968,512,15042,29.378906
13969,512,15333,29.947266
13970,512,15125,29.541016
13971,512,15584,30.437500
13972,512,14875,29.052734
13973,512,16875,32.958984
13974,512,20458,39.957031
13975,512,17083,33.365234
13976,512,16125,31.494141
13977,512,17167,33.529297
13978,512,15291,29.865234
13979,512,15542,30.355469
13980,512,15917,31.087891
13981,512,15291,29.865234
13982,512,15417,30.111328
13983,512,15917,31.087891
13984,512,15750,30.761719
13985,512,15333,29.947266
13986,512,15083,29.458984
13987,512,15834,30.925781
13988,512,16166,31.574219
13989,512,15917,31.087891
13990,512,15584,30.437500
13991,512,16291,31.818359
13992,512,16250,31.738281
13993,512,15541,30.353516
13994,512,15875,31.005859
13995,512,15625,30.517578
13996,512,15792,30.843750
13997,512,15125,29.541016
13998,512,15458,30.191406
13999,512,15875,31.005859
14000,512,15166,29.621094
14001,512,16125,31.494141
14002,512,16042,31.332031
14003,512,15750,30.761719
14004,512,16041,31.330078
14005,512,15459,30.193359
14006,512,16166,31.574219
14007,512,15583,30.435547
14008,512,16167,31.576172
14009,512,16000,31.250000
14010,512,16292,31.820312
14011,512,16125,31.494141
14012,512,16375,31.982422
14013,512,16209,31.658203
14014,512,15833,30.923828
14015,512,16167,31.576172
14016,512,16125,31.494141
14017,512,15792,30.843750
14018,512,15750,30.761719
14019,512,15958,31.167969
14020,512,15917,31.087891
14021,512,16083,31.412109
14022,512,16541,32.306641
14023,512,17333,33.853516
14024,512,17000,33.203125
14025,512,17209,33.611328
14026,512,16250,31.738281
14027,512,17208,33.609375
14028,512,16375,31.982422
14029,512,16625,32.470703
14030,512,17500,34.179688
14031,512,16209,31.658203
14032,512,16958,33.121094
14033,512,17083,33.365234
14034,512,17167,33.529297
14035,512,16958,33.121094
14036,512,17000,33.203125
14037,512,17084,33.367188
14038,512,16459,32.146484
14039,512,17375,33.935547
14040,512,16875,32.958984
14041,512,16667,32.552734
14042,512,16541,32.306641
14043,512,16958,33.121094
14044,512,16917,33.041016
14045,512,16792,32.796875
14046,512,16667,32.552734
14047,512,16958,33.121094
14048,512,17167,33.529297
14049,512,17042,33.285156
14050,512,17250,33.691406
14051,512,16584,32.390625
14052,512,17000,33.203125
14053,512,17459,34.099609
14054,512,17500,34.179688
14055,512,16666,32.550781
14056,512,17459,34.099609
14057,512,16334,31.902344
14058,512,16834,32.878906
14059,512,17500,34.179688
14060,512,16459,32.146484
14061,512,16791,32.794922
14062,512,17125,33.447266
14063,512,17417,34.017578
14064,512,16666,32.550781
14065,512,17334,33.855469
14066,512,16916,33.039062
14067,512,16709,32.634766
14068,512,16833,32.876953
14069,512,16958,33.121094
14070,512,17000,33.203125
14071,512,17292,33.773438
14072,512,17167,33.529297
14073,512,17375,33.935547
14074,512,16500,32.226562
14075,512,17292,33.773438
14076,512,17250,33.691406
14077,512,16583,32.388672
14078,512,17583,34.341797
14079,512,17167,33.529297
14080,512,17416,34.015625
14081,512,16917,33.041016
14082,512,16834,32.878906
14083,512,16791,32.794922
14084,512,16583,32.388672
14085,512,16709,32.634766
14086,512,16834,32.878906
14087,512,16792,32.796875
14088,512,16000,31.250000
14089,512,16333,31.900391
14090,512,17083,33.365234
14091,512,16417,32.064453
14092,512,16625,32.470703
14093,512,16292,31.820312
14094,512,16375,31.982422
14095,512,16625,32.470703
14096,512,16834,32.878906
14097,512,16291,31.818359
14098,512,16875,32.958984
14099,512,16833,32.876953
14100,512,17292,33.773438
14101,512,17042,33.285156
14102,512,17458,34.097656
14103,512,16500,32.226562
14104,512,16500,32.226562
14105,512,16583,32.388672
14106,512,17583,34.341797
14107,512,17667,34.505859
14108,512,30791,60.138672
14109,512,17209,33.611328
14110,512,16166,31.574219
14111,512,17250,33.691406
14112,512,17750,34.667969
14113,512,16208,31.656250
14114,512,16459,32.146484
14115,512,17167,33.529297
14116,512,17042,33.285156
14117,512,16416,32.062500
14118,512,17375,33.935547
14119,512,17333,33.853516
14120,512,17334,33.855469
14121,512,17541,34.259766
14122,512,17500,34.179688
14123,512,16708,32.632812
14124,512,17834,34.832031
14125,512,17167,33.529297
14126,512,16875,32.958984
14127,512,16625,32.470703
14128,512,16708,32.632812
14129,512,17125,33.447266
14130,512,17000,33.203125
14131,512,17333,33.853516
14132,512,17959,35.076172
14133,512,17083,33.365234
14134,512,17250,33.691406
14135,512,17083,33.365234
14136,512,16792,32.796875
14137,512,16458,32.144531
14138,512,16750,32.714844
14139,512,17166,33.527344
14140,512,17334,33.855469
14141,512,17709,34.587891
14142,512,16541,32.306641
14143,512,17542,34.261719
14144,512,16750,32.714844
14145,512,16542,32.308594
14146,512,17000,33.203125
14147,512,17541,34.259766
14148,512,16750,32.714844
14149,512,17250,33.691406
14150,512,16875,32.958984
14151,512,16792,32.796875
14152,512,17333,33.853516
14153,512,17125,33.447266
14154,512,16916,33.039062
14155,512,16833,32.876953
14156,512,17250,33.691406
14157,512,16959,33.123047
14158,512,17125,33.447266
14159,512,17375,33.935547
14160,512,16666,32.550781
14161,512,17000,33.203125
14162,512,16833,32.876953
14163,512,17333,33.853516
14164,512,16834,32.878906
14165,512,16584,32.390625
14166,512,17250,33.691406
14167,512,16875,32.958984
14168,512,17708,34.585938
14169,512,16333,31.900391
14170,512,17500,34.179688
14171,512,17542,34.261719
14172,512,17083,33.365234
14173,512,17375,33.935547
14174,512,17042,33.285156
14175,512,17000,33.203125
14176,512,16792,32.796875
14177,512,16166,31.574219
14178,512,17292,33.773438
14179,512,16875,32.958984
14180,512,17041,33.283203
14181,512,17167,33.529297
14182,512,17083,33.365234
14183,512,17167,33.529297
14184,512,17708,34.585938
14185,512,16792,32.796875
14186,512,16875,32.958984
14187,512,17000,33.203125
14188,512,16541,32.306641
14189,512,17209,33.611328
14190,512,17167,33.529297
14191,512,16250,31.738281
14192,512,16916,33.039062
14193,512,16750,32.714844
14194,512,16709,32.634766
14195,512,17041,33.283203
14196,512,16958,33.121094
14197,512,17000,33.203125
14198,512,17042,33.285156
14199,512,16583,32.388672
14200,512,16708,32.632812
14201,512,16417,32.064453
14202,512,17125,33.447266
14203,512,16958,33.121094
14204,512,16917,33.041016
14205,512,18250,35.644531
14206,512,17708,34.585938
14207,512,16875,32.958984
14208,512,16750,32.714844
14209,512,17625,34.423828
14210,512,16541,32.306641
14211,512,16667,32.552734
14212,512,16500,32.226562
14213,512,16583,32.388672
14214,512,17042,33.285156
14215,512,17042,33.285156
14216,512,16958,33.121094
14217,512,17750,34.667969
14218,512,16917,33.041016
14219,512,16875,32.958984
14220,512,16333,31.900391
14221,512,17334,33.855469
14222,512,29334,57.292969
14223,512,17542,34.261719
14224,512,17250,33.691406
14225,512,17167,33.529297
14226,512,17291,33.771484
14227,512,17000,33.203125
14228,512,17792,34.750000
14229,512,16792,32.796875
14230,512,25708,50.210938
14231,512,16750,32.714844
14232,512,16792,32.796875
14233,512,17041,33.283203
14234,512,17125,33.447266
14235,512,16750,32.714844
14236,512,16542,32.308594
14237,512,16959,33.123047
14238,512,17041,33.283203
14239,512,17042,33.285156
14240,512,17292,33.773438
14241,512,16792,32.796875
14242,512,16916,33.039062
14243,512,16834,32.878906
14244,512,16750,32.714844
14245,512,16917,33.041016
14246,512,16333,31.900391
14247,512,16500,32.226562
14248,512,16625,32.470703
14249,512,16792,32.796875
14250,512,17208,33.609375
14251,512,16917,33.041016
14252,512,17125,33.447266
14253,512,16709,32.634766
14254,512,16500,32.226562
14255,512,17000,33.203125
14256,512,17292,33.773438
14257,512,16791,32.794922
14258,512,16458,32.144531
14259,512,16292,31.820312
14260,512,17000,33.203125
14261,512,16625,32.470703
14262,512,17375,33.935547
14263,512,16875,32.958984
14264,512,17250,33.691406
14265,512,17208,33.609375
14266,512,17750,34.667969
14267,512,17000,33.203125
14268,512,17250,33.691406
14269,512,16917,33.041016
14270,512,17334,33.855469
14271,512,16917,33.041016
14272,512,17042,33.285156
14273,512,16833,32.876953
14274,512,17208,33.609375
14275,512,17334,33.855469
14276,512,16791,32.794922
14277,512,17334,33.855469
14278,512,17166,33.527344
14279,512,17375,33.935547
14280,512,17334,33.855469
14281,512,25209,49.236328
14282,512,16541,32.306641
14283,512,17584,34.343750
14284,512,17125,33.447266
14285,512,17708,34.585938
14286,512,17125,33.447266
14287,512,17084,33.367188
14288,512,17334,33.855469
14289,512,17125,33.447266
14290,512,17584,34.343750
14291,512,17458,34.097656
14292,512,17041,33.283203
14293,512,17000,33.203125
14294,512,17500,34.179688
14295,512,17167,33.529297
14296,512,16958,33.121094
14297,512,17458,34.097656
14298,512,17209,33.611328
14299,512,16708,32.632812
14300,512,16791,32.794922
14301,512,16667,32.552734
14302,512,17417,34.017578
14303,512,16916,33.039062
14304,512,17250,33.691406
14305,512,17000,33.203125
14306,512,17125,33.447266
14307,512,17083,33.365234
14308,512,17042,33.285156
14309,512,17500,34.179688
14310,512,16916,33.039062
14311,512,17042,33.285156
14312,512,16750,32.714844
14313,512,17500,34.179688
14314,512,16542,32.308594
14315,512,20333,39.712891
14316,512,17167,33.529297
14317,512,17583,34.341797
14318,512,16833,32.876953
14319,512,16292,31.820312
14320,512,16166,31.574219
14321,512,17042,33.285156
14322,512,16625,32.470703
14323,512,16666,32.550781
14324,512,17667,34.505859
14325,512,16625,32.470703
14326,512,17083,33.365234
14327,512,17042,33.285156
14328,512,16875,32.958984
14329,512,17417,34.017578
14330,512,17583,34.341797
14331,512,16959,33.123047
14332,512,17291,33.771484
14333,512,17459,34.099609
14334,512,16875,32.958984
14335,512,17000,33.203125
14336,512,17417,34.017578
14337,512,17875,34.912109
14338,512,17000,33.203125
14339,512,17333,33.853516
14340,512,17334,33.855469
14341,512,17250,33.691406
14342,512,16833,32.876953
14343,512,16708,32.632812
14344,512,16916,33.039062
14345,512,17500,34.179688
14346,512,17250,33.691406
14347,512,16791,32.794922
14348,512,17250,33.691406
14349,512,17458,34.097656
14350,512,17334,33.855469
14351,512,16750,32.714844
14352,512,17750,34.667969
14353,512,17000,33.203125
14354,512,17375,33.935547
14355,512,16875,32.958984
14356,512,17208,33.609375
14357,512,16625,32.470703
14358,512,17000,33.203125
14359,512,16375,31.982422
14360,512,17583,34.341797
14361,512,17333,33.853516
14362,512,17125,33.447266
14363,512,17875,34.912109
14364,512,17375,33.935547
14365,512,16958,33.121094
14366,512,16709,32.634766
14367,512,16291,31.818359
14368,512,17167,33.529297
14369,512,16834,32.878906
14370,512,17000,33.203125
14371,512,17166,33.527344
14372,512,17167,33.529297
14373,512,17417,34.017578
14374,512,17333,33.853516
14375,512,17167,33.529297
14376,512,16583,32.388672
14377,512,17833,34.830078
14378,512,17000,33.203125
14379,512,17500,34.179688
14380,512,17625,34.423828
14381,512,17208,33.609375
14382,512,17167,33.529297
14383,512,16833,32.876953
14384,512,17041,33.283203
14385,512,17000,33.203125
14386,512,16750,32.714844
14387,512,17250,33.691406
14388,512,16958,33.121094
14389,512,17250,33.691406
14390,512,16750,32.714844
14391,512,15917,31.087891
14392,512,17417,34.017578
14393,512,17208,33.609375
14394,512,16917,33.041016
14395,512,17542,34.261719
14396,512,17916,34.992188
14397,512,16667,32.552734
14398,512,17375,33.935547
14399,512,17417,34.017578
14400,512,17542,34.261719
14401,512,16875,32.958984
14402,512,17458,34.097656
14403,512,16917,33.041016
14404,512,17500,34.179688
14405,512,17542,34.261719
14406,512,17000,33.203125
14407,512,16375,31.982422
14408,512,16916,33.039062
14409,512,18209,35.564453
14410,512,16709,32.634766
14411,512,17625,34.423828
14412,512,16792,32.796875
14413,512,17416,34.015625
14414,512,17042,33.285156
14415,512,16708,32.632812
14416,512,16459,32.146484
14417,512,17125,33.447266
14418,512,17000,33.203125
14419,512,16791,32.794922
14420,512,17209,33.611328
14421,512,17666,34.503906
14422,512,16625,32.470703
14423,512,17542,34.261719
14424,512,16500,32.226562
14425,512,16500,32.226562
14426,512,16583,32.388672
14427,512,17041,33.283203
14428,512,16833,32.876953
14429,512,17792,34.750000
14430,512,16791,32.794922
14431,512,17000,33.203125
14432,512,31250,61.035156
14433,512,16916,33.039062
14434,512,16542,32.308594
14435,512,17208,33.609375
14436,512,17375,33.935547
14437,512,17208,33.609375
14438,512,16792,32.796875
14439,512,16916,33.039062
14440,512,16334,31.902344
14441,512,17250,33.691406
14442,512,23333,45.572266
14443,512,17625,34.423828
14444,512,17083,33.365234
14445,512,17292,33.773438
14446,512,16458,32.144531
14447,512,17250,33.691406
14448,512,16917,33.041016
14449,512,17250,33.691406
14450,512,17666,34.503906
14451,512,17167,33.529297
14452,512,17208,33.609375
14453,512,17458,34.097656
14454,512,17292,33.773438
14455,512,17083,33.365234
14456,512,17250,33.691406
14457,512,16625,32.470703
14458,512,17042,33.285156
14459,512,17459,34.099609
14460,512,17334,33.855469
14461,512,17166,33.527344
14462,512,16417,32.064453
14463,512,17500,34.179688
14464,512,16500,32.226562
14465,512,17125,33.447266
14466,512,16542,32.308594
14467,512,54750,106.933594
14468,512,23750,46.386719
14469,512,19291,37.677734
14470,512,16834,32.878906
14471,512,16458,32.144531
14472,512,16125,31.494141
14473,512,16375,31.982422
14474,512,16458,32.144531
14475,512,15875,31.005859
14476,512,16334,31.902344
14477,512,16375,31.982422
14478,512,15834,30.925781
14479,512,16208,31.656250
14480,512,15708,30.679688
14481,512,16084,31.414062
14482,512,16209,31.658203
14483,512,15875,31.005859
14484,512,15750,30.761719
14485,512,15792,30.843750
14486,512,15875,31.005859
14487,512,16000,31.250000
14488,512,15875,31.005859
14489,512,16208,31.656250
14490,512,16000,31.250000
14491,512,15625,30.517578
14492,512,15458,30.191406
14493,512,15917,31.087891
14494,512,16625,32.470703
14495,512,16000,31.250000
14496,512,16125,31.494141
14497,512,15917,31.087891
14498,512,14500,28.320312
14499,512,16000,31.250000
14500,512,16125,31.494141
14501,512,15417,30.111328
14502,512,15875,31.005859
14503,512,15458,30.191406
14504,512,16125,31.494141
14505,512,15667,30.599609
14506,512,16000,31.250000
14507,512,16208,31.656250
14508,512,15833,30.923828
14509,512,15667,30.599609
14510,512,16167,31.576172
14511,512,16500,32.226562
14512,512,15542,30.355469
14513,512,15792,30.843750
14514,512,15500,30.273438
14515,512,16000,31.250000
14516,512,15583,30.435547
14517,512,16000,31.250000
14518,512,16833,32.876953
14519,512,16208,31.656250
14520,512,16542,32.308594
14521,512,16042,31.332031
14522,512,16333,31.900391
14523,512,16125,31.494141
14524,512,15792,30.843750
14525,512,16166,31.574219
14526,512,16209,31.658203
14527,512,16042,31.332031
14528,512,15750,30.761719
14529,512,16125,31.494141
14530,512,16292,31.820312
14531,512,15750,30.761719
14532,512,15500,30.273438
14533,512,16250,31.738281
14534,512,15666,30.597656
14535,512,15875,31.005859
14536,512,16125,31.494141
14537,512,15917,31.087891
14538,512,16208,31.656250
14539,512,16042,31.332031
14540,512,15417,30.111328
14541,512,15375,30.029297
14542,512,16417,32.064453
14543,512,15750,30.761719
14544,512,15833,30.923828
14545,512,15584,30.437500
14546,512,16334,31.902344
14547,512,15208,29.703125
14548,512,15333,29.947266
14549,512,15041,29.376953
14550,512,15709,30.681641
14551,512,15375,30.029297
14552,512,14666,28.644531
14553,512,16292,31.820312
14554,512,15916,31.085938
14555,512,15875,31.005859
14556,512,15625,30.517578
14557,512,16292,31.820312
14558,512,16208,31.656250
14559,512,16208,31.656250
14560,512,16167,31.576172
14561,512,15583,30.435547
14562,512,16541,32.306641
14563,512,16209,31.658203
14564,512,16250,31.738281
14565,512,16542,32.308594
14566,512,16291,31.818359
14567,512,15792,30.843750
14568,512,19625,38.330078
14569,512,20583,40.201172
14570,512,15750,30.761719
14571,512,15666,30.597656
14572,512,16208,31.656250
14573,512,17084,33.367188
14574,512,19459,38.005859
14575,512,21541,42.072266
14576,512,23208,45.328125
14577,512,18500,36.132812
14578,512,17333,33.853516
14579,512,17000,33.203125
14580,512,17417,34.017578
14581,512,17458,34.097656
14582,512,17000,33.203125
14583,512,17500,34.179688
14584,512,17750,34.667969
14585,512,17042,33.285156
14586,512,17291,33.771484
14587,512,17292,33.773438
14588,512,17041,33.283203
14589,512,17584,34.343750
14590,512,17125,33.447266
14591,512,17375,33.935547
14592,512,16834,32.878906
14593,512,16416,32.062500
14594,512,16750,32.714844
14595,512,16792,32.796875
14596,512,20250,39.550781
14597,512,16958,33.121094
14598,512,17167,33.529297
14599,512,16833,32.876953
14600,512,17500,34.179688
14601,512,17000,33.203125
14602,512,16958,33.121094
14603,512,17667,34.505859
14604,512,17959,35.076172
14605,512,17875,34.912109
14606,512,17917,34.994141
14607,512,18208,35.562500
14608,512,16709,32.634766
14609,512,17750,34.667969
14610,512,17167,33.529297
14611,512,17916,34.992188
14612,512,16709,32.634766
14613,512,17667,34.505859
14614,512,17333,33.853516
14615,512,16959,33.123047
14616,512,20042,39.144531
14617,512,21958,42.886719
14618,512,18708,36.539062
14619,512,17208,33.609375
14620,512,17875,34.912109
14621,512,17750,34.667969
14622,512,17375,33.935547
14623,512,17083,33.365234
14624,512,17209,33.611328
14625,512,17833,34.830078
14626,512,17458,34.097656
14627,512,17042,33.285156
14628,512,17292,33.773438
14629,512,17750,34.667969
14630,512,17459,34.099609
14631,512,17750,34.667969
14632,512,17209,33.611328
14633,512,17875,34.912109
14634,512,21250,41.503906
14635,512,22292,43.539062
14636,512,17125,33.447266
14637,512,16709,32.634766
14638,512,17666,34.503906
14639,512,18333,35.806641
14640,512,17625,34.423828
14641,512,17458,34.097656
14642,512,17083,33.365234
14643,512,17000,33.203125
14644,512,17209,33.611328
14645,512,16500,32.226562
14646,512,17334,33.855469
14647,512,17416,34.015625
14648,512,17875,34.912109
14649,512,18041,35.236328
14650,512,17208,33.609375
14651,512,17542,34.261719
14652,512,16542,32.308594
14653,512,17250,33.691406
14654,512,16500,32.226562
14655,512,16958,33.121094
14656,512,17167,33.529297
14657,512,17291,33.771484
14658,512,16709,32.634766
14659,512,17125,33.447266
14660,512,17458,34.097656
14661,512,17125,33.447266
14662,512,16709,32.634766
14663,512,17458,34.097656
14664,512,16917,33.041016
14665,512,17375,33.935547
14666,512,17125,33.447266
14667,512,21500,41.992188
14668,512,18250,35.644531
14669,512,17417,34.017578
14670,512,17333,33.853516
14671,512,18000,35.156250
14672,512,17208,33.609375
14673,512,17167,33.529297
14674,512,21167,41.341797
14675,512,22917,44.759766
14676,512,19208,37.515625
14677,512,17125,33.447266
14678,512,16791,32.794922
14679,512,18167,35.482422
14680,512,20166,39.386719
14681,512,17875,34.912109
14682,512,17375,33.935547
14683,512,16750,32.714844
14684,512,17250,33.691406
14685,512,16792,32.796875
14686,512,17292,33.773438
14687,512,19167,37.435547
14688,512,19125,37.353516
14689,512,17334,33.855469
14690,512,16875,32.958984
14691,512,17208,33.609375
14692,512,17333,33.853516
14693,512,22042,43.050781
14694,512,22375,43.701172
14695,512,18084,35.320312
14696,512,16500,32.226562
14697,512,16417,32.064453
14698,512,16666,32.550781
14699,512,16125,31.494141
14700,512,16583,32.388672
14701,512,17625,34.423828
14702,512,16791,32.794922
14703,512,16542,32.308594
14704,512,16959,33.123047
14705,512,17291,33.771484
14706,512,16584,32.390625
14707,512,16875,32.958984
14708,512,17166,33.527344
14709,512,16834,32.878906
14710,512,17458,34.097656
14711,512,17375,33.935547
14712,512,17542,34.261719
14713,512,17417,34.017578
14714,512,16917,33.041016
14715,512,17167,33.529297
14716,512,16708,32.632812
14717,512,17166,33.527344
14718,512,17917,34.994141
14719,512,17917,34.994141
14720,512,16666,32.550781
14721,512,17500,34.179688
14722,512,16375,31.982422
14723,512,17167,33.529297
14724,512,17000,33.203125
14725,512,17000,33.203125
14726,512,17166,33.527344
14727,512,17125,33.447266
14728,512,17084,33.367188
14729,512,17084,33.367188
14730,512,16875,32.958984
14731,512,17167,33.529297
14732,512,16833,32.876953
14733,512,16917,33.041016
14734,512,16708,32.632812
14735,512,16666,32.550781
14736,512,17500,34.179688
14737,512,16875,32.958984
14738,512,17250,33.691406
14739,512,17375,33.935547
14740,512,21084,41.179688
14741,512,22416,43.781250
14742,512,20042,39.144531
14743,512,17750,34.667969
14744,512,17708,34.585938
14745,512,16917,33.041016
14746,512,17209,33.611328
14747,512,17375,33.935547
14748,512,17208,33.609375
14749,512,16833,32.876953
14750,512,16834,32.878906
14751,512,17375,33.935547
14752,512,17375,33.935547
14753,512,16916,33.039062
14754,512,17375,33.935547
14755,512,17166,33.527344
14756,512,16792,32.796875
14757,512,16375,31.982422
14758,512,17209,33.611328
14759,512,17041,33.283203
14760,512,16625,32.470703
14761,512,17209,33.611328
14762,512,17125,33.447266
14763,512,17041,33.283203
14764,512,16667,32.552734
14765,512,16833,32.876953
14766,512,16708,32.632812
14767,512,17084,33.367188
14768,512,17834,34.832031
14769,512,16958,33.121094
14770,512,17041,33.283203
14771,512,16542,32.308594
14772,512,16542,32.308594
14773,512,16792,32.796875
14774,512,16125,31.494141
14775,512,16958,33.121094
14776,512,17041,33.283203
14777,512,17292,33.773438
14778,512,17167,33.529297
14779,512,17583,34.341797
14780,512,16875,32.958984
14781,512,17000,33.203125
14782,512,16333,31.900391
14783,512,16917,33.041016
14784,512,17375,33.935547
14785,512,17250,33.691406
14786,512,16875,32.958984
14787,512,17208,33.609375
14788,512,16709,32.634766
14789,512,16875,32.958984
14790,512,16375,31.982422
14791,512,17292,33.773438
14792,512,17417,34.017578
14793,512,16875,32.958984
14794,512,16667,32.552734
14795,512,22167,43.294922
14796,512,16458,32.144531
14797,512,16417,32.064453
14798,512,16833,32.876953
14799,512,17666,34.503906
14800,512,16792,32.796875
14801,512,17209,33.611328
14802,512,16542,32.308594
14803,512,16708,32.632812
14804,512,17167,33.529297
14805,512,17541,34.259766
14806,512,21000,41.015625
14807,512,16459,32.146484
14808,512,29083,56.802734
14809,512,17500,34.179688
14810,512,17708,34.585938
14811,512,16917,33.041016
14812,512,21250,41.503906
14813,512,16750,32.714844
14814,512,17166,33.527344
14815,512,17209,33.611328
14816,512,16833,32.876953
14817,512,16625,32.470703
14818,512,16750,32.714844
14819,512,16417,32.064453
14820,512,17250,33.691406
14821,512,16417,32.064453
14822,512,16583,32.388672
14823,512,16625,32.470703
14824,512,17000,33.203125
14825,512,17292,33.773438
14826,512,17125,33.447266
14827,512,17167,33.529297
14828,512,16916,33.039062
14829,512,16375,31.982422
14830,512,16583,32.388672
14831,512,17167,33.529297
14832,512,16667,32.552734
14833,512,17541,34.259766
14834,512,16875,32.958984
14835,512,17084,33.367188
14836,512,16541,32.306641
14837,512,16000,31.250000
14838,512,16917,33.041016
14839,512,16792,32.796875
14840,512,16625,32.470703
14841,512,16208,31.656250
14842,512,17042,33.285156
14843,512,17583,34.341797
14844,512,17458,34.097656
14845,512,17084,33.367188
14846,512,16708,32.632812
14847,512,16500,32.226562
14848,512,17667,34.505859
14849,512,17083,33.365234
14850,512,17500,34.179688
14851,512,17833,34.830078
14852,512,17459,34.099609
14853,512,16750,32.714844
14854,512,18208,35.562500
14855,512,19750,38.574219
14856,512,17125,33.447266
14857,512,20583,40.201172
14858,512,19000,37.109375
14859,512,21584,42.156250
14860,512,19792,38.656250
14861,512,20667,40.365234
14862,512,17416,34.015625
14863,512,17833,34.830078
14864,512,17375,33.935547
14865,512,19583,38.248047
14866,512,20334,39.714844
14867,512,18666,36.457031
14868,512,22208,43.375000
14869,512,20209,39.470703
14870,512,17458,34.097656
14871,512,18125,35.400391
14872,512,71291,139.240234
14873,512,36250,70.800781
14874,512,15667,30.599609
14875,512,16791,32.794922
14876,512,15875,31.005859
14877,512,15583,30.435547
14878,512,15292,29.867188
14879,512,16250,31.738281
14880,512,15542,30.355469
14881,512,15500,30.273438
14882,512,15417,30.111328
14883,512,16000,31.250000
14884,512,15750,30.761719
14885,512,15834,30.925781
14886,512,15667,30.599609
14887,512,16000,31.250000
14888,512,16125,31.494141
14889,512,16250,31.738281
14890,512,16291,31.818359
14891,512,15959,31.169922
14892,512,15375,30.029297
14893,512,15959,31.169922
14894,512,15584,30.437500
14895,512,15833,30.923828
14896,512,16042,31.332031
14897,512,15666,30.597656
14898,512,16750,32.714844
14899,512,16125,31.494141
14900,512,15916,31.085938
14901,512,16042,31.332031
14902,512,15875,31.005859
14903,512,15791,30.841797
14904,512,16334,31.902344
14905,512,15708,30.679688
14906,512,15833,30.923828
14907,512,15834,30.925781
14908,512,15834,30.925781
14909,512,16542,32.308594
14910,512,16042,31.332031
14911,512,15708,30.679688
14912,512,16167,31.576172
14913,512,15625,30.517578
14914,512,15791,30.841797
14915,512,15750,30.761719
14916,512,15709,30.681641
14917,512,15583,30.435547
14918,512,15833,30.923828
14919,512,15500,30.273438
14920,512,15416,30.109375
14921,512,15209,29.705078
14922,512,16083,31.412109
14923,512,15917,31.087891
14924,512,16541,32.306641
14925,512,15625,30.517578
14926,512,15583,30.435547
14927,512,16083,31.412109
14928,512,16042,31.332031
14929,512,15250,29.785156
14930,512,15625,30.517578
14931,512,15417,30.111328
14932,512,15750,30.761719
14933,512,15833,30.923828
14934,512,15834,30.925781
14935,512,15834,30.925781
14936,512,16083,31.412109
14937,512,16125,31.494141
14938,512,15833,30.923828
14939,512,16083,31.412109
14940,512,15500,30.273438
14941,512,15958,31.167969
14942,512,16041,31.330078
14943,512,15708,30.679688
14944,512,15333,29.947266
14945,512,16000,31.250000
14946,512,16292,31.820312
14947,512,16000,31.250000
14948,512,15709,30.681641
14949,512,15792,30.843750
14950,512,16208,31.656250
14951,512,16125,31.494141
14952,512,15833,30.923828
14953,512,16125,31.494141
14954,512,16000,31.250000
14955,512,16000,31.250000
14956,512,15750,30.761719
14957,512,16333,31.900391
14958,512,16250,31.738281
14959,512,16000,31.250000
14960,512,16000,31.250000
14961,512,16000,31.250000
14962,512,16084,31.414062
14963,512,16041,31.330078
14964,512,15750,30.761719
14965,512,16417,32.064453
14966,512,16666,32.550781
14967,512,16042,31.332031
14968,512,15583,30.435547
14969,512,16167,31.576172
14970,512,15750,30.761719
14971,512,15792,30.843750
14972,512,16458,32.144531
14973,512,16875,32.958984
14974,512,16333,31.900391
14975,512,15875,31.005859
14976,512,16875,32.958984
14977,512,16667,32.552734
14978,512,16334,31.902344
14979,512,16000,31.250000
14980,512,15792,30.843750
14981,512,15750,30.761719
14982,512,16000,31.250000
14983,512,16083,31.412109
14984,512,16167,31.576172
14985,512,16167,31.576172
14986,512,15791,30.841797
14987,512,15375,30.029297
14988,512,15458,30.191406
14989,512,16250,31.738281
14990,512,15542,30.355469
14991,512,15833,30.923828
14992,512,16084,31.414062
14993,512,15833,30.923828
14994,512,16208,31.656250
14995,512,16042,31.332031
14996,512,16291,31.818359
14997,512,16084,31.414062
14998,512,19750,38.574219
14999,512,20750,40.527344
15000,512,21583,42.154297
15001,512,18833,36.783203
15002,512,18083,35.318359
15003,512,17834,34.832031
15004,512,17625,34.423828
15005,512,18166,35.480469
15006,512,17750,34.667969
15007,512,18042,35.238281
15008,512,17750,34.667969
15009,512,17708,34.585938
15010,512,18500,36.132812
15011,512,16750,32.714844
15012,512,16458,32.144531
15013,512,16625,32.470703
15014,512,15917,31.087891
15015,512,15833,30.923828
15016,512,16375,31.982422
15017,512,16125,31.494141
15018,512,16708,32.632812
15019,512,16375,31.982422
15020,512,16458,32.144531
15021,512,15750,30.761719
15022,512,16375,31.982422
15023,512,20625,40.283203
15024,512,22000,42.968750
15025,512,18042,35.238281
15026,512,18000,35.156250
15027,512,17667,34.505859
15028,512,17167,33.529297
15029,512,17500,34.179688
15030,512,17583,34.341797
15031,512,20500,40.039062
15032,512,22750,44.433594
15033,512,22666,44.269531
15034,512,17625,34.423828
15035,512,16167,31.576172
15036,512,15833,30.923828
15037,512,15834,30.925781
15038,512,16208,31.656250
15039,512,16000,31.250000
15040,512,15375,30.029297
15041,512,15791,30.841797
15042,512,16250,31.738281
15043,512,15417,30.111328
15044,512,16291,31.818359
15045,512,15875,31.005859
15046,512,15708,30.679688
15047,512,19125,37.353516
15048,512,20792,40.609375
15049,512,22458,43.863281
15050,512,37417,73.080078
15051,512,17291,33.771484
15052,512,15917,31.087891
15053,512,16708,32.632812
15054,512,15792,30.843750
15055,512,16834,32.878906
15056,512,15958,31.167969
15057,512,16583,32.388672
15058,512,16375,31.982422
15059,512,16667,32.552734
15060,512,16333,31.900391
15061,512,16542,32.308594
15062,512,15875,31.005859
15063,512,16125,31.494141
15064,512,16709,32.634766
15065,512,24542,47.933594
15066,512,17166,33.527344
15067,512,16167,31.576172
15068,512,15834,30.925781
15069,512,16125,31.494141
15070,512,16708,32.632812
15071,512,16625,32.470703
15072,512,23250,45.410156
15073,512,15916,31.085938
15074,512,16000,31.250000
15075,512,16500,32.226562
15076,512,15875,31.005859
15077,512,16500,32.226562
15078,512,20334,39.714844
15079,512,16875,32.958984
15080,512,16792,32.796875
15081,512,18875,36.865234
15082,512,20875,40.771484
15083,512,18833,36.783203
15084,512,15458,30.191406
15085,512,15542,30.355469
15086,512,15333,29.947266
15087,512,15667,30.599609
15088,512,15667,30.599609
15089,512,16250,31.738281
15090,512,15791,30.841797
15091,512,16375,31.982422
15092,512,15709,30.681641
15093,512,15750,30.761719
15094,512,15584,30.437500
15095,512,15792,30.843750
15096,512,16000,31.250000
15097,512,15708,30.679688
15098,512,16042,31.332031
15099,512,15916,31.085938
15100,512,16042,31.332031
15101,512,15917,31.087891
15102,512,15958,31.167969
15103,512,16000,31.250000
15104,512,15625,30.517578
15105,512,15542,30.355469
15106,512,16416,32.062500
15107,512,15959,31.169922
15108,512,16042,31.332031
15109,512,16458,32.144531
15110,512,16625,32.470703
15111,512,15917,31.087891
15112,512,16500,32.226562
15113,512,16416,32.062500
15114,512,16334,31.902344
15115,512,16250,31.738281
15116,512,15792,30.843750
15117,512,16833,32.876953
15118,512,21834,42.644531
15119,512,23042,45.003906
15120,512,22250,43.457031
15121,512,19333,37.759766
15122,512,16208,31.656250
15123,512,16417,32.064453
15124,512,15958,31.167969
15125,512,16458,32.144531
15126,512,15709,30.681641
15127,512,15958,31.167969
15128,512,16166,31.574219
15129,512,16000,31.250000
15130,512,16417,32.064453
15131,512,20083,39.224609
15132,512,20417,39.876953
15133,512,15625,30.517578
15134,512,16334,31.902344
15135,512,16375,31.982422
15136,512,15250,29.785156
15137,512,16250,31.738281
15138,512,16084,31.414062
15139,512,15750,30.761719
15140,512,16541,32.306641
15141,512,16375,31.982422
15142,512,16083,31.412109
15143,512,15959,31.169922
15144,512,16375,31.982422
15145,512,16209,31.658203
15146,512,15875,31.005859
15147,512,15875,31.005859
15148,512,16292,31.820312
15149,512,15625,30.517578
15150,512,16375,31.982422
15151,512,14875,29.052734
15152,512,16083,31.412109
15153,512,16792,32.796875
15154,512,15750,30.761719
15155,512,17584,34.343750
15156,512,17291,33.771484
15157,512,16667,32.552734
15158,512,16834,32.878906
15159,512,17292,33.773438
15160,512,17083,33.365234
15161,512,16709,32.634766
15162,512,17042,33.285156
15163,512,17000,33.203125
15164,512,16875,32.958984
15165,512,17125,33.447266
15166,512,17125,33.447266
15167,512,17750,34.667969
15168,512,17417,34.017578
15169,512,16875,32.958984
15170,512,17750,34.667969
15171,512,17167,33.529297
15172,512,16875,32.958984
15173,512,17167,33.529297
15174,512,17250,33.691406
15175,512,17250,33.691406
15176,512,17500,34.179688
15177,512,17250,33.691406
15178,512,16959,33.123047
15179,512,16958,33.121094
15180,512,17000,33.203125
15181,512,16834,32.878906
15182,512,16959,33.123047
15183,512,17041,33.283203
15184,512,16875,32.958984
15185,512,17167,33.529297
15186,512,16958,33.121094
15187,512,16958,33.121094
15188,512,16666,32.550781
15189,512,17292,33.773438
15190,512,17791,34.748047
15191,512,17334,33.855469
15192,512,17042,33.285156
15193,512,16958,33.121094
15194,512,17084,33.367188
15195,512,16459,32.146484
15196,512,17042,33.285156
15197,512,16917,33.041016
15198,512,16500,32.226562
15199,512,16625,32.470703
15200,512,16792,32.796875
15201,512,17083,33.365234
15202,512,16459,32.146484
15203,512,16959,33.123047
15204,512,17750,34.667969
15205,512,17083,33.365234
15206,512,17209,33.611328
15207,512,17167,33.529297
15208,512,16458,32.144531
15209,512,16500,32.226562
15210,512,16500,32.226562
15211,512,17125,33.447266
15212,512,16750,32.714844
15213,512,16584,32.390625
15214,512,17458,34.097656
15215,512,16500,32.226562
15216,512,16666,32.550781
15217,512,16750,32.714844
15218,512,17041,33.283203
15219,512,17209,33.611328
15220,512,16208,31.656250
15221,512,16916,33.039062
15222,512,16667,32.552734
15223,512,16916,33.039062
15224,512,16833,32.876953
15225,512,17334,33.855469
15226,512,16791,32.794922
15227,512,17042,33.285156
15228,512,16667,32.552734
15229,512,16375,31.982422
15230,512,16667,32.552734
15231,512,16625,32.470703
15232,512,17583,34.341797
15233,512,16917,33.041016
15234,512,17500,34.179688
15235,512,17250,33.691406
15236,512,17000,33.203125
15237,512,16791,32.794922
15238,512,16584,32.390625
15239,512,17375,33.935547
15240,512,15958,31.167969
15241,512,16916,33.039062
15242,512,16875,32.958984
15243,512,17375,33.935547
15244,512,16500,32.226562
15245,512,17667,34.505859
15246,512,16750,32.714844
15247,512,16167,31.576172
15248,512,17042,33.285156
15249,512,17375,33.935547
15250,512,17667,34.505859
15251,512,17333,33.853516
15252,512,16959,33.123047
15253,512,16375,31.982422
15254,512,16791,32.794922
15255,512,16917,33.041016
15256,512,17125,33.447266
15257,512,17083,33.365234
15258,512,17042,33.285156
15259,512,16833,32.876953
15260,512,15958,31.167969
15261,512,16750,32.714844
15262,512,16417,32.064453
15263,512,17041,33.283203
15264,512,16458,32.144531
15265,512,16667,32.552734
15266,512,16250,31.738281
15267,512,16708,32.632812
15268,512,17625,34.423828
15269,512,16875,32.958984
15270,512,16208,31.656250
15271,512,16542,32.308594
15272,512,17250,33.691406
15273,512,16792,32.796875
15274,512,16041,31.330078
15275,512,17208,33.609375
15276,512,17250,33.691406
15277,512,16625,32.470703
15278,512,17291,33.771484
15279,512,16959,33.123047
15280,512,16875,32.958984
15281,512,16709,32.634766
15282,512,16625,32.470703
15283,512,17750,34.667969
15284,512,17167,33.529297
15285,512,16458,32.144531
15286,512,17292,33.773438
15287,512,16791,32.794922
15288,512,16792,32.796875
15289,512,28417,55.501953
15290,512,17375,33.935547
15291,512,17333,33.853516
15292,512,17417,34.017578
15293,512,17375,33.935547
15294,512,17041,33.283203
15295,512,17042,33.285156
15296,512,17042,33.285156
15297,512,17541,34.259766
15298,512,16625,32.470703
15299,512,16875,32.958984
15300,512,29708,58.023438
15301,512,17875,34.912109
15302,512,17167,33.529297
15303,512,17000,33.203125
15304,512,16750,32.714844
15305,512,16917,33.041016
15306,512,17334,33.855469
15307,512,17291,33.771484
15308,512,17208,33.609375
15309,512,17000,33.203125
15310,512,16708,32.632812
15311,512,17584,34.343750
15312,512,17000,33.203125
15313,512,17125,33.447266
15314,512,16625,32.470703
15315,512,16959,33.123047
15316,512,16000,31.250000
15317,512,16625,32.470703
15318,512,16292,31.820312
15319,512,16875,32.958984
15320,512,17167,33.529297
15321,512,16916,33.039062
15322,512,17084,33.367188
15323,512,16791,32.794922
15324,512,16125,31.494141
15325,512,16709,32.634766
15326,512,16958,33.121094
15327,512,16125,31.494141
15328,512,16250,31.738281
15329,512,16750,32.714844
15330,512,16333,31.900391
15331,512,16416,32.062500
15332,512,16709,32.634766
15333,512,16708,32.632812
15334,512,17125,33.447266
15335,512,16708,32.632812
15336,512,16958,33.121094
15337,512,17084,33.367188
15338,512,17375,33.935547
15339,512,16916,33.039062
15340,512,17000,33.203125
15341,512,16541,32.306641
15342,512,17500,34.179688
15343,512,20334,39.714844
15344,512,18166,35.480469
15345,512,21667,42.318359
15346,512,22875,44.677734
15347,512,21375,41.748047
15348,512,19250,37.597656
15349,512,21250,41.503906
15350,512,17583,34.341797
15351,512,17709,34.587891
15352,512,17125,33.447266
15353,512,18125,35.400391
15354,512,19209,37.517578
15355,512,22500,43.945312
15356,512,20292,39.632812
15357,512,21500,41.992188
15358,512,18292,35.726562
15359,512,17459,34.099609
15360,512,19083,37.271484
15361,512,20000,39.062500
15362,512,22542,44.027344
15363,512,20000,39.062500
15364,512,17792,34.750000
15365,512,17625,34.423828
15366,512,17834,34.832031
15367,512,17625,34.423828
15368,512,20750,40.527344
15369,512,21416,41.828125
15370,512,17708,34.585938
15371,512,17333,33.853516
15372,512,18000,35.156250
15373,512,17459,34.099609
15374,512,18250,35.644531
15375,512,17500,34.179688
15376,512,17375,33.935547
15377,512,20333,39.712891
15378,512,22667,44.271484
15379,512,21667,42.318359
15380,512,18458,36.050781
15381,512,22791,44.513672
15382,512,21125,41.259766
15383,512,20375,39.794922
15384,512,28833,56.314453
15385,512,21917,42.806641
15386,512,18375,35.888672
15387,512,17417,34.017578
15388,512,17500,34.179688
15389,512,17000,33.203125
15390,512,16584,32.390625
15391,512,16833,32.876953
15392,512,16875,32.958984
15393,512,17375,33.935547
15394,512,17375,33.935547
15395,512,17708,34.585938
15396,512,16666,32.550781
15397,512,17167,33.529297
15398,512,17250,33.691406
15399,512,17042,33.285156
15400,512,17125,33.447266
15401,512,17125,33.447266
15402,512,17000,33.203125
15403,512,16958,33.121094
15404,512,16833,32.876953
15405,512,17292,33.773438
15406,512,17208,33.609375
15407,512,16708,32.632812
15408,512,16584,32.390625
15409,512,16709,32.634766
15410,512,17292,33.773438
15411,512,16500,32.226562
15412,512,16583,32.388672
15413,512,16958,33.121094
15414,512,16250,31.738281
15415,512,16875,32.958984
15416,512,16667,32.552734
15417,512,16625,32.470703
15418,512,16916,33.039062
15419,512,16959,33.123047
15420,512,16667,32.552734
15421,512,16833,32.876953
15422,512,17500,34.179688
15423,512,16542,32.308594
15424,512,17417,34.017578
15425,512,17583,34.341797
15426,512,17167,33.529297
15427,512,16750,32.714844
15428,512,16375,31.982422
15429,512,16959,33.123047
15430,512,17166,33.527344
15431,512,17083,33.365234
15432,512,17125,33.447266
15433,512,16958,33.121094
15434,512,17542,34.261719
15435,512,16542,32.308594
15436,512,17291,33.771484
15437,512,17000,33.203125
15438,512,16792,32.796875
15439,512,16917,33.041016
15440,512,17334,33.855469
15441,512,17292,33.773438
15442,512,16250,31.738281
15443,512,16708,32.632812
15444,512,16292,31.820312
15445,512,16209,31.658203
15446,512,16625,32.470703
15447,512,16584,32.390625
15448,512,17000,33.203125
15449,512,17541,34.259766
15450,512,16834,32.878906
15451,512,17291,33.771484
15452,512,16500,32.226562
15453,512,16959,33.123047
15454,512,16375,31.982422
15455,512,16458,32.144531
15456,512,16750,32.714844
15457,512,16583,32.388672
15458,512,19875,38.818359
15459,512,17334,33.855469
15460,512,17458,34.097656
15461,512,17000,33.203125
15462,512,17208,33.609375
15463,512,17709,34.587891
15464,512,16875,32.958984
15465,512,16750,32.714844
15466,512,17083,33.365234
15467,512,16541,32.306641
15468,512,16958,33.121094
15469,512,16542,32.308594
15470,512,17000,33.203125
15471,512,16667,32.552734
15472,512,17167,33.529297
15473,512,16708,32.632812
15474,512,16375,31.982422
15475,512,16750,32.714844
15476,512,16333,31.900391
15477,512,16917,33.041016
15478,512,16792,32.796875
15479,512,16542,32.308594
15480,512,16666,32.550781
15481,512,16334,31.902344
15482,512,17083,33.365234
15483,512,16583,32.388672
15484,512,16792,32.796875
15485,512,16625,32.470703
15486,512,17125,33.447266
15487,512,17333,33.853516
15488,512,17708,34.585938
15489,512,17584,34.343750
15490,512,17500,34.179688
15491,512,17584,34.343750
15492,512,16208,31.656250
15493,512,16458,32.144531
15494,512,17125,33.447266
15495,512,17083,33.365234
15496,512,16208,31.656250
15497,512,16417,32.064453
15498,512,16917,33.041016
15499,512,16542,32.308594
15500,512,16917,33.041016
15501,512,16583,32.388672
15502,512,16500,32.226562
15503,512,16333,31.900391
15504,512,16834,32.878906
15505,512,17000,33.203125
15506,512,16875,32.958984
15507,512,16583,32.388672
15508,512,16625,32.470703
15509,512,17250,33.691406
15510,512,17166,33.527344
15511,512,16209,31.658203
15512,512,16208,31.656250
15513,512,16541,32.306641
15514,512,16667,32.552734
15515,512,16958,33.121094
15516,512,16916,33.039062
15517,512,16625,32.470703
15518,512,16917,33.041016
15519,512,16584,32.390625
15520,512,17208,33.609375
15521,512,16667,32.552734
15522,512,16459,32.146484
15523,512,16750,32.714844
15524,512,16958,33.121094
15525,512,17208,33.609375
15526,512,16584,32.390625
15527,512,17083,33.365234
15528,512,17542,34.261719
15529,512,15958,31.167969
15530,512,16541,32.306641
15531,512,16833,32.876953
15532,512,16584,32.390625
15533,512,16667,32.552734
15534,512,15666,30.597656
15535,512,16792,32.796875
15536,512,16875,32.958984
15537,512,16917,33.041016
15538,512,16666,32.550781
15539,512,16917,33.041016
15540,512,16250,31.738281
15541,512,16375,31.982422
15542,512,17042,33.285156
15543,512,16583,32.388672
15544,512,16208,31.656250
15545,512,16750,32.714844
15546,512,15959,31.169922
15547,512,16875,32.958984
15548,512,16541,32.306641
15549,512,17417,34.017578
15550,512,17333,33.853516
15551,512,16875,32.958984
15552,512,15958,31.167969
15553,512,16458,32.144531
15554,512,16375,31.982422
15555,512,17291,33.771484
15556,512,22042,43.050781
15557,512,16500,32.226562
15558,512,17250,33.691406
15559,512,16792,32.796875
15560,512,16459,32.146484
15561,512,16166,31.574219
15562,512,16334,31.902344
15563,512,17125,33.447266
15564,512,16334,31.902344
15565,512,16666,32.550781
15566,512,16084,31.414062
15567,512,16708,32.632812
15568,512,16375,31.982422
15569,512,16458,32.144531
15570,512,16958,33.121094
15571,512,16917,33.041016
15572,512,17083,33.365234
15573,512,16292,31.820312
15574,512,16459,32.146484
15575,512,16500,32.226562
15576,512,16375,31.982422
15577,512,16750,32.714844
15578,512,17334,33.855469
15579,512,17041,33.283203
15580,512,16834,32.878906
15581,512,17125,33.447266
15582,512,16583,32.388672
15583,512,15375,30.029297
15584,512,17000,33.203125
15585,512,17541,34.259766
15586,512,16709,32.634766
15587,512,15958,31.167969
15588,512,17083,33.365234
15589,512,16834,32.878906
15590,512,16500,32.226562
15591,512,16875,32.958984
15592,512,17500,34.179688
15593,512,18625,36.376953
15594,512,19125,37.353516
15595,512,16833,32.876953
15596,512,16750,32.714844
15597,512,16584,32.390625
15598,512,16708,32.632812
15599,512,16917,33.041016
15600,512,16958,33.121094
15601,512,16042,31.332031
15602,512,16959,33.123047
15603,512,16709,32.634766
15604,512,16125,31.494141
15605,512,16584,32.390625
15606,512,16125,31.494141
15607,512,16375,31.982422
15608,512,16209,31.658203
15609,512,16791,32.794922
15610,512,16917,33.041016
15611,512,16125,31.494141
15612,512,16041,31.330078
15613,512,15959,31.169922
15614,512,17000,33.203125
15615,512,15666,30.597656
15616,512,16875,32.958984
15617,512,16167,31.576172
15618,512,16917,33.041016
15619,512,16416,32.062500
15620,512,17167,33.529297
15621,512,16583,32.388672
15622,512,16667,32.552734
15623,512,17000,33.203125
15624,512,16375,31.982422
15625,512,17166,33.527344
15626,512,16917,33.041016
15627,512,17166,33.527344
15628,512,16333,31.900391
15629,512,16209,31.658203
15630,512,16500,32.226562
15631,512,16917,33.041016
15632,512,16833,32.876953
15633,512,21667,42.318359
15634,512,17000,33.203125
15635,512,16791,32.794922
15636,512,16708,32.632812
15637,512,16834,32.878906
15638,512,16500,32.226562
15639,512,17209,33.611328
15640,512,16958,33.121094
15641,512,17083,33.365234
15642,512,16500,32.226562
15643,512,16917,33.041016
15644,512,16709,32.634766
15645,512,17459,34.099609
15646,512,16791,32.794922
15647,512,16834,32.878906
15648,512,17084,33.367188
15649,512,16166,31.574219
15650,512,16917,33.041016
15651,512,16708,32.632812
15652,512,17292,33.773438
15653,512,17333,33.853516
15654,512,16792,32.796875
15655,512,16667,32.552734
15656,512,17042,33.285156
15657,512,16375,31.982422
15658,512,16833,32.876953
15659,512,16875,32.958984
15660,512,17000,33.203125
15661,512,16583,32.388672
15662,512,16750,32.714844
15663,512,16709,32.634766
15664,512,16625,32.470703
15665,512,16500,32.226562
15666,512,16542,32.308594
15667,512,16334,31.902344
15668,512,16334,31.902344
15669,512,16916,33.039062
15670,512,16375,31.982422
15671,512,16750,32.714844
15672,512,16958,33.121094
15673,512,17125,33.447266
15674,512,16208,31.656250
15675,512,17000,33.203125
15676,512,16709,32.634766
15677,512,17833,34.830078
15678,512,17041,33.283203
15679,512,17458,34.097656
15680,512,16709,32.634766
15681,512,16458,32.144531
15682,512,16417,32.064453
15683,512,16666,32.550781
15684,512,16292,31.820312
15685,512,16417,32.064453
15686,512,16916,33.039062
15687,512,16709,32.634766
15688,512,16500,32.226562
15689,512,16916,33.039062
15690,512,17542,34.261719
15691,512,17708,34.585938
15692,512,16792,32.796875
15693,512,16041,31.330078
15694,512,16542,32.308594
15695,512,16875,32.958984
15696,512,17041,33.283203
15697,512,16750,32.714844
15698,512,16209,31.658203
15699,512,16875,32.958984
15700,512,16959,33.123047
15701,512,16625,32.470703
15702,512,16542,32.308594
15703,512,15916,31.085938
15704,512,17084,33.367188
15705,512,15959,31.169922
15706,512,16333,31.900391
15707,512,16458,32.144531
15708,512,16667,32.552734
15709,512,16875,32.958984
15710,512,16500,32.226562
15711,512,16667,32.552734
15712,512,16625,32.470703
15713,512,16500,32.226562
15714,512,16916,33.039062
15715,512,16542,32.308594
15716,512,16250,31.738281
15717,512,17041,33.283203
15718,512,15709,30.681641
15719,512,16833,32.876953
15720,512,16750,32.714844
15721,512,16333,31.900391
15722,512,16750,32.714844
15723,512,16583,32.388672
15724,512,16833,32.876953
15725,512,17584,34.343750
15726,512,16250,31.738281
15727,512,17541,34.259766
15728,512,17167,33.529297
15729,512,16042,31.332031
15730,512,16625,32.470703
15731,512,16375,31.982422
15732,512,17125,33.447266
15733,512,16250,31.738281
15734,512,16667,32.552734
15735,512,16417,32.064453
15736,512,16459,32.146484
15737,512,15167,29.623047
15738,512,17208,33.609375
15739,512,16542,32.308594
15740,512,17292,33.773438
15741,512,16833,32.876953
15742,512,17125,33.447266
15743,512,16208,31.656250
15744,512,17792,34.750000
15745,512,16916,33.039062
15746,512,17042,33.285156
15747,512,17041,33.283203
15748,512,17459,34.099609
15749,512,16417,32.064453
15750,512,17000,33.203125
15751,512,17334,33.855469
15752,512,17084,33.367188
15753,512,17041,33.283203
15754,512,17084,33.367188
15755,512,17458,34.097656
15756,512,17292,33.773438
15757,512,16875,32.958984
15758,512,17375,33.935547
15759,512,16625,32.470703
15760,512,17042,33.285156
15761,512,17375,33.935547
15762,512,16500,32.226562
15763,512,17000,33.203125
15764,512,16250,31.738281
15765,512,17208,33.609375
15766,512,16875,32.958984
15767,512,16583,32.388672
15768,512,17292,33.773438
15769,512,16792,32.796875
15770,512,16875,32.958984
15771,512,16250,31.738281
15772,512,17084,33.367188
15773,512,17166,33.527344
15774,512,16167,31.576172
15775,512,17125,33.447266
15776,512,16416,32.062500
15777,512,17042,33.285156
15778,512,16708,32.632812
15779,512,16917,33.041016
15780,512,16375,31.982422
15781,512,17125,33.447266
15782,512,16125,31.494141
15783,512,16791,32.794922
15784,512,16667,32.552734
15785,512,17250,33.691406
15786,512,16791,32.794922
15787,512,16792,32.796875
15788,512,16708,32.632812
15789,512,16375,31.982422
15790,512,16833,32.876953
15791,512,16750,32.714844
15792,512,16833,32.876953
15793,512,23000,44.921875
15794,512,16750,32.714844
15795,512,16917,33.041016
15796,512,17000,33.203125
15797,512,16500,32.226562
15798,512,16208,31.656250
15799,512,15875,31.005859
15800,512,16958,33.121094
15801,512,16750,32.714844
15802,512,16958,33.121094
15803,512,17375,33.935547
15804,512,16875,32.958984
15805,512,16750,32.714844
15806,512,17292,33.773438
15807,512,16750,32.714844
15808,512,17042,33.285156
15809,512,16833,32.876953
15810,512,16584,32.390625
15811,512,16750,32.714844
15812,512,21292,41.585938
15813,512,21750,42.480469
15814,512,21083,41.177734
15815,512,17083,33.365234
15816,512,17167,33.529297
15817,512,16625,32.470703
15818,512,20417,39.876953
15819,512,18791,36.701172
15820,512,17250,33.691406
15821,512,17083,33.365234
15822,512,17959,35.076172
15823,512,17541,34.259766
15824,512,17542,34.261719
15825,512,17792,34.750000
15826,512,21208,41.421875
15827,512,22041,43.048828
15828,512,21709,42.400391
15829,512,22125,43.212891
15830,512,17500,34.179688
15831,512,21083,41.177734
15832,512,22500,43.945312
15833,512,19000,37.109375
15834,512,17542,34.261719
15835,512,17708,34.585938
15836,512,17750,34.667969
15837,512,21625,42.236328
15838,512,28167,55.013672
15839,512,48375,94.482422
15840,512,41625,81.298828
15841,512,65500,127.929688
15842,512,16375,31.982422
15843,512,16167,31.576172
15844,512,16458,32.144531
15845,512,16167,31.576172
15846,512,15833,30.923828
15847,512,16500,32.226562
15848,512,15625,30.517578
15849,512,16625,32.470703
15850,512,15583,30.435547
15851,512,15583,30.435547
15852,512,16000,31.250000
15853,512,16625,32.470703
15854,512,16250,31.738281
15855,512,15875,31.005859
15856,512,15750,30.761719
15857,512,16584,32.390625
15858,512,16041,31.330078
15859,512,16084,31.414062
15860,512,16167,31.576172
15861,512,15750,30.761719
15862,512,15875,31.005859
15863,512,15708,30.679688
15864,512,16125,31.494141
15865,512,16000,31.250000
15866,512,16166,31.574219
15867,512,16167,31.576172
15868,512,16167,31.576172
15869,512,16083,31.412109
15870,512,16667,32.552734
15871,512,16291,31.818359
15872,512,16125,31.494141
15873,512,15584,30.437500
15874,512,15458,30.191406
15875,512,16000,31.250000
15876,512,15375,30.029297
15877,512,15416,30.109375
15878,512,15875,31.005859
15879,512,15917,31.087891
15880,512,15458,30.191406
15881,512,15583,30.435547
15882,512,15292,29.867188
15883,512,16250,31.738281
15884,512,35416,69.171875
15885,512,15959,31.169922
15886,512,15750,30.761719
15887,512,15625,30.517578
15888,512,16584,32.390625
15889,512,15792,30.843750
15890,512,15958,31.167969
15891,512,15750,30.761719
15892,512,15875,31.005859
15893,512,15667,30.599609
15894,512,15792,30.843750
15895,512,16292,31.820312
15896,512,15583,30.435547
15897,512,16500,32.226562
15898,512,15791,30.841797
15899,512,15375,30.029297
15900,512,15917,31.087891
15901,512,15333,29.947266
15902,512,15834,30.925781
15903,512,15875,31.005859
15904,512,16375,31.982422
15905,512,15750,30.761719
15906,512,16166,31.574219
15907,512,16000,31.250000
15908,512,16417,32.064453
15909,512,16125,31.494141
15910,512,15792,30.843750
15911,512,16208,31.656250
15912,512,15667,30.599609
15913,512,15708,30.679688
15914,512,16000,31.250000
15915,512,16000,31.250000
15916,512,15791,30.841797
15917,512,15708,30.679688
15918,512,16167,31.576172
15919,512,15625,30.517578
15920,512,15417,30.111328
15921,512,15750,30.761719
15922,512,16416,32.062500
15923,512,15750,30.761719
15924,512,15875,31.005859
15925,512,15542,30.355469
15926,512,15708,30.679688
15927,512,15292,29.867188
15928,512,16125,31.494141
15929,512,15625,30.517578
15930,512,15792,30.843750
15931,512,15916,31.085938
15932,512,15042,29.378906
15933,512,16833,32.876953
15934,512,15834,30.925781
15935,512,15542,30.355469
15936,512,15625,30.517578
15937,512,15416,30.109375
15938,512,15667,30.599609
15939,512,15500,30.273438
15940,512,15666,30.597656
15941,512,15584,30.437500
15942,512,15625,30.517578
15943,512,15792,30.843750
15944,512,15917,31.087891
15945,512,16084,31.414062
15946,512,15666,30.597656
15947,512,16042,31.332031
15948,512,15791,30.841797
15949,512,15667,30.599609
15950,512,16083,31.412109
15951,512,15500,30.273438
15952,512,16250,31.738281
15953,512,14875,29.052734
15954,512,15666,30.597656
15955,512,16084,31.414062
15956,512,15917,31.087891
15957,512,15833,30.923828
15958,512,16125,31.494141
15959,512,15875,31.005859
15960,512,15791,30.841797
15961,512,15292,29.867188
15962,512,15167,29.623047
15963,512,15541,30.353516
15964,512,15417,30.111328
15965,512,15542,30.355469
15966,512,15917,31.087891
15967,512,16000,31.250000
15968,512,16125,31.494141
15969,512,15667,30.599609
15970,512,16208,31.656250
15971,512,15833,30.923828
15972,512,15833,30.923828
15973,512,16250,31.738281
15974,512,16167,31.576172
15975,512,15375,30.029297
15976,512,15625,30.517578
15977,512,15666,30.597656
15978,512,15667,30.599609
15979,512,15625,30.517578
15980,512,15708,30.679688
15981,512,15875,31.005859
15982,512,15334,29.949219
15983,512,15709,30.681641
15984,512,15334,29.949219
15985,512,15500,30.273438
15986,512,15333,29.947266
15987,512,15708,30.679688
15988,512,15750,30.761719
15989,512,16167,31.576172
15990,512,16292,31.820312
15991,512,16417,32.064453
15992,512,16084,31.414062
15993,512,16042,31.332031
15994,512,15417,30.111328
15995,512,15875,31.005859
15996,512,15209,29.705078
15997,512,15750,30.761719
15998,512,16208,31.656250
15999,512,16542,32.308594
16000,512,16208,31.656250
16001,512,16250,31.738281
16002,512,15083,29.458984
16003,512,15459,30.193359
16004,512,15458,30.191406
16005,512,15291,29.865234
16006,512,16125,31.494141
16007,512,15625,30.517578
16008,512,15542,30.355469
16009,512,15500,30.273438
16010,512,16708,32.632812
16011,512,16000,31.250000
16012,512,16042,31.332031
16013,512,15959,31.169922
16014,512,15000,29.296875
16015,512,15750,30.761719
16016,512,15958,31.167969
16017,512,15834,30.925781
16018,512,15666,30.597656
16019,512,15625,30.517578
16020,512,16250,31.738281
16021,512,15542,30.355469
16022,512,15750,30.761719
16023,512,15542,30.355469
16024,512,15292,29.867188
16025,512,16000,31.250000
16026,512,15625,30.517578
16027,512,15167,29.623047
16028,512,15875,31.005859
16029,512,15542,30.355469
16030,512,15750,30.761719
16031,512,15416,30.109375
16032,512,15417,30.111328
16033,512,15750,30.761719
16034,512,15458,30.191406
16035,512,15875,31.005859
16036,512,16083,31.412109
16037,512,16625,32.470703
16038,512,15833,30.923828
16039,512,16833,32.876953
16040,512,17000,33.203125
16041,512,16458,32.144531
16042,512,16625,32.470703
16043,512,17292,33.773438
16044,512,16792,32.796875
16045,512,16375,31.982422
16046,512,16833,32.876953
16047,512,16667,32.552734
16048,512,16834,32.878906
16049,512,17125,33.447266
16050,512,17166,33.527344
16051,512,16292,31.820312
16052,512,27916,54.523438
16053,512,17000,33.203125
16054,512,16959,33.123047
16055,512,17000,33.203125
16056,512,17125,33.447266
16057,512,17041,33.283203
16058,512,17375,33.935547
16059,512,17417,34.017578
16060,512,16375,31.982422
16061,512,16583,32.388672
16062,512,16708,32.632812
16063,512,17417,34.017578
16064,512,17042,33.285156
16065,512,17625,34.423828
16066,512,17125,33.447266
16067,512,17083,33.365234
16068,512,16542,32.308594
16069,512,16875,32.958984
16070,512,17375,33.935547
16071,512,17209,33.611328
16072,512,17208,33.609375
16073,512,17458,34.097656
16074,512,16625,32.470703
16075,512,17000,33.203125
16076,512,15959,31.169922
16077,512,16833,32.876953
16078,512,17000,33.203125
16079,512,16375,31.982422
16080,512,17084,33.367188
16081,512,17125,33.447266
16082,512,16959,33.123047
16083,512,16959,33.123047
16084,512,17416,34.015625
16085,512,16875,32.958984
16086,512,17000,33.203125
16087,512,17292,33.773438
16088,512,16916,33.039062
16089,512,17250,33.691406
16090,512,16875,32.958984
16091,512,16459,32.146484
16092,512,17291,33.771484
16093,512,16667,32.552734
16094,512,16291,31.818359
16095,512,17250,33.691406
16096,512,17875,34.912109
16097,512,16875,32.958984
16098,512,16875,32.958984
16099,512,16500,32.226562
16100,512,17041,33.283203
16101,512,17583,34.341797
16102,512,17334,33.855469
16103,512,16417,32.064453
16104,512,16666,32.550781
16105,512,17125,33.447266
16106,512,17750,34.667969
16107,512,16417,32.064453
16108,512,16667,32.552734
16109,512,17042,33.285156
16110,512,16666,32.550781
16111,512,17084,33.367188
16112,512,16625,32.470703
16113,512,16625,32.470703
16114,512,17375,33.935547
16115,512,16750,32.714844
16116,512,16500,32.226562
16117,512,16750,32.714844
16118,512,16666,32.550781
16119,512,16459,32.146484
16120,512,17250,33.691406
16121,512,16417,32.064453
16122,512,16875,32.958984
16123,512,17125,33.447266
16124,512,17583,34.341797
16125,512,18875,36.865234
16126,512,20375,39.794922
16127,512,16167,31.576172
16128,512,16541,32.306641
16129,512,17375,33.935547
16130,512,16375,31.982422
16131,512,16917,33.041016
16132,512,17875,34.912109
16133,512,17125,33.447266
16134,512,19417,37.923828
16135,512,21333,41.666016
16136,512,22458,43.863281
16137,512,22083,43.130859
16138,512,19125,37.353516
16139,512,17500,34.179688
16140,512,17250,33.691406
16141,512,17083,33.365234
16142,512,17333,33.853516
16143,512,17708,34.585938
16144,512,18125,35.400391
16145,512,20917,40.853516
16146,512,22459,43.865234
16147,512,19375,37.841797
16148,512,17583,34.341797
16149,512,17417,34.017578
16150,512,17000,33.203125
16151,512,16958,33.121094
16152,512,17167,33.529297
16153,512,17250,33.691406
16154,512,17291,33.771484
16155,512,16584,32.390625
16156,512,17041,33.283203
16157,512,16292,31.820312
16158,512,17167,33.529297
16159,512,16875,32.958984
16160,512,17500,34.179688
16161,512,21084,41.179688
16162,512,21500,41.992188
16163,512,19667,38.412109
16164,512,17625,34.423828
16165,512,17834,34.832031
16166,512,18000,35.156250
16167,512,17041,33.283203
16168,512,17084,33.367188
16169,512,17583,34.341797
16170,512,17416,34.015625
16171,512,21084,41.179688
16172,512,21584,42.156250
16173,512,21041,41.095703
16174,512,16875,32.958984
16175,512,16667,32.552734
16176,512,16500,32.226562
16177,512,17583,34.341797
16178,512,16625,32.470703
16179,512,16375,31.982422
16180,512,17083,33.365234
16181,512,18541,36.212891
16182,512,22459,43.865234
16183,512,22625,44.189453
16184,512,21291,41.583984
16185,512,17250,33.691406
16186,512,16750,32.714844
16187,512,17292,33.773438
16188,512,17083,33.365234
16189,512,16750,32.714844
16190,512,16666,32.550781
16191,512,17334,33.855469
16192,512,17041,33.283203
16193,512,17709,34.587891
16194,512,16833,32.876953
16195,512,17042,33.285156
16196,512,16875,32.958984
16197,512,16500,32.226562
16198,512,17209,33.611328
16199,512,16458,32.144531
16200,512,16708,32.632812
16201,512,16625,32.470703
16202,512,17292,33.773438
16203,512,17250,33.691406
16204,512,17209,33.611328
16205,512,16833,32.876953
16206,512,17250,33.691406
16207,512,16166,31.574219
16208,512,16667,32.552734
16209,512,16708,32.632812
16210,512,16541,32.306641
16211,512,16834,32.878906
16212,512,17084,33.367188
16213,512,16666,32.550781
16214,512,16542,32.308594
16215,512,16875,32.958984
16216,512,16666,32.550781
16217,512,16750,32.714844
16218,512,17083,33.365234
16219,512,16125,31.494141
16220,512,16209,31.658203
16221,512,16875,32.958984
16222,512,17125,33.447266
16223,512,16500,32.226562
16224,512,16333,31.900391
16225,512,17209,33.611328
16226,512,16750,32.714844
16227,512,16584,32.390625
16228,512,17083,33.365234
16229,512,16667,32.552734
16230,512,17541,34.259766
16231,512,17875,34.912109
16232,512,17334,33.855469
16233,512,17250,33.691406
16234,512,16750,32.714844
16235,512,17083,33.365234
16236,512,16875,32.958984
16237,512,17083,33.365234
16238,512,17709,34.587891
16239,512,16958,33.121094
16240,512,16958,33.121094
16241,512,16708,32.632812
16242,512,16875,32.958984
16243,512,17334,33.855469
16244,512,17916,34.992188
16245,512,17167,33.529297
16246,512,17000,33.203125
16247,512,17542,34.261719
16248,512,17292,33.773438
16249,512,17083,33.365234
16250,512,17167,33.529297
16251,512,17166,33.527344
16252,512,17292,33.773438
16253,512,16500,32.226562
16254,512,16959,33.123047
16255,512,16834,32.878906
16256,512,16708,32.632812
16257,512,17292,33.773438
16258,512,17083,33.365234
16259,512,17417,34.017578
16260,512,17792,34.750000
16261,512,16833,32.876953
16262,512,17250,33.691406
16263,512,17708,34.585938
16264,512,17042,33.285156
16265,512,17334,33.855469
16266,512,16750,32.714844
16267,512,17250,33.691406
16268,512,17041,33.283203
16269,512,16792,32.796875
16270,512,17666,34.503906
16271,512,16917,33.041016
16272,512,16416,32.062500
16273,512,16500,32.226562
16274,512,17042,33.285156
16275,512,16625,32.470703
16276,512,16792,32.796875
16277,512,16333,31.900391
16278,512,17083,33.365234
16279,512,17209,33.611328
16280,512,16666,32.550781
16281,512,16875,32.958984
16282,512,17583,34.341797
16283,512,16417,32.064453
16284,512,16791,32.794922
16285,512,16750,32.714844
16286,512,16000,31.250000
16287,512,17250,33.691406
16288,512,16875,32.958984
16289,512,17125,33.447266
16290,512,16792,32.796875
16291,512,17125,33.447266
16292,512,17416,34.015625
16293,512,17167,33.529297
16294,512,17041,33.283203
16295,512,17834,34.832031
16296,512,16542,32.308594
16297,512,16500,32.226562
16298,512,17542,34.261719
16299,512,16709,32.634766
16300,512,17625,34.423828
16301,512,17708,34.585938
16302,512,17000,33.203125
16303,512,17000,33.203125
16304,512,17042,33.285156
16305,512,16541,32.306641
16306,512,16584,32.390625
16307,512,16792,32.796875
16308,512,17083,33.365234
16309,512,16458,32.144531
16310,512,17209,33.611328
16311,512,17166,33.527344
16312,512,17333,33.853516
16313,512,17000,33.203125
16314,512,17792,34.750000
16315,512,17167,33.529297
16316,512,17291,33.771484
16317,512,16375,31.982422
16318,512,17084,33.367188
16319,512,17041,33.283203
16320,512,16750,32.714844
16321,512,16708,32.632812
16322,512,16250,31.738281
16323,512,17791,34.748047
16324,512,16625,32.470703
16325,512,16917,33.041016
16326,512,17000,33.203125
16327,512,16750,32.714844
16328,512,17125,33.447266
16329,512,16708,32.632812
16330,512,17084,33.367188
16331,512,17166,33.527344
16332,512,17083,33.365234
16333,512,16584,32.390625
16334,512,16750,32.714844
16335,512,16833,32.876953
16336,512,16458,32.144531
16337,512,16833,32.876953
16338,512,16875,32.958984
16339,512,16416,32.062500
16340,512,16709,32.634766
16341,512,17041,33.283203
16342,512,17000,33.203125
16343,512,16958,33.121094
16344,512,17208,33.609375
16345,512,16916,33.039062
16346,512,17292,33.773438
16347,512,17083,33.365234
16348,512,17708,34.585938
16349,512,16208,31.656250
16350,512,17000,33.203125
16351,512,16375,31.982422
16352,512,16792,32.796875
16353,512,16667,32.552734
16354,512,16500,32.226562
16355,512,16834,32.878906
16356,512,16875,32.958984
16357,512,17291,33.771484
16358,512,16959,33.123047
16359,512,16875,32.958984
16360,512,17084,33.367188
16361,512,17083,33.365234
16362,512,17333,33.853516
16363,512,17584,34.343750
16364,512,17000,33.203125
16365,512,17041,33.283203
16366,512,16875,32.958984
16367,512,16500,32.226562
16368,512,17000,33.203125
16369,512,16375,31.982422
16370,512,17000,33.203125
16371,512,17209,33.611328
16372,512,17209,33.611328
16373,512,16208,31.656250
16374,512,17417,34.017578
16375,512,16917,33.041016
16376,512,16667,32.552734
16377,512,16875,32.958984
16378,512,16750,32.714844
16379,512,17083,33.365234
16380,512,16417,32.064453
16381,512,16958,33.121094
16382,512,17083,33.365234
16383,512,16375,31.982422
16384,512,16916,33.039062
16385,512,17041,33.283203
16386,512,17167,33.529297
16387,512,16625,32.470703
16388,512,17500,34.179688
16389,512,16542,32.308594
16390,512,16417,32.064453
16391,512,17000,33.203125
16392,512,17334,33.855469
16393,512,16750,32.714844
16394,512,16166,31.574219
16395,512,17584,34.343750
16396,512,17084,33.367188
16397,512,16583,32.388672
16398,512,17250,33.691406
16399,512,16875,32.958984
16400,512,16708,32.632812
16401,512,16625,32.470703
16402,512,16625,32.470703
16403,512,17333,33.853516
16404,512,16417,32.064453
16405,512,16584,32.390625
16406,512,16792,32.796875
16407,512,16958,33.121094
16408,512,16750,32.714844
16409,512,17250,33.691406
16410,512,17459,34.099609
16411,512,16709,32.634766
16412,512,17083,33.365234
16413,512,17250,33.691406
16414,512,16916,33.039062
16415,512,16792,32.796875
16416,512,17292,33.773438
16417,512,16584,32.390625
16418,512,17500,34.179688
16419,512,16917,33.041016
16420,512,17666,34.503906
16421,512,16917,33.041016
16422,512,17209,33.611328
16423,512,17625,34.423828
16424,512,16916,33.039062
16425,512,17584,34.343750
16426,512,17083,33.365234
16427,512,17375,33.935547
16428,512,17166,33.527344
16429,512,85334,166.667969
16430,512,42042,82.113281
16431,512,16125,31.494141
16432,512,15625,30.517578
16433,512,16375,31.982422
16434,512,16042,31.332031
16435,512,16000,31.250000
16436,512,16041,31.330078
16437,512,16667,32.552734
16438,512,16542,32.308594
16439,512,16000,31.250000
16440,512,16250,31.738281
16441,512,15708,30.679688
16442,512,16041,31.330078
16443,512,16000,31.250000
16444,512,15834,30.925781
16445,512,15708,30.679688
16446,512,16167,31.576172
16447,512,16291,31.818359
16448,512,16375,31.982422
16449,512,16291,31.818359
16450,512,16209,31.658203
16451,512,15750,30.761719
16452,512,16083,31.412109
16453,512,15542,30.355469
16454,512,15875,31.005859
16455,512,16834,32.878906
16456,512,16166,31.574219
16457,512,15875,31.005859
16458,512,15500,30.273438
16459,512,16250,31.738281
16460,512,16167,31.576172
16461,512,15583,30.435547
16462,512,15833,30.923828
16463,512,15958,31.167969
16464,512,15792,30.843750
16465,512,15541,30.353516
16466,512,15500,30.273438
16467,512,16167,31.576172
16468,512,16041,31.330078
16469,512,15709,30.681641
16470,512,15666,30.597656
16471,512,16250,31.738281
16472,512,16167,31.576172
16473,512,16250,31.738281
16474,512,15959,31.169922
16475,512,16458,32.144531
16476,512,16125,31.494141
16477,512,16166,31.574219
16478,512,16042,31.332031
16479,512,16250,31.738281
16480,512,15750,30.761719
16481,512,15833,30.923828
16482,512,16292,31.820312
16483,512,15958,31.167969
16484,512,16583,32.388672
16485,512,16292,31.820312
16486,512,16125,31.494141
16487,512,16000,31.250000
16488,512,16000,31.250000
16489,512,15875,31.005859
16490,512,15750,30.761719
16491,512,16125,31.494141
16492,512,15917,31.087891
16493,512,15875,31.005859
16494,512,16375,31.982422
16495,512,15667,30.599609
16496,512,16541,32.306641
16497,512,16584,32.390625
16498,512,16583,32.388672
16499,512,17458,34.097656
16500,512,17250,33.691406
16501,512,17167,33.529297
16502,512,17667,34.505859
16503,512,22542,44.027344
16504,512,23334,45.574219
16505,512,22416,43.781250
16506,512,19209,37.517578
16507,512,18000,35.156250
16508,512,17500,34.179688
16509,512,17084,33.367188
16510,512,17875,34.912109
16511,512,17584,34.343750
16512,512,17291,33.771484
16513,512,17333,33.853516
16514,512,17459,34.099609
16515,512,17416,34.015625
16516,512,16667,32.552734
16517,512,16458,32.144531
16518,512,17292,33.773438
16519,512,17083,33.365234
16520,512,17583,34.341797
16521,512,17584,34.343750
16522,512,17125,33.447266
16523,512,17042,33.285156
16524,512,17417,34.017578
16525,512,17791,34.748047
16526,512,17167,33.529297
16527,512,17791,34.748047
16528,512,16792,32.796875
16529,512,17167,33.529297
16530,512,16667,32.552734
16531,512,17250,33.691406
16532,512,17250,33.691406
16533,512,21792,42.562500
16534,512,19833,38.736328
16535,512,17208,33.609375
16536,512,17625,34.423828
16537,512,17500,34.179688
16538,512,17292,33.773438
16539,512,16666,32.550781
16540,512,16417,32.064453
16541,512,16917,33.041016
16542,512,16792,32.796875
16543,512,17584,34.343750
16544,512,16458,32.144531
16545,512,16750,32.714844
16546,512,17084,33.367188
16547,512,17375,33.935547
16548,512,17166,33.527344
16549,512,16750,32.714844
16550,512,17209,33.611328
16551,512,17666,34.503906
16552,512,17333,33.853516
16553,512,16458,32.144531
16554,512,18084,35.320312
16555,512,17541,34.259766
16556,512,17250,33.691406
16557,512,17250,33.691406
16558,512,17166,33.527344
16559,512,16875,32.958984
16560,512,17250,33.691406
16561,512,16583,32.388672
16562,512,16750,32.714844
16563,512,17166,33.527344
16564,512,17750,34.667969
16565,512,17708,34.585938
16566,512,16625,32.470703
16567,512,16167,31.576172
16568,512,16708,32.632812
16569,512,16875,32.958984
16570,512,17125,33.447266
16571,512,16625,32.470703
16572,512,17791,34.748047
16573,512,16709,32.634766
16574,512,17583,34.341797
16575,512,16792,32.796875
16576,512,17541,34.259766
16577,512,17375,33.935547
16578,512,17250,33.691406
16579,512,17667,34.505859
16580,512,17917,34.994141
16581,512,17459,34.099609
16582,512,16875,32.958984
16583,512,17250,33.691406
16584,512,17042,33.285156
16585,512,16708,32.632812
16586,512,17542,34.261719
16587,512,17125,33.447266
16588,512,20208,39.468750
16589,512,17500,34.179688
16590,512,17083,33.365234
16591,512,17042,33.285156
16592,512,17250,33.691406
16593,512,17500,34.179688
16594,512,16125,31.494141
16595,512,16917,33.041016
16596,512,17458,34.097656
16597,512,16917,33.041016
16598,512,16833,32.876953
16599,512,17000,33.203125
16600,512,17167,33.529297
16601,512,17750,34.667969
16602,512,16250,31.738281
16603,512,17000,33.203125
16604,512,17084,33.367188
16605,512,16708,32.632812
16606,512,16958,33.121094
16607,512,16625,32.470703
16608,512,17166,33.527344
16609,512,16959,33.123047
16610,512,16334,31.902344
16611,512,17833,34.830078
16612,512,17083,33.365234
16613,512,17042,33.285156
16614,512,17458,34.097656
16615,512,16792,32.796875
16616,512,16750,32.714844
16617,512,16625,32.470703
16618,512,16625,32.470703
16619,512,17500,34.179688
16620,512,16833,32.876953
16621,512,17583,34.341797
16622,512,16750,32.714844
16623,512,16375,31.982422
16624,512,17125,33.447266
16625,512,17291,33.771484
16626,512,17500,34.179688
16627,512,16667,32.552734
16628,512,16583,32.388672
16629,512,17084,33.367188
16630,512,16583,32.388672
16631,512,17292,33.773438
16632,512,17000,33.203125
16633,512,16708,32.632812
16634,512,16542,32.308594
16635,512,16916,33.039062
16636,512,16959,33.123047
16637,512,17250,33.691406
16638,512,16709,32.634766
16639,512,16916,33.039062
16640,512,17792,34.750000
16641,512,17291,33.771484
16642,512,17375,33.935547
16643,512,16916,33.039062
16644,512,17208,33.609375
16645,512,17834,34.832031
16646,512,17375,33.935547
16647,512,17250,33.691406
16648,512,16959,33.123047
16649,512,17459,34.099609
16650,512,16791,32.794922
16651,512,17417,34.017578
16652,512,17166,33.527344
16653,512,17209,33.611328
16654,512,17042,33.285156
16655,512,17083,33.365234
16656,512,16625,32.470703
16657,512,17000,33.203125
16658,512,17083,33.365234
16659,512,17250,33.691406
16660,512,17042,33.285156
16661,512,15958,31.167969
16662,512,17375,33.935547
16663,512,17125,33.447266
16664,512,16792,32.796875
16665,512,16416,32.062500
16666,512,17292,33.773438
16667,512,17750,34.667969
16668,512,16833,32.876953
16669,512,17417,34.017578
16670,512,16417,32.064453
16671,512,17166,33.527344
16672,512,17542,34.261719
16673,512,17167,33.529297
16674,512,17500,34.179688
16675,512,16833,32.876953
16676,512,17417,34.017578
16677,512,16958,33.121094
16678,512,17000,33.203125
16679,512,16791,32.794922
16680,512,17042,33.285156
16681,512,16542,32.308594
16682,512,15792,30.843750
16683,512,16708,32.632812
16684,512,16583,32.388672
16685,512,17250,33.691406
16686,512,17042,33.285156
16687,512,17417,34.017578
16688,512,17250,33.691406
16689,512,16916,33.039062
16690,512,16500,32.226562
16691,512,16584,32.390625
16692,512,17125,33.447266
16693,512,16959,33.123047
16694,512,17500,34.179688
16695,512,16667,32.552734
16696,512,16875,32.958984
16697,512,17125,33.447266
16698,512,17000,33.203125
16699,512,16958,33.121094
16700,512,17625,34.423828
16701,512,17208,33.609375
16702,512,16583,32.388672
16703,512,17667,34.505859
16704,512,17375,33.935547
16705,512,18292,35.726562
16706,512,17333,33.853516
16707,512,17166,33.527344
16708,512,17042,33.285156
16709,512,17416,34.015625
16710,512,17042,33.285156
16711,512,17250,33.691406
16712,512,17125,33.447266
16713,512,18000,35.156250
16714,512,17167,33.529297
16715,512,17375,33.935547
16716,512,17000,33.203125
16717,512,16875,32.958984
16718,512,17375,33.935547
16719,512,16667,32.552734
16720,512,17500,34.179688
16721,512,17375,33.935547
16722,512,16917,33.041016
16723,512,17083,33.365234
16724,512,17375,33.935547
16725,512,17625,34.423828
16726,512,16959,33.123047
16727,512,17541,34.259766
16728,512,16834,32.878906
16729,512,17250,33.691406
16730,512,16500,32.226562
16731,512,18667,36.458984
16732,512,22167,43.294922
16733,512,19875,38.818359
16734,512,17416,34.015625
16735,512,18167,35.482422
16736,512,17458,34.097656
16737,512,17375,33.935547
16738,512,17416,34.015625
16739,512,17334,33.855469
16740,512,28834,56.316406
16741,512,17458,34.097656
16742,512,17958,35.074219
16743,512,17500,34.179688
16744,512,18083,35.318359
16745,512,17459,34.099609
16746,512,16708,32.632812
16747,512,17583,34.341797
16748,512,17875,34.912109
16749,512,22917,44.759766
16750,512,23417,45.736328
16751,512,19208,37.515625
16752,512,18166,35.480469
16753,512,17792,34.750000
16754,512,18125,35.400391
16755,512,16709,32.634766
16756,512,17292,33.773438
16757,512,17625,34.423828
16758,512,17666,34.503906
16759,512,16542,32.308594
16760,512,16875,32.958984
16761,512,17167,33.529297
16762,512,17375,33.935547
16763,512,17500,34.179688
16764,512,23459,45.818359
16765,512,20958,40.933594
16766,512,18708,36.539062
16767,512,28458,55.582031
16768,512,17042,33.285156
16769,512,17708,34.585938
16770,512,17375,33.935547
16771,512,16875,32.958984
16772,512,17667,34.505859
16773,512,16750,32.714844
16774,512,16792,32.796875
16775,512,16792,32.796875
16776,512,17500,34.179688
16777,512,17500,34.179688
16778,512,17208,33.609375
16779,512,17125,33.447266
16780,512,16625,32.470703
16781,512,16708,32.632812
16782,512,17667,34.505859
16783,512,17458,34.097656
16784,512,17125,33.447266
16785,512,17541,34.259766
16786,512,16959,33.123047
16787,512,17500,34.179688
16788,512,17125,33.447266
16789,512,17375,33.935547
16790,512,16750,32.714844
16791,512,17042,33.285156
16792,512,17208,33.609375
16793,512,17167,33.529297
16794,512,18125,35.400391
16795,512,17042,33.285156
16796,512,18875,36.865234
16797,512,20166,39.386719
16798,512,18042,35.238281
16799,512,22333,43.619141
16800,512,18000,35.156250
16801,512,21500,41.992188
16802,512,19125,37.353516
16803,512,17333,33.853516
16804,512,19209,37.517578
16805,512,22833,44.595703
16806,512,22541,44.025391
16807,512,20292,39.632812
16808,512,17791,34.748047
16809,512,18209,35.564453
16810,512,21459,41.912109
16811,512,30000,58.593750
16812,512,19541,38.166016
16813,512,18084,35.320312
16814,512,17416,34.015625
16815,512,17458,34.097656
16816,512,22042,43.050781
16817,512,20875,40.771484
16818,512,18917,36.947266
16819,512,19958,38.980469
16820,512,28541,55.744141
16821,512,22209,43.376953
16822,512,18333,35.806641
16823,512,18625,36.376953
16824,512,17125,33.447266
16825,512,32958,64.371094
16826,512,17000,33.203125
16827,512,21708,42.398438
16828,512,19500,38.085938
16829,512,17625,34.423828
16830,512,17208,33.609375
16831,512,17333,33.853516
16832,512,22042,43.050781
16833,512,16792,32.796875
16834,512,20959,40.935547
16835,512,17125,33.447266
16836,512,18125,35.400391
16837,512,17375,33.935547
16838,512,17042,33.285156
16839,512,16833,32.876953
16840,512,17000,33.203125
16841,512,16875,32.958984
16842,512,17708,34.585938
16843,512,17000,33.203125
16844,512,16417,32.064453
16845,512,16584,32.390625
16846,512,16958,33.121094
16847,512,16916,33.039062
16848,512,17000,33.203125
16849,512,16917,33.041016
16850,512,17291,33.771484
16851,512,17334,33.855469
16852,512,17167,33.529297
16853,512,17583,34.341797
16854,512,17208,33.609375
16855,512,17208,33.609375
16856,512,17209,33.611328
16857,512,16625,32.470703
16858,512,16750,32.714844
16859,512,16791,32.794922
16860,512,16917,33.041016
16861,512,16709,32.634766
16862,512,17166,33.527344
16863,512,17584,34.343750
16864,512,16750,32.714844
16865,512,17500,34.179688
16866,512,17166,33.527344
16867,512,17750,34.667969
16868,512,17500,34.179688
16869,512,16792,32.796875
16870,512,16625,32.470703
16871,512,16875,32.958984
16872,512,17208,33.609375
16873,512,17208,33.609375
16874,512,17250,33.691406
16875,512,17500,34.179688
16876,512,17000,33.203125
16877,512,16750,32.714844
16878,512,17542,34.261719
16879,512,17292,33.773438
16880,512,17167,33.529297
16881,512,16708,32.632812
16882,512,16958,33.121094
16883,512,17000,33.203125
16884,512,16542,32.308594
16885,512,16125,31.494141
16886,512,17541,34.259766
16887,512,16875,32.958984
16888,512,17333,33.853516
16889,512,17458,34.097656
16890,512,17041,33.283203
16891,512,16417,32.064453
16892,512,17666,34.503906
16893,512,17750,34.667969
16894,512,17333,33.853516
16895,512,16667,32.552734
16896,512,17000,33.203125
16897,512,16667,32.552734
16898,512,17375,33.935547
16899,512,17291,33.771484
16900,512,17334,33.855469
16901,512,17916,34.992188
16902,512,17084,33.367188
16903,512,17250,33.691406
16904,512,17167,33.529297
16905,512,17084,33.367188
16906,512,17125,33.447266
16907,512,16875,32.958984
16908,512,17500,34.179688
16909,512,17167,33.529297
16910,512,17708,34.585938
16911,512,17042,33.285156
16912,512,16791,32.794922
16913,512,17000,33.203125
16914,512,17542,34.261719
16915,512,18042,35.238281
16916,512,17208,33.609375
16917,512,17375,33.935547
16918,512,17833,34.830078
16919,512,16958,33.121094
16920,512,16458,32.144531
16921,512,16375,31.982422
16922,512,17000,33.203125
16923,512,17333,33.853516
16924,512,17209,33.611328
16925,512,16875,32.958984
16926,512,16791,32.794922
16927,512,17375,33.935547
16928,512,17167,33.529297
16929,512,17333,33.853516
16930,512,17917,34.994141
16931,512,16833,32.876953
16932,512,16792,32.796875
16933,512,16750,32.714844
16934,512,16583,32.388672
16935,512,17083,33.365234
16936,512,16583,32.388672
16937,512,16959,33.123047
16938,512,16834,32.878906
16939,512,17125,33.447266
16940,512,16375,31.982422
16941,512,15916,31.085938
16942,512,16667,32.552734
16943,512,16291,31.818359
16944,512,16584,32.390625
16945,512,17291,33.771484
16946,512,17125,33.447266
16947,512,16542,32.308594
16948,512,16333,31.900391
16949,512,17083,33.365234
16950,512,16959,33.123047
16951,512,17416,34.015625
16952,512,17584,34.343750
16953,512,17291,33.771484
16954,512,16958,33.121094
16955,512,17209,33.611328
16956,512,16625,32.470703
16957,512,17000,33.203125
16958,512,17042,33.285156
16959,512,16958,33.121094
16960,512,16792,32.796875
16961,512,17041,33.283203
16962,512,17542,34.261719
16963,512,17000,33.203125
16964,512,17041,33.283203
16965,512,16834,32.878906
16966,512,17458,34.097656
16967,512,17042,33.285156
16968,512,17375,33.935547
16969,512,16458,32.144531
16970,512,16792,32.796875
16971,512,17250,33.691406
16972,512,18000,35.156250
16973,512,16833,32.876953
16974,512,17791,34.748047
16975,512,16750,32.714844
16976,512,17333,33.853516
16977,512,16875,32.958984
16978,512,16958,33.121094
16979,512,17459,34.099609
16980,512,16792,32.796875
16981,512,17416,34.015625
16982,512,16667,32.552734
16983,512,17500,34.179688
16984,512,17833,34.830078
16985,512,17292,33.773438
16986,512,17375,33.935547
16987,512,16792,32.796875
16988,512,16833,32.876953
16989,512,17167,33.529297
16990,512,16916,33.039062
16991,512,16792,32.796875
16992,512,16916,33.039062
16993,512,17959,35.076172
16994,512,16666,32.550781
16995,512,16250,31.738281
16996,512,17541,34.259766
16997,512,17000,33.203125
16998,512,16167,31.576172
16999,512,16333,31.900391
17000,512,17000,33.203125
17001,512,22500,43.945312
17002,512,16500,32.226562
17003,512,17416,34.015625
17004,512,17584,34.343750
17005,512,17750,34.667969
17006,512,26042,50.863281
17007,512,16458,32.144531
17008,512,17792,34.750000
17009,512,16666,32.550781
17010,512,16542,32.308594
17011,512,17416,34.015625
17012,512,16917,33.041016
17013,512,17458,34.097656
17014,512,17458,34.097656
17015,512,17417,34.017578
17016,512,17416,34.015625
17017,512,17125,33.447266
17018,512,17334,33.855469
17019,512,17625,34.423828
17020,512,17209,33.611328
17021,512,16625,32.470703
17022,512,17250,33.691406
17023,512,17000,33.203125
17024,512,16917,33.041016
17025,512,16541,32.306641
17026,512,16833,32.876953
17027,512,17084,33.367188
17028,512,16541,32.306641
17029,512,17084,33.367188
17030,512,16583,32.388672
17031,512,16958,33.121094
17032,512,17375,33.935547
17033,512,16750,32.714844
17034,512,17375,33.935547
17035,512,17125,33.447266
17036,512,17625,34.423828
17037,512,17375,33.935547
17038,512,16792,32.796875
17039,512,17459,34.099609
17040,512,16833,32.876953
17041,512,16583,32.388672
17042,512,17083,33.365234
17043,512,16708,32.632812
17044,512,16792,32.796875
17045,512,16958,33.121094
17046,512,16916,33.039062
17047,512,17042,33.285156
17048,512,17583,34.341797
17049,512,17541,34.259766
17050,512,17208,33.609375
17051,512,17834,34.832031
17052,512,17041,33.283203
17053,512,16958,33.121094
17054,512,17334,33.855469
17055,512,16958,33.121094
17056,512,17750,34.667969
17057,512,17000,33.203125
17058,512,17750,34.667969
17059,512,17458,34.097656
17060,512,17209,33.611328
17061,512,16417,32.064453
17062,512,17041,33.283203
17063,512,17834,34.832031
17064,512,16750,32.714844
17065,512,17333,33.853516
17066,512,17375,33.935547
17067,512,16959,33.123047
17068,512,17250,33.691406
17069,512,16625,32.470703
17070,512,16792,32.796875
17071,512,17417,34.017578
17072,512,17291,33.771484
17073,512,16584,32.390625
17074,512,16791,32.794922
17075,512,17042,33.285156
17076,512,16791,32.794922
17077,512,16792,32.796875
17078,512,16458,32.144531
17079,512,17208,33.609375
17080,512,16417,32.064453
17081,512,16959,33.123047
17082,512,17084,33.367188
17083,512,17375,33.935547
17084,512,16500,32.226562
17085,512,16917,33.041016
17086,512,17209,33.611328
17087,512,17375,33.935547
17088,512,17500,34.179688
17089,512,16459,32.146484
17090,512,16916,33.039062
17091,512,17292,33.773438
17092,512,16625,32.470703
17093,512,16708,32.632812
17094,512,16042,31.332031
17095,512,16791,32.794922
17096,512,16500,32.226562
17097,512,16667,32.552734
17098,512,17000,33.203125
17099,512,16292,31.820312
17100,512,17333,33.853516
17101,512,16459,32.146484
17102,512,21208,41.421875
17103,512,16750,32.714844
17104,512,16916,33.039062
17105,512,16833,32.876953
17106,512,20875,40.771484
17107,512,21958,42.886719
17108,512,16500,32.226562
17109,512,17208,33.609375
17110,512,16375,31.982422
17111,512,16792,32.796875
17112,512,16333,31.900391
17113,512,16875,32.958984
17114,512,16958,33.121094
17115,512,16708,32.632812
17116,512,17542,34.261719
17117,512,16833,32.876953
17118,512,17292,33.773438
17119,512,16584,32.390625
17120,512,16458,32.144531
17121,512,16833,32.876953
17122,512,17292,33.773438
17123,512,16791,32.794922
17124,512,16667,32.552734
17125,512,17250,33.691406
17126,512,17500,34.179688
17127,512,17459,34.099609
17128,512,17583,34.341797
17129,512,16208,31.656250
17130,512,17500,34.179688
17131,512,16250,31.738281
17132,512,17500,34.179688
17133,512,16583,32.388672
17134,512,17625,34.423828
17135,512,16541,32.306641
17136,512,16875,32.958984
17137,512,16542,32.308594
17138,512,17042,33.285156
17139,512,17333,33.853516
17140,512,16917,33.041016
17141,512,16666,32.550781
17142,512,16834,32.878906
17143,512,16125,31.494141
17144,512,16708,32.632812
17145,512,16250,31.738281
17146,512,16791,32.794922
17147,512,16792,32.796875
17148,512,16542,32.308594
17149,512,16500,32.226562
17150,512,16500,32.226562
17151,512,17250,33.691406
17152,512,16000,31.250000
17153,512,17292,33.773438
17154,512,17625,34.423828
17155,512,17000,33.203125
17156,512,17583,34.341797
17157,512,17375,33.935547
17158,512,16791,32.794922
17159,512,17000,33.203125
17160,512,17209,33.611328
17161,512,16834,32.878906
17162,512,16834,32.878906
17163,512,17083,33.365234
17164,512,16917,33.041016
17165,512,16791,32.794922
17166,512,17209,33.611328
17167,512,16417,32.064453
17168,512,16750,32.714844
17169,512,17167,33.529297
17170,512,17208,33.609375
17171,512,17041,33.283203
17172,512,17250,33.691406
17173,512,17250,33.691406
17174,512,17375,33.935547
17175,512,17292,33.773438
17176,512,16833,32.876953
17177,512,17042,33.285156
17178,512,16875,32.958984
17179,512,17042,33.285156
17180,512,17042,33.285156
17181,512,17166,33.527344
17182,512,18959,37.029297
17183,512,20875,40.771484
17184,512,22416,43.781250
17185,512,21458,41.910156
17186,512,22708,44.351562
17187,512,19917,38.900391
17188,512,23875,46.630859
17189,512,20250,39.550781
17190,512,18083,35.318359
17191,512,16833,32.876953
17192,512,17167,33.529297
17193,512,17083,33.365234
17194,512,17125,33.447266
17195,512,17375,33.935547
17196,512,27125,52.978516
17197,512,20542,40.121094
17198,512,17375,33.935547
17199,512,17584,34.343750
17200,512,17708,34.585938
17201,512,17292,33.773438
17202,512,18000,35.156250
17203,512,17500,34.179688
17204,512,17708,34.585938
17205,512,17209,33.611328
17206,512,17667,34.505859
17207,512,22708,44.351562
17208,512,18333,35.806641
17209,512,17834,34.832031
17210,512,17125,33.447266
17211,512,30208,59.000000
17212,512,17292,33.773438
17213,512,16750,32.714844
17214,512,16792,32.796875
17215,512,24000,46.875000
17216,512,21625,42.236328
17217,512,17583,34.341797
17218,512,17125,33.447266
17219,512,18959,37.029297
17220,512,20833,40.689453
17221,512,22000,42.968750
17222,512,23166,45.246094
17223,512,21958,42.886719
17224,512,16584,32.390625
17225,512,17625,34.423828
17226,512,17375,33.935547
17227,512,17084,33.367188
17228,512,17542,34.261719
17229,512,17083,33.365234
17230,512,17084,33.367188
17231,512,17292,33.773438
17232,512,16833,32.876953
17233,512,16917,33.041016
17234,512,17375,33.935547
17235,512,17083,33.365234
17236,512,17209,33.611328
17237,512,17208,33.609375
17238,512,16792,32.796875
17239,512,22667,44.271484
17240,512,18042,35.238281
17241,512,20917,40.853516
17242,512,17208,33.609375
17243,512,17125,33.447266
17244,512,26916,52.570312
17245,512,17417,34.017578
17246,512,16834,32.878906
17247,512,16750,32.714844
17248,512,16583,32.388672
17249,512,17959,35.076172
17250,512,17500,34.179688
17251,512,17375,33.935547
17252,512,17333,33.853516
17253,512,16625,32.470703
17254,512,17209,33.611328
17255,512,16833,32.876953
17256,512,16916,33.039062
17257,512,17500,34.179688
17258,512,16584,32.390625
17259,512,17041,33.283203
17260,512,16417,32.064453
17261,512,16625,32.470703
17262,512,16916,33.039062
17263,512,17542,34.261719
17264,512,17375,33.935547
17265,512,17458,34.097656
17266,512,16750,32.714844
17267,512,17833,34.830078
17268,512,19000,37.109375
17269,512,19959,38.982422
17270,512,17917,34.994141
17271,512,18542,36.214844
17272,512,22084,43.132812
17273,512,22208,43.375000
17274,512,19167,37.435547
17275,512,17750,34.667969
17276,512,19375,37.841797
17277,512,22417,43.783203
17278,512,21458,41.910156
17279,512,20459,39.958984
17280,512,22458,43.863281
17281,512,39208,76.578125
17282,512,27084,52.898438
17283,512,20250,39.550781
17284,512,23000,44.921875
17285,512,18333,35.806641
17286,512,18125,35.400391
17287,512,20917,40.853516
17288,512,18167,35.482422
17289,512,19292,37.679688
17290,512,22500,43.945312
17291,512,22583,44.107422
17292,512,27458,53.628906
17293,512,17625,34.423828
17294,512,21666,42.316406
17295,512,21542,42.074219
17296,512,18750,36.621094
17297,512,17375,33.935547
17298,512,17041,33.283203
17299,512,16750,32.714844
17300,512,16667,32.552734
17301,512,24500,47.851562
17302,512,21584,42.156250
17303,512,18000,35.156250
17304,512,17250,33.691406
17305,512,17709,34.587891
17306,512,16791,32.794922
17307,512,16667,32.552734
17308,512,17208,33.609375
17309,512,17417,34.017578
17310,512,17209,33.611328
17311,512,17542,34.261719
17312,512,17542,34.261719
17313,512,17334,33.855469
17314,512,17833,34.830078
17315,512,17083,33.365234
17316,512,17416,34.015625
17317,512,17959,35.076172
17318,512,15583,30.435547
17319,512,15750,30.761719
17320,512,15708,30.679688
17321,512,15958,31.167969
17322,512,15542,30.355469
17323,512,15666,30.597656
17324,512,16250,31.738281
17325,512,15500,30.273438
17326,512,16125,31.494141
17327,512,16000,31.250000
17328,512,15917,31.087891
17329,512,14959,29.216797
17330,512,15334,29.949219
17331,512,16000,31.250000
17332,512,15750,30.761719
17333,512,15458,30.191406
17334,512,15500,30.273438
17335,512,15750,30.761719
17336,512,15791,30.841797
17337,512,15917,31.087891
17338,512,16791,32.794922
17339,512,15709,30.681641
17340,512,15583,30.435547
17341,512,16083,31.412109
17342,512,15000,29.296875
17343,512,15750,30.761719
17344,512,14958,29.214844
17345,512,15833,30.923828
17346,512,16083,31.412109
17347,512,15375,30.029297
17348,512,15459,30.193359
17349,512,15250,29.785156
17350,512,15042,29.378906
17351,512,16042,31.332031
17352,512,16000,31.250000
17353,512,15833,30.923828
17354,512,15917,31.087891
17355,512,15750,30.761719
17356,512,15166,29.621094
17357,512,15667,30.599609
17358,512,16292,31.820312
17359,512,16125,31.494141
17360,512,16042,31.332031
17361,512,15500,30.273438
17362,512,15500,30.273438
17363,512,16167,31.576172
17364,512,16292,31.820312
17365,512,15875,31.005859
17366,512,15709,30.681641
17367,512,16166,31.574219
17368,512,15667,30.599609
17369,512,16708,32.632812
17370,512,16084,31.414062
17371,512,16375,31.982422
17372,512,15791,30.841797
17373,512,15584,30.437500
17374,512,15833,30.923828
17375,512,15666,30.597656
17376,512,16209,31.658203
17377,512,16000,31.250000
17378,512,15917,31.087891
17379,512,15916,31.085938
17380,512,15959,31.169922
17381,512,16000,31.250000
17382,512,15750,30.761719
17383,512,16250,31.738281
17384,512,16166,31.574219
17385,512,15542,30.355469
17386,512,15500,30.273438
17387,512,16584,32.390625
17388,512,15708,30.679688
17389,512,15958,31.167969
17390,512,15625,30.517578
17391,512,16125,31.494141
17392,512,16208,31.656250
17393,512,16625,32.470703
17394,512,16250,31.738281
17395,512,16042,31.332031
17396,512,16292,31.820312
17397,512,15417,30.111328
17398,512,16333,31.900391
17399,512,15750,30.761719
17400,512,15125,29.541016
17401,512,15709,30.681641
17402,512,15625,30.517578
17403,512,16042,31.332031
17404,512,16208,31.656250
17405,512,16125,31.494141
17406,512,16125,31.494141
17407,512,15708,30.679688
17408,512,16083,31.412109
17409,512,16125,31.494141
17410,512,16834,32.878906
17411,512,15625,30.517578
17412,512,16000,31.250000
17413,512,15917,31.087891
17414,512,15916,31.085938
17415,512,15625,30.517578
17416,512,15792,30.843750
17417,512,16042,31.332031
17418,512,15917,31.087891
17419,512,16458,32.144531
17420,512,15667,30.599609
17421,512,16375,31.982422
17422,512,16000,31.250000
17423,512,16541,32.306641
17424,512,16042,31.332031
17425,512,16042,31.332031
17426,512,16375,31.982422
17427,512,16209,31.658203
17428,512,16458,32.144531
17429,512,16125,31.494141
17430,512,16250,31.738281
17431,512,15834,30.925781
17432,512,15791,30.841797
17433,512,16167,31.576172
17434,512,15667,30.599609
17435,512,16000,31.250000
17436,512,16000,31.250000
17437,512,16000,31.250000
17438,512,16083,31.412109
17439,512,16334,31.902344
17440,512,15792,30.843750
17441,512,16000,31.250000
17442,512,15666,30.597656
17443,512,17250,33.691406
17444,512,17292,33.773438
17445,512,16916,33.039062
17446,512,17042,33.285156
17447,512,17041,33.283203
17448,512,17042,33.285156
17449,512,16916,33.039062
17450,512,17417,34.017578
17451,512,16708,32.632812
17452,512,17042,33.285156
17453,512,17125,33.447266
17454,512,17250,33.691406
17455,512,17417,34.017578
17456,512,17167,33.529297
17457,512,17208,33.609375
17458,512,20375,39.794922
17459,512,18500,36.132812
17460,512,21958,42.886719
17461,512,17625,34.423828
17462,512,17667,34.505859
17463,512,17541,34.259766
17464,512,17375,33.935547
17465,512,17042,33.285156
17466,512,16875,32.958984
17467,512,16916,33.039062
17468,512,17208,33.609375
17469,512,16875,32.958984
17470,512,17167,33.529297
17471,512,17166,33.527344
17472,512,16875,32.958984
17473,512,16917,33.041016
17474,512,16791,32.794922
17475,512,17167,33.529297
17476,512,17041,33.283203
17477,512,16750,32.714844
17478,512,36125,70.556641
17479,512,16584,32.390625
17480,512,16916,33.039062
17481,512,17292,33.773438
17482,512,17291,33.771484
17483,512,16667,32.552734
17484,512,16792,32.796875
17485,512,17458,34.097656
17486,512,21625,42.236328
17487,512,18209,35.564453
17488,512,17500,34.179688
17489,512,17750,34.667969
17490,512,17084,33.367188
17491,512,17041,33.283203
17492,512,17250,33.691406
17493,512,16500,32.226562
17494,512,17084,33.367188
17495,512,16666,32.550781
17496,512,17542,34.261719
17497,512,16875,32.958984
17498,512,17416,34.015625
17499,512,16833,32.876953
17500,512,17792,34.750000
17501,512,17541,34.259766
17502,512,17417,34.017578
17503,512,17083,33.365234
17504,512,16709,32.634766
17505,512,16958,33.121094
17506,512,17250,33.691406
17507,512,17125,33.447266
17508,512,17125,33.447266
17509,512,18375,35.888672
17510,512,17875,34.912109
17511,512,17417,34.017578
17512,512,17292,33.773438
17513,512,17208,33.609375
17514,512,17125,33.447266
17515,512,16833,32.876953
17516,512,16500,32.226562
17517,512,16750,32.714844
17518,512,16667,32.552734
17519,512,16875,32.958984
17520,512,16291,31.818359
17521,512,17167,33.529297
17522,512,16625,32.470703
17523,512,17084,33.367188
17524,512,16750,32.714844
17525,512,16292,31.820312
17526,512,17125,33.447266
17527,512,17250,33.691406
17528,512,17084,33.367188
17529,512,17084,33.367188
17530,512,16917,33.041016
17531,512,16750,32.714844
17532,512,16375,31.982422
17533,512,16542,32.308594
17534,512,17666,34.503906
17535,512,16834,32.878906
17536,512,17084,33.367188
17537,512,17541,34.259766
17538,512,16833,32.876953
17539,512,16417,32.064453
17540,512,17250,33.691406
17541,512,16250,31.738281
17542,512,16875,32.958984
17543,512,16292,31.820312
17544,512,17000,33.203125
17545,512,16625,32.470703
17546,512,17500,34.179688
17547,512,16959,33.123047
17548,512,16750,32.714844
17549,512,17125,33.447266
17550,512,16959,33.123047
17551,512,20250,39.550781
17552,512,18791,36.701172
17553,512,18042,35.238281
17554,512,17250,33.691406
17555,512,17667,34.505859
17556,512,16875,32.958984
17557,512,16958,33.121094
17558,512,16792,32.796875
17559,512,17458,34.097656
17560,512,17125,33.447266
17561,512,17083,33.365234
17562,512,16750,32.714844
17563,512,17792,34.750000
17564,512,17209,33.611328
17565,512,16417,32.064453
17566,512,17167,33.529297
17567,512,16875,32.958984
17568,512,17375,33.935547
17569,512,17125,33.447266
17570,512,16375,31.982422
17571,512,17417,34.017578
17572,512,17708,34.585938
17573,512,16875,32.958984
17574,512,17291,33.771484
17575,512,17458,34.097656
17576,512,16584,32.390625
17577,512,16834,32.878906
17578,512,17292,33.773438
17579,512,17000,33.203125
17580,512,17708,34.585938
17581,512,17542,34.261719
17582,512,17417,34.017578
17583,512,17333,33.853516
17584,512,17375,33.935547
17585,512,17417,34.017578
17586,512,17750,34.667969
17587,512,17125,33.447266
17588,512,18792,36.703125
17589,512,17000,33.203125
17590,512,17333,33.853516
17591,512,16916,33.039062
17592,512,17292,33.773438
17593,512,16791,32.794922
17594,512,17625,34.423828
17595,512,17084,33.367188
17596,512,16541,32.306641
17597,512,17667,34.505859
17598,512,16583,32.388672
17599,512,17084,33.367188
17600,512,17458,34.097656
17601,512,16958,33.121094
17602,512,16750,32.714844
17603,512,17208,33.609375
17604,512,17167,33.529297
17605,512,17041,33.283203
17606,512,17000,33.203125
17607,512,17250,33.691406
17608,512,17417,34.017578
17609,512,16833,32.876953
17610,512,17250,33.691406
17611,512,17375,33.935547
17612,512,16708,32.632812
17613,512,16708,32.632812
17614,512,17000,33.203125
17615,512,17542,34.261719
17616,512,17416,34.015625
17617,512,16584,32.390625
17618,512,16542,32.308594
17619,512,17125,33.447266
17620,512,16625,32.470703
17621,512,16584,32.390625
17622,512,16667,32.552734
17623,512,17500,34.179688
17624,512,17583,34.341797
17625,512,16959,33.123047
17626,512,21541,42.072266
17627,512,17375,33.935547
17628,512,16833,32.876953
17629,512,17584,34.343750
17630,512,17084,33.367188
17631,512,17125,33.447266
17632,512,17416,34.015625
17633,512,17584,34.343750
17634,512,19458,38.003906
17635,512,18708,36.539062
17636,512,17750,34.667969
17637,512,17041,33.283203
17638,512,17709,34.587891
17639,512,17333,33.853516
17640,512,17333,33.853516
17641,512,17416,34.015625
17642,512,17459,34.099609
17643,512,16917,33.041016
17644,512,17375,33.935547
17645,512,16833,32.876953
17646,512,17292,33.773438
17647,512,19042,37.191406
17648,512,20875,40.771484
17649,512,17583,34.341797
17650,512,17667,34.505859
17651,512,17500,34.179688
17652,512,17333,33.853516
17653,512,17875,34.912109
17654,512,18916,36.945312
17655,512,17834,34.832031
17656,512,18042,35.238281
17657,512,17916,34.992188
17658,512,17125,33.447266
17659,512,17958,35.074219
17660,512,17584,34.343750
17661,512,17625,34.423828
17662,512,17541,34.259766
17663,512,17959,35.076172
17664,512,17750,34.667969
17665,512,17042,33.285156
17666,512,17916,34.992188
17667,512,17084,33.367188
17668,512,16792,32.796875
17669,512,17083,33.365234
17670,512,17167,33.529297
17671,512,16542,32.308594
17672,512,17041,33.283203
17673,512,17375,33.935547
17674,512,16667,32.552734
17675,512,16208,31.656250
17676,512,16750,32.714844
17677,512,16375,31.982422
17678,512,17000,33.203125
17679,512,17583,34.341797
17680,512,17500,34.179688
17681,512,16958,33.121094
17682,512,17292,33.773438
17683,512,26917,52.572266
17684,512,17042,33.285156
17685,512,17416,34.015625
17686,512,16750,32.714844
17687,512,17709,34.587891
17688,512,17208,33.609375
17689,512,17958,35.074219
17690,512,17625,34.423828
17691,512,17792,34.750000
17692,512,16375,31.982422
17693,512,17125,33.447266
17694,512,19583,38.248047
17695,512,18542,36.214844
17696,512,17375,33.935547
17697,512,17500,34.179688
17698,512,17500,34.179688
17699,512,18333,35.806641
17700,512,20583,40.201172
17701,512,19625,38.330078
17702,512,18375,35.888672
17703,512,17958,35.074219
17704,512,17292,33.773438
17705,512,17042,33.285156
17706,512,17750,34.667969
17707,512,20000,39.062500
17708,512,16792,32.796875
17709,512,17583,34.341797
17710,512,16917,33.041016
17711,512,16375,31.982422
17712,512,16791,32.794922
17713,512,16625,32.470703
17714,512,16292,31.820312
17715,512,19083,37.271484
17716,512,20417,39.876953
17717,512,17125,33.447266
17718,512,16709,32.634766
17719,512,16958,33.121094
17720,512,17792,34.750000
17721,512,16834,32.878906
17722,512,17708,34.585938
17723,512,21833,42.642578
17724,512,21959,42.888672
17725,512,19458,38.003906
17726,512,17792,34.750000
17727,512,17375,33.935547
17728,512,16500,32.226562
17729,512,17083,33.365234
17730,512,17125,33.447266
17731,512,17542,34.261719
17732,512,16709,32.634766
17733,512,16959,33.123047
17734,512,16625,32.470703
17735,512,17167,33.529297
17736,512,16708,32.632812
17737,512,17542,34.261719
17738,512,17083,33.365234
17739,512,16792,32.796875
17740,512,16708,32.632812
17741,512,17250,33.691406
17742,512,17167,33.529297
17743,512,17333,33.853516
17744,512,16291,31.818359
17745,512,17042,33.285156
17746,512,16208,31.656250
17747,512,16333,31.900391
17748,512,22917,44.759766
17749,512,21000,41.015625
17750,512,19792,38.656250
17751,512,21708,42.398438
17752,512,35208,68.765625
17753,512,18042,35.238281
17754,512,18000,35.156250
17755,512,22000,42.968750
17756,512,20292,39.632812
17757,512,19833,38.736328
17758,512,21083,41.177734
17759,512,19667,38.412109
17760,512,22750,44.433594
17761,512,19667,38.412109
17762,512,17917,34.994141
17763,512,39666,77.472656
17764,512,34583,67.544922
17765,512,22333,43.619141
17766,512,23208,45.328125
17767,512,21875,42.724609
17768,512,21791,42.560547
17769,512,17750,34.667969
17770,512,17958,35.074219
17771,512,20167,39.388672
17772,512,18750,36.621094
17773,512,18208,35.562500
17774,512,18750,36.621094
17775,512,21167,41.341797
17776,512,18250,35.644531
17777,512,20375,39.794922
17778,512,22541,44.025391
17779,512,23042,45.003906
17780,512,23083,45.083984
17781,512,19042,37.191406
17782,512,24459,47.771484
17783,512,19750,38.574219
17784,512,23209,45.330078
17785,512,21875,42.724609
17786,512,17833,34.830078
17787,512,17834,34.832031
17788,512,17209,33.611328
17789,512,16541,32.306641
17790,512,17334,33.855469
17791,512,17334,33.855469
17792,512,17458,34.097656
17793,512,16583,32.388672
17794,512,16209,31.658203
17795,512,17084,33.367188
17796,512,17208,33.609375
17797,512,16875,32.958984
17798,512,16208,31.656250
17799,512,17375,33.935547
17800,512,17125,33.447266
17801,512,16583,32.388672
17802,512,17667,34.505859
17803,512,16459,32.146484
17804,512,17417,34.017578
17805,512,17625,34.423828
17806,512,16833,32.876953
17807,512,16542,32.308594
17808,512,15958,31.167969
17809,512,16167,31.576172
17810,512,16625,32.470703
17811,512,16125,31.494141
17812,512,16250,31.738281
17813,512,16000,31.250000
17814,512,15667,30.599609
17815,512,15458,30.191406
17816,512,15166,29.621094
17817,512,15542,30.355469
17818,512,15875,31.005859
17819,512,15583,30.435547
17820,512,16416,32.062500
17821,512,16542,32.308594
17822,512,15792,30.843750
17823,512,16375,31.982422
17824,512,15583,30.435547
17825,512,16083,31.412109
17826,512,15708,30.679688
17827,512,15834,30.925781
17828,512,16041,31.330078
17829,512,15542,30.355469
17830,512,15625,30.517578
17831,512,15833,30.923828
17832,512,16375,31.982422
17833,512,16375,31.982422
17834,512,16166,31.574219
17835,512,15833,30.923828
17836,512,16125,31.494141
17837,512,15750,30.761719
17838,512,15708,30.679688
17839,512,15708,30.679688
17840,512,15958,31.167969
17841,512,16250,31.738281
17842,512,16167,31.576172
17843,512,16250,31.738281
17844,512,15917,31.087891
17845,512,16292,31.820312
17846,512,15875,31.005859
17847,512,20250,39.550781
17848,512,21042,41.097656
17849,512,21833,42.642578
17850,512,20292,39.632812
17851,512,15709,30.681641
17852,512,16167,31.576172
17853,512,15208,29.703125
17854,512,15959,31.169922
17855,512,15667,30.599609
17856,512,21750,42.480469
17857,512,15542,30.355469
17858,512,16500,32.226562
17859,512,15500,30.273438
17860,512,15167,29.623047
17861,512,15333,29.947266
17862,512,15583,30.435547
17863,512,15542,30.355469
17864,512,16209,31.658203
17865,512,16125,31.494141
17866,512,15917,31.087891
17867,512,15708,30.679688
17868,512,16125,31.494141
17869,512,15709,30.681641
17870,512,15458,30.191406
17871,512,16417,32.064453
17872,512,15541,30.353516
17873,512,16042,31.332031
17874,512,15834,30.925781
17875,512,15916,31.085938
17876,512,15959,31.169922
17877,512,15416,30.109375
17878,512,15584,30.437500
17879,512,16000,31.250000
17880,512,15791,30.841797
17881,512,15875,31.005859
17882,512,15917,31.087891
17883,512,15958,31.167969
17884,512,16000,31.250000
17885,512,16292,31.820312
17886,512,15875,31.005859
17887,512,15833,30.923828
17888,512,15667,30.599609
17889,512,15792,30.843750
17890,512,16083,31.412109
17891,512,16292,31.820312
17892,512,15833,30.923828
17893,512,15000,29.296875
17894,512,15750,30.761719
17895,512,15750,30.761719
17896,512,16292,31.820312
17897,512,16542,32.308594
17898,512,15834,30.925781
17899,512,16250,31.738281
17900,512,15834,30.925781
17901,512,15666,30.597656
17902,512,15625,30.517578
17903,512,15375,30.029297
17904,512,15084,29.460938
17905,512,15459,30.193359
17906,512,15500,30.273438
17907,512,15750,30.761719
17908,512,15708,30.679688
17909,512,15750,30.761719
17910,512,15958,31.167969
17911,512,15667,30.599609
17912,512,15750,30.761719
17913,512,15583,30.435547
17914,512,15417,30.111328
17915,512,16291,31.818359
17916,512,15459,30.193359
17917,512,15834,30.925781
17918,512,15625,30.517578
17919,512,15666,30.597656
17920,512,15917,31.087891
17921,512,15375,30.029297
17922,512,15708,30.679688
17923,512,15958,31.167969
17924,512,16834,32.878906
17925,512,15959,31.169922
17926,512,15291,29.865234
17927,512,16333,31.900391
17928,512,17667,34.505859
17929,512,17208,33.609375
17930,512,16792,32.796875
17931,512,16416,32.062500
17932,512,17875,34.912109
17933,512,16667,32.552734
17934,512,16500,32.226562
17935,512,16625,32.470703
17936,512,17708,34.585938
17937,512,17000,33.203125
17938,512,17916,34.992188
17939,512,17584,34.343750
17940,512,16500,32.226562
17941,512,16458,32.144531
17942,512,17250,33.691406
17943,512,16833,32.876953
17944,512,17417,34.017578
17945,512,17125,33.447266
17946,512,16750,32.714844
17947,512,16667,32.552734
17948,512,17208,33.609375
17949,512,17792,34.750000
17950,512,17208,33.609375
17951,512,25125,49.072266
17952,512,17458,34.097656
17953,512,17208,33.609375
17954,512,16958,33.121094
17955,512,16833,32.876953
17956,512,17042,33.285156
17957,512,17208,33.609375
17958,512,17750,34.667969
17959,512,17500,34.179688
17960,512,16458,32.144531
17961,512,17417,34.017578
17962,512,17750,34.667969
17963,512,18541,36.212891
17964,512,21708,42.398438
17965,512,18125,35.400391
17966,512,22458,43.863281
17967,512,18042,35.238281
17968,512,18125,35.400391
17969,512,21875,42.724609
17970,512,20667,40.365234
17971,512,17583,34.341797
17972,512,21583,42.154297
17973,512,21333,41.666016
17974,512,17917,34.994141
17975,512,17333,33.853516
17976,512,17750,34.667969
17977,512,18041,35.236328
17978,512,18333,35.806641
17979,512,17709,34.587891
17980,512,18250,35.644531
17981,512,17625,34.423828
17982,512,17375,33.935547
17983,512,16958,33.121094
17984,512,20541,40.119141
17985,512,18208,35.562500
17986,512,17959,35.076172
17987,512,17125,33.447266
17988,512,16709,32.634766
17989,512,17416,34.015625
17990,512,21875,42.724609
17991,512,20709,40.447266
17992,512,17375,33.935547
17993,512,17208,33.609375
17994,512,17458,34.097656
17995,512,18959,37.029297
17996,512,22542,44.027344
17997,512,17875,34.912109
17998,512,17708,34.585938
17999,512,18083,35.318359
18000,512,22042,43.050781
18001,512,17458,34.097656
18002,512,18208,35.562500
18003,512,17542,34.261719
18004,512,18042,35.238281
18005,512,17292,33.773438
18006,512,17583,34.341797
18007,512,18458,36.050781
18008,512,18042,35.238281
18009,512,18333,35.806641
18010,512,17958,35.074219
18011,512,18042,35.238281
18012,512,17750,34.667969
18013,512,17334,33.855469
18014,512,17666,34.503906
18015,512,17917,34.994141
18016,512,17791,34.748047
18017,512,18125,35.400391
18018,512,17375,33.935547
18019,512,17083,33.365234
18020,512,22000,42.968750
18021,512,22375,43.701172
18022,512,17917,34.994141
18023,512,17708,34.585938
18024,512,18292,35.726562
18025,512,17875,34.912109
18026,512,17875,34.912109
18027,512,17708,34.585938
18028,512,17917,34.994141
18029,512,18375,35.888672
18030,512,18292,35.726562
18031,512,17833,34.830078
18032,512,18042,35.238281
18033,512,18208,35.562500
18034,512,18292,35.726562
18035,512,18084,35.320312
18036,512,17166,33.527344
18037,512,18417,35.970703
18038,512,17916,34.992188
18039,512,18583,36.294922
18040,512,17334,33.855469
18041,512,17666,34.503906
18042,512,17834,34.832031
18043,512,18000,35.156250
18044,512,17375,33.935547
18045,512,17750,34.667969
18046,512,17625,34.423828
18047,512,17333,33.853516
18048,512,17542,34.261719
18049,512,17500,34.179688
18050,512,17708,34.585938
18051,512,18042,35.238281
18052,512,18125,35.400391
18053,512,17166,33.527344
18054,512,17167,33.529297
18055,512,17833,34.830078
18056,512,17959,35.076172
18057,512,18042,35.238281
18058,512,17708,34.585938
18059,512,18042,35.238281
18060,512,18083,35.318359
18061,512,17791,34.748047
18062,512,17667,34.505859
18063,512,17083,33.365234
18064,512,18083,35.318359
18065,512,17625,34.423828
18066,512,17791,34.748047
18067,512,17459,34.099609
18068,512,17625,34.423828
18069,512,17666,34.503906
18070,512,17958,35.074219
18071,512,17042,33.285156
18072,512,17041,33.283203
18073,512,18000,35.156250
18074,512,17875,34.912109
18075,512,18083,35.318359
18076,512,21208,41.421875
18077,512,17625,34.423828
18078,512,18250,35.644531
18079,512,17667,34.505859
18080,512,18166,35.480469
18081,512,17959,35.076172
18082,512,17875,34.912109
18083,512,17792,34.750000
18084,512,17708,34.585938
18085,512,17833,34.830078
18086,512,18083,35.318359
18087,512,17583,34.341797
18088,512,17958,35.074219
18089,512,18000,35.156250
18090,512,17916,34.992188
18091,512,18208,35.562500
18092,512,17750,34.667969
18093,512,17709,34.587891
18094,512,18041,35.236328
18095,512,18334,35.808594
18096,512,17458,34.097656
18097,512,17333,33.853516
18098,512,16709,32.634766
18099,512,16666,32.550781
18100,512,17083,33.365234
18101,512,19750,38.574219
18102,512,18959,37.029297
18103,512,17416,34.015625
18104,512,17167,33.529297
18105,512,17667,34.505859
18106,512,17791,34.748047
18107,512,17750,34.667969
18108,512,17917,34.994141
18109,512,18166,35.480469
18110,512,17167,33.529297
18111,512,17916,34.992188
18112,512,16917,33.041016
18113,512,17125,33.447266
18114,512,18291,35.724609
18115,512,18000,35.156250
18116,512,17500,34.179688
18117,512,17208,33.609375
18118,512,18083,35.318359
18119,512,18459,36.052734
18120,512,17834,34.832031
18121,512,16875,32.958984
18122,512,17625,34.423828
18123,512,17833,34.830078
18124,512,24834,48.503906
18125,512,21375,41.748047
18126,512,18583,36.294922
18127,512,17792,34.750000
18128,512,17583,34.341797
18129,512,18041,35.236328
18130,512,21959,42.888672
18131,512,17834,34.832031
18132,512,17167,33.529297
18133,512,17916,34.992188
18134,512,17792,34.750000
18135,512,17250,33.691406
18136,512,17583,34.341797
18137,512,25250,49.316406
18138,512,20708,40.445312
18139,512,18833,36.783203
18140,512,17250,33.691406
18141,512,17333,33.853516
18142,512,17333,33.853516
18143,512,16209,31.658203
18144,512,18583,36.294922
18145,512,20458,39.957031
18146,512,17833,34.830078
18147,512,17083,33.365234
18148,512,16958,33.121094
18149,512,16875,32.958984
18150,512,16917,33.041016
18151,512,16958,33.121094
18152,512,17250,33.691406
18153,512,16542,32.308594
18154,512,17542,34.261719
18155,512,30625,59.814453
18156,512,17041,33.283203
18157,512,17125,33.447266
18158,512,16750,32.714844
18159,512,17209,33.611328
18160,512,23375,45.654297
18161,512,17542,34.261719
18162,512,17041,33.283203
18163,512,17167,33.529297
18164,512,16750,32.714844
18165,512,16333,31.900391
18166,512,16209,31.658203
18167,512,17084,33.367188
18168,512,16541,32.306641
18169,512,19000,37.109375
18170,512,20709,40.447266
18171,512,20750,40.527344
18172,512,17334,33.855469
18173,512,17000,33.203125
18174,512,16375,31.982422
18175,512,16708,32.632812
18176,512,17417,34.017578
18177,512,17458,34.097656
18178,512,16875,32.958984
18179,512,16333,31.900391
18180,512,17125,33.447266
18181,512,16959,33.123047
18182,512,17083,33.365234
18183,512,16667,32.552734
18184,512,16375,31.982422
18185,512,23209,45.330078
18186,512,18958,37.027344
18187,512,21583,42.154297
18188,512,17542,34.261719
18189,512,27416,53.546875
18190,512,17709,34.587891
18191,512,17167,33.529297
18192,512,17125,33.447266
18193,512,17083,33.365234
18194,512,16750,32.714844
18195,512,17292,33.773438
18196,512,17208,33.609375
18197,512,17750,34.667969
18198,512,17166,33.527344
18199,512,20292,39.632812
18200,512,22458,43.863281
18201,512,20833,40.689453
18202,512,17167,33.529297
18203,512,16958,33.121094
18204,512,17333,33.853516
18205,512,17208,33.609375
18206,512,17042,33.285156
18207,512,17625,34.423828
18208,512,17292,33.773438
18209,512,16666,32.550781
18210,512,16875,32.958984
18211,512,16375,31.982422
18212,512,17125,33.447266
18213,512,16834,32.878906
18214,512,16792,32.796875
18215,512,17292,33.773438
18216,512,19750,38.574219
18217,512,17584,34.343750
18218,512,17167,33.529297
18219,512,20417,39.876953
18220,512,22292,43.539062
18221,512,22541,44.025391
18222,512,22292,43.539062
18223,512,22709,44.353516
18224,512,20291,39.630859
18225,512,17708,34.585938
18226,512,17750,34.667969
18227,512,20291,39.630859
18228,512,23042,45.003906
18229,512,20208,39.468750
18230,512,20292,39.632812
18231,512,22708,44.351562
18232,512,19125,37.353516
18233,512,18916,36.945312
18234,512,21500,41.992188
18235,512,31083,60.708984
18236,512,18125,35.400391
18237,512,17292,33.773438
18238,512,18750,36.621094
18239,512,21750,42.480469
18240,512,19208,37.515625
18241,512,17833,34.830078
18242,512,17792,34.750000
18243,512,16833,32.876953
18244,512,19833,38.736328
18245,512,20041,39.142578
18246,512,18292,35.726562
18247,512,18083,35.318359
18248,512,17292,33.773438
18249,512,21834,42.644531
18250,512,21500,41.992188
18251,512,21875,42.724609
18252,512,18833,36.783203
18253,512,22750,44.433594
18254,512,21250,41.503906
18255,512,21250,41.503906
18256,512,19291,37.677734
18257,512,22667,44.271484
18258,512,20792,40.609375
18259,512,22208,43.375000
18260,512,15792,30.843750
18261,512,16334,31.902344
18262,512,16250,31.738281
18263,512,16208,31.656250
18264,512,15708,30.679688
18265,512,15792,30.843750
18266,512,16000,31.250000
18267,512,16167,31.576172
18268,512,16667,32.552734
18269,512,16084,31.414062
18270,512,15834,30.925781
18271,512,15459,30.193359
18272,512,16208,31.656250
18273,512,16375,31.982422
18274,512,15708,30.679688
18275,512,15667,30.599609
18276,512,16125,31.494141
18277,512,15875,31.005859
18278,512,16750,32.714844
18279,512,15500,30.273438
18280,512,16334,31.902344
18281,512,15792,30.843750
18282,512,15750,30.761719
18283,512,16125,31.494141
18284,512,17000,33.203125
18285,512,16084,31.414062
18286,512,16750,32.714844
18287,512,17042,33.285156
18288,512,16708,32.632812
18289,512,16334,31.902344
18290,512,15958,31.167969
18291,512,15625,30.517578
18292,512,16291,31.818359
18293,512,15750,30.761719
18294,512,15708,30.679688
18295,512,16000,31.250000
18296,512,16000,31.250000
18297,512,16125,31.494141
18298,512,16000,31.250000
18299,512,16167,31.576172
18300,512,15833,30.923828
18301,512,16333,31.900391
18302,512,15917,31.087891
18303,512,16416,32.062500
18304,512,15833,30.923828
18305,512,15667,30.599609
18306,512,15541,30.353516
18307,512,16042,31.332031
18308,512,16416,32.062500
18309,512,16000,31.250000
18310,512,15625,30.517578
18311,512,15834,30.925781
18312,512,15458,30.191406
18313,512,16625,32.470703
18314,512,16583,32.388672
18315,512,15417,30.111328
18316,512,16208,31.656250
18317,512,15791,30.841797
18318,512,15833,30.923828
18319,512,15750,30.761719
18320,512,15875,31.005859
18321,512,16125,31.494141
18322,512,15500,30.273438
18323,512,16167,31.576172
18324,512,16000,31.250000
18325,512,15666,30.597656
18326,512,16083,31.412109
18327,512,16542,32.308594
18328,512,15667,30.599609
18329,512,16458,32.144531
18330,512,15958,31.167969
18331,512,16292,31.820312
18332,512,16334,31.902344
18333,512,16291,31.818359
18334,512,15792,30.843750
18335,512,15958,31.167969
18336,512,16042,31.332031
18337,512,16250,31.738281
18338,512,16458,32.144531
18339,512,16167,31.576172
18340,512,15541,30.353516
18341,512,15708,30.679688
18342,512,15750,30.761719
18343,512,16292,31.820312
18344,512,15458,30.191406
18345,512,15583,30.435547
18346,512,16042,31.332031
18347,512,16875,32.958984
18348,512,17708,34.585938
18349,512,17292,33.773438
18350,512,17250,33.691406
18351,512,17709,34.587891
18352,512,16959,33.123047
18353,512,17208,33.609375
18354,512,17333,33.853516
18355,512,17167,33.529297
18356,512,17125,33.447266
18357,512,17333,33.853516
18358,512,17250,33.691406
18359,512,17041,33.283203
18360,512,16375,31.982422
18361,512,16625,32.470703
18362,512,17417,34.017578
18363,512,16875,32.958984
18364,512,16750,32.714844
18365,512,17000,33.203125
18366,512,17042,33.285156
18367,512,19291,37.677734
18368,512,19208,37.515625
18369,512,17375,33.935547
18370,512,17708,34.585938
18371,512,16750,32.714844
18372,512,17167,33.529297
18373,512,17042,33.285156
18374,512,17125,33.447266
18375,512,17333,33.853516
18376,512,16750,32.714844
18377,512,21375,41.748047
18378,512,21083,41.177734
18379,512,17125,33.447266
18380,512,20375,39.794922
18381,512,18667,36.458984
18382,512,18917,36.947266
18383,512,22916,44.757812
18384,512,21250,41.503906
18385,512,16834,32.878906
18386,512,17458,34.097656
18387,512,17083,33.365234
18388,512,17292,33.773438
18389,512,17583,34.341797
18390,512,17667,34.505859
18391,512,17917,34.994141
18392,512,16750,32.714844
18393,512,21750,42.480469
18394,512,16500,32.226562
18395,512,16667,32.552734
18396,512,17208,33.609375
18397,512,16834,32.878906
18398,512,16875,32.958984
18399,512,17625,34.423828
18400,512,16792,32.796875
18401,512,16000,31.250000
18402,512,16708,32.632812
18403,512,17083,33.365234
18404,512,16833,32.876953
18405,512,17083,33.365234
18406,512,16834,32.878906
18407,512,16625,32.470703
18408,512,16917,33.041016
18409,512,16292,31.820312
18410,512,16666,32.550781
18411,512,16417,32.064453
18412,512,17333,33.853516
18413,512,16917,33.041016
18414,512,16958,33.121094
18415,512,17375,33.935547
18416,512,16667,32.552734
18417,512,16875,32.958984
18418,512,17292,33.773438
18419,512,17000,33.203125
18420,512,15958,31.167969
18421,512,17250,33.691406
18422,512,16500,32.226562
18423,512,16208,31.656250
18424,512,17167,33.529297
18425,512,16666,32.550781
18426,512,19500,38.085938
18427,512,22167,43.294922
18428,512,21833,42.642578
18429,512,17084,33.367188
18430,512,17166,33.527344
18431,512,17417,34.017578
18432,512,16958,33.121094
18433,512,17708,34.585938
18434,512,17167,33.529297
18435,512,17000,33.203125
18436,512,17333,33.853516
18437,512,17041,33.283203
18438,512,17792,34.750000
18439,512,16417,32.064453
18440,512,17000,33.203125
18441,512,16666,32.550781
18442,512,16959,33.123047
18443,512,16875,32.958984
18444,512,16208,31.656250
18445,512,16792,32.796875
18446,512,16708,32.632812
18447,512,16583,32.388672
18448,512,16458,32.144531
18449,512,17084,33.367188
18450,512,16541,32.306641
18451,512,16875,32.958984
18452,512,17209,33.611328
18453,512,16500,32.226562
18454,512,16417,32.064453
18455,512,16917,33.041016
18456,512,16875,32.958984
18457,512,16625,32.470703
18458,512,16750,32.714844
18459,512,16917,33.041016
18460,512,17166,33.527344
18461,512,17084,33.367188
18462,512,16958,33.121094
18463,512,16917,33.041016
18464,512,16834,32.878906
18465,512,17541,34.259766
18466,512,17542,34.261719
18467,512,16500,32.226562
18468,512,18958,37.027344
18469,512,20500,40.039062
18470,512,22250,43.457031
18471,512,18792,36.703125
18472,512,16875,32.958984
18473,512,16291,31.818359
18474,512,16292,31.820312
18475,512,16083,31.412109
18476,512,16500,32.226562
18477,512,16500,32.226562
18478,512,16416,32.062500
18479,512,17000,33.203125
18480,512,16958,33.121094
18481,512,16250,31.738281
18482,512,16708,32.632812
18483,512,17459,34.099609
18484,512,17083,33.365234
18485,512,16583,32.388672
18486,512,16125,31.494141
18487,512,16833,32.876953
18488,512,17042,33.285156
18489,512,16333,31.900391
18490,512,16542,32.308594
18491,512,16666,32.550781
18492,512,16625,32.470703
18493,512,16417,32.064453
18494,512,17250,33.691406
18495,512,17042,33.285156
18496,512,16209,31.658203
18497,512,16834,32.878906
18498,512,16791,32.794922
18499,512,16334,31.902344
18500,512,15917,31.087891
18501,512,16792,32.796875
18502,512,16666,32.550781
18503,512,16042,31.332031
18504,512,17083,33.365234
18505,512,16958,33.121094
18506,512,16375,31.982422
18507,512,16750,32.714844
18508,512,17542,34.261719
18509,512,17000,33.203125
18510,512,16959,33.123047
18511,512,16416,32.062500
18512,512,16959,33.123047
18513,512,16625,32.470703
18514,512,16166,31.574219
18515,512,17417,34.017578
18516,512,17250,33.691406
18517,512,17208,33.609375
18518,512,16458,32.144531
18519,512,17125,33.447266
18520,512,16125,31.494141
18521,512,17375,33.935547
18522,512,21292,41.585938
18523,512,21167,41.341797
18524,512,20166,39.386719
18525,512,17208,33.609375
18526,512,17417,34.017578
18527,512,16958,33.121094
18528,512,17000,33.203125
18529,512,16833,32.876953
18530,512,16583,32.388672
18531,512,17583,34.341797
18532,512,16709,32.634766
18533,512,16209,31.658203
18534,512,16750,32.714844
18535,512,17250,33.691406
18536,512,16958,33.121094
18537,512,17250,33.691406
18538,512,16875,32.958984
18539,512,17000,33.203125
18540,512,17167,33.529297
18541,512,16708,32.632812
18542,512,17375,33.935547
18543,512,17209,33.611328
18544,512,16459,32.146484
18545,512,16334,31.902344
18546,512,17125,33.447266
18547,512,17000,33.203125
18548,512,17208,33.609375
18549,512,16833,32.876953
18550,512,17125,33.447266
18551,512,16750,32.714844
18552,512,16542,32.308594
18553,512,16583,32.388672
18554,512,17042,33.285156
18555,512,17208,33.609375
18556,512,16625,32.470703
18557,512,17334,33.855469
18558,512,16416,32.062500
18559,512,16750,32.714844
18560,512,16958,33.121094
18561,512,16917,33.041016
18562,512,17416,34.015625
18563,512,17209,33.611328
18564,512,17041,33.283203
18565,512,17417,34.017578
18566,512,17042,33.285156
18567,512,16916,33.039062
18568,512,17459,34.099609
18569,512,16625,32.470703
18570,512,17125,33.447266
18571,512,16500,32.226562
18572,512,16542,32.308594
18573,512,17458,34.097656
18574,512,16417,32.064453
18575,512,17291,33.771484
18576,512,16833,32.876953
18577,512,16833,32.876953
18578,512,16959,33.123047
18579,512,17083,33.365234
18580,512,16750,32.714844
18581,512,17292,33.773438
18582,512,17042,33.285156
18583,512,16792,32.796875
18584,512,17083,33.365234
18585,512,16500,32.226562
18586,512,16875,32.958984
18587,512,16625,32.470703
18588,512,17291,33.771484
18589,512,16250,31.738281
18590,512,16792,32.796875
18591,512,17375,33.935547
18592,512,17375,33.935547
18593,512,17250,33.691406
18594,512,17000,33.203125
18595,512,17250,33.691406
18596,512,16625,32.470703
18597,512,16875,32.958984
18598,512,16375,31.982422
18599,512,16666,32.550781
18600,512,17792,34.750000
18601,512,17625,34.423828
18602,512,16834,32.878906
18603,512,16291,31.818359
18604,512,17209,33.611328
18605,512,17041,33.283203
18606,512,17167,33.529297
18607,512,17166,33.527344
18608,512,17000,33.203125
18609,512,16334,31.902344
18610,512,16416,32.062500
18611,512,16750,32.714844
18612,512,16500,32.226562
18613,512,17542,34.261719
18614,512,17125,33.447266
18615,512,16541,32.306641
18616,512,16500,32.226562
18617,512,17042,33.285156
18618,512,16416,32.062500
18619,512,16667,32.552734
18620,512,16416,32.062500
18621,512,16375,31.982422
18622,512,16875,32.958984
18623,512,17375,33.935547
18624,512,17208,33.609375
18625,512,17333,33.853516
18626,512,17000,33.203125
18627,512,17708,34.585938
18628,512,17292,33.773438
18629,512,16959,33.123047
18630,512,17167,33.529297
18631,512,16875,32.958984
18632,512,17375,33.935547
18633,512,17708,34.585938
18634,512,16667,32.552734
18635,512,17541,34.259766
18636,512,20334,39.714844
18637,512,22208,43.375000
18638,512,20333,39.712891
18639,512,17500,34.179688
18640,512,17541,34.259766
18641,512,16792,32.796875
18642,512,16209,31.658203
18643,512,22625,44.189453
18644,512,21250,41.503906
18645,512,16959,33.123047
18646,512,17625,34.423828
18647,512,17834,34.832031
18648,512,21916,42.804688
18649,512,18833,36.783203
18650,512,17334,33.855469
18651,512,17333,33.853516
18652,512,23500,45.898438
18653,512,21000,41.015625
18654,512,18167,35.482422
18655,512,17834,34.832031
18656,512,17958,35.074219
18657,512,17583,34.341797
18658,512,16583,32.388672
18659,512,16417,32.064453
18660,512,17833,34.830078
18661,512,17334,33.855469
18662,512,16625,32.470703
18663,512,17792,34.750000
18664,512,16916,33.039062
18665,512,17250,33.691406
18666,512,17250,33.691406
18667,512,17042,33.285156
18668,512,16541,32.306641
18669,512,17250,33.691406
18670,512,17167,33.529297
18671,512,17042,33.285156
18672,512,17291,33.771484
18673,512,17084,33.367188
18674,512,16541,32.306641
18675,512,16834,32.878906
18676,512,17333,33.853516
18677,512,17375,33.935547
18678,512,17083,33.365234
18679,512,17042,33.285156
18680,512,16916,33.039062
18681,512,16667,32.552734
18682,512,17625,34.423828
18683,512,17625,34.423828
18684,512,16583,32.388672
18685,512,17250,33.691406
18686,512,17416,34.015625
18687,512,17250,33.691406
18688,512,17125,33.447266
18689,512,16750,32.714844
18690,512,17292,33.773438
18691,512,24208,47.281250
18692,512,20542,40.121094
18693,512,23125,45.166016
18694,512,27167,53.060547
18695,512,19208,37.515625
18696,512,21500,41.992188
18697,512,18791,36.701172
18698,512,19042,37.191406
18699,512,21708,42.398438
18700,512,18042,35.238281
18701,512,20625,40.283203
18702,512,19125,37.353516
18703,512,17250,33.691406
18704,512,18375,35.888672
18705,512,17500,34.179688
18706,512,20791,40.607422
18707,512,18625,36.376953
18708,512,20542,40.121094
18709,512,19833,38.736328
18710,512,19042,37.191406
18711,512,17333,33.853516
18712,512,17667,34.505859
18713,512,36000,70.312500
18714,512,33125,64.697266
18715,512,23042,45.003906
18716,512,19083,37.271484
18717,512,18542,36.214844
18718,512,20125,39.306641
18719,512,22667,44.271484
18720,512,18292,35.726562
18721,512,23584,46.062500
18722,512,39042,76.253906
18723,512,19083,37.271484
18724,512,18875,36.865234
18725,512,18625,36.376953
18726,512,23875,46.630859
18727,512,19542,38.167969
18728,512,17708,34.585938
18729,512,17333,33.853516
18730,512,16709,32.634766
18731,512,16834,32.878906
18732,512,24542,47.933594
18733,512,15750,30.761719
18734,512,20583,40.201172
18735,512,21042,41.097656
18736,512,21125,41.259766
18737,512,16375,31.982422
18738,512,17125,33.447266
18739,512,17000,33.203125
18740,512,16833,32.876953
18741,512,16625,32.470703
18742,512,17625,34.423828
18743,512,16833,32.876953
18744,512,17625,34.423828
18745,512,17250,33.691406
18746,512,16084,31.414062
18747,512,15792,30.843750
18748,512,15958,31.167969
18749,512,16209,31.658203
18750,512,15791,30.841797
18751,512,15959,31.169922
18752,512,15584,30.437500
18753,512,16000,31.250000
18754,512,15458,30.191406
18755,512,16125,31.494141
18756,512,16125,31.494141
18757,512,15875,31.005859
18758,512,15333,29.947266
18759,512,16292,31.820312
18760,512,16791,32.794922
18761,512,16209,31.658203
18762,512,15667,30.599609
18763,512,15917,31.087891
18764,512,16125,31.494141
18765,512,16000,31.250000
18766,512,16084,31.414062
18767,512,16083,31.412109
18768,512,15958,31.167969
18769,512,15500,30.273438
18770,512,15708,30.679688
18771,512,16042,31.332031
18772,512,15500,30.273438
18773,512,15833,30.923828
18774,512,16000,31.250000
18775,512,15375,30.029297
18776,512,15375,30.029297
18777,512,15667,30.599609
18778,512,15750,30.761719
18779,512,15875,31.005859
18780,512,15834,30.925781
18781,512,16000,31.250000
18782,512,15417,30.111328
18783,512,16208,31.656250
18784,512,15833,30.923828
18785,512,15000,29.296875
18786,512,15208,29.703125
18787,512,16000,31.250000
18788,512,15625,30.517578
18789,512,15291,29.865234
18790,512,15917,31.087891
18791,512,16000,31.250000
18792,512,15875,31.005859
18793,512,15625,30.517578
18794,512,15375,30.029297
18795,512,15541,30.353516
18796,512,16834,32.878906
18797,512,16291,31.818359
18798,512,16875,32.958984
18799,512,16209,31.658203
18800,512,16125,31.494141
18801,512,16334,31.902344
18802,512,16417,32.064453
18803,512,16208,31.656250
18804,512,16333,31.900391
18805,512,16250,31.738281
18806,512,16625,32.470703
18807,512,16208,31.656250
18808,512,16125,31.494141
18809,512,15667,30.599609
18810,512,15166,29.621094
18811,512,15500,30.273438
18812,512,21542,42.074219
18813,512,16375,31.982422
18814,512,16000,31.250000
18815,512,15792,30.843750
18816,512,15250,29.785156
18817,512,15791,30.841797
18818,512,16292,31.820312
18819,512,15791,30.841797
18820,512,15584,30.437500
18821,512,15125,29.541016
18822,512,15750,30.761719
18823,512,15750,30.761719
18824,512,15708,30.679688
18825,512,15917,31.087891
18826,512,16250,31.738281
18827,512,16458,32.144531
18828,512,16042,31.332031
18829,512,15875,31.005859
18830,512,15667,30.599609
18831,512,15458,30.191406
18832,512,15458,30.191406
18833,512,15875,31.005859
18834,512,15750,30.761719
18835,512,14625,28.564453
18836,512,15542,30.355469
18837,512,15833,30.923828
18838,512,15750,30.761719
18839,512,15917,31.087891
18840,512,15541,30.353516
18841,512,15917,31.087891
18842,512,15875,31.005859
18843,512,15709,30.681641
18844,512,16083,31.412109
18845,512,16042,31.332031
18846,512,15542,30.355469
18847,512,15625,30.517578
18848,512,15916,31.085938
18849,512,15542,30.355469
18850,512,15708,30.679688
18851,512,15542,30.355469
18852,512,15750,30.761719
18853,512,15625,30.517578
18854,512,15875,31.005859
18855,512,15708,30.679688
18856,512,15625,30.517578
18857,512,15500,30.273438
18858,512,15542,30.355469
18859,512,15708,30.679688
18860,512,15417,30.111328
18861,512,16166,31.574219
18862,512,14875,29.052734
18863,512,15541,30.353516
18864,512,15667,30.599609
18865,512,16208,31.656250
18866,512,15875,31.005859
18867,512,15958,31.167969
18868,512,15459,30.193359
18869,512,15458,30.191406
18870,512,17916,34.992188
18871,512,16750,32.714844
18872,512,17125,33.447266
18873,512,16041,31.330078
18874,512,16875,32.958984
18875,512,17125,33.447266
18876,512,17167,33.529297
18877,512,16708,32.632812
18878,512,17375,33.935547
18879,512,17667,34.505859
18880,512,16958,33.121094
18881,512,17125,33.447266
18882,512,17042,33.285156
18883,512,16959,33.123047
18884,512,16875,32.958984
18885,512,17167,33.529297
18886,512,17500,34.179688
18887,512,16625,32.470703
18888,512,16792,32.796875
18889,512,16583,32.388672
18890,512,16292,31.820312
18891,512,16500,32.226562
18892,512,16958,33.121094
18893,512,16833,32.876953
18894,512,16417,32.064453
18895,512,16375,31.982422
18896,512,16792,32.796875
18897,512,16791,32.794922
18898,512,17209,33.611328
18899,512,17208,33.609375
18900,512,16542,32.308594
18901,512,16625,32.470703
18902,512,16750,32.714844
18903,512,16708,32.632812
18904,512,16875,32.958984
18905,512,16709,32.634766
18906,512,17291,33.771484
18907,512,17417,34.017578
18908,512,17041,33.283203
18909,512,16584,32.390625
18910,512,17458,34.097656
18911,512,16291,31.818359
18912,512,16542,32.308594
18913,512,28084,54.851562
18914,512,16834,32.878906
18915,512,16500,32.226562
18916,512,16667,32.552734
18917,512,16458,32.144531
18918,512,17083,33.365234
18919,512,16291,31.818359
18920,512,17167,33.529297
18921,512,16708,32.632812
18922,512,16917,33.041016
18923,512,17417,34.017578
18924,512,16375,31.982422
18925,512,17125,33.447266
18926,512,17459,34.099609
18927,512,17375,33.935547
18928,512,16291,31.818359
18929,512,16250,31.738281
18930,512,15667,30.599609
18931,512,16583,32.388672
18932,512,16375,31.982422
18933,512,16958,33.121094
18934,512,16708,32.632812
18935,512,17459,34.099609
18936,512,17083,33.365234
18937,512,17125,33.447266
18938,512,16625,32.470703
18939,512,17208,33.609375
18940,512,17208,33.609375
18941,512,16834,32.878906
18942,512,16875,32.958984
18943,512,16959,33.123047
18944,512,16625,32.470703
18945,512,17334,33.855469
18946,512,17125,33.447266
18947,512,16916,33.039062
18948,512,17250,33.691406
18949,512,16709,32.634766
18950,512,17041,33.283203
18951,512,16750,32.714844
18952,512,17333,33.853516
18953,512,16875,32.958984
18954,512,17292,33.773438
18955,512,17583,34.341797
18956,512,16500,32.226562
18957,512,17083,33.365234
18958,512,17250,33.691406
18959,512,17000,33.203125
18960,512,17459,34.099609
18961,512,17041,33.283203
18962,512,17167,33.529297
18963,512,16583,32.388672
18964,512,16166,31.574219
18965,512,17167,33.529297
18966,512,17125,33.447266
18967,512,16750,32.714844
18968,512,17250,33.691406
18969,512,17083,33.365234
18970,512,17208,33.609375
18971,512,16834,32.878906
18972,512,16416,32.062500
18973,512,16500,32.226562
18974,512,16042,31.332031
18975,512,16500,32.226562
18976,512,16958,33.121094
18977,512,16625,32.470703
18978,512,16791,32.794922
18979,512,17084,33.367188
18980,512,16541,32.306641
18981,512,17042,33.285156
18982,512,16417,32.064453
18983,512,17208,33.609375
18984,512,16583,32.388672
18985,512,17167,33.529297
18986,512,17125,33.447266
18987,512,17166,33.527344
18988,512,16958,33.121094
18989,512,17250,33.691406
18990,512,16917,33.041016
18991,512,16667,32.552734
18992,512,16458,32.144531
18993,512,16958,33.121094
18994,512,17750,34.667969
18995,512,16875,32.958984
18996,512,17625,34.423828
18997,512,17333,33.853516
18998,512,17250,33.691406
18999,512,16500,32.226562
19000,512,17000,33.203125
19001,512,17125,33.447266
19002,512,17250,33.691406
19003,512,16625,32.470703
19004,512,17000,33.203125
19005,512,17209,33.611328
19006,512,16750,32.714844
19007,512,17375,33.935547
19008,512,16667,32.552734
19009,512,16833,32.876953
19010,512,17125,33.447266
19011,512,17250,33.691406
19012,512,17125,33.447266
19013,512,15959,31.169922
19014,512,17000,33.203125
19015,512,17167,33.529297
19016,512,16417,32.064453
19017,512,17292,33.773438
19018,512,17167,33.529297
19019,512,16959,33.123047
19020,512,16875,32.958984
19021,512,17250,33.691406
19022,512,16875,32.958984
19023,512,16875,32.958984
19024,512,16875,32.958984
19025,512,16666,32.550781
19026,512,16958,33.121094
19027,512,17167,33.529297
19028,512,15750,30.761719
19029,512,16959,33.123047
19030,512,16791,32.794922
19031,512,16583,32.388672
19032,512,16667,32.552734
19033,512,17125,33.447266
19034,512,16458,32.144531
19035,512,16542,32.308594
19036,512,17166,33.527344
19037,512,16417,32.064453
19038,512,17125,33.447266
19039,512,16625,32.470703
19040,512,16458,32.144531
19041,512,16125,31.494141
19042,512,16750,32.714844
19043,512,15958,31.167969
19044,512,17625,34.423828
19045,512,17208,33.609375
19046,512,17125,33.447266
19047,512,17083,33.365234
19048,512,16834,32.878906
19049,512,17458,34.097656
19050,512,18458,36.050781
19051,512,20208,39.468750
19052,512,17333,33.853516
19053,512,17583,34.341797
19054,512,20708,40.445312
19055,512,21667,42.318359
19056,512,17083,33.365234
19057,512,17083,33.365234
19058,512,16792,32.796875
19059,512,16750,32.714844
19060,512,17167,33.529297
19061,512,17333,33.853516
19062,512,17333,33.853516
19063,512,17334,33.855469
19064,512,16334,31.902344
19065,512,16916,33.039062
19066,512,16459,32.146484
19067,512,17208,33.609375
19068,512,16291,31.818359
19069,512,17042,33.285156
19070,512,17083,33.365234
19071,512,16250,31.738281
19072,512,16875,32.958984
19073,512,16208,31.656250
19074,512,16959,33.123047
19075,512,16834,32.878906
19076,512,16750,32.714844
19077,512,16416,32.062500
19078,512,16667,32.552734
19079,512,17250,33.691406
19080,512,17333,33.853516
19081,512,17125,33.447266
19082,512,16791,32.794922
19083,512,16709,32.634766
19084,512,17250,33.691406
19085,512,16917,33.041016
19086,512,16625,32.470703
19087,512,16959,33.123047
19088,512,17083,33.365234
19089,512,17333,33.853516
19090,512,16750,32.714844
19091,512,17000,33.203125
19092,512,16666,32.550781
19093,512,16750,32.714844
19094,512,16542,32.308594
19095,512,19000,37.109375
19096,512,19584,38.250000
19097,512,16833,32.876953
19098,512,17333,33.853516
19099,512,17542,34.261719
19100,512,28083,54.849609
19101,512,20083,39.224609
19102,512,16834,32.878906
19103,512,17541,34.259766
19104,512,16834,32.878906
19105,512,17291,33.771484
19106,512,17208,33.609375
19107,512,24167,47.201172
19108,512,21042,41.097656
19109,512,17333,33.853516
19110,512,17083,33.365234
19111,512,17375,33.935547
19112,512,17750,34.667969
19113,512,17125,33.447266
19114,512,16792,32.796875
19115,512,18083,35.318359
19116,512,17416,34.015625
19117,512,21584,42.156250
19118,512,17791,34.748047
19119,512,17667,34.505859
19120,512,18083,35.318359
19121,512,17208,33.609375
19122,512,16708,32.632812
19123,512,16834,32.878906
19124,512,16750,32.714844
19125,512,31250,61.035156
19126,512,16708,32.632812
19127,512,16792,32.796875
19128,512,17042,33.285156
19129,512,22833,44.595703
19130,512,21625,42.236328
19131,512,19417,37.923828
19132,512,16959,33.123047
19133,512,16541,32.306641
19134,512,17375,33.935547
19135,512,16875,32.958984
19136,512,16917,33.041016
19137,512,17250,33.691406
19138,512,17042,33.285156
19139,512,17000,33.203125
19140,512,17291,33.771484
19141,512,17542,34.261719
19142,512,17125,33.447266
19143,512,17125,33.447266
19144,512,17000,33.203125
19145,512,17041,33.283203
19146,512,16917,33.041016
19147,512,22875,44.677734
19148,512,17167,33.529297
19149,512,17125,33.447266
19150,512,16333,31.900391
19151,512,16833,32.876953
19152,512,16875,32.958984
19153,512,16667,32.552734
19154,512,16875,32.958984
19155,512,16750,32.714844
19156,512,15666,30.597656
19157,512,16667,32.552734
19158,512,17250,33.691406
19159,512,23334,45.574219
19160,512,17916,34.992188
19161,512,20042,39.144531
19162,512,17708,34.585938
19163,512,24833,48.501953
19164,512,16833,32.876953
19165,512,16667,32.552734
19166,512,17167,33.529297
19167,512,16709,32.634766
19168,512,17041,33.283203
19169,512,15583,30.435547
19170,512,16792,32.796875
19171,512,16583,32.388672
19172,512,16375,31.982422
19173,512,16541,32.306641
19174,512,17334,33.855469
19175,512,16625,32.470703
19176,512,17000,33.203125
19177,512,16834,32.878906
19178,512,17208,33.609375
19179,512,20125,39.306641
19180,512,17333,33.853516
19181,512,19625,38.330078
19182,512,21666,42.316406
19183,512,20917,40.853516
19184,512,21166,41.339844
19185,512,18208,35.562500
19186,512,17209,33.611328
19187,512,20250,39.550781
19188,512,19792,38.656250
19189,512,18583,36.294922
19190,512,22167,43.294922
19191,512,18292,35.726562
19192,512,18000,35.156250
19193,512,23166,45.246094
19194,512,37792,73.812500
19195,512,18792,36.703125
19196,512,17666,34.503906
19197,512,18667,36.458984
19198,512,21875,42.724609
19199,512,32750,63.964844
19200,512,23709,46.306641
19201,512,31541,61.603516
19202,512,17792,34.750000
19203,512,17416,34.015625
19204,512,18084,35.320312
19205,512,21709,42.400391
19206,512,18000,35.156250
19207,512,18000,35.156250
19208,512,19791,38.654297
19209,512,17667,34.505859
19210,512,17458,34.097656
19211,512,16958,33.121094
19212,512,16792,32.796875
19213,512,17375,33.935547
19214,512,17166,33.527344
19215,512,17042,33.285156
19216,512,18000,35.156250
19217,512,20792,40.609375
19218,512,21833,42.642578
19219,512,18958,37.027344
19220,512,17208,33.609375
19221,512,17167,33.529297
19222,512,16333,31.900391
19223,512,16208,31.656250
19224,512,17042,33.285156
19225,512,17041,33.283203
19226,512,17000,33.203125
19227,512,17208,33.609375
19228,512,16750,32.714844
19229,512,17041,33.283203
19230,512,16834,32.878906
19231,512,16791,32.794922
19232,512,17209,33.611328
19233,512,17625,34.423828
19234,512,17084,33.367188
19235,512,16791,32.794922
19236,512,17625,34.423828
19237,512,17500,34.179688
19238,512,17375,33.935547
19239,512,16583,32.388672
19240,512,16584,32.390625
19241,512,16250,31.738281
19242,512,16083,31.412109
19243,512,15542,30.355469
19244,512,14959,29.216797
19245,512,16291,31.818359
19246,512,15750,30.761719
19247,512,15291,29.865234
19248,512,15542,30.355469
19249,512,16417,32.064453
19250,512,15250,29.785156
19251,512,15708,30.679688
19252,512,15417,30.111328
19253,512,15584,30.437500
19254,512,15666,30.597656
19255,512,15417,30.111328
19256,512,15375,30.029297
19257,512,15208,29.703125
19258,512,16500,32.226562
19259,512,15500,30.273438
19260,512,15750,30.761719
19261,512,15833,30.923828
19262,512,15791,30.841797
19263,512,16000,31.250000
19264,512,15583,30.435547
19265,512,15834,30.925781
19266,512,15625,30.517578
19267,512,15542,30.355469
19268,512,15916,31.085938
19269,512,15875,31.005859
19270,512,15792,30.843750
19271,512,16291,31.818359
19272,512,15625,30.517578
19273,512,15958,31.167969
19274,512,16042,31.332031
19275,512,15916,31.085938
19276,512,15667,30.599609
19277,512,15458,30.191406
19278,512,15417,30.111328
19279,512,15708,30.679688
19280,512,16042,31.332031
19281,512,15666,30.597656
19282,512,15750,30.761719
19283,512,15958,31.167969
19284,512,15292,29.867188
19285,512,15750,30.761719
19286,512,15750,30.761719
19287,512,15667,30.599609
19288,512,15583,30.435547
19289,512,15625,30.517578
19290,512,15584,30.437500
19291,512,15708,30.679688
19292,512,15667,30.599609
19293,512,15250,29.785156
19294,512,15000,29.296875
19295,512,15541,30.353516
19296,512,15542,30.355469
19297,512,15916,31.085938
19298,512,15625,30.517578
19299,512,15500,30.273438
19300,512,15833,30.923828
19301,512,15666,30.597656
19302,512,15542,30.355469
19303,512,15791,30.841797
19304,512,15625,30.517578
19305,512,15208,29.703125
19306,512,15625,30.517578
19307,512,15750,30.761719
19308,512,15625,30.517578
19309,512,15958,31.167969
19310,512,15250,29.785156
19311,512,15667,30.599609
19312,512,16125,31.494141
19313,512,16208,31.656250
19314,512,15833,30.923828
19315,512,15958,31.167969
19316,512,16292,31.820312
19317,512,16083,31.412109
19318,512,15875,31.005859
19319,512,15125,29.541016
19320,512,15833,30.923828
19321,512,15959,31.169922
19322,512,18916,36.945312
19323,512,21250,41.503906
19324,512,21375,41.748047
19325,512,21834,42.644531
19326,512,15459,30.193359
19327,512,15583,30.435547
19328,512,16125,31.494141
19329,512,16666,32.550781
19330,512,18709,36.541016
19331,512,15584,30.437500
19332,512,15833,30.923828
19333,512,15750,30.761719
19334,512,15833,30.923828
19335,512,15958,31.167969
19336,512,15750,30.761719
19337,512,15584,30.437500
19338,512,15375,30.029297
19339,512,15250,29.785156
19340,512,15250,29.785156
19341,512,16042,31.332031
19342,512,15291,29.865234
19343,512,15667,30.599609
19344,512,15916,31.085938
19345,512,15500,30.273438
19346,512,15750,30.761719
19347,512,15625,30.517578
19348,512,15750,30.761719
19349,512,15167,29.623047
19350,512,16000,31.250000
19351,512,15667,30.599609
19352,512,15625,30.517578
19353,512,15584,30.437500
19354,512,15916,31.085938
19355,512,15875,31.005859
19356,512,15375,30.029297
19357,512,15416,30.109375
19358,512,15417,30.111328
19359,512,15125,29.541016
19360,512,16500,32.226562
19361,512,15500,30.273438
19362,512,16875,32.958984
19363,512,16667,32.552734
19364,512,16500,32.226562
19365,512,16791,32.794922
19366,512,16458,32.144531
19367,512,16708,32.632812
19368,512,17000,33.203125
19369,512,16208,31.656250
19370,512,21541,42.072266
19371,512,18625,36.376953
19372,512,16959,33.123047
19373,512,16750,32.714844
19374,512,17250,33.691406
19375,512,17167,33.529297
19376,512,16792,32.796875
19377,512,16167,31.576172
19378,512,17458,34.097656
19379,512,16458,32.144531
19380,512,16834,32.878906
19381,512,15959,31.169922
19382,512,16458,32.144531
19383,512,16541,32.306641
19384,512,16292,31.820312
19385,512,16333,31.900391
19386,512,15917,31.087891
19387,512,16916,33.039062
19388,512,16542,32.308594
19389,512,16375,31.982422
19390,512,16333,31.900391
19391,512,16958,33.121094
19392,512,16792,32.796875
19393,512,16458,32.144531
19394,512,17459,34.099609
19395,512,16541,32.306641
19396,512,16375,31.982422
19397,512,16958,33.121094
19398,512,16459,32.146484
19399,512,27625,53.955078
19400,512,16500,32.226562
19401,512,16708,32.632812
19402,512,17292,33.773438
19403,512,16541,32.306641
19404,512,16709,32.634766
19405,512,16959,33.123047
19406,512,17500,34.179688
19407,512,16542,32.308594
19408,512,16333,31.900391
19409,512,17000,33.203125
19410,512,16458,32.144531
19411,512,16250,31.738281
19412,512,16667,32.552734
19413,512,16917,33.041016
19414,512,16917,33.041016
19415,512,17042,33.285156
19416,512,17208,33.609375
19417,512,16792,32.796875
19418,512,16750,32.714844
19419,512,17083,33.365234
19420,512,17250,33.691406
19421,512,17208,33.609375
19422,512,17042,33.285156
19423,512,17083,33.365234
19424,512,16541,32.306641
19425,512,16459,32.146484
19426,512,16667,32.552734
19427,512,17500,34.179688
19428,512,17208,33.609375
19429,512,16917,33.041016
19430,512,16416,32.062500
19431,512,16792,32.796875
19432,512,17166,33.527344
19433,512,16417,32.064453
19434,512,17083,33.365234
19435,512,16833,32.876953
19436,512,16584,32.390625
19437,512,17292,33.773438
19438,512,17167,33.529297
19439,512,17000,33.203125
19440,512,17000,33.203125
19441,512,17417,34.017578
19442,512,16750,32.714844
19443,512,16792,32.796875
19444,512,17500,34.179688
19445,512,17208,33.609375
19446,512,17125,33.447266
19447,512,17166,33.527344
19448,512,16584,32.390625
19449,512,16500,32.226562
19450,512,16709,32.634766
19451,512,17000,33.203125
19452,512,17583,34.341797
19453,512,16833,32.876953
19454,512,17042,33.285156
19455,512,17125,33.447266
19456,512,16750,32.714844
19457,512,18041,35.236328
19458,512,17000,33.203125
19459,512,16708,32.632812
19460,512,17042,33.285156
19461,512,16625,32.470703
19462,512,16083,31.412109
19463,512,16750,32.714844
19464,512,16167,31.576172
19465,512,17083,33.365234
19466,512,16875,32.958984
19467,512,17292,33.773438
19468,512,16917,33.041016
19469,512,16625,32.470703
19470,512,16625,32.470703
19471,512,17250,33.691406
19472,512,17167,33.529297
19473,512,17208,33.609375
19474,512,17625,34.423828
19475,512,17084,33.367188
19476,512,16750,32.714844
19477,512,16042,31.332031
19478,512,16666,32.550781
19479,512,16458,32.144531
19480,512,16209,31.658203
19481,512,16375,31.982422
19482,512,17042,33.285156
19483,512,16708,32.632812
19484,512,17125,33.447266
19485,512,16709,32.634766
19486,512,16375,31.982422
19487,512,16500,32.226562
19488,512,16375,31.982422
19489,512,16375,31.982422
19490,512,16958,33.121094
19491,512,17125,33.447266
19492,512,16792,32.796875
19493,512,16417,32.064453
19494,512,16750,32.714844
19495,512,16542,32.308594
19496,512,16125,31.494141
19497,512,17208,33.609375
19498,512,16334,31.902344
19499,512,16500,32.226562
19500,512,17250,33.691406
19501,512,16875,32.958984
19502,512,17166,33.527344
19503,512,16834,32.878906
19504,512,16291,31.818359
19505,512,16709,32.634766
19506,512,16916,33.039062
19507,512,16959,33.123047
19508,512,16875,32.958984
19509,512,17291,33.771484
19510,512,16667,32.552734
19511,512,16666,32.550781
19512,512,16333,31.900391
19513,512,16583,32.388672
19514,512,16458,32.144531
19515,512,16875,32.958984
19516,512,17125,33.447266
19517,512,16958,33.121094
19518,512,17125,33.447266
19519,512,17125,33.447266
19520,512,17500,34.179688
19521,512,16375,31.982422
19522,512,16541,32.306641
19523,512,16417,32.064453
19524,512,16792,32.796875
19525,512,16916,33.039062
19526,512,15875,31.005859
19527,512,16000,31.250000
19528,512,17292,33.773438
19529,512,16292,31.820312
19530,512,16625,32.470703
19531,128,4917,38.414062
