# Phase 4 raw batch samples. batch-normalized ns/update = elapsed_ns / batch_operations (a batch average, NOT a directly
# measured single-update latency). batch_operations is the ACTUAL op count of the batch: batch_size for every row except
# the final row when updates % batch_size is nonzero (a partial batch, which is EXCLUDED from the percentile
# distribution in the summary).
# impl=map wl=E levels=1000000 updates=10000000 batch_size=512 seed=407715774446 partial_rows=1
sample_index,batch_operations,elapsed_ns,normalized_ns_per_update
0,512,412167,805.013672
1,512,314250,613.769531
2,512,303333,592.447266
3,512,288834,564.128906
4,512,561000,1095.703125
5,512,470833,919.595703
6,512,427500,834.960938
7,512,423167,826.498047
8,512,402458,786.050781
9,512,365917,714.681641
10,512,413792,808.187500
11,512,365291,713.458984
12,512,366750,716.308594
13,512,382458,746.988281
14,512,326125,636.962891
15,512,372084,726.726562
16,512,350792,685.140625
17,512,429458,838.785156
18,512,434292,848.226562
19,512,393917,769.369141
20,512,386916,755.695312
21,512,330917,646.322266
22,512,325833,636.392578
23,512,314208,613.687500
24,512,284125,554.931641
25,512,300417,586.751953
26,512,307083,599.771484
27,512,316167,617.513672
28,512,306458,598.550781
29,512,264208,516.031250
30,512,280292,547.445312
31,512,278916,544.757812
32,512,311542,608.480469
33,512,294958,576.089844
34,512,344542,672.933594
35,512,369417,721.517578
36,512,346125,676.025391
37,512,339917,663.900391
38,512,338667,661.458984
39,512,341958,667.886719
40,512,291042,568.441406
41,512,284375,555.419922
42,512,338958,662.027344
43,512,398875,779.052734
44,512,337000,658.203125
45,512,376375,735.107422
46,512,320458,625.894531
47,512,285750,558.105469
48,512,268125,523.681641
49,512,269000,525.390625
50,512,282208,551.187500
51,512,278583,544.107422
52,512,250292,488.851562
53,512,274958,537.027344
54,512,255708,499.429688
55,512,269000,525.390625
56,512,272333,531.900391
57,512,251084,490.398438
58,512,257125,502.197266
59,512,278000,542.968750
60,512,265792,519.125000
61,512,279084,545.085938
62,512,273417,534.017578
63,512,303583,592.935547
64,512,288167,562.826172
65,512,273667,534.505859
66,512,260000,507.812500
67,512,301916,589.679688
68,512,325125,635.009766
69,512,279541,545.978516
70,512,306542,598.714844
71,512,398791,778.888672
72,512,373667,729.818359
73,512,390500,762.695312
74,512,385541,753.009766
75,512,327417,639.486328
76,512,331083,646.646484
77,512,348292,680.257812
78,512,340750,665.527344
79,512,360125,703.369141
80,512,417250,814.941406
81,512,368333,719.400391
82,512,410084,800.945312
83,512,435750,851.074219
84,512,437334,854.167969
85,512,301709,589.275391
86,512,340166,664.386719
87,512,348625,680.908203
88,512,346333,676.431641
89,512,353667,690.755859
90,512,349083,681.802734
91,512,344666,673.175781
92,512,373167,728.841797
93,512,348958,681.558594
94,512,470917,919.759766
95,512,459292,897.054688
96,512,463542,905.355469
97,512,305792,597.250000
98,512,299459,584.880859
99,512,285667,557.943359
100,512,305250,596.191406
101,512,318708,622.476562
102,512,330250,645.019531
103,512,299167,584.310547
104,512,332000,648.437500
105,512,303208,592.203125
106,512,342917,669.759766
107,512,356042,695.394531
108,512,348417,680.501953
109,512,382500,747.070312
110,512,328667,641.927734
111,512,342083,668.130859
112,512,273583,534.341797
113,512,243834,476.238281
114,512,263750,515.136719
115,512,297125,580.322266
116,512,307792,601.156250
117,512,276125,539.306641
118,512,278958,544.839844
119,512,293292,572.835938
120,512,336166,656.574219
121,512,293250,572.753906
122,512,272375,531.982422
123,512,244209,476.970703
124,512,285583,557.779297
125,512,368791,720.294922
126,512,321834,628.582031
127,512,314500,614.257812
128,512,297000,580.078125
129,512,281417,549.642578
130,512,269417,526.205078
131,512,301375,588.623047
132,512,260541,508.869141
133,512,257709,503.337891
134,512,232666,454.425781
135,512,244000,476.562500
136,512,227917,445.150391
137,512,243958,476.480469
138,512,236167,461.263672
139,512,219375,428.466797
140,512,204417,399.251953
141,512,209583,409.341797
142,512,214500,418.945312
143,512,207792,405.843750
144,512,201500,393.554688
145,512,201334,393.230469
146,512,214416,418.781250
147,512,215792,421.468750
148,512,216916,423.664062
149,512,230334,449.871094
150,512,232375,453.857422
151,512,268709,524.822266
152,512,236916,462.726562
153,512,217500,424.804688
154,512,200500,391.601562
155,512,209292,408.773438
156,512,208709,407.634766
157,512,194500,379.882812
158,512,202083,394.693359
159,512,199833,390.298828
160,512,423625,827.392578
161,512,473541,924.884766
162,512,408667,798.177734
163,512,386333,754.556641
164,512,384083,750.162109
165,512,358083,699.380859
166,512,349000,681.640625
167,512,355916,695.148438
168,512,339417,662.923828
169,512,329667,643.880859
170,512,352792,689.046875
171,512,358667,700.521484
172,512,346583,676.919922
173,512,354333,692.056641
174,512,365959,714.763672
175,512,313708,612.710938
176,512,301542,588.949219
177,512,328459,641.521484
178,512,331542,647.542969
179,512,373625,729.736328
180,512,374541,731.525391
181,512,366292,715.414062
182,512,329500,643.554688
183,512,282792,552.328125
184,512,316791,618.732422
185,512,302042,589.925781
186,512,282625,552.001953
187,512,287917,562.337891
188,512,260583,508.951172
189,512,278292,543.539062
190,512,285917,558.431641
191,512,269458,526.285156
192,512,253417,494.955078
193,512,252250,492.675781
194,512,271334,529.949219
195,512,263625,514.892578
196,512,239375,467.529297
197,512,277500,541.992188
198,512,252709,493.572266
199,512,255917,499.837891
200,512,239583,467.935547
201,512,255458,498.941406
202,512,273208,533.609375
203,512,267083,521.646484
204,512,320292,625.570312
205,512,293459,573.162109
206,512,286667,559.896484
207,512,265917,519.369141
208,512,266208,519.937500
209,512,265167,517.904297
210,512,273041,533.283203
211,512,273833,534.830078
212,512,251417,491.048828
213,512,247791,483.966797
214,512,259834,507.488281
215,512,253416,494.953125
216,512,282792,552.328125
217,512,256084,500.164062
218,512,252250,492.675781
219,512,253375,494.873047
220,512,286000,558.593750
221,512,279041,545.001953
222,512,242834,474.285156
223,512,256334,500.652344
224,512,260625,509.033203
225,512,236000,460.937500
226,512,241167,471.029297
227,512,255291,498.615234
228,512,244834,478.191406
229,512,252541,493.244141
230,512,270125,527.587891
231,512,249250,486.816406
232,512,209250,408.691406
233,512,228291,445.880859
234,512,242375,473.388672
235,512,260375,508.544922
236,512,305125,595.947266
237,512,292500,571.289062
238,512,276125,539.306641
239,512,316625,618.408203
240,512,313709,612.712891
241,512,320208,625.406250
242,512,300958,587.808594
243,512,303667,593.099609
244,512,283625,553.955078
245,512,274500,536.132812
246,512,345125,674.072266
247,512,302833,591.470703
248,512,282208,551.187500
249,512,277792,542.562500
250,512,275458,538.003906
251,512,293250,572.753906
252,512,290458,567.300781
253,512,289334,565.105469
254,512,293166,572.589844
255,512,277875,542.724609
256,512,293250,572.753906
257,512,277792,542.562500
258,512,263209,514.080078
259,512,309250,604.003906
260,512,310000,605.468750
261,512,295125,576.416016
262,512,301834,589.519531
263,512,286875,560.302734
264,512,299375,584.716797
265,512,272500,532.226562
266,512,301500,588.867188
267,512,293834,573.894531
268,512,364417,711.751953
269,512,358000,699.218750
270,512,370750,724.121094
271,512,368208,719.156250
272,512,337083,658.365234
273,512,321584,628.093750
274,512,304416,594.562500
275,512,313708,612.710938
276,512,295584,577.312500
277,512,312750,610.839844
278,512,316083,617.349609
279,512,316417,618.001953
280,512,296541,579.181641
281,512,226209,441.814453
282,512,223666,436.847656
283,512,231000,451.171875
284,512,252667,493.490234
285,512,234209,457.439453
286,512,235625,460.205078
287,512,235750,460.449219
288,512,233042,455.160156
289,512,230916,451.007812
290,512,250042,488.363281
291,512,238125,465.087891
292,512,260209,508.220703
293,512,244416,477.375000
294,512,314750,614.746094
295,512,262083,511.880859
296,512,254500,497.070312
297,512,267542,522.542969
298,512,266125,519.775391
299,512,256000,500.000000
300,512,286542,559.652344
301,512,284666,555.988281
302,512,301417,588.705078
303,512,260458,508.707031
304,512,271167,529.623047
305,512,291417,569.173828
306,512,250083,488.443359
307,512,263792,515.218750
308,512,266375,520.263672
309,512,301333,588.541016
310,512,379625,741.455078
311,512,252583,493.326172
312,512,253625,495.361328
313,512,241875,472.412109
314,512,229917,449.056641
315,512,222500,434.570312
316,512,239750,468.261719
317,512,219541,428.791016
318,512,227209,443.767578
319,512,236208,461.343750
320,512,232667,454.427734
321,512,228000,445.312500
322,512,219916,429.523438
323,512,221917,433.431641
324,512,239958,468.667969
325,512,265875,519.287109
326,512,283208,553.140625
327,512,227083,443.521484
328,512,256667,501.302734
329,512,227250,443.847656
330,512,235208,459.390625
331,512,238417,465.658203
332,512,228833,446.939453
333,512,229125,447.509766
334,512,216667,423.177734
335,512,227083,443.521484
336,512,222083,433.755859
337,512,212375,414.794922
338,512,228125,445.556641
339,512,236375,461.669922
340,512,218416,426.593750
341,512,244959,478.435547
342,512,213125,416.259766
343,512,239083,466.958984
344,512,219000,427.734375
345,512,203500,397.460938
346,512,215500,420.898438
347,512,224166,437.824219
348,512,220292,430.257812
349,512,195542,381.917969
350,512,208125,406.494141
351,512,221500,432.617188
352,512,210042,410.238281
353,512,227125,443.603516
354,512,236708,462.320312
355,512,224000,437.500000
356,512,212584,415.203125
357,512,215792,421.468750
358,512,211208,412.515625
359,512,205917,402.181641
360,512,219083,427.896484
361,512,240042,468.832031
362,512,286625,559.814453
363,512,217083,423.990234
364,512,261542,510.824219
365,512,238291,465.412109
366,512,214834,419.597656
367,512,224625,438.720703
368,512,233542,456.136719
369,512,233458,455.972656
370,512,247125,482.666016
371,512,215375,420.654297
372,512,239042,466.878906
373,512,215875,421.630859
374,512,235834,460.613281
375,512,215584,421.062500
376,512,225666,440.753906
377,512,231833,452.798828
378,512,216875,423.583984
379,512,222334,434.246094
380,512,238375,465.576172
381,512,240041,468.830078
382,512,199125,388.916016
383,512,220250,430.175781
384,512,197458,385.660156
385,512,240208,469.156250
386,512,310834,607.097656
387,512,250709,489.666016
388,512,258208,504.312500
389,512,238250,465.332031
390,512,240250,469.238281
391,512,267167,521.810547
392,512,279250,545.410156
393,512,289125,564.697266
394,512,342167,668.294922
395,512,298167,582.357422
396,512,303083,591.958984
397,512,259875,507.568359
398,512,311958,609.292969
399,512,256208,500.406250
400,512,302500,590.820312
401,512,273000,533.203125
402,512,245917,480.306641
403,512,226542,442.464844
404,512,264791,517.169922
405,512,268125,523.681641
406,512,265667,518.880859
407,512,240541,469.806641
408,512,242667,473.958984
409,512,249125,486.572266
410,512,268000,523.437500
411,512,250583,489.419922
412,512,240750,470.214844
413,512,225041,439.533203
414,512,209125,408.447266
415,512,243708,475.992188
416,512,218750,427.246094
417,512,246834,482.097656
418,512,216208,422.281250
419,512,214583,419.107422
420,512,213292,416.585938
421,512,209041,408.283203
422,512,228292,445.882812
423,512,206459,403.240234
424,512,209750,409.667969
425,512,344250,672.363281
426,512,392042,765.707031
427,512,398750,778.808594
428,512,385334,752.605469
429,512,423417,826.986328
430,512,368708,720.132812
431,512,376875,736.083984
432,512,364125,711.181641
433,512,333792,651.937500
434,512,330875,646.240234
435,512,294000,574.218750
436,512,319000,623.046875
437,512,304541,594.806641
438,512,304750,595.214844
439,512,316459,618.083984
440,512,299125,584.228516
441,512,314375,614.013672
442,512,306583,598.794922
443,512,277333,541.666016
444,512,291583,569.498047
445,512,287917,562.337891
446,512,302375,590.576172
447,512,306291,598.224609
448,512,305833,597.330078
449,512,321084,627.117188
450,512,323375,631.591797
451,512,322125,629.150391
452,512,293750,573.730469
453,512,295291,576.740234
454,512,285375,557.373047
455,512,286792,560.140625
456,512,275833,538.736328
457,512,280500,547.851562
458,512,277583,542.154297
459,512,263292,514.242188
460,512,278958,544.839844
461,512,255958,499.917969
462,512,264625,516.845703
463,512,266458,520.425781
464,512,278584,544.109375
465,512,270625,528.564453
466,512,261334,510.417969
467,512,280875,548.583984
468,512,257791,503.498047
469,512,254458,496.988281
470,512,257875,503.662109
471,512,272750,532.714844
472,512,239625,468.017578
473,512,247125,482.666016
474,512,265667,518.880859
475,512,236375,461.669922
476,512,275500,538.085938
477,512,264041,515.705078
478,512,242209,473.064453
479,512,249250,486.816406
480,512,252417,493.001953
481,512,262750,513.183594
482,512,252666,493.488281
483,512,233209,455.486328
484,512,246750,481.933594
485,512,255083,498.208984
486,512,245375,479.248047
487,512,245291,479.083984
488,512,282542,551.839844
489,512,283250,553.222656
490,512,262541,512.775391
491,512,375292,732.992188
492,512,320000,625.000000
493,512,336209,656.658203
494,512,301750,589.355469
495,512,310667,606.771484
496,512,265125,517.822266
497,512,269916,527.179688
498,512,274625,536.376953
499,512,287875,562.255859
500,512,270958,529.214844
501,512,252708,493.570312
502,512,272792,532.796875
503,512,260458,508.707031
504,512,258500,504.882812
505,512,252000,492.187500
506,512,252458,493.082031
507,512,256500,500.976562
508,512,280417,547.689453
509,512,246625,481.689453
510,512,232792,454.671875
511,512,244541,477.619141
512,512,230875,450.927734
513,512,222042,433.675781
514,512,249083,486.490234
515,512,262583,512.857422
516,512,260292,508.382812
517,512,260875,509.521484
518,512,257167,502.279297
519,512,264083,515.787109
520,512,256625,501.220703
521,512,288084,562.664062
522,512,256625,501.220703
523,512,269833,527.017578
524,512,278792,544.515625
525,512,278375,543.701172
526,512,291958,570.230469
527,512,279166,545.246094
528,512,338708,661.539062
529,512,363209,709.392578
530,512,310625,606.689453
531,512,265917,519.369141
532,512,290791,567.951172
533,512,285917,558.431641
534,512,291000,568.359375
535,512,251208,490.640625
536,512,289791,565.998047
537,512,265917,519.369141
538,512,265250,518.066406
539,512,253875,495.849609
540,512,276459,539.958984
541,512,248375,485.107422
542,512,249916,488.117188
543,512,248417,485.189453
544,512,258750,505.371094
545,512,254541,497.150391
546,512,303750,593.261719
547,512,299708,585.367188
548,512,285125,556.884766
549,512,296417,578.939453
550,512,288958,564.371094
551,512,268375,524.169922
552,512,270625,528.564453
553,512,277666,542.316406
554,512,257959,503.826172
555,512,270583,528.482422
556,512,261833,511.392578
557,512,235500,459.960938
558,512,258500,504.882812
559,512,235458,459.878906
560,512,247667,483.724609
561,512,249333,486.978516
562,512,237083,463.052734
563,512,240125,468.994141
564,512,238125,465.087891
565,512,240959,470.623047
566,512,238542,465.902344
567,512,247917,484.212891
568,512,236875,462.646484
569,512,226875,443.115234
570,512,247291,482.990234
571,512,221750,433.105469
572,512,239709,468.181641
573,512,226834,443.035156
574,512,228292,445.882812
575,512,242666,473.957031
576,512,197125,385.009766
577,512,227625,444.580078
578,512,245541,479.572266
579,512,198959,388.591797
580,512,229583,448.404297
581,512,262792,513.265625
582,512,255416,498.859375
583,512,243500,475.585938
584,512,262792,513.265625
585,512,230791,450.763672
586,512,244959,478.435547
587,512,244083,476.724609
588,512,233917,456.869141
589,512,246666,481.769531
590,512,236584,462.078125
591,512,224458,438.394531
592,512,242750,474.121094
593,512,228916,447.101562
594,512,227708,444.742188
595,512,204125,398.681641
596,512,207417,405.111328
597,512,233500,456.054688
598,512,221458,432.535156
599,512,221542,432.699219
600,512,220500,430.664062
601,512,205542,401.449219
602,512,220458,430.582031
603,512,225042,439.535156
604,512,204584,399.578125
605,512,211041,412.189453
606,512,222958,435.464844
607,512,208333,406.900391
608,512,236625,462.158203
609,512,203500,397.460938
610,512,202792,396.078125
611,512,210333,410.806641
612,512,222458,434.488281
613,512,201000,392.578125
614,512,195292,381.429688
615,512,218750,427.246094
616,512,218000,425.781250
617,512,216333,422.525391
618,512,236750,462.402344
619,512,261167,510.091797
620,512,257833,503.580078
621,512,225167,439.779297
622,512,236708,462.320312
623,512,245083,478.677734
624,512,245375,479.248047
625,512,258375,504.638672
626,512,246500,481.445312
627,512,235000,458.984375
628,512,254125,496.337891
629,512,239417,467.611328
630,512,218042,425.863281
631,512,237875,464.599609
632,512,254916,497.882812
633,512,226584,442.546875
634,512,232709,454.509766
635,512,264875,517.333984
636,512,234375,457.763672
637,512,240208,469.156250
638,512,245250,479.003906
639,512,225708,440.835938
640,512,228875,447.021484
641,512,225958,441.324219
642,512,213417,416.830078
643,512,214583,419.107422
644,512,219292,428.304688
645,512,223125,435.791016
646,512,199833,390.298828
647,512,204625,399.658203
648,512,229959,449.138672
649,512,208500,407.226562
650,512,202667,395.833984
651,512,238042,464.925781
652,512,245500,479.492188
653,512,237209,463.298828
654,512,245791,480.060547
655,512,260917,509.603516
656,512,234500,458.007812
657,512,264666,516.925781
658,512,222334,434.246094
659,512,243542,475.667969
660,512,230666,450.519531
661,512,234417,457.845703
662,512,246541,481.525391
663,512,239000,466.796875
664,512,214917,419.759766
665,512,228291,445.880859
666,512,231125,451.416016
667,512,209542,409.261719
668,512,230291,449.787109
669,512,239125,467.041016
670,512,224125,437.744141
671,512,246209,480.876953
672,512,243917,476.400391
673,512,234375,457.763672
674,512,224709,438.884766
675,512,223750,437.011719
676,512,215875,421.630859
677,512,235541,460.041016
678,512,234000,457.031250
679,512,222292,434.164062
680,512,223250,436.035156
681,512,239709,468.181641
682,512,231792,452.718750
683,512,249667,487.630859
684,512,276709,540.447266
685,512,246375,481.201172
686,512,250125,488.525391
687,512,255333,498.697266
688,512,235042,459.066406
689,512,239208,467.203125
690,512,241000,470.703125
691,512,219750,429.199219
692,512,242541,473.712891
693,512,234250,457.519531
694,512,240584,469.890625
695,512,231791,452.716797
696,512,215084,420.085938
697,512,234500,458.007812
698,512,237917,464.681641
699,512,237750,464.355469
700,512,266291,520.099609
701,512,253209,494.548828
702,512,231166,451.496094
703,512,204334,399.089844
704,512,231750,452.636719
705,512,221333,432.291016
706,512,205750,401.855469
707,512,204000,398.437500
708,512,265125,517.822266
709,512,230291,449.787109
710,512,226417,442.220703
711,512,209916,409.992188
712,512,213875,417.724609
713,512,200917,392.416016
714,512,216458,422.769531
715,512,216875,423.583984
716,512,196666,384.113281
717,512,223208,435.953125
718,512,226542,442.464844
719,512,205000,400.390625
720,512,212416,414.875000
721,512,203792,398.031250
722,512,201458,393.472656
723,512,205250,400.878906
724,512,206750,403.808594
725,512,212792,415.609375
726,512,210458,411.050781
727,512,218708,427.164062
728,512,229750,448.730469
729,512,235083,459.146484
730,512,220292,430.257812
731,512,225958,441.324219
732,512,216792,423.421875
733,512,260416,508.625000
734,512,245000,478.515625
735,512,248250,484.863281
736,512,222667,434.896484
737,512,191875,374.755859
738,512,218042,425.863281
739,512,245000,478.515625
740,512,216208,422.281250
741,512,217084,423.992188
742,512,217000,423.828125
743,512,229625,448.486328
744,512,195042,380.941406
745,512,234250,457.519531
746,512,210250,410.644531
747,512,214834,419.597656
748,512,202208,394.937500
749,512,217083,423.990234
750,512,189375,369.873047
751,512,211791,413.654297
752,512,215708,421.304688
753,512,202917,396.322266
754,512,215125,420.166016
755,512,210166,410.480469
756,512,207292,404.867188
757,512,201625,393.798828
758,512,206875,404.052734
759,512,219000,427.734375
760,512,237083,463.052734
761,512,204709,399.822266
762,512,228208,445.718750
763,512,237125,463.134766
764,512,244541,477.619141
765,512,236584,462.078125
766,512,229208,447.671875
767,512,205167,400.716797
768,512,219333,428.384766
769,512,230542,450.277344
770,512,218834,427.410156
771,512,229916,449.054688
772,512,235792,460.531250
773,512,205416,401.203125
774,512,215292,420.492188
775,512,215542,420.980469
776,512,219041,427.814453
777,512,220375,430.419922
778,512,210708,411.539062
779,512,202958,396.402344
780,512,229834,448.894531
781,512,228458,446.207031
782,512,208083,406.412109
783,512,214125,418.212891
784,512,217833,425.455078
785,512,211125,412.353516
786,512,232917,454.916016
787,512,221459,432.537109
788,512,201125,392.822266
789,512,248250,484.863281
790,512,227333,444.009766
791,512,222583,434.732422
792,512,231542,452.230469
793,512,234583,458.169922
794,512,225667,440.755859
795,512,239250,467.285156
796,512,283750,554.199219
797,512,245416,479.328125
798,512,254958,497.964844
799,512,245333,479.166016
800,512,241459,471.599609
801,512,247541,483.478516
802,512,229792,448.812500
803,512,235167,459.310547
804,512,243041,474.689453
805,512,211167,412.435547
806,512,236542,461.996094
807,512,228166,445.636719
808,512,220000,429.687500
809,512,238333,465.494141
810,512,203834,398.113281
811,512,202834,396.160156
812,512,226916,443.195312
813,512,237709,464.275391
814,512,212208,414.468750
815,512,219916,429.523438
816,512,198417,387.533203
817,512,199875,390.380859
818,512,216417,422.689453
819,512,209916,409.992188
820,512,211333,412.759766
821,512,213834,417.644531
822,512,206541,403.400391
823,512,199417,389.486328
824,512,192000,375.000000
825,512,193834,378.582031
826,512,199084,388.835938
827,512,189375,369.873047
828,512,189333,369.791016
829,512,194416,379.718750
830,512,192834,376.628906
831,512,200916,392.414062
832,512,190667,372.396484
833,512,178625,348.876953
834,512,218084,425.945312
835,512,200500,391.601562
836,512,207000,404.296875
837,512,216708,423.257812
838,512,245292,479.085938
839,512,222292,434.164062
840,512,235209,459.392578
841,512,208709,407.634766
842,512,215083,420.083984
843,512,237917,464.681641
844,512,218291,426.349609
845,512,218000,425.781250
846,512,204125,398.681641
847,512,207625,405.517578
848,512,228750,446.777344
849,512,238542,465.902344
850,512,205542,401.449219
851,512,220333,430.337891
852,512,209375,408.935547
853,512,206958,404.214844
854,512,215083,420.083984
855,512,211250,412.597656
856,512,212792,415.609375
857,512,212417,414.876953
858,512,217167,424.154297
859,512,217417,424.642578
860,512,212084,414.226562
861,512,214833,419.595703
862,512,201333,393.228516
863,512,198000,386.718750
864,512,211000,412.109375
865,512,210709,411.541016
866,512,203125,396.728516
867,512,206208,402.750000
868,512,217917,425.619141
869,512,216292,422.445312
870,512,216333,422.525391
871,512,222708,434.976562
872,512,218000,425.781250
873,512,211417,412.923828
874,512,214458,418.863281
875,512,221666,432.941406
876,512,214542,419.027344
877,512,219833,429.361328
878,512,224209,437.908203
879,512,262667,513.021484
880,512,236333,461.587891
881,512,245667,479.818359
882,512,269667,526.693359
883,512,260875,509.521484
884,512,250959,490.154297
885,512,248625,485.595703
886,512,261375,510.498047
887,512,242208,473.062500
888,512,248250,484.863281
889,512,244166,476.886719
890,512,241917,472.494141
891,512,249708,487.710938
892,512,249458,487.222656
893,512,234333,457.681641
894,512,227375,444.091797
895,512,231917,452.962891
896,512,229708,448.648438
897,512,223667,436.849609
898,512,220666,430.988281
899,512,217500,424.804688
900,512,229000,447.265625
901,512,222792,435.140625
902,512,237667,464.193359
903,512,236750,462.402344
904,512,221167,431.966797
905,512,219000,427.734375
906,512,233958,456.949219
907,512,215542,420.980469
908,512,213583,417.154297
909,512,225958,441.324219
910,512,229375,447.998047
911,512,232125,453.369141
912,512,244292,477.132812
913,512,265333,518.228516
914,512,252375,492.919922
915,512,270958,529.214844
916,512,255625,499.267578
917,512,251250,490.722656
918,512,254500,497.070312
919,512,254375,496.826172
920,512,245875,480.224609
921,512,242167,472.982422
922,512,240584,469.890625
923,512,245208,478.921875
924,512,241875,472.412109
925,512,233833,456.705078
926,512,223375,436.279297
927,512,227500,444.335938
928,512,209166,408.527344
929,512,214500,418.945312
930,512,203917,398.275391
931,512,198250,387.207031
932,512,204708,399.820312
933,512,218333,426.431641
934,512,194334,379.558594
935,512,199417,389.486328
936,512,204166,398.761719
937,512,212708,415.445312
938,512,213958,417.886719
939,512,214083,418.130859
940,512,215125,420.166016
941,512,217667,425.130859
942,512,221416,432.453125
943,512,229750,448.730469
944,512,216250,422.363281
945,512,237584,464.031250
946,512,240250,469.238281
947,512,262417,512.533203
948,512,225042,439.535156
949,512,220333,430.337891
950,512,226750,442.871094
951,512,224625,438.720703
952,512,217000,423.828125
953,512,233542,456.136719
954,512,236625,462.158203
955,512,228708,446.695312
956,512,249250,486.816406
957,512,232333,453.775391
958,512,224208,437.906250
959,512,232458,454.019531
960,512,227875,445.068359
961,512,221667,432.943359
962,512,233250,455.566406
963,512,229708,448.648438
964,512,221333,432.291016
965,512,222666,434.894531
966,512,224333,438.150391
967,512,229792,448.812500
968,512,220417,430.501953
969,512,244208,476.968750
970,512,230750,450.683594
971,512,214917,419.759766
972,512,228833,446.939453
973,512,223792,437.093750
974,512,228875,447.021484
975,512,222083,433.755859
976,512,224708,438.882812
977,512,230792,450.765625
978,512,221833,433.267578
979,512,222542,434.652344
980,512,230416,450.031250
981,512,227209,443.767578
982,512,220791,431.232422
983,512,214667,419.271484
984,512,212541,415.119141
985,512,224709,438.884766
986,512,200458,391.519531
987,512,226958,443.277344
988,512,222917,435.384766
989,512,210667,411.458984
990,512,245625,479.736328
991,512,244000,476.562500
992,512,223541,436.603516
993,512,241333,471.353516
994,512,239459,467.693359
995,512,241416,471.515625
996,512,228125,445.556641
997,512,246625,481.689453
998,512,238292,465.414062
999,512,358875,700.927734
1000,512,275708,538.492188
1001,512,246625,481.689453
1002,512,234834,458.660156
1003,512,235333,459.634766
1004,512,222708,434.976562
1005,512,223000,435.546875
1006,512,211208,412.515625
1007,512,215667,421.224609
1008,512,214917,419.759766
1009,512,250000,488.281250
1010,512,249625,487.548828
1011,512,241709,472.087891
1012,512,247208,482.828125
1013,512,235000,458.984375
1014,512,257208,502.359375
1015,512,246625,481.689453
1016,512,247750,483.886719
1017,512,263084,513.835938
1018,512,252625,493.408203
1019,512,259667,507.162109
1020,512,265625,518.798828
1021,512,283875,554.443359
1022,512,279583,546.060547
1023,512,288583,563.638672
1024,512,227583,444.498047
1025,512,231625,452.392578
1026,512,238458,465.738281
1027,512,248208,484.781250
1028,512,255959,499.919922
1029,512,267334,522.136719
1030,512,274791,536.701172
1031,512,282375,551.513672
1032,512,299167,584.310547
1033,512,307875,601.318359
1034,512,316459,618.083984
1035,512,387833,757.486328
1036,512,358708,700.601562
1037,512,382416,746.906250
1038,512,294000,574.218750
1039,512,268958,525.308594
1040,512,298250,582.519531
1041,512,344709,673.259766
1042,512,408291,797.443359
1043,512,422750,825.683594
1044,512,292958,572.183594
1045,512,229959,449.138672
1046,512,264792,517.171875
1047,512,246292,481.039062
1048,512,234500,458.007812
1049,512,236709,462.322266
1050,512,247959,484.294922
1051,512,266666,520.832031
1052,512,248625,485.595703
1053,512,295750,577.636719
1054,512,385333,752.603516
1055,512,305959,597.576172
1056,512,539041,1052.814453
1057,512,548584,1071.453125
1058,512,501833,980.142578
1059,512,330458,645.425781
1060,512,354792,692.953125
1061,512,409875,800.537109
1062,512,327166,638.996094
1063,512,308208,601.968750
1064,512,309792,605.062500
1065,512,286542,559.652344
1066,512,276542,540.121094
1067,512,265666,518.878906
1068,512,235625,460.205078
1069,512,506542,989.339844
1070,512,492458,961.832031
1071,512,429916,839.679688
1072,512,392417,766.439453
1073,512,353375,690.185547
1074,512,352000,687.500000
1075,512,256584,501.140625
1076,512,252750,493.652344
1077,512,258792,505.453125
1078,512,254917,497.884766
1079,512,247958,484.292969
1080,512,252666,493.488281
1081,512,312334,610.027344
1082,512,279000,544.921875
1083,512,251458,491.128906
1084,512,274542,536.214844
1085,512,267500,522.460938
1086,512,238209,465.251953
1087,512,231042,451.253906
1088,512,245375,479.248047
1089,512,227708,444.742188
1090,512,224250,437.988281
1091,512,243708,475.992188
1092,512,223042,435.628906
1093,512,226625,442.626953
1094,512,236584,462.078125
1095,512,229708,448.648438
1096,512,236416,461.750000
1097,512,245334,479.167969
1098,512,229000,447.265625
1099,512,221709,433.025391
1100,512,224750,438.964844
1101,512,216375,422.607422
1102,512,215334,420.574219
1103,512,209791,409.748047
1104,512,208167,406.576172
1105,512,203958,398.355469
1106,512,442042,863.363281
1107,512,506375,989.013672
1108,512,452042,882.894531
1109,512,496292,969.320312
1110,512,223708,436.929688
1111,512,211542,413.167969
1112,512,208084,406.414062
1113,512,220000,429.687500
1114,512,288875,564.208984
1115,512,276959,540.935547
1116,512,233916,456.867188
1117,512,258417,504.720703
1118,512,251375,490.966797
1119,512,246250,480.957031
1120,512,253959,496.013672
1121,512,237125,463.134766
1122,512,232709,454.509766
1123,512,256042,500.082031
1124,512,204083,398.599609
1125,512,201625,393.798828
1126,512,202000,394.531250
1127,512,202875,396.240234
1128,512,197709,386.150391
1129,512,198375,387.451172
1130,512,198834,388.347656
1131,512,209875,409.912109
1132,512,204500,399.414062
1133,512,209083,408.365234
1134,512,196542,383.871094
1135,512,188875,368.896484
1136,512,217416,424.640625
1137,512,214542,419.027344
1138,512,217625,425.048828
1139,512,207709,405.681641
1140,512,206000,402.343750
1141,512,227417,444.173828
1142,512,192208,375.406250
1143,512,205416,401.203125
1144,512,201375,393.310547
1145,512,202792,396.078125
1146,512,193500,377.929688
1147,512,338250,660.644531
1148,512,553541,1081.134766
1149,512,579875,1132.568359
1150,512,466750,911.621094
1151,512,435000,849.609375
1152,512,397292,775.960938
1153,512,364083,711.099609
1154,512,367417,717.611328
1155,512,357708,698.648438
1156,512,468833,915.689453
1157,512,491292,959.554688
1158,512,450708,880.289062
1159,512,482375,942.138672
1160,512,480041,937.580078
1161,512,454458,887.613281
1162,512,516667,1009.115234
1163,512,354041,691.486328
1164,512,326292,637.289062
1165,512,347916,679.523438
1166,512,362833,708.658203
1167,512,435917,851.400391
1168,512,421167,822.591797
1169,512,358459,700.115234
1170,512,364958,712.808594
1171,512,339000,662.109375
1172,512,334708,653.726562
1173,512,322542,629.964844
1174,512,314958,615.152344
1175,512,330750,645.996094
1176,512,325334,635.417969
1177,512,313958,613.199219
1178,512,327042,638.753906
1179,512,296500,579.101562
1180,512,330916,646.320312
1181,512,315834,616.863281
1182,512,289667,565.755859
1183,512,322875,630.615234
1184,512,322458,629.800781
1185,512,298959,583.904297
1186,512,311541,608.478516
1187,512,295208,576.578125
1188,512,305708,597.085938
1189,512,313000,611.328125
1190,512,323458,631.753906
1191,512,356125,695.556641
1192,512,364542,711.996094
1193,512,363708,710.367188
1194,512,310500,606.445312
1195,512,312084,609.539062
1196,512,323834,632.488281
1197,512,288166,562.824219
1198,512,289500,565.429688
1199,512,272875,532.958984
1200,512,289833,566.080078
1201,512,270041,527.423828
1202,512,298458,582.925781
1203,512,266709,520.916016
1204,512,284125,554.931641
1205,512,272875,532.958984
1206,512,270709,528.728516
1207,512,278625,544.189453
1208,512,290125,566.650391
1209,512,269041,525.470703
1210,512,261209,510.173828
1211,512,262375,512.451172
1212,512,256542,501.058594
1213,512,271625,530.517578
1214,512,272166,531.574219
1215,512,244542,477.621094
1216,512,262000,511.718750
1217,512,253500,495.117188
1218,512,256916,501.789062
1219,512,257625,503.173828
1220,512,301625,589.111328
1221,512,302208,590.250000
1222,512,316417,618.001953
1223,512,298750,583.496094
1224,512,257500,502.929688
1225,512,233500,456.054688
1226,512,259167,506.185547
1227,512,260000,507.812500
1228,512,249416,487.140625
1229,512,228500,446.289062
1230,512,248125,484.619141
1231,512,233875,456.787109
1232,512,241625,471.923828
1233,512,248042,484.457031
1234,512,248750,485.839844
1235,512,251750,491.699219
1236,512,226417,442.220703
1237,512,237375,463.623047
1238,512,245333,479.166016
1239,512,221125,431.884766
1240,512,252291,492.755859
1241,512,283459,553.630859
1242,512,233583,456.216797
1243,512,215083,420.083984
1244,512,221250,432.128906
1245,512,219125,427.978516
1246,512,226333,442.056641
1247,512,258292,504.476562
1248,512,225875,441.162109
1249,512,240125,468.994141
1250,512,274916,536.945312
1251,512,246042,480.550781
1252,512,224208,437.906250
1253,512,268917,525.228516
1254,512,302542,590.902344
1255,512,287542,561.605469
1256,512,301708,589.273438
1257,512,277542,542.074219
1258,512,264209,516.033203
1259,512,262583,512.857422
1260,512,260292,508.382812
1261,512,235416,459.796875
1262,512,246167,480.794922
1263,512,236708,462.320312
1264,512,235250,459.472656
1265,512,231458,452.066406
1266,512,213125,416.259766
1267,512,219292,428.304688
1268,512,251750,491.699219
1269,512,234750,458.496094
1270,512,251292,490.804688
1271,512,229750,448.730469
1272,512,225209,439.861328
1273,512,253416,494.953125
1274,512,246167,480.794922
1275,512,240750,470.214844
1276,512,235917,460.775391
1277,512,235792,460.531250
1278,512,238250,465.332031
1279,512,233334,455.730469
1280,512,226542,442.464844
1281,512,235542,460.042969
1282,512,251000,490.234375
1283,512,297958,581.949219
1284,512,260458,508.707031
1285,512,249375,487.060547
1286,512,216792,423.421875
1287,512,332166,648.761719
1288,512,273042,533.285156
1289,512,277667,542.318359
1290,512,292625,571.533203
1291,512,259500,506.835938
1292,512,257375,502.685547
1293,512,239500,467.773438
1294,512,258084,504.070312
1295,512,240500,469.726562
1296,512,242834,474.285156
1297,512,242583,473.794922
1298,512,236500,461.914062
1299,512,231458,452.066406
1300,512,259834,507.488281
1301,512,231125,451.416016
1302,512,256250,500.488281
1303,512,229084,447.429688
1304,512,225541,440.509766
1305,512,226875,443.115234
1306,512,231083,451.333984
1307,512,230792,450.765625
1308,512,220708,431.070312
1309,512,215000,419.921875
1310,512,225500,440.429688
1311,512,237041,462.970703
1312,512,210709,411.541016
1313,512,223125,435.791016
1314,512,235875,460.693359
1315,512,246333,481.119141
1316,512,240417,469.564453
1317,512,277041,541.095703
1318,512,247208,482.828125
1319,512,275000,537.109375
1320,512,308875,603.271484
1321,512,368167,719.076172
1322,512,310792,607.015625
1323,512,303833,593.423828
1324,512,277417,541.830078
1325,512,270250,527.832031
1326,512,238958,466.714844
1327,512,230792,450.765625
1328,512,239458,467.691406
1329,512,248208,484.781250
1330,512,241042,470.785156
1331,512,261125,510.009766
1332,512,244708,477.945312
1333,512,245750,479.980469
1334,512,246958,482.339844
1335,512,246583,481.607422
1336,512,252625,493.408203
1337,512,254041,496.173828
1338,512,250792,489.828125
1339,512,250333,488.931641
1340,512,250125,488.525391
1341,512,247167,482.748047
1342,512,247875,484.130859
1343,512,251125,490.478516
1344,512,254167,496.419922
1345,512,263833,515.298828
1346,512,287458,561.441406
1347,512,279709,546.306641
1348,512,300709,587.322266
1349,512,283417,553.548828
1350,512,282333,551.431641
1351,512,281500,549.804688
1352,512,354542,692.464844
1353,512,333291,650.958984
1354,512,363959,710.857422
1355,512,343167,670.248047
1356,512,291208,568.765625
1357,512,266542,520.589844
1358,512,258542,504.964844
1359,512,258541,504.962891
1360,512,246750,481.933594
1361,512,238959,466.716797
1362,512,246875,482.177734
1363,512,225208,439.859375
1364,512,244833,478.189453
1365,512,237083,463.052734
1366,512,237333,463.541016
1367,512,239042,466.878906
1368,512,236250,461.425781
1369,512,231500,452.148438
1370,512,236541,461.994141
1371,512,234167,457.357422
1372,512,233750,456.542969
1373,512,251167,490.560547
1374,512,239833,468.423828
1375,512,227292,443.929688
1376,512,257208,502.359375
1377,512,259333,506.509766
1378,512,274917,536.947266
1379,512,266625,520.751953
1380,512,248792,485.921875
1381,512,287958,562.417969
1382,512,260792,509.359375
1383,512,255000,498.046875
1384,512,320416,625.812500
1385,512,313500,612.304688
1386,512,308750,603.027344
1387,512,286750,560.058594
1388,512,266334,520.183594
1389,512,246791,482.013672
1390,512,244250,477.050781
1391,512,247000,482.421875
1392,512,275917,538.900391
1393,512,271041,529.376953
1394,512,243792,476.156250
1395,512,257083,502.115234
1396,512,251542,491.292969
1397,512,224833,439.126953
1398,512,235542,460.042969
1399,512,242709,474.041016
1400,512,241625,471.923828
1401,512,245041,478.595703
1402,512,241375,471.435547
1403,512,217417,424.642578
1404,512,224750,438.964844
1405,512,232958,454.996094
1406,512,238083,465.005859
1407,512,243459,475.505859
1408,512,227625,444.580078
1409,512,246250,480.957031
1410,512,243125,474.853516
1411,512,268500,524.414062
1412,512,250584,489.421875
1413,512,246666,481.769531
1414,512,222875,435.302734
1415,512,250375,489.013672
1416,512,267959,523.357422
1417,512,297209,580.486328
1418,512,294250,574.707031
1419,512,255000,498.046875
1420,512,291666,569.660156
1421,512,234375,457.763672
1422,512,219833,429.361328
1423,512,227542,444.417969
1424,512,233458,455.972656
1425,512,226458,442.300781
1426,512,236209,461.345703
1427,512,215000,419.921875
1428,512,212041,414.142578
1429,512,216792,423.421875
1430,512,213166,416.339844
1431,512,210917,411.947266
1432,512,240000,468.750000
1433,512,215375,420.654297
1434,512,207458,405.191406
1435,512,202667,395.833984
1436,512,206417,403.158203
1437,512,225916,441.242188
1438,512,238334,465.496094
1439,512,228833,446.939453
1440,512,228542,446.371094
1441,512,216208,422.281250
1442,512,210625,411.376953
1443,512,225958,441.324219
1444,512,238792,466.390625
1445,512,220208,430.093750
1446,512,223750,437.011719
1447,512,256416,500.812500
1448,512,246250,480.957031
1449,512,258375,504.638672
1450,512,248958,486.246094
1451,512,229208,447.671875
1452,512,330750,645.996094
1453,512,338125,660.400391
1454,512,298083,582.193359
1455,512,273084,533.367188
1456,512,254291,496.662109
1457,512,233750,456.542969
1458,512,402125,785.400391
1459,512,431000,841.796875
1460,512,418667,817.708984
1461,512,445000,869.140625
1462,512,397709,776.775391
1463,512,498042,972.738281
1464,512,255167,498.373047
1465,512,244333,477.212891
1466,512,231333,451.822266
1467,512,228084,445.476562
1468,512,237500,463.867188
1469,512,234250,457.519531
1470,512,235542,460.042969
1471,512,222167,433.919922
1472,512,223375,436.279297
1473,512,236375,461.669922
1474,512,221500,432.617188
1475,512,229208,447.671875
1476,512,225417,440.267578
1477,512,228875,447.021484
1478,512,233042,455.160156
1479,512,251500,491.210938
1480,512,247208,482.828125
1481,512,271917,531.087891
1482,512,280083,547.037109
1483,512,259916,507.648438
1484,512,260375,508.544922
1485,512,247375,483.154297
1486,512,247500,483.398438
1487,512,256292,500.570312
1488,512,247041,482.501953
1489,512,247542,483.480469
1490,512,241750,472.167969
1491,512,253417,494.955078
1492,512,250792,489.828125
1493,512,250125,488.525391
1494,512,275041,537.189453
1495,512,540500,1055.664062
1496,512,532541,1040.119141
1497,512,425667,831.380859
1498,512,375333,733.072266
1499,512,370000,722.656250
1500,512,378625,739.501953
1501,512,354500,692.382812
1502,512,389375,760.498047
1503,512,379250,740.722656
1504,512,358791,700.763672
1505,512,356625,696.533203
1506,512,336500,657.226562
1507,512,432875,845.458984
1508,512,464458,907.144531
1509,512,405250,791.503906
1510,512,369166,721.027344
1511,512,226500,442.382812
1512,512,255042,498.128906
1513,512,212000,414.062500
1514,512,219333,428.384766
1515,512,211083,412.271484
1516,512,215542,420.980469
1517,512,197958,386.636719
1518,512,199958,390.542969
1519,512,209583,409.341797
1520,512,222375,434.326172
1521,512,237125,463.134766
1522,512,212709,415.447266
1523,512,223417,436.361328
1524,512,232625,454.345703
1525,512,217541,424.884766
1526,512,231292,451.742188
1527,512,610333,1192.056641
1528,512,477125,931.884766
1529,512,427000,833.984375
1530,512,442000,863.281250
1531,512,385000,751.953125
1532,512,391500,764.648438
1533,512,374292,731.039062
1534,512,466792,911.703125
1535,512,394500,770.507812
1536,512,245708,479.898438
1537,512,215375,420.654297
1538,512,212250,414.550781
1539,512,222584,434.734375
1540,512,342917,669.759766
1541,512,240875,470.458984
1542,512,263917,515.462891
1543,512,277959,542.888672
1544,512,300125,586.181641
1545,512,248459,485.271484
1546,512,197459,385.662109
1547,512,190084,371.257812
1548,512,192416,375.812500
1549,512,185209,361.736328
1550,512,182583,356.607422
1551,512,194750,380.371094
1552,512,189708,370.523438
1553,512,191917,374.837891
1554,512,185125,361.572266
1555,512,183708,358.804688
1556,512,187083,365.396484
1557,512,190292,371.664062
1558,512,177541,346.759766
1559,512,179000,349.609375
1560,512,188500,368.164062
1561,512,184334,360.027344
1562,512,192708,376.382812
1563,512,192333,375.650391
1564,512,357416,698.078125
1565,512,453417,885.580078
1566,512,438667,856.771484
1567,512,433666,847.003906
1568,512,491292,959.554688
1569,512,423833,827.798828
1570,512,348458,680.582031
1571,512,320500,625.976562
1572,512,330375,645.263672
1573,512,314125,613.525391
1574,512,318417,621.908203
1575,512,317083,619.302734
1576,512,324583,633.951172
1577,512,325834,636.394531
1578,512,317875,620.849609
1579,512,311083,607.583984
1580,512,318417,621.908203
1581,512,322708,630.289062
1582,512,281917,550.619141
1583,512,286084,558.757812
1584,512,268708,524.820312
1585,512,289750,565.917969
1586,512,310375,606.201172
1587,512,303625,593.017578
1588,512,273333,533.853516
1589,512,262542,512.777344
1590,512,268750,524.902344
1591,512,269000,525.390625
1592,512,280625,548.095703
1593,512,270459,528.240234
1594,512,344416,672.687500
1595,512,314084,613.445312
1596,512,308000,601.562500
1597,512,339000,662.109375
1598,512,292500,571.289062
1599,512,285666,557.941406
1600,512,276292,539.632812
1601,512,273916,534.992188
1602,512,269500,526.367188
1603,512,277416,541.828125
1604,512,270584,528.484375
1605,512,284875,556.396484
1606,512,264125,515.869141
1607,512,270625,528.564453
1608,512,240292,469.320312
1609,512,277334,541.667969
1610,512,259416,506.671875
1611,512,261375,510.498047
1612,512,247000,482.421875
1613,512,231708,452.554688
1614,512,253209,494.548828
1615,512,234041,457.111328
1616,512,251042,490.316406
1617,512,241791,472.248047
1618,512,250542,489.339844
1619,512,254583,497.232422
1620,512,276750,540.527344
1621,512,280500,547.851562
1622,512,281417,549.642578
1623,512,254750,497.558594
1624,512,277209,541.423828
1625,512,324166,633.136719
1626,512,253375,494.873047
1627,512,302625,591.064453
1628,512,308000,601.562500
1629,512,321375,627.685547
1630,512,286584,559.734375
1631,512,288416,563.312500
1632,512,268458,524.332031
1633,512,279584,546.062500
1634,512,271083,529.458984
1635,512,242458,473.550781
1636,512,248708,485.757812
1637,512,236459,461.833984
1638,512,279833,546.548828
1639,512,260250,508.300781
1640,512,254542,497.152344
1641,512,229833,448.892578
1642,512,228792,446.859375
1643,512,250208,488.687500
1644,512,249208,486.734375
1645,512,264917,517.416016
1646,512,258291,504.474609
1647,512,243667,475.912109
1648,512,259208,506.265625
1649,512,249792,487.875000
1650,512,247625,483.642578
1651,512,255000,498.046875
1652,512,251500,491.210938
1653,512,256833,501.626953
1654,512,261334,510.417969
1655,512,262708,513.101562
1656,512,251583,491.373047
1657,512,290792,567.953125
1658,512,290708,567.789062
1659,512,281833,550.455078
1660,512,276625,540.283203
1661,512,272208,531.656250
1662,512,246292,481.039062
1663,512,254709,497.478516
1664,512,241666,472.003906
1665,512,239917,468.587891
1666,512,230625,450.439453
1667,512,222083,433.755859
1668,512,247833,484.048828
1669,512,257292,502.523438
1670,512,242791,474.201172
1671,512,235375,459.716797
1672,512,238792,466.390625
1673,512,244833,478.189453
1674,512,242417,473.470703
1675,512,216834,423.503906
1676,512,244916,478.351562
1677,512,246667,481.771484
1678,512,236750,462.402344
1679,512,240709,470.134766
1680,512,281166,549.152344
1681,512,247125,482.666016
1682,512,259500,506.835938
1683,512,269375,526.123047
1684,512,265666,518.878906
1685,512,260417,508.626953
1686,512,244042,476.644531
1687,512,249125,486.572266
1688,512,249583,487.466797
1689,512,255084,498.210938
1690,512,292333,570.962891
1691,512,269583,526.529297
1692,512,316750,618.652344
1693,512,352500,688.476562
1694,512,292958,572.183594
1695,512,279083,545.083984
1696,512,253709,495.525391
1697,512,246791,482.013672
1698,512,246542,481.527344
1699,512,248208,484.781250
1700,512,258750,505.371094
1701,512,231792,452.718750
1702,512,248209,484.783203
1703,512,257083,502.115234
1704,512,244000,476.562500
1705,512,241500,471.679688
1706,512,255792,499.593750
1707,512,246667,481.771484
1708,512,230792,450.765625
1709,512,222125,433.837891
1710,512,241958,472.574219
1711,512,247958,484.292969
1712,512,218584,426.921875
1713,512,216167,422.201172
1714,512,232541,454.181641
1715,512,225584,440.593750
1716,512,281125,549.072266
1717,512,243000,474.609375
1718,512,265459,518.474609
1719,512,285083,556.802734
1720,512,225708,440.835938
1721,512,211542,413.167969
1722,512,221416,432.453125
1723,512,207833,405.923828
1724,512,215500,420.898438
1725,512,217959,425.701172
1726,512,213250,416.503906
1727,512,209875,409.912109
1728,512,202250,395.019531
1729,512,238084,465.007812
1730,512,207541,405.353516
1731,512,219792,429.281250
1732,512,257333,502.603516
1733,512,229625,448.486328
1734,512,447209,873.455078
1735,512,413000,806.640625
1736,512,384166,750.324219
1737,512,369750,722.167969
1738,512,345125,674.072266
1739,512,346083,675.943359
1740,512,319917,624.837891
1741,512,325958,636.636719
1742,512,323334,631.511719
1743,512,313250,611.816406
1744,512,287750,562.011719
1745,512,328333,641.275391
1746,512,341458,666.910156
1747,512,366958,716.714844
1748,512,325666,636.066406
1749,512,329834,644.207031
1750,512,427833,835.611328
1751,512,404125,789.306641
1752,512,416083,812.662109
1753,512,355500,694.335938
1754,512,334917,654.134766
1755,512,363667,710.287109
1756,512,332375,649.169922
1757,512,346958,677.652344
1758,512,333333,651.041016
1759,512,330792,646.078125
1760,512,320958,626.871094
1761,512,326500,637.695312
1762,512,313000,611.328125
1763,512,322000,628.906250
1764,512,324542,633.871094
1765,512,332750,649.902344
1766,512,301541,588.947266
1767,512,259125,506.103516
1768,512,258542,504.964844
1769,512,255083,498.208984
1770,512,245917,480.306641
1771,512,301875,589.599609
1772,512,319625,624.267578
1773,512,276917,540.853516
1774,512,296666,579.425781
1775,512,303500,592.773438
1776,512,307292,600.179688
1777,512,333750,651.855469
1778,512,279333,545.572266
1779,512,286458,559.488281
1780,512,325292,635.335938
1781,512,299500,584.960938
1782,512,270500,528.320312
1783,512,271041,529.376953
1784,512,264292,516.195312
1785,512,269958,527.261719
1786,512,256208,500.406250
1787,512,254708,497.476562
1788,512,250791,489.826172
1789,512,243375,475.341797
1790,512,238000,464.843750
1791,512,269542,526.449219
1792,512,292209,570.720703
1793,512,315375,615.966797
1794,512,317916,620.929688
1795,512,348917,681.478516
1796,512,340000,664.062500
1797,512,337834,659.832031
1798,512,380000,742.187500
1799,512,342959,669.841797
1800,512,294084,574.382812
1801,512,294250,574.707031
1802,512,319250,623.535156
1803,512,299834,585.613281
1804,512,319084,623.210938
1805,512,387625,757.080078
1806,512,238917,466.634766
1807,512,225250,439.941406
1808,512,215333,420.572266
1809,512,211542,413.167969
1810,512,207584,405.437500
1811,512,356625,696.533203
1812,512,407500,795.898438
1813,512,356459,696.208984
1814,512,352958,689.371094
1815,512,337458,659.097656
1816,512,339584,663.250000
1817,512,311750,608.886719
1818,512,284292,555.257812
1819,512,228625,446.533203
1820,512,240042,468.832031
1821,512,296625,579.345703
1822,512,218167,426.107422
1823,512,230833,450.845703
1824,512,226000,441.406250
1825,512,223167,435.873047
1826,512,214042,418.050781
1827,512,219875,429.443359
1828,512,232750,454.589844
1829,512,283875,554.443359
1830,512,277417,541.830078
1831,512,284292,555.257812
1832,512,290583,567.544922
1833,512,294292,574.789062
1834,512,374209,730.876953
1835,512,376875,736.083984
1836,512,285625,557.861328
1837,512,250583,489.419922
1838,512,234000,457.031250
1839,512,257750,503.417969
1840,512,341292,666.585938
1841,512,260417,508.626953
1842,512,255417,498.861328
1843,512,259208,506.265625
1844,512,252708,493.570312
1845,512,257792,503.500000
1846,512,294958,576.089844
1847,512,515500,1006.835938
1848,512,473292,924.398438
1849,512,437625,854.736328
1850,512,421875,823.974609
1851,512,500500,977.539062
1852,512,485417,948.080078
1853,512,363667,710.287109
1854,512,368666,720.050781
1855,512,389500,760.742188
1856,512,372375,727.294922
1857,512,358375,699.951172
1858,512,416416,813.312500
1859,512,439209,857.830078
1860,512,275375,537.841797
1861,512,289916,566.242188
1862,512,263667,514.974609
1863,512,269166,525.714844
1864,512,259250,506.347656
1865,512,276750,540.527344
1866,512,267708,522.867188
1867,512,266500,520.507812
1868,512,264791,517.169922
1869,512,238875,466.552734
1870,512,198917,388.509766
1871,512,208292,406.820312
1872,512,212958,415.933594
1873,512,213375,416.748047
1874,512,219958,429.605469
1875,512,223833,437.173828
1876,512,228208,445.718750
1877,512,223917,437.337891
1878,512,494042,964.925781
1879,512,446166,871.417969
1880,512,424833,829.751953
1881,512,378459,739.177734
1882,512,351750,687.011719
1883,512,487250,951.660156
1884,512,477750,933.105469
1885,512,469958,917.886719
1886,512,346500,676.757812
1887,512,350042,683.675781
1888,512,375125,732.666016
1889,512,337708,659.585938
1890,512,290333,567.056641
1891,512,306250,598.144531
1892,512,295083,576.333984
1893,512,280709,548.259766
1894,512,293375,572.998047
1895,512,289500,565.429688
1896,512,280166,547.199219
1897,512,265500,518.554688
1898,512,256500,500.976562
1899,512,263208,514.078125
1900,512,247417,483.236328
1901,512,253541,495.197266
1902,512,245000,478.515625
1903,512,255542,499.105469
1904,512,223417,436.361328
1905,512,249250,486.816406
1906,512,231709,452.556641
1907,512,230666,450.519531
1908,512,214625,419.189453
1909,512,243250,475.097656
1910,512,257375,502.685547
1911,512,216000,421.875000
1912,512,253000,494.140625
1913,512,244250,477.050781
1914,512,259042,505.941406
1915,512,252208,492.593750
1916,512,311333,608.072266
1917,512,307167,599.935547
1918,512,301041,587.970703
1919,512,262334,512.371094
1920,512,235791,460.529297
1921,512,236084,461.101562
1922,512,241084,470.867188
1923,512,231792,452.718750
1924,512,245791,480.060547
1925,512,238167,465.169922
1926,512,230917,451.009766
1927,512,255000,498.046875
1928,512,240625,469.970703
1929,512,251750,491.699219
1930,512,239625,468.017578
1931,512,225333,440.103516
1932,512,239083,466.958984
1933,512,227542,444.417969
1934,512,229041,447.345703
1935,512,228750,446.777344
1936,512,233084,455.242188
1937,512,233667,456.380859
1938,512,220541,430.744141
1939,512,214917,419.759766
1940,512,235042,459.066406
1941,512,234500,458.007812
1942,512,234666,458.332031
1943,512,248459,485.271484
1944,512,243750,476.074219
1945,512,261541,510.822266
1946,512,367667,718.099609
1947,512,239083,466.958984
1948,512,246334,481.121094
1949,512,227708,444.742188
1950,512,227750,444.824219
1951,512,256583,501.138672
1952,512,272750,532.714844
1953,512,282083,550.943359
1954,512,274792,536.703125
1955,512,254167,496.419922
1956,512,250708,489.664062
1957,512,249625,487.548828
1958,512,264250,516.113281
1959,512,248375,485.107422
1960,512,255042,498.128906
1961,512,257083,502.115234
1962,512,223458,436.441406
1963,512,248167,484.701172
1964,512,221000,431.640625
1965,512,199208,389.078125
1966,512,203459,397.380859
1967,512,201166,392.902344
1968,512,199083,388.833984
1969,512,200792,392.171875
1970,512,196417,383.626953
1971,512,202041,394.611328
1972,512,193875,378.662109
1973,512,189333,369.791016
1974,512,193750,378.417969
1975,512,200500,391.601562
1976,512,189875,370.849609
1977,512,211833,413.736328
1978,512,207625,405.517578
1979,512,231250,451.660156
1980,512,222750,435.058594
1981,512,239333,467.447266
1982,512,206833,403.970703
1983,512,211125,412.353516
1984,512,199625,389.892578
1985,512,197708,386.148438
1986,512,196333,383.462891
1987,512,203375,397.216797
1988,512,198667,388.021484
1989,512,206458,403.238281
1990,512,508792,993.734375
1991,512,475333,928.384766
1992,512,407583,796.060547
1993,512,366917,716.634766
1994,512,367166,717.121094
1995,512,355375,694.091797
1996,512,392667,766.927734
1997,512,364750,712.402344
1998,512,354750,692.871094
1999,512,336917,658.041016
2000,512,345166,674.152344
2001,512,351584,686.687500
2002,512,365708,714.273438
2003,512,360000,703.125000
2004,512,355750,694.824219
2005,512,377042,736.410156
2006,512,333583,651.529297
2007,512,327167,638.998047
2008,512,337541,659.259766
2009,512,338084,660.320312
2010,512,335208,654.703125
2011,512,379375,740.966797
2012,512,381750,745.605469
2013,512,347208,678.140625
2014,512,313250,611.816406
2015,512,287209,560.955078
2016,512,304792,595.296875
2017,512,310625,606.689453
2018,512,287459,561.443359
2019,512,292000,570.312500
2020,512,260209,508.220703
2021,512,297000,580.078125
2022,512,301875,589.599609
2023,512,282625,552.001953
2024,512,297667,581.380859
2025,512,283542,553.792969
2026,512,306958,599.527344
2027,512,300375,586.669922
2028,512,296291,578.693359
2029,512,325667,636.068359
2030,512,311458,608.316406
2031,512,300792,587.484375
2032,512,286792,560.140625
2033,512,276167,539.388672
2034,512,268333,524.087891
2035,512,264542,516.683594
2036,512,268000,523.437500
2037,512,278167,543.294922
2038,512,316125,617.431641
2039,512,323041,630.939453
2040,512,352833,689.126953
2041,512,311708,608.804688
2042,512,282542,551.839844
2043,512,278541,544.025391
2044,512,281625,550.048828
2045,512,266625,520.751953
2046,512,257167,502.279297
2047,512,273458,534.097656
2048,512,247875,484.130859
2049,512,251209,490.642578
2050,512,246416,481.281250
2051,512,261500,510.742188
2052,512,270041,527.423828
2053,512,269000,525.390625
2054,512,254000,496.093750
2055,512,251542,491.292969
2056,512,254958,497.964844
2057,512,255125,498.291016
2058,512,258333,504.556641
2059,512,246667,481.771484
2060,512,236709,462.322266
2061,512,270542,528.402344
2062,512,243958,476.480469
2063,512,239458,467.691406
2064,512,261250,510.253906
2065,512,251542,491.292969
2066,512,254750,497.558594
2067,512,253041,494.220703
2068,512,269458,526.285156
2069,512,284625,555.908203
2070,512,310458,606.363281
2071,512,284334,555.339844
2072,512,312458,610.269531
2073,512,272417,532.064453
2074,512,265083,517.740234
2075,512,277583,542.154297
2076,512,251375,490.966797
2077,512,266167,519.857422
2078,512,265333,518.228516
2079,512,268375,524.169922
2080,512,249625,487.548828
2081,512,262625,512.939453
2082,512,261959,511.638672
2083,512,257541,503.009766
2084,512,230042,449.300781
2085,512,234167,457.357422
2086,512,238000,464.843750
2087,512,234458,457.925781
2088,512,238917,466.634766
2089,512,236500,461.914062
2090,512,239166,467.121094
2091,512,238084,465.007812
2092,512,247875,484.130859
2093,512,248333,485.025391
2094,512,240167,469.076172
2095,512,241500,471.679688
2096,512,246208,480.875000
2097,512,244292,477.132812
2098,512,249416,487.140625
2099,512,256167,500.326172
2100,512,261042,509.847656
2101,512,262375,512.451172
2102,512,320625,626.220703
2103,512,329833,644.205078
2104,512,314166,613.605469
2105,512,307334,600.261719
2106,512,283417,553.548828
2107,512,267458,522.378906
2108,512,297417,580.892578
2109,512,269208,525.796875
2110,512,255375,498.779297
2111,512,287834,562.175781
2112,512,279584,546.062500
2113,512,293791,573.810547
2114,512,290084,566.570312
2115,512,294209,574.626953
2116,512,289416,565.265625
2117,512,266500,520.507812
2118,512,296250,578.613281
2119,512,297667,581.380859
2120,512,295875,577.880859
2121,512,290500,567.382812
2122,512,293959,574.138672
2123,512,283542,553.792969
2124,512,253875,495.849609
2125,512,296833,579.751953
2126,512,269291,525.958984
2127,512,324125,633.056641
2128,512,352667,688.802734
2129,512,326791,638.263672
2130,512,505500,987.304688
2131,512,495375,967.529297
2132,512,535708,1046.304688
2133,512,559833,1093.423828
2134,512,573042,1119.222656
2135,512,331250,646.972656
2136,512,271291,529.865234
2137,512,274917,536.947266
2138,512,272875,532.958984
2139,512,267459,522.380859
2140,512,276625,540.283203
2141,512,254000,496.093750
2142,512,260500,508.789062
2143,512,244166,476.886719
2144,512,243167,474.935547
2145,512,255042,498.128906
2146,512,232875,454.833984
2147,512,238625,466.064453
2148,512,236375,461.669922
2149,512,247250,482.910156
2150,512,309500,604.492188
2151,512,240292,469.320312
2152,512,258125,504.150391
2153,512,266958,521.402344
2154,512,265792,519.125000
2155,512,239125,467.041016
2156,512,261292,510.335938
2157,512,389958,761.636719
2158,512,311208,607.828125
2159,512,357875,698.974609
2160,512,359750,702.636719
2161,512,352167,687.826172
2162,512,310875,607.177734
2163,512,287458,561.441406
2164,512,283583,553.873047
2165,512,286958,560.464844
2166,512,263000,513.671875
2167,512,288209,562.908203
2168,512,274583,536.294922
2169,512,268166,523.761719
2170,512,278792,544.515625
2171,512,273541,534.259766
2172,512,258750,505.371094
2173,512,246917,482.259766
2174,512,268917,525.228516
2175,512,240792,470.296875
2176,512,235458,459.878906
2177,512,244833,478.189453
2178,512,270583,528.482422
2179,512,244750,478.027344
2180,512,223667,436.849609
2181,512,263833,515.298828
2182,512,270292,527.914062
2183,512,281833,550.455078
2184,512,269750,526.855469
2185,512,271625,530.517578
2186,512,283584,553.875000
2187,512,325084,634.929688
2188,512,334167,652.669922
2189,512,373750,729.980469
2190,512,290875,568.115234
2191,512,271834,530.925781
2192,512,283625,553.955078
2193,512,282417,551.595703
2194,512,268667,524.740234
2195,512,253459,495.037109
2196,512,261333,510.416016
2197,512,241500,471.679688
2198,512,249708,487.710938
2199,512,256291,500.568359
2200,512,249209,486.736328
2201,512,240459,469.646484
2202,512,240375,469.482422
2203,512,232084,453.289062
2204,512,232333,453.775391
2205,512,237042,462.972656
2206,512,223542,436.605469
2207,512,228000,445.312500
2208,512,209916,409.992188
2209,512,230834,450.847656
2210,512,216750,423.339844
2211,512,234250,457.519531
2212,512,261333,510.416016
2213,512,236959,462.810547
2214,512,263875,515.380859
2215,512,269334,526.042969
2216,512,269041,525.470703
2217,512,272667,532.552734
2218,512,331208,646.890625
2219,512,418125,816.650391
2220,512,302625,591.064453
2221,512,238334,465.496094
2222,512,228417,446.126953
2223,512,226333,442.056641
2224,512,214792,419.515625
2225,512,211917,413.900391
2226,512,212583,415.201172
2227,512,207792,405.843750
2228,512,211041,412.189453
2229,512,229584,448.406250
2230,512,247042,482.503906
2231,512,235250,459.472656
2232,512,240125,468.994141
2233,512,254083,496.255859
2234,512,306459,598.552734
2235,512,267500,522.460938
2236,512,261875,511.474609
2237,512,279459,545.818359
2238,512,261125,510.009766
2239,512,231583,452.310547
2240,512,246083,480.630859
2241,512,236084,461.101562
2242,512,223208,435.953125
2243,512,207875,406.005859
2244,512,215375,420.654297
2245,512,198875,388.427734
2246,512,196875,384.521484
2247,512,215041,420.001953
2248,512,220000,429.687500
2249,512,222875,435.302734
2250,512,225792,441.000000
2251,512,229041,447.345703
2252,512,206500,403.320312
2253,512,206750,403.808594
2254,512,218000,425.781250
2255,512,208042,406.332031
2256,512,206291,402.912109
2257,512,213958,417.886719
2258,512,207125,404.541016
2259,512,205625,401.611328
2260,512,196208,383.218750
2261,512,255250,498.535156
2262,512,537084,1048.992188
2263,512,474666,927.082031
2264,512,376417,735.189453
2265,512,406583,794.107422
2266,512,381375,744.873047
2267,512,363042,709.066406
2268,512,361583,706.216797
2269,512,339417,662.923828
2270,512,327875,640.380859
2271,512,321500,627.929688
2272,512,350750,685.058594
2273,512,336333,656.900391
2274,512,359709,702.556641
2275,512,350875,685.302734
2276,512,342583,669.107422
2277,512,335208,654.703125
2278,512,366167,715.169922
2279,512,429042,837.972656
2280,512,377666,737.628906
2281,512,338917,661.947266
2282,512,416625,813.720703
2283,512,380875,743.896484
2284,512,342125,668.212891
2285,512,329708,643.960938
2286,512,326083,636.880859
2287,512,445541,870.197266
2288,512,416875,814.208984
2289,512,307167,599.935547
2290,512,286375,559.326172
2291,512,287334,561.199219
2292,512,294667,575.521484
2293,512,284833,556.314453
2294,512,286083,558.755859
2295,512,278375,543.701172
2296,512,288375,563.232422
2297,512,264542,516.683594
2298,512,271584,530.437500
2299,512,270041,527.423828
2300,512,271625,530.517578
2301,512,297250,580.566406
2302,512,279125,545.166016
2303,512,310458,606.363281
2304,512,298042,582.113281
2305,512,331083,646.646484
2306,512,317458,620.035156
2307,512,324500,633.789062
2308,512,333917,652.181641
2309,512,313583,612.466797
2310,512,307958,601.480469
2311,512,302292,590.414062
2312,512,285416,557.453125
2313,512,268375,524.169922
2314,512,284667,555.990234
2315,512,277250,541.503906
2316,512,278875,544.677734
2317,512,268667,524.740234
2318,512,266417,520.345703
2319,512,283625,553.955078
2320,512,259333,506.509766
2321,512,261792,511.312500
2322,512,266875,521.240234
2323,512,261833,511.392578
2324,512,248417,485.189453
2325,512,257334,502.605469
2326,512,258750,505.371094
2327,512,267334,522.136719
2328,512,259042,505.941406
2329,512,261667,511.068359
2330,512,272542,532.308594
2331,512,282916,552.570312
2332,512,282958,552.652344
2333,512,257750,503.417969
2334,512,279584,546.062500
2335,512,360041,703.205078
2336,512,313709,612.712891
2337,512,328083,640.787109
2338,512,296958,579.996094
2339,512,298792,583.578125
2340,512,279541,545.978516
2341,512,267375,522.216797
2342,512,269417,526.205078
2343,512,268291,524.005859
2344,512,249500,487.304688
2345,512,259167,506.185547
2346,512,261792,511.312500
2347,512,259625,507.080078
2348,512,266167,519.857422
2349,512,251708,491.617188
2350,512,235125,459.228516
2351,512,249209,486.736328
2352,512,227291,443.927734
2353,512,237667,464.193359
2354,512,247375,483.154297
2355,512,229250,447.753906
2356,512,222875,435.302734
2357,512,211208,412.515625
2358,512,217166,424.152344
2359,512,237625,464.111328
2360,512,240500,469.726562
2361,512,264250,516.113281
2362,512,265916,519.367188
2363,512,288959,564.373047
2364,512,246125,480.712891
2365,512,260084,507.976562
2366,512,236541,461.994141
2367,512,313042,611.410156
2368,512,273792,534.750000
2369,512,299583,585.123047
2370,512,301375,588.623047
2371,512,255625,499.267578
2372,512,254792,497.640625
2373,512,250083,488.443359
2374,512,258500,504.882812
2375,512,238375,465.576172
2376,512,238042,464.925781
2377,512,248458,485.269531
2378,512,248917,486.166016
2379,512,237667,464.193359
2380,512,253083,494.302734
2381,512,266250,520.019531
2382,512,231708,452.554688
2383,512,253458,495.035156
2384,512,220958,431.558594
2385,512,231542,452.230469
2386,512,221000,431.640625
2387,512,223375,436.279297
2388,512,218791,427.326172
2389,512,222584,434.734375
2390,512,229750,448.730469
2391,512,225542,440.511719
2392,512,229958,449.136719
2393,512,226667,442.708984
2394,512,269500,526.367188
2395,512,242666,473.957031
2396,512,239542,467.855469
2397,512,264291,516.193359
2398,512,233250,455.566406
2399,512,233792,456.625000
2400,512,230333,449.869141
2401,512,321333,627.603516
2402,512,291959,570.232422
2403,512,301500,588.867188
2404,512,268083,523.599609
2405,512,266000,519.531250
2406,512,256917,501.791016
2407,512,257917,503.744141
2408,512,239416,467.609375
2409,512,244209,476.970703
2410,512,239541,467.853516
2411,512,220208,430.093750
2412,512,236292,461.507812
2413,512,221458,432.535156
2414,512,229958,449.136719
2415,512,225292,440.023438
2416,512,223334,436.199219
2417,512,215958,421.792969
2418,512,225875,441.162109
2419,512,215625,421.142578
2420,512,221625,432.861328
2421,512,199583,389.810547
2422,512,232000,453.125000
2423,512,217834,425.457031
2424,512,197750,386.230469
2425,512,206583,403.482422
2426,512,204417,399.251953
2427,512,214458,418.863281
2428,512,230792,450.765625
2429,512,220875,431.396484
2430,512,250834,489.910156
2431,512,217000,423.828125
2432,512,288000,562.500000
2433,512,238959,466.716797
2434,512,229208,447.671875
2435,512,213625,417.236328
2436,512,218958,427.652344
2437,512,238084,465.007812
2438,512,235875,460.693359
2439,512,242125,472.900391
2440,512,233542,456.136719
2441,512,226750,442.871094
2442,512,223916,437.335938
2443,512,216000,421.875000
2444,512,233500,456.054688
2445,512,215292,420.492188
2446,512,222958,435.464844
2447,512,226291,441.974609
2448,512,217792,425.375000
2449,512,234083,457.193359
2450,512,227375,444.091797
2451,512,221584,432.781250
2452,512,230209,449.626953
2453,512,221584,432.781250
2454,512,224541,438.556641
2455,512,213167,416.341797
2456,512,216791,423.419922
2457,512,213792,417.562500
2458,512,233291,455.646484
2459,512,216833,423.501953
2460,512,213709,417.400391
2461,512,203708,397.867188
2462,512,203167,396.810547
2463,512,232333,453.775391
2464,512,220250,430.175781
2465,512,229083,447.427734
2466,512,218000,425.781250
2467,512,235209,459.392578
2468,512,249084,486.492188
2469,512,248500,485.351562
2470,512,239292,467.367188
2471,512,245583,479.654297
2472,512,233667,456.380859
2473,512,232625,454.345703
2474,512,229166,447.589844
2475,512,214625,419.189453
2476,512,216209,422.283203
2477,512,222791,435.138672
2478,512,226792,442.953125
2479,512,218083,425.943359
2480,512,221875,433.349609
2481,512,239333,467.447266
2482,512,221500,432.617188
2483,512,232292,453.695312
2484,512,234791,458.576172
2485,512,226209,441.814453
2486,512,210500,411.132812
2487,512,214042,418.050781
2488,512,224083,437.662109
2489,512,217042,423.910156
2490,512,228250,445.800781
2491,512,232166,453.449219
2492,512,214625,419.189453
2493,512,222083,433.755859
2494,512,205334,401.042969
2495,512,209875,409.912109
2496,512,215917,421.712891
2497,512,222667,434.896484
2498,512,215375,420.654297
2499,512,231250,451.660156
2500,512,227041,443.439453
2501,512,228375,446.044922
2502,512,223917,437.337891
2503,512,219250,428.222656
2504,512,249458,487.222656
2505,512,280959,548.748047
2506,512,276584,540.203125
2507,512,230541,450.275391
2508,512,260542,508.871094
2509,512,240875,470.458984
2510,512,251334,490.886719
2511,512,262666,513.019531
2512,512,265417,518.392578
2513,512,248208,484.781250
2514,512,240333,469.400391
2515,512,246000,480.468750
2516,512,236167,461.263672
2517,512,232334,453.777344
2518,512,231417,451.986328
2519,512,253250,494.628906
2520,512,257625,503.173828
2521,512,218375,426.513672
2522,512,231292,451.742188
2523,512,236875,462.646484
2524,512,234000,457.031250
2525,512,240625,469.970703
2526,512,238541,465.900391
2527,512,222250,434.082031
2528,512,222917,435.384766
2529,512,225666,440.753906
2530,512,238875,466.552734
2531,512,230292,449.789062
2532,512,239250,467.285156
2533,512,235083,459.146484
2534,512,233292,455.648438
2535,512,259458,506.753906
2536,512,271958,531.167969
2537,512,259125,506.103516
2538,512,276708,540.445312
2539,512,255417,498.861328
2540,512,246416,481.281250
2541,512,249792,487.875000
2542,512,269041,525.470703
2543,512,239125,467.041016
2544,512,252167,492.513672
2545,512,254292,496.664062
2546,512,236541,461.994141
2547,512,248417,485.189453
2548,512,245792,480.062500
2549,512,221750,433.105469
2550,512,239250,467.285156
2551,512,243292,475.179688
2552,512,238708,466.226562
2553,512,227333,444.009766
2554,512,236542,461.996094
2555,512,236000,460.937500
2556,512,220625,430.908203
2557,512,232667,454.427734
2558,512,231875,452.880859
2559,512,212917,415.853516
2560,512,238041,464.923828
2561,512,241083,470.865234
2562,512,222042,433.675781
2563,512,208458,407.144531
2564,512,222250,434.082031
2565,512,206208,402.750000
2566,512,218459,426.677734
2567,512,223208,435.953125
2568,512,225375,440.185547
2569,512,228250,445.800781
2570,512,218875,427.490234
2571,512,224875,439.208984
2572,512,230375,449.951172
2573,512,246917,482.259766
2574,512,249458,487.222656
2575,512,261083,509.927734
2576,512,250500,489.257812
2577,512,266584,520.671875
2578,512,258667,505.208984
2579,512,251958,492.105469
2580,512,251584,491.375000
2581,512,236542,461.996094
2582,512,249250,486.816406
2583,512,252708,493.570312
2584,512,232000,453.125000
2585,512,245834,480.144531
2586,512,229542,448.324219
2587,512,263917,515.462891
2588,512,247291,482.990234
2589,512,230750,450.683594
2590,512,213000,416.015625
2591,512,209875,409.912109
2592,512,240917,470.541016
2593,512,232542,454.183594
2594,512,241959,472.576172
2595,512,205292,400.960938
2596,512,227583,444.498047
2597,512,226208,441.812500
2598,512,205292,400.960938
2599,512,222166,433.917969
2600,512,211459,413.005859
2601,512,222042,433.675781
2602,512,225167,439.779297
2603,512,226959,443.279297
2604,512,220042,429.769531
2605,512,221417,432.455078
2606,512,225084,439.617188
2607,512,217209,424.236328
2608,512,210084,410.320312
2609,512,204708,399.820312
2610,512,231167,451.498047
2611,512,251042,490.316406
2612,512,215083,420.083984
2613,512,244917,478.353516
2614,512,203416,397.296875
2615,512,218834,427.410156
2616,512,222125,433.837891
2617,512,221542,432.699219
2618,512,245791,480.060547
2619,512,216708,423.257812
2620,512,210417,410.970703
2621,512,207458,405.191406
2622,512,210000,410.156250
2623,512,222542,434.652344
2624,512,211000,412.109375
2625,512,215500,420.898438
2626,512,214459,418.865234
2627,512,213250,416.503906
2628,512,223750,437.011719
2629,512,234334,457.683594
2630,512,240041,468.830078
2631,512,209708,409.585938
2632,512,218625,427.001953
2633,512,209792,409.750000
2634,512,217042,423.910156
2635,512,214708,419.351562
2636,512,225542,440.511719
2637,512,224917,439.291016
2638,512,215291,420.490234
2639,512,224709,438.884766
2640,512,229083,447.427734
2641,512,248167,484.701172
2642,512,247458,483.316406
2643,512,254667,497.396484
2644,512,246375,481.201172
2645,512,243083,474.771484
2646,512,248708,485.757812
2647,512,246208,480.875000
2648,512,241084,470.867188
2649,512,232375,453.857422
2650,512,220041,429.767578
2651,512,238292,465.414062
2652,512,241250,471.191406
2653,512,240083,468.912109
2654,512,237125,463.134766
2655,512,239916,468.585938
2656,512,243667,475.912109
2657,512,246291,481.037109
2658,512,234042,457.113281
2659,512,215916,421.710938
2660,512,241084,470.867188
2661,512,225458,440.347656
2662,512,241416,471.515625
2663,512,259459,506.755859
2664,512,238041,464.923828
2665,512,263292,514.242188
2666,512,253166,494.464844
2667,512,297209,580.486328
2668,512,275334,537.761719
2669,512,249833,487.955078
2670,512,247750,483.886719
2671,512,255333,498.697266
2672,512,251708,491.617188
2673,512,233583,456.216797
2674,512,255084,498.210938
2675,512,235667,460.287109
2676,512,252750,493.652344
2677,512,252166,492.511719
2678,512,252667,493.490234
2679,512,234334,457.683594
2680,512,239084,466.960938
2681,512,246750,481.933594
2682,512,243291,475.177734
2683,512,249834,487.957031
2684,512,264375,516.357422
2685,512,286417,559.408203
2686,512,250500,489.257812
2687,512,250958,490.152344
2688,512,234542,458.089844
2689,512,254959,497.966797
2690,512,250416,489.093750
2691,512,242584,473.796875
2692,512,238000,464.843750
2693,512,245583,479.654297
2694,512,232292,453.695312
2695,512,251000,490.234375
2696,512,244667,477.865234
2697,512,247416,483.234375
2698,512,223834,437.175781
2699,512,248083,484.537109
2700,512,238708,466.226562
2701,512,247625,483.642578
2702,512,234667,458.333984
2703,512,235667,460.287109
2704,512,235333,459.634766
2705,512,232875,454.833984
2706,512,239167,467.123047
2707,512,230334,449.871094
2708,512,233792,456.625000
2709,512,217833,425.455078
2710,512,195584,382.000000
2711,512,208708,407.632812
2712,512,203250,396.972656
2713,512,200875,392.333984
2714,512,224667,438.802734
2715,512,220083,429.849609
2716,512,239833,468.423828
2717,512,248084,484.539062
2718,512,248250,484.863281
2719,512,251708,491.617188
2720,512,224750,438.964844
2721,512,243125,474.853516
2722,512,222791,435.138672
2723,512,212583,415.201172
2724,512,227417,444.173828
2725,512,217708,425.210938
2726,512,208667,407.552734
2727,512,200000,390.625000
2728,512,216916,423.664062
2729,512,221917,433.431641
2730,512,236750,462.402344
2731,512,234042,457.113281
2732,512,248916,486.164062
2733,512,244792,478.109375
2734,512,207041,404.376953
2735,512,211667,413.412109
2736,512,212125,414.306641
2737,512,211334,412.761719
2738,512,188541,368.244141
2739,512,203375,397.216797
2740,512,203792,398.031250
2741,512,203041,396.564453
2742,512,194792,380.453125
2743,512,197250,385.253906
2744,512,192166,375.324219
2745,512,219250,428.222656
2746,512,194375,379.638672
2747,512,200250,391.113281
2748,512,189208,369.546875
2749,512,206000,402.343750
2750,512,197458,385.660156
2751,512,197625,385.986328
2752,512,195125,381.103516
2753,512,199625,389.892578
2754,512,193000,376.953125
2755,512,224666,438.800781
2756,512,204292,399.007812
2757,512,219459,428.630859
2758,512,227791,444.904297
2759,512,244542,477.621094
2760,512,231833,452.798828
2761,512,222375,434.326172
2762,512,223166,435.871094
2763,512,216875,423.583984
2764,512,212584,415.203125
2765,512,221250,432.128906
2766,512,214584,419.109375
2767,512,200750,392.089844
2768,512,239458,467.691406
2769,512,211625,413.330078
2770,512,211125,412.353516
2771,512,208625,407.470703
2772,512,197875,386.474609
2773,512,224125,437.744141
2774,512,199583,389.810547
2775,512,208875,407.958984
2776,512,203375,397.216797
2777,512,198500,387.695312
2778,512,204375,399.169922
2779,512,201334,393.230469
2780,512,201333,393.228516
2781,512,200125,390.869141
2782,512,208708,407.632812
2783,512,199625,389.892578
2784,512,212833,415.689453
2785,512,207625,405.517578
2786,512,210084,410.320312
2787,512,206916,404.132812
2788,512,203958,398.355469
2789,512,202959,396.404297
2790,512,207083,404.458984
2791,512,197583,385.904297
2792,512,212833,415.689453
2793,512,221709,433.025391
2794,512,229416,448.078125
2795,512,229917,449.056641
2796,512,245375,479.248047
2797,512,225416,440.265625
2798,512,241125,470.947266
2799,512,231167,451.498047
2800,512,286375,559.326172
2801,512,337125,658.447266
2802,512,255125,498.291016
2803,512,236125,461.181641
2804,512,217417,424.642578
2805,512,213375,416.748047
2806,512,212458,414.957031
2807,512,195875,382.568359
2808,512,203417,397.298828
2809,512,192791,376.544922
2810,512,183292,357.992188
2811,512,195875,382.568359
2812,512,183583,358.560547
2813,512,189375,369.873047
2814,512,189541,370.197266
2815,512,187750,366.699219
2816,512,186125,363.525391
2817,512,181250,354.003906
2818,512,185750,362.792969
2819,512,182916,357.257812
2820,512,181667,354.818359
2821,512,186541,364.337891
2822,512,184500,360.351562
2823,512,182916,357.257812
2824,512,188875,368.896484
2825,512,181291,354.083984
2826,512,179250,350.097656
2827,512,182417,356.283203
2828,512,245416,479.328125
2829,512,192917,376.791016
2830,512,187583,366.373047
2831,512,186708,364.664062
2832,512,187708,366.617188
2833,512,192959,376.873047
2834,512,190250,371.582031
2835,512,199667,389.974609
2836,512,184666,360.675781
2837,512,199959,390.544922
2838,512,198333,387.369141
2839,512,219833,429.361328
2840,512,213292,416.585938
2841,512,201708,393.960938
2842,512,208125,406.494141
2843,512,199375,389.404297
2844,512,200625,391.845703
2845,512,201958,394.449219
2846,512,203208,396.890625
2847,512,210708,411.539062
2848,512,208250,406.738281
2849,512,204916,400.226562
2850,512,435459,850.505859
2851,512,429291,838.458984
2852,512,374834,732.097656
2853,512,346125,676.025391
2854,512,344208,672.281250
2855,512,344000,671.875000
2856,512,352708,688.882812
2857,512,331750,647.949219
2858,512,336833,657.876953
2859,512,340958,665.933594
2860,512,330084,644.695312
2861,512,327209,639.080078
2862,512,345750,675.292969
2863,512,388000,757.812500
2864,512,382791,747.638672
2865,512,399917,781.087891
2866,512,368916,720.539062
2867,512,446125,871.337891
2868,512,405625,792.236328
2869,512,215500,420.898438
2870,512,206667,403.646484
2871,512,206291,402.912109
2872,512,231709,452.556641
2873,512,242125,472.900391
2874,512,244416,477.375000
2875,512,230375,449.951172
2876,512,207083,404.458984
2877,512,225458,440.347656
2878,512,221084,431.804688
2879,512,225666,440.753906
2880,512,212042,414.144531
2881,512,210167,410.482422
2882,512,215250,420.410156
2883,512,457416,893.390625
2884,512,372042,726.644531
2885,512,316041,617.267578
2886,512,321375,627.685547
2887,512,304333,594.400391
2888,512,335042,654.378906
2889,512,327167,638.998047
2890,512,318292,621.664062
2891,512,304875,595.458984
2892,512,333291,650.958984
2893,512,323167,631.185547
2894,512,378667,739.583984
2895,512,317416,619.953125
2896,512,343125,670.166016
2897,512,368166,719.074219
2898,512,364125,711.181641
2899,512,349417,682.455078
2900,512,315500,616.210938
2901,512,289708,565.835938
2902,512,291166,568.683594
2903,512,278084,543.132812
2904,512,279708,546.304688
2905,512,278333,543.619141
2906,512,265250,518.066406
2907,512,282833,552.408203
2908,512,263542,514.730469
2909,512,275500,538.085938
2910,512,267750,522.949219
2911,512,261791,511.310547
2912,512,282959,552.654297
2913,512,286334,559.246094
2914,512,314833,614.908203
2915,512,385083,752.115234
2916,512,317542,620.199219
2917,512,336708,657.632812
2918,512,330500,645.507812
2919,512,316875,618.896484
2920,512,297083,580.240234
2921,512,296125,578.369141
2922,512,300417,586.751953
2923,512,289416,565.265625
2924,512,425292,830.648438
2925,512,410250,801.269531
2926,512,557708,1089.273438
2927,512,496709,970.134766
2928,512,434416,848.468750
2929,512,320542,626.058594
2930,512,333833,652.017578
2931,512,304667,595.052734
2932,512,341334,666.667969
2933,512,310708,606.851562
2934,512,293167,572.591797
2935,512,284542,555.746094
2936,512,271917,531.087891
2937,512,272375,531.982422
2938,512,287959,562.419922
2939,512,299000,583.984375
2940,512,307250,600.097656
2941,512,314250,613.769531
2942,512,304541,594.806641
2943,512,318292,621.664062
2944,512,286292,559.164062
2945,512,299375,584.716797
2946,512,292625,571.533203
2947,512,277083,541.177734
2948,512,292084,570.476562
2949,512,357000,697.265625
2950,512,326500,637.695312
2951,512,358334,699.871094
2952,512,345208,674.234375
2953,512,314667,614.583984
2954,512,289250,564.941406
2955,512,298209,582.439453
2956,512,310458,606.363281
2957,512,296583,579.263672
2958,512,299875,585.693359
2959,512,337583,659.341797
2960,512,307584,600.750000
2961,512,292167,570.638672
2962,512,313458,612.222656
2963,512,309917,605.306641
2964,512,272833,532.876953
2965,512,306125,597.900391
2966,512,337458,659.097656
2967,512,327416,639.484375
2968,512,341208,666.421875
2969,512,336792,657.796875
2970,512,344333,672.525391
2971,512,309125,603.759766
2972,512,323459,631.755859
2973,512,295041,576.251953
2974,512,338042,660.238281
2975,512,388750,759.277344
2976,512,279416,545.734375
2977,512,356167,695.638672
2978,512,347083,677.896484
2979,512,301333,588.541016
2980,512,290875,568.115234
2981,512,281042,548.910156
2982,512,268208,523.843750
2983,512,295500,577.148438
2984,512,301333,588.541016
2985,512,286584,559.734375
2986,512,298291,582.599609
2987,512,303500,592.773438
2988,512,278500,543.945312
2989,512,315417,616.048828
2990,512,281167,549.154297
2991,512,307375,600.341797
2992,512,252083,492.349609
2993,512,231500,452.148438
2994,512,246917,482.259766
2995,512,246500,481.445312
2996,512,233625,456.298828
2997,512,239250,467.285156
2998,512,262417,512.533203
2999,512,230833,450.845703
3000,512,234917,458.822266
3001,512,251875,491.943359
3002,512,252875,493.896484
3003,512,239542,467.855469
3004,512,239125,467.041016
3005,512,296250,578.613281
3006,512,289917,566.244141
3007,512,300458,586.832031
3008,512,304708,595.132812
3009,512,275917,538.900391
3010,512,263750,515.136719
3011,512,265542,518.636719
3012,512,237000,462.890625
3013,512,247666,483.722656
3014,512,234500,458.007812
3015,512,263792,515.218750
3016,512,246083,480.630859
3017,512,232833,454.751953
3018,512,234375,457.763672
3019,512,255417,498.861328
3020,512,219083,427.896484
3021,512,235583,460.123047
3022,512,243167,474.935547
3023,512,250458,489.175781
3024,512,219458,428.628906
3025,512,251417,491.048828
3026,512,250500,489.257812
3027,512,248667,485.677734
3028,512,235125,459.228516
3029,512,247208,482.828125
3030,512,246208,480.875000
3031,512,226208,441.812500
3032,512,272458,532.144531
3033,512,283334,553.386719
3034,512,258208,504.312500
3035,512,282792,552.328125
3036,512,243375,475.341797
3037,512,288167,562.826172
3038,512,302875,591.552734
3039,512,287458,561.441406
3040,512,311167,607.748047
3041,512,287500,561.523438
3042,512,276375,539.794922
3043,512,252792,493.734375
3044,512,258375,504.638672
3045,512,256833,501.626953
3046,512,263666,514.972656
3047,512,247958,484.292969
3048,512,247250,482.910156
3049,512,252500,493.164062
3050,512,238625,466.064453
3051,512,259209,506.267578
3052,512,249875,488.037109
3053,512,263666,514.972656
3054,512,241584,471.843750
3055,512,239209,467.205078
3056,512,239916,468.585938
3057,512,245042,478.597656
3058,512,238833,466.470703
3059,512,254459,496.990234
3060,512,237333,463.541016
3061,512,239166,467.121094
3062,512,231750,452.636719
3063,512,234000,457.031250
3064,512,244666,477.863281
3065,512,242667,473.958984
3066,512,240250,469.238281
3067,512,279583,546.060547
3068,512,258584,505.046875
3069,512,245667,479.818359
3070,512,295250,576.660156
3071,512,285708,558.023438
3072,512,282542,551.839844
3073,512,312292,609.945312
3074,512,265208,517.984375
3075,512,274083,535.318359
3076,512,254250,496.582031
3077,512,270834,528.972656
3078,512,257125,502.197266
3079,512,262167,512.044922
3080,512,251041,490.314453
3081,512,247084,482.585938
3082,512,246416,481.281250
3083,512,229542,448.324219
3084,512,233500,456.054688
3085,512,229959,449.138672
3086,512,224791,439.044922
3087,512,235000,458.984375
3088,512,226458,442.300781
3089,512,230792,450.765625
3090,512,217250,424.316406
3091,512,242750,474.121094
3092,512,230041,449.298828
3093,512,235875,460.693359
3094,512,210667,411.458984
3095,512,223166,435.871094
3096,512,219292,428.304688
3097,512,260833,509.439453
3098,512,223667,436.849609
3099,512,243791,476.154297
3100,512,226917,443.197266
3101,512,240084,468.914062
3102,512,229792,448.812500
3103,512,231500,452.148438
3104,512,286250,559.082031
3105,512,257750,503.417969
3106,512,296750,579.589844
3107,512,289084,564.617188
3108,512,261667,511.068359
3109,512,271458,530.191406
3110,512,251000,490.234375
3111,512,245459,479.412109
3112,512,243833,476.236328
3113,512,247125,482.666016
3114,512,234375,457.763672
3115,512,234500,458.007812
3116,512,235666,460.285156
3117,512,246625,481.689453
3118,512,265792,519.125000
3119,512,251041,490.314453
3120,512,232833,454.751953
3121,512,236834,462.566406
3122,512,235250,459.472656
3123,512,252375,492.919922
3124,512,217375,424.560547
3125,512,230459,450.115234
3126,512,233833,456.705078
3127,512,229875,448.974609
3128,512,216375,422.607422
3129,512,236000,460.937500
3130,512,227458,444.253906
3131,512,234709,458.416016
3132,512,253916,495.929688
3133,512,221292,432.210938
3134,512,279750,546.386719
3135,512,257250,502.441406
3136,512,278542,544.027344
3137,512,308250,602.050781
3138,512,312208,609.781250
3139,512,333750,651.855469
3140,512,334583,653.482422
3141,512,277500,541.992188
3142,512,266583,520.669922
3143,512,254875,497.802734
3144,512,265333,518.228516
3145,512,257542,503.011719
3146,512,253083,494.302734
3147,512,248250,484.863281
3148,512,255375,498.779297
3149,512,246667,481.771484
3150,512,241375,471.435547
3151,512,247167,482.748047
3152,512,260625,509.033203
3153,512,231791,452.716797
3154,512,221000,431.640625
3155,512,236375,461.669922
3156,512,234833,458.658203
3157,512,229000,447.265625
3158,512,216791,423.419922
3159,512,227459,444.255859
3160,512,225250,439.941406
3161,512,238916,466.632812
3162,512,228500,446.289062
3163,512,256292,500.570312
3164,512,248375,485.107422
3165,512,237584,464.031250
3166,512,243791,476.154297
3167,512,242792,474.203125
3168,512,227500,444.335938
3169,512,241375,471.435547
3170,512,254375,496.826172
3171,512,253500,495.117188
3172,512,273417,534.017578
3173,512,262125,511.962891
3174,512,275000,537.109375
3175,512,283125,552.978516
3176,512,257458,502.847656
3177,512,258458,504.800781
3178,512,282750,552.246094
3179,512,265500,518.554688
3180,512,297708,581.460938
3181,512,225458,440.347656
3182,512,214250,418.457031
3183,512,208375,406.982422
3184,512,204375,399.169922
3185,512,209500,409.179688
3186,512,194666,380.207031
3187,512,198042,386.800781
3188,512,239083,466.958984
3189,512,199584,389.812500
3190,512,229083,447.427734
3191,512,216042,421.957031
3192,512,212750,415.527344
3193,512,198375,387.451172
3194,512,203583,397.623047
3195,512,197292,385.335938
3196,512,227166,443.683594
3197,512,222333,434.244141
3198,512,189042,369.222656
3199,512,184791,360.919922
3200,512,191792,374.593750
3201,512,188833,368.814453
3202,512,193750,378.417969
3203,512,204083,398.599609
3204,512,219042,427.816406
3205,512,371500,725.585938
3206,512,222916,435.382812
3207,512,229125,447.509766
3208,512,228167,445.638672
3209,512,238583,465.982422
3210,512,234500,458.007812
3211,512,247334,483.074219
3212,512,236584,462.078125
3213,512,224250,437.988281
3214,512,215750,421.386719
3215,512,199417,389.486328
3216,512,205791,401.935547
3217,512,203209,396.892578
3218,512,203291,397.052734
3219,512,240292,469.320312
3220,512,209250,408.691406
3221,512,198416,387.531250
3222,512,205250,400.878906
3223,512,218833,427.408203
3224,512,210834,411.785156
3225,512,208500,407.226562
3226,512,341500,666.992188
3227,512,343125,670.166016
3228,512,363875,710.693359
3229,512,352375,688.232422
3230,512,347042,677.816406
3231,512,448250,875.488281
3232,512,370708,724.039062
3233,512,335792,655.843750
3234,512,323625,632.080078
3235,512,339834,663.738281
3236,512,361083,705.240234
3237,512,413458,807.535156
3238,512,373542,729.574219
3239,512,376416,735.187500
3240,512,345750,675.292969
3241,512,337875,659.912109
3242,512,364542,711.996094
3243,512,286250,559.082031
3244,512,288375,563.232422
3245,512,273125,533.447266
3246,512,287500,561.523438
3247,512,289167,564.779297
3248,512,256667,501.302734
3249,512,284708,556.070312
3250,512,256958,501.871094
3251,512,256750,501.464844
3252,512,258958,505.777344
3253,512,258584,505.046875
3254,512,265667,518.880859
3255,512,268833,525.064453
3256,512,252292,492.757812
3257,512,268583,524.576172
3258,512,248667,485.677734
3259,512,247959,484.294922
3260,512,248958,486.246094
3261,512,278958,544.839844
3262,512,272208,531.656250
3263,512,261750,511.230469
3264,512,276792,540.609375
3265,512,245750,479.980469
3266,512,251125,490.478516
3267,512,244583,477.701172
3268,512,245708,479.898438
3269,512,269500,526.367188
3270,512,279584,546.062500
3271,512,245708,479.898438
3272,512,255125,498.291016
3273,512,254375,496.826172
3274,512,241833,472.330078
3275,512,250667,489.583984
3276,512,245792,480.062500
3277,512,245666,479.816406
3278,512,235125,459.228516
3279,512,250208,488.687500
3280,512,238209,465.251953
3281,512,246084,480.632812
3282,512,246250,480.957031
3283,512,235333,459.634766
3284,512,226208,441.812500
3285,512,251416,491.046875
3286,512,251584,491.375000
3287,512,241291,471.271484
3288,512,238542,465.902344
3289,512,251750,491.699219
3290,512,252834,493.816406
3291,512,243875,476.318359
3292,512,233958,456.949219
3293,512,228791,446.857422
3294,512,241875,472.412109
3295,512,251417,491.048828
3296,512,268083,523.599609
3297,512,293709,573.650391
3298,512,275875,538.818359
3299,512,246125,480.712891
3300,512,254708,497.476562
3301,512,253666,495.441406
3302,512,253208,494.546875
3303,512,260209,508.220703
3304,512,252500,493.164062
3305,512,244625,477.783203
3306,512,233667,456.380859
3307,512,251042,490.316406
3308,512,259208,506.265625
3309,512,251083,490.396484
3310,512,248250,484.863281
3311,512,235333,459.634766
3312,512,266625,520.751953
3313,512,255209,498.455078
3314,512,255541,499.103516
3315,512,238417,465.658203
3316,512,220917,431.478516
3317,512,247416,483.234375
3318,512,225875,441.162109
3319,512,261542,510.824219
3320,512,261791,511.310547
3321,512,259625,507.080078
3322,512,270250,527.832031
3323,512,304542,594.808594
3324,512,279667,546.224609
3325,512,257583,503.091797
3326,512,256375,500.732422
3327,512,307625,600.830078
3328,512,300791,587.482422
3329,512,276375,539.794922
3330,512,266125,519.775391
3331,512,275292,537.679688
3332,512,283500,553.710938
3333,512,256834,501.628906
3334,512,261791,511.310547
3335,512,256584,501.140625
3336,512,270709,528.728516
3337,512,253167,494.466797
3338,512,256542,501.058594
3339,512,255250,498.535156
3340,512,240917,470.541016
3341,512,253541,495.197266
3342,512,229958,449.136719
3343,512,237750,464.355469
3344,512,251208,490.640625
3345,512,244917,478.353516
3346,512,243875,476.318359
3347,512,237958,464.761719
3348,512,242542,473.714844
3349,512,251875,491.943359
3350,512,242625,473.876953
3351,512,254917,497.884766
3352,512,237250,463.378906
3353,512,238083,465.005859
3354,512,222791,435.138672
3355,512,219792,429.281250
3356,512,219792,429.281250
3357,512,232458,454.019531
3358,512,232000,453.125000
3359,512,232750,454.589844
3360,512,226125,441.650391
3361,512,244125,476.806641
3362,512,250625,489.501953
3363,512,263916,515.460938
3364,512,238417,465.658203
3365,512,286166,558.917969
3366,512,262292,512.289062
3367,512,281917,550.619141
3368,512,282625,552.001953
3369,512,243584,475.750000
3370,512,243167,474.935547
3371,512,258875,505.615234
3372,512,258125,504.150391
3373,512,264083,515.787109
3374,512,257042,502.035156
3375,512,250750,489.746094
3376,512,245458,479.410156
3377,512,240500,469.726562
3378,512,243334,475.261719
3379,512,279125,545.166016
3380,512,256667,501.302734
3381,512,259417,506.673828
3382,512,254583,497.232422
3383,512,255500,499.023438
3384,512,251083,490.396484
3385,512,250542,489.339844
3386,512,252041,492.267578
3387,512,257583,503.091797
3388,512,331125,646.728516
3389,512,294167,574.544922
3390,512,280583,548.013672
3391,512,304167,594.076172
3392,512,321041,627.033203
3393,512,303500,592.773438
3394,512,314750,614.746094
3395,512,289666,565.753906
3396,512,292667,571.615234
3397,512,286333,559.244141
3398,512,272000,531.250000
3399,512,279000,544.921875
3400,512,289083,564.615234
3401,512,267042,521.566406
3402,512,258750,505.371094
3403,512,247958,484.292969
3404,512,255792,499.593750
3405,512,272541,532.306641
3406,512,243125,474.853516
3407,512,268250,523.925781
3408,512,250250,488.769531
3409,512,264667,516.927734
3410,512,233041,455.158203
3411,512,248042,484.457031
3412,512,228083,445.474609
3413,512,246667,481.771484
3414,512,251875,491.943359
3415,512,244833,478.189453
3416,512,235166,459.308594
3417,512,252292,492.757812
3418,512,243166,474.933594
3419,512,257625,503.173828
3420,512,253209,494.548828
3421,512,251083,490.396484
3422,512,256167,500.326172
3423,512,237041,462.970703
3424,512,251167,490.560547
3425,512,287166,560.871094
3426,512,290292,566.976562
3427,512,256958,501.871094
3428,512,232500,454.101562
3429,512,261417,510.580078
3430,512,255708,499.429688
3431,512,254292,496.664062
3432,512,264041,515.705078
3433,512,264542,516.683594
3434,512,264542,516.683594
3435,512,258750,505.371094
3436,512,236000,460.937500
3437,512,239167,467.123047
3438,512,245916,480.304688
3439,512,279750,546.386719
3440,512,249083,486.490234
3441,512,258167,504.232422
3442,512,278500,543.945312
3443,512,260041,507.892578
3444,512,247250,482.910156
3445,512,261500,510.742188
3446,512,270916,529.132812
3447,512,271833,530.923828
3448,512,250833,489.908203
3449,512,255875,499.755859
3450,512,266167,519.857422
3451,512,241291,471.271484
3452,512,269709,526.775391
3453,512,280291,547.443359
3454,512,290459,567.302734
3455,512,272083,531.412109
3456,512,281208,549.234375
3457,512,272666,532.550781
3458,512,260542,508.871094
3459,512,266458,520.425781
3460,512,270334,527.996094
3461,512,335583,655.435547
3462,512,350166,683.917969
3463,512,267417,522.298828
3464,512,243083,474.771484
3465,512,232458,454.019531
3466,512,219792,429.281250
3467,512,218750,427.246094
3468,512,214917,419.759766
3469,512,215333,420.572266
3470,512,212209,414.470703
3471,512,210250,410.644531
3472,512,208583,407.388672
3473,512,195000,380.859375
3474,512,194625,380.126953
3475,512,206041,402.423828
3476,512,198917,388.509766
3477,512,195542,381.917969
3478,512,209041,408.283203
3479,512,325167,635.091797
3480,512,240458,469.644531
3481,512,235750,460.449219
3482,512,237917,464.681641
3483,512,247291,482.990234
3484,512,249334,486.980469
3485,512,239042,466.878906
3486,512,250500,489.257812
3487,512,254375,496.826172
3488,512,261583,510.904297
3489,512,249833,487.955078
3490,512,265375,518.310547
3491,512,254250,496.582031
3492,512,260958,509.683594
3493,512,292333,570.962891
3494,512,308125,601.806641
3495,512,362208,707.437500
3496,512,378709,739.666016
3497,512,458250,895.019531
3498,512,209917,409.994141
3499,512,205250,400.878906
3500,512,200458,391.519531
3501,512,203542,397.542969
3502,512,203083,396.646484
3503,512,455083,888.833984
3504,512,409416,799.640625
3505,512,312417,610.189453
3506,512,279792,546.468750
3507,512,357375,697.998047
3508,512,287417,561.361328
3509,512,390916,763.507812
3510,512,401458,784.097656
3511,512,383917,749.837891
3512,512,374208,730.875000
3513,512,339083,662.271484
3514,512,327542,639.730469
3515,512,319916,624.835938
3516,512,326167,637.044922
3517,512,317167,619.466797
3518,512,320750,626.464844
3519,512,325792,636.312500
3520,512,283958,554.605469
3521,512,356542,696.371094
3522,512,365041,712.970703
3523,512,356208,695.718750
3524,512,330000,644.531250
3525,512,307917,601.400391
3526,512,291958,570.230469
3527,512,307500,600.585938
3528,512,282083,550.943359
3529,512,286458,559.488281
3530,512,279667,546.224609
3531,512,272333,531.900391
3532,512,276042,539.144531
3533,512,261416,510.578125
3534,512,278167,543.294922
3535,512,260625,509.033203
3536,512,259250,506.347656
3537,512,251500,491.210938
3538,512,251458,491.128906
3539,512,253167,494.466797
3540,512,245916,480.304688
3541,512,236209,461.345703
3542,512,251625,491.455078
3543,512,253167,494.466797
3544,512,245375,479.248047
3545,512,253666,495.441406
3546,512,265875,519.287109
3547,512,266042,519.613281
3548,512,289042,564.535156
3549,512,258875,505.615234
3550,512,258167,504.232422
3551,512,309750,604.980469
3552,512,304917,595.541016
3553,512,316916,618.976562
3554,512,305250,596.191406
3555,512,218583,426.919922
3556,512,294209,574.626953
3557,512,305166,596.027344
3558,512,294084,574.382812
3559,512,202958,396.402344
3560,512,241708,472.085938
3561,512,247834,484.050781
3562,512,243833,476.236328
3563,512,211208,412.515625
3564,512,199500,389.648438
3565,512,206625,403.564453
3566,512,203000,396.484375
3567,512,205958,402.261719
3568,512,190333,371.744141
3569,512,222250,434.082031
3570,512,227500,444.335938
3571,512,218708,427.164062
3572,512,232000,453.125000
3573,512,210083,410.318359
3574,512,229625,448.486328
3575,512,231792,452.718750
3576,512,217042,423.910156
3577,512,222750,435.058594
3578,512,220459,430.583984
3579,512,198458,387.613281
3580,512,206583,403.482422
3581,512,194000,378.906250
3582,512,210208,410.562500
3583,512,215750,421.386719
3584,512,222500,434.570312
3585,512,232667,454.427734
3586,512,209750,409.667969
3587,512,191000,373.046875
3588,512,199375,389.404297
3589,512,207875,406.005859
3590,512,192750,376.464844
3591,512,197166,385.089844
3592,512,199542,389.730469
3593,512,202958,396.402344
3594,512,215333,420.572266
3595,512,219875,429.443359
3596,512,201333,393.228516
3597,512,202209,394.939453
3598,512,190083,371.255859
3599,512,198041,386.798828
3600,512,520375,1016.357422
3601,512,378250,738.769531
3602,512,394667,770.833984
3603,512,367250,717.285156
3604,512,348250,680.175781
3605,512,358000,699.218750
3606,512,339042,662.191406
3607,512,336375,656.982422
3608,512,341500,666.992188
3609,512,339167,662.435547
3610,512,326667,638.021484
3611,512,362834,708.660156
3612,512,368375,719.482422
3613,512,348709,681.072266
3614,512,341834,667.644531
3615,512,384083,750.162109
3616,512,413458,807.535156
3617,512,396292,774.007812
3618,512,358041,699.298828
3619,512,334125,652.587891
3620,512,320834,626.628906
3621,512,309000,603.515625
3622,512,329500,643.554688
3623,512,311584,608.562500
3624,512,305500,596.679688
3625,512,302667,591.146484
3626,512,305041,595.783203
3627,512,304459,594.646484
3628,512,306084,597.820312
3629,512,288083,562.662109
3630,512,275417,537.923828
3631,512,232708,454.507812
3632,512,247875,484.130859
3633,512,238250,465.332031
3634,512,224625,438.720703
3635,512,218625,427.001953
3636,512,234250,457.519531
3637,512,236250,461.425781
3638,512,257459,502.849609
3639,512,258916,505.695312
3640,512,252333,492.837891
3641,512,265625,518.798828
3642,512,256417,500.814453
3643,512,247167,482.748047
3644,512,312792,610.921875
3645,512,302250,590.332031
3646,512,316666,618.488281
3647,512,319417,623.861328
3648,512,283708,554.117188
3649,512,277041,541.095703
3650,512,280417,547.689453
3651,512,268208,523.843750
3652,512,254875,497.802734
3653,512,268709,524.822266
3654,512,256209,500.408203
3655,512,258000,503.906250
3656,512,252875,493.896484
3657,512,242875,474.365234
3658,512,247625,483.642578
3659,512,239708,468.179688
3660,512,257000,501.953125
3661,512,221042,431.722656
3662,512,232958,454.996094
3663,512,225500,440.429688
3664,512,236750,462.402344
3665,512,239333,467.447266
3666,512,246583,481.607422
3667,512,259042,505.941406
3668,512,252541,493.244141
3669,512,292084,570.476562
3670,512,260416,508.625000
3671,512,284500,555.664062
3672,512,279958,546.792969
3673,512,265708,518.960938
3674,512,254625,497.314453
3675,512,292917,572.103516
3676,512,306584,598.796875
3677,512,260916,509.601562
3678,512,269375,526.123047
3679,512,285792,558.187500
3680,512,245750,479.980469
3681,512,235709,460.369141
3682,512,226666,442.707031
3683,512,239208,467.203125
3684,512,233542,456.136719
3685,512,220041,429.767578
3686,512,221625,432.861328
3687,512,228792,446.859375
3688,512,222791,435.138672
3689,512,214292,418.539062
3690,512,227500,444.335938
3691,512,203209,396.892578
3692,512,211625,413.330078
3693,512,209125,408.447266
3694,512,209667,409.505859
3695,512,210583,411.294922
3696,512,204042,398.519531
3697,512,208125,406.494141
3698,512,203083,396.646484
3699,512,214083,418.130859
3700,512,209542,409.261719
3701,512,209541,409.259766
3702,512,214417,418.783203
3703,512,203625,397.705078
3704,512,212917,415.853516
3705,512,202459,395.427734
3706,512,200459,391.521484
3707,512,216166,422.199219
3708,512,254792,497.640625
3709,512,229417,448.080078
3710,512,231167,451.498047
3711,512,207666,405.597656
3712,512,238375,465.576172
3713,512,301459,588.787109
3714,512,272792,532.796875
3715,512,293291,572.833984
3716,512,265292,518.148438
3717,512,253083,494.302734
3718,512,237625,464.111328
3719,512,229167,447.591797
3720,512,227625,444.580078
3721,512,220709,431.072266
3722,512,218333,426.431641
3723,512,229208,447.671875
3724,512,224125,437.744141
3725,512,220834,431.316406
3726,512,226250,441.894531
3727,512,225416,440.265625
3728,512,220000,429.687500
3729,512,222750,435.058594
3730,512,220625,430.908203
3731,512,208750,407.714844
3732,512,233000,455.078125
3733,512,208875,407.958984
3734,512,213250,416.503906
3735,512,229792,448.812500
3736,512,220333,430.337891
3737,512,208166,406.574219
3738,512,214709,419.353516
3739,512,220625,430.908203
3740,512,213000,416.015625
3741,512,213042,416.097656
3742,512,236791,462.482422
3743,512,240250,469.238281
3744,512,226458,442.300781
3745,512,217667,425.130859
3746,512,235000,458.984375
3747,512,229667,448.568359
3748,512,253709,495.525391
3749,512,285583,557.779297
3750,512,272833,532.876953
3751,512,286709,559.978516
3752,512,298083,582.193359
3753,512,248083,484.537109
3754,512,239500,467.773438
3755,512,241459,471.599609
3756,512,244834,478.191406
3757,512,225708,440.835938
3758,512,236666,462.238281
3759,512,228708,446.695312
3760,512,224917,439.291016
3761,512,238667,466.146484
3762,512,249958,488.199219
3763,512,236833,462.564453
3764,512,227792,444.906250
3765,512,243583,475.748047
3766,512,227417,444.173828
3767,512,236833,462.564453
3768,512,243542,475.667969
3769,512,248292,484.945312
3770,512,237417,463.705078
3771,512,237125,463.134766
3772,512,339708,663.492188
3773,512,285500,557.617188
3774,512,278334,543.621094
3775,512,327250,639.160156
3776,512,307625,600.830078
3777,512,281459,549.724609
3778,512,283375,553.466797
3779,512,285250,557.128906
3780,512,266000,519.531250
3781,512,278250,543.457031
3782,512,258917,505.697266
3783,512,261167,510.091797
3784,512,273750,534.667969
3785,512,253334,494.792969
3786,512,256083,500.162109
3787,512,251791,491.779297
3788,512,242250,473.144531
3789,512,248833,486.001953
3790,512,241000,470.703125
3791,512,250000,488.281250
3792,512,233875,456.787109
3793,512,256958,501.871094
3794,512,265792,519.125000
3795,512,263208,514.078125
3796,512,238625,466.064453
3797,512,223916,437.335938
3798,512,216250,422.363281
3799,512,212209,414.470703
3800,512,210167,410.482422
3801,512,217083,423.990234
3802,512,211958,413.980469
3803,512,216417,422.689453
3804,512,208708,407.632812
3805,512,213208,416.421875
3806,512,215584,421.062500
3807,512,230584,450.359375
3808,512,218875,427.490234
3809,512,218792,427.328125
3810,512,221292,432.210938
3811,512,250750,489.746094
3812,512,231875,452.880859
3813,512,220167,430.013672
3814,512,222458,434.488281
3815,512,210250,410.644531
3816,512,224708,438.882812
3817,512,227500,444.335938
3818,512,240333,469.400391
3819,512,222042,433.675781
3820,512,231833,452.798828
3821,512,230792,450.765625
3822,512,226417,442.220703
3823,512,219125,427.978516
3824,512,222458,434.488281
3825,512,225334,440.105469
3826,512,216917,423.666016
3827,512,217542,424.886719
3828,512,233125,455.322266
3829,512,235042,459.066406
3830,512,233875,456.787109
3831,512,212834,415.691406
3832,512,217625,425.048828
3833,512,213459,416.912109
3834,512,210791,411.701172
3835,512,212417,414.876953
3836,512,224250,437.988281
3837,512,229167,447.591797
3838,512,226875,443.115234
3839,512,221625,432.861328
3840,512,219500,428.710938
3841,512,214542,419.027344
3842,512,222417,434.408203
3843,512,238334,465.496094
3844,512,238334,465.496094
3845,512,226416,442.218750
3846,512,225875,441.162109
3847,512,235625,460.205078
3848,512,244209,476.970703
3849,512,244667,477.865234
3850,512,244292,477.132812
3851,512,277584,542.156250
3852,512,262334,512.371094
3853,512,259666,507.160156
3854,512,275917,538.900391
3855,512,286708,559.976562
3856,512,353709,690.837891
3857,512,286042,558.675781
3858,512,285208,557.046875
3859,512,262125,511.962891
3860,512,251375,490.966797
3861,512,258708,505.289062
3862,512,259334,506.511719
3863,512,239459,467.693359
3864,512,276166,539.386719
3865,512,260125,508.056641
3866,512,279583,546.060547
3867,512,278125,543.212891
3868,512,274667,536.458984
3869,512,275625,538.330078
3870,512,282166,551.105469
3871,512,275125,537.353516
3872,512,280750,548.339844
3873,512,247583,483.560547
3874,512,275625,538.330078
3875,512,302916,591.632812
3876,512,288292,563.070312
3877,512,283458,553.628906
3878,512,268583,524.576172
3879,512,273750,534.667969
3880,512,284250,555.175781
3881,512,275917,538.900391
3882,512,283916,554.523438
3883,512,372667,727.865234
3884,512,314750,614.746094
3885,512,333542,651.449219
3886,512,273458,534.097656
3887,512,267208,521.890625
3888,512,248750,485.839844
3889,512,245333,479.166016
3890,512,247125,482.666016
3891,512,247875,484.130859
3892,512,245708,479.898438
3893,512,229792,448.812500
3894,512,242167,472.982422
3895,512,259250,506.347656
3896,512,248584,485.515625
3897,512,236542,461.996094
3898,512,229250,447.753906
3899,512,227916,445.148438
3900,512,231167,451.498047
3901,512,236916,462.726562
3902,512,229208,447.671875
3903,512,233917,456.869141
3904,512,237917,464.681641
3905,512,236042,461.019531
3906,512,320208,625.406250
3907,512,536458,1047.769531
3908,512,266084,519.695312
3909,512,269958,527.261719
3910,512,268125,523.681641
3911,512,276750,540.527344
3912,512,281125,549.072266
3913,512,337792,659.750000
3914,512,467041,912.189453
3915,512,300500,586.914062
3916,512,264959,517.498047
3917,512,251833,491.861328
3918,512,240833,470.376953
3919,512,248125,484.619141
3920,512,227792,444.906250
3921,512,220375,430.419922
3922,512,218000,425.781250
3923,512,218791,427.326172
3924,512,214625,419.189453
3925,512,252291,492.755859
3926,512,235584,460.125000
3927,512,243042,474.691406
3928,512,215667,421.224609
3929,512,208292,406.820312
3930,512,211333,412.759766
3931,512,205083,400.552734
3932,512,204208,398.843750
3933,512,203584,397.625000
3934,512,202708,395.914062
3935,512,208250,406.738281
3936,512,207666,405.597656
3937,512,212292,414.632812
3938,512,199958,390.542969
3939,512,203125,396.728516
3940,512,204666,399.738281
3941,512,207209,404.705078
3942,512,229417,448.080078
3943,512,230166,449.542969
3944,512,239125,467.041016
3945,512,221833,433.267578
3946,512,239792,468.343750
3947,512,225750,440.917969
3948,512,217375,424.560547
3949,512,222166,433.917969
3950,512,204833,400.064453
3951,512,215959,421.794922
3952,512,219334,428.386719
3953,512,217625,425.048828
3954,512,216750,423.339844
3955,512,222334,434.246094
3956,512,215791,421.466797
3957,512,321667,628.255859
3958,512,461292,900.960938
3959,512,388625,759.033203
3960,512,373500,729.492188
3961,512,391166,763.996094
3962,512,530917,1036.947266
3963,512,515250,1006.347656
3964,512,542416,1059.406250
3965,512,539667,1054.037109
3966,512,409500,799.804688
3967,512,346000,675.781250
3968,512,353875,691.162109
3969,512,339333,662.759766
3970,512,375500,733.398438
3971,512,359625,702.392578
3972,512,365125,713.134766
3973,512,512250,1000.488281
3974,512,465333,908.853516
3975,512,339417,662.923828
3976,512,362500,708.007812
3977,512,322042,628.988281
3978,512,306291,598.224609
3979,512,290584,567.546875
3980,512,283375,553.466797
3981,512,299375,584.716797
3982,512,292291,570.880859
3983,512,457750,894.042969
3984,512,514167,1004.232422
3985,512,380583,743.326172
3986,512,355375,694.091797
3987,512,329917,644.369141
3988,512,322667,630.208984
3989,512,322583,630.044922
3990,512,307667,600.912109
3991,512,334958,654.214844
3992,512,326792,638.265625
3993,512,339083,662.271484
3994,512,352041,687.580078
3995,512,351292,686.117188
3996,512,380875,743.896484
3997,512,401125,783.447266
3998,512,395583,772.623047
3999,512,408833,798.501953
4000,512,346083,675.943359
4001,512,331250,646.972656
4002,512,332958,650.308594
4003,512,316209,617.595703
4004,512,316875,618.896484
4005,512,317375,619.873047
4006,512,319750,624.511719
4007,512,323875,632.568359
4008,512,293458,573.160156
4009,512,290083,566.568359
4010,512,286625,559.814453
4011,512,298000,582.031250
4012,512,288500,563.476562
4013,512,293583,573.404297
4014,512,300833,587.564453
4015,512,303750,593.261719
4016,512,305666,597.003906
4017,512,306125,597.900391
4018,512,333042,650.472656
4019,512,328667,641.927734
4020,512,324541,633.869141
4021,512,352125,687.744141
4022,512,434208,848.062500
4023,512,296417,578.939453
4024,512,257208,502.359375
4025,512,250958,490.152344
4026,512,310167,605.794922
4027,512,315750,616.699219
4028,512,315666,616.535156
4029,512,310125,605.712891
4030,512,274833,536.783203
4031,512,289250,564.941406
4032,512,290167,566.732422
4033,512,274833,536.783203
4034,512,280875,548.583984
4035,512,261541,510.822266
4036,512,267959,523.357422
4037,512,278834,544.597656
4038,512,283666,554.035156
4039,512,267209,521.892578
4040,512,281291,549.396484
4041,512,279417,545.736328
4042,512,285083,556.802734
4043,512,286208,559.000000
4044,512,257250,502.441406
4045,512,273459,534.099609
4046,512,372167,726.888672
4047,512,253125,494.384766
4048,512,251041,490.314453
4049,512,252583,493.326172
4050,512,240583,469.888672
4051,512,249709,487.712891
4052,512,223500,436.523438
4053,512,200834,392.253906
4054,512,200125,390.869141
4055,512,200333,391.275391
4056,512,224167,437.826172
4057,512,217250,424.316406
4058,512,240541,469.806641
4059,512,622750,1216.308594
4060,512,420167,820.638672
4061,512,399708,780.679688
4062,512,399209,779.705078
4063,512,388542,758.871094
4064,512,380750,743.652344
4065,512,367542,717.855469
4066,512,366458,715.738281
4067,512,339000,662.109375
4068,512,386583,755.044922
4069,512,375375,733.154297
4070,512,383875,749.755859
4071,512,316959,619.060547
4072,512,294166,574.542969
4073,512,305625,596.923828
4074,512,265875,519.287109
4075,512,405292,791.585938
4076,512,720084,1406.414062
4077,512,492209,961.345703
4078,512,449750,878.417969
4079,512,382250,746.582031
4080,512,352792,689.046875
4081,512,332333,649.087891
4082,512,330458,645.425781
4083,512,334500,653.320312
4084,512,345667,675.130859
4085,512,314166,613.605469
4086,512,314292,613.851562
4087,512,353584,690.593750
4088,512,341459,666.912109
4089,512,347083,677.896484
4090,512,365208,713.296875
4091,512,350208,684.000000
4092,512,354584,692.546875
4093,512,335709,655.681641
4094,512,349333,682.291016
4095,512,325167,635.091797
4096,512,327958,640.542969
4097,512,334291,652.912109
4098,512,329209,642.986328
4099,512,393958,769.449219
4100,512,344708,673.257812
4101,512,415167,810.873047
4102,512,361791,706.623047
4103,512,325084,634.929688
4104,512,340791,665.607422
4105,512,362417,707.845703
4106,512,320708,626.382812
4107,512,339583,663.248047
4108,512,321791,628.498047
4109,512,346208,676.187500
4110,512,328375,641.357422
4111,512,325625,635.986328
4112,512,325250,635.253906
4113,512,352125,687.744141
4114,512,296417,578.939453
4115,512,280209,547.283203
4116,512,275125,537.353516
4117,512,294916,576.007812
4118,512,286458,559.488281
4119,512,293167,572.591797
4120,512,327333,639.322266
4121,512,351125,685.791016
4122,512,358125,699.462891
4123,512,334875,654.052734
4124,512,385958,753.824219
4125,512,288791,564.044922
4126,512,304708,595.132812
4127,512,268459,524.333984
4128,512,248583,485.513672
4129,512,239541,467.853516
4130,512,234792,458.578125
4131,512,240083,468.912109
4132,512,223500,436.523438
4133,512,299792,585.531250
4134,512,308125,601.806641
4135,512,270667,528.646484
4136,512,236458,461.832031
4137,512,241167,471.029297
4138,512,253875,495.849609
4139,512,237458,463.785156
4140,512,241250,471.191406
4141,512,237542,463.949219
4142,512,221875,433.349609
4143,512,240708,470.132812
4144,512,230625,450.439453
4145,512,235209,459.392578
4146,512,221166,431.964844
4147,512,230959,451.091797
4148,512,246208,480.875000
4149,512,231000,451.171875
4150,512,236708,462.320312
4151,512,229083,447.427734
4152,512,224792,439.046875
4153,512,207292,404.867188
4154,512,209458,409.097656
4155,512,252083,492.349609
4156,512,236375,461.669922
4157,512,225333,440.103516
4158,512,218375,426.513672
4159,512,213500,416.992188
4160,512,224750,438.964844
4161,512,216792,423.421875
4162,512,217417,424.642578
4163,512,214292,418.539062
4164,512,215000,419.921875
4165,512,326000,636.718750
4166,512,487375,951.904297
4167,512,426917,833.822266
4168,512,423667,827.474609
4169,512,366583,715.982422
4170,512,383333,748.697266
4171,512,365291,713.458984
4172,512,360667,704.427734
4173,512,337875,659.912109
4174,512,342500,668.945312
4175,512,308708,602.945312
4176,512,345000,673.828125
4177,512,338292,660.726562
4178,512,324083,632.974609
4179,512,343667,671.224609
4180,512,405958,792.886719
4181,512,410583,801.919922
4182,512,400000,781.250000
4183,512,500959,978.435547
4184,512,272584,532.390625
4185,512,216667,423.177734
4186,512,221458,432.535156
4187,512,220625,430.908203
4188,512,205917,402.181641
4189,512,207500,405.273438
4190,512,205042,400.472656
4191,512,208625,407.470703
4192,512,206541,403.400391
4193,512,207292,404.867188
4194,512,219709,429.119141
4195,512,224292,438.070312
4196,512,210583,411.294922
4197,512,300625,587.158203
4198,512,340875,665.771484
4199,512,312666,610.675781
4200,512,296417,578.939453
4201,512,287583,561.685547
4202,512,272458,532.144531
4203,512,269542,526.449219
4204,512,274250,535.644531
4205,512,289542,565.511719
4206,512,312667,610.677734
4207,512,335708,655.679688
4208,512,330542,645.589844
4209,512,354042,691.488281
4210,512,361917,706.869141
4211,512,352583,688.638672
4212,512,408833,798.501953
4213,512,762375,1489.013672
4214,512,417667,815.755859
4215,512,377458,737.222656
4216,512,349125,681.884766
4217,512,326583,637.857422
4218,512,311250,607.910156
4219,512,303167,592.123047
4220,512,308541,602.619141
4221,512,314583,614.419922
4222,512,312375,610.107422
4223,512,279334,545.574219
4224,512,257666,503.253906
4225,512,248375,485.107422
4226,512,250834,489.910156
4227,512,255375,498.779297
4228,512,265584,518.718750
4229,512,233334,455.730469
4230,512,230750,450.683594
4231,512,247375,483.154297
4232,512,234625,458.251953
4233,512,257166,502.277344
4234,512,274083,535.318359
4235,512,311833,609.048828
4236,512,258709,505.291016
4237,512,243791,476.154297
4238,512,261125,510.009766
4239,512,248583,485.513672
4240,512,226125,441.650391
4241,512,245417,479.330078
4242,512,241792,472.250000
4243,512,249541,487.384766
4244,512,238750,466.308594
4245,512,234333,457.681641
4246,512,228875,447.021484
4247,512,221292,432.210938
4248,512,309708,604.898438
4249,512,339334,662.761719
4250,512,252167,492.513672
4251,512,226083,441.568359
4252,512,220167,430.013672
4253,512,223417,436.361328
4254,512,224625,438.720703
4255,512,221791,433.185547
4256,512,213750,417.480469
4257,512,219042,427.816406
4258,512,220125,429.931641
4259,512,206500,403.320312
4260,512,214292,418.539062
4261,512,207791,405.841797
4262,512,207625,405.517578
4263,512,219709,429.119141
4264,512,216000,421.875000
4265,512,206584,403.484375
4266,512,211250,412.597656
4267,512,208917,408.041016
4268,512,214000,417.968750
4269,512,204459,399.333984
4270,512,205000,400.390625
4271,512,217500,424.804688
4272,512,199208,389.078125
4273,512,212875,415.771484
4274,512,210541,411.212891
4275,512,228500,446.289062
4276,512,212000,414.062500
4277,512,205667,401.693359
4278,512,229000,447.265625
4279,512,202459,395.427734
4280,512,214500,418.945312
4281,512,205291,400.958984
4282,512,215625,421.142578
4283,512,221000,431.640625
4284,512,212084,414.226562
4285,512,213625,417.236328
4286,512,213958,417.886719
4287,512,199375,389.404297
4288,512,208958,408.121094
4289,512,195208,381.265625
4290,512,202875,396.240234
4291,512,203000,396.484375
4292,512,205166,400.714844
4293,512,200292,391.195312
4294,512,199708,390.054688
4295,512,202459,395.427734
4296,512,207125,404.541016
4297,512,205041,400.470703
4298,512,198667,388.021484
4299,512,211667,413.412109
4300,512,199625,389.892578
4301,512,205417,401.205078
4302,512,205958,402.261719
4303,512,212458,414.957031
4304,512,209958,410.074219
4305,512,272792,532.796875
4306,512,220166,430.011719
4307,512,223500,436.523438
4308,512,214875,419.677734
4309,512,231042,451.253906
4310,512,218167,426.107422
4311,512,208042,406.332031
4312,512,224708,438.882812
4313,512,228458,446.207031
4314,512,220417,430.501953
4315,512,221333,432.291016
4316,512,209334,408.855469
4317,512,216167,422.201172
4318,512,217917,425.619141
4319,512,225166,439.777344
4320,512,219000,427.734375
4321,512,220542,430.746094
4322,512,217500,424.804688
4323,512,216500,422.851562
4324,512,209625,409.423828
4325,512,402375,785.888672
4326,512,438292,856.039062
4327,512,396083,773.599609
4328,512,399042,779.378906
4329,512,389292,760.335938
4330,512,411041,802.814453
4331,512,402209,785.564453
4332,512,400791,782.794922
4333,512,373000,728.515625
4334,512,426333,832.681641
4335,512,440792,860.921875
4336,512,439792,858.968750
4337,512,422375,824.951172
4338,512,390041,761.798828
4339,512,399708,780.679688
4340,512,433542,846.761719
4341,512,422708,825.601562
4342,512,394291,770.099609
4343,512,507417,991.048828
4344,512,440833,861.001953
4345,512,382875,747.802734
4346,512,369875,722.412109
4347,512,362583,708.169922
4348,512,357750,698.730469
4349,512,399084,779.460938
4350,512,421000,822.265625
4351,512,371208,725.015625
4352,512,355250,693.847656
4353,512,369583,721.841797
4354,512,375959,734.294922
4355,512,361833,706.705078
4356,512,348375,680.419922
4357,512,359000,701.171875
4358,512,372000,726.562500
4359,512,418125,816.650391
4360,512,496875,970.458984
4361,512,571791,1116.779297
4362,512,520042,1015.707031
4363,512,372500,727.539062
4364,512,381958,746.011719
4365,512,349958,683.511719
4366,512,318959,622.966797
4367,512,284209,555.095703
4368,512,290250,566.894531
4369,512,286417,559.408203
4370,512,293250,572.753906
4371,512,293750,573.730469
4372,512,268875,525.146484
4373,512,273959,535.076172
4374,512,283583,553.873047
4375,512,268291,524.005859
4376,512,270167,527.669922
4377,512,266875,521.240234
4378,512,259833,507.486328
4379,512,272833,532.876953
4380,512,254875,497.802734
4381,512,266292,520.101562
4382,512,266625,520.751953
4383,512,260291,508.380859
4384,512,287042,560.628906
4385,512,281084,548.992188
4386,512,277083,541.177734
4387,512,262375,512.451172
4388,512,256084,500.164062
4389,512,266417,520.345703
4390,512,322875,630.615234
4391,512,311958,609.292969
4392,512,304209,594.158203
4393,512,324375,633.544922
4394,512,305375,596.435547
4395,512,294750,575.683594
4396,512,277750,542.480469
4397,512,268834,525.066406
4398,512,262666,513.019531
4399,512,270167,527.669922
4400,512,262583,512.857422
4401,512,245917,480.306641
4402,512,255708,499.429688
4403,512,273542,534.261719
4404,512,249291,486.896484
4405,512,263709,515.056641
4406,512,258458,504.800781
4407,512,245833,480.142578
4408,512,246667,481.771484
4409,512,249792,487.875000
4410,512,228666,446.613281
4411,512,244167,476.888672
4412,512,234375,457.763672
4413,512,233292,455.648438
4414,512,226583,442.544922
4415,512,254167,496.419922
4416,512,258291,504.474609
4417,512,235250,459.472656
4418,512,282875,552.490234
4419,512,277292,541.585938
4420,512,255166,498.371094
4421,512,298167,582.357422
4422,512,343541,670.978516
4423,512,320708,626.382812
4424,512,314792,614.828125
4425,512,292541,571.369141
4426,512,288333,563.150391
4427,512,268667,524.740234
4428,512,271375,530.029297
4429,512,249125,486.572266
4430,512,258916,505.695312
4431,512,241042,470.785156
4432,512,254958,497.964844
4433,512,282959,552.654297
4434,512,269209,525.798828
4435,512,237958,464.761719
4436,512,241208,471.109375
4437,512,258000,503.906250
4438,512,261583,510.904297
4439,512,242792,474.203125
4440,512,256000,500.000000
4441,512,244125,476.806641
4442,512,236250,461.425781
4443,512,253166,494.464844
4444,512,242959,474.529297
4445,512,257625,503.173828
4446,512,269666,526.691406
4447,512,270875,529.052734
4448,512,267084,521.648438
4449,512,267167,521.810547
4450,512,266625,520.751953
4451,512,243375,475.341797
4452,512,263958,515.542969
4453,512,348125,679.931641
4454,512,309291,604.083984
4455,512,304000,593.750000
4456,512,306083,597.818359
4457,512,299542,585.042969
4458,512,268541,524.494141
4459,512,283542,553.792969
4460,512,297000,580.078125
4461,512,281375,549.560547
4462,512,250583,489.419922
4463,512,252542,493.246094
4464,512,275000,537.109375
4465,512,251458,491.128906
4466,512,245125,478.759766
4467,512,258250,504.394531
4468,512,241791,472.248047
4469,512,250417,489.095703
4470,512,247458,483.316406
4471,512,258167,504.232422
4472,512,255666,499.347656
4473,512,245875,480.224609
4474,512,220625,430.908203
4475,512,236917,462.728516
4476,512,229208,447.671875
4477,512,260708,509.195312
4478,512,276000,539.062500
4479,512,291875,570.068359
4480,512,264584,516.765625
4481,512,268959,525.310547
4482,512,274667,536.458984
4483,512,281917,550.619141
4484,512,298250,582.519531
4485,512,288042,562.582031
4486,512,339000,662.109375
4487,512,292291,570.880859
4488,512,284709,556.072266
4489,512,291875,570.068359
4490,512,273917,534.994141
4491,512,279333,545.572266
4492,512,264333,516.275391
4493,512,269333,526.041016
4494,512,263250,514.160156
4495,512,237959,464.763672
4496,512,253958,496.011719
4497,512,247792,483.968750
4498,512,275208,537.515625
4499,512,275208,537.515625
4500,512,247292,482.992188
4501,512,256333,500.650391
4502,512,265583,518.716797
4503,512,237000,462.890625
4504,512,256250,500.488281
4505,512,254167,496.419922
4506,512,262083,511.880859
4507,512,255292,498.617188
4508,512,244541,477.619141
4509,512,265083,517.740234
4510,512,250917,490.072266
4511,512,243542,475.667969
4512,512,305750,597.167969
4513,512,268917,525.228516
4514,512,302708,591.226562
4515,512,331333,647.134766
4516,512,305500,596.679688
4517,512,299666,585.285156
4518,512,322667,630.208984
4519,512,254958,497.964844
4520,512,304958,595.621094
4521,512,287792,562.093750
4522,512,246291,481.037109
4523,512,235959,460.857422
4524,512,240833,470.376953
4525,512,241250,471.191406
4526,512,239583,467.935547
4527,512,245583,479.654297
4528,512,269250,525.878906
4529,512,236083,461.099609
4530,512,246458,481.363281
4531,512,254083,496.255859
4532,512,259917,507.650391
4533,512,239666,468.097656
4534,512,251333,490.884766
4535,512,242917,474.447266
4536,512,236542,461.996094
4537,512,240500,469.726562
4538,512,239791,468.341797
4539,512,252667,493.490234
4540,512,305000,595.703125
4541,512,302916,591.632812
4542,512,300084,586.101562
4543,512,287833,562.173828
4544,512,286625,559.814453
4545,512,324958,634.683594
4546,512,423209,826.580078
4547,512,343750,671.386719
4548,512,327166,638.996094
4549,512,309959,605.388672
4550,512,290167,566.732422
4551,512,253083,494.302734
4552,512,265667,518.880859
4553,512,256250,500.488281
4554,512,263417,514.486328
4555,512,240042,468.832031
4556,512,266666,520.832031
4557,512,248750,485.839844
4558,512,257209,502.361328
4559,512,246333,481.119141
4560,512,253666,495.441406
4561,512,280458,547.769531
4562,512,392125,765.869141
4563,512,328750,642.089844
4564,512,270167,527.669922
4565,512,325375,635.498047
4566,512,322667,630.208984
4567,512,311708,608.804688
4568,512,304500,594.726562
4569,512,300166,586.261719
4570,512,275625,538.330078
4571,512,329917,644.369141
4572,512,313416,612.140625
4573,512,345542,674.886719
4574,512,345000,673.828125
4575,512,297500,581.054688
4576,512,319000,623.046875
4577,512,278000,542.968750
4578,512,275417,537.923828
4579,512,269375,526.123047
4580,512,272042,531.332031
4581,512,257750,503.417969
4582,512,270625,528.564453
4583,512,255542,499.105469
4584,512,258917,505.697266
4585,512,253500,495.117188
4586,512,271750,530.761719
4587,512,263792,515.218750
4588,512,280583,548.013672
4589,512,248750,485.839844
4590,512,257750,503.417969
4591,512,259416,506.671875
4592,512,272375,531.982422
4593,512,249250,486.816406
4594,512,254208,496.500000
4595,512,253375,494.873047
4596,512,256917,501.791016
4597,512,275583,538.248047
4598,512,284292,555.257812
4599,512,296166,578.449219
4600,512,263417,514.486328
4601,512,307375,600.341797
4602,512,268916,525.226562
4603,512,284750,556.152344
4604,512,344209,672.283203
4605,512,311125,607.666016
4606,512,357250,697.753906
4607,512,306250,598.144531
4608,512,292709,571.697266
4609,512,291041,568.439453
4610,512,282542,551.839844
4611,512,300042,586.019531
4612,512,269708,526.773438
4613,512,267750,522.949219
4614,512,269708,526.773438
4615,512,276958,540.933594
4616,512,256125,500.244141
4617,512,265500,518.554688
4618,512,242875,474.365234
4619,512,250750,489.746094
4620,512,281750,550.292969
4621,512,272959,533.123047
4622,512,290375,567.138672
4623,512,298084,582.195312
4624,512,286750,560.058594
4625,512,285459,557.537109
4626,512,278250,543.457031
4627,512,268750,524.902344
4628,512,288209,562.908203
4629,512,275958,538.980469
4630,512,258541,504.962891
4631,512,260042,507.894531
4632,512,300250,586.425781
4633,512,323875,632.568359
4634,512,289458,565.347656
4635,512,309084,603.679688
4636,512,278916,544.757812
4637,512,272792,532.796875
4638,512,239166,467.121094
4639,512,238542,465.902344
4640,512,261208,510.171875
4641,512,257417,502.767578
4642,512,218750,427.246094
4643,512,232875,454.833984
4644,512,252625,493.408203
4645,512,248875,486.083984
4646,512,244375,477.294922
4647,512,236500,461.914062
4648,512,247459,483.318359
4649,512,241209,471.111328
4650,512,233791,456.623047
4651,512,248208,484.781250
4652,512,248708,485.757812
4653,512,243042,474.691406
4654,512,254042,496.175781
4655,512,252291,492.755859
4656,512,262500,512.695312
4657,512,243333,475.259766
4658,512,244583,477.701172
4659,512,264917,517.416016
4660,512,263125,513.916016
4661,512,290458,567.300781
4662,512,316292,617.757812
4663,512,276292,539.632812
4664,512,266125,519.775391
4665,512,290500,567.382812
4666,512,455291,889.240234
4667,512,279625,546.142578
4668,512,252209,492.595703
4669,512,240084,468.914062
4670,512,237416,463.703125
4671,512,230583,450.357422
4672,512,224500,438.476562
4673,512,225208,439.859375
4674,512,213750,417.480469
4675,512,220167,430.013672
4676,512,216792,423.421875
4677,512,219583,428.873047
4678,512,221041,431.720703
4679,512,212375,414.794922
4680,512,205792,401.937500
4681,512,210292,410.726562
4682,512,211042,412.191406
4683,512,204333,399.087891
4684,512,205042,400.472656
4685,512,206041,402.423828
4686,512,207792,405.843750
4687,512,205917,402.181641
4688,512,202542,395.589844
4689,512,210208,410.562500
4690,512,245708,479.898438
4691,512,272625,532.470703
4692,512,220542,430.746094
4693,512,235583,460.123047
4694,512,213458,416.910156
4695,512,210708,411.539062
4696,512,219792,429.281250
4697,512,232583,454.263672
4698,512,245292,479.085938
4699,512,231458,452.066406
4700,512,222125,433.837891
4701,512,232208,453.531250
4702,512,229958,449.136719
4703,512,231042,451.253906
4704,512,232667,454.427734
4705,512,239292,467.367188
4706,512,228667,446.615234
4707,512,224833,439.126953
4708,512,228208,445.718750
4709,512,364792,712.484375
4710,512,502083,980.630859
4711,512,384959,751.873047
4712,512,385541,753.009766
4713,512,383292,748.617188
4714,512,370292,723.226562
4715,512,344250,672.363281
4716,512,334167,652.669922
4717,512,333958,652.261719
4718,512,330333,645.181641
4719,512,309791,605.060547
4720,512,306375,598.388672
4721,512,307958,601.480469
4722,512,325458,635.660156
4723,512,349875,683.349609
4724,512,319834,624.675781
4725,512,348875,681.396484
4726,512,320834,626.628906
4727,512,308875,603.271484
4728,512,389541,760.822266
4729,512,381417,744.955078
4730,512,376167,734.701172
4731,512,349834,683.269531
4732,512,330750,645.996094
4733,512,316458,618.082031
4734,512,312333,610.025391
4735,512,312542,610.433594
4736,512,442667,864.583984
4737,512,434834,849.285156
4738,512,354458,692.300781
4739,512,350541,684.650391
4740,512,260000,507.812500
4741,512,259125,506.103516
4742,512,252709,493.572266
4743,512,262500,512.695312
4744,512,238125,465.087891
4745,512,235959,460.857422
4746,512,248375,485.107422
4747,512,236458,461.832031
4748,512,260125,508.056641
4749,512,425417,830.892578
4750,512,331959,648.357422
4751,512,526334,1027.996094
4752,512,534209,1043.376953
4753,512,746042,1457.113281
4754,512,366625,716.064453
4755,512,550667,1075.521484
4756,512,557958,1089.761719
4757,512,359708,702.554688
4758,512,333250,650.878906
4759,512,320542,626.058594
4760,512,302917,591.634766
4761,512,309291,604.083984
4762,512,336042,656.332031
4763,512,317167,619.466797
4764,512,309458,604.410156
4765,512,314958,615.152344
4766,512,408459,797.771484
4767,512,327625,639.892578
4768,512,408458,797.769531
4769,512,321083,627.115234
4770,512,302958,591.714844
4771,512,297083,580.240234
4772,512,293792,573.812500
4773,512,289541,565.509766
4774,512,334209,652.751953
4775,512,317500,620.117188
4776,512,305166,596.027344
4777,512,305917,597.494141
4778,512,351250,686.035156
4779,512,339000,662.109375
4780,512,319667,624.349609
4781,512,294792,575.765625
4782,512,302750,591.308594
4783,512,293959,574.138672
4784,512,290209,566.814453
4785,512,272750,532.714844
4786,512,277625,542.236328
4787,512,287458,561.441406
4788,512,278417,543.783203
4789,512,270375,528.076172
4790,512,288416,563.312500
4791,512,284542,555.746094
4792,512,308875,603.271484
4793,512,312417,610.189453
4794,512,329291,643.146484
4795,512,332083,648.599609
4796,512,353209,689.861328
4797,512,280500,547.851562
4798,512,270709,528.728516
4799,512,257708,503.335938
4800,512,262666,513.019531
4801,512,368375,719.482422
4802,512,567792,1108.968750
4803,512,569291,1111.896484
4804,512,347542,678.792969
4805,512,311041,607.501953
4806,512,284709,556.072266
4807,512,250041,488.361328
4808,512,235167,459.310547
4809,512,237583,464.029297
4810,512,231084,451.335938
4811,512,254625,497.314453
4812,512,251416,491.046875
4813,512,235167,459.310547
4814,512,243750,476.074219
4815,512,227000,443.359375
4816,512,226667,442.708984
4817,512,222125,433.837891
4818,512,232084,453.289062
4819,512,207791,405.841797
4820,512,210958,412.027344
4821,512,215208,420.328125
4822,512,215958,421.792969
4823,512,219250,428.222656
4824,512,206042,402.425781
4825,512,213000,416.015625
4826,512,206292,402.914062
4827,512,201792,394.125000
4828,512,218834,427.410156
4829,512,237416,463.703125
4830,512,244250,477.050781
4831,512,237250,463.378906
4832,512,242750,474.121094
4833,512,221209,432.048828
4834,512,214459,418.865234
4835,512,213916,417.804688
4836,512,216375,422.607422
4837,512,215792,421.468750
4838,512,223792,437.093750
4839,512,266250,520.019531
4840,512,237625,464.111328
4841,512,592875,1157.958984
4842,512,468541,915.119141
4843,512,453000,884.765625
4844,512,405000,791.015625
4845,512,551542,1077.230469
4846,512,611417,1194.173828
4847,512,606833,1185.220703
4848,512,650875,1271.240234
4849,512,398417,778.158203
4850,512,388750,759.277344
4851,512,376708,735.757812
4852,512,411875,804.443359
4853,512,395375,772.216797
4854,512,356750,696.777344
4855,512,341875,667.724609
4856,512,391375,764.404297
4857,512,414500,809.570312
4858,512,431791,843.341797
4859,512,444250,867.675781
4860,512,412125,804.931641
4861,512,402000,785.156250
4862,512,372042,726.644531
4863,512,371125,724.853516
4864,512,357583,698.404297
4865,512,357750,698.730469
4866,512,329375,643.310547
4867,512,327708,640.054688
4868,512,334792,653.890625
4869,512,308500,602.539062
4870,512,314750,614.746094
4871,512,304708,595.132812
4872,512,297750,581.542969
4873,512,302084,590.007812
4874,512,302291,590.412109
4875,512,310209,605.876953
4876,512,305625,596.923828
4877,512,299375,584.716797
4878,512,313708,612.710938
4879,512,301083,588.052734
4880,512,312584,610.515625
4881,512,368291,719.318359
4882,512,371583,725.748047
4883,512,458000,894.531250
4884,512,353542,690.511719
4885,512,337416,659.015625
4886,512,332500,649.414062
4887,512,313000,611.328125
4888,512,310584,606.609375
4889,512,330458,645.425781
4890,512,319458,623.941406
4891,512,303750,593.261719
4892,512,295167,576.498047
4893,512,304875,595.458984
4894,512,299250,584.472656
4895,512,295208,576.578125
4896,512,292416,571.125000
4897,512,298625,583.251953
4898,512,305417,596.517578
4899,512,299917,585.775391
4900,512,327709,640.056641
4901,512,298334,582.683594
4902,512,306584,598.796875
4903,512,270916,529.132812
4904,512,291792,569.906250
4905,512,268041,523.517578
4906,512,273625,534.423828
4907,512,368208,719.156250
4908,512,314917,615.072266
4909,512,341000,666.015625
4910,512,327500,639.648438
4911,512,292291,570.880859
4912,512,287584,561.687500
4913,512,289541,565.509766
4914,512,288375,563.232422
4915,512,273625,534.423828
4916,512,262042,511.800781
4917,512,289916,566.242188
4918,512,266334,520.183594
4919,512,273917,534.994141
4920,512,253208,494.546875
4921,512,278792,544.515625
4922,512,277625,542.236328
4923,512,266459,520.427734
4924,512,268167,523.763672
4925,512,269917,527.181641
4926,512,250542,489.339844
4927,512,270208,527.750000
4928,512,230833,450.845703
4929,512,274166,535.480469
4930,512,229333,447.916016
4931,512,274834,536.785156
4932,512,270333,527.994141
4933,512,281083,548.990234
4934,512,266292,520.101562
4935,512,262166,512.042969
4936,512,275542,538.167969
4937,512,339208,662.515625
4938,512,310792,607.015625
4939,512,319583,624.185547
4940,512,324667,634.115234
4941,512,291208,568.765625
4942,512,274833,536.783203
4943,512,259333,506.509766
4944,512,259417,506.673828
4945,512,276666,540.363281
4946,512,265542,518.636719
4947,512,269292,525.960938
4948,512,262042,511.800781
4949,512,259500,506.835938
4950,512,292333,570.962891
4951,512,276500,540.039062
4952,512,268375,524.169922
4953,512,242959,474.529297
4954,512,258500,504.882812
4955,512,270584,528.484375
4956,512,259958,507.730469
4957,512,239625,468.017578
4958,512,252375,492.919922
4959,512,250334,488.933594
4960,512,260833,509.439453
4961,512,247291,482.990234
4962,512,260334,508.464844
4963,512,274792,536.703125
4964,512,280208,547.281250
4965,512,269667,526.693359
4966,512,256208,500.406250
4967,512,397000,775.390625
4968,512,306125,597.900391
4969,512,256583,501.138672
4970,512,320208,625.406250
4971,512,285500,557.617188
4972,512,286417,559.408203
4973,512,277958,542.886719
4974,512,252750,493.652344
4975,512,254291,496.662109
4976,512,263792,515.218750
4977,512,237041,462.970703
4978,512,245750,479.980469
4979,512,258083,504.068359
4980,512,251708,491.617188
4981,512,234250,457.519531
4982,512,247833,484.048828
4983,512,259875,507.568359
4984,512,245958,480.386719
4985,512,266917,521.322266
4986,512,267042,521.566406
4987,512,257708,503.335938
4988,512,249292,486.898438
4989,512,284084,554.851562
4990,512,272166,531.574219
4991,512,283250,553.222656
4992,512,295417,576.986328
4993,512,294792,575.765625
4994,512,258833,505.533203
4995,512,260125,508.056641
4996,512,271792,530.843750
4997,512,250958,490.152344
4998,512,290916,568.195312
4999,512,477084,931.804688
5000,512,367500,717.773438
5001,512,368667,720.052734
5002,512,315291,615.802734
5003,512,314709,614.666016
5004,512,298875,583.740234
5005,512,303084,591.960938
5006,512,311375,608.154297
5007,512,318916,622.882812
5008,512,290084,566.570312
5009,512,267041,521.564453
5010,512,249375,487.060547
5011,512,283708,554.117188
5012,512,262958,513.589844
5013,512,264917,517.416016
5014,512,251666,491.535156
5015,512,259292,506.429688
5016,512,272541,532.306641
5017,512,256792,501.546875
5018,512,266667,520.833984
5019,512,252541,493.244141
5020,512,257750,503.417969
5021,512,286042,558.675781
5022,512,270834,528.972656
5023,512,279583,546.060547
5024,512,322167,629.232422
5025,512,292750,571.777344
5026,512,344375,672.607422
5027,512,312542,610.433594
5028,512,303583,592.935547
5029,512,320917,626.791016
5030,512,306083,597.818359
5031,512,288292,563.070312
5032,512,258208,504.312500
5033,512,261792,511.312500
5034,512,251958,492.105469
5035,512,263792,515.218750
5036,512,245667,479.818359
5037,512,257584,503.093750
5038,512,248459,485.271484
5039,512,258834,505.535156
5040,512,234958,458.902344
5041,512,260250,508.300781
5042,512,252708,493.570312
5043,512,254042,496.175781
5044,512,241666,472.003906
5045,512,233209,455.486328
5046,512,247666,483.722656
5047,512,240583,469.888672
5048,512,310834,607.097656
5049,512,268833,525.064453
5050,512,328542,641.683594
5051,512,326375,637.451172
5052,512,287959,562.419922
5053,512,296166,578.449219
5054,512,295208,576.578125
5055,512,328250,641.113281
5056,512,366209,715.251953
5057,512,339458,663.003906
5058,512,344083,672.037109
5059,512,342959,669.841797
5060,512,315625,616.455078
5061,512,314542,614.339844
5062,512,297625,581.298828
5063,512,275708,538.492188
5064,512,268458,524.332031
5065,512,277375,541.748047
5066,512,274750,536.621094
5067,512,281583,549.966797
5068,512,270125,527.587891
5069,512,285708,558.023438
5070,512,270042,527.425781
5071,512,280625,548.095703
5072,512,272958,533.121094
5073,512,263000,513.671875
5074,512,298833,583.658203
5075,512,300500,586.914062
5076,512,271208,529.703125
5077,512,301000,587.890625
5078,512,295792,577.718750
5079,512,317916,620.929688
5080,512,282917,552.572266
5081,512,286583,559.732422
5082,512,290667,567.708984
5083,512,286833,560.220703
5084,512,303375,592.529297
5085,512,363459,709.880859
5086,512,344541,672.931641
5087,512,344834,673.503906
5088,512,326625,637.939453
5089,512,325375,635.498047
5090,512,306083,597.818359
5091,512,293542,573.324219
5092,512,303500,592.773438
5093,512,315166,615.558594
5094,512,292125,570.556641
5095,512,309417,604.330078
5096,512,293333,572.916016
5097,512,292833,571.939453
5098,512,323125,631.103516
5099,512,309250,604.003906
5100,512,293500,573.242188
5101,512,301583,589.029297
5102,512,293917,574.056641
5103,512,316000,617.187500
5104,512,324791,634.357422
5105,512,314209,613.689453
5106,512,355042,693.441406
5107,512,298417,582.845703
5108,512,326000,636.718750
5109,512,330208,644.937500
5110,512,322041,628.986328
5111,512,423792,827.718750
5112,512,461083,900.552734
5113,512,390458,762.613281
5114,512,281625,550.048828
5115,512,267459,522.380859
5116,512,253791,495.685547
5117,512,247083,482.583984
5118,512,238084,465.007812
5119,512,240291,469.318359
5120,512,237625,464.111328
5121,512,235583,460.123047
5122,512,233375,455.810547
5123,512,225417,440.267578
5124,512,220916,431.476562
5125,512,223333,436.197266
5126,512,220583,430.826172
5127,512,213875,417.724609
5128,512,217583,424.966797
5129,512,216709,423.259766
5130,512,223625,436.767578
5131,512,211625,413.330078
5132,512,232292,453.695312
5133,512,231125,451.416016
5134,512,211208,412.515625
5135,512,231917,452.962891
5136,512,245208,478.921875
5137,512,246833,482.095703
5138,512,261167,510.091797
5139,512,241417,471.517578
5140,512,394125,769.775391
5141,512,494292,965.414062
5142,512,288583,563.638672
5143,512,552458,1079.019531
5144,512,614834,1200.847656
5145,512,569125,1111.572266
5146,512,679958,1328.042969
5147,512,802417,1567.220703
5148,512,581417,1135.580078
5149,512,399292,779.867188
5150,512,379833,741.861328
5151,512,371167,724.935547
5152,512,378875,739.990234
5153,512,368500,719.726562
5154,512,346250,676.269531
5155,512,347958,679.605469
5156,512,391542,764.730469
5157,512,479000,935.546875
5158,512,515209,1006.267578
5159,512,532916,1040.851562
5160,512,366584,715.984375
5161,512,391584,764.812500
5162,512,363291,709.552734
5163,512,324708,634.195312
5164,512,313750,612.792969
5165,512,312667,610.677734
5166,512,299583,585.123047
5167,512,299834,585.613281
5168,512,281250,549.316406
5169,512,283709,554.119141
5170,512,285750,558.105469
5171,512,281125,549.072266
5172,512,265500,518.554688
5173,512,251917,492.025391
5174,512,292125,570.556641
5175,512,270708,528.726562
5176,512,262291,512.287109
5177,512,285208,557.046875
5178,512,269542,526.449219
5179,512,506250,988.769531
5180,512,289250,564.941406
5181,512,277125,541.259766
5182,512,286625,559.814453
5183,512,308750,603.027344
5184,512,290958,568.277344
5185,512,283833,554.361328
5186,512,342125,668.212891
5187,512,333500,651.367188
5188,512,330833,646.158203
5189,512,349417,682.455078
5190,512,299041,584.064453
5191,512,299667,585.287109
5192,512,286458,559.488281
5193,512,297333,580.728516
5194,512,283042,552.816406
5195,512,278833,544.595703
5196,512,284917,556.478516
5197,512,286917,560.384766
5198,512,277292,541.585938
5199,512,269042,525.472656
5200,512,264292,516.195312
5201,512,274000,535.156250
5202,512,282583,551.919922
5203,512,251584,491.375000
5204,512,276625,540.283203
5205,512,263709,515.056641
5206,512,280750,548.339844
5207,512,241250,471.191406
5208,512,233792,456.625000
5209,512,271375,530.029297
5210,512,265041,517.658203
5211,512,280625,548.095703
5212,512,275583,538.248047
5213,512,284625,555.908203
5214,512,277750,542.480469
5215,512,266000,519.531250
5216,512,354166,691.730469
5217,512,314500,614.257812
5218,512,338042,660.238281
5219,512,292208,570.718750
5220,512,299458,584.878906
5221,512,272375,531.982422
5222,512,264917,517.416016
5223,512,258083,504.068359
5224,512,280667,548.177734
5225,512,279541,545.978516
5226,512,270875,529.052734
5227,512,296541,579.181641
5228,512,302292,590.414062
5229,512,276042,539.144531
5230,512,300666,587.238281
5231,512,276667,540.365234
5232,512,290666,567.707031
5233,512,273542,534.261719
5234,512,301208,588.296875
5235,512,280625,548.095703
5236,512,282042,550.863281
5237,512,289875,566.162109
5238,512,294333,574.869141
5239,512,301375,588.623047
5240,512,312958,611.246094
5241,512,325458,635.660156
5242,512,321417,627.767578
5243,512,299000,583.984375
5244,512,448417,875.814453
5245,512,364458,711.832031
5246,512,379375,740.966797
5247,512,271791,530.841797
5248,512,259625,507.080078
5249,512,235959,460.857422
5250,512,228375,446.044922
5251,512,219875,429.443359
5252,512,228166,445.636719
5253,512,215375,420.654297
5254,512,219917,429.525391
5255,512,275667,538.412109
5256,512,287458,561.441406
5257,512,277458,541.910156
5258,512,267959,523.357422
5259,512,456292,891.195312
5260,512,304333,594.400391
5261,512,319417,623.861328
5262,512,276292,539.632812
5263,512,243375,475.341797
5264,512,232958,454.996094
5265,512,217083,423.990234
5266,512,245209,478.923828
5267,512,241416,471.515625
5268,512,223042,435.628906
5269,512,232625,454.345703
5270,512,248833,486.001953
5271,512,236542,461.996094
5272,512,260292,508.382812
5273,512,247292,482.992188
5274,512,231125,451.416016
5275,512,204125,398.681641
5276,512,204209,398.845703
5277,512,211750,413.574219
5278,512,205334,401.042969
5279,512,204166,398.761719
5280,512,208292,406.820312
5281,512,225042,439.535156
5282,512,203667,397.787109
5283,512,522541,1020.587891
5284,512,427333,834.634766
5285,512,407000,794.921875
5286,512,427834,835.613281
5287,512,410584,801.921875
5288,512,358375,699.951172
5289,512,391875,765.380859
5290,512,392875,767.333984
5291,512,373709,729.900391
5292,512,374833,732.095703
5293,512,387416,756.671875
5294,512,356084,695.476562
5295,512,366958,716.714844
5296,512,385000,751.953125
5297,512,390792,763.265625
5298,512,365250,713.378906
5299,512,411500,803.710938
5300,512,426625,833.251953
5301,512,436125,851.806641
5302,512,406292,793.539062
5303,512,356833,696.939453
5304,512,338583,661.294922
5305,512,340625,665.283203
5306,512,343333,670.572266
5307,512,325209,635.173828
5308,512,403625,788.330078
5309,512,407542,795.980469
5310,512,352583,688.638672
5311,512,355542,694.417969
5312,512,335666,655.597656
5313,512,385292,752.523438
5314,512,354583,692.544922
5315,512,338958,662.027344
5316,512,342917,669.759766
5317,512,352334,688.152344
5318,512,365583,714.029297
5319,512,331792,648.031250
5320,512,310000,605.468750
5321,512,312666,610.675781
5322,512,289667,565.755859
5323,512,367833,718.423828
5324,512,346042,675.863281
5325,512,390167,762.044922
5326,512,361708,706.460938
5327,512,317958,621.011719
5328,512,300250,586.425781
5329,512,288458,563.394531
5330,512,298792,583.578125
5331,512,288791,564.044922
5332,512,275000,537.109375
5333,512,300417,586.751953
5334,512,282541,551.837891
5335,512,275834,538.738281
5336,512,259666,507.160156
5337,512,274625,536.376953
5338,512,268875,525.146484
5339,512,278625,544.189453
5340,512,268334,524.089844
5341,512,255875,499.755859
5342,512,256625,501.220703
5343,512,269166,525.714844
5344,512,255625,499.267578
5345,512,261125,510.009766
5346,512,250708,489.664062
5347,512,263792,515.218750
5348,512,278542,544.027344
5349,512,279167,545.248047
5350,512,261708,511.148438
5351,512,282459,551.677734
5352,512,370375,723.388672
5353,512,350000,683.593750
5354,512,375375,733.154297
5355,512,246375,481.201172
5356,512,233000,455.078125
5357,512,226917,443.197266
5358,512,221292,432.210938
5359,512,280459,547.771484
5360,512,234000,457.031250
5361,512,220083,429.849609
5362,512,220333,430.337891
5363,512,222000,433.593750
5364,512,249084,486.492188
5365,512,238000,464.843750
5366,512,229583,448.404297
5367,512,233958,456.949219
5368,512,210833,411.783203
5369,512,227167,443.685547
5370,512,209583,409.341797
5371,512,221459,432.537109
5372,512,219125,427.978516
5373,512,211583,413.248047
5374,512,213167,416.341797
5375,512,212333,414.712891
5376,512,214750,419.433594
5377,512,217958,425.699219
5378,512,212958,415.933594
5379,512,210000,410.156250
5380,512,199500,389.648438
5381,512,224334,438.152344
5382,512,230209,449.626953
5383,512,228750,446.777344
5384,512,244000,476.562500
5385,512,212750,415.527344
5386,512,218167,426.107422
5387,512,204500,399.414062
5388,512,201084,392.742188
5389,512,212792,415.609375
5390,512,209458,409.097656
5391,512,206208,402.750000
5392,512,200959,392.498047
5393,512,211458,413.003906
5394,512,220292,430.257812
5395,512,471791,921.466797
5396,512,472708,923.257812
5397,512,410792,802.328125
5398,512,399000,779.296875
5399,512,369917,722.494141
5400,512,383500,749.023438
5401,512,377666,737.628906
5402,512,357459,698.162109
5403,512,353125,689.697266
5404,512,355042,693.441406
5405,512,360166,703.449219
5406,512,357958,699.136719
5407,512,351167,685.873047
5408,512,356958,697.183594
5409,512,406333,793.619141
5410,512,370875,724.365234
5411,512,332500,649.414062
5412,512,352209,687.908203
5413,512,390416,762.531250
5414,512,414458,809.488281
5415,512,366917,716.634766
5416,512,357750,698.730469
5417,512,336708,657.632812
5418,512,352791,689.044922
5419,512,330750,645.996094
5420,512,309917,605.306641
5421,512,263666,514.972656
5422,512,257292,502.523438
5423,512,266041,519.611328
5424,512,367459,717.693359
5425,512,330000,644.531250
5426,512,410667,802.083984
5427,512,406625,794.189453
5428,512,395625,772.705078
5429,512,363625,710.205078
5430,512,340459,664.958984
5431,512,334375,653.076172
5432,512,327709,640.056641
5433,512,362958,708.902344
5434,512,367250,717.285156
5435,512,353333,690.103516
5436,512,341833,667.642578
5437,512,441209,861.736328
5438,512,383292,748.617188
5439,512,356875,697.021484
5440,512,345833,675.455078
5441,512,313625,612.548828
5442,512,320375,625.732422
5443,512,286750,560.058594
5444,512,284584,555.828125
5445,512,303083,591.958984
5446,512,324083,632.974609
5447,512,312209,609.783203
5448,512,317625,620.361328
5449,512,331333,647.134766
5450,512,310000,605.468750
5451,512,326084,636.882812
5452,512,302666,591.144531
5453,512,322792,630.453125
5454,512,312541,610.431641
5455,512,329000,642.578125
5456,512,344334,672.527344
5457,512,347042,677.816406
5458,512,318125,621.337891
5459,512,309166,603.839844
5460,512,309417,604.330078
5461,512,288709,563.884766
5462,512,392375,766.357422
5463,512,362334,707.683594
5464,512,389375,760.498047
5465,512,335334,654.949219
5466,512,304041,593.830078
5467,512,294375,574.951172
5468,512,314542,614.339844
5469,512,325292,635.335938
5470,512,286916,560.382812
5471,512,297042,580.160156
5472,512,274875,536.865234
5473,512,279292,545.492188
5474,512,320541,626.056641
5475,512,298084,582.195312
5476,512,285375,557.373047
5477,512,317584,620.281250
5478,512,330541,645.587891
5479,512,339958,663.980469
5480,512,306042,597.738281
5481,512,298458,582.925781
5482,512,299709,585.369141
5483,512,280375,547.607422
5484,512,271334,529.949219
5485,512,275959,538.982422
5486,512,310916,607.257812
5487,512,325583,635.904297
5488,512,330584,645.671875
5489,512,375250,732.910156
5490,512,366834,716.472656
5491,512,353459,690.349609
5492,512,342666,669.269531
5493,512,316000,617.187500
5494,512,316417,618.001953
5495,512,320875,626.708984
5496,512,318000,621.093750
5497,512,297208,580.484375
5498,512,289792,566.000000
5499,512,319166,623.371094
5500,512,302833,591.470703
5501,512,300167,586.263672
5502,512,309667,604.818359
5503,512,292583,571.451172
5504,512,298375,582.763672
5505,512,308750,603.027344
5506,512,318542,622.152344
5507,512,339875,663.818359
5508,512,354791,692.951172
5509,512,326042,636.800781
5510,512,322291,629.474609
5511,512,313542,612.386719
5512,512,321167,627.279297
5513,512,322208,629.312500
5514,512,293209,572.673828
5515,512,339709,663.494141
5516,512,330458,645.425781
5517,512,348166,680.011719
5518,512,318875,622.802734
5519,512,314792,614.828125
5520,512,300750,587.402344
5521,512,296666,579.425781
5522,512,279917,546.712891
5523,512,285750,558.105469
5524,512,293584,573.406250
5525,512,291166,568.683594
5526,512,276458,539.957031
5527,512,280292,547.445312
5528,512,281416,549.640625
5529,512,292625,571.533203
5530,512,274875,536.865234
5531,512,290125,566.650391
5532,512,288708,563.882812
5533,512,296833,579.751953
5534,512,300334,586.589844
5535,512,294250,574.707031
5536,512,338583,661.294922
5537,512,350167,683.919922
5538,512,271208,529.703125
5539,512,291875,570.068359
5540,512,286667,559.896484
5541,512,287958,562.417969
5542,512,292333,570.962891
5543,512,332500,649.414062
5544,512,369167,721.029297
5545,512,340000,664.062500
5546,512,313792,612.875000
5547,512,327209,639.080078
5548,512,327709,640.056641
5549,512,341083,666.177734
5550,512,309333,604.166016
5551,512,348917,681.478516
5552,512,328500,641.601562
5553,512,261750,511.230469
5554,512,266625,520.751953
5555,512,264625,516.845703
5556,512,273208,533.609375
5557,512,276666,540.363281
5558,512,275500,538.085938
5559,512,272792,532.796875
5560,512,302959,591.716797
5561,512,305166,596.027344
5562,512,297708,581.460938
5563,512,311375,608.154297
5564,512,282708,552.164062
5565,512,309125,603.759766
5566,512,286500,559.570312
5567,512,290875,568.115234
5568,512,278042,543.050781
5569,512,276792,540.609375
5570,512,282125,551.025391
5571,512,290042,566.488281
5572,512,299333,584.634766
5573,512,286000,558.593750
5574,512,276875,540.771484
5575,512,295750,577.636719
5576,512,287083,560.708984
5577,512,304833,595.376953
5578,512,287833,562.173828
5579,512,293750,573.730469
5580,512,265542,518.636719
5581,512,259500,506.835938
5582,512,267250,521.972656
5583,512,285833,558.267578
5584,512,257625,503.173828
5585,512,254542,497.152344
5586,512,255000,498.046875
5587,512,247084,482.585938
5588,512,263417,514.486328
5589,512,250208,488.687500
5590,512,244209,476.970703
5591,512,251917,492.025391
5592,512,262875,513.427734
5593,512,261542,510.824219
5594,512,264333,516.275391
5595,512,250625,489.501953
5596,512,246875,482.177734
5597,512,260041,507.892578
5598,512,258917,505.697266
5599,512,235708,460.367188
5600,512,267000,521.484375
5601,512,255459,498.943359
5602,512,260958,509.683594
5603,512,252708,493.570312
5604,512,287959,562.419922
5605,512,261541,510.822266
5606,512,239334,467.449219
5607,512,230625,450.439453
5608,512,222625,434.814453
5609,512,223666,436.847656
5610,512,217375,424.560547
5611,512,242584,473.796875
5612,512,221542,432.699219
5613,512,239042,466.878906
5614,512,230709,450.603516
5615,512,214000,417.968750
5616,512,226291,441.974609
5617,512,215875,421.630859
5618,512,221667,432.943359
5619,512,210917,411.947266
5620,512,204916,400.226562
5621,512,214292,418.539062
5622,512,205458,401.285156
5623,512,204458,399.332031
5624,512,216250,422.363281
5625,512,208542,407.308594
5626,512,215333,420.572266
5627,512,216875,423.583984
5628,512,208500,407.226562
5629,512,223375,436.279297
5630,512,321542,628.011719
5631,512,510416,996.906250
5632,512,329042,642.660156
5633,512,300208,586.343750
5634,512,293125,572.509766
5635,512,284042,554.769531
5636,512,298416,582.843750
5637,512,307708,600.992188
5638,512,287083,560.708984
5639,512,302000,589.843750
5640,512,306875,599.365234
5641,512,279917,546.712891
5642,512,238667,466.146484
5643,512,246083,480.630859
5644,512,271208,529.703125
5645,512,253625,495.361328
5646,512,280583,548.013672
5647,512,269375,526.123047
5648,512,277042,541.097656
5649,512,272500,532.226562
5650,512,295292,576.742188
5651,512,310333,606.119141
5652,512,295709,577.556641
5653,512,294667,575.521484
5654,512,299792,585.531250
5655,512,307416,600.421875
5656,512,328167,640.951172
5657,512,318000,621.093750
5658,512,345333,674.478516
5659,512,299250,584.472656
5660,512,281083,548.990234
5661,512,288208,562.906250
5662,512,278459,543.865234
5663,512,295375,576.904297
5664,512,307375,600.341797
5665,512,317875,620.849609
5666,512,313166,611.652344
5667,512,327750,640.136719
5668,512,329917,644.369141
5669,512,347250,678.222656
5670,512,349958,683.511719
5671,512,372417,727.376953
5672,512,381375,744.873047
5673,512,349959,683.513672
5674,512,276333,539.712891
5675,512,270167,527.669922
5676,512,294541,575.275391
5677,512,286417,559.408203
5678,512,321750,628.417969
5679,512,345500,674.804688
5680,512,368000,718.750000
5681,512,372000,726.562500
5682,512,376875,736.083984
5683,512,377584,737.468750
5684,512,253250,494.628906
5685,512,244917,478.353516
5686,512,237292,463.460938
5687,512,274083,535.318359
5688,512,250125,488.525391
5689,512,270375,528.076172
5690,512,252125,492.431641
5691,512,252542,493.246094
5692,512,248083,484.537109
5693,512,271458,530.191406
5694,512,259125,506.103516
5695,512,257750,503.417969
5696,512,239209,467.205078
5697,512,248291,484.943359
5698,512,250459,489.177734
5699,512,252416,493.000000
5700,512,246500,481.445312
5701,512,247875,484.130859
5702,512,257167,502.279297
5703,512,259041,505.939453
5704,512,256083,500.162109
5705,512,233917,456.869141
5706,512,242791,474.201172
5707,512,253000,494.140625
5708,512,244042,476.644531
5709,512,238000,464.843750
5710,512,245875,480.224609
5711,512,254917,497.884766
5712,512,258000,503.906250
5713,512,257625,503.173828
5714,512,239459,467.693359
5715,512,250500,489.257812
5716,512,243750,476.074219
5717,512,245584,479.656250
5718,512,277291,541.583984
5719,512,283958,554.605469
5720,512,274667,536.458984
5721,512,290541,567.462891
5722,512,257875,503.662109
5723,512,271167,529.623047
5724,512,279041,545.001953
5725,512,292292,570.882812
5726,512,287083,560.708984
5727,512,274583,536.294922
5728,512,270292,527.914062
5729,512,271041,529.376953
5730,512,297292,580.648438
5731,512,260833,509.439453
5732,512,228625,446.533203
5733,512,224917,439.291016
5734,512,253750,495.605469
5735,512,252750,493.652344
5736,512,234625,458.251953
5737,512,227667,444.662109
5738,512,235875,460.693359
5739,512,248416,485.187500
5740,512,231125,451.416016
5741,512,243292,475.179688
5742,512,241250,471.191406
5743,512,230541,450.275391
5744,512,225084,439.617188
5745,512,231542,452.230469
5746,512,228625,446.533203
5747,512,242542,473.714844
5748,512,224458,438.394531
5749,512,221125,431.884766
5750,512,232292,453.695312
5751,512,259083,506.021484
5752,512,243208,475.015625
5753,512,270750,528.808594
5754,512,245583,479.654297
5755,512,251291,490.802734
5756,512,253667,495.443359
5757,512,240542,469.808594
5758,512,238792,466.390625
5759,512,239917,468.587891
5760,512,228416,446.125000
5761,512,231334,451.824219
5762,512,248375,485.107422
5763,512,239625,468.017578
5764,512,228375,446.044922
5765,512,222583,434.732422
5766,512,247375,483.154297
5767,512,221917,433.431641
5768,512,221083,431.802734
5769,512,222584,434.734375
5770,512,224750,438.964844
5771,512,236000,460.937500
5772,512,241250,471.191406
5773,512,225167,439.779297
5774,512,228792,446.859375
5775,512,247583,483.560547
5776,512,238125,465.087891
5777,512,221083,431.802734
5778,512,221000,431.640625
5779,512,233209,455.486328
5780,512,232042,453.207031
5781,512,237958,464.761719
5782,512,247250,482.910156
5783,512,248416,485.187500
5784,512,251250,490.722656
5785,512,233375,455.810547
5786,512,251416,491.046875
5787,512,232333,453.775391
5788,512,247959,484.294922
5789,512,223583,436.685547
5790,512,230541,450.275391
5791,512,234584,458.171875
5792,512,232709,454.509766
5793,512,235666,460.285156
5794,512,231084,451.335938
5795,512,287459,561.443359
5796,512,248750,485.839844
5797,512,267417,522.298828
5798,512,313208,611.734375
5799,512,320042,625.082031
5800,512,349292,682.210938
5801,512,355458,694.253906
5802,512,387750,757.324219
5803,512,410125,801.025391
5804,512,363916,710.773438
5805,512,238292,465.414062
5806,512,218583,426.919922
5807,512,220167,430.013672
5808,512,220417,430.501953
5809,512,224667,438.802734
5810,512,210458,411.050781
5811,512,229333,447.916016
5812,512,225500,440.429688
5813,512,215458,420.816406
5814,512,209958,410.074219
5815,512,226167,441.732422
5816,512,231833,452.798828
5817,512,247750,483.886719
5818,512,247417,483.236328
5819,512,249250,486.816406
5820,512,242375,473.388672
5821,512,246083,480.630859
5822,512,240958,470.621094
5823,512,246625,481.689453
5824,512,236625,462.158203
5825,512,222125,433.837891
5826,512,240792,470.296875
5827,512,233083,455.240234
5828,512,231959,453.044922
5829,512,229416,448.078125
5830,512,226667,442.708984
5831,512,227083,443.521484
5832,512,225500,440.429688
5833,512,219750,429.199219
5834,512,218708,427.164062
5835,512,223042,435.628906
5836,512,232750,454.589844
5837,512,232125,453.369141
5838,512,226833,443.033203
5839,512,214083,418.130859
5840,512,223292,436.117188
5841,512,221625,432.861328
5842,512,219083,427.896484
5843,512,214541,419.025391
5844,512,221042,431.722656
5845,512,217083,423.990234
5846,512,216417,422.689453
5847,512,212208,414.468750
5848,512,219583,428.873047
5849,512,215042,420.003906
5850,512,207166,404.621094
5851,512,208334,406.902344
5852,512,209417,409.017578
5853,512,206875,404.052734
5854,512,216791,423.419922
5855,512,208333,406.900391
5856,512,237167,463.216797
5857,512,244208,476.968750
5858,512,241292,471.273438
5859,512,232416,453.937500
5860,512,239959,468.669922
5861,512,227208,443.765625
5862,512,221958,433.511719
5863,512,230458,450.113281
5864,512,234292,457.601562
5865,512,235917,460.775391
5866,512,218458,426.675781
5867,512,221292,432.210938
5868,512,232083,453.287109
5869,512,232875,454.833984
5870,512,221291,432.208984
5871,512,220417,430.501953
5872,512,218334,426.433594
5873,512,219792,429.281250
5874,512,219083,427.896484
5875,512,210959,412.029297
5876,512,218166,426.105469
5877,512,218375,426.513672
5878,512,223834,437.175781
5879,512,221459,432.537109
5880,512,217083,423.990234
5881,512,220667,430.990234
5882,512,226709,442.791016
5883,512,224542,438.558594
5884,512,224000,437.500000
5885,512,228125,445.556641
5886,512,249375,487.060547
5887,512,247250,482.910156
5888,512,306375,598.388672
5889,512,261417,510.580078
5890,512,250167,488.607422
5891,512,260583,508.951172
5892,512,310000,605.468750
5893,512,281250,549.316406
5894,512,275333,537.759766
5895,512,241792,472.250000
5896,512,261541,510.822266
5897,512,257542,503.011719
5898,512,268375,524.169922
5899,512,259833,507.486328
5900,512,225584,440.593750
5901,512,253000,494.140625
5902,512,243791,476.154297
5903,512,229500,448.242188
5904,512,241000,470.703125
5905,512,242000,472.656250
5906,512,235292,459.554688
5907,512,234791,458.576172
5908,512,260959,509.685547
5909,512,251625,491.455078
5910,512,242458,473.550781
5911,512,265875,519.287109
5912,512,239500,467.773438
5913,512,231291,451.740234
5914,512,249500,487.304688
5915,512,232250,453.613281
5916,512,231167,451.498047
5917,512,230834,450.847656
5918,512,230209,449.626953
5919,512,239083,466.958984
5920,512,237500,463.867188
5921,512,265958,519.449219
5922,512,277458,541.910156
5923,512,287542,561.605469
5924,512,258959,505.779297
5925,512,282333,551.431641
5926,512,265125,517.822266
5927,512,245791,480.060547
5928,512,244917,478.353516
5929,512,254958,497.964844
5930,512,264500,516.601562
5931,512,250375,489.013672
5932,512,234875,458.740234
5933,512,254166,496.417969
5934,512,237375,463.623047
5935,512,232667,454.427734
5936,512,241833,472.330078
5937,512,229208,447.671875
5938,512,227667,444.662109
5939,512,241875,472.412109
5940,512,248500,485.351562
5941,512,238917,466.634766
5942,512,232958,454.996094
5943,512,258500,504.882812
5944,512,236541,461.994141
5945,512,239209,467.205078
5946,512,243583,475.748047
5947,512,246167,480.794922
5948,512,242042,472.738281
5949,512,233625,456.298828
5950,512,219291,428.302734
5951,512,246459,481.365234
5952,512,250958,490.152344
5953,512,253458,495.035156
5954,512,271917,531.087891
5955,512,292625,571.533203
5956,512,266458,520.425781
5957,512,237875,464.599609
5958,512,242500,473.632812
5959,512,245333,479.166016
5960,512,249792,487.875000
5961,512,236042,461.019531
5962,512,249000,486.328125
5963,512,252500,493.164062
5964,512,266125,519.775391
5965,512,242209,473.064453
5966,512,250458,489.175781
5967,512,250958,490.152344
5968,512,236792,462.484375
5969,512,238750,466.308594
5970,512,231875,452.880859
5971,512,239583,467.935547
5972,512,236125,461.181641
5973,512,234709,458.416016
5974,512,227833,444.986328
5975,512,233292,455.648438
5976,512,233041,455.158203
5977,512,231959,453.044922
5978,512,248000,484.375000
5979,512,227084,443.523438
5980,512,224958,439.371094
5981,512,219291,428.302734
5982,512,241292,471.273438
5983,512,233708,456.460938
5984,512,236375,461.669922
5985,512,231208,451.578125
5986,512,223333,436.197266
5987,512,222084,433.757812
5988,512,226083,441.568359
5989,512,221875,433.349609
5990,512,218375,426.513672
5991,512,223333,436.197266
5992,512,224292,438.070312
5993,512,227916,445.148438
5994,512,220417,430.501953
5995,512,256916,501.789062
5996,512,272500,532.226562
5997,512,256917,501.791016
5998,512,258458,504.800781
5999,512,257917,503.744141
6000,512,246625,481.689453
6001,512,266416,520.343750
6002,512,263500,514.648438
6003,512,241500,471.679688
6004,512,240792,470.296875
6005,512,245208,478.921875
6006,512,237292,463.460938
6007,512,240875,470.458984
6008,512,236916,462.726562
6009,512,233625,456.298828
6010,512,254334,496.746094
6011,512,240167,469.076172
6012,512,224166,437.824219
6013,512,215833,421.548828
6014,512,220000,429.687500
6015,512,216833,423.501953
6016,512,217709,425.212891
6017,512,211750,413.574219
6018,512,212333,414.712891
6019,512,222292,434.164062
6020,512,209875,409.912109
6021,512,213000,416.015625
6022,512,214750,419.433594
6023,512,210583,411.294922
6024,512,215042,420.003906
6025,512,222375,434.326172
6026,512,217375,424.560547
6027,512,223417,436.361328
6028,512,228208,445.718750
6029,512,233917,456.869141
6030,512,256625,501.220703
6031,512,237583,464.029297
6032,512,220625,430.908203
6033,512,244167,476.888672
6034,512,236125,461.181641
6035,512,225208,439.859375
6036,512,227541,444.416016
6037,512,224500,438.476562
6038,512,223417,436.361328
6039,512,218667,427.083984
6040,512,223625,436.767578
6041,512,217458,424.722656
6042,512,213375,416.748047
6043,512,220375,430.419922
6044,512,213916,417.804688
6045,512,215542,420.980469
6046,512,224750,438.964844
6047,512,222333,434.244141
6048,512,215833,421.548828
6049,512,223959,437.419922
6050,512,229208,447.671875
6051,512,228458,446.207031
6052,512,221459,432.537109
6053,512,248459,485.271484
6054,512,256250,500.488281
6055,512,260083,507.974609
6056,512,275625,538.330078
6057,512,273291,533.771484
6058,512,248750,485.839844
6059,512,236625,462.158203
6060,512,237833,464.517578
6061,512,275250,537.597656
6062,512,269458,526.285156
6063,512,263583,514.810547
6064,512,261959,511.638672
6065,512,269250,525.878906
6066,512,260083,507.974609
6067,512,266833,521.158203
6068,512,253042,494.222656
6069,512,332500,649.414062
6070,512,328750,642.089844
6071,512,307875,601.318359
6072,512,338875,661.865234
6073,512,409917,800.619141
6074,512,408166,797.199219
6075,512,409834,800.457031
6076,512,492584,962.078125
6077,512,358625,700.439453
6078,512,258875,505.615234
6079,512,262541,512.775391
6080,512,249292,486.898438
6081,512,249833,487.955078
6082,512,245750,479.980469
6083,512,252208,492.593750
6084,512,250417,489.095703
6085,512,239833,468.423828
6086,512,246333,481.119141
6087,512,242417,473.470703
6088,512,232958,454.996094
6089,512,247167,482.748047
6090,512,241459,471.599609
6091,512,238292,465.414062
6092,512,237375,463.623047
6093,512,241958,472.574219
6094,512,237000,462.890625
6095,512,250000,488.281250
6096,512,256667,501.302734
6097,512,296916,579.914062
6098,512,412459,805.583984
6099,512,373209,728.923828
6100,512,466458,911.050781
6101,512,559708,1093.179688
6102,512,599917,1171.712891
6103,512,465417,909.017578
6104,512,393083,767.740234
6105,512,399000,779.296875
6106,512,404125,789.306641
6107,512,387292,756.429688
6108,512,402458,786.050781
6109,512,391042,763.753906
6110,512,389000,759.765625
6111,512,374000,730.468750
6112,512,371833,726.236328
6113,512,389708,761.148438
6114,512,375333,733.072266
6115,512,374917,732.259766
6116,512,349916,683.429688
6117,512,309667,604.818359
6118,512,345917,675.619141
6119,512,391833,765.298828
6120,512,358291,699.787109
6121,512,360750,704.589844
6122,512,345916,675.617188
6123,512,321042,627.035156
6124,512,313125,611.572266
6125,512,291375,569.091797
6126,512,306834,599.285156
6127,512,317500,620.117188
6128,512,298000,582.031250
6129,512,313333,611.978516
6130,512,292625,571.533203
6131,512,279167,545.248047
6132,512,278958,544.839844
6133,512,282833,552.408203
6134,512,286542,559.652344
6135,512,259208,506.265625
6136,512,284792,556.234375
6137,512,288834,564.128906
6138,512,296833,579.751953
6139,512,268167,523.763672
6140,512,355416,694.171875
6141,512,301959,589.763672
6142,512,306333,598.306641
6143,512,307125,599.853516
6144,512,283792,554.281250
6145,512,320833,626.626953
6146,512,442959,865.154297
6147,512,350666,684.894531
6148,512,371542,725.667969
6149,512,345500,674.804688
6150,512,329833,644.205078
6151,512,295709,577.556641
6152,512,298000,582.031250
6153,512,300459,586.833984
6154,512,275708,538.492188
6155,512,296125,578.369141
6156,512,292666,571.613281
6157,512,306250,598.144531
6158,512,282667,552.083984
6159,512,267333,522.134766
6160,512,268875,525.146484
6161,512,290916,568.195312
6162,512,280834,548.503906
6163,512,312250,609.863281
6164,512,310000,605.468750
6165,512,310958,607.339844
6166,512,302875,591.552734
6167,512,312042,609.457031
6168,512,326750,638.183594
6169,512,311208,607.828125
6170,512,286625,559.814453
6171,512,264042,515.707031
6172,512,298209,582.439453
6173,512,343667,671.224609
6174,512,364291,711.505859
6175,512,363083,709.146484
6176,512,326500,637.695312
6177,512,288416,563.312500
6178,512,304750,595.214844
6179,512,302500,590.820312
6180,512,304917,595.541016
6181,512,306125,597.900391
6182,512,292583,571.451172
6183,512,295584,577.312500
6184,512,285041,556.720703
6185,512,300417,586.751953
6186,512,302917,591.634766
6187,512,291292,568.929688
6188,512,307833,601.236328
6189,512,282667,552.083984
6190,512,286458,559.488281
6191,512,272000,531.250000
6192,512,280167,547.201172
6193,512,286208,559.000000
6194,512,288500,563.476562
6195,512,334833,653.970703
6196,512,319417,623.861328
6197,512,331708,647.867188
6198,512,295667,577.474609
6199,512,351250,686.035156
6200,512,393291,768.146484
6201,512,380167,742.513672
6202,512,391750,765.136719
6203,512,341458,666.910156
6204,512,325834,636.394531
6205,512,318083,621.255859
6206,512,328625,641.845703
6207,512,310333,606.119141
6208,512,318542,622.152344
6209,512,302208,590.250000
6210,512,298542,583.089844
6211,512,307042,599.691406
6212,512,300625,587.158203
6213,512,286416,559.406250
6214,512,258792,505.453125
6215,512,262708,513.101562
6216,512,268667,524.740234
6217,512,246500,481.445312
6218,512,266875,521.240234
6219,512,265958,519.449219
6220,512,303791,593.341797
6221,512,261208,510.171875
6222,512,290834,568.035156
6223,512,304125,593.994141
6224,512,299416,584.796875
6225,512,274084,535.320312
6226,512,267333,522.134766
6227,512,329167,642.904297
6228,512,336083,656.412109
6229,512,328250,641.113281
6230,512,324625,634.033203
6231,512,291833,569.986328
6232,512,300334,586.589844
6233,512,270041,527.423828
6234,512,272709,532.634766
6235,512,266875,521.240234
6236,512,263750,515.136719
6237,512,267583,522.623047
6238,512,258000,503.906250
6239,512,256750,501.464844
6240,512,274041,535.236328
6241,512,254459,496.990234
6242,512,255750,499.511719
6243,512,267708,522.867188
6244,512,272458,532.144531
6245,512,251209,490.642578
6246,512,263166,513.996094
6247,512,274000,535.156250
6248,512,276167,539.388672
6249,512,282125,551.025391
6250,512,276208,539.468750
6251,512,307167,599.935547
6252,512,291541,569.416016
6253,512,314000,613.281250
6254,512,334000,652.343750
6255,512,285875,558.349609
6256,512,327875,640.380859
6257,512,336208,656.656250
6258,512,316666,618.488281
6259,512,296209,578.533203
6260,512,272541,532.306641
6261,512,270875,529.052734
6262,512,269959,527.263672
6263,512,242500,473.632812
6264,512,257083,502.115234
6265,512,262625,512.939453
6266,512,239917,468.587891
6267,512,253916,495.929688
6268,512,234584,458.171875
6269,512,250417,489.095703
6270,512,249166,486.652344
6271,512,237250,463.378906
6272,512,228167,445.638672
6273,512,242500,473.632812
6274,512,227250,443.847656
6275,512,233291,455.646484
6276,512,228042,445.394531
6277,512,241375,471.435547
6278,512,217500,424.804688
6279,512,234334,457.683594
6280,512,231334,451.824219
6281,512,228959,447.185547
6282,512,226791,442.951172
6283,512,244375,477.294922
6284,512,256125,500.244141
6285,512,273583,534.341797
6286,512,260000,507.812500
6287,512,289250,564.941406
6288,512,236208,461.343750
6289,512,292792,571.859375
6290,512,326375,637.451172
6291,512,313208,611.734375
6292,512,319000,623.046875
6293,512,260125,508.056641
6294,512,279000,544.921875
6295,512,262250,512.207031
6296,512,229416,448.078125
6297,512,246167,480.794922
6298,512,244125,476.806641
6299,512,249625,487.548828
6300,512,251584,491.375000
6301,512,244541,477.619141
6302,512,253959,496.013672
6303,512,252334,492.839844
6304,512,239083,466.958984
6305,512,235792,460.531250
6306,512,211542,413.167969
6307,512,230375,449.951172
6308,512,236042,461.019531
6309,512,224541,438.556641
6310,512,239333,467.447266
6311,512,223917,437.337891
6312,512,232916,454.914062
6313,512,383792,749.593750
6314,512,446750,872.558594
6315,512,431459,842.693359
6316,512,293542,573.324219
6317,512,310833,607.095703
6318,512,271417,530.111328
6319,512,308208,601.968750
6320,512,363583,710.123047
6321,512,343375,670.654297
6322,512,340209,664.470703
6323,512,320958,626.871094
6324,512,292667,571.615234
6325,512,288875,564.208984
6326,512,290042,566.488281
6327,512,291041,568.439453
6328,512,281250,549.316406
6329,512,279125,545.166016
6330,512,281375,549.560547
6331,512,265208,517.984375
6332,512,239959,468.669922
6333,512,234708,458.414062
6334,512,257042,502.035156
6335,512,221375,432.373047
6336,512,233791,456.623047
6337,512,257458,502.847656
6338,512,231667,452.474609
6339,512,248958,486.246094
6340,512,240584,469.890625
6341,512,234333,457.681641
6342,512,225250,439.941406
6343,512,252334,492.839844
6344,512,266041,519.611328
6345,512,259542,506.917969
6346,512,261542,510.824219
6347,512,268667,524.740234
6348,512,262458,512.613281
6349,512,250417,489.095703
6350,512,276833,540.689453
6351,512,327792,640.218750
6352,512,289125,564.697266
6353,512,327500,639.648438
6354,512,258417,504.720703
6355,512,280333,547.525391
6356,512,270333,527.994141
6357,512,255292,498.617188
6358,512,257250,502.441406
6359,512,259250,506.347656
6360,512,246209,480.876953
6361,512,246958,482.339844
6362,512,269500,526.367188
6363,512,279792,546.468750
6364,512,258375,504.638672
6365,512,260500,508.789062
6366,512,258708,505.289062
6367,512,262708,513.101562
6368,512,250375,489.013672
6369,512,248583,485.513672
6370,512,259708,507.242188
6371,512,261959,511.638672
6372,512,257041,502.033203
6373,512,253083,494.302734
6374,512,256042,500.082031
6375,512,246291,481.037109
6376,512,250209,488.689453
6377,512,270500,528.320312
6378,512,293458,573.160156
6379,512,281542,549.886719
6380,512,280416,547.687500
6381,512,283375,553.466797
6382,512,262625,512.939453
6383,512,276042,539.144531
6384,512,274125,535.400391
6385,512,283916,554.523438
6386,512,272792,532.796875
6387,512,280750,548.339844
6388,512,269042,525.472656
6389,512,268750,524.902344
6390,512,262000,511.718750
6391,512,260833,509.439453
6392,512,272833,532.876953
6393,512,269584,526.531250
6394,512,289291,565.021484
6395,512,271750,530.761719
6396,512,272375,531.982422
6397,512,280250,547.363281
6398,512,269250,525.878906
6399,512,276209,539.470703
6400,512,258625,505.126953
6401,512,234292,457.601562
6402,512,231041,451.251953
6403,512,227625,444.580078
6404,512,233667,456.380859
6405,512,243042,474.691406
6406,512,231000,451.171875
6407,512,265917,519.369141
6408,512,311375,608.154297
6409,512,307167,599.935547
6410,512,393083,767.740234
6411,512,322958,630.777344
6412,512,378750,739.746094
6413,512,316666,618.488281
6414,512,275125,537.353516
6415,512,263042,513.753906
6416,512,271334,529.949219
6417,512,272041,531.330078
6418,512,267334,522.136719
6419,512,250167,488.607422
6420,512,256833,501.626953
6421,512,268166,523.761719
6422,512,269292,525.960938
6423,512,264458,516.519531
6424,512,288667,563.802734
6425,512,285083,556.802734
6426,512,278542,544.027344
6427,512,289417,565.267578
6428,512,290875,568.115234
6429,512,293375,572.998047
6430,512,299459,584.880859
6431,512,306083,597.818359
6432,512,266625,520.751953
6433,512,286500,559.570312
6434,512,257875,503.662109
6435,512,282083,550.943359
6436,512,267125,521.728516
6437,512,259042,505.941406
6438,512,281416,549.640625
6439,512,259750,507.324219
6440,512,262333,512.369141
6441,512,260583,508.951172
6442,512,262709,513.103516
6443,512,257958,503.824219
6444,512,275250,537.597656
6445,512,278250,543.457031
6446,512,295625,577.392578
6447,512,274334,535.808594
6448,512,282708,552.164062
6449,512,281083,548.990234
6450,512,290459,567.302734
6451,512,285041,556.720703
6452,512,274042,535.238281
6453,512,281167,549.154297
6454,512,279250,545.410156
6455,512,256042,500.082031
6456,512,262750,513.183594
6457,512,269292,525.960938
6458,512,249250,486.816406
6459,512,256916,501.789062
6460,512,262417,512.533203
6461,512,276959,540.935547
6462,512,260958,509.683594
6463,512,260750,509.277344
6464,512,270250,527.832031
6465,512,291334,569.011719
6466,512,271916,531.085938
6467,512,280375,547.607422
6468,512,267709,522.869141
6469,512,262083,511.880859
6470,512,265125,517.822266
6471,512,260250,508.300781
6472,512,269083,525.552734
6473,512,249000,486.328125
6474,512,268875,525.146484
6475,512,256750,501.464844
6476,512,264416,516.437500
6477,512,265709,518.962891
6478,512,261709,511.150391
6479,512,254500,497.070312
6480,512,256834,501.628906
6481,512,250250,488.769531
6482,512,265208,517.984375
6483,512,258750,505.371094
6484,512,264833,517.251953
6485,512,291416,569.171875
6486,512,256625,501.220703
6487,512,241792,472.250000
6488,512,260708,509.195312
6489,512,246417,481.283203
6490,512,254459,496.990234
6491,512,242416,473.468750
6492,512,260083,507.974609
6493,512,248583,485.513672
6494,512,249333,486.978516
6495,512,257709,503.337891
6496,512,254833,497.720703
6497,512,260666,509.113281
6498,512,297583,581.216797
6499,512,300625,587.158203
6500,512,266042,519.613281
6501,512,278708,544.351562
6502,512,267125,521.728516
6503,512,259542,506.917969
6504,512,261542,510.824219
6505,512,257625,503.173828
6506,512,270292,527.914062
6507,512,284209,555.095703
6508,512,259041,505.939453
6509,512,252875,493.896484
6510,512,273833,534.830078
6511,512,263625,514.892578
6512,512,251792,491.781250
6513,512,250333,488.931641
6514,512,260333,508.462891
6515,512,272875,532.958984
6516,512,270250,527.832031
6517,512,255833,499.673828
6518,512,252125,492.431641
6519,512,244166,476.886719
6520,512,243667,475.912109
6521,512,242000,472.656250
6522,512,234833,458.658203
6523,512,254792,497.640625
6524,512,245541,479.572266
6525,512,235750,460.449219
6526,512,235500,459.960938
6527,512,226667,442.708984
6528,512,250041,488.361328
6529,512,232417,453.939453
6530,512,240958,470.621094
6531,512,231708,452.554688
6532,512,229667,448.568359
6533,512,262875,513.427734
6534,512,294083,574.380859
6535,512,260458,508.707031
6536,512,249917,488.119141
6537,512,225083,439.615234
6538,512,230875,450.927734
6539,512,236250,461.425781
6540,512,250042,488.363281
6541,512,254291,496.662109
6542,512,241209,471.111328
6543,512,241792,472.250000
6544,512,225416,440.265625
6545,512,238959,466.716797
6546,512,249875,488.037109
6547,512,235834,460.613281
6548,512,244958,478.433594
6549,512,224500,438.476562
6550,512,247667,483.724609
6551,512,254208,496.500000
6552,512,253875,495.849609
6553,512,252250,492.675781
6554,512,235583,460.123047
6555,512,233959,456.951172
6556,512,253125,494.384766
6557,512,244083,476.724609
6558,512,240500,469.726562
6559,512,231667,452.474609
6560,512,223916,437.335938
6561,512,236292,461.507812
6562,512,242833,474.283203
6563,512,238625,466.064453
6564,512,244042,476.644531
6565,512,251916,492.023438
6566,512,254833,497.720703
6567,512,246958,482.339844
6568,512,247792,483.968750
6569,512,247083,482.583984
6570,512,247667,483.724609
6571,512,271583,530.435547
6572,512,322375,629.638672
6573,512,297833,581.705078
6574,512,343708,671.304688
6575,512,310417,606.283203
6576,512,274209,535.564453
6577,512,266625,520.751953
6578,512,253708,495.523438
6579,512,243375,475.341797
6580,512,243875,476.318359
6581,512,245208,478.921875
6582,512,233083,455.240234
6583,512,240667,470.052734
6584,512,259167,506.185547
6585,512,247291,482.990234
6586,512,243458,475.503906
6587,512,234667,458.333984
6588,512,243000,474.609375
6589,512,251750,491.699219
6590,512,240375,469.482422
6591,512,262417,512.533203
6592,512,243125,474.853516
6593,512,238834,466.472656
6594,512,243000,474.609375
6595,512,268167,523.763672
6596,512,276125,539.306641
6597,512,280583,548.013672
6598,512,260042,507.894531
6599,512,249041,486.408203
6600,512,260292,508.382812
6601,512,246667,481.771484
6602,512,254250,496.582031
6603,512,238916,466.632812
6604,512,245959,480.388672
6605,512,252625,493.408203
6606,512,247333,483.072266
6607,512,244208,476.968750
6608,512,251917,492.025391
6609,512,236167,461.263672
6610,512,233666,456.378906
6611,512,243375,475.341797
6612,512,234500,458.007812
6613,512,232209,453.533203
6614,512,243458,475.503906
6615,512,241208,471.109375
6616,512,232292,453.695312
6617,512,248375,485.107422
6618,512,247541,483.478516
6619,512,224042,437.582031
6620,512,225708,440.835938
6621,512,231834,452.800781
6622,512,240791,470.294922
6623,512,245834,480.144531
6624,512,241500,471.679688
6625,512,258084,504.070312
6626,512,230458,450.113281
6627,512,259708,507.242188
6628,512,259583,506.998047
6629,512,250709,489.666016
6630,512,238792,466.390625
6631,512,285125,556.884766
6632,512,291333,569.009766
6633,512,269500,526.367188
6634,512,279083,545.083984
6635,512,256583,501.138672
6636,512,267208,521.890625
6637,512,274667,536.458984
6638,512,258833,505.533203
6639,512,267292,522.054688
6640,512,250083,488.443359
6641,512,257042,502.035156
6642,512,246709,481.853516
6643,512,257333,502.603516
6644,512,263125,513.916016
6645,512,241291,471.271484
6646,512,262792,513.265625
6647,512,249708,487.710938
6648,512,238500,465.820312
6649,512,245917,480.306641
6650,512,241542,471.761719
6651,512,230750,450.683594
6652,512,240334,469.402344
6653,512,224833,439.126953
6654,512,235667,460.287109
6655,512,228583,446.451172
6656,512,235042,459.066406
6657,512,225208,439.859375
6658,512,224458,438.394531
6659,512,213542,417.074219
6660,512,227458,444.253906
6661,512,224375,438.232422
6662,512,217500,424.804688
6663,512,235458,459.878906
6664,512,228083,445.474609
6665,512,227792,444.906250
6666,512,225500,440.429688
6667,512,238667,466.146484
6668,512,248208,484.781250
6669,512,257500,502.929688
6670,512,275666,538.410156
6671,512,265000,517.578125
6672,512,238875,466.552734
6673,512,249375,487.060547
6674,512,256750,501.464844
6675,512,260458,508.707031
6676,512,248083,484.537109
6677,512,249500,487.304688
6678,512,242041,472.736328
6679,512,255917,499.837891
6680,512,245416,479.328125
6681,512,245167,478.841797
6682,512,235208,459.390625
6683,512,234209,457.439453
6684,512,243584,475.750000
6685,512,247875,484.130859
6686,512,266083,519.693359
6687,512,245000,478.515625
6688,512,247583,483.560547
6689,512,255333,498.697266
6690,512,252542,493.246094
6691,512,262166,512.042969
6692,512,248292,484.945312
6693,512,250875,489.990234
6694,512,268000,523.437500
6695,512,346250,676.269531
6696,512,264791,517.169922
6697,512,250250,488.769531
6698,512,268209,523.845703
6699,512,283041,552.814453
6700,512,286584,559.734375
6701,512,273750,534.667969
6702,512,264542,516.683594
6703,512,267833,523.111328
6704,512,254000,496.093750
6705,512,265750,519.042969
6706,512,259959,507.732422
6707,512,258917,505.697266
6708,512,257208,502.359375
6709,512,249000,486.328125
6710,512,252584,493.328125
6711,512,256541,501.056641
6712,512,249208,486.734375
6713,512,241834,472.332031
6714,512,258583,505.044922
6715,512,250500,489.257812
6716,512,240958,470.621094
6717,512,267916,523.273438
6718,512,246625,481.689453
6719,512,257625,503.173828
6720,512,265417,518.392578
6721,512,251625,491.455078
6722,512,248292,484.945312
6723,512,256542,501.058594
6724,512,249208,486.734375
6725,512,256958,501.871094
6726,512,258583,505.044922
6727,512,267709,522.869141
6728,512,268209,523.845703
6729,512,270792,528.890625
6730,512,259958,507.730469
6731,512,247542,483.480469
6732,512,248542,485.433594
6733,512,247541,483.478516
6734,512,253542,495.199219
6735,512,231084,451.335938
6736,512,255750,499.511719
6737,512,241084,470.867188
6738,512,269708,526.773438
6739,512,244667,477.865234
6740,512,265334,518.230469
6741,512,247583,483.560547
6742,512,241500,471.679688
6743,512,247625,483.642578
6744,512,234791,458.576172
6745,512,242792,474.203125
6746,512,235750,460.449219
6747,512,248958,486.246094
6748,512,251916,492.023438
6749,512,224208,437.906250
6750,512,237917,464.681641
6751,512,226834,443.035156
6752,512,233416,455.890625
6753,512,228667,446.615234
6754,512,239417,467.611328
6755,512,230917,451.009766
6756,512,231500,452.148438
6757,512,251708,491.617188
6758,512,230333,449.869141
6759,512,232542,454.183594
6760,512,240375,469.482422
6761,512,249333,486.978516
6762,512,254834,497.722656
6763,512,248334,485.027344
6764,512,243625,475.830078
6765,512,254333,496.744141
6766,512,239708,468.179688
6767,512,246000,480.468750
6768,512,280333,547.525391
6769,512,298209,582.439453
6770,512,290500,567.382812
6771,512,354666,692.707031
6772,512,262750,513.183594
6773,512,270125,527.587891
6774,512,253083,494.302734
6775,512,242667,473.958984
6776,512,246084,480.632812
6777,512,241916,472.492188
6778,512,242042,472.738281
6779,512,234083,457.193359
6780,512,245208,478.921875
6781,512,232750,454.589844
6782,512,242167,472.982422
6783,512,232167,453.451172
6784,512,245875,480.224609
6785,512,253208,494.546875
6786,512,235375,459.716797
6787,512,244709,477.947266
6788,512,234208,457.437500
6789,512,243083,474.771484
6790,512,233292,455.648438
6791,512,241583,471.841797
6792,512,240875,470.458984
6793,512,239333,467.447266
6794,512,228959,447.185547
6795,512,248959,486.248047
6796,512,265500,518.554688
6797,512,272500,532.226562
6798,512,261208,510.171875
6799,512,246167,480.794922
6800,512,247125,482.666016
6801,512,245875,480.224609
6802,512,242209,473.064453
6803,512,241458,471.597656
6804,512,247458,483.316406
6805,512,234125,457.275391
6806,512,237875,464.599609
6807,512,228000,445.312500
6808,512,235458,459.878906
6809,512,236958,462.808594
6810,512,335542,655.355469
6811,512,379958,742.105469
6812,512,248417,485.189453
6813,512,249916,488.117188
6814,512,247208,482.828125
6815,512,256333,500.650391
6816,512,234500,458.007812
6817,512,238417,465.658203
6818,512,251000,490.234375
6819,512,241750,472.167969
6820,512,233959,456.951172
6821,512,234500,458.007812
6822,512,250166,488.605469
6823,512,244500,477.539062
6824,512,238333,465.494141
6825,512,242709,474.041016
6826,512,242208,473.062500
6827,512,239541,467.853516
6828,512,224834,439.128906
6829,512,231916,452.960938
6830,512,241917,472.494141
6831,512,239375,467.529297
6832,512,229083,447.427734
6833,512,241167,471.029297
6834,512,233916,456.867188
6835,512,266000,519.531250
6836,512,269375,526.123047
6837,512,264083,515.787109
6838,512,259000,505.859375
6839,512,247834,484.050781
6840,512,254334,496.746094
6841,512,254458,496.988281
6842,512,244667,477.865234
6843,512,252625,493.408203
6844,512,248542,485.433594
6845,512,241625,471.923828
6846,512,260959,509.685547
6847,512,247292,482.992188
6848,512,244000,476.562500
6849,512,244459,477.458984
6850,512,245166,478.839844
6851,512,248167,484.701172
6852,512,249166,486.652344
6853,512,245250,479.003906
6854,512,255792,499.593750
6855,512,238625,466.064453
6856,512,246042,480.550781
6857,512,233250,455.566406
6858,512,235042,459.066406
6859,512,238250,465.332031
6860,512,228750,446.777344
6861,512,229500,448.242188
6862,512,243333,475.259766
6863,512,224583,438.638672
6864,512,239583,467.935547
6865,512,253834,495.769531
6866,512,227000,443.359375
6867,512,226042,441.488281
6868,512,264000,515.625000
6869,512,255583,499.185547
6870,512,240125,468.994141
6871,512,245791,480.060547
6872,512,240667,470.052734
6873,512,231500,452.148438
6874,512,228875,447.021484
6875,512,249500,487.304688
6876,512,226750,442.871094
6877,512,228000,445.312500
6878,512,221916,433.429688
6879,512,232250,453.613281
6880,512,224458,438.394531
6881,512,225084,439.617188
6882,512,236667,462.240234
6883,512,217417,424.642578
6884,512,213709,417.400391
6885,512,224500,438.476562
6886,512,235333,459.634766
6887,512,225625,440.673828
6888,512,220292,430.257812
6889,512,217833,425.455078
6890,512,223958,437.417969
6891,512,216917,423.666016
6892,512,230875,450.927734
6893,512,213750,417.480469
6894,512,210083,410.318359
6895,512,220625,430.908203
6896,512,222167,433.919922
6897,512,210625,411.376953
6898,512,224083,437.662109
6899,512,207750,405.761719
6900,512,215625,421.142578
6901,512,220000,429.687500
6902,512,230500,450.195312
6903,512,231667,452.474609
6904,512,267167,521.810547
6905,512,275917,538.900391
6906,512,240375,469.482422
6907,512,265250,518.066406
6908,512,243292,475.179688
6909,512,245875,480.224609
6910,512,250500,489.257812
6911,512,248250,484.863281
6912,512,245667,479.818359
6913,512,234000,457.031250
6914,512,231958,453.042969
6915,512,250208,488.687500
6916,512,239875,468.505859
6917,512,224333,438.150391
6918,512,241667,472.005859
6919,512,230959,451.091797
6920,512,228834,446.941406
6921,512,241583,471.841797
6922,512,235208,459.390625
6923,512,232250,453.613281
6924,512,236667,462.240234
6925,512,228792,446.859375
6926,512,225709,440.837891
6927,512,216916,423.664062
6928,512,233500,456.054688
6929,512,229625,448.486328
6930,512,238250,465.332031
6931,512,228958,447.183594
6932,512,239375,467.529297
6933,512,246375,481.201172
6934,512,219917,429.525391
6935,512,227417,444.173828
6936,512,249583,487.466797
6937,512,262625,512.939453
6938,512,248208,484.781250
6939,512,268125,523.681641
6940,512,272041,531.330078
6941,512,247417,483.236328
6942,512,254000,496.093750
6943,512,254750,497.558594
6944,512,250916,490.070312
6945,512,254542,497.152344
6946,512,237875,464.599609
6947,512,261041,509.845703
6948,512,238334,465.496094
6949,512,239750,468.261719
6950,512,242083,472.818359
6951,512,235583,460.123047
6952,512,246667,481.771484
6953,512,249333,486.978516
6954,512,240000,468.750000
6955,512,232375,453.857422
6956,512,247750,483.886719
6957,512,244292,477.132812
6958,512,232959,454.998047
6959,512,224959,439.373047
6960,512,228792,446.859375
6961,512,242667,473.958984
6962,512,235292,459.554688
6963,512,228750,446.777344
6964,512,239208,467.203125
6965,512,235209,459.392578
6966,512,230916,451.007812
6967,512,229625,448.486328
6968,512,236958,462.808594
6969,512,232917,454.916016
6970,512,326208,637.125000
6971,512,250625,489.501953
6972,512,258791,505.451172
6973,512,264625,516.845703
6974,512,265084,517.742188
6975,512,275166,537.433594
6976,512,264500,516.601562
6977,512,284208,555.093750
6978,512,287959,562.419922
6979,512,277250,541.503906
6980,512,283625,553.955078
6981,512,274584,536.296875
6982,512,248875,486.083984
6983,512,238917,466.634766
6984,512,271208,529.703125
6985,512,256417,500.814453
6986,512,251583,491.373047
6987,512,256042,500.082031
6988,512,257041,502.033203
6989,512,273625,534.423828
6990,512,274625,536.376953
6991,512,265458,518.472656
6992,512,259334,506.511719
6993,512,277208,541.421875
6994,512,271458,530.191406
6995,512,255584,499.187500
6996,512,268083,523.599609
6997,512,314583,614.419922
6998,512,277542,542.074219
6999,512,248875,486.083984
7000,512,283333,553.384766
7001,512,272208,531.656250
7002,512,267167,521.810547
7003,512,247125,482.666016
7004,512,269042,525.472656
7005,512,255000,498.046875
7006,512,251750,491.699219
7007,512,245625,479.736328
7008,512,260375,508.544922
7009,512,231500,452.148438
7010,512,248625,485.595703
7011,512,261375,510.498047
7012,512,244458,477.457031
7013,512,243500,475.585938
7014,512,216417,422.689453
7015,512,241542,471.761719
7016,512,219500,428.710938
7017,512,227750,444.824219
7018,512,222500,434.570312
7019,512,231542,452.230469
7020,512,214875,419.677734
7021,512,230083,449.380859
7022,512,228208,445.718750
7023,512,213959,417.888672
7024,512,231916,452.960938
7025,512,223417,436.361328
7026,512,222667,434.896484
7027,512,226333,442.056641
7028,512,224583,438.638672
7029,512,224375,438.232422
7030,512,220167,430.013672
7031,512,225166,439.777344
7032,512,235834,460.613281
7033,512,237167,463.216797
7034,512,232750,454.589844
7035,512,245708,479.898438
7036,512,254334,496.746094
7037,512,234833,458.658203
7038,512,232458,454.019531
7039,512,241292,471.273438
7040,512,254875,497.802734
7041,512,255666,499.347656
7042,512,262083,511.880859
7043,512,251875,491.943359
7044,512,248875,486.083984
7045,512,251292,490.804688
7046,512,245917,480.306641
7047,512,249958,488.199219
7048,512,245333,479.166016
7049,512,237375,463.623047
7050,512,246083,480.630859
7051,512,237584,464.031250
7052,512,232375,453.857422
7053,512,241667,472.005859
7054,512,250666,489.582031
7055,512,231417,451.986328
7056,512,252083,492.349609
7057,512,228334,445.964844
7058,512,226292,441.976562
7059,512,234791,458.576172
7060,512,243959,476.482422
7061,512,235500,459.960938
7062,512,228500,446.289062
7063,512,229833,448.892578
7064,512,232542,454.183594
7065,512,233125,455.322266
7066,512,227000,443.359375
7067,512,236166,461.261719
7068,512,227375,444.091797
7069,512,234375,457.763672
7070,512,255833,499.673828
7071,512,258833,505.533203
7072,512,266250,520.019531
7073,512,276083,539.224609
7074,512,268459,524.333984
7075,512,273166,533.527344
7076,512,249250,486.816406
7077,512,250042,488.363281
7078,512,247958,484.292969
7079,512,247042,482.503906
7080,512,263416,514.484375
7081,512,269917,527.181641
7082,512,253583,495.279297
7083,512,251292,490.804688
7084,512,259750,507.324219
7085,512,237209,463.298828
7086,512,245166,478.839844
7087,512,251917,492.025391
7088,512,249666,487.628906
7089,512,256333,500.650391
7090,512,241375,471.435547
7091,512,266625,520.751953
7092,512,268833,525.064453
7093,512,249542,487.386719
7094,512,256125,500.244141
7095,512,246791,482.013672
7096,512,236834,462.566406
7097,512,237459,463.787109
7098,512,248291,484.943359
7099,512,238833,466.470703
7100,512,249667,487.630859
7101,512,246708,481.851562
7102,512,240167,469.076172
7103,512,209000,408.203125
7104,512,207250,404.785156
7105,512,215625,421.142578
7106,512,215333,420.572266
7107,512,232208,453.531250
7108,512,239125,467.041016
7109,512,241333,471.353516
7110,512,231292,451.742188
7111,512,230292,449.789062
7112,512,241791,472.248047
7113,512,227167,443.685547
7114,512,224667,438.802734
7115,512,226208,441.812500
7116,512,226833,443.033203
7117,512,229291,447.833984
7118,512,229750,448.730469
7119,512,235417,459.798828
7120,512,226333,442.056641
7121,512,225792,441.000000
7122,512,234000,457.031250
7123,512,228333,445.962891
7124,512,240375,469.482422
7125,512,220500,430.664062
7126,512,225209,439.861328
7127,512,226875,443.115234
7128,512,212625,415.283203
7129,512,212875,415.771484
7130,512,221125,431.884766
7131,512,219500,428.710938
7132,512,221208,432.046875
7133,512,219291,428.302734
7134,512,223084,435.710938
7135,512,215125,420.166016
7136,512,206875,404.052734
7137,512,219250,428.222656
7138,512,219542,428.792969
7139,512,217084,423.992188
7140,512,228833,446.939453
7141,512,219083,427.896484
7142,512,220500,430.664062
7143,512,240541,469.806641
7144,512,255500,499.023438
7145,512,260375,508.544922
7146,512,243917,476.400391
7147,512,251833,491.861328
7148,512,253958,496.011719
7149,512,239834,468.425781
7150,512,236209,461.345703
7151,512,250958,490.152344
7152,512,241042,470.785156
7153,512,235458,459.878906
7154,512,229542,448.324219
7155,512,236000,460.937500
7156,512,240084,468.914062
7157,512,235250,459.472656
7158,512,230208,449.625000
7159,512,237583,464.029297
7160,512,245250,479.003906
7161,512,239875,468.505859
7162,512,242166,472.980469
7163,512,216542,422.933594
7164,512,231584,452.312500
7165,512,227625,444.580078
7166,512,232666,454.425781
7167,512,235209,459.392578
7168,512,234541,458.087891
7169,512,234875,458.740234
7170,512,232792,454.671875
7171,512,239083,466.958984
7172,512,240916,470.539062
7173,512,238125,465.087891
7174,512,237208,463.296875
7175,512,248958,486.246094
7176,512,239292,467.367188
7177,512,249083,486.490234
7178,512,285500,557.617188
7179,512,286459,559.490234
7180,512,286958,560.464844
7181,512,273125,533.447266
7182,512,269541,526.447266
7183,512,266125,519.775391
7184,512,262000,511.718750
7185,512,272458,532.144531
7186,512,293375,572.998047
7187,512,311417,608.236328
7188,512,339666,663.410156
7189,512,302667,591.146484
7190,512,299916,585.773438
7191,512,288667,563.802734
7192,512,270917,529.134766
7193,512,248292,484.945312
7194,512,259459,506.755859
7195,512,259542,506.917969
7196,512,249333,486.978516
7197,512,232167,453.451172
7198,512,230583,450.357422
7199,512,233708,456.460938
7200,512,236959,462.810547
7201,512,235750,460.449219
7202,512,231000,451.171875
7203,512,226792,442.953125
7204,512,233958,456.949219
7205,512,251333,490.884766
7206,512,231292,451.742188
7207,512,230167,449.544922
7208,512,244459,477.458984
7209,512,258375,504.638672
7210,512,262541,512.775391
7211,512,250083,488.443359
7212,512,280875,548.583984
7213,512,294334,574.871094
7214,512,269416,526.203125
7215,512,255833,499.673828
7216,512,257750,503.417969
7217,512,264333,516.275391
7218,512,260292,508.382812
7219,512,246291,481.037109
7220,512,245042,478.597656
7221,512,247583,483.560547
7222,512,251458,491.128906
7223,512,239834,468.425781
7224,512,237875,464.599609
7225,512,241792,472.250000
7226,512,238250,465.332031
7227,512,237416,463.703125
7228,512,243334,475.261719
7229,512,255916,499.835938
7230,512,232417,453.939453
7231,512,231083,451.333984
7232,512,229583,448.404297
7233,512,228334,445.964844
7234,512,216041,421.955078
7235,512,227250,443.847656
7236,512,224542,438.558594
7237,512,226750,442.871094
7238,512,240750,470.214844
7239,512,231458,452.066406
7240,512,231583,452.310547
7241,512,228083,445.474609
7242,512,261000,509.765625
7243,512,284750,556.152344
7244,512,244709,477.947266
7245,512,255083,498.208984
7246,512,248833,486.001953
7247,512,262750,513.183594
7248,512,280083,547.037109
7249,512,260542,508.871094
7250,512,289917,566.244141
7251,512,293334,572.917969
7252,512,271375,530.029297
7253,512,260875,509.521484
7254,512,253083,494.302734
7255,512,259750,507.324219
7256,512,246166,480.792969
7257,512,251084,490.398438
7258,512,242708,474.039062
7259,512,241458,471.597656
7260,512,247209,482.830078
7261,512,267917,523.275391
7262,512,253000,494.140625
7263,512,260583,508.951172
7264,512,257042,502.035156
7265,512,254166,496.417969
7266,512,263417,514.486328
7267,512,248916,486.164062
7268,512,247084,482.585938
7269,512,267459,522.380859
7270,512,272166,531.574219
7271,512,267625,522.705078
7272,512,300584,587.078125
7273,512,278208,543.375000
7274,512,260875,509.521484
7275,512,256750,501.464844
7276,512,263792,515.218750
7277,512,259500,506.835938
7278,512,256083,500.162109
7279,512,257250,502.441406
7280,512,254250,496.582031
7281,512,258750,505.371094
7282,512,248083,484.537109
7283,512,249084,486.492188
7284,512,254625,497.314453
7285,512,241916,472.492188
7286,512,245584,479.656250
7287,512,242667,473.958984
7288,512,244792,478.109375
7289,512,249958,488.199219
7290,512,241000,470.703125
7291,512,237291,463.458984
7292,512,239083,466.958984
7293,512,253417,494.955078
7294,512,233458,455.972656
7295,512,237708,464.273438
7296,512,231792,452.718750
7297,512,242167,472.982422
7298,512,241208,471.109375
7299,512,233583,456.216797
7300,512,226583,442.544922
7301,512,238792,466.390625
7302,512,241666,472.003906
7303,512,236209,461.345703
7304,512,242375,473.388672
7305,512,252542,493.246094
7306,512,236667,462.240234
7307,512,243584,475.750000
7308,512,248166,484.699219
7309,512,241917,472.494141
7310,512,246167,480.794922
7311,512,257750,503.417969
7312,512,262541,512.775391
7313,512,258208,504.312500
7314,512,258875,505.615234
7315,512,251334,490.886719
7316,512,249208,486.734375
7317,512,254625,497.314453
7318,512,248625,485.595703
7319,512,236333,461.587891
7320,512,216666,423.175781
7321,512,224542,438.558594
7322,512,222291,434.162109
7323,512,216292,422.445312
7324,512,225500,440.429688
7325,512,221875,433.349609
7326,512,218041,425.861328
7327,512,212917,415.853516
7328,512,225875,441.162109
7329,512,221250,432.128906
7330,512,231042,451.253906
7331,512,214625,419.189453
7332,512,225667,440.755859
7333,512,215583,421.060547
7334,512,215375,420.654297
7335,512,211834,413.738281
7336,512,217584,424.968750
7337,512,214334,418.621094
7338,512,202291,395.099609
7339,512,216542,422.933594
7340,512,214875,419.677734
7341,512,211833,413.736328
7342,512,222167,433.919922
7343,512,236708,462.320312
7344,512,232833,454.751953
7345,512,241459,471.599609
7346,512,232500,454.101562
7347,512,247709,483.806641
7348,512,249958,488.199219
7349,512,230750,450.683594
7350,512,228208,445.718750
7351,512,226625,442.626953
7352,512,224500,438.476562
7353,512,232791,454.669922
7354,512,240000,468.750000
7355,512,232583,454.263672
7356,512,224083,437.662109
7357,512,220625,430.908203
7358,512,226084,441.570312
7359,512,240416,469.562500
7360,512,228333,445.962891
7361,512,232250,453.613281
7362,512,226500,442.382812
7363,512,225250,439.941406
7364,512,240833,470.376953
7365,512,238083,465.005859
7366,512,230750,450.683594
7367,512,237041,462.970703
7368,512,221292,432.210938
7369,512,225250,439.941406
7370,512,228083,445.474609
7371,512,221708,433.023438
7372,512,224667,438.802734
7373,512,221708,433.023438
7374,512,225625,440.673828
7375,512,221625,432.861328
7376,512,225125,439.697266
7377,512,233625,456.298828
7378,512,227833,444.986328
7379,512,237125,463.134766
7380,512,237042,462.972656
7381,512,253750,495.605469
7382,512,252667,493.490234
7383,512,247583,483.560547
7384,512,243458,475.503906
7385,512,242458,473.550781
7386,512,239792,468.343750
7387,512,263542,514.730469
7388,512,247041,482.501953
7389,512,242792,474.203125
7390,512,242458,473.550781
7391,512,238584,465.984375
7392,512,248209,484.783203
7393,512,250166,488.605469
7394,512,239792,468.343750
7395,512,247708,483.804688
7396,512,247458,483.316406
7397,512,272709,532.634766
7398,512,258166,504.230469
7399,512,243583,475.748047
7400,512,242333,473.306641
7401,512,257084,502.117188
7402,512,241125,470.947266
7403,512,235000,458.984375
7404,512,235458,459.878906
7405,512,230875,450.927734
7406,512,241917,472.494141
7407,512,234459,457.927734
7408,512,239334,467.449219
7409,512,235583,460.123047
7410,512,233000,455.078125
7411,512,248291,484.943359
7412,512,237750,464.355469
7413,512,238167,465.169922
7414,512,240709,470.134766
7415,512,233334,455.730469
7416,512,246416,481.281250
7417,512,264459,516.521484
7418,512,263375,514.404297
7419,512,255375,498.779297
7420,512,259584,507.000000
7421,512,228333,445.962891
7422,512,224333,438.150391
7423,512,221833,433.267578
7424,512,223583,436.685547
7425,512,232208,453.531250
7426,512,224375,438.232422
7427,512,218333,426.431641
7428,512,212833,415.689453
7429,512,215959,421.794922
7430,512,218375,426.513672
7431,512,214792,419.515625
7432,512,213042,416.097656
7433,512,217666,425.128906
7434,512,215917,421.712891
7435,512,219792,429.281250
7436,512,220791,431.232422
7437,512,215917,421.712891
7438,512,211500,413.085938
7439,512,209833,409.830078
7440,512,220333,430.337891
7441,512,216542,422.933594
7442,512,216708,423.257812
7443,512,224666,438.800781
7444,512,211917,413.900391
7445,512,217458,424.722656
7446,512,224000,437.500000
7447,512,224959,439.373047
7448,512,231708,452.554688
7449,512,217375,424.560547
7450,512,230584,450.359375
7451,512,220041,429.767578
7452,512,221209,432.048828
7453,512,253500,495.117188
7454,512,271750,530.761719
7455,512,244541,477.619141
7456,512,248500,485.351562
7457,512,259500,506.835938
7458,512,247292,482.992188
7459,512,238500,465.820312
7460,512,244416,477.375000
7461,512,246875,482.177734
7462,512,235334,459.636719
7463,512,237666,464.191406
7464,512,237750,464.355469
7465,512,229375,447.998047
7466,512,234916,458.820312
7467,512,232500,454.101562
7468,512,237250,463.378906
7469,512,244625,477.783203
7470,512,232125,453.369141
7471,512,228541,446.369141
7472,512,240917,470.541016
7473,512,234125,457.275391
7474,512,230708,450.601562
7475,512,234041,457.111328
7476,512,231917,452.962891
7477,512,233083,455.240234
7478,512,229958,449.136719
7479,512,228875,447.021484
7480,512,223791,437.091797
7481,512,233167,455.404297
7482,512,233958,456.949219
7483,512,227417,444.173828
7484,512,220292,430.257812
7485,512,228875,447.021484
7486,512,251250,490.722656
7487,512,250709,489.666016
7488,512,251291,490.802734
7489,512,273458,534.097656
7490,512,266500,520.507812
7491,512,271125,529.541016
7492,512,250250,488.769531
7493,512,255417,498.861328
7494,512,259500,506.835938
7495,512,264833,517.251953
7496,512,254542,497.152344
7497,512,266750,520.996094
7498,512,251000,490.234375
7499,512,241542,471.761719
7500,512,250875,489.990234
7501,512,246208,480.875000
7502,512,246459,481.365234
7503,512,245125,478.759766
7504,512,250291,488.849609
7505,512,243000,474.609375
7506,512,228917,447.103516
7507,512,225125,439.697266
7508,512,216625,423.095703
7509,512,215834,421.550781
7510,512,225625,440.673828
7511,512,215708,421.304688
7512,512,222375,434.326172
7513,512,213083,416.177734
7514,512,225458,440.347656
7515,512,208833,407.876953
7516,512,217125,424.072266
7517,512,208958,408.121094
7518,512,246042,480.550781
7519,512,235750,460.449219
7520,512,245125,478.759766
7521,512,238791,466.388672
7522,512,246584,481.609375
7523,512,246666,481.769531
7524,512,257584,503.093750
7525,512,265917,519.369141
7526,512,261417,510.580078
7527,512,251083,490.396484
7528,512,234208,457.437500
7529,512,238833,466.470703
7530,512,234417,457.845703
7531,512,235750,460.449219
7532,512,234083,457.193359
7533,512,230500,450.195312
7534,512,230000,449.218750
7535,512,232042,453.207031
7536,512,220041,429.767578
7537,512,231208,451.578125
7538,512,230042,449.300781
7539,512,224250,437.988281
7540,512,212625,415.283203
7541,512,229250,447.753906
7542,512,230208,449.625000
7543,512,219208,428.140625
7544,512,219750,429.199219
7545,512,221458,432.535156
7546,512,214083,418.130859
7547,512,214917,419.759766
7548,512,218667,427.083984
7549,512,220667,430.990234
7550,512,210583,411.294922
7551,512,222667,434.896484
7552,512,231958,453.042969
7553,512,229875,448.974609
7554,512,223833,437.173828
7555,512,212750,415.527344
7556,512,231041,451.251953
7557,512,237083,463.052734
7558,512,233292,455.648438
7559,512,231125,451.416016
7560,512,248875,486.083984
7561,512,241708,472.085938
7562,512,239417,467.611328
7563,512,228250,445.800781
7564,512,226542,442.464844
7565,512,237250,463.378906
7566,512,234667,458.333984
7567,512,247333,483.072266
7568,512,237208,463.296875
7569,512,236375,461.669922
7570,512,236083,461.099609
7571,512,231208,451.578125
7572,512,231584,452.312500
7573,512,232875,454.833984
7574,512,233542,456.136719
7575,512,225042,439.535156
7576,512,220833,431.314453
7577,512,226250,441.894531
7578,512,237667,464.193359
7579,512,240000,468.750000
7580,512,228708,446.695312
7581,512,221667,432.943359
7582,512,237416,463.703125
7583,512,231584,452.312500
7584,512,230750,450.683594
7585,512,227791,444.904297
7586,512,241667,472.005859
7587,512,235417,459.798828
7588,512,239625,468.017578
7589,512,239125,467.041016
7590,512,253209,494.548828
7591,512,250333,488.931641
7592,512,250333,488.931641
7593,512,358833,700.845703
7594,512,322542,629.964844
7595,512,366750,716.308594
7596,512,425208,830.484375
7597,512,322041,628.986328
7598,512,319375,623.779297
7599,512,325084,634.929688
7600,512,321542,628.011719
7601,512,319167,623.373047
7602,512,320834,626.628906
7603,512,295958,578.042969
7604,512,301958,589.761719
7605,512,279833,546.548828
7606,512,295500,577.148438
7607,512,253000,494.140625
7608,512,247875,484.130859
7609,512,282375,551.513672
7610,512,240083,468.912109
7611,512,245458,479.410156
7612,512,235458,459.878906
7613,512,230500,450.195312
7614,512,228250,445.800781
7615,512,231792,452.718750
7616,512,225542,440.511719
7617,512,221291,432.208984
7618,512,236334,461.589844
7619,512,217541,424.884766
7620,512,220833,431.314453
7621,512,241500,471.679688
7622,512,225042,439.535156
7623,512,240250,469.238281
7624,512,247792,483.968750
7625,512,238958,466.714844
7626,512,243958,476.480469
7627,512,226584,442.546875
7628,512,230625,450.439453
7629,512,233917,456.869141
7630,512,365958,714.761719
7631,512,355084,693.523438
7632,512,509625,995.361328
7633,512,505333,986.978516
7634,512,472000,921.875000
7635,512,409875,800.537109
7636,512,411166,803.058594
7637,512,389167,760.091797
7638,512,410875,802.490234
7639,512,444000,867.187500
7640,512,419542,819.417969
7641,512,435000,849.609375
7642,512,457583,893.716797
7643,512,459958,898.355469
7644,512,462417,903.158203
7645,512,397959,777.263672
7646,512,375916,734.210938
7647,512,388959,759.685547
7648,512,336167,656.576172
7649,512,408708,798.257812
7650,512,437625,854.736328
7651,512,247542,483.480469
7652,512,245834,480.144531
7653,512,243916,476.398438
7654,512,260875,509.521484
7655,512,279833,546.548828
7656,512,286833,560.220703
7657,512,318833,622.720703
7658,512,441625,862.548828
7659,512,568583,1110.513672
7660,512,478292,934.164062
7661,512,530875,1036.865234
7662,512,504791,985.919922
7663,512,432917,845.541016
7664,512,472708,923.257812
7665,512,448791,876.544922
7666,512,444583,868.326172
7667,512,418542,817.464844
7668,512,395542,772.542969
7669,512,360541,704.181641
7670,512,451584,882.000000
7671,512,443458,866.128906
7672,512,432875,845.458984
7673,512,395458,772.378906
7674,512,385875,753.662109
7675,512,352333,688.150391
7676,512,343334,670.574219
7677,512,336958,658.121094
7678,512,308917,603.353516
7679,512,333834,652.019531
7680,512,309458,604.410156
7681,512,363416,709.796875
7682,512,395459,772.380859
7683,512,352084,687.664062
7684,512,347542,678.792969
7685,512,381500,745.117188
7686,512,372416,727.375000
7687,512,400375,781.982422
7688,512,414084,808.757812
7689,512,387125,756.103516
7690,512,387750,757.324219
7691,512,374791,732.013672
7692,512,340458,664.957031
7693,512,367958,718.667969
7694,512,392250,766.113281
7695,512,351250,686.035156
7696,512,340000,664.062500
7697,512,347875,679.443359
7698,512,361291,705.646484
7699,512,351042,685.628906
7700,512,339708,663.492188
7701,512,372792,728.109375
7702,512,354375,692.138672
7703,512,408333,797.525391
7704,512,358917,701.009766
7705,512,386291,754.474609
7706,512,385917,753.744141
7707,512,417375,815.185547
7708,512,439250,857.910156
7709,512,415167,810.873047
7710,512,456292,891.195312
7711,512,490250,957.519531
7712,512,458875,896.240234
7713,512,347583,678.873047
7714,512,321834,628.582031
7715,512,331291,647.052734
7716,512,335375,655.029297
7717,512,347334,678.386719
7718,512,286959,560.466797
7719,512,291583,569.498047
7720,512,309208,603.921875
7721,512,284833,556.314453
7722,512,296708,579.507812
7723,512,282916,552.570312
7724,512,280334,547.527344
7725,512,278916,544.757812
7726,512,297042,580.160156
7727,512,272583,532.388672
7728,512,278250,543.457031
7729,512,285167,556.966797
7730,512,287208,560.953125
7731,512,277916,542.804688
7732,512,276667,540.365234
7733,512,286250,559.082031
7734,512,270333,527.994141
7735,512,278167,543.294922
7736,512,258166,504.230469
7737,512,255375,498.779297
7738,512,290375,567.138672
7739,512,272834,532.878906
7740,512,285250,557.128906
7741,512,286250,559.082031
7742,512,297167,580.404297
7743,512,295417,576.986328
7744,512,296541,579.181641
7745,512,286834,560.222656
7746,512,291542,569.417969
7747,512,306583,598.794922
7748,512,280333,547.525391
7749,512,285667,557.943359
7750,512,295875,577.880859
7751,512,280291,547.443359
7752,512,267875,523.193359
7753,512,256125,500.244141
7754,512,284709,556.072266
7755,512,286625,559.814453
7756,512,277292,541.585938
7757,512,276791,540.607422
7758,512,275500,538.085938
7759,512,264875,517.333984
7760,512,261041,509.845703
7761,512,272209,531.658203
7762,512,262916,513.507812
7763,512,264375,516.357422
7764,512,266958,521.402344
7765,512,291125,568.603516
7766,512,295417,576.986328
7767,512,369708,722.085938
7768,512,276375,539.794922
7769,512,275416,537.921875
7770,512,275000,537.109375
7771,512,290583,567.544922
7772,512,323833,632.486328
7773,512,362958,708.902344
7774,512,327375,639.404297
7775,512,300292,586.507812
7776,512,299916,585.773438
7777,512,279292,545.492188
7778,512,271208,529.703125
7779,512,270667,528.646484
7780,512,274000,535.156250
7781,512,263334,514.324219
7782,512,292000,570.312500
7783,512,264500,516.601562
7784,512,250458,489.175781
7785,512,259750,507.324219
7786,512,256333,500.650391
7787,512,248834,486.003906
7788,512,249292,486.898438
7789,512,253625,495.361328
7790,512,254584,497.234375
7791,512,256375,500.732422
7792,512,254084,496.257812
7793,512,263459,514.568359
7794,512,242166,472.980469
7795,512,247584,483.562500
7796,512,234333,457.681641
7797,512,245250,479.003906
7798,512,245167,478.841797
7799,512,243500,475.585938
7800,512,273709,534.587891
7801,512,285000,556.640625
7802,512,306041,597.736328
7803,512,287375,561.279297
7804,512,272834,532.878906
7805,512,284584,555.828125
7806,512,269875,527.099609
7807,512,260500,508.789062
7808,512,266209,519.939453
7809,512,238417,465.658203
7810,512,260875,509.521484
7811,512,252666,493.488281
7812,512,257834,503.582031
7813,512,248209,484.783203
7814,512,237041,462.970703
7815,512,245625,479.736328
7816,512,257750,503.417969
7817,512,258167,504.232422
7818,512,255875,499.755859
7819,512,243084,474.773438
7820,512,255250,498.535156
7821,512,242833,474.283203
7822,512,245542,479.574219
7823,512,248833,486.001953
7824,512,238666,466.144531
7825,512,240042,468.832031
7826,512,225083,439.615234
7827,512,260833,509.439453
7828,512,250500,489.257812
7829,512,260708,509.195312
7830,512,261042,509.847656
7831,512,267708,522.867188
7832,512,257250,502.441406
7833,512,308791,603.107422
7834,512,318375,621.826172
7835,512,327167,638.998047
7836,512,317042,619.222656
7837,512,313750,612.792969
7838,512,309833,605.142578
7839,512,303333,592.447266
7840,512,282334,551.433594
7841,512,295541,577.228516
7842,512,285292,557.210938
7843,512,269458,526.285156
7844,512,276458,539.957031
7845,512,296250,578.613281
7846,512,270375,528.076172
7847,512,268125,523.681641
7848,512,269750,526.855469
7849,512,258166,504.230469
7850,512,249708,487.710938
7851,512,242542,473.714844
7852,512,251458,491.128906
7853,512,250250,488.769531
7854,512,238166,465.167969
7855,512,250167,488.607422
7856,512,244333,477.212891
7857,512,249500,487.304688
7858,512,254917,497.884766
7859,512,237917,464.681641
7860,512,253916,495.929688
7861,512,261750,511.230469
7862,512,294416,575.031250
7863,512,255208,498.453125
7864,512,297292,580.648438
7865,512,298000,582.031250
7866,512,295542,577.230469
7867,512,272041,531.330078
7868,512,268917,525.228516
7869,512,283541,553.791016
7870,512,273042,533.285156
7871,512,277958,542.886719
7872,512,274500,536.132812
7873,512,272958,533.121094
7874,512,245667,479.818359
7875,512,253250,494.628906
7876,512,247333,483.072266
7877,512,271875,531.005859
7878,512,253292,494.710938
7879,512,279958,546.792969
7880,512,246625,481.689453
7881,512,267916,523.273438
7882,512,270792,528.890625
7883,512,264250,516.113281
7884,512,263625,514.892578
7885,512,272459,532.146484
7886,512,272125,531.494141
7887,512,289292,565.023438
7888,512,359875,702.880859
7889,512,305541,596.759766
7890,512,318375,621.826172
7891,512,340459,664.958984
7892,512,334333,652.994141
7893,512,313833,612.955078
7894,512,283083,552.896484
7895,512,307792,601.156250
7896,512,322791,630.451172
7897,512,317083,619.302734
7898,512,301667,589.193359
7899,512,282583,551.919922
7900,512,284250,555.175781
7901,512,274625,536.376953
7902,512,288000,562.500000
7903,512,270083,527.505859
7904,512,264292,516.195312
7905,512,268542,524.496094
7906,512,259083,506.021484
7907,512,283166,553.058594
7908,512,281584,549.968750
7909,512,287084,560.710938
7910,512,275833,538.736328
7911,512,277000,541.015625
7912,512,251666,491.535156
7913,512,259084,506.023438
7914,512,282042,550.863281
7915,512,274875,536.865234
7916,512,301750,589.355469
7917,512,298416,582.843750
7918,512,291334,569.011719
7919,512,276333,539.712891
7920,512,269791,526.935547
7921,512,264625,516.845703
7922,512,257084,502.117188
7923,512,255584,499.187500
7924,512,283542,553.792969
7925,512,365833,714.517578
7926,512,369709,722.087891
7927,512,284833,556.314453
7928,512,268875,525.146484
7929,512,261042,509.847656
7930,512,257541,503.009766
7931,512,249125,486.572266
7932,512,244959,478.435547
7933,512,241333,471.353516
7934,512,239875,468.505859
7935,512,237375,463.623047
7936,512,245292,479.085938
7937,512,233458,455.972656
7938,512,227875,445.068359
7939,512,227916,445.148438
7940,512,221209,432.048828
7941,512,218083,425.943359
7942,512,220125,429.931641
7943,512,221291,432.208984
7944,512,216875,423.583984
7945,512,210083,410.318359
7946,512,222000,433.593750
7947,512,220167,430.013672
7948,512,213750,417.480469
7949,512,226667,442.708984
7950,512,230584,450.359375
7951,512,313875,613.037109
7952,512,402292,785.726562
7953,512,234500,458.007812
7954,512,241750,472.167969
7955,512,275042,537.191406
7956,512,263166,513.996094
7957,512,279667,546.224609
7958,512,258000,503.906250
7959,512,252708,493.570312
7960,512,259375,506.591797
7961,512,248750,485.839844
7962,512,250500,489.257812
7963,512,245500,479.492188
7964,512,344916,673.664062
7965,512,562500,1098.632812
7966,512,439000,857.421875
7967,512,389125,760.009766
7968,512,403542,788.167969
7969,512,411500,803.710938
7970,512,383500,749.023438
7971,512,375042,732.503906
7972,512,369458,721.597656
7973,512,366208,715.250000
7974,512,367875,718.505859
7975,512,395750,772.949219
7976,512,368250,719.238281
7977,512,388208,758.218750
7978,512,377208,736.734375
7979,512,398334,777.996094
7980,512,372333,727.212891
7981,512,396583,774.576172
7982,512,420875,822.021484
7983,512,434542,848.714844
7984,512,395167,771.810547
7985,512,377417,737.142578
7986,512,340708,665.445312
7987,512,358875,700.927734
7988,512,367916,718.585938
7989,512,367959,718.669922
7990,512,376417,735.189453
7991,512,362416,707.843750
7992,512,327458,639.566406
7993,512,331625,647.705078
7994,512,341083,666.177734
7995,512,317916,620.929688
7996,512,331584,647.625000
7997,512,331875,648.193359
7998,512,346291,676.349609
7999,512,335250,654.785156
8000,512,377625,737.548828
8001,512,371042,724.691406
8002,512,375083,732.583984
8003,512,388167,758.138672
8004,512,335250,654.785156
8005,512,346375,676.513672
8006,512,364542,711.996094
8007,512,349708,683.023438
8008,512,336625,657.470703
8009,512,360709,704.509766
8010,512,348834,681.316406
8011,512,387209,756.267578
8012,512,364916,712.726562
8013,512,424708,829.507812
8014,512,400709,782.634766
8015,512,373208,728.921875
8016,512,397875,777.099609
8017,512,372875,728.271484
8018,512,361583,706.216797
8019,512,386416,754.718750
8020,512,392667,766.927734
8021,512,360208,703.531250
8022,512,367125,717.041016
8023,512,365208,713.296875
8024,512,391375,764.404297
8025,512,420125,820.556641
8026,512,395666,772.785156
8027,512,368625,719.970703
8028,512,350708,684.976562
8029,512,353500,690.429688
8030,512,306625,598.876953
8031,512,318000,621.093750
8032,512,321667,628.255859
8033,512,331042,646.566406
8034,512,329250,643.066406
8035,512,315708,616.617188
8036,512,344208,672.281250
8037,512,320542,626.058594
8038,512,309833,605.142578
8039,512,306542,598.714844
8040,512,304875,595.458984
8041,512,303708,593.179688
8042,512,293791,573.810547
8043,512,304875,595.458984
8044,512,314458,614.175781
8045,512,322125,629.150391
8046,512,296917,579.916016
8047,512,320708,626.382812
8048,512,349333,682.291016
8049,512,344292,672.445312
8050,512,384416,750.812500
8051,512,351709,686.931641
8052,512,345708,675.210938
8053,512,365042,712.972656
8054,512,364375,711.669922
8055,512,333541,651.447266
8056,512,345208,674.234375
8057,512,342042,668.050781
8058,512,339000,662.109375
8059,512,347250,678.222656
8060,512,325875,636.474609
8061,512,351250,686.035156
8062,512,359542,702.230469
8063,512,345334,674.480469
8064,512,353750,690.917969
8065,512,345625,675.048828
8066,512,334750,653.808594
8067,512,348542,680.746094
8068,512,343958,671.792969
8069,512,363500,709.960938
8070,512,334375,653.076172
8071,512,303916,593.585938
8072,512,323250,631.347656
8073,512,351917,687.337891
8074,512,348333,680.337891
8075,512,322333,629.556641
8076,512,340625,665.283203
8077,512,309791,605.060547
8078,512,321834,628.582031
8079,512,322250,629.394531
8080,512,328958,642.496094
8081,512,325084,634.929688
8082,512,319500,624.023438
8083,512,309500,604.492188
8084,512,311791,608.966797
8085,512,301834,589.519531
8086,512,311000,607.421875
8087,512,323416,631.671875
8088,512,327250,639.160156
8089,512,332417,649.251953
8090,512,319833,624.673828
8091,512,315042,615.316406
8092,512,325375,635.498047
8093,512,337875,659.912109
8094,512,345875,675.537109
8095,512,358667,700.521484
8096,512,355666,694.660156
8097,512,362875,708.740234
8098,512,318792,622.640625
8099,512,343292,670.492188
8100,512,347459,678.630859
8101,512,330333,645.181641
8102,512,357250,697.753906
8103,512,373000,728.515625
8104,512,347833,679.361328
8105,512,377125,736.572266
8106,512,357416,698.078125
8107,512,351750,687.011719
8108,512,328125,640.869141
8109,512,348792,681.234375
8110,512,338292,660.726562
8111,512,333041,650.470703
8112,512,349125,681.884766
8113,512,329167,642.904297
8114,512,325917,636.556641
8115,512,322334,629.558594
8116,512,335333,654.947266
8117,512,312833,611.001953
8118,512,296792,579.671875
8119,512,301375,588.623047
8120,512,297042,580.160156
8121,512,346792,677.328125
8122,512,355208,693.765625
8123,512,360542,704.183594
8124,512,354625,692.626953
8125,512,338417,660.970703
8126,512,330500,645.507812
8127,512,320458,625.894531
8128,512,344542,672.933594
8129,512,346541,676.837891
8130,512,343750,671.386719
8131,512,342667,669.271484
8132,512,340208,664.468750
8133,512,350125,683.837891
8134,512,352666,688.800781
8135,512,339334,662.761719
8136,512,347166,678.058594
8137,512,345083,673.990234
8138,512,341292,666.585938
8139,512,362583,708.169922
8140,512,343208,670.328125
8141,512,373208,728.921875
8142,512,348959,681.560547
8143,512,352625,688.720703
8144,512,375042,732.503906
8145,512,343750,671.386719
8146,512,268792,524.984375
8147,512,288958,564.371094
8148,512,329375,643.310547
8149,512,317333,619.791016
8150,512,317250,619.628906
8151,512,287625,561.767578
8152,512,293042,572.347656
8153,512,308459,602.458984
8154,512,269750,526.855469
8155,512,278334,543.621094
8156,512,288625,563.720703
8157,512,277959,542.888672
8158,512,286916,560.382812
8159,512,278458,543.863281
8160,512,279708,546.304688
8161,512,278000,542.968750
8162,512,277250,541.503906
8163,512,272083,531.412109
8164,512,295500,577.148438
8165,512,280917,548.666016
8166,512,266917,521.322266
8167,512,272000,531.250000
8168,512,264667,516.927734
8169,512,277875,542.724609
8170,512,267334,522.136719
8171,512,291541,569.416016
8172,512,269750,526.855469
8173,512,251584,491.375000
8174,512,270791,528.888672
8175,512,305500,596.679688
8176,512,281125,549.072266
8177,512,318375,621.826172
8178,512,294875,575.927734
8179,512,295875,577.880859
8180,512,294917,576.009766
8181,512,294417,575.033203
8182,512,288292,563.070312
8183,512,282042,550.863281
8184,512,292667,571.615234
8185,512,264084,515.789062
8186,512,302834,591.472656
8187,512,286166,558.917969
8188,512,275708,538.492188
8189,512,282125,551.025391
8190,512,282250,551.269531
8191,512,264458,516.519531
8192,512,306041,597.736328
8193,512,290916,568.195312
8194,512,245500,479.492188
8195,512,290750,567.871094
8196,512,271417,530.111328
8197,512,275500,538.085938
8198,512,281125,549.072266
8199,512,256292,500.570312
8200,512,258000,503.906250
8201,512,262792,513.265625
8202,512,268083,523.599609
8203,512,291167,568.685547
8204,512,303916,593.585938
8205,512,294209,574.626953
8206,512,296583,579.263672
8207,512,314833,614.908203
8208,512,269542,526.449219
8209,512,284708,556.070312
8210,512,280542,547.933594
8211,512,269958,527.261719
8212,512,291750,569.824219
8213,512,284583,555.826172
8214,512,275250,537.597656
8215,512,281125,549.072266
8216,512,312917,611.166016
8217,512,298500,583.007812
8218,512,265709,518.962891
8219,512,264125,515.869141
8220,512,252792,493.734375
8221,512,247583,483.560547
8222,512,240917,470.541016
8223,512,233333,455.728516
8224,512,267291,522.052734
8225,512,253917,495.931641
8226,512,250458,489.175781
8227,512,264417,516.439453
8228,512,244709,477.947266
8229,512,258208,504.312500
8230,512,255750,499.511719
8231,512,239041,466.876953
8232,512,261167,510.091797
8233,512,222291,434.162109
8234,512,252125,492.431641
8235,512,248125,484.619141
8236,512,230292,449.789062
8237,512,250792,489.828125
8238,512,270458,528.238281
8239,512,245875,480.224609
8240,512,254167,496.419922
8241,512,251083,490.396484
8242,512,236875,462.646484
8243,512,238542,465.902344
8244,512,234041,457.111328
8245,512,239458,467.691406
8246,512,246709,481.853516
8247,512,227667,444.662109
8248,512,234625,458.251953
8249,512,235084,459.148438
8250,512,237625,464.111328
8251,512,246334,481.121094
8252,512,228334,445.964844
8253,512,247458,483.316406
8254,512,232583,454.263672
8255,512,234042,457.113281
8256,512,219000,427.734375
8257,512,524959,1025.310547
8258,512,440000,859.375000
8259,512,369459,721.599609
8260,512,379584,741.375000
8261,512,360959,704.998047
8262,512,339583,663.248047
8263,512,368500,719.726562
8264,512,383500,749.023438
8265,512,406875,794.677734
8266,512,395750,772.949219
8267,512,427125,834.228516
8268,512,393333,768.228516
8269,512,392834,767.253906
8270,512,378375,739.013672
8271,512,406250,793.457031
8272,512,384209,750.408203
8273,512,382250,746.582031
8274,512,391208,764.078125
8275,512,390916,763.507812
8276,512,371750,726.074219
8277,512,393917,769.369141
8278,512,396833,775.064453
8279,512,373375,729.248047
8280,512,382834,747.722656
8281,512,392292,766.195312
8282,512,482583,942.544922
8283,512,503000,982.421875
8284,512,460125,898.681641
8285,512,493667,964.193359
8286,512,496875,970.458984
8287,512,416208,812.906250
8288,512,361333,705.728516
8289,512,365042,712.972656
8290,512,337625,659.423828
8291,512,393875,769.287109
8292,512,350500,684.570312
8293,512,360542,704.183594
8294,512,347208,678.140625
8295,512,346542,676.839844
8296,512,344625,673.095703
8297,512,386291,754.474609
8298,512,364334,711.589844
8299,512,338375,660.888672
8300,512,331875,648.193359
8301,512,350000,683.593750
8302,512,359667,702.474609
8303,512,398333,777.994141
8304,512,447958,874.917969
8305,512,441417,862.142578
8306,512,464333,906.900391
8307,512,464750,907.714844
8308,512,428000,835.937500
8309,512,405125,791.259766
8310,512,395791,773.029297
8311,512,399709,780.681641
8312,512,428292,836.507812
8313,512,415458,811.441406
8314,512,388667,759.115234
8315,512,367208,717.203125
8316,512,300291,586.505859
8317,512,309292,604.085938
8318,512,335083,654.458984
8319,512,318041,621.173828
8320,512,328500,641.601562
8321,512,339542,663.167969
8322,512,328375,641.357422
8323,512,335958,656.167969
8324,512,292542,571.371094
8325,512,302958,591.714844
8326,512,366792,716.390625
8327,512,383791,749.591797
8328,512,359375,701.904297
8329,512,388542,758.871094
8330,512,428041,836.017578
8331,512,403584,788.250000
8332,512,1126875,2200.927734
8333,512,721375,1408.935547
8334,512,619584,1210.125000
8335,512,841750,1644.042969
8336,512,502292,981.039062
8337,512,383667,749.349609
8338,512,370083,722.818359
8339,512,377416,737.140625
8340,512,391584,764.812500
8341,512,347875,679.443359
8342,512,325500,635.742188
8343,512,320000,625.000000
8344,512,323375,631.591797
8345,512,341084,666.179688
8346,512,412541,805.744141
8347,512,351792,687.093750
8348,512,398708,778.726562
8349,512,409083,798.990234
8350,512,401667,784.505859
8351,512,352833,689.126953
8352,512,830834,1622.722656
8353,512,615916,1202.960938
8354,512,429334,838.542969
8355,512,544417,1063.314453
8356,512,376667,735.677734
8357,512,357000,697.265625
8358,512,342208,668.375000
8359,512,330042,644.613281
8360,512,340583,665.201172
8361,512,346000,675.781250
8362,512,365208,713.296875
8363,512,379375,740.966797
8364,512,367958,718.667969
8365,512,417708,815.835938
8366,512,458833,896.158203
8367,512,405417,791.830078
8368,512,352583,688.638672
8369,512,354250,691.894531
8370,512,348083,679.849609
8371,512,654792,1278.890625
8372,512,896667,1751.302734
8373,512,576125,1125.244141
8374,512,919333,1795.572266
8375,512,556667,1087.240234
8376,512,457584,893.718750
8377,512,435875,851.318359
8378,512,520625,1016.845703
8379,512,379750,741.699219
8380,512,354708,692.789062
8381,512,353333,690.103516
8382,512,675125,1318.603516
8383,512,365250,713.378906
8384,512,343375,670.654297
8385,512,1681167,3283.529297
8386,512,826750,1614.746094
8387,512,952209,1859.783203
8388,512,691791,1351.154297
8389,512,497417,971.517578
8390,512,400458,782.144531
8391,512,385167,752.279297
8392,512,359500,702.148438
8393,512,557500,1088.867188
8394,512,483041,943.439453
8395,512,372750,728.027344
8396,512,453583,885.904297
8397,512,369042,720.785156
8398,512,503583,983.560547
8399,512,465833,909.830078
8400,512,1092333,2133.462891
8401,512,798542,1559.652344
8402,512,570958,1115.152344
8403,512,471750,921.386719
8404,512,1120375,2188.232422
8405,512,694417,1356.283203
8406,512,605167,1181.966797
8407,512,711708,1390.054688
8408,512,527625,1030.517578
8409,512,623917,1218.587891
8410,512,479750,937.011719
8411,512,474667,927.083984
8412,512,506042,988.363281
8413,512,530208,1035.562500
8414,512,442875,864.990234
8415,512,390917,763.509766
8416,512,371250,725.097656
8417,512,366625,716.064453
8418,512,370708,724.039062
8419,512,509333,994.791016
8420,512,362792,708.578125
8421,512,378416,739.093750
8422,512,385750,753.417969
8423,512,386834,755.535156
8424,512,408334,797.527344
8425,512,416459,813.396484
8426,512,412708,806.070312
8427,512,428917,837.728516
8428,512,316292,617.757812
8429,512,325625,635.986328
8430,512,339208,662.515625
8431,512,331792,648.031250
8432,512,346209,676.189453
8433,512,352250,687.988281
8434,512,377125,736.572266
8435,512,341416,666.828125
8436,512,335625,655.517578
8437,512,341542,667.074219
8438,512,356125,695.556641
8439,512,344167,672.201172
8440,512,334292,652.914062
8441,512,334166,652.667969
8442,512,335875,656.005859
8443,512,339417,662.923828
8444,512,323708,632.242188
8445,512,319250,623.535156
8446,512,336917,658.041016
8447,512,637792,1245.687500
8448,512,531000,1037.109375
8449,512,548584,1071.453125
8450,512,507458,991.128906
8451,512,369708,722.085938
8452,512,376333,735.025391
8453,512,747333,1459.634766
8454,512,655667,1280.599609
8455,512,518500,1012.695312
8456,512,317625,620.361328
8457,512,260291,508.380859
8458,512,264875,517.333984
8459,512,275083,537.271484
8460,512,269833,527.017578
8461,512,269667,526.693359
8462,512,265667,518.880859
8463,512,278917,544.759766
8464,512,269917,527.181641
8465,512,279000,544.921875
8466,512,281375,549.560547
8467,512,281042,548.910156
8468,512,284417,555.501953
8469,512,274541,536.212891
8470,512,271875,531.005859
8471,512,283166,553.058594
8472,512,284750,556.152344
8473,512,281042,548.910156
8474,512,701209,1369.548828
8475,512,740750,1446.777344
8476,512,449584,878.093750
8477,512,332875,650.146484
8478,512,321542,628.011719
8479,512,319291,623.615234
8480,512,344875,673.583984
8481,512,311958,609.292969
8482,512,303750,593.261719
8483,512,307250,600.097656
8484,512,312500,610.351562
8485,512,316083,617.349609
8486,512,319250,623.535156
8487,512,302375,590.576172
8488,512,302417,590.658203
8489,512,314750,614.746094
8490,512,312792,610.921875
8491,512,297916,581.867188
8492,512,309000,603.515625
8493,512,301708,589.273438
8494,512,305250,596.191406
8495,512,299500,584.960938
8496,512,303917,593.587891
8497,512,316208,617.593750
8498,512,307416,600.421875
8499,512,296959,579.998047
8500,512,275125,537.353516
8501,512,260458,508.707031
8502,512,266625,520.751953
8503,512,281583,549.966797
8504,512,289584,565.593750
8505,512,258750,505.371094
8506,512,267167,521.810547
8507,512,273000,533.203125
8508,512,268791,524.982422
8509,512,295375,576.904297
8510,512,294541,575.275391
8511,512,316875,618.896484
8512,512,298416,582.843750
8513,512,277084,541.179688
8514,512,276959,540.935547
8515,512,272291,531.818359
8516,512,276125,539.306641
8517,512,281875,550.537109
8518,512,290458,567.300781
8519,512,271292,529.867188
8520,512,257291,502.521484
8521,512,247917,484.212891
8522,512,255583,499.185547
8523,512,253875,495.849609
8524,512,257208,502.359375
8525,512,258292,504.476562
8526,512,263416,514.484375
8527,512,253500,495.117188
8528,512,257917,503.744141
8529,512,247958,484.292969
8530,512,252792,493.734375
8531,512,258542,504.964844
8532,512,250541,489.337891
8533,512,248750,485.839844
8534,512,254334,496.746094
8535,512,246541,481.525391
8536,512,261000,509.765625
8537,512,254167,496.419922
8538,512,277334,541.667969
8539,512,258875,505.615234
8540,512,272000,531.250000
8541,512,526334,1027.996094
8542,512,272000,531.250000
8543,512,263667,514.974609
8544,512,262916,513.507812
8545,512,269084,525.554688
8546,512,263334,514.324219
8547,512,262459,512.615234
8548,512,262291,512.287109
8549,512,256583,501.138672
8550,512,273250,533.691406
8551,512,269500,526.367188
8552,512,269250,525.878906
8553,512,278542,544.027344
8554,512,266417,520.345703
8555,512,272500,532.226562
8556,512,272084,531.414062
8557,512,265750,519.042969
8558,512,266125,519.775391
8559,512,274042,535.238281
8560,512,265167,517.904297
8561,512,267500,522.460938
8562,512,264041,515.705078
8563,512,260792,509.359375
8564,512,276917,540.853516
8565,512,277041,541.095703
8566,512,279084,545.085938
8567,512,289500,565.429688
8568,512,295041,576.251953
8569,512,284084,554.851562
8570,512,295458,577.066406
8571,512,279750,546.386719
8572,512,288542,563.558594
8573,512,287458,561.441406
8574,512,274958,537.027344
8575,512,273167,533.529297
8576,512,274917,536.947266
8577,512,560042,1093.832031
8578,512,547792,1069.906250
8579,512,512333,1000.650391
8580,512,520167,1015.951172
8581,512,538041,1050.861328
8582,512,271917,531.087891
8583,512,272166,531.574219
8584,512,285292,557.210938
8585,512,303458,592.691406
8586,512,291875,570.068359
8587,512,288667,563.802734
8588,512,269833,527.017578
8589,512,271000,529.296875
8590,512,271250,529.785156
8591,512,281208,549.234375
8592,512,273667,534.505859
8593,512,272791,532.794922
8594,512,305917,597.494141
8595,512,313333,611.978516
8596,512,313500,612.304688
8597,512,310666,606.769531
8598,512,318375,621.826172
8599,512,320000,625.000000
8600,512,324666,634.113281
8601,512,324959,634.685547
8602,512,318584,622.234375
8603,512,315166,615.558594
8604,512,320834,626.628906
8605,512,319583,624.185547
8606,512,387500,756.835938
8607,512,792625,1548.095703
8608,512,604208,1180.093750
8609,512,564584,1102.703125
8610,512,569292,1111.898438
8611,512,562166,1097.980469
8612,512,397667,776.693359
8613,512,273667,534.505859
8614,512,274750,536.621094
8615,512,300042,586.019531
8616,512,319250,623.535156
8617,512,291292,568.929688
8618,512,323833,632.486328
8619,512,318084,621.257812
8620,512,313583,612.466797
8621,512,289417,565.267578
8622,512,290584,567.546875
8623,512,264833,517.251953
8624,512,279667,546.224609
8625,512,274375,535.888672
8626,512,299750,585.449219
8627,512,284458,555.582031
8628,512,278833,544.595703
8629,512,293792,573.812500
8630,512,290291,566.974609
8631,512,277792,542.562500
8632,512,302250,590.332031
8633,512,308208,601.968750
8634,512,333791,651.935547
8635,512,308792,603.109375
8636,512,322000,628.906250
8637,512,338375,660.888672
8638,512,308875,603.271484
8639,512,299083,584.146484
8640,512,395042,771.566406
8641,512,334792,653.890625
8642,512,322583,630.044922
8643,512,313208,611.734375
8644,512,306875,599.365234
8645,512,296083,578.287109
8646,512,299042,584.066406
8647,512,282875,552.490234
8648,512,279875,546.630859
8649,512,266125,519.775391
8650,512,273958,535.074219
8651,512,281667,550.130859
8652,512,286833,560.220703
8653,512,282292,551.351562
8654,512,274083,535.318359
8655,512,272417,532.064453
8656,512,281667,550.130859
8657,512,276666,540.363281
8658,512,287667,561.849609
8659,512,273000,533.203125
8660,512,268375,524.169922
8661,512,269083,525.552734
8662,512,263167,513.998047
8663,512,285250,557.128906
8664,512,315834,616.863281
8665,512,305667,597.005859
8666,512,289875,566.162109
8667,512,284875,556.396484
8668,512,438875,857.177734
8669,512,367875,718.505859
8670,512,294375,574.951172
8671,512,329708,643.960938
8672,512,339375,662.841797
8673,512,402292,785.726562
8674,512,417708,815.835938
8675,512,326500,637.695312
8676,512,325875,636.474609
8677,512,324750,634.277344
8678,512,324125,633.056641
8679,512,327500,639.648438
8680,512,340500,665.039062
8681,512,314750,614.746094
8682,512,282958,552.652344
8683,512,264958,517.496094
8684,512,264208,516.031250
8685,512,268083,523.599609
8686,512,258333,504.556641
8687,512,261167,510.091797
8688,512,288000,562.500000
8689,512,278666,544.269531
8690,512,259667,507.162109
8691,512,279792,546.468750
8692,512,302958,591.714844
8693,512,271833,530.923828
8694,512,264542,516.683594
8695,512,246458,481.363281
8696,512,239750,468.261719
8697,512,251209,490.642578
8698,512,265250,518.066406
8699,512,249000,486.328125
8700,512,267084,521.648438
8701,512,264209,516.033203
8702,512,308917,603.353516
8703,512,288833,564.126953
8704,512,302542,590.902344
8705,512,295000,576.171875
8706,512,297791,581.623047
8707,512,288750,563.964844
8708,512,290250,566.894531
8709,512,257833,503.580078
8710,512,291250,568.847656
8711,512,275291,537.677734
8712,512,294583,575.357422
8713,512,286584,559.734375
8714,512,271250,529.785156
8715,512,261083,509.927734
8716,512,253750,495.605469
8717,512,252833,493.814453
8718,512,266500,520.507812
8719,512,263667,514.974609
8720,512,267458,522.378906
8721,512,280791,548.419922
8722,512,286208,559.000000
8723,512,296000,578.125000
8724,512,308333,602.212891
8725,512,324459,633.708984
8726,512,313416,612.140625
8727,512,293875,573.974609
8728,512,343500,670.898438
8729,512,351916,687.335938
8730,512,319000,623.046875
8731,512,316834,618.816406
8732,512,296667,579.427734
8733,512,297000,580.078125
8734,512,290500,567.382812
8735,512,304750,595.214844
8736,512,677000,1322.265625
8737,512,721375,1408.935547
8738,512,604625,1180.908203
8739,512,422750,825.683594
8740,512,302333,590.494141
8741,512,291875,570.068359
8742,512,285709,558.025391
8743,512,290291,566.974609
8744,512,294959,576.091797
8745,512,295500,577.148438
8746,512,298250,582.519531
8747,512,299584,585.125000
8748,512,290458,567.300781
8749,512,302833,591.470703
8750,512,330125,644.775391
8751,512,342042,668.050781
8752,512,344416,672.687500
8753,512,354958,693.277344
8754,512,350917,685.384766
8755,512,339375,662.841797
8756,512,342000,667.968750
8757,512,335958,656.167969
8758,512,277792,542.562500
8759,512,256500,500.976562
8760,512,257708,503.335938
8761,512,254333,496.744141
8762,512,250542,489.339844
8763,512,247750,483.886719
8764,512,243500,475.585938
8765,512,329541,643.634766
8766,512,565625,1104.736328
8767,512,488125,953.369141
8768,512,453166,885.089844
8769,512,420333,820.962891
8770,512,424792,829.671875
8771,512,253875,495.849609
8772,512,250709,489.666016
8773,512,279042,545.003906
8774,512,287750,562.011719
8775,512,318750,622.558594
8776,512,262625,512.939453
8777,512,282416,551.593750
8778,512,267084,521.648438
8779,512,270333,527.994141
8780,512,277333,541.666016
8781,512,282708,552.164062
8782,512,275792,538.656250
8783,512,268875,525.146484
8784,512,276500,540.039062
8785,512,286292,559.164062
8786,512,262042,511.800781
8787,512,274000,535.156250
8788,512,270625,528.564453
8789,512,266375,520.263672
8790,512,263416,514.484375
8791,512,265750,519.042969
8792,512,269625,526.611328
8793,512,260958,509.683594
8794,512,271917,531.087891
8795,512,267666,522.785156
8796,512,263208,514.078125
8797,512,269167,525.716797
8798,512,395458,772.378906
8799,512,631208,1232.828125
8800,512,482875,943.115234
8801,512,445792,870.687500
8802,512,413708,808.023438
8803,512,553875,1081.787109
8804,512,525334,1026.042969
8805,512,484208,945.718750
8806,512,486708,950.601562
8807,512,516292,1008.382812
8808,512,500000,976.562500
8809,512,495333,967.447266
8810,512,487875,952.880859
8811,512,464334,906.902344
8812,512,462625,903.564453
8813,512,476209,930.095703
8814,512,406750,794.433594
8815,512,393417,768.392578
8816,512,398417,778.158203
8817,512,480167,937.826172
8818,512,436375,852.294922
8819,512,445125,869.384766
8820,512,423166,826.496094
8821,512,477625,932.861328
8822,512,443792,866.781250
8823,512,386708,755.289062
8824,512,390458,762.613281
8825,512,367792,718.343750
8826,512,387625,757.080078
8827,512,397541,776.447266
8828,512,405250,791.503906
8829,512,346625,677.001953
8830,512,356875,697.021484
8831,512,321417,627.767578
8832,512,334542,653.402344
8833,512,333292,650.960938
8834,512,335083,654.458984
8835,512,336875,657.958984
8836,512,350291,684.162109
8837,512,335292,654.867188
8838,512,246583,481.607422
8839,512,273875,534.912109
8840,512,295500,577.148438
8841,512,328958,642.496094
8842,512,347750,679.199219
8843,512,345792,675.375000
8844,512,354584,692.546875
8845,512,403750,788.574219
8846,512,424041,828.205078
8847,512,456375,891.357422
8848,512,364709,712.322266
8849,512,347291,678.302734
8850,512,416459,813.396484
8851,512,463583,905.435547
8852,512,515208,1006.265625
8853,512,450250,879.394531
8854,512,470250,918.457031
8855,512,442500,864.257812
8856,512,426500,833.007812
8857,512,547209,1068.767578
8858,512,467334,912.761719
8859,512,420666,821.613281
8860,512,377500,737.304688
8861,512,399959,781.169922
8862,512,383875,749.755859
8863,512,389625,760.986328
8864,512,441375,862.060547
8865,512,428792,837.484375
8866,512,454000,886.718750
8867,512,380458,743.082031
8868,512,374209,730.876953
8869,512,357916,699.054688
8870,512,352750,688.964844
8871,512,349375,682.373047
8872,512,369167,721.029297
8873,512,369583,721.841797
8874,512,358584,700.359375
8875,512,354625,692.626953
8876,512,347333,678.384766
8877,512,339917,663.900391
8878,512,362041,707.111328
8879,512,371333,725.259766
8880,512,321042,627.035156
8881,512,316292,617.757812
8882,512,323750,632.324219
8883,512,295542,577.230469
8884,512,289458,565.347656
8885,512,289375,565.185547
8886,512,300042,586.019531
8887,512,315209,615.642578
8888,512,333750,651.855469
8889,512,332416,649.250000
8890,512,353292,690.023438
8891,512,350667,684.896484
8892,512,312125,609.619141
8893,512,316542,618.246094
8894,512,292500,571.289062
8895,512,327042,638.753906
8896,512,296625,579.345703
8897,512,301959,589.763672
8898,512,319000,623.046875
8899,512,331125,646.728516
8900,512,291042,568.441406
8901,512,305292,596.273438
8902,512,309666,604.816406
8903,512,308334,602.214844
8904,512,290833,568.033203
8905,512,296000,578.125000
8906,512,299500,584.960938
8907,512,295666,577.472656
8908,512,318584,622.234375
8909,512,318709,622.478516
8910,512,302041,589.923828
8911,512,378084,738.445312
8912,512,375416,733.234375
8913,512,327959,640.544922
8914,512,314958,615.152344
8915,512,306125,597.900391
8916,512,305833,597.330078
8917,512,326667,638.021484
8918,512,317334,619.792969
8919,512,290709,567.791016
8920,512,304333,594.400391
8921,512,394833,771.158203
8922,512,293209,572.673828
8923,512,292708,571.695312
8924,512,289792,566.000000
8925,512,295375,576.904297
8926,512,290458,567.300781
8927,512,279750,546.386719
8928,512,284292,555.257812
8929,512,280125,547.119141
8930,512,278833,544.595703
8931,512,280083,547.037109
8932,512,274000,535.156250
8933,512,294000,574.218750
8934,512,333625,651.611328
8935,512,353834,691.082031
8936,512,378625,739.501953
8937,512,425042,830.160156
8938,512,455375,889.404297
8939,512,359417,701.986328
8940,512,420792,821.859375
8941,512,313584,612.468750
8942,512,554875,1083.740234
8943,512,554417,1082.845703
8944,512,545917,1066.244141
8945,512,492000,960.937500
8946,512,470916,919.757812
8947,512,474542,926.839844
8948,512,473750,925.292969
8949,512,482083,941.568359
8950,512,443125,865.478516
8951,512,437459,854.412109
8952,512,450125,879.150391
8953,512,459250,896.972656
8954,512,472541,922.931641
8955,512,547875,1070.068359
8956,512,521792,1019.125000
8957,512,462000,902.343750
8958,512,274083,535.318359
8959,512,270083,527.505859
8960,512,259375,506.591797
8961,512,254875,497.802734
8962,512,254500,497.070312
8963,512,256167,500.326172
8964,512,280500,547.851562
8965,512,278041,543.048828
8966,512,414625,809.814453
8967,512,573833,1120.767578
8968,512,870125,1699.462891
8969,512,768000,1500.000000
8970,512,551583,1077.310547
8971,512,540583,1055.826172
8972,512,475042,927.816406
8973,512,450959,880.779297
8974,512,445292,869.710938
8975,512,434916,849.445312
8976,512,429208,838.296875
8977,512,532708,1040.445312
8978,512,488167,953.451172
8979,512,498875,974.365234
8980,512,430333,840.494141
8981,512,449833,878.580078
8982,512,453333,885.416016
8983,512,446167,871.419922
8984,512,465167,908.529297
8985,512,447416,873.859375
8986,512,374583,731.607422
8987,512,440000,859.375000
8988,512,564000,1101.562500
8989,512,582750,1138.183594
8990,512,623291,1217.365234
8991,512,544292,1063.070312
8992,512,631417,1233.236328
8993,512,726542,1419.027344
8994,512,706958,1380.777344
8995,512,462208,902.750000
8996,512,409667,800.130859
8997,512,375042,732.503906
8998,512,368459,719.646484
8999,512,340709,665.447266
9000,512,336041,656.330078
9001,512,320792,626.546875
9002,512,327625,639.892578
9003,512,337459,659.099609
9004,512,327542,639.730469
9005,512,292083,570.474609
9006,512,322125,629.150391
9007,512,270750,528.808594
9008,512,355584,694.500000
9009,512,445375,869.873047
9010,512,692916,1353.351562
9011,512,433167,846.029297
9012,512,418833,818.033203
9013,512,454250,887.207031
9014,512,418125,816.650391
9015,512,371417,725.423828
9016,512,359542,702.230469
9017,512,377583,737.466797
9018,512,338917,661.947266
9019,512,354542,692.464844
9020,512,342250,668.457031
9021,512,338458,661.050781
9022,512,334875,654.052734
9023,512,348292,680.257812
9024,512,342750,669.433594
9025,512,324250,633.300781
9026,512,346209,676.189453
9027,512,321625,628.173828
9028,512,329375,643.310547
9029,512,332375,649.169922
9030,512,306083,597.818359
9031,512,316125,617.431641
9032,512,311500,608.398438
9033,512,300500,586.914062
9034,512,319500,624.023438
9035,512,329125,642.822266
9036,512,326000,636.718750
9037,512,311958,609.292969
9038,512,318750,622.558594
9039,512,364334,711.589844
9040,512,345583,674.966797
9041,512,352333,688.150391
9042,512,351667,686.849609
9043,512,319458,623.941406
9044,512,354875,693.115234
9045,512,321666,628.253906
9046,512,319750,624.511719
9047,512,314417,614.095703
9048,512,323250,631.347656
9049,512,342875,669.677734
9050,512,324584,633.953125
9051,512,308584,602.703125
9052,512,311709,608.806641
9053,512,322541,629.962891
9054,512,308833,603.189453
9055,512,323167,631.185547
9056,512,358167,699.544922
9057,512,333750,651.855469
9058,512,310250,605.957031
9059,512,308625,602.783203
9060,512,328084,640.789062
9061,512,310791,607.013672
9062,512,300750,587.402344
9063,512,329000,642.578125
9064,512,363000,708.984375
9065,512,331375,647.216797
9066,512,355167,693.685547
9067,512,343416,670.734375
9068,512,334084,652.507812
9069,512,300750,587.402344
9070,512,299042,584.066406
9071,512,305334,596.355469
9072,512,285625,557.861328
9073,512,294791,575.763672
9074,512,278500,543.945312
9075,512,271333,529.947266
9076,512,277917,542.806641
9077,512,286708,559.976562
9078,512,280750,548.339844
9079,512,280333,547.525391
9080,512,247250,482.910156
9081,512,280875,548.583984
9082,512,265875,519.287109
9083,512,286208,559.000000
9084,512,268417,524.251953
9085,512,261750,511.230469
9086,512,288125,562.744141
9087,512,256209,500.408203
9088,512,260500,508.789062
9089,512,293417,573.080078
9090,512,292250,570.800781
9091,512,289500,565.429688
9092,512,303625,593.017578
9093,512,340125,664.306641
9094,512,333792,651.937500
9095,512,331875,648.193359
9096,512,315959,617.107422
9097,512,313875,613.037109
9098,512,295000,576.171875
9099,512,318333,621.744141
9100,512,312875,611.083984
9101,512,303791,593.341797
9102,512,312291,609.943359
9103,512,309042,603.597656
9104,512,309666,604.816406
9105,512,309000,603.515625
9106,512,318834,622.722656
9107,512,306250,598.144531
9108,512,291834,569.988281
9109,512,295500,577.148438
9110,512,287458,561.441406
9111,512,302000,589.843750
9112,512,312667,610.677734
9113,512,299750,585.449219
9114,512,289458,565.347656
9115,512,324917,634.603516
9116,512,350208,684.000000
9117,512,384333,750.650391
9118,512,306792,599.203125
9119,512,288625,563.720703
9120,512,299958,585.855469
9121,512,303459,592.693359
9122,512,315750,616.699219
9123,512,313042,611.410156
9124,512,307417,600.423828
9125,512,317083,619.302734
9126,512,320667,626.302734
9127,512,329167,642.904297
9128,512,340000,664.062500
9129,512,333541,651.447266
9130,512,373125,728.759766
9131,512,374209,730.876953
9132,512,313000,611.328125
9133,512,266375,520.263672
9134,512,266958,521.402344
9135,512,289584,565.593750
9136,512,304541,594.806641
9137,512,319875,624.755859
9138,512,334375,653.076172
9139,512,362625,708.251953
9140,512,377250,736.816406
9141,512,397375,776.123047
9142,512,373125,728.759766
9143,512,303041,591.876953
9144,512,234792,458.578125
9145,512,247875,484.130859
9146,512,244791,478.107422
9147,512,247334,483.074219
9148,512,244292,477.132812
9149,512,371958,726.480469
9150,512,730958,1427.652344
9151,512,578459,1129.802734
9152,512,443250,865.722656
9153,512,414125,808.837891
9154,512,406250,793.457031
9155,512,410458,801.675781
9156,512,400208,781.656250
9157,512,397167,775.716797
9158,512,378041,738.361328
9159,512,396125,773.681641
9160,512,375417,733.236328
9161,512,367625,718.017578
9162,512,403958,788.980469
9163,512,444125,867.431641
9164,512,408583,798.013672
9165,512,372792,728.109375
9166,512,469291,916.583984
9167,512,446292,871.664062
9168,512,469333,916.666016
9169,512,395875,773.193359
9170,512,383917,749.837891
9171,512,363791,710.529297
9172,512,363250,709.472656
9173,512,359917,702.962891
9174,512,338792,661.703125
9175,512,336250,656.738281
9176,512,314625,614.501953
9177,512,324791,634.357422
9178,512,334750,653.808594
9179,512,335458,655.191406
9180,512,311584,608.562500
9181,512,325458,635.660156
9182,512,315292,615.804688
9183,512,313125,611.572266
9184,512,359833,702.798828
9185,512,323125,631.103516
9186,512,333708,651.773438
9187,512,344167,672.201172
9188,512,349666,682.941406
9189,512,383167,748.373047
9190,512,381208,744.546875
9191,512,413375,807.373047
9192,512,359375,701.904297
9193,512,348459,680.583984
9194,512,329000,642.578125
9195,512,326791,638.263672
9196,512,302625,591.064453
9197,512,331333,647.134766
9198,512,319875,624.755859
9199,512,289292,565.023438
9200,512,327875,640.380859
9201,512,294875,575.927734
9202,512,296458,579.019531
9203,512,309791,605.060547
9204,512,315584,616.375000
9205,512,283541,553.791016
9206,512,308167,601.888672
9207,512,292708,571.695312
9208,512,306292,598.226562
9209,512,330667,645.833984
9210,512,360791,704.669922
9211,512,346167,676.107422
9212,512,366667,716.146484
9213,512,384541,751.056641
9214,512,410625,802.001953
9215,512,263583,514.810547
9216,512,261042,509.847656
9217,512,251791,491.779297
9218,512,245000,478.515625
9219,512,260500,508.789062
9220,512,243167,474.935547
9221,512,287416,561.359375
9222,512,296084,578.289062
9223,512,267417,522.298828
9224,512,262875,513.427734
9225,512,256916,501.789062
9226,512,253167,494.466797
9227,512,253416,494.953125
9228,512,268292,524.007812
9229,512,250375,489.013672
9230,512,235250,459.472656
9231,512,248416,485.187500
9232,512,230250,449.707031
9233,512,237709,464.275391
9234,512,236708,462.320312
9235,512,235291,459.552734
9236,512,237667,464.193359
9237,512,246083,480.630859
9238,512,235042,459.066406
9239,512,237625,464.111328
9240,512,227917,445.150391
9241,512,243167,474.935547
9242,512,250708,489.664062
9243,512,229500,448.242188
9244,512,267042,521.566406
9245,512,262042,511.800781
9246,512,251500,491.210938
9247,512,233333,455.728516
9248,512,242833,474.283203
9249,512,238708,466.226562
9250,512,237625,464.111328
9251,512,230250,449.707031
9252,512,252083,492.349609
9253,512,510667,997.396484
9254,512,436875,853.271484
9255,512,437708,854.898438
9256,512,416584,813.640625
9257,512,419291,818.927734
9258,512,412000,804.687500
9259,512,393709,768.962891
9260,512,372500,727.539062
9261,512,380959,744.060547
9262,512,384208,750.406250
9263,512,387458,756.753906
9264,512,382000,746.093750
9265,512,376208,734.781250
9266,512,438917,857.259766
9267,512,431000,841.796875
9268,512,403291,787.677734
9269,512,387750,757.324219
9270,512,416375,813.232422
9271,512,418834,818.035156
9272,512,430666,841.144531
9273,512,374667,731.771484
9274,512,376917,736.166016
9275,512,371875,726.318359
9276,512,371500,725.585938
9277,512,383333,748.697266
9278,512,374167,730.794922
9279,512,426125,832.275391
9280,512,382791,747.638672
9281,512,376750,735.839844
9282,512,361459,705.974609
9283,512,346333,676.431641
9284,512,340000,664.062500
9285,512,339166,662.433594
9286,512,342000,667.968750
9287,512,330833,646.158203
9288,512,370542,723.714844
9289,512,364083,711.099609
9290,512,390500,762.695312
9291,512,412958,806.558594
9292,512,307417,600.423828
9293,512,301250,588.378906
9294,512,283000,552.734375
9295,512,268792,524.984375
9296,512,269542,526.449219
9297,512,256875,501.708984
9298,512,265875,519.287109
9299,512,268459,524.333984
9300,512,247083,482.583984
9301,512,252417,493.001953
9302,512,233625,456.298828
9303,512,236875,462.646484
9304,512,237875,464.599609
9305,512,250333,488.931641
9306,512,266125,519.775391
9307,512,231375,451.904297
9308,512,240833,470.376953
9309,512,252208,492.593750
9310,512,240084,468.914062
9311,512,250250,488.769531
9312,512,244834,478.191406
9313,512,249458,487.222656
9314,512,249333,486.978516
9315,512,239542,467.855469
9316,512,244583,477.701172
9317,512,233500,456.054688
9318,512,227458,444.253906
9319,512,218917,427.572266
9320,512,222958,435.464844
9321,512,222042,433.675781
9322,512,246416,481.281250
9323,512,227667,444.662109
9324,512,260041,507.892578
9325,512,264500,516.601562
9326,512,259292,506.429688
9327,512,238583,465.982422
9328,512,240209,469.158203
9329,512,241625,471.923828
9330,512,234458,457.925781
9331,512,254625,497.314453
9332,512,615916,1202.960938
9333,512,526125,1027.587891
9334,512,456458,891.519531
9335,512,474125,926.025391
9336,512,566417,1106.283203
9337,512,459625,897.705078
9338,512,437083,853.677734
9339,512,401166,783.527344
9340,512,431917,843.587891
9341,512,436667,852.865234
9342,512,427708,835.367188
9343,512,392708,767.007812
9344,512,410416,801.593750
9345,512,392750,767.089844
9346,512,439209,857.830078
9347,512,477875,933.349609
9348,512,472542,922.933594
9349,512,461208,900.796875
9350,512,406333,793.619141
9351,512,384375,750.732422
9352,512,358958,701.089844
9353,512,382125,746.337891
9354,512,349708,683.023438
9355,512,359750,702.636719
9356,512,349333,682.291016
9357,512,352792,689.046875
9358,512,351208,685.953125
9359,512,331333,647.134766
9360,512,315041,615.314453
9361,512,321333,627.603516
9362,512,337042,658.285156
9363,512,347542,678.792969
9364,512,382875,747.802734
9365,512,377000,736.328125
9366,512,325583,635.904297
9367,512,326625,637.939453
9368,512,336833,657.876953
9369,512,357084,697.429688
9370,512,421416,823.078125
9371,512,397709,776.775391
9372,512,369125,720.947266
9373,512,346875,677.490234
9374,512,333917,652.181641
9375,512,331625,647.705078
9376,512,320792,626.546875
9377,512,338583,661.294922
9378,512,340792,665.609375
9379,512,335750,655.761719
9380,512,327166,638.996094
9381,512,319500,624.023438
9382,512,328834,642.253906
9383,512,323541,631.916016
9384,512,340667,665.365234
9385,512,313458,612.222656
9386,512,348583,680.826172
9387,512,363875,710.693359
9388,512,336208,656.656250
9389,512,356667,696.615234
9390,512,350208,684.000000
9391,512,367500,717.773438
9392,512,389833,761.392578
9393,512,508208,992.593750
9394,512,380916,743.976562
9395,512,401000,783.203125
9396,512,345792,675.375000
9397,512,329041,642.658203
9398,512,316042,617.269531
9399,512,329000,642.578125
9400,512,314958,615.152344
9401,512,313792,612.875000
9402,512,337416,659.015625
9403,512,310417,606.283203
9404,512,311667,608.724609
9405,512,299083,584.146484
9406,512,302375,590.576172
9407,512,298666,583.332031
9408,512,286000,558.593750
9409,512,278834,544.597656
9410,512,282209,551.189453
9411,512,287750,562.011719
9412,512,287833,562.173828
9413,512,286042,558.675781
9414,512,310084,605.632812
9415,512,298625,583.251953
9416,512,325041,634.845703
9417,512,323333,631.509766
9418,512,312750,610.839844
9419,512,352000,687.500000
9420,512,281625,550.048828
9421,512,273833,534.830078
9422,512,409125,799.072266
9423,512,461000,900.390625
9424,512,393791,769.123047
9425,512,396250,773.925781
9426,512,369250,721.191406
9427,512,359250,701.660156
9428,512,370167,722.982422
9429,512,364833,712.564453
9430,512,327458,639.566406
9431,512,334834,653.972656
9432,512,319458,623.941406
9433,512,348000,679.687500
9434,512,335833,655.923828
9435,512,310708,606.851562
9436,512,323708,632.242188
9437,512,269791,526.935547
9438,512,302917,591.634766
9439,512,350833,685.220703
9440,512,380209,742.595703
9441,512,336166,656.574219
9442,512,357042,697.347656
9443,512,391458,764.566406
9444,512,417584,815.593750
9445,512,418250,816.894531
9446,512,373125,728.759766
9447,512,367875,718.505859
9448,512,351333,686.197266
9449,512,334875,654.052734
9450,512,488917,954.916016
9451,512,536125,1047.119141
9452,512,481250,939.941406
9453,512,340500,665.039062
9454,512,329958,644.449219
9455,512,330291,645.099609
9456,512,327625,639.892578
9457,512,343792,671.468750
9458,512,334792,653.890625
9459,512,366041,714.923828
9460,512,334792,653.890625
9461,512,317083,619.302734
9462,512,326250,637.207031
9463,512,304625,594.970703
9464,512,309083,603.677734
9465,512,316000,617.187500
9466,512,351833,687.173828
9467,512,329792,644.125000
9468,512,372250,727.050781
9469,512,343542,670.980469
9470,512,359000,701.171875
9471,512,312042,609.457031
9472,512,308708,602.945312
9473,512,303542,592.855469
9474,512,316583,618.326172
9475,512,288291,563.068359
9476,512,303042,591.878906
9477,512,290375,567.138672
9478,512,284750,556.152344
9479,512,297166,580.402344
9480,512,298167,582.357422
9481,512,279875,546.630859
9482,512,298667,583.333984
9483,512,279333,545.572266
9484,512,311083,607.583984
9485,512,278375,543.701172
9486,512,280333,547.525391
9487,512,270875,529.052734
9488,512,300500,586.914062
9489,512,281375,549.560547
9490,512,321625,628.173828
9491,512,308416,602.375000
9492,512,305792,597.250000
9493,512,358250,699.707031
9494,512,336208,656.656250
9495,512,345542,674.886719
9496,512,325459,635.662109
9497,512,314041,613.361328
9498,512,301000,587.890625
9499,512,304375,594.482422
9500,512,309334,604.167969
9501,512,304583,594.888672
9502,512,286042,558.675781
9503,512,311833,609.048828
9504,512,290708,567.789062
9505,512,284916,556.476562
9506,512,291917,570.150391
9507,512,291125,568.603516
9508,512,295125,576.416016
9509,512,281750,550.292969
9510,512,282375,551.513672
9511,512,268000,523.437500
9512,512,282542,551.839844
9513,512,284000,554.687500
9514,512,264125,515.869141
9515,512,269417,526.205078
9516,512,263042,513.753906
9517,512,289833,566.080078
9518,512,306250,598.144531
9519,512,285208,557.046875
9520,512,324583,633.951172
9521,512,361792,706.625000
9522,512,300333,586.587891
9523,512,279500,545.898438
9524,512,267542,522.542969
9525,512,331542,647.542969
9526,512,348166,680.011719
9527,512,338500,661.132812
9528,512,372834,728.191406
9529,512,368958,720.621094
9530,512,367708,718.179688
9531,512,381750,745.605469
9532,512,405542,792.074219
9533,512,468791,915.607422
9534,512,258542,504.964844
9535,512,299666,585.285156
9536,512,247042,482.503906
9537,512,255792,499.593750
9538,512,252417,493.001953
9539,512,292042,570.394531
9540,512,290208,566.812500
9541,512,251208,490.640625
9542,512,239584,467.937500
9543,512,230791,450.763672
9544,512,235958,460.855469
9545,512,234542,458.089844
9546,512,228708,446.695312
9547,512,224875,439.208984
9548,512,222083,433.755859
9549,512,218583,426.919922
9550,512,216917,423.666016
9551,512,221666,432.941406
9552,512,235917,460.775391
9553,512,225333,440.103516
9554,512,220750,431.152344
9555,512,224542,438.558594
9556,512,224458,438.394531
9557,512,465916,909.992188
9558,512,559375,1092.529297
9559,512,606625,1184.814453
9560,512,430667,841.146484
9561,512,409833,800.455078
9562,512,388708,759.195312
9563,512,368792,720.296875
9564,512,390375,762.451172
9565,512,365917,714.681641
9566,512,357000,697.265625
9567,512,356042,695.394531
9568,512,360792,704.671875
9569,512,380416,743.000000
9570,512,414375,809.326172
9571,512,353875,691.162109
9572,512,379292,740.804688
9573,512,422083,824.380859
9574,512,433250,846.191406
9575,512,366667,716.146484
9576,512,356708,696.695312
9577,512,355208,693.765625
9578,512,342667,669.271484
9579,512,322917,630.697266
9580,512,323292,631.429688
9581,512,327125,638.916016
9582,512,314791,614.826172
9583,512,312667,610.677734
9584,512,321958,628.824219
9585,512,295542,577.230469
9586,512,308250,602.050781
9587,512,293958,574.136719
9588,512,312875,611.083984
9589,512,293416,573.078125
9590,512,303208,592.203125
9591,512,297292,580.648438
9592,512,301667,589.193359
9593,512,317791,620.685547
9594,512,340917,665.853516
9595,512,373500,729.492188
9596,512,363833,710.611328
9597,512,350334,684.246094
9598,512,380125,742.431641
9599,512,414417,809.408203
9600,512,375000,732.421875
9601,512,323333,631.509766
9602,512,350792,685.140625
9603,512,310000,605.468750
9604,512,279375,545.654297
9605,512,317333,619.791016
9606,512,297500,581.054688
9607,512,295042,576.253906
9608,512,326042,636.800781
9609,512,290125,566.650391
9610,512,314208,613.687500
9611,512,288000,562.500000
9612,512,281416,549.640625
9613,512,287334,561.199219
9614,512,281708,550.210938
9615,512,273250,533.691406
9616,512,224166,437.824219
9617,512,221917,433.431641
9618,512,217375,424.560547
9619,512,220125,429.931641
9620,512,215292,420.492188
9621,512,249167,486.654297
9622,512,245208,478.921875
9623,512,238750,466.308594
9624,512,298750,583.496094
9625,512,303833,593.423828
9626,512,236875,462.646484
9627,512,241209,471.111328
9628,512,242792,474.203125
9629,512,234541,458.087891
9630,512,230959,451.091797
9631,512,233458,455.972656
9632,512,259667,507.162109
9633,512,260916,509.601562
9634,512,248167,484.701172
9635,512,228750,446.777344
9636,512,243583,475.748047
9637,512,557750,1089.355469
9638,512,455416,889.484375
9639,512,449959,878.826172
9640,512,446500,872.070312
9641,512,454625,887.939453
9642,512,545833,1066.080078
9643,512,742292,1449.789062
9644,512,686167,1340.169922
9645,512,467000,912.109375
9646,512,461666,901.691406
9647,512,446667,872.396484
9648,512,403375,787.841797
9649,512,272125,531.494141
9650,512,257208,502.359375
9651,512,256417,500.814453
9652,512,247292,482.992188
9653,512,244708,477.945312
9654,512,247083,482.583984
9655,512,315250,615.722656
9656,512,347042,677.816406
9657,512,325541,635.822266
9658,512,347542,678.792969
9659,512,363500,709.960938
9660,512,297917,581.869141
9661,512,272875,532.958984
9662,512,440666,860.675781
9663,512,890667,1739.583984
9664,512,673833,1316.080078
9665,512,500917,978.353516
9666,512,520333,1016.275391
9667,512,559833,1093.423828
9668,512,514250,1004.394531
9669,512,568208,1109.781250
9670,512,302084,590.007812
9671,512,286917,560.384766
9672,512,294791,575.763672
9673,512,285167,556.966797
9674,512,291375,569.091797
9675,512,241583,471.841797
9676,512,243292,475.179688
9677,512,250541,489.337891
9678,512,265292,518.148438
9679,512,253458,495.035156
9680,512,264750,517.089844
9681,512,266042,519.613281
9682,512,281958,550.699219
9683,512,288583,563.638672
9684,512,295584,577.312500
9685,512,287709,561.931641
9686,512,298416,582.843750
9687,512,295750,577.636719
9688,512,298708,583.414062
9689,512,509334,994.792969
9690,512,655625,1280.517578
9691,512,897208,1752.359375
9692,512,700000,1367.187500
9693,512,426291,832.599609
9694,512,250958,490.152344
9695,512,244584,477.703125
9696,512,234791,458.576172
9697,512,245834,480.144531
9698,512,232750,454.589844
9699,512,226375,442.138672
9700,512,230916,451.007812
9701,512,227417,444.173828
9702,512,233208,455.484375
9703,512,225125,439.697266
9704,512,252709,493.572266
9705,512,243333,475.259766
9706,512,248250,484.863281
9707,512,227000,443.359375
9708,512,229334,447.917969
9709,512,235084,459.148438
9710,512,213750,417.480469
9711,512,219125,427.978516
9712,512,236500,461.914062
9713,512,245375,479.248047
9714,512,227334,444.011719
9715,512,232959,454.998047
9716,512,232416,453.937500
9717,512,229042,447.347656
9718,512,205792,401.937500
9719,512,213916,417.804688
9720,512,212000,414.062500
9721,512,220042,429.769531
9722,512,218291,426.349609
9723,512,225667,440.755859
9724,512,500167,976.888672
9725,512,685292,1338.460938
9726,512,722959,1412.029297
9727,512,841458,1643.472656
9728,512,765458,1495.035156
9729,512,514375,1004.638672
9730,512,577542,1128.011719
9731,512,624291,1219.318359
9732,512,701459,1370.037109
9733,512,544125,1062.744141
9734,512,538625,1052.001953
9735,512,510875,997.802734
9736,512,449709,878.337891
9737,512,418416,817.218750
9738,512,432084,843.914062
9739,512,496458,969.644531
9740,512,558167,1090.169922
9741,512,563375,1100.341797
9742,512,522916,1021.320312
9743,512,530667,1036.458984
9744,512,523125,1021.728516
9745,512,501167,978.841797
9746,512,508167,992.513672
9747,512,448583,876.138672
9748,512,367500,717.773438
9749,512,336125,656.494141
9750,512,347625,678.955078
9751,512,336375,656.982422
9752,512,330792,646.078125
9753,512,318125,621.337891
9754,512,317625,620.361328
9755,512,341250,666.503906
9756,512,373291,729.083984
9757,512,378959,740.154297
9758,512,325666,636.066406
9759,512,365625,714.111328
9760,512,397583,776.529297
9761,512,387208,756.265625
9762,512,349125,681.884766
9763,512,340375,664.794922
9764,512,346709,677.166016
9765,512,352291,688.068359
9766,512,365084,713.054688
9767,512,327500,639.648438
9768,512,317833,620.767578
9769,512,316041,617.267578
9770,512,331584,647.625000
9771,512,303167,592.123047
9772,512,315416,616.046875
9773,512,301709,589.275391
9774,512,300041,586.017578
9775,512,304417,594.564453
9776,512,292458,571.207031
9777,512,287083,560.708984
9778,512,287709,561.931641
9779,512,310791,607.013672
9780,512,319375,623.779297
9781,512,321125,627.197266
9782,512,334333,652.994141
9783,512,333125,650.634766
9784,512,317333,619.791016
9785,512,389792,761.312500
9786,512,386833,755.533203
9787,512,369584,721.843750
9788,512,326292,637.289062
9789,512,319167,623.373047
9790,512,313291,611.896484
9791,512,312000,609.375000
9792,512,303209,592.205078
9793,512,315916,617.023438
9794,512,336125,656.494141
9795,512,326166,637.042969
9796,512,312750,610.839844
9797,512,314375,614.013672
9798,512,313125,611.572266
9799,512,342333,668.619141
9800,512,332167,648.763672
9801,512,317125,619.384766
9802,512,341833,667.642578
9803,512,354208,691.812500
9804,512,359042,701.253906
9805,512,376583,735.513672
9806,512,357125,697.509766
9807,512,381209,744.548828
9808,512,370291,723.224609
9809,512,492792,962.484375
9810,512,367208,717.203125
9811,512,274875,536.865234
9812,512,276292,539.632812
9813,512,265875,519.287109
9814,512,259083,506.021484
9815,512,254333,496.744141
9816,512,263417,514.486328
9817,512,352708,688.882812
9818,512,413292,807.210938
9819,512,404417,789.876953
9820,512,254042,496.175781
9821,512,264750,517.089844
9822,512,288167,562.826172
9823,512,304000,593.750000
9824,512,317500,620.117188
9825,512,332375,649.169922
9826,512,358875,700.927734
9827,512,357334,697.917969
9828,512,376375,735.107422
9829,512,378292,738.851562
9830,512,343667,671.224609
9831,512,331625,647.705078
9832,512,243875,476.318359
9833,512,271500,530.273438
9834,512,236042,461.019531
9835,512,228208,445.718750
9836,512,238750,466.308594
9837,512,240208,469.156250
9838,512,232333,453.775391
9839,512,238458,465.738281
9840,512,234250,457.519531
9841,512,240250,469.238281
9842,512,249708,487.710938
9843,512,702375,1371.826172
9844,512,792833,1548.501953
9845,512,546125,1066.650391
9846,512,461042,900.472656
9847,512,434708,849.039062
9848,512,441417,862.142578
9849,512,420084,820.476562
9850,512,431292,842.367188
9851,512,430333,840.494141
9852,512,423958,828.042969
9853,512,406292,793.539062
9854,512,385667,753.255859
9855,512,401584,784.343750
9856,512,383250,748.535156
9857,512,442000,863.281250
9858,512,440292,859.945312
9859,512,409416,799.640625
9860,512,361125,705.322266
9861,512,358792,700.765625
9862,512,377250,736.816406
9863,512,359334,701.824219
9864,512,348625,680.908203
9865,512,377208,736.734375
9866,512,351500,686.523438
9867,512,342291,668.537109
9868,512,326708,638.101562
9869,512,334542,653.402344
9870,512,314458,614.175781
9871,512,312708,610.757812
9872,512,326000,636.718750
9873,512,307625,600.830078
9874,512,319375,623.779297
9875,512,318709,622.478516
9876,512,321209,627.361328
9877,512,308166,601.886719
9878,512,338417,660.970703
9879,512,322167,629.232422
9880,512,327166,638.996094
9881,512,400167,781.576172
9882,512,361458,705.972656
9883,512,395458,772.378906
9884,512,374625,731.689453
9885,512,370042,722.738281
9886,512,343458,670.816406
9887,512,318209,621.501953
9888,512,333625,651.611328
9889,512,312208,609.781250
9890,512,304375,594.482422
9891,512,292666,571.613281
9892,512,319542,624.105469
9893,512,287083,560.708984
9894,512,286917,560.384766
9895,512,296833,579.751953
9896,512,303042,591.878906
9897,512,293458,573.160156
9898,512,299375,584.716797
9899,512,281667,550.130859
9900,512,290500,567.382812
9901,512,296250,578.613281
9902,512,283709,554.119141
9903,512,323500,631.835938
9904,512,303667,593.099609
9905,512,306500,598.632812
9906,512,307250,600.097656
9907,512,349250,682.128906
9908,512,336375,656.982422
9909,512,377125,736.572266
9910,512,332541,649.494141
9911,512,315208,615.640625
9912,512,303459,592.693359
9913,512,301458,588.785156
9914,512,297208,580.484375
9915,512,309792,605.062500
9916,512,295000,576.171875
9917,512,298959,583.904297
9918,512,314792,614.828125
9919,512,290083,566.568359
9920,512,292417,571.126953
9921,512,297458,580.972656
9922,512,280583,548.013672
9923,512,295375,576.904297
9924,512,303458,592.691406
9925,512,290167,566.732422
9926,512,310833,607.095703
9927,512,285458,557.535156
9928,512,281750,550.292969
9929,512,306708,599.039062
9930,512,321667,628.255859
9931,512,315167,615.560547
9932,512,303125,592.041016
9933,512,299417,584.798828
9934,512,375208,732.828125
9935,512,345708,675.210938
9936,512,379292,740.804688
9937,512,319792,624.593750
9938,512,321208,627.359375
9939,512,303708,593.179688
9940,512,314750,614.746094
9941,512,308875,603.271484
9942,512,318167,621.419922
9943,512,291958,570.230469
9944,512,297250,580.566406
9945,512,293125,572.509766
9946,512,257000,501.953125
9947,512,277709,542.400391
9948,512,286125,558.837891
9949,512,305541,596.759766
9950,512,302000,589.843750
9951,512,291708,569.742188
9952,512,295542,577.230469
9953,512,300375,586.669922
9954,512,282417,551.595703
9955,512,283583,553.873047
9956,512,304792,595.296875
9957,512,327916,640.460938
9958,512,326542,637.777344
9959,512,307750,601.074219
9960,512,282083,550.943359
9961,512,357625,698.486328
9962,512,367416,717.609375
9963,512,356500,696.289062
9964,512,341709,667.400391
9965,512,314584,614.421875
9966,512,303875,593.505859
9967,512,295375,576.904297
9968,512,314209,613.689453
9969,512,305959,597.576172
9970,512,293250,572.753906
9971,512,293542,573.324219
9972,512,326583,637.857422
9973,512,271250,529.785156
9974,512,290708,567.789062
9975,512,283542,553.792969
9976,512,281833,550.455078
9977,512,270750,528.808594
9978,512,283500,553.710938
9979,512,263791,515.216797
9980,512,252667,493.490234
9981,512,259333,506.509766
9982,512,263875,515.380859
9983,512,275000,537.109375
9984,512,314708,614.664062
9985,512,323084,631.023438
9986,512,297084,580.242188
9987,512,307291,600.177734
9988,512,312792,610.921875
9989,512,353083,689.615234
9990,512,344792,673.421875
9991,512,347666,679.035156
9992,512,337459,659.099609
9993,512,298000,582.031250
9994,512,324708,634.195312
9995,512,304208,594.156250
9996,512,297833,581.705078
9997,512,287250,561.035156
9998,512,273500,534.179688
9999,512,280167,547.201172
10000,512,304083,593.912109
10001,512,273333,533.853516
10002,512,287458,561.441406
10003,512,274709,536.541016
10004,512,273000,533.203125
10005,512,284458,555.582031
10006,512,264750,517.089844
10007,512,286458,559.488281
10008,512,282167,551.107422
10009,512,299750,585.449219
10010,512,297417,580.892578
10011,512,302084,590.007812
10012,512,317208,619.546875
10013,512,337000,658.203125
10014,512,311708,608.804688
10015,512,331250,646.972656
10016,512,354375,692.138672
10017,512,368208,719.156250
10018,512,327542,639.730469
10019,512,356292,695.882812
10020,512,386667,755.208984
10021,512,412000,804.687500
10022,512,442375,864.013672
10023,512,472625,923.095703
10024,512,269583,526.529297
10025,512,254667,497.396484
10026,512,306000,597.656250
10027,512,269000,525.390625
10028,512,263375,514.404297
10029,512,261708,511.148438
10030,512,249875,488.037109
10031,512,249042,486.410156
10032,512,248500,485.351562
10033,512,258416,504.718750
10034,512,241250,471.191406
10035,512,238583,465.982422
10036,512,231458,452.066406
10037,512,233958,456.949219
10038,512,231542,452.230469
10039,512,257750,503.417969
10040,512,241666,472.003906
10041,512,278792,544.515625
10042,512,273083,533.365234
10043,512,254250,496.582031
10044,512,252167,492.513672
10045,512,238542,465.902344
10046,512,246000,480.468750
10047,512,250416,489.093750
10048,512,239125,467.041016
10049,512,233625,456.298828
10050,512,239375,467.529297
10051,512,236750,462.402344
10052,512,231166,451.496094
10053,512,518667,1013.021484
10054,512,480750,938.964844
10055,512,455000,888.671875
10056,512,432542,844.808594
10057,512,422625,825.439453
10058,512,429292,838.460938
10059,512,402666,786.457031
10060,512,437250,854.003906
10061,512,400083,781.412109
10062,512,421292,822.835938
10063,512,438541,856.525391
10064,512,383500,749.023438
10065,512,381833,745.767578
10066,512,371625,725.830078
10067,512,365833,714.517578
10068,512,438834,857.097656
10069,512,446334,871.746094
10070,512,440208,859.781250
10071,512,404167,789.388672
10072,512,400708,782.632812
10073,512,370708,724.039062
10074,512,359917,702.962891
10075,512,336333,656.900391
10076,512,390334,762.371094
10077,512,357166,697.589844
10078,512,324084,632.976562
10079,512,337958,660.074219
10080,512,333875,652.099609
10081,512,342833,669.595703
10082,512,341000,666.015625
10083,512,322208,629.312500
10084,512,318584,622.234375
10085,512,313708,612.710938
10086,512,335208,654.703125
10087,512,352958,689.371094
10088,512,366542,715.902344
10089,512,363208,709.390625
10090,512,345750,675.292969
10091,512,341041,666.095703
10092,512,329292,643.148438
10093,512,360416,703.937500
10094,512,348834,681.316406
10095,512,330416,645.343750
10096,512,331500,647.460938
10097,512,320625,626.220703
10098,512,338083,660.318359
10099,512,313625,612.548828
10100,512,319375,623.779297
10101,512,325458,635.660156
10102,512,323500,631.835938
10103,512,303958,593.667969
10104,512,319750,624.511719
10105,512,315917,617.025391
10106,512,304500,594.726562
10107,512,288459,563.396484
10108,512,296875,579.833984
10109,512,307250,600.097656
10110,512,307625,600.830078
10111,512,304209,594.158203
10112,512,344250,672.363281
10113,512,340875,665.771484
10114,512,339000,662.109375
10115,512,332458,649.332031
10116,512,351917,687.337891
10117,512,345625,675.048828
10118,512,365167,713.216797
10119,512,329208,642.984375
10120,512,329291,643.146484
10121,512,348958,681.558594
10122,512,318292,621.664062
10123,512,294125,574.462891
10124,512,312250,609.863281
10125,512,290417,567.220703
10126,512,281500,549.804688
10127,512,289083,564.615234
10128,512,294709,575.603516
10129,512,284416,555.500000
10130,512,298458,582.925781
10131,512,277000,541.015625
10132,512,271625,530.517578
10133,512,279500,545.898438
10134,512,285250,557.128906
10135,512,280709,548.259766
10136,512,266000,519.531250
10137,512,277292,541.585938
10138,512,315208,615.640625
10139,512,298125,582.275391
10140,512,310583,606.607422
10141,512,334583,653.482422
10142,512,302750,591.308594
10143,512,301500,588.867188
10144,512,303000,591.796875
10145,512,306208,598.062500
10146,512,308208,601.968750
10147,512,303375,592.529297
10148,512,324625,634.033203
10149,512,337583,659.341797
10150,512,290042,566.488281
10151,512,278833,544.595703
10152,512,299500,584.960938
10153,512,282125,551.025391
10154,512,290542,567.464844
10155,512,291583,569.498047
10156,512,282000,550.781250
10157,512,285875,558.349609
10158,512,274541,536.212891
10159,512,283334,553.386719
10160,512,283709,554.119141
10161,512,262291,512.287109
10162,512,276459,539.958984
10163,512,289750,565.917969
10164,512,276834,540.691406
10165,512,275083,537.271484
10166,512,269500,526.367188
10167,512,280958,548.746094
10168,512,285292,557.210938
10169,512,342250,668.457031
10170,512,312958,611.246094
10171,512,286042,558.675781
10172,512,284208,555.093750
10173,512,292083,570.474609
10174,512,297750,581.542969
10175,512,294708,575.601562
10176,512,301542,588.949219
10177,512,297083,580.240234
10178,512,296458,579.019531
10179,512,282584,551.921875
10180,512,306667,598.958984
10181,512,301333,588.541016
10182,512,291417,569.173828
10183,512,315875,616.943359
10184,512,307291,600.177734
10185,512,308584,602.703125
10186,512,309625,604.736328
10187,512,344500,672.851562
10188,512,337334,658.855469
10189,512,347209,678.142578
10190,512,318209,621.501953
10191,512,336125,656.494141
10192,512,321250,627.441406
10193,512,304791,595.294922
10194,512,334500,653.320312
10195,512,359375,701.904297
10196,512,360041,703.205078
10197,512,339958,663.980469
10198,512,376417,735.189453
10199,512,509291,994.708984
10200,512,425042,830.160156
10201,512,393542,768.636719
10202,512,296209,578.533203
10203,512,279084,545.085938
10204,512,268416,524.250000
10205,512,267667,522.787109
10206,512,263458,514.566406
10207,512,327292,639.242188
10208,512,343667,671.224609
10209,512,351583,686.685547
10210,512,349333,682.291016
10211,512,390834,763.347656
10212,512,379292,740.804688
10213,512,377208,736.734375
10214,512,243000,474.609375
10215,512,242375,473.388672
10216,512,241959,472.576172
10217,512,235791,460.529297
10218,512,242209,473.064453
10219,512,233333,455.728516
10220,512,236333,461.587891
10221,512,240875,470.458984
10222,512,256125,500.244141
10223,512,254917,497.884766
10224,512,250708,489.664062
10225,512,244459,477.458984
10226,512,236250,461.425781
10227,512,239959,468.669922
10228,512,243250,475.097656
10229,512,250000,488.281250
10230,512,257792,503.500000
10231,512,244667,477.865234
10232,512,242917,474.447266
10233,512,234792,458.578125
10234,512,639042,1248.128906
10235,512,527166,1029.621094
10236,512,481459,940.349609
10237,512,465167,908.529297
10238,512,483625,944.580078
10239,512,476833,931.314453
10240,512,405666,792.316406
10241,512,441417,862.142578
10242,512,383708,749.429688
10243,512,519041,1013.751953
10244,512,530500,1036.132812
10245,512,475375,928.466797
10246,512,451833,882.486328
10247,512,539500,1053.710938
10248,512,640208,1250.406250
10249,512,487667,952.474609
10250,512,442375,864.013672
10251,512,405750,792.480469
10252,512,389750,761.230469
10253,512,372333,727.212891
10254,512,387667,757.162109
10255,512,368500,719.726562
10256,512,345083,673.990234
10257,512,355458,694.253906
10258,512,343167,670.248047
10259,512,355125,693.603516
10260,512,320416,625.812500
10261,512,364542,711.996094
10262,512,333000,650.390625
10263,512,348792,681.234375
10264,512,334125,652.587891
10265,512,347000,677.734375
10266,512,375250,732.910156
10267,512,351083,685.708984
10268,512,348750,681.152344
10269,512,406000,792.968750
10270,512,397083,775.552734
10271,512,377292,736.898438
10272,512,367833,718.423828
10273,512,366708,716.226562
10274,512,337333,658.853516
10275,512,352334,688.152344
10276,512,328416,641.437500
10277,512,309750,604.980469
10278,512,352917,689.291016
10279,512,348333,680.337891
10280,512,318917,622.884766
10281,512,324875,634.521484
10282,512,370042,722.738281
10283,512,325167,635.091797
10284,512,344000,671.875000
10285,512,427542,835.042969
10286,512,358917,701.009766
10287,512,399542,780.355469
10288,512,374375,731.201172
10289,512,414792,810.140625
10290,512,402166,785.480469
10291,512,456208,891.031250
10292,512,551000,1076.171875
10293,512,422333,824.869141
10294,512,396542,774.496094
10295,512,375416,733.234375
10296,512,362250,707.519531
10297,512,360208,703.531250
10298,512,375375,733.154297
10299,512,368792,720.296875
10300,512,373167,728.841797
10301,512,370958,724.527344
10302,512,343917,671.712891
10303,512,367792,718.343750
10304,512,344875,673.583984
10305,512,298833,583.658203
10306,512,294958,576.089844
10307,512,314500,614.257812
10308,512,332292,649.007812
10309,512,341625,667.236328
10310,512,346417,676.595703
10311,512,386083,754.068359
10312,512,402833,786.783203
10313,512,447208,873.453125
10314,512,490334,957.683594
10315,512,461666,901.691406
10316,512,511459,998.943359
10317,512,403167,787.435547
10318,512,424750,829.589844
10319,512,484333,945.962891
10320,512,538000,1050.781250
10321,512,303042,591.878906
10322,512,287125,560.791016
10323,512,305500,596.679688
10324,512,289042,564.535156
10325,512,268375,524.169922
10326,512,256459,500.896484
10327,512,277542,542.074219
10328,512,266167,519.857422
10329,512,279666,546.222656
10330,512,275750,538.574219
10331,512,268875,525.146484
10332,512,263625,514.892578
10333,512,285250,557.128906
10334,512,315667,616.537109
10335,512,277416,541.828125
10336,512,277292,541.585938
10337,512,340000,664.062500
10338,512,358000,699.218750
10339,512,374667,731.771484
10340,512,368625,719.970703
10341,512,375375,733.154297
10342,512,338958,662.027344
10343,512,312292,609.945312
10344,512,306917,599.447266
10345,512,315500,616.210938
10346,512,291125,568.603516
10347,512,300208,586.343750
10348,512,268708,524.820312
10349,512,282708,552.164062
10350,512,269542,526.449219
10351,512,275084,537.273438
10352,512,294583,575.357422
10353,512,291416,569.171875
10354,512,303167,592.123047
10355,512,281500,549.804688
10356,512,285875,558.349609
10357,512,280625,548.095703
10358,512,312250,609.863281
10359,512,274083,535.318359
10360,512,273917,534.994141
10361,512,266708,520.914062
10362,512,291667,569.662109
10363,512,324416,633.625000
10364,512,302334,590.496094
10365,512,283916,554.523438
10366,512,316208,617.593750
10367,512,326417,637.533203
10368,512,375833,734.048828
10369,512,345459,674.724609
10370,512,300708,587.320312
10371,512,272917,533.041016
10372,512,289791,565.998047
10373,512,275000,537.109375
10374,512,286209,559.001953
10375,512,264209,516.033203
10376,512,253208,494.546875
10377,512,254625,497.314453
10378,512,263291,514.240234
10379,512,252875,493.896484
10380,512,247500,483.398438
10381,512,253625,495.361328
10382,512,248917,486.166016
10383,512,266458,520.425781
10384,512,260250,508.300781
10385,512,229209,447.673828
10386,512,234000,457.031250
10387,512,245375,479.248047
10388,512,231208,451.578125
10389,512,243792,476.156250
10390,512,254375,496.826172
10391,512,255791,499.591797
10392,512,256250,500.488281
10393,512,301292,588.460938
10394,512,273500,534.179688
10395,512,281750,550.292969
10396,512,277083,541.177734
10397,512,357417,698.080078
10398,512,353958,691.324219
10399,512,304000,593.750000
10400,512,348958,681.558594
10401,512,396708,774.820312
10402,512,436250,852.050781
10403,512,525458,1026.285156
10404,512,408625,798.095703
10405,512,397500,776.367188
10406,512,383125,748.291016
10407,512,365708,714.273438
10408,512,353584,690.593750
10409,512,350084,683.757812
10410,512,337541,659.259766
10411,512,333625,651.611328
10412,512,336500,657.226562
10413,512,319500,624.023438
10414,512,322250,629.394531
10415,512,337958,660.074219
10416,512,411208,803.140625
10417,512,370125,722.900391
10418,512,328584,641.765625
10419,512,361250,705.566406
10420,512,411000,802.734375
10421,512,381792,745.687500
10422,512,378458,739.175781
10423,512,378583,739.419922
10424,512,345500,674.804688
10425,512,338834,661.785156
10426,512,336958,658.121094
10427,512,326583,637.857422
10428,512,305292,596.273438
10429,512,351166,685.871094
10430,512,340542,665.121094
10431,512,316375,617.919922
10432,512,335500,655.273438
10433,512,324500,633.789062
10434,512,309833,605.142578
10435,512,298917,583.822266
10436,512,295083,576.333984
10437,512,304792,595.296875
10438,512,303791,593.341797
10439,512,323250,631.347656
10440,512,323000,630.859375
10441,512,314209,613.689453
10442,512,329625,643.798828
10443,512,324167,633.138672
10444,512,324417,633.626953
10445,512,378292,738.851562
10446,512,407208,795.328125
10447,512,399791,780.841797
10448,512,375542,733.480469
10449,512,351250,686.035156
10450,512,316250,617.675781
10451,512,318208,621.500000
10452,512,317958,621.011719
10453,512,330292,645.101562
10454,512,331750,647.949219
10455,512,302541,590.900391
10456,512,308167,601.888672
10457,512,304291,594.318359
10458,512,288792,564.046875
10459,512,300417,586.751953
10460,512,302083,590.005859
10461,512,281750,550.292969
10462,512,309208,603.921875
10463,512,305916,597.492188
10464,512,289917,566.244141
10465,512,339833,663.736328
10466,512,356667,696.615234
10467,512,350541,684.650391
10468,512,349000,681.640625
10469,512,314875,614.990234
10470,512,406167,793.294922
10471,512,389750,761.230469
10472,512,362041,707.111328
10473,512,361042,705.160156
10474,512,333416,651.203125
10475,512,312250,609.863281
10476,512,326834,638.347656
10477,512,301875,589.599609
10478,512,311416,608.234375
10479,512,282000,550.781250
10480,512,304250,594.238281
10481,512,296417,578.939453
10482,512,283083,552.896484
10483,512,275833,538.736328
10484,512,295709,577.556641
10485,512,269625,526.611328
10486,512,302833,591.470703
10487,512,292708,571.695312
10488,512,285833,558.267578
10489,512,289417,565.267578
10490,512,295875,577.880859
10491,512,361625,706.298828
10492,512,289833,566.080078
10493,512,311209,607.830078
10494,512,311083,607.583984
10495,512,304542,594.808594
10496,512,305000,595.703125
10497,512,320542,626.058594
10498,512,356583,696.451172
10499,512,352250,687.988281
10500,512,319042,623.128906
10501,512,304458,594.644531
10502,512,311333,608.072266
10503,512,291584,569.500000
10504,512,330292,645.101562
10505,512,305917,597.494141
10506,512,293542,573.324219
10507,512,325500,635.742188
10508,512,279125,545.166016
10509,512,295042,576.253906
10510,512,317667,620.443359
10511,512,311000,607.421875
10512,512,295167,576.498047
10513,512,319000,623.046875
10514,512,333959,652.263672
10515,512,293625,573.486328
10516,512,341458,666.910156
10517,512,333458,651.285156
10518,512,301416,588.703125
10519,512,286333,559.244141
10520,512,313208,611.734375
10521,512,304917,595.541016
10522,512,291209,568.767578
10523,512,288125,562.744141
10524,512,297708,581.460938
10525,512,307792,601.156250
10526,512,285083,556.802734
10527,512,294000,574.218750
10528,512,267250,521.972656
10529,512,319458,623.941406
10530,512,297667,581.380859
10531,512,288208,562.906250
10532,512,268833,525.064453
10533,512,284791,556.232422
10534,512,278084,543.132812
10535,512,282584,551.921875
10536,512,280166,547.199219
10537,512,287708,561.929688
10538,512,279084,545.085938
10539,512,290125,566.650391
10540,512,291750,569.824219
10541,512,231959,453.044922
10542,512,257291,502.521484
10543,512,302375,590.576172
10544,512,247000,482.421875
10545,512,270375,528.076172
10546,512,291500,569.335938
10547,512,269334,526.042969
10548,512,281208,549.234375
10549,512,295333,576.822266
10550,512,288542,563.558594
10551,512,281000,548.828125
10552,512,286875,560.302734
10553,512,290334,567.058594
10554,512,303666,593.097656
10555,512,276042,539.144531
10556,512,295375,576.904297
10557,512,289791,565.998047
10558,512,299292,584.554688
10559,512,310417,606.283203
10560,512,297166,580.402344
10561,512,259125,506.103516
10562,512,268000,523.437500
10563,512,276959,540.935547
10564,512,257208,502.359375
10565,512,263667,514.974609
10566,512,259583,506.998047
10567,512,273417,534.017578
10568,512,272583,532.388672
10569,512,272542,532.308594
10570,512,275792,538.656250
10571,512,271666,530.597656
10572,512,268584,524.578125
10573,512,262834,513.347656
10574,512,275708,538.492188
10575,512,279500,545.898438
10576,512,301917,589.681641
10577,512,316375,617.919922
10578,512,303250,592.285156
10579,512,316209,617.595703
10580,512,270125,527.587891
10581,512,292166,570.636719
10582,512,286459,559.490234
10583,512,288250,562.988281
10584,512,288042,562.582031
10585,512,291875,570.068359
10586,512,261208,510.171875
10587,512,286709,559.978516
10588,512,263625,514.892578
10589,512,268958,525.308594
10590,512,262250,512.207031
10591,512,256250,500.488281
10592,512,256875,501.708984
10593,512,267083,521.646484
10594,512,244042,476.644531
10595,512,261625,510.986328
10596,512,260959,509.685547
10597,512,251375,490.966797
10598,512,243833,476.236328
10599,512,244250,477.050781
10600,512,234625,458.251953
10601,512,238209,465.251953
10602,512,235875,460.693359
10603,512,253334,494.792969
10604,512,246333,481.119141
10605,512,245792,480.062500
10606,512,245333,479.166016
10607,512,255875,499.755859
10608,512,242875,474.365234
10609,512,233709,456.462891
10610,512,249125,486.572266
10611,512,268333,524.087891
10612,512,282667,552.083984
10613,512,284667,555.990234
10614,512,265208,517.984375
10615,512,264292,516.195312
10616,512,291417,569.173828
10617,512,289708,565.835938
10618,512,270125,527.587891
10619,512,253583,495.279297
10620,512,255334,498.699219
10621,512,274625,536.376953
10622,512,269125,525.634766
10623,512,267750,522.949219
10624,512,278500,543.945312
10625,512,265791,519.123047
10626,512,262250,512.207031
10627,512,260458,508.707031
10628,512,263000,513.671875
10629,512,266333,520.181641
10630,512,272875,532.958984
10631,512,281958,550.699219
10632,512,278000,542.968750
10633,512,261250,510.253906
10634,512,271958,531.167969
10635,512,254583,497.232422
10636,512,263709,515.056641
10637,512,280916,548.664062
10638,512,274042,535.238281
10639,512,271333,529.947266
10640,512,280333,547.525391
10641,512,348792,681.234375
10642,512,286125,558.837891
10643,512,265708,518.960938
10644,512,275500,538.085938
10645,512,265291,518.146484
10646,512,252959,494.060547
10647,512,255917,499.837891
10648,512,253500,495.117188
10649,512,234250,457.519531
10650,512,247333,483.072266
10651,512,245084,478.679688
10652,512,240333,469.400391
10653,512,238917,466.634766
10654,512,238959,466.716797
10655,512,237917,464.681641
10656,512,240333,469.400391
10657,512,230458,450.113281
10658,512,235292,459.554688
10659,512,242250,473.144531
10660,512,238583,465.982422
10661,512,230083,449.380859
10662,512,222708,434.976562
10663,512,231292,451.742188
10664,512,236708,462.320312
10665,512,282208,551.187500
10666,512,380917,743.978516
10667,512,266625,520.751953
10668,512,271833,530.923828
10669,512,267208,521.890625
10670,512,277584,542.156250
10671,512,274125,535.400391
10672,512,273209,533.611328
10673,512,280542,547.933594
10674,512,296416,578.937500
10675,512,302334,590.496094
10676,512,294375,574.951172
10677,512,283083,552.896484
10678,512,305916,597.492188
10679,512,543500,1061.523438
10680,512,510375,996.826172
10681,512,399291,779.865234
10682,512,381209,744.548828
10683,512,378291,738.849609
10684,512,385792,753.500000
10685,512,377917,738.119141
10686,512,373750,729.980469
10687,512,368584,719.890625
10688,512,391791,765.216797
10689,512,402250,785.644531
10690,512,356125,695.556641
10691,512,364875,712.646484
10692,512,379750,741.699219
10693,512,402208,785.562500
10694,512,376417,735.189453
10695,512,351084,685.710938
10696,512,363500,709.960938
10697,512,356000,695.312500
10698,512,342625,669.189453
10699,512,400500,782.226562
10700,512,438542,856.527344
10701,512,412833,806.314453
10702,512,384875,751.708984
10703,512,345583,674.966797
10704,512,365792,714.437500
10705,512,334042,652.425781
10706,512,348625,680.908203
10707,512,337500,659.179688
10708,512,340875,665.771484
10709,512,323625,632.080078
10710,512,320084,625.164062
10711,512,315833,616.861328
10712,512,298667,583.333984
10713,512,315041,615.314453
10714,512,314084,613.445312
10715,512,302333,590.494141
10716,512,294208,574.625000
10717,512,429875,839.599609
10718,512,376458,735.269531
10719,512,390292,762.289062
10720,512,375166,732.746094
10721,512,367500,717.773438
10722,512,439708,858.804688
10723,512,468917,915.853516
10724,512,419584,819.500000
10725,512,371000,724.609375
10726,512,363875,710.693359
10727,512,351000,685.546875
10728,512,341875,667.724609
10729,512,323709,632.244141
10730,512,333208,650.796875
10731,512,332125,648.681641
10732,512,333083,650.552734
10733,512,307833,601.236328
10734,512,289750,565.917969
10735,512,298000,582.031250
10736,512,311708,608.804688
10737,512,283083,552.896484
10738,512,261833,511.392578
10739,512,305250,596.191406
10740,512,312458,610.269531
10741,512,313500,612.304688
10742,512,324750,634.277344
10743,512,391583,764.810547
10744,512,391708,765.054688
10745,512,381917,745.931641
10746,512,353500,690.429688
10747,512,417375,815.185547
10748,512,379333,740.884766
10749,512,371500,725.585938
10750,512,368666,720.050781
10751,512,349292,682.210938
10752,512,335083,654.458984
10753,512,331042,646.566406
10754,512,336583,657.388672
10755,512,304167,594.076172
10756,512,317750,620.605469
10757,512,318625,622.314453
10758,512,309291,604.083984
10759,512,301833,589.517578
10760,512,318750,622.558594
10761,512,288917,564.291016
10762,512,319458,623.941406
10763,512,288375,563.232422
10764,512,303417,592.611328
10765,512,290166,566.730469
10766,512,294709,575.603516
10767,512,330208,644.937500
10768,512,354125,691.650391
10769,512,321333,627.603516
10770,512,311667,608.724609
10771,512,313708,612.710938
10772,512,352375,688.232422
10773,512,375875,734.130859
10774,512,365583,714.029297
10775,512,331167,646.810547
10776,512,341000,666.015625
10777,512,324000,632.812500
10778,512,331333,647.134766
10779,512,299833,585.611328
10780,512,323250,631.347656
10781,512,314167,613.607422
10782,512,290250,566.894531
10783,512,300958,587.808594
10784,512,312250,609.863281
10785,512,270042,527.425781
10786,512,285166,556.964844
10787,512,286334,559.246094
10788,512,297083,580.240234
10789,512,281125,549.072266
10790,512,297333,580.728516
10791,512,301583,589.029297
10792,512,307458,600.503906
10793,512,316167,617.513672
10794,512,338875,661.865234
10795,512,344833,673.501953
10796,512,342708,669.351562
10797,512,313375,612.060547
10798,512,363917,710.775391
10799,512,309958,605.386719
10800,512,286209,559.001953
10801,512,280750,548.339844
10802,512,259166,506.183594
10803,512,267292,522.054688
10804,512,260833,509.439453
10805,512,257875,503.662109
10806,512,258584,505.046875
10807,512,259375,506.591797
10808,512,238542,465.902344
10809,512,252583,493.326172
10810,512,244916,478.351562
10811,512,236375,461.669922
10812,512,345250,674.316406
10813,512,422000,824.218750
10814,512,276708,540.445312
10815,512,284542,555.746094
10816,512,270708,528.726562
10817,512,224000,437.500000
10818,512,224333,438.150391
10819,512,232125,453.369141
10820,512,233708,456.460938
10821,512,242917,474.447266
10822,512,237666,464.191406
10823,512,231542,452.230469
10824,512,237666,464.191406
10825,512,249250,486.816406
10826,512,273709,534.587891
10827,512,270542,528.402344
10828,512,257917,503.744141
10829,512,247916,484.210938
10830,512,247000,482.421875
10831,512,255708,499.429688
10832,512,272459,532.146484
10833,512,270416,528.156250
10834,512,273000,533.203125
10835,512,260667,509.115234
10836,512,611167,1193.685547
10837,512,493791,964.435547
10838,512,470584,919.109375
10839,512,476292,930.257812
10840,512,520791,1017.169922
10841,512,420792,821.859375
10842,512,407500,795.898438
10843,512,394000,769.531250
10844,512,380833,743.814453
10845,512,374584,731.609375
10846,512,383042,748.128906
10847,512,341833,667.642578
10848,512,404375,789.794922
10849,512,421750,823.730469
10850,512,369792,722.250000
10851,512,394708,770.914062
10852,512,371958,726.480469
10853,512,385833,753.580078
10854,512,360542,704.183594
10855,512,369833,722.330078
10856,512,362209,707.439453
10857,512,353667,690.755859
10858,512,351416,686.359375
10859,512,271625,530.517578
10860,512,308833,603.189453
10861,512,335125,654.541016
10862,512,289708,565.835938
10863,512,285584,557.781250
10864,512,278666,544.269531
10865,512,274125,535.400391
10866,512,316917,618.978516
10867,512,293334,572.917969
10868,512,296458,579.019531
10869,512,300708,587.320312
10870,512,342459,668.865234
10871,512,324416,633.625000
10872,512,308792,603.109375
10873,512,314958,615.152344
10874,512,299875,585.693359
10875,512,319708,624.429688
10876,512,271542,530.355469
10877,512,285667,557.943359
10878,512,279125,545.166016
10879,512,294750,575.683594
10880,512,296541,579.181641
10881,512,286334,559.246094
10882,512,301375,588.623047
10883,512,303250,592.285156
10884,512,271333,529.947266
10885,512,261708,511.148438
10886,512,274292,535.726562
10887,512,266167,519.857422
10888,512,270875,529.052734
10889,512,251834,491.863281
10890,512,264000,515.625000
10891,512,262458,512.613281
10892,512,251500,491.210938
10893,512,256166,500.324219
10894,512,256209,500.408203
10895,512,267416,522.296875
10896,512,260459,508.708984
10897,512,271875,531.005859
10898,512,286792,560.140625
10899,512,266125,519.775391
10900,512,264541,516.681641
10901,512,256584,501.140625
10902,512,250833,489.908203
10903,512,259083,506.021484
10904,512,266667,520.833984
10905,512,279209,545.330078
10906,512,318584,622.234375
10907,512,278500,543.945312
10908,512,313708,612.710938
10909,512,310375,606.201172
10910,512,277958,542.886719
10911,512,286125,558.837891
10912,512,281625,550.048828
10913,512,251625,491.455078
10914,512,287917,562.337891
10915,512,280291,547.443359
10916,512,271084,529.460938
10917,512,265208,517.984375
10918,512,258166,504.230469
10919,512,287708,561.929688
10920,512,304667,595.052734
10921,512,286625,559.814453
10922,512,304166,594.074219
10923,512,278458,543.863281
10924,512,287417,561.361328
10925,512,270875,529.052734
10926,512,302375,590.576172
10927,512,289958,566.324219
10928,512,308375,602.294922
10929,512,319250,623.535156
10930,512,297584,581.218750
10931,512,301666,589.191406
10932,512,306792,599.203125
10933,512,342958,669.839844
10934,512,330208,644.937500
10935,512,328334,641.277344
10936,512,378000,738.281250
10937,512,318666,622.394531
10938,512,292667,571.615234
10939,512,287000,560.546875
10940,512,271625,530.517578
10941,512,330916,646.320312
10942,512,331000,646.484375
10943,512,335125,654.541016
10944,512,339750,663.574219
10945,512,321292,627.523438
10946,512,291250,568.847656
10947,512,285291,557.208984
10948,512,269667,526.693359
10949,512,252208,492.593750
10950,512,251708,491.617188
10951,512,238792,466.390625
10952,512,241625,471.923828
10953,512,244083,476.724609
10954,512,242667,473.958984
10955,512,232333,453.775391
10956,512,246500,481.445312
10957,512,238416,465.656250
10958,512,232417,453.939453
10959,512,227875,445.068359
10960,512,238458,465.738281
10961,512,267250,521.972656
10962,512,238083,465.005859
10963,512,258584,505.046875
10964,512,250125,488.525391
10965,512,270917,529.134766
10966,512,263750,515.136719
10967,512,233625,456.298828
10968,512,240542,469.808594
10969,512,233583,456.216797
10970,512,240166,469.074219
10971,512,235917,460.775391
10972,512,238833,466.470703
10973,512,231333,451.822266
10974,512,588000,1148.437500
10975,512,436750,853.027344
10976,512,430708,841.226562
10977,512,422917,826.009766
10978,512,424083,828.287109
10979,512,402834,786.785156
10980,512,402417,785.970703
10981,512,398708,778.726562
10982,512,419084,818.523438
10983,512,419125,818.603516
10984,512,412083,804.849609
10985,512,373541,729.572266
10986,512,381417,744.955078
10987,512,372417,727.376953
10988,512,460667,899.740234
10989,512,372875,728.271484
10990,512,422250,824.707031
10991,512,455833,890.298828
10992,512,418500,817.382812
10993,512,381958,746.011719
10994,512,390125,761.962891
10995,512,364292,711.507812
10996,512,369750,722.167969
10997,512,360584,704.265625
10998,512,371834,726.238281
10999,512,366084,715.007812
11000,512,347084,677.898438
11001,512,358292,699.789062
11002,512,346333,676.431641
11003,512,348750,681.152344
11004,512,346250,676.269531
11005,512,362417,707.845703
11006,512,355333,694.009766
11007,512,346708,677.164062
11008,512,375417,733.236328
11009,512,364000,710.937500
11010,512,376250,734.863281
11011,512,341292,666.585938
11012,512,421625,823.486328
11013,512,446583,872.232422
11014,512,427125,834.228516
11015,512,403209,787.517578
11016,512,376541,735.431641
11017,512,363084,709.148438
11018,512,352083,687.662109
11019,512,326166,637.042969
11020,512,353083,689.615234
11021,512,361084,705.242188
11022,512,357500,698.242188
11023,512,362834,708.660156
11024,512,354500,692.382812
11025,512,365083,713.052734
11026,512,339291,662.677734
11027,512,340584,665.203125
11028,512,359833,702.798828
11029,512,345667,675.130859
11030,512,366084,715.007812
11031,512,361125,705.322266
11032,512,371167,724.935547
11033,512,348000,679.687500
11034,512,369000,720.703125
11035,512,476958,931.558594
11036,512,430792,841.390625
11037,512,414583,809.732422
11038,512,406542,794.027344
11039,512,404000,789.062500
11040,512,365625,714.111328
11041,512,377667,737.630859
11042,512,359792,702.718750
11043,512,355167,693.685547
11044,512,365708,714.273438
11045,512,348417,680.501953
11046,512,341666,667.316406
11047,512,326334,637.371094
11048,512,338250,660.644531
11049,512,321083,627.115234
11050,512,311792,608.968750
11051,512,321750,628.417969
11052,512,306792,599.203125
11053,512,310000,605.468750
11054,512,335292,654.867188
11055,512,327666,639.972656
11056,512,336750,657.714844
11057,512,321042,627.035156
11058,512,497916,972.492188
11059,512,547750,1069.824219
11060,512,377042,736.410156
11061,512,383875,749.755859
11062,512,370834,724.285156
11063,512,380416,743.000000
11064,512,351959,687.419922
11065,512,313166,611.652344
11066,512,293292,572.835938
11067,512,323458,631.753906
11068,512,312750,610.839844
11069,512,313541,612.384766
11070,512,318959,622.966797
11071,512,307625,600.830078
11072,512,314666,614.582031
11073,512,322875,630.615234
11074,512,319875,624.755859
11075,512,317250,619.628906
11076,512,320083,625.162109
11077,512,352125,687.744141
11078,512,361083,705.240234
11079,512,381500,745.117188
11080,512,403084,787.273438
11081,512,401375,783.935547
11082,512,362208,707.437500
11083,512,350250,684.082031
11084,512,362500,708.007812
11085,512,344666,673.175781
11086,512,336209,656.658203
11087,512,364084,711.101562
11088,512,393958,769.449219
11089,512,353041,689.533203
11090,512,344958,673.746094
11091,512,352542,688.558594
11092,512,362000,707.031250
11093,512,362166,707.355469
11094,512,377417,737.142578
11095,512,370000,722.656250
11096,512,367250,717.285156
11097,512,384583,751.138672
11098,512,408292,797.445312
11099,512,403208,787.515625
11100,512,427042,834.066406
11101,512,443750,866.699219
11102,512,452458,883.707031
11103,512,475083,927.896484
11104,512,467500,913.085938
11105,512,326584,637.859375
11106,512,306000,597.656250
11107,512,312834,611.003906
11108,512,290250,566.894531
11109,512,268750,524.902344
11110,512,251541,491.291016
11111,512,258959,505.779297
11112,512,253708,495.523438
11113,512,249042,486.410156
11114,512,254625,497.314453
11115,512,261792,511.312500
11116,512,260250,508.300781
11117,512,262333,512.369141
11118,512,261333,510.416016
11119,512,263750,515.136719
11120,512,272542,532.308594
11121,512,268667,524.740234
11122,512,279083,545.083984
11123,512,269750,526.855469
11124,512,265125,517.822266
11125,512,273083,533.365234
11126,512,281208,549.234375
11127,512,292417,571.126953
11128,512,283916,554.523438
11129,512,300292,586.507812
11130,512,314833,614.908203
11131,512,287167,560.873047
11132,512,295000,576.171875
11133,512,297667,581.380859
11134,512,293250,572.753906
11135,512,302708,591.226562
11136,512,306167,597.982422
11137,512,305375,596.435547
11138,512,657584,1284.343750
11139,512,498542,973.714844
11140,512,439708,858.804688
11141,512,448917,876.791016
11142,512,435958,851.480469
11143,512,395667,772.787109
11144,512,408000,796.875000
11145,512,374416,731.281250
11146,512,373792,730.062500
11147,512,354583,692.544922
11148,512,379833,741.861328
11149,512,344541,672.931641
11150,512,384917,751.791016
11151,512,394875,771.240234
11152,512,360375,703.857422
11153,512,334250,652.832031
11154,512,400583,782.388672
11155,512,399750,780.761719
11156,512,418291,816.974609
11157,512,360417,703.939453
11158,512,348500,680.664062
11159,512,347916,679.523438
11160,512,361417,705.892578
11161,512,357500,698.242188
11162,512,328625,641.845703
11163,512,333292,650.960938
11164,512,324292,633.382812
11165,512,324333,633.462891
11166,512,304333,594.400391
11167,512,315584,616.375000
11168,512,325792,636.312500
11169,512,317292,619.710938
11170,512,307250,600.097656
11171,512,312708,610.757812
11172,512,290125,566.650391
11173,512,339000,662.109375
11174,512,351833,687.173828
11175,512,349750,683.105469
11176,512,326958,638.589844
11177,512,345042,673.910156
11178,512,340458,664.957031
11179,512,382875,747.802734
11180,512,384292,750.570312
11181,512,351333,686.197266
11182,512,329167,642.904297
11183,512,330167,644.857422
11184,512,332292,649.007812
11185,512,325041,634.845703
11186,512,309417,604.330078
11187,512,323500,631.835938
11188,512,329375,643.310547
11189,512,312875,611.083984
11190,512,307083,599.771484
11191,512,325417,635.580078
11192,512,329125,642.822266
11193,512,322250,629.394531
11194,512,318333,621.744141
11195,512,318625,622.314453
11196,512,335292,654.867188
11197,512,358708,700.601562
11198,512,350667,684.896484
11199,512,347375,678.466797
11200,512,335000,654.296875
11201,512,303917,593.587891
11202,512,308875,603.271484
11203,512,348750,681.152344
11204,512,365375,713.623047
11205,512,387334,756.511719
11206,512,359291,701.740234
11207,512,333292,650.960938
11208,512,339333,662.759766
11209,512,340417,664.876953
11210,512,327875,640.380859
11211,512,301958,589.761719
11212,512,323500,631.835938
11213,512,319458,623.941406
11214,512,318166,621.417969
11215,512,296209,578.533203
11216,512,303625,593.017578
11217,512,288625,563.720703
11218,512,298959,583.904297
11219,512,296209,578.533203
11220,512,290708,567.789062
11221,512,286875,560.302734
11222,512,294292,574.789062
11223,512,310000,605.468750
11224,512,289708,565.835938
11225,512,319750,624.511719
11226,512,310292,606.039062
11227,512,316666,618.488281
11228,512,331084,646.648438
11229,512,330041,644.611328
11230,512,379792,741.781250
11231,512,424666,829.425781
11232,512,386042,753.988281
11233,512,382166,746.417969
11234,512,335542,655.355469
11235,512,339417,662.923828
11236,512,319416,623.859375
11237,512,311417,608.236328
11238,512,323583,631.998047
11239,512,310917,607.259766
11240,512,315792,616.781250
11241,512,306500,598.632812
11242,512,295458,577.066406
11243,512,291125,568.603516
11244,512,286083,558.755859
11245,512,278959,544.841797
11246,512,293375,572.998047
11247,512,276750,540.527344
11248,512,286542,559.652344
11249,512,292792,571.859375
11250,512,295125,576.416016
11251,512,303167,592.123047
11252,512,337167,658.529297
11253,512,638791,1247.638672
11254,512,447625,874.267578
11255,512,444250,867.675781
11256,512,484459,946.208984
11257,512,410083,800.943359
11258,512,389958,761.636719
11259,512,406042,793.050781
11260,512,370833,724.283203
11261,512,377833,737.955078
11262,512,343667,671.224609
11263,512,368833,720.376953
11264,512,470542,919.027344
11265,512,428375,836.669922
11266,512,403916,788.898438
11267,512,448750,876.464844
11268,512,414792,810.140625
11269,512,429291,838.458984
11270,512,439292,857.992188
11271,512,399583,780.435547
11272,512,439375,858.154297
11273,512,434750,849.121094
11274,512,474458,926.675781
11275,512,360875,704.833984
11276,512,363500,709.960938
11277,512,403375,787.841797
11278,512,398333,777.994141
11279,512,330500,645.507812
11280,512,323750,632.324219
11281,512,321375,627.685547
11282,512,318292,621.664062
11283,512,323125,631.103516
11284,512,321084,627.117188
11285,512,320125,625.244141
11286,512,436500,852.539062
11287,512,382292,746.664062
11288,512,369333,721.353516
11289,512,358667,700.521484
11290,512,455958,890.542969
11291,512,361958,706.949219
11292,512,477417,932.455078
11293,512,405666,792.316406
11294,512,385459,752.849609
11295,512,376750,735.839844
11296,512,622375,1215.576172
11297,512,559042,1091.878906
11298,512,644958,1259.683594
11299,512,619708,1210.367188
11300,512,464959,908.123047
11301,512,425083,830.240234
11302,512,434709,849.041016
11303,512,664500,1297.851562
11304,512,452416,883.625000
11305,512,396042,773.519531
11306,512,378000,738.281250
11307,512,366625,716.064453
11308,512,388542,758.871094
11309,512,368958,720.621094
11310,512,350542,684.652344
11311,512,356291,695.880859
11312,512,322750,630.371094
11313,512,336792,657.796875
11314,512,316958,619.058594
11315,512,465542,909.261719
11316,512,456041,890.705078
11317,512,448917,876.791016
11318,512,488500,954.101562
11319,512,437667,854.818359
11320,512,390167,762.044922
11321,512,354083,691.568359
11322,512,346708,677.164062
11323,512,356917,697.103516
11324,512,343416,670.734375
11325,512,331667,647.787109
11326,512,532791,1040.607422
11327,512,385583,753.091797
11328,512,373375,729.248047
11329,512,347125,677.978516
11330,512,422291,824.787109
11331,512,305334,596.355469
11332,512,345959,675.701172
11333,512,335250,654.785156
11334,512,302167,590.169922
11335,512,313000,611.328125
11336,512,302875,591.552734
11337,512,352750,688.964844
11338,512,341292,666.585938
11339,512,311167,607.748047
11340,512,310083,605.630859
11341,512,292667,571.615234
11342,512,283709,554.119141
11343,512,282208,551.187500
11344,512,276250,539.550781
11345,512,269042,525.472656
11346,512,277958,542.886719
11347,512,256667,501.302734
11348,512,270375,528.076172
11349,512,243917,476.400391
11350,512,274291,535.724609
11351,512,253417,494.955078
11352,512,250125,488.525391
11353,512,244792,478.109375
11354,512,247833,484.048828
11355,512,241667,472.005859
11356,512,242584,473.796875
11357,512,243583,475.748047
11358,512,235250,459.472656
11359,512,688541,1344.806641
11360,512,590875,1154.052734
11361,512,843000,1646.484375
11362,512,623666,1218.097656
11363,512,343917,671.712891
11364,512,296208,578.531250
11365,512,279458,545.816406
11366,512,253167,494.466797
11367,512,272542,532.308594
11368,512,298458,582.925781
11369,512,293542,573.324219
11370,512,281458,549.722656
11371,512,281375,549.560547
11372,512,274875,536.865234
11373,512,255208,498.453125
11374,512,274791,536.701172
11375,512,281459,549.724609
11376,512,273041,533.283203
11377,512,279458,545.816406
11378,512,274542,536.214844
11379,512,282292,551.351562
11380,512,259833,507.486328
11381,512,268625,524.658203
11382,512,272833,532.876953
11383,512,296000,578.125000
11384,512,275459,538.005859
11385,512,261250,510.253906
11386,512,236333,461.587891
11387,512,231417,451.986328
11388,512,244333,477.212891
11389,512,378542,739.339844
11390,512,547250,1068.847656
11391,512,493875,964.599609
11392,512,452125,883.056641
11393,512,496125,968.994141
11394,512,565417,1104.330078
11395,512,472166,922.199219
11396,512,440042,859.457031
11397,512,414875,810.302734
11398,512,411292,803.304688
11399,512,397583,776.529297
11400,512,385083,752.115234
11401,512,358584,700.359375
11402,512,395750,772.949219
11403,512,374166,730.792969
11404,512,418375,817.138672
11405,512,413167,806.966797
11406,512,402209,785.564453
11407,512,375708,733.804688
11408,512,365292,713.460938
11409,512,336041,656.330078
11410,512,336167,656.576172
11411,512,402792,786.703125
11412,512,421209,822.673828
11413,512,528416,1032.062500
11414,512,416125,812.744141
11415,512,409292,799.398438
11416,512,400792,782.796875
11417,512,395000,771.484375
11418,512,348750,681.152344
11419,512,376709,735.759766
11420,512,351125,685.791016
11421,512,371334,725.261719
11422,512,406708,794.351562
11423,512,374917,732.259766
11424,512,415291,811.115234
11425,512,415125,810.791016
11426,512,414125,808.837891
11427,512,400708,782.632812
11428,512,379375,740.966797
11429,512,357250,697.753906
11430,512,361750,706.542969
11431,512,355250,693.847656
11432,512,442250,863.769531
11433,512,424042,828.207031
11434,512,451583,881.998047
11435,512,400584,782.390625
11436,512,374750,731.933594
11437,512,383583,749.185547
11438,512,385208,752.359375
11439,512,367292,717.367188
11440,512,358625,700.439453
11441,512,372125,726.806641
11442,512,420458,821.207031
11443,512,398834,778.972656
11444,512,424541,829.181641
11445,512,404459,789.958984
11446,512,364208,711.343750
11447,512,377333,736.978516
11448,512,300291,586.505859
11449,512,293500,573.242188
11450,512,332792,649.984375
11451,512,344708,673.257812
11452,512,365458,713.785156
11453,512,348959,681.560547
11454,512,403792,788.656250
11455,512,424167,828.451172
11456,512,423042,826.253906
11457,512,401417,784.017578
11458,512,373125,728.759766
11459,512,368500,719.726562
11460,512,367833,718.423828
11461,512,367792,718.343750
11462,512,377625,737.548828
11463,512,372416,727.375000
11464,512,381417,744.955078
11465,512,391125,763.916016
11466,512,351791,687.091797
11467,512,364000,710.937500
11468,512,398208,777.750000
11469,512,368667,720.052734
11470,512,389583,760.904297
11471,512,359708,702.554688
11472,512,353125,689.697266
11473,512,385917,753.744141
11474,512,382708,747.476562
11475,512,364750,712.402344
11476,512,457375,893.310547
11477,512,340583,665.201172
11478,512,302042,589.925781
11479,512,283542,553.792969
11480,512,382666,747.394531
11481,512,397959,777.263672
11482,512,411166,803.058594
11483,512,342125,668.212891
11484,512,341792,667.562500
11485,512,333041,650.470703
11486,512,329500,643.554688
11487,512,329958,644.449219
11488,512,311375,608.154297
11489,512,308875,603.271484
11490,512,294542,575.277344
11491,512,308375,602.294922
11492,512,308583,602.701172
11493,512,244083,476.724609
11494,512,244083,476.724609
11495,512,245958,480.386719
11496,512,232834,454.753906
11497,512,244916,478.351562
11498,512,237834,464.519531
11499,512,271208,529.703125
11500,512,243417,475.423828
11501,512,302542,590.902344
11502,512,250208,488.687500
11503,512,288708,563.882812
11504,512,247875,484.130859
11505,512,250917,490.072266
11506,512,246458,481.363281
11507,512,275667,538.412109
11508,512,277166,541.339844
11509,512,244625,477.783203
11510,512,546625,1067.626953
11511,512,458042,894.613281
11512,512,466250,910.644531
11513,512,479750,937.011719
11514,512,509375,994.873047
11515,512,494500,965.820312
11516,512,446667,872.396484
11517,512,475250,928.222656
11518,512,436083,851.724609
11519,512,452459,883.708984
11520,512,442708,864.664062
11521,512,394792,771.078125
11522,512,389041,759.845703
11523,512,390125,761.962891
11524,512,414834,810.222656
11525,512,460458,899.332031
11526,512,475333,928.384766
11527,512,424084,828.289062
11528,512,394458,770.425781
11529,512,388042,757.894531
11530,512,392167,765.951172
11531,512,357333,697.916016
11532,512,370459,723.552734
11533,512,365459,713.787109
11534,512,358083,699.380859
11535,512,339375,662.841797
11536,512,351750,687.011719
11537,512,346625,677.001953
11538,512,319792,624.593750
11539,512,347917,679.525391
11540,512,326166,637.042969
11541,512,323500,631.835938
11542,512,364334,711.589844
11543,512,359459,702.068359
11544,512,334959,654.216797
11545,512,343541,670.978516
11546,512,317834,620.769531
11547,512,487958,953.042969
11548,512,355375,694.091797
11549,512,350208,684.000000
11550,512,439417,858.236328
11551,512,417958,816.324219
11552,512,349584,682.781250
11553,512,325834,636.394531
11554,512,313833,612.955078
11555,512,321708,628.335938
11556,512,315375,615.966797
11557,512,319583,624.185547
11558,512,308125,601.806641
11559,512,323708,632.242188
11560,512,286667,559.896484
11561,512,305750,597.167969
11562,512,291375,569.091797
11563,512,310208,605.875000
11564,512,314333,613.931641
11565,512,291042,568.441406
11566,512,318917,622.884766
11567,512,370000,722.656250
11568,512,383958,749.917969
11569,512,351667,686.849609
11570,512,330667,645.833984
11571,512,381375,744.873047
11572,512,449833,878.580078
11573,512,339292,662.679688
11574,512,361416,705.890625
11575,512,350542,684.652344
11576,512,320666,626.300781
11577,512,322333,629.556641
11578,512,319459,623.943359
11579,512,322334,629.558594
11580,512,320583,626.138672
11581,512,312958,611.246094
11582,512,323917,632.650391
11583,512,319500,624.023438
11584,512,313584,612.468750
11585,512,331167,646.810547
11586,512,349083,681.802734
11587,512,355625,694.580078
11588,512,361875,706.787109
11589,512,420458,821.207031
11590,512,390708,763.101562
11591,512,389833,761.392578
11592,512,376750,735.839844
11593,512,343375,670.654297
11594,512,339041,662.189453
11595,512,418167,816.732422
11596,512,440041,859.455078
11597,512,330167,644.857422
11598,512,312791,610.919922
11599,512,311334,608.074219
11600,512,292333,570.962891
11601,512,286458,559.488281
11602,512,284959,556.560547
11603,512,282958,552.652344
11604,512,281875,550.537109
11605,512,280792,548.421875
11606,512,278583,544.107422
11607,512,278125,543.212891
11608,512,267166,521.808594
11609,512,268542,524.496094
11610,512,423000,826.171875
11611,512,341125,666.259766
11612,512,336834,657.878906
11613,512,332917,650.228516
11614,512,336500,657.226562
11615,512,351292,686.117188
11616,512,329666,643.878906
11617,512,249750,487.792969
11618,512,250333,488.931641
11619,512,265750,519.042969
11620,512,286708,559.976562
11621,512,283500,553.710938
11622,512,297750,581.542969
11623,512,295375,576.904297
11624,512,293167,572.591797
11625,512,295042,576.253906
11626,512,306250,598.144531
11627,512,479959,937.419922
11628,512,654042,1277.425781
11629,512,617416,1205.890625
11630,512,617750,1206.542969
11631,512,627667,1225.912109
11632,512,607125,1185.791016
11633,512,649875,1269.287109
11634,512,583875,1140.380859
11635,512,476375,930.419922
11636,512,522666,1020.832031
11637,512,497292,971.273438
11638,512,463333,904.947266
11639,512,594875,1161.865234
11640,512,545250,1064.941406
11641,512,516208,1008.218750
11642,512,459250,896.972656
11643,512,490458,957.925781
11644,512,575125,1123.291016
11645,512,392791,767.169922
11646,512,406625,794.189453
11647,512,423833,827.798828
11648,512,439125,857.666016
11649,512,455708,890.054688
11650,512,443333,865.884766
11651,512,403833,788.736328
11652,512,409167,799.154297
11653,512,421833,823.892578
11654,512,460041,898.517578
11655,512,467042,912.191406
11656,512,395375,772.216797
11657,512,428458,836.832031
11658,512,419333,819.009766
11659,512,436334,852.214844
11660,512,387791,757.404297
11661,512,374292,731.039062
11662,512,353417,690.267578
11663,512,339416,662.921875
11664,512,334250,652.832031
11665,512,361917,706.869141
11666,512,371875,726.318359
11667,512,372167,726.888672
11668,512,360583,704.263672
11669,512,343291,670.490234
11670,512,338584,661.296875
11671,512,337750,659.667969
11672,512,331584,647.625000
11673,512,318709,622.478516
11674,512,325291,635.333984
11675,512,355542,694.417969
11676,512,342375,668.701172
11677,512,327917,640.462891
11678,512,389500,760.742188
11679,512,379167,740.560547
11680,512,382041,746.173828
11681,512,382959,747.966797
11682,512,414500,809.570312
11683,512,366709,716.228516
11684,512,353541,690.509766
11685,512,371292,725.179688
11686,512,346750,677.246094
11687,512,332875,650.146484
11688,512,322291,629.474609
11689,512,336750,657.714844
11690,512,335833,655.923828
11691,512,329083,642.740234
11692,512,340750,665.527344
11693,512,331584,647.625000
11694,512,328541,641.681641
11695,512,310625,606.689453
11696,512,334792,653.890625
11697,512,349917,683.431641
11698,512,350250,684.082031
11699,512,365709,714.275391
11700,512,349875,683.349609
11701,512,322500,629.882812
11702,512,327083,638.833984
11703,512,318250,621.582031
11704,512,355666,694.660156
11705,512,363834,710.613281
11706,512,394084,769.695312
11707,512,370875,724.365234
11708,512,344958,673.746094
11709,512,325500,635.742188
11710,512,302333,590.494141
11711,512,300750,587.402344
11712,512,290708,567.789062
11713,512,302000,589.843750
11714,512,300625,587.158203
11715,512,302833,591.470703
11716,512,281875,550.537109
11717,512,272458,532.144531
11718,512,297208,580.484375
11719,512,280875,548.583984
11720,512,310542,606.527344
11721,512,286041,558.673828
11722,512,300709,587.322266
11723,512,288250,562.988281
11724,512,295000,576.171875
11725,512,286375,559.326172
11726,512,304334,594.402344
11727,512,293666,573.566406
11728,512,308709,602.947266
11729,512,318500,622.070312
11730,512,269041,525.470703
11731,512,355042,693.441406
11732,512,371291,725.177734
11733,512,372292,727.132812
11734,512,402583,786.294922
11735,512,377500,737.304688
11736,512,390666,763.019531
11737,512,353209,689.861328
11738,512,357666,698.566406
11739,512,361792,706.625000
11740,512,346333,676.431641
11741,512,352000,687.500000
11742,512,458292,895.101562
11743,512,373167,728.841797
11744,512,369625,721.923828
11745,512,376583,735.513672
11746,512,377083,736.490234
11747,512,396209,773.845703
11748,512,384125,750.244141
11749,512,294958,576.089844
11750,512,373542,729.574219
11751,512,341125,666.259766
11752,512,386583,755.044922
11753,512,351750,687.011719
11754,512,313417,612.142578
11755,512,321083,627.115234
11756,512,309416,604.328125
11757,512,288375,563.232422
11758,512,331166,646.808594
11759,512,610375,1192.138672
11760,512,452834,884.441406
11761,512,437042,853.597656
11762,512,432250,844.238281
11763,512,434917,849.447266
11764,512,412334,805.339844
11765,512,400167,781.576172
11766,512,387666,757.160156
11767,512,386667,755.208984
11768,512,419875,820.068359
11769,512,570125,1113.525391
11770,512,475417,928.548828
11771,512,416167,812.826172
11772,512,420458,821.207031
11773,512,547375,1069.091797
11774,512,487416,951.984375
11775,512,452833,884.439453
11776,512,392084,765.789062
11777,512,403542,788.167969
11778,512,381083,744.302734
11779,512,383500,749.023438
11780,512,388708,759.195312
11781,512,360250,703.613281
11782,512,345667,675.130859
11783,512,346208,676.187500
11784,512,338708,661.539062
11785,512,313875,613.037109
11786,512,319167,623.373047
11787,512,353375,690.185547
11788,512,326625,637.939453
11789,512,321083,627.115234
11790,512,328834,642.253906
11791,512,352541,688.556641
11792,512,372875,728.271484
11793,512,352000,687.500000
11794,512,412500,805.664062
11795,512,442583,864.419922
11796,512,417458,815.347656
11797,512,387584,757.000000
11798,512,346083,675.943359
11799,512,325375,635.498047
11800,512,342958,669.839844
11801,512,321541,628.009766
11802,512,332667,649.740234
11803,512,327917,640.462891
11804,512,323000,630.859375
11805,512,376583,735.513672
11806,512,372083,726.724609
11807,512,369125,720.947266
11808,512,357125,697.509766
11809,512,336083,656.412109
11810,512,346417,676.595703
11811,512,314833,614.908203
11812,512,312166,609.699219
11813,512,289167,564.779297
11814,512,349583,682.779297
11815,512,331708,647.867188
11816,512,323750,632.324219
11817,512,317500,620.117188
11818,512,365084,713.054688
11819,512,362292,707.601562
11820,512,363583,710.123047
11821,512,345083,673.990234
11822,512,319375,623.779297
11823,512,311541,608.478516
11824,512,317750,620.605469
11825,512,306042,597.738281
11826,512,297042,580.160156
11827,512,291750,569.824219
11828,512,304791,595.294922
11829,512,286917,560.384766
11830,512,302458,590.738281
11831,512,293042,572.347656
11832,512,302250,590.332031
11833,512,310250,605.957031
11834,512,304542,594.808594
11835,512,309541,604.572266
11836,512,280917,548.666016
11837,512,294000,574.218750
11838,512,288500,563.476562
11839,512,294875,575.927734
11840,512,291334,569.011719
11841,512,291291,568.927734
11842,512,298542,583.089844
11843,512,312000,609.375000
11844,512,309584,604.656250
11845,512,314292,613.851562
11846,512,336000,656.250000
11847,512,417375,815.185547
11848,512,358125,699.462891
11849,512,392500,766.601562
11850,512,344000,671.875000
11851,512,321875,628.662109
11852,512,317041,619.220703
11853,512,332667,649.740234
11854,512,307250,600.097656
11855,512,319625,624.267578
11856,512,303958,593.667969
11857,512,295875,577.880859
11858,512,300291,586.505859
11859,512,297334,580.730469
11860,512,288292,563.070312
11861,512,289083,564.615234
11862,512,301208,588.296875
11863,512,275500,538.085938
11864,512,303375,592.529297
11865,512,287875,562.255859
11866,512,296666,579.425781
11867,512,279334,545.574219
11868,512,263625,514.892578
11869,512,282709,552.166016
11870,512,315916,617.023438
11871,512,309167,603.841797
11872,512,304959,595.623047
11873,512,281375,549.560547
11874,512,316291,617.755859
11875,512,345250,674.316406
11876,512,348792,681.234375
11877,512,343708,671.304688
11878,512,343917,671.712891
11879,512,305708,597.085938
11880,512,308958,603.433594
11881,512,289708,565.835938
11882,512,315667,616.537109
11883,512,309458,604.410156
11884,512,310083,605.630859
11885,512,297083,580.240234
11886,512,309917,605.306641
11887,512,279833,546.548828
11888,512,261833,511.392578
11889,512,269667,526.693359
11890,512,276166,539.386719
11891,512,313292,611.898438
11892,512,310000,605.468750
11893,512,327834,640.300781
11894,512,317500,620.117188
11895,512,339541,663.166016
11896,512,334834,653.972656
11897,512,326500,637.695312
11898,512,327916,640.460938
11899,512,343667,671.224609
11900,512,314042,613.363281
11901,512,323833,632.486328
11902,512,323125,631.103516
11903,512,314041,613.361328
11904,512,302292,590.414062
11905,512,287833,562.173828
11906,512,295875,577.880859
11907,512,312542,610.433594
11908,512,300916,587.726562
11909,512,301708,589.273438
11910,512,301000,587.890625
11911,512,281500,549.804688
11912,512,307708,600.992188
11913,512,307916,601.398438
11914,512,324875,634.521484
11915,512,294542,575.277344
11916,512,312083,609.537109
11917,512,303750,593.261719
11918,512,336083,656.412109
11919,512,295333,576.822266
11920,512,310625,606.689453
11921,512,306125,597.900391
11922,512,293542,573.324219
11923,512,308583,602.701172
11924,512,327875,640.380859
11925,512,354667,692.708984
11926,512,367708,718.179688
11927,512,405667,792.318359
11928,512,406417,793.783203
11929,512,374333,731.119141
11930,512,386750,755.371094
11931,512,321000,626.953125
11932,512,305500,596.679688
11933,512,294042,574.300781
11934,512,286833,560.220703
11935,512,282000,550.781250
11936,512,278958,544.839844
11937,512,287875,562.255859
11938,512,279541,545.978516
11939,512,283792,554.281250
11940,512,263125,513.916016
11941,512,270416,528.156250
11942,512,262125,511.962891
11943,512,265458,518.472656
11944,512,256375,500.732422
11945,512,263541,514.728516
11946,512,255125,498.291016
11947,512,263000,513.671875
11948,512,248292,484.945312
11949,512,259000,505.859375
11950,512,263416,514.484375
11951,512,303584,592.937500
11952,512,316875,618.896484
11953,512,437458,854.410156
11954,512,514083,1004.068359
11955,512,373750,729.980469
11956,512,370792,724.203125
11957,512,364000,710.937500
11958,512,351083,685.708984
11959,512,583834,1140.300781
11960,512,573125,1119.384766
11961,512,519958,1015.542969
11962,512,573583,1120.279297
11963,512,467459,913.005859
11964,512,444333,867.837891
11965,512,459500,897.460938
11966,512,420666,821.613281
11967,512,427459,834.880859
11968,512,434041,847.736328
11969,512,426125,832.275391
11970,512,479167,935.873047
11971,512,495541,967.853516
11972,512,483625,944.580078
11973,512,549458,1073.160156
11974,512,521125,1017.822266
11975,512,463125,904.541016
11976,512,408667,798.177734
11977,512,378541,739.337891
11978,512,376125,734.619141
11979,512,362417,707.845703
11980,512,382458,746.988281
11981,512,349250,682.128906
11982,512,339792,663.656250
11983,512,353708,690.835938
11984,512,347000,677.734375
11985,512,324875,634.521484
11986,512,326125,636.962891
11987,512,308000,601.562500
11988,512,312458,610.269531
11989,512,316791,618.732422
11990,512,361125,705.322266
11991,512,352209,687.908203
11992,512,337375,658.935547
11993,512,348666,680.988281
11994,512,326292,637.289062
11995,512,365708,714.273438
11996,512,379417,741.048828
11997,512,381333,744.791016
11998,512,354458,692.300781
11999,512,435625,850.830078
12000,512,333708,651.773438
12001,512,384917,751.791016
12002,512,418667,817.708984
12003,512,417833,816.080078
12004,512,413625,807.861328
12005,512,398916,779.132812
12006,512,384708,751.382812
12007,512,364500,711.914062
12008,512,356042,695.394531
12009,512,339500,663.085938
12010,512,362334,707.683594
12011,512,315875,616.943359
12012,512,339334,662.761719
12013,512,447375,873.779297
12014,512,436041,851.642578
12015,512,338000,660.156250
12016,512,403625,788.330078
12017,512,334208,652.750000
12018,512,350334,684.246094
12019,512,348416,680.500000
12020,512,376750,735.839844
12021,512,368333,719.400391
12022,512,376417,735.189453
12023,512,362208,707.437500
12024,512,346875,677.490234
12025,512,357750,698.730469
12026,512,484208,945.718750
12027,512,408083,797.037109
12028,512,437875,855.224609
12029,512,432041,843.830078
12030,512,420750,821.777344
12031,512,398125,777.587891
12032,512,392042,765.707031
12033,512,380459,743.083984
12034,512,416583,813.638672
12035,512,421250,822.753906
12036,512,436500,852.539062
12037,512,381625,745.361328
12038,512,415125,810.791016
12039,512,443291,865.802734
12040,512,438583,856.607422
12041,512,392583,766.763672
12042,512,397459,776.287109
12043,512,364958,712.808594
12044,512,360333,703.775391
12045,512,348083,679.849609
12046,512,353500,690.429688
12047,512,366250,715.332031
12048,512,353375,690.185547
12049,512,359125,701.416016
12050,512,376000,734.375000
12051,512,358750,700.683594
12052,512,352750,688.964844
12053,512,345083,673.990234
12054,512,371250,725.097656
12055,512,349750,683.105469
12056,512,369792,722.250000
12057,512,386375,754.638672
12058,512,351792,687.093750
12059,512,341042,666.097656
12060,512,328417,641.439453
12061,512,408084,797.039062
12062,512,403500,788.085938
12063,512,413916,808.429688
12064,512,370208,723.062500
12065,512,332833,650.064453
12066,512,352458,688.394531
12067,512,338375,660.888672
12068,512,331500,647.460938
12069,512,325583,635.904297
12070,512,337000,658.203125
12071,512,317667,620.443359
12072,512,339666,663.410156
12073,512,336500,657.226562
12074,512,328542,641.683594
12075,512,331083,646.646484
12076,512,335250,654.785156
12077,512,319042,623.128906
12078,512,344250,672.363281
12079,512,370250,723.144531
12080,512,327583,639.810547
12081,512,304459,594.646484
12082,512,326416,637.531250
12083,512,304375,594.482422
12084,512,301167,588.216797
12085,512,346500,676.757812
12086,512,361291,705.646484
12087,512,413333,807.291016
12088,512,363792,710.531250
12089,512,345708,675.210938
12090,512,326167,637.044922
12091,512,318166,621.417969
12092,512,317542,620.199219
12093,512,305583,596.841797
12094,512,293833,573.892578
12095,512,329167,642.904297
12096,512,290625,567.626953
12097,512,302083,590.005859
12098,512,317625,620.361328
12099,512,303125,592.041016
12100,512,307917,601.400391
12101,512,289458,565.347656
12102,512,306583,598.794922
12103,512,294417,575.033203
12104,512,284833,556.314453
12105,512,279459,545.818359
12106,512,304709,595.134766
12107,512,324083,632.974609
12108,512,328667,641.927734
12109,512,342584,669.109375
12110,512,330750,645.996094
12111,512,346708,677.164062
12112,512,393416,768.390625
12113,512,384083,750.162109
12114,512,346250,676.269531
12115,512,336875,657.958984
12116,512,327417,639.486328
12117,512,335542,655.355469
12118,512,305875,597.412109
12119,512,297208,580.484375
12120,512,311500,608.398438
12121,512,330125,644.775391
12122,512,304625,594.970703
12123,512,294542,575.277344
12124,512,301541,588.947266
12125,512,290625,567.626953
12126,512,294625,575.439453
12127,512,308291,602.130859
12128,512,304709,595.134766
12129,512,303041,591.876953
12130,512,312375,610.107422
12131,512,360958,704.996094
12132,512,363250,709.472656
12133,512,358083,699.380859
12134,512,376167,734.701172
12135,512,331750,647.949219
12136,512,303416,592.609375
12137,512,381500,745.117188
12138,512,357417,698.080078
12139,512,405041,791.095703
12140,512,378750,739.746094
12141,512,336625,657.470703
12142,512,327000,638.671875
12143,512,326917,638.509766
12144,512,310625,606.689453
12145,512,315500,616.210938
12146,512,327541,639.728516
12147,512,326375,637.451172
12148,512,323208,631.265625
12149,512,271708,530.679688
12150,512,300333,586.587891
12151,512,474250,926.269531
12152,512,395125,771.728516
12153,512,401833,784.830078
12154,512,393917,769.369141
12155,512,513416,1002.765625
12156,512,547625,1069.580078
12157,512,498000,972.656250
12158,512,412458,805.582031
12159,512,470834,919.597656
12160,512,380541,743.244141
12161,512,388792,759.359375
12162,512,346208,676.187500
12163,512,304250,594.238281
12164,512,321458,627.847656
12165,512,317084,619.304688
12166,512,303250,592.285156
12167,512,311541,608.478516
12168,512,323250,631.347656
12169,512,309916,605.304688
12170,512,315125,615.478516
12171,512,295958,578.042969
12172,512,301833,589.517578
12173,512,290959,568.279297
12174,512,299708,585.367188
12175,512,298375,582.763672
12176,512,338250,660.644531
12177,512,333084,650.554688
12178,512,331083,646.646484
12179,512,330916,646.320312
12180,512,307667,600.912109
12181,512,311375,608.154297
12182,512,306833,599.283203
12183,512,282792,552.328125
12184,512,310917,607.259766
12185,512,341959,667.888672
12186,512,334750,653.808594
12187,512,374167,730.794922
12188,512,317708,620.523438
12189,512,315667,616.537109
12190,512,304000,593.750000
12191,512,278166,543.292969
12192,512,312209,609.783203
12193,512,277375,541.748047
12194,512,312709,610.759766
12195,512,312416,610.187500
12196,512,295250,576.660156
12197,512,310375,606.201172
12198,512,315333,615.884766
12199,512,320083,625.162109
12200,512,317542,620.199219
12201,512,334750,653.808594
12202,512,285667,557.943359
12203,512,344291,672.443359
12204,512,337250,658.691406
12205,512,346625,677.001953
12206,512,395500,772.460938
12207,512,358417,700.033203
12208,512,324042,632.894531
12209,512,330291,645.099609
12210,512,408417,797.689453
12211,512,296250,578.613281
12212,512,294667,575.521484
12213,512,272166,531.574219
12214,512,266792,521.078125
12215,512,262083,511.880859
12216,512,282667,552.083984
12217,512,279083,545.083984
12218,512,271125,529.541016
12219,512,270375,528.076172
12220,512,266375,520.263672
12221,512,273208,533.609375
12222,512,289750,565.917969
12223,512,316333,617.837891
12224,512,299208,584.390625
12225,512,287125,560.791016
12226,512,316125,617.431641
12227,512,281875,550.537109
12228,512,307166,599.933594
12229,512,304125,593.994141
12230,512,331792,648.031250
12231,512,308125,601.806641
12232,512,300708,587.320312
12233,512,304625,594.970703
12234,512,347458,678.628906
12235,512,312042,609.457031
12236,512,333500,651.367188
12237,512,323084,631.023438
12238,512,297625,581.298828
12239,512,321916,628.742188
12240,512,311167,607.748047
12241,512,301917,589.681641
12242,512,300875,587.646484
12243,512,459375,897.216797
12244,512,549667,1073.568359
12245,512,456292,891.195312
12246,512,450041,878.986328
12247,512,463750,905.761719
12248,512,397167,775.716797
12249,512,420625,821.533203
12250,512,392792,767.171875
12251,512,398208,777.750000
12252,512,365250,713.378906
12253,512,561250,1096.191406
12254,512,385875,753.662109
12255,512,420250,820.800781
12256,512,394750,770.996094
12257,512,414791,810.138672
12258,512,392958,767.496094
12259,512,361083,705.240234
12260,512,375333,733.072266
12261,512,387958,757.730469
12262,512,355750,694.824219
12263,512,356125,695.556641
12264,512,359000,701.171875
12265,512,350334,684.246094
12266,512,364666,712.238281
12267,512,386583,755.044922
12268,512,373333,729.166016
12269,512,342584,669.109375
12270,512,366084,715.007812
12271,512,365125,713.134766
12272,512,343583,671.060547
12273,512,323250,631.347656
12274,512,345792,675.375000
12275,512,336875,657.958984
12276,512,328125,640.869141
12277,512,328666,641.925781
12278,512,362583,708.169922
12279,512,401500,784.179688
12280,512,390958,763.589844
12281,512,377125,736.572266
12282,512,363375,709.716797
12283,512,356209,695.720703
12284,512,371334,725.261719
12285,512,337833,659.830078
12286,512,321125,627.197266
12287,512,319666,624.347656
12288,512,343209,670.330078
12289,512,332458,649.332031
12290,512,332792,649.984375
12291,512,340791,665.607422
12292,512,303000,591.796875
12293,512,284958,556.558594
12294,512,303250,592.285156
12295,512,313667,612.630859
12296,512,302750,591.308594
12297,512,294416,575.031250
12298,512,299959,585.857422
12299,512,332834,650.066406
12300,512,314791,614.826172
12301,512,323625,632.080078
12302,512,337333,658.853516
12303,512,324959,634.685547
12304,512,357291,697.833984
12305,512,406667,794.271484
12306,512,451500,881.835938
12307,512,370875,724.365234
12308,512,380541,743.244141
12309,512,377125,736.572266
12310,512,370083,722.818359
12311,512,368292,719.320312
12312,512,347916,679.523438
12313,512,349917,683.431641
12314,512,333166,650.714844
12315,512,322042,628.988281
12316,512,314208,613.687500
12317,512,322083,629.068359
12318,512,298542,583.089844
12319,512,310167,605.794922
12320,512,309916,605.304688
12321,512,309625,604.736328
12322,512,306000,597.656250
12323,512,290791,567.951172
12324,512,296625,579.345703
12325,512,278000,542.968750
12326,512,314000,613.281250
12327,512,289875,566.162109
12328,512,315834,616.863281
12329,512,315083,615.396484
12330,512,378250,738.769531
12331,512,338375,660.888672
12332,512,349167,681.966797
12333,512,312417,610.189453
12334,512,336541,657.306641
12335,512,346750,677.246094
12336,512,309792,605.062500
12337,512,326541,637.775391
12338,512,303417,592.611328
12339,512,312666,610.675781
12340,512,386459,754.802734
12341,512,407500,795.898438
12342,512,380625,743.408203
12343,512,345834,675.457031
12344,512,348666,680.988281
12345,512,340959,665.935547
12346,512,332291,649.005859
12347,512,328709,642.009766
12348,512,315209,615.642578
12349,512,389250,760.253906
12350,512,358042,699.300781
12351,512,357292,697.835938
12352,512,332333,649.087891
12353,512,356959,697.185547
12354,512,323584,632.000000
12355,512,336375,656.982422
12356,512,344042,671.957031
12357,512,369417,721.517578
12358,512,352458,688.394531
12359,512,318250,621.582031
12360,512,330792,646.078125
12361,512,342167,668.294922
12362,512,341500,666.992188
12363,512,302958,591.714844
12364,512,317792,620.687500
12365,512,307583,600.748047
12366,512,313417,612.142578
12367,512,298333,582.681641
12368,512,315792,616.781250
12369,512,284625,555.908203
12370,512,304334,594.402344
12371,512,302875,591.552734
12372,512,287833,562.173828
12373,512,287667,561.849609
12374,512,281667,550.130859
12375,512,284208,555.093750
12376,512,292333,570.962891
12377,512,288917,564.291016
12378,512,272083,531.412109
12379,512,303500,592.773438
12380,512,289125,564.697266
12381,512,310583,606.607422
12382,512,328708,642.007812
12383,512,313042,611.410156
12384,512,294542,575.277344
12385,512,291833,569.986328
12386,512,307167,599.935547
12387,512,309208,603.921875
12388,512,306250,598.144531
12389,512,315583,616.373047
12390,512,349625,682.861328
12391,512,319458,623.941406
12392,512,296084,578.289062
12393,512,296709,579.509766
12394,512,287000,560.546875
12395,512,306875,599.365234
12396,512,298209,582.439453
12397,512,302875,591.552734
12398,512,297209,580.486328
12399,512,299583,585.123047
12400,512,310458,606.363281
12401,512,285209,557.048828
12402,512,290000,566.406250
12403,512,291250,568.847656
12404,512,289125,564.697266
12405,512,328625,641.845703
12406,512,325542,635.824219
12407,512,332583,649.576172
12408,512,318083,621.255859
12409,512,335125,654.541016
12410,512,313292,611.898438
12411,512,318042,621.175781
12412,512,331250,646.972656
12413,512,314292,613.851562
12414,512,312792,610.921875
12415,512,327458,639.566406
12416,512,322125,629.150391
12417,512,322916,630.695312
12418,512,314792,614.828125
12419,512,316375,617.919922
12420,512,313125,611.572266
12421,512,292916,572.101562
12422,512,305292,596.273438
12423,512,301375,588.623047
12424,512,303791,593.341797
12425,512,303709,593.181641
12426,512,293333,572.916016
12427,512,303958,593.667969
12428,512,317833,620.767578
12429,512,305417,596.517578
12430,512,288750,563.964844
12431,512,282916,552.570312
12432,512,300209,586.345703
12433,512,301208,588.296875
12434,512,344792,673.421875
12435,512,344125,672.119141
12436,512,301500,588.867188
12437,512,297667,581.380859
12438,512,315000,615.234375
12439,512,302042,589.925781
12440,512,315750,616.699219
12441,512,324500,633.789062
12442,512,297625,581.298828
12443,512,316958,619.058594
12444,512,310875,607.177734
12445,512,306958,599.527344
12446,512,292166,570.636719
12447,512,299458,584.878906
12448,512,312083,609.537109
12449,512,289125,564.697266
12450,512,289458,565.347656
12451,512,299209,584.392578
12452,512,310500,606.445312
12453,512,300583,587.076172
12454,512,305375,596.435547
12455,512,285833,558.267578
12456,512,306292,598.226562
12457,512,281541,549.884766
12458,512,288792,564.046875
12459,512,278208,543.375000
12460,512,275500,538.085938
12461,512,301417,588.705078
12462,512,322542,629.964844
12463,512,306459,598.552734
12464,512,304375,594.482422
12465,512,295375,576.904297
12466,512,289125,564.697266
12467,512,305000,595.703125
12468,512,285750,558.105469
12469,512,307375,600.341797
12470,512,304250,594.238281
12471,512,302750,591.308594
12472,512,303917,593.587891
12473,512,323209,631.267578
12474,512,289042,564.535156
12475,512,336750,657.714844
12476,512,305417,596.517578
12477,512,329000,642.578125
12478,512,299291,584.552734
12479,512,306375,598.388672
12480,512,303250,592.285156
12481,512,298125,582.275391
12482,512,303500,592.773438
12483,512,300792,587.484375
12484,512,302959,591.716797
12485,512,309416,604.328125
12486,512,309209,603.923828
12487,512,331917,648.275391
12488,512,343375,670.654297
12489,512,364166,711.261719
12490,512,357208,697.671875
12491,512,335542,655.355469
12492,512,325500,635.742188
12493,512,347708,679.117188
12494,512,350459,684.490234
12495,512,348583,680.826172
12496,512,337833,659.830078
12497,512,345208,674.234375
12498,512,349834,683.269531
12499,512,325500,635.742188
12500,512,279250,545.410156
12501,512,307291,600.177734
12502,512,289458,565.347656
12503,512,290667,567.708984
12504,512,299625,585.205078
12505,512,310125,605.712891
12506,512,293708,573.648438
12507,512,303667,593.099609
12508,512,328708,642.007812
12509,512,319041,623.126953
12510,512,357875,698.974609
12511,512,359334,701.824219
12512,512,347875,679.443359
12513,512,348917,681.478516
12514,512,335500,655.273438
12515,512,327208,639.078125
12516,512,351875,687.255859
12517,512,342416,668.781250
12518,512,368584,719.890625
12519,512,352417,688.314453
12520,512,345250,674.316406
12521,512,359583,702.310547
12522,512,361625,706.298828
12523,512,341958,667.886719
12524,512,355292,693.929688
12525,512,369666,722.003906
12526,512,371792,726.156250
12527,512,365875,714.599609
12528,512,354084,691.570312
12529,512,272458,532.144531
12530,512,294208,574.625000
12531,512,280792,548.421875
12532,512,267083,521.646484
12533,512,280375,547.607422
12534,512,269750,526.855469
12535,512,286208,559.000000
12536,512,281792,550.375000
12537,512,275416,537.921875
12538,512,285209,557.048828
12539,512,300042,586.019531
12540,512,329458,643.472656
12541,512,324417,633.626953
12542,512,316458,618.082031
12543,512,292917,572.103516
12544,512,285208,557.046875
12545,512,292333,570.962891
12546,512,271875,531.005859
12547,512,277250,541.503906
12548,512,284375,555.419922
12549,512,254750,497.558594
12550,512,278042,543.050781
12551,512,288833,564.126953
12552,512,293208,572.671875
12553,512,277833,542.642578
12554,512,268917,525.228516
12555,512,274500,536.132812
12556,512,281000,548.828125
12557,512,252875,493.896484
12558,512,271209,529.705078
12559,512,279916,546.710938
12560,512,260167,508.138672
12561,512,258959,505.779297
12562,512,270750,528.808594
12563,512,269250,525.878906
12564,512,266667,520.833984
12565,512,259792,507.406250
12566,512,268459,524.333984
12567,512,263458,514.566406
12568,512,257792,503.500000
12569,512,279958,546.792969
12570,512,301000,587.890625
12571,512,283041,552.814453
12572,512,312834,611.003906
12573,512,302208,590.250000
12574,512,305167,596.029297
12575,512,295125,576.416016
12576,512,312000,609.375000
12577,512,286209,559.001953
12578,512,277958,542.886719
12579,512,307291,600.177734
12580,512,266209,519.939453
12581,512,264500,516.601562
12582,512,296000,578.125000
12583,512,264208,516.031250
12584,512,276459,539.958984
12585,512,273625,534.423828
12586,512,294208,574.625000
12587,512,266833,521.158203
12588,512,292459,571.208984
12589,512,277625,542.236328
12590,512,286708,559.976562
12591,512,306000,597.656250
12592,512,286875,560.302734
12593,512,305833,597.330078
12594,512,337584,659.343750
12595,512,329833,644.205078
12596,512,313791,612.873047
12597,512,293334,572.917969
12598,512,322125,629.150391
12599,512,299292,584.554688
12600,512,312708,610.757812
12601,512,286708,559.976562
12602,512,281459,549.724609
12603,512,276958,540.933594
12604,512,290542,567.464844
12605,512,293917,574.056641
12606,512,279125,545.166016
12607,512,286750,560.058594
12608,512,265792,519.125000
12609,512,261000,509.765625
12610,512,278000,542.968750
12611,512,285917,558.431641
12612,512,260958,509.683594
12613,512,279875,546.630859
12614,512,263834,515.300781
12615,512,257791,503.498047
12616,512,246500,481.445312
12617,512,259791,507.404297
12618,512,294667,575.521484
12619,512,274500,536.132812
12620,512,259166,506.183594
12621,512,267959,523.357422
12622,512,258459,504.802734
12623,512,263375,514.404297
12624,512,249041,486.408203
12625,512,258917,505.697266
12626,512,275958,538.980469
12627,512,251125,490.478516
12628,512,264417,516.439453
12629,512,252250,492.675781
12630,512,250875,489.990234
12631,512,285042,556.722656
12632,512,294958,576.089844
12633,512,306041,597.736328
12634,512,312875,611.083984
12635,512,280042,546.957031
12636,512,274667,536.458984
12637,512,288958,564.371094
12638,512,279542,545.980469
12639,512,291833,569.986328
12640,512,263959,515.544922
12641,512,257375,502.685547
12642,512,290334,567.058594
12643,512,278250,543.457031
12644,512,294041,574.298828
12645,512,295458,577.066406
12646,512,295042,576.253906
12647,512,286708,559.976562
12648,512,284625,555.908203
12649,512,281792,550.375000
12650,512,273750,534.667969
12651,512,334333,652.994141
12652,512,361167,705.404297
12653,512,329292,643.148438
12654,512,330583,645.669922
12655,512,328417,641.439453
12656,512,340583,665.201172
12657,512,302916,591.632812
12658,512,337125,658.447266
12659,512,494084,965.007812
12660,512,368792,720.296875
12661,512,290958,568.277344
12662,512,274125,535.400391
12663,512,269917,527.181641
12664,512,266666,520.832031
12665,512,253292,494.710938
12666,512,257708,503.335938
12667,512,248542,485.433594
12668,512,243916,476.398438
12669,512,248708,485.757812
12670,512,234292,457.601562
12671,512,242125,472.900391
12672,512,250000,488.281250
12673,512,262125,511.962891
12674,512,233750,456.542969
12675,512,234709,458.416016
12676,512,244584,477.703125
12677,512,240458,469.644531
12678,512,236291,461.505859
12679,512,233042,455.160156
12680,512,237250,463.378906
12681,512,238291,465.412109
12682,512,231292,451.742188
12683,512,232667,454.427734
12684,512,232750,454.589844
12685,512,228584,446.453125
12686,512,232750,454.589844
12687,512,238834,466.472656
12688,512,240291,469.318359
12689,512,253417,494.955078
12690,512,261292,510.335938
12691,512,280125,547.119141
12692,512,258750,505.371094
12693,512,251875,491.943359
12694,512,257834,503.582031
12695,512,254375,496.826172
12696,512,252209,492.595703
12697,512,293625,573.486328
12698,512,732792,1431.234375
12699,512,461750,901.855469
12700,512,450833,880.533203
12701,512,420000,820.312500
12702,512,436333,852.212891
12703,512,393959,769.451172
12704,512,409500,799.804688
12705,512,410209,801.189453
12706,512,397041,775.470703
12707,512,412084,804.851562
12708,512,635291,1240.802734
12709,512,815917,1593.587891
12710,512,775000,1513.671875
12711,512,626500,1223.632812
12712,512,540542,1055.746094
12713,512,504292,984.945312
12714,512,473625,925.048828
12715,512,437334,854.167969
12716,512,423875,827.880859
12717,512,478958,935.464844
12718,512,364042,711.019531
12719,512,410375,801.513672
12720,512,338792,661.703125
12721,512,349583,682.779297
12722,512,367750,718.261719
12723,512,325916,636.554688
12724,512,360000,703.125000
12725,512,346958,677.652344
12726,512,346709,677.166016
12727,512,361709,706.462891
12728,512,350333,684.244141
12729,512,366125,715.087891
12730,512,369542,721.761719
12731,512,362250,707.519531
12732,512,505708,987.710938
12733,512,442625,864.501953
12734,512,515208,1006.265625
12735,512,400042,781.332031
12736,512,370625,723.876953
12737,512,367416,717.609375
12738,512,342042,668.050781
12739,512,319458,623.941406
12740,512,328542,641.683594
12741,512,328416,641.437500
12742,512,319292,623.617188
12743,512,338375,660.888672
12744,512,316416,618.000000
12745,512,315042,615.316406
12746,512,318541,622.150391
12747,512,327417,639.486328
12748,512,353333,690.103516
12749,512,423208,826.578125
12750,512,383000,748.046875
12751,512,367333,717.447266
12752,512,390542,762.777344
12753,512,390125,761.962891
12754,512,434792,849.203125
12755,512,446250,871.582031
12756,512,453917,886.556641
12757,512,398375,778.076172
12758,512,365292,713.460938
12759,512,371792,726.156250
12760,512,360250,703.613281
12761,512,336250,656.738281
12762,512,352000,687.500000
12763,512,358958,701.089844
12764,512,360083,703.287109
12765,512,349875,683.349609
12766,512,351125,685.791016
12767,512,340250,664.550781
12768,512,356292,695.882812
12769,512,368916,720.539062
12770,512,383708,749.429688
12771,512,364792,712.484375
12772,512,344916,673.664062
12773,512,334250,652.832031
12774,512,340708,665.445312
12775,512,338834,661.785156
12776,512,309125,603.759766
12777,512,382042,746.175781
12778,512,399666,780.597656
12779,512,409792,800.375000
12780,512,380916,743.976562
12781,512,332584,649.578125
12782,512,323167,631.185547
12783,512,335667,655.599609
12784,512,320833,626.626953
12785,512,326833,638.345703
12786,512,343917,671.712891
12787,512,322125,629.150391
12788,512,316292,617.757812
12789,512,364958,712.808594
12790,512,332042,648.519531
12791,512,324208,633.218750
12792,512,359250,701.660156
12793,512,355917,695.150391
12794,512,366208,715.250000
12795,512,378250,738.769531
12796,512,360709,704.509766
12797,512,361042,705.160156
12798,512,332667,649.740234
12799,512,333875,652.099609
12800,512,357459,698.162109
12801,512,462250,902.832031
12802,512,320208,625.406250
12803,512,322916,630.695312
12804,512,352334,688.152344
12805,512,353041,689.533203
12806,512,364292,711.507812
12807,512,395541,772.541016
12808,512,397459,776.287109
12809,512,425125,830.322266
12810,512,399958,781.167969
12811,512,395750,772.949219
12812,512,271292,529.867188
12813,512,266458,520.425781
12814,512,267041,521.564453
12815,512,266917,521.322266
12816,512,258041,503.986328
12817,512,245834,480.144531
12818,512,237166,463.214844
12819,512,242292,473.226562
12820,512,254292,496.664062
12821,512,256792,501.546875
12822,512,252333,492.837891
12823,512,275917,538.900391
12824,512,270875,529.052734
12825,512,258833,505.533203
12826,512,254875,497.802734
12827,512,249167,486.654297
12828,512,254875,497.802734
12829,512,271750,530.761719
12830,512,272958,533.121094
12831,512,260250,508.300781
12832,512,252208,492.593750
12833,512,256084,500.164062
12834,512,507584,991.375000
12835,512,512542,1001.058594
12836,512,492625,962.158203
12837,512,444125,867.431641
12838,512,382000,746.093750
12839,512,400958,783.121094
12840,512,397917,777.181641
12841,512,416541,813.556641
12842,512,374375,731.201172
12843,512,398292,777.914062
12844,512,390167,762.044922
12845,512,380042,742.269531
12846,512,399959,781.169922
12847,512,397791,776.935547
12848,512,432542,844.808594
12849,512,355792,694.906250
12850,512,458916,896.320312
12851,512,440750,860.839844
12852,512,456542,891.683594
12853,512,393542,768.636719
12854,512,378791,739.826172
12855,512,370334,723.308594
12856,512,359125,701.416016
12857,512,344833,673.501953
12858,512,372125,726.806641
12859,512,348125,679.931641
12860,512,340542,665.121094
12861,512,324750,634.277344
12862,512,340500,665.039062
12863,512,316500,618.164062
12864,512,327750,640.136719
12865,512,316875,618.896484
12866,512,493458,963.785156
12867,512,540459,1055.583984
12868,512,372125,726.806641
12869,512,406708,794.351562
12870,512,424041,828.205078
12871,512,459250,896.972656
12872,512,521292,1018.148438
12873,512,473625,925.048828
12874,512,452791,884.357422
12875,512,444125,867.431641
12876,512,375667,733.724609
12877,512,337542,659.261719
12878,512,373542,729.574219
12879,512,380583,743.326172
12880,512,371459,725.505859
12881,512,346583,676.919922
12882,512,374625,731.689453
12883,512,366042,714.925781
12884,512,377416,737.140625
12885,512,394667,770.833984
12886,512,365708,714.273438
12887,512,376583,735.513672
12888,512,384042,750.082031
12889,512,400750,782.714844
12890,512,434833,849.283203
12891,512,418708,817.789062
12892,512,447750,874.511719
12893,512,400375,781.982422
12894,512,385375,752.685547
12895,512,378875,739.990234
12896,512,324666,634.113281
12897,512,352667,688.802734
12898,512,328000,640.625000
12899,512,342916,669.757812
12900,512,321667,628.255859
12901,512,348625,680.908203
12902,512,349125,681.884766
12903,512,327166,638.996094
12904,512,314959,615.154297
12905,512,363208,709.390625
12906,512,342291,668.537109
12907,512,336125,656.494141
12908,512,322334,629.558594
12909,512,339541,663.166016
12910,512,341667,667.318359
12911,512,345875,675.537109
12912,512,369208,721.109375
12913,512,331750,647.949219
12914,512,316917,618.978516
12915,512,315041,615.314453
12916,512,347042,677.816406
12917,512,351625,686.767578
12918,512,379667,741.537109
12919,512,366333,715.494141
12920,512,326750,638.183594
12921,512,317625,620.361328
12922,512,314042,613.363281
12923,512,323083,631.021484
12924,512,302250,590.332031
12925,512,320208,625.406250
12926,512,330791,646.076172
12927,512,304375,594.482422
12928,512,310125,605.712891
12929,512,332750,649.902344
12930,512,319250,623.535156
12931,512,301083,588.052734
12932,512,308375,602.294922
12933,512,308167,601.888672
12934,512,313458,612.222656
12935,512,332708,649.820312
12936,512,372292,727.132812
12937,512,323125,631.103516
12938,512,336417,657.064453
12939,512,311000,607.421875
12940,512,310791,607.013672
12941,512,295209,576.580078
12942,512,359708,702.554688
12943,512,379875,741.943359
12944,512,442000,863.281250
12945,512,368167,719.076172
12946,512,357500,698.242188
12947,512,360208,703.531250
12948,512,568167,1109.701172
12949,512,365000,712.890625
12950,512,303125,592.041016
12951,512,303750,593.261719
12952,512,324000,632.812500
12953,512,317833,620.767578
12954,512,293583,573.404297
12955,512,295833,577.798828
12956,512,297833,581.705078
12957,512,292083,570.474609
12958,512,276792,540.609375
12959,512,282459,551.677734
12960,512,265041,517.658203
12961,512,282542,551.839844
12962,512,274833,536.783203
12963,512,287042,560.628906
12964,512,313917,613.119141
12965,512,329208,642.984375
12966,512,310500,606.445312
12967,512,406125,793.212891
12968,512,395083,771.646484
12969,512,382125,746.337891
12970,512,332125,648.681641
12971,512,291833,569.986328
12972,512,267917,523.275391
12973,512,276500,540.039062
12974,512,256666,501.300781
12975,512,482584,942.546875
12976,512,485416,948.078125
12977,512,465459,909.099609
12978,512,421792,823.812500
12979,512,419417,819.173828
12980,512,411375,803.466797
12981,512,614459,1200.115234
12982,512,403833,788.736328
12983,512,390208,762.125000
12984,512,381084,744.304688
12985,512,425000,830.078125
12986,512,439125,857.666016
12987,512,427084,834.148438
12988,512,417542,815.511719
12989,512,436458,852.457031
12990,512,470583,919.107422
12991,512,442125,863.525391
12992,512,404792,790.609375
12993,512,396541,774.494141
12994,512,391834,765.300781
12995,512,377667,737.630859
12996,512,387583,756.998047
12997,512,366083,715.005859
12998,512,388167,758.138672
12999,512,385542,753.011719
13000,512,399833,780.923828
13001,512,360833,704.751953
13002,512,384459,750.896484
13003,512,399666,780.597656
13004,512,401292,783.773438
13005,512,388083,757.974609
13006,512,362750,708.496094
13007,512,363917,710.775391
13008,512,383000,748.046875
13009,512,385709,753.337891
13010,512,407000,794.921875
13011,512,456042,890.707031
13012,512,432458,844.644531
13013,512,381500,745.117188
13014,512,373125,728.759766
13015,512,350709,684.978516
13016,512,340208,664.468750
13017,512,343458,670.816406
13018,512,338500,661.132812
13019,512,301500,588.867188
13020,512,322333,629.556641
13021,512,321084,627.117188
13022,512,329750,644.042969
13023,512,327916,640.460938
13024,512,340167,664.388672
13025,512,347334,678.386719
13026,512,307666,600.910156
13027,512,318167,621.419922
13028,512,303458,592.691406
13029,512,324292,633.382812
13030,512,354542,692.464844
13031,512,341583,667.154297
13032,512,316250,617.675781
13033,512,372958,728.433594
13034,512,387875,757.568359
13035,512,413792,808.187500
13036,512,391917,765.462891
13037,512,332541,649.494141
13038,512,353792,691.000000
13039,512,353334,690.105469
13040,512,318750,622.558594
13041,512,338708,661.539062
13042,512,334083,652.505859
13043,512,317959,621.013672
13044,512,312334,610.027344
13045,512,337750,659.667969
13046,512,338292,660.726562
13047,512,338208,660.562500
13048,512,332583,649.576172
13049,512,337292,658.773438
13050,512,333459,651.287109
13051,512,329291,643.146484
13052,512,321792,628.500000
13053,512,328000,640.625000
13054,512,377125,736.572266
13055,512,405250,791.503906
13056,512,317833,620.767578
13057,512,290750,567.871094
13058,512,289292,565.023438
13059,512,301458,588.785156
13060,512,285625,557.861328
13061,512,283833,554.361328
13062,512,273000,533.203125
13063,512,265875,519.287109
13064,512,270375,528.076172
13065,512,257833,503.580078
13066,512,252209,492.595703
13067,512,257583,503.091797
13068,512,259625,507.080078
13069,512,255375,498.779297
13070,512,267833,523.111328
13071,512,253833,495.767578
13072,512,258292,504.476562
13073,512,254000,496.093750
13074,512,246083,480.630859
13075,512,250000,488.281250
13076,512,247292,482.992188
13077,512,245125,478.759766
13078,512,251125,490.478516
13079,512,301584,589.031250
13080,512,257208,502.359375
13081,512,250250,488.769531
13082,512,253958,496.011719
13083,512,251833,491.861328
13084,512,252792,493.734375
13085,512,283209,553.142578
13086,512,286792,560.140625
13087,512,273375,533.935547
13088,512,273791,534.748047
13089,512,259417,506.673828
13090,512,277125,541.259766
13091,512,258917,505.697266
13092,512,662042,1293.050781
13093,512,505958,988.199219
13094,512,468083,914.224609
13095,512,457584,893.718750
13096,512,468375,914.794922
13097,512,470833,919.595703
13098,512,395875,773.193359
13099,512,382083,746.255859
13100,512,383875,749.755859
13101,512,381167,744.466797
13102,512,348125,679.931641
13103,512,355916,695.148438
13104,512,446084,871.257812
13105,512,363708,710.367188
13106,512,397875,777.099609
13107,512,403042,787.191406
13108,512,428000,835.937500
13109,512,412000,804.687500
13110,512,547250,1068.847656
13111,512,407083,795.083984
13112,512,277459,541.912109
13113,512,253334,494.792969
13114,512,245083,478.677734
13115,512,246541,481.525391
13116,512,261375,510.498047
13117,512,485208,947.671875
13118,512,518417,1012.533203
13119,512,465958,910.074219
13120,512,447958,874.917969
13121,512,468291,914.630859
13122,512,441542,862.386719
13123,512,424000,828.125000
13124,512,405584,792.156250
13125,512,435375,850.341797
13126,512,446000,871.093750
13127,512,416583,813.638672
13128,512,419333,819.009766
13129,512,379209,740.642578
13130,512,454875,888.427734
13131,512,414333,809.244141
13132,512,443750,866.699219
13133,512,430458,840.738281
13134,512,400292,781.820312
13135,512,372917,728.353516
13136,512,361791,706.623047
13137,512,360334,703.777344
13138,512,353041,689.533203
13139,512,348167,680.013672
13140,512,334208,652.750000
13141,512,351500,686.523438
13142,512,317291,619.708984
13143,512,335792,655.843750
13144,512,324333,633.462891
13145,512,330583,645.669922
13146,512,341500,666.992188
13147,512,348667,680.990234
13148,512,353750,690.917969
13149,512,358000,699.218750
13150,512,417875,816.162109
13151,512,371500,725.585938
13152,512,354375,692.138672
13153,512,389500,760.742188
13154,512,315875,616.943359
13155,512,279375,545.654297
13156,512,322625,630.126953
13157,512,386667,755.208984
13158,512,274750,536.621094
13159,512,277083,541.177734
13160,512,262875,513.427734
13161,512,259541,506.916016
13162,512,262625,512.939453
13163,512,262584,512.859375
13164,512,278459,543.865234
13165,512,308166,601.886719
13166,512,384125,750.244141
13167,512,302125,590.087891
13168,512,327125,638.916016
13169,512,301958,589.761719
13170,512,282584,551.921875
13171,512,277250,541.503906
13172,512,265959,519.451172
13173,512,269542,526.449219
13174,512,259875,507.568359
13175,512,273333,533.853516
13176,512,294417,575.033203
13177,512,288958,564.371094
13178,512,321917,628.744141
13179,512,340000,664.062500
13180,512,307000,599.609375
13181,512,279541,545.978516
13182,512,293542,573.324219
13183,512,283417,553.548828
13184,512,277500,541.992188
13185,512,273916,534.992188
13186,512,285875,558.349609
13187,512,275792,538.656250
13188,512,705041,1377.033203
13189,512,535542,1045.980469
13190,512,533167,1041.341797
13191,512,538333,1051.431641
13192,512,557875,1089.599609
13193,512,525542,1026.449219
13194,512,562167,1097.982422
13195,512,546791,1067.951172
13196,512,533334,1041.667969
13197,512,508750,993.652344
13198,512,490375,957.763672
13199,512,562500,1098.632812
13200,512,411708,804.117188
13201,512,340208,664.468750
13202,512,367792,718.343750
13203,512,401333,783.853516
13204,512,400334,781.902344
13205,512,332333,649.087891
13206,512,322417,629.720703
13207,512,299625,585.205078
13208,512,280875,548.583984
13209,512,285584,557.781250
13210,512,587916,1148.273438
13211,512,467459,913.005859
13212,512,466125,910.400391
13213,512,452625,884.033203
13214,512,514833,1005.533203
13215,512,413833,808.267578
13216,512,448208,875.406250
13217,512,482334,942.058594
13218,512,486833,950.845703
13219,512,526458,1028.238281
13220,512,820209,1601.970703
13221,512,454875,888.427734
13222,512,417500,815.429688
13223,512,402500,786.132812
13224,512,366584,715.984375
13225,512,344791,673.419922
13226,512,370334,723.308594
13227,512,355250,693.847656
13228,512,355167,693.685547
13229,512,342833,669.595703
13230,512,338458,661.050781
13231,512,346333,676.431641
13232,512,329917,644.369141
13233,512,364667,712.240234
13234,512,370334,723.308594
13235,512,367833,718.423828
13236,512,368791,720.294922
13237,512,371958,726.480469
13238,512,343375,670.654297
13239,512,344584,673.015625
13240,512,337041,658.283203
13241,512,363667,710.287109
13242,512,319417,623.861328
13243,512,294833,575.845703
13244,512,275833,538.736328
13245,512,303084,591.960938
13246,512,320500,625.976562
13247,512,341875,667.724609
13248,512,368792,720.296875
13249,512,395208,771.890625
13250,512,363792,710.531250
13251,512,341041,666.095703
13252,512,322917,630.697266
13253,512,322042,628.988281
13254,512,306916,599.445312
13255,512,320667,626.302734
13256,512,318000,621.093750
13257,512,310667,606.771484
13258,512,295791,577.716797
13259,512,300500,586.914062
13260,512,312417,610.189453
13261,512,292583,571.451172
13262,512,296083,578.287109
13263,512,299333,584.634766
13264,512,288417,563.314453
13265,512,341917,667.806641
13266,512,338083,660.318359
13267,512,342958,669.839844
13268,512,306833,599.283203
13269,512,320542,626.058594
13270,512,316375,617.919922
13271,512,329667,643.880859
13272,512,321750,628.417969
13273,512,286917,560.384766
13274,512,315334,615.886719
13275,512,298625,583.251953
13276,512,287666,561.847656
13277,512,299792,585.531250
13278,512,316458,618.082031
13279,512,297250,580.566406
13280,512,321959,628.826172
13281,512,327875,640.380859
13282,512,310750,606.933594
13283,512,323125,631.103516
13284,512,330875,646.240234
13285,512,336167,656.576172
13286,512,348208,680.093750
13287,512,342333,668.619141
13288,512,313709,612.712891
13289,512,314209,613.689453
13290,512,293625,573.486328
13291,512,299416,584.796875
13292,512,310667,606.771484
13293,512,292667,571.615234
13294,512,301000,587.890625
13295,512,299667,585.287109
13296,512,304625,594.970703
13297,512,286291,559.162109
13298,512,297333,580.728516
13299,512,299667,585.287109
13300,512,310666,606.769531
13301,512,299708,585.367188
13302,512,288792,564.046875
13303,512,300292,586.507812
13304,512,304250,594.238281
13305,512,294291,574.787109
13306,512,306292,598.226562
13307,512,306125,597.900391
13308,512,330583,645.669922
13309,512,410458,801.675781
13310,512,382875,747.802734
13311,512,395708,772.867188
13312,512,374250,730.957031
13313,512,345791,675.373047
13314,512,344292,672.445312
13315,512,350125,683.837891
13316,512,346958,677.652344
13317,512,350625,684.814453
13318,512,349542,682.699219
13319,512,322083,629.068359
13320,512,328041,640.705078
13321,512,328500,641.601562
13322,512,324209,633.220703
13323,512,337666,659.503906
13324,512,316500,618.164062
13325,512,314083,613.443359
13326,512,320209,625.408203
13327,512,311625,608.642578
13328,512,313750,612.792969
13329,512,331291,647.052734
13330,512,334833,653.970703
13331,512,315334,615.886719
13332,512,319708,624.429688
13333,512,309583,604.654297
13334,512,318500,622.070312
13335,512,303667,593.099609
13336,512,313875,613.037109
13337,512,352583,688.638672
13338,512,347584,678.875000
13339,512,394125,769.775391
13340,512,364250,711.425781
13341,512,352833,689.126953
13342,512,336542,657.308594
13343,512,318416,621.906250
13344,512,316792,618.734375
13345,512,324041,632.892578
13346,512,333208,650.796875
13347,512,308084,601.726562
13348,512,312583,610.513672
13349,512,292208,570.718750
13350,512,320542,626.058594
13351,512,299375,584.716797
13352,512,319708,624.429688
13353,512,289750,565.917969
13354,512,314083,613.443359
13355,512,346042,675.863281
13356,512,332750,649.902344
13357,512,305542,596.761719
13358,512,280708,548.257812
13359,512,277417,541.830078
13360,512,276083,539.224609
13361,512,295333,576.822266
13362,512,300958,587.808594
13363,512,257833,503.580078
13364,512,261584,510.906250
13365,512,265250,518.066406
13366,512,249875,488.037109
13367,512,256416,500.812500
13368,512,271709,530.681641
13369,512,263042,513.753906
13370,512,271000,529.296875
13371,512,308500,602.539062
13372,512,294042,574.300781
13373,512,295833,577.798828
13374,512,290833,568.033203
13375,512,292542,571.371094
13376,512,306875,599.365234
13377,512,298750,583.496094
13378,512,269917,527.181641
13379,512,283125,552.978516
13380,512,299458,584.878906
13381,512,293666,573.566406
13382,512,282167,551.107422
13383,512,280208,547.281250
13384,512,287417,561.361328
13385,512,266625,520.751953
13386,512,254458,496.988281
13387,512,258500,504.882812
13388,512,247083,482.583984
13389,512,257541,503.009766
13390,512,428959,837.810547
13391,512,554458,1082.925781
13392,512,645458,1260.660156
13393,512,601833,1175.455078
13394,512,499500,975.585938
13395,512,467792,913.656250
13396,512,455458,889.566406
13397,512,419458,819.253906
13398,512,386542,754.964844
13399,512,382000,746.093750
13400,512,405625,792.236328
13401,512,405000,791.015625
13402,512,385459,752.849609
13403,512,364041,711.017578
13404,512,377667,737.630859
13405,512,383958,749.917969
13406,512,400458,782.144531
13407,512,404958,790.933594
13408,512,354417,692.220703
13409,512,398833,778.970703
13410,512,385833,753.580078
13411,512,403375,787.841797
13412,512,396417,774.251953
13413,512,381250,744.628906
13414,512,402959,787.029297
13415,512,387208,756.265625
13416,512,376208,734.781250
13417,512,385833,753.580078
13418,512,376708,735.757812
13419,512,337167,658.529297
13420,512,352500,688.476562
13421,512,343583,671.060547
13422,512,334875,654.052734
13423,512,349417,682.455078
13424,512,327458,639.566406
13425,512,359417,701.986328
13426,512,329750,644.042969
13427,512,338041,660.236328
13428,512,355167,693.685547
13429,512,355083,693.521484
13430,512,348500,680.664062
13431,512,344000,671.875000
13432,512,319875,624.755859
13433,512,332000,648.437500
13434,512,359209,701.580078
13435,512,378291,738.849609
13436,512,371917,726.400391
13437,512,358167,699.544922
13438,512,323166,631.183594
13439,512,336542,657.308594
13440,512,338542,661.214844
13441,512,322666,630.207031
13442,512,344125,672.119141
13443,512,332333,649.087891
13444,512,330000,644.531250
13445,512,317125,619.384766
13446,512,329500,643.554688
13447,512,309041,603.595703
13448,512,330542,645.589844
13449,512,343375,670.654297
13450,512,311916,609.210938
13451,512,316875,618.896484
13452,512,297208,580.484375
13453,512,302000,589.843750
13454,512,309584,604.656250
13455,512,304916,595.539062
13456,512,298209,582.439453
13457,512,294250,574.707031
13458,512,291084,568.523438
13459,512,292875,572.021484
13460,512,296958,579.996094
13461,512,309125,603.759766
13462,512,300500,586.914062
13463,512,304625,594.970703
13464,512,337375,658.935547
13465,512,330416,645.343750
13466,512,327834,640.300781
13467,512,310791,607.013672
13468,512,332750,649.902344
13469,512,329500,643.554688
13470,512,312417,610.189453
13471,512,322291,629.474609
13472,512,302042,589.925781
13473,512,322125,629.150391
13474,512,302166,590.167969
13475,512,304792,595.296875
13476,512,331541,647.541016
13477,512,303875,593.505859
13478,512,291584,569.500000
13479,512,300125,586.181641
13480,512,306709,599.041016
13481,512,298916,583.820312
13482,512,301084,588.054688
13483,512,306833,599.283203
13484,512,302458,590.738281
13485,512,296583,579.263672
13486,512,303333,592.447266
13487,512,294667,575.521484
13488,512,303291,592.365234
13489,512,290917,568.197266
13490,512,281708,550.210938
13491,512,292375,571.044922
13492,512,298375,582.763672
13493,512,322542,629.964844
13494,512,300167,586.263672
13495,512,292584,571.453125
13496,512,297542,581.136719
13497,512,316542,618.246094
13498,512,294458,575.113281
13499,512,308833,603.189453
13500,512,293625,573.486328
13501,512,307958,601.480469
13502,512,306250,598.144531
13503,512,322292,629.476562
13504,512,317459,620.037109
13505,512,312834,611.003906
13506,512,309666,604.816406
13507,512,313083,611.490234
13508,512,304917,595.541016
13509,512,325417,635.580078
13510,512,329500,643.554688
13511,512,356583,696.451172
13512,512,323958,632.730469
13513,512,323875,632.568359
13514,512,324291,633.380859
13515,512,324833,634.439453
13516,512,316542,618.246094
13517,512,337291,658.771484
13518,512,370834,724.285156
13519,512,374000,730.468750
13520,512,346125,676.025391
13521,512,336542,657.308594
13522,512,369250,721.191406
13523,512,323250,631.347656
13524,512,313125,611.572266
13525,512,318042,621.175781
13526,512,315125,615.478516
13527,512,306000,597.656250
13528,512,321041,627.033203
13529,512,307542,600.667969
13530,512,315833,616.861328
13531,512,308958,603.433594
13532,512,309083,603.677734
13533,512,323875,632.568359
13534,512,305584,596.843750
13535,512,307750,601.074219
13536,512,305666,597.003906
13537,512,311709,608.806641
13538,512,316334,617.839844
13539,512,305291,596.271484
13540,512,303084,591.960938
13541,512,314666,614.582031
13542,512,332834,650.066406
13543,512,360000,703.125000
13544,512,332334,649.089844
13545,512,323958,632.730469
13546,512,307375,600.341797
13547,512,274042,535.238281
13548,512,297666,581.378906
13549,512,307875,601.318359
13550,512,303042,591.878906
13551,512,302583,590.982422
13552,512,295959,578.044922
13553,512,290375,567.138672
13554,512,286125,558.837891
13555,512,299500,584.960938
13556,512,290834,568.035156
13557,512,287541,561.603516
13558,512,292709,571.697266
13559,512,283875,554.443359
13560,512,282834,552.410156
13561,512,251500,491.210938
13562,512,265292,518.148438
13563,512,266125,519.775391
13564,512,273417,534.017578
13565,512,279292,545.492188
13566,512,288417,563.314453
13567,512,268958,525.308594
13568,512,268250,523.925781
13569,512,281375,549.560547
13570,512,285833,558.267578
13571,512,313458,612.222656
13572,512,293208,572.671875
13573,512,317666,620.441406
13574,512,304709,595.134766
13575,512,299833,585.611328
13576,512,301667,589.193359
13577,512,312958,611.246094
13578,512,305500,596.679688
13579,512,287708,561.929688
13580,512,296417,578.939453
13581,512,290625,567.626953
13582,512,288375,563.232422
13583,512,281333,549.478516
13584,512,279875,546.630859
13585,512,306458,598.550781
13586,512,278083,543.130859
13587,512,282542,551.839844
13588,512,294583,575.357422
13589,512,284292,555.257812
13590,512,276542,540.121094
13591,512,292917,572.103516
13592,512,286375,559.326172
13593,512,272500,532.226562
13594,512,277833,542.642578
13595,512,275458,538.003906
13596,512,279250,545.410156
13597,512,267959,523.357422
13598,512,260625,509.033203
13599,512,264042,515.707031
13600,512,265667,518.880859
13601,512,278750,544.433594
13602,512,268708,524.820312
13603,512,324666,634.113281
13604,512,330542,645.589844
13605,512,300292,586.507812
13606,512,286791,560.138672
13607,512,293209,572.673828
13608,512,292458,571.207031
13609,512,289458,565.347656
13610,512,291542,569.417969
13611,512,303875,593.505859
13612,512,285875,558.349609
13613,512,275209,537.517578
13614,512,305708,597.085938
13615,512,300667,587.240234
13616,512,292125,570.556641
13617,512,295334,576.824219
13618,512,273167,533.529297
13619,512,290833,568.033203
13620,512,287833,562.173828
13621,512,282167,551.107422
13622,512,294833,575.845703
13623,512,299750,585.449219
13624,512,283542,553.792969
13625,512,300208,586.343750
13626,512,304250,594.238281
13627,512,290208,566.812500
13628,512,299250,584.472656
13629,512,365458,713.785156
13630,512,322250,629.394531
13631,512,330875,646.240234
13632,512,361459,705.974609
13633,512,322416,629.718750
13634,512,341500,666.992188
13635,512,318500,622.070312
13636,512,315875,616.943359
13637,512,318709,622.478516
13638,512,313541,612.384766
13639,512,314667,614.583984
13640,512,303500,592.773438
13641,512,294916,576.007812
13642,512,294459,575.115234
13643,512,305375,596.435547
13644,512,303334,592.449219
13645,512,310250,605.957031
13646,512,340416,664.875000
13647,512,318959,622.966797
13648,512,299958,585.855469
13649,512,313500,612.304688
13650,512,318667,622.396484
13651,512,319958,624.917969
13652,512,331958,648.355469
13653,512,324459,633.708984
13654,512,306833,599.283203
13655,512,301625,589.111328
13656,512,296583,579.263672
13657,512,323208,631.265625
13658,512,309792,605.062500
13659,512,292417,571.126953
13660,512,310125,605.712891
13661,512,299708,585.367188
13662,512,287084,560.710938
13663,512,305958,597.574219
13664,512,296208,578.531250
13665,512,312167,609.701172
13666,512,295625,577.392578
13667,512,288791,564.044922
13668,512,308542,602.621094
13669,512,293666,573.566406
13670,512,304250,594.238281
13671,512,296750,579.589844
13672,512,306375,598.388672
13673,512,302083,590.005859
13674,512,277833,542.642578
13675,512,269125,525.634766
13676,512,304333,594.400391
13677,512,284167,555.013672
13678,512,275792,538.656250
13679,512,261625,510.986328
13680,512,261292,510.335938
13681,512,255250,498.535156
13682,512,252791,493.732422
13683,512,250333,488.931641
13684,512,249042,486.410156
13685,512,288583,563.638672
13686,512,273334,533.855469
13687,512,283375,553.466797
13688,512,282084,550.945312
13689,512,279000,544.921875
13690,512,277125,541.259766
13691,512,275917,538.900391
13692,512,286000,558.593750
13693,512,262083,511.880859
13694,512,266250,520.019531
13695,512,267333,522.134766
13696,512,263000,513.671875
13697,512,261750,511.230469
13698,512,280375,547.607422
13699,512,283125,552.978516
13700,512,266833,521.158203
13701,512,277292,541.585938
13702,512,266916,521.320312
13703,512,257500,502.929688
13704,512,253750,495.605469
13705,512,262125,511.962891
13706,512,270375,528.076172
13707,512,258083,504.068359
13708,512,263125,513.916016
13709,512,264666,516.925781
13710,512,269834,527.019531
13711,512,262334,512.371094
13712,512,283166,553.058594
13713,512,299958,585.855469
13714,512,282667,552.083984
13715,512,301709,589.275391
13716,512,301667,589.193359
13717,512,290458,567.300781
13718,512,288292,563.070312
13719,512,290208,566.812500
13720,512,291084,568.523438
13721,512,285291,557.208984
13722,512,304125,593.994141
13723,512,296583,579.263672
13724,512,273500,534.179688
13725,512,274458,536.050781
13726,512,272833,532.876953
13727,512,279959,546.794922
13728,512,269166,525.714844
13729,512,289625,565.673828
13730,512,276625,540.283203
13731,512,279417,545.736328
13732,512,281708,550.210938
13733,512,260791,509.357422
13734,512,270250,527.832031
13735,512,278292,543.539062
13736,512,266041,519.611328
13737,512,270625,528.564453
13738,512,279667,546.224609
13739,512,316375,617.919922
13740,512,320916,626.789062
13741,512,288292,563.070312
13742,512,275167,537.435547
13743,512,265291,518.146484
13744,512,266750,520.996094
13745,512,289500,565.429688
13746,512,289084,564.617188
13747,512,300333,586.587891
13748,512,290875,568.115234
13749,512,283875,554.443359
13750,512,293500,573.242188
13751,512,275458,538.003906
13752,512,283125,552.978516
13753,512,278542,544.027344
13754,512,296375,578.857422
13755,512,277792,542.562500
13756,512,263792,515.218750
13757,512,273250,533.691406
13758,512,266500,520.507812
13759,512,258250,504.394531
13760,512,271417,530.111328
13761,512,266541,520.587891
13762,512,268334,524.089844
13763,512,249584,487.468750
13764,512,259959,507.732422
13765,512,245917,480.306641
13766,512,342875,669.677734
13767,512,351166,685.871094
13768,512,265333,518.228516
13769,512,264209,516.033203
13770,512,259041,505.939453
13771,512,274000,535.156250
13772,512,263625,514.892578
13773,512,283583,553.873047
13774,512,252875,493.896484
13775,512,426375,832.763672
13776,512,518167,1012.044922
13777,512,454958,888.589844
13778,512,461792,901.937500
13779,512,446333,871.744141
13780,512,415459,811.443359
13781,512,406875,794.677734
13782,512,376708,735.757812
13783,512,386333,754.556641
13784,512,354667,692.708984
13785,512,361125,705.322266
13786,512,376333,735.025391
13787,512,368792,720.296875
13788,512,341291,666.583984
13789,512,347792,679.281250
13790,512,346583,676.919922
13791,512,356916,697.101562
13792,512,335042,654.378906
13793,512,330958,646.402344
13794,512,330792,646.078125
13795,512,362375,707.763672
13796,512,368208,719.156250
13797,512,366667,716.146484
13798,512,385458,752.847656
13799,512,351542,686.605469
13800,512,362583,708.169922
13801,512,345791,675.373047
13802,512,281583,549.966797
13803,512,271500,530.273438
13804,512,280250,547.363281
13805,512,277042,541.097656
13806,512,298042,582.113281
13807,512,314541,614.337891
13808,512,305667,597.005859
13809,512,283416,553.546875
13810,512,286125,558.837891
13811,512,301292,588.460938
13812,512,302666,591.144531
13813,512,288958,564.371094
13814,512,300292,586.507812
13815,512,301542,588.949219
13816,512,294875,575.927734
13817,512,318250,621.582031
13818,512,328375,641.357422
13819,512,434667,848.958984
13820,512,509041,994.220703
13821,512,333792,651.937500
13822,512,330041,644.611328
13823,512,320250,625.488281
13824,512,298125,582.275391
13825,512,298584,583.171875
13826,512,302542,590.902344
13827,512,301041,587.970703
13828,512,342875,669.677734
13829,512,284167,555.013672
13830,512,306750,599.121094
13831,512,295666,577.472656
13832,512,302584,590.984375
13833,512,318667,622.396484
13834,512,294292,574.789062
13835,512,278875,544.677734
13836,512,308000,601.562500
13837,512,298500,583.007812
13838,512,285750,558.105469
13839,512,301583,589.029297
13840,512,289833,566.080078
13841,512,280750,548.339844
13842,512,296459,579.021484
13843,512,281458,549.722656
13844,512,291958,570.230469
13845,512,276792,540.609375
13846,512,289250,564.941406
13847,512,287750,562.011719
13848,512,280625,548.095703
13849,512,287292,561.117188
13850,512,296542,579.183594
13851,512,349125,681.884766
13852,512,340834,665.691406
13853,512,310291,606.037109
13854,512,319959,624.919922
13855,512,284667,555.990234
13856,512,314292,613.851562
13857,512,325041,634.845703
13858,512,298917,583.822266
13859,512,297583,581.216797
13860,512,308292,602.132812
13861,512,306666,598.957031
13862,512,301250,588.378906
13863,512,303167,592.123047
13864,512,305625,596.923828
13865,512,286167,558.919922
13866,512,292000,570.312500
13867,512,306125,597.900391
13868,512,312750,610.839844
13869,512,328625,641.845703
13870,512,340834,665.691406
13871,512,307666,600.910156
13872,512,324958,634.683594
13873,512,301833,589.517578
13874,512,315375,615.966797
13875,512,404250,789.550781
13876,512,351042,685.628906
13877,512,360959,704.998047
13878,512,358875,700.927734
13879,512,389333,760.416016
13880,512,381292,744.710938
13881,512,383791,749.591797
13882,512,356167,695.638672
13883,512,348208,680.093750
13884,512,326083,636.880859
13885,512,309500,604.492188
13886,512,340458,664.957031
13887,512,314333,613.931641
13888,512,295416,576.984375
13889,512,341292,666.585938
13890,512,309750,604.980469
13891,512,298000,582.031250
13892,512,333792,651.937500
13893,512,309000,603.515625
13894,512,302375,590.576172
13895,512,353458,690.347656
13896,512,323500,631.835938
13897,512,321250,627.441406
13898,512,326084,636.882812
13899,512,303166,592.121094
13900,512,338542,661.214844
13901,512,318500,622.070312
13902,512,318333,621.744141
13903,512,296209,578.533203
13904,512,301416,588.703125
13905,512,298750,583.496094
13906,512,314334,613.933594
13907,512,307875,601.318359
13908,512,295125,576.416016
13909,512,296625,579.345703
13910,512,290584,567.546875
13911,512,300083,586.099609
13912,512,276166,539.386719
13913,512,272625,532.470703
13914,512,292125,570.556641
13915,512,267083,521.646484
13916,512,261833,511.392578
13917,512,261792,511.312500
13918,512,243083,474.771484
13919,512,273000,533.203125
13920,512,263541,514.728516
13921,512,263125,513.916016
13922,512,266375,520.263672
13923,512,263833,515.298828
13924,512,252542,493.246094
13925,512,240458,469.644531
13926,512,244875,478.271484
13927,512,268875,525.146484
13928,512,260875,509.521484
13929,512,257667,503.255859
13930,512,296625,579.345703
13931,512,291375,569.091797
13932,512,276500,540.039062
13933,512,308875,603.271484
13934,512,327375,639.404297
13935,512,293292,572.835938
13936,512,287625,561.767578
13937,512,299209,584.392578
13938,512,279750,546.386719
13939,512,285750,558.105469
13940,512,289500,565.429688
13941,512,275750,538.574219
13942,512,270500,528.320312
13943,512,285584,557.781250
13944,512,284417,555.501953
13945,512,270333,527.994141
13946,512,263250,514.160156
13947,512,264084,515.789062
13948,512,266625,520.751953
13949,512,252209,492.595703
13950,512,273458,534.097656
13951,512,265542,518.636719
13952,512,271209,529.705078
13953,512,270333,527.994141
13954,512,265916,519.367188
13955,512,269709,526.775391
13956,512,274916,536.945312
13957,512,279625,546.142578
13958,512,322042,628.988281
13959,512,306667,598.958984
13960,512,296417,578.939453
13961,512,305583,596.841797
13962,512,294958,576.089844
13963,512,286875,560.302734
13964,512,301417,588.705078
13965,512,275916,538.898438
13966,512,282000,550.781250
13967,512,267625,522.705078
13968,512,305625,596.923828
13969,512,284250,555.175781
13970,512,290958,568.277344
13971,512,276250,539.550781
13972,512,278125,543.212891
13973,512,272916,533.039062
13974,512,259834,507.488281
13975,512,275833,538.736328
13976,512,263833,515.298828
13977,512,251083,490.396484
13978,512,266125,519.775391
13979,512,260959,509.685547
13980,512,285500,557.617188
13981,512,266583,520.669922
13982,512,254417,496.908203
13983,512,263083,513.833984
13984,512,260333,508.462891
13985,512,246875,482.177734
13986,512,263792,515.218750
13987,512,253250,494.628906
13988,512,274375,535.888672
13989,512,279750,546.386719
13990,512,265667,518.880859
13991,512,321208,627.359375
13992,512,302875,591.552734
13993,512,312750,610.839844
13994,512,320875,626.708984
13995,512,310209,605.876953
13996,512,315500,616.210938
13997,512,380667,743.490234
13998,512,300541,586.994141
13999,512,307000,599.609375
14000,512,293208,572.671875
14001,512,287834,562.175781
14002,512,281708,550.210938
14003,512,273958,535.074219
14004,512,293834,573.894531
14005,512,279541,545.978516
14006,512,280625,548.095703
14007,512,275042,537.191406
14008,512,274958,537.027344
14009,512,268333,524.087891
14010,512,258458,504.800781
14011,512,251625,491.455078
14012,512,255792,499.593750
14013,512,276542,540.121094
14014,512,248708,485.757812
14015,512,257084,502.117188
14016,512,242625,473.876953
14017,512,308625,602.783203
14018,512,375167,732.748047
14019,512,293458,573.160156
14020,512,294542,575.277344
14021,512,303458,592.691406
14022,512,336875,657.958984
14023,512,315250,615.722656
14024,512,310875,607.177734
14025,512,304583,594.888672
14026,512,290750,567.871094
14027,512,300167,586.263672
14028,512,299542,585.042969
14029,512,304791,595.294922
14030,512,289917,566.244141
14031,512,296625,579.345703
14032,512,293083,572.427734
14033,512,279167,545.248047
14034,512,291625,569.580078
14035,512,276875,540.771484
14036,512,288000,562.500000
14037,512,284500,555.664062
14038,512,269709,526.775391
14039,512,275459,538.005859
14040,512,281666,550.128906
14041,512,289917,566.244141
14042,512,261166,510.089844
14043,512,282625,552.001953
14044,512,272667,532.552734
14045,512,271250,529.785156
14046,512,275958,538.980469
14047,512,287583,561.685547
14048,512,296417,578.939453
14049,512,327250,639.160156
14050,512,306541,598.712891
14051,512,326834,638.347656
14052,512,291666,569.660156
14053,512,291084,568.523438
14054,512,324125,633.056641
14055,512,310333,606.119141
14056,512,290000,566.406250
14057,512,303750,593.261719
14058,512,316583,618.326172
14059,512,288667,563.802734
14060,512,278625,544.189453
14061,512,298459,582.927734
14062,512,286834,560.222656
14063,512,308709,602.947266
14064,512,284959,556.560547
14065,512,280916,548.664062
14066,512,300208,586.343750
14067,512,285083,556.802734
14068,512,286209,559.001953
14069,512,259625,507.080078
14070,512,247458,483.316406
14071,512,262958,513.589844
14072,512,268584,524.578125
14073,512,267750,522.949219
14074,512,269791,526.935547
14075,512,290459,567.302734
14076,512,308250,602.050781
14077,512,302959,591.716797
14078,512,279959,546.794922
14079,512,285958,558.511719
14080,512,280542,547.933594
14081,512,282083,550.943359
14082,512,280416,547.687500
14083,512,269042,525.472656
14084,512,293125,572.509766
14085,512,280791,548.419922
14086,512,270250,527.832031
14087,512,270083,527.505859
14088,512,271084,529.460938
14089,512,283958,554.605469
14090,512,274791,536.701172
14091,512,289250,564.941406
14092,512,260375,508.544922
14093,512,263292,514.242188
14094,512,260000,507.812500
14095,512,252875,493.896484
14096,512,270875,529.052734
14097,512,252625,493.408203
14098,512,255625,499.267578
14099,512,245500,479.492188
14100,512,258167,504.232422
14101,512,234042,457.113281
14102,512,255666,499.347656
14103,512,255042,498.128906
14104,512,254750,497.558594
14105,512,257583,503.091797
14106,512,257709,503.337891
14107,512,336750,657.714844
14108,512,292125,570.556641
14109,512,313416,612.140625
14110,512,313084,611.492188
14111,512,313000,611.328125
14112,512,327000,638.671875
14113,512,295750,577.636719
14114,512,296792,579.671875
14115,512,289833,566.080078
14116,512,283833,554.361328
14117,512,284917,556.478516
14118,512,292792,571.859375
14119,512,283917,554.525391
14120,512,267958,523.355469
14121,512,262708,513.101562
14122,512,276125,539.306641
14123,512,279292,545.492188
14124,512,276750,540.527344
14125,512,291417,569.173828
14126,512,293833,573.892578
14127,512,296000,578.125000
14128,512,293000,572.265625
14129,512,282791,552.326172
14130,512,277334,541.667969
14131,512,287542,561.605469
14132,512,328000,640.625000
14133,512,291583,569.498047
14134,512,290708,567.789062
14135,512,288417,563.314453
14136,512,286750,560.058594
14137,512,281500,549.804688
14138,512,270667,528.646484
14139,512,278750,544.433594
14140,512,281708,550.210938
14141,512,285250,557.128906
14142,512,270166,527.667969
14143,512,255167,498.373047
14144,512,274500,536.132812
14145,512,263083,513.833984
14146,512,276875,540.771484
14147,512,258417,504.720703
14148,512,269208,525.796875
14149,512,279666,546.222656
14150,512,258500,504.882812
14151,512,264583,516.763672
14152,512,265041,517.658203
14153,512,268667,524.740234
14154,512,270541,528.400391
14155,512,261417,510.580078
14156,512,268583,524.576172
14157,512,262459,512.615234
14158,512,263625,514.892578
14159,512,252542,493.246094
14160,512,252042,492.269531
14161,512,261791,511.310547
14162,512,268959,525.310547
14163,512,270708,528.726562
14164,512,273500,534.179688
14165,512,274250,535.644531
14166,512,273459,534.099609
14167,512,286292,559.164062
14168,512,291458,569.253906
14169,512,300250,586.425781
14170,512,285875,558.349609
14171,512,280833,548.501953
14172,512,286083,558.755859
14173,512,274500,536.132812
14174,512,282583,551.919922
14175,512,276708,540.445312
14176,512,273209,533.611328
14177,512,279375,545.654297
14178,512,285708,558.023438
14179,512,268458,524.332031
14180,512,268584,524.578125
14181,512,277666,542.316406
14182,512,285042,556.722656
14183,512,276375,539.794922
14184,512,293958,574.136719
14185,512,271750,530.761719
14186,512,270958,529.214844
14187,512,276292,539.632812
14188,512,277750,542.480469
14189,512,267209,521.892578
14190,512,274500,536.132812
14191,512,272000,531.250000
14192,512,267084,521.648438
14193,512,278708,544.351562
14194,512,267542,522.542969
14195,512,277292,541.585938
14196,512,301833,589.517578
14197,512,294959,576.091797
14198,512,279208,545.328125
14199,512,289750,565.917969
14200,512,295791,577.716797
14201,512,272542,532.308594
14202,512,285333,557.291016
14203,512,290334,567.058594
14204,512,286084,558.757812
14205,512,279917,546.712891
14206,512,282792,552.328125
14207,512,284917,556.478516
14208,512,273000,533.203125
14209,512,278042,543.050781
14210,512,288042,562.582031
14211,512,262333,512.369141
14212,512,264625,516.845703
14213,512,249667,487.630859
14214,512,267666,522.785156
14215,512,262292,512.289062
14216,512,244917,478.353516
14217,512,261875,511.474609
14218,512,274333,535.806641
14219,512,264083,515.787109
14220,512,263500,514.648438
14221,512,257000,501.953125
14222,512,272708,532.632812
14223,512,269833,527.017578
14224,512,274208,535.562500
14225,512,270292,527.914062
14226,512,267541,522.541016
14227,512,289167,564.779297
14228,512,273166,533.527344
14229,512,290583,567.544922
14230,512,309875,605.224609
14231,512,295584,577.312500
14232,512,289666,565.753906
14233,512,285042,556.722656
14234,512,308750,603.027344
14235,512,302709,591.228516
14236,512,294000,574.218750
14237,512,308750,603.027344
14238,512,292041,570.392578
14239,512,292250,570.800781
14240,512,305208,596.109375
14241,512,308875,603.271484
14242,512,295167,576.498047
14243,512,313833,612.955078
14244,512,313708,612.710938
14245,512,299167,584.310547
14246,512,301458,588.785156
14247,512,299875,585.693359
14248,512,312000,609.375000
14249,512,288083,562.662109
14250,512,302000,589.843750
14251,512,262667,513.021484
14252,512,253500,495.117188
14253,512,251250,490.722656
14254,512,264000,515.625000
14255,512,294125,574.462891
14256,512,279291,545.490234
14257,512,286875,560.302734
14258,512,284250,555.175781
14259,512,303917,593.587891
14260,512,283417,553.548828
14261,512,282541,551.837891
14262,512,269875,527.099609
14263,512,263834,515.300781
14264,512,261958,511.636719
14265,512,254125,496.337891
14266,512,276958,540.933594
14267,512,249834,487.957031
14268,512,256625,501.220703
14269,512,255917,499.837891
14270,512,265000,517.578125
14271,512,262500,512.695312
14272,512,278167,543.294922
14273,512,255458,498.941406
14274,512,256583,501.138672
14275,512,262333,512.369141
14276,512,267833,523.111328
14277,512,269959,527.263672
14278,512,273500,534.179688
14279,512,262333,512.369141
14280,512,263167,513.998047
14281,512,258666,505.207031
14282,512,252334,492.839844
14283,512,247125,482.666016
14284,512,261292,510.335938
14285,512,260500,508.789062
14286,512,251334,490.886719
14287,512,278875,544.677734
14288,512,275125,537.353516
14289,512,297584,581.218750
14290,512,272125,531.494141
14291,512,295792,577.718750
14292,512,271750,530.761719
14293,512,287458,561.441406
14294,512,290208,566.812500
14295,512,268208,523.843750
14296,512,274042,535.238281
14297,512,259417,506.673828
14298,512,268541,524.494141
14299,512,263167,513.998047
14300,512,256084,500.164062
14301,512,256667,501.302734
14302,512,262500,512.695312
14303,512,268958,525.308594
14304,512,273042,533.285156
14305,512,263584,514.812500
14306,512,259792,507.406250
14307,512,271541,530.353516
14308,512,274542,536.214844
14309,512,268875,525.146484
14310,512,262000,511.718750
14311,512,256584,501.140625
14312,512,245458,479.410156
14313,512,271708,530.679688
14314,512,275792,538.656250
14315,512,273750,534.667969
14316,512,306542,598.714844
14317,512,290042,566.488281
14318,512,315458,616.128906
14319,512,289083,564.615234
14320,512,282208,551.187500
14321,512,275542,538.167969
14322,512,288000,562.500000
14323,512,275375,537.841797
14324,512,284459,555.583984
14325,512,280959,548.748047
14326,512,273958,535.074219
14327,512,702208,1371.500000
14328,512,837084,1634.929688
14329,512,433250,846.191406
14330,512,435458,850.503906
14331,512,442792,864.828125
14332,512,435875,851.318359
14333,512,564834,1103.191406
14334,512,388375,758.544922
14335,512,463917,906.087891
14336,512,407625,796.142578
14337,512,355708,694.742188
14338,512,354250,691.894531
14339,512,464833,907.876953
14340,512,369125,720.947266
14341,512,373125,728.759766
14342,512,361916,706.867188
14343,512,341834,667.644531
14344,512,374666,731.769531
14345,512,370333,723.306641
14346,512,361000,705.078125
14347,512,332458,649.332031
14348,512,312500,610.351562
14349,512,323833,632.486328
14350,512,383042,748.128906
14351,512,463709,905.681641
14352,512,628791,1228.107422
14353,512,447417,873.861328
14354,512,369000,720.703125
14355,512,421042,822.347656
14356,512,399125,779.541016
14357,512,361500,706.054688
14358,512,340667,665.365234
14359,512,338416,660.968750
14360,512,341500,666.992188
14361,512,328583,641.763672
14362,512,326792,638.265625
14363,512,315375,615.966797
14364,512,426500,833.007812
14365,512,393792,769.125000
14366,512,427583,835.123047
14367,512,398958,779.214844
14368,512,366083,715.005859
14369,512,355666,694.660156
14370,512,330792,646.078125
14371,512,333375,651.123047
14372,512,335083,654.458984
14373,512,340125,664.306641
14374,512,333000,650.390625
14375,512,327958,640.542969
14376,512,328417,641.439453
14377,512,339708,663.492188
14378,512,365542,713.949219
14379,512,458917,896.322266
14380,512,424292,828.695312
14381,512,418125,816.650391
14382,512,376208,734.781250
14383,512,460708,899.820312
14384,512,479083,935.708984
14385,512,446167,871.419922
14386,512,488375,953.857422
14387,512,566041,1105.548828
14388,512,399958,781.167969
14389,512,339667,663.412109
14390,512,319416,623.859375
14391,512,304917,595.541016
14392,512,293500,573.242188
14393,512,291000,568.359375
14394,512,320000,625.000000
14395,512,298333,582.681641
14396,512,302417,590.658203
14397,512,282958,552.652344
14398,512,270417,528.158203
14399,512,275000,537.109375
14400,512,266834,521.160156
14401,512,259459,506.755859
14402,512,266208,519.937500
14403,512,260417,508.626953
14404,512,264750,517.089844
14405,512,264208,516.031250
14406,512,260042,507.894531
14407,512,279458,545.816406
14408,512,286708,559.976562
14409,512,727292,1420.492188
14410,512,557792,1089.437500
14411,512,312375,610.107422
14412,512,332208,648.843750
14413,512,294209,574.626953
14414,512,268167,523.763672
14415,512,296791,579.669922
14416,512,303375,592.529297
14417,512,298166,582.355469
14418,512,296834,579.753906
14419,512,294709,575.603516
14420,512,285291,557.208984
14421,512,257750,503.417969
14422,512,268792,524.984375
14423,512,265083,517.740234
14424,512,254833,497.720703
14425,512,243625,475.830078
14426,512,242792,474.203125
14427,512,247250,482.910156
14428,512,237917,464.681641
14429,512,250833,489.908203
14430,512,242833,474.283203
14431,512,243250,475.097656
14432,512,256500,500.976562
14433,512,266459,520.427734
14434,512,292958,572.183594
14435,512,287792,562.093750
14436,512,282333,551.431641
14437,512,265125,517.822266
14438,512,291708,569.742188
14439,512,263833,515.298828
14440,512,254875,497.802734
14441,512,250084,488.445312
14442,512,248458,485.269531
14443,512,460625,899.658203
14444,512,297250,580.566406
14445,512,308375,602.294922
14446,512,287541,561.603516
14447,512,278000,542.968750
14448,512,283125,552.978516
14449,512,283708,554.117188
14450,512,279292,545.492188
14451,512,259708,507.242188
14452,512,247500,483.398438
14453,512,267166,521.808594
14454,512,266417,520.345703
14455,512,243708,475.992188
14456,512,238958,466.714844
14457,512,243333,475.259766
14458,512,252209,492.595703
14459,512,257958,503.824219
14460,512,252958,494.058594
14461,512,239208,467.203125
14462,512,238333,465.494141
14463,512,234667,458.333984
14464,512,236333,461.587891
14465,512,245792,480.062500
14466,512,236167,461.263672
14467,512,229375,447.998047
14468,512,233167,455.404297
14469,512,237083,463.052734
14470,512,225042,439.535156
14471,512,224625,438.720703
14472,512,238917,466.634766
14473,512,254125,496.337891
14474,512,241250,471.191406
14475,512,261792,511.312500
14476,512,306375,598.388672
14477,512,290000,566.406250
14478,512,256584,501.140625
14479,512,253833,495.767578
14480,512,251916,492.023438
14481,512,498500,973.632812
14482,512,508125,992.431641
14483,512,442459,864.177734
14484,512,486958,951.089844
14485,512,470667,919.271484
14486,512,469083,916.177734
14487,512,451958,882.730469
14488,512,469292,916.585938
14489,512,497292,971.273438
14490,512,485166,947.589844
14491,512,500417,977.376953
14492,512,437791,855.060547
14493,512,492292,961.507812
14494,512,488583,954.263672
14495,512,525458,1026.285156
14496,512,507041,990.314453
14497,512,412000,804.687500
14498,512,443375,865.966797
14499,512,447333,873.697266
14500,512,445792,870.687500
14501,512,448875,876.708984
14502,512,437708,854.898438
14503,512,462583,903.482422
14504,512,448958,876.871094
14505,512,463667,905.599609
14506,512,448208,875.406250
14507,512,456583,891.763672
14508,512,456833,892.251953
14509,512,438167,855.794922
14510,512,394042,769.613281
14511,512,375958,734.292969
14512,512,416792,814.046875
14513,512,447666,874.347656
14514,512,474292,926.351562
14515,512,441083,861.490234
14516,512,422209,824.626953
14517,512,425250,830.566406
14518,512,423084,826.335938
14519,512,373666,729.816406
14520,512,355709,694.744141
14521,512,348083,679.849609
14522,512,348833,681.314453
14523,512,357042,697.347656
14524,512,348792,681.234375
14525,512,346667,677.083984
14526,512,378250,738.769531
14527,512,344125,672.119141
14528,512,374791,732.013672
14529,512,376167,734.701172
14530,512,333167,650.716797
14531,512,341708,667.398438
14532,512,337958,660.074219
14533,512,315625,616.455078
14534,512,385666,753.253906
14535,512,359209,701.580078
14536,512,404083,789.224609
14537,512,393500,768.554688
14538,512,362417,707.845703
14539,512,341500,666.992188
14540,512,342000,667.968750
14541,512,312750,610.839844
14542,512,325417,635.580078
14543,512,322625,630.126953
14544,512,337667,659.505859
14545,512,325750,636.230469
14546,512,303792,593.343750
14547,512,317875,620.849609
14548,512,315125,615.478516
14549,512,310834,607.097656
14550,512,307583,600.748047
14551,512,299250,584.472656
14552,512,298458,582.925781
14553,512,296000,578.125000
14554,512,290417,567.220703
14555,512,269958,527.261719
14556,512,319167,623.373047
14557,512,329500,643.554688
14558,512,295291,576.740234
14559,512,332667,649.740234
14560,512,383958,749.917969
14561,512,378708,739.664062
14562,512,389625,760.986328
14563,512,343916,671.710938
14564,512,323667,632.162109
14565,512,329792,644.125000
14566,512,332541,649.494141
14567,512,318042,621.175781
14568,512,308500,602.539062
14569,512,308458,602.457031
14570,512,323000,630.859375
14571,512,322792,630.453125
14572,512,310208,605.875000
14573,512,302666,591.144531
14574,512,304375,594.482422
14575,512,284917,556.478516
14576,512,308042,601.644531
14577,512,287583,561.685547
14578,512,289333,565.103516
14579,512,300625,587.158203
14580,512,371375,725.341797
14581,512,338708,661.539062
14582,512,351750,687.011719
14583,512,349708,683.023438
14584,512,335625,655.517578
14585,512,388375,758.544922
14586,512,317292,619.710938
14587,512,303042,591.878906
14588,512,296667,579.427734
14589,512,285959,558.513672
14590,512,337291,658.771484
14591,512,313209,611.736328
14592,512,320250,625.488281
14593,512,306541,598.712891
14594,512,304667,595.052734
14595,512,304500,594.726562
14596,512,284875,556.396484
14597,512,282375,551.513672
14598,512,250959,490.154297
14599,512,275833,538.736328
14600,512,266333,520.181641
14601,512,271084,529.460938
14602,512,286375,559.326172
14603,512,284250,555.175781
14604,512,286125,558.837891
14605,512,290625,567.626953
14606,512,293666,573.566406
14607,512,299250,584.472656
14608,512,315125,615.478516
14609,512,331208,646.890625
14610,512,307666,600.910156
14611,512,324625,634.033203
14612,512,301375,588.623047
14613,512,323958,632.730469
14614,512,329125,642.822266
14615,512,304375,594.482422
14616,512,293667,573.568359
14617,512,321459,627.849609
14618,512,550250,1074.707031
14619,512,590333,1152.994141
14620,512,515708,1007.242188
14621,512,783083,1529.458984
14622,512,585334,1143.230469
14623,512,505500,987.304688
14624,512,494250,965.332031
14625,512,480375,938.232422
14626,512,496375,969.482422
14627,512,480541,938.556641
14628,512,429209,838.298828
14629,512,442667,864.583984
14630,512,461875,902.099609
14631,512,517125,1010.009766
14632,512,468334,914.714844
14633,512,488000,953.125000
14634,512,429291,838.458984
14635,512,399250,779.785156
14636,512,400458,782.144531
14637,512,378500,739.257812
14638,512,374500,731.445312
14639,512,399500,780.273438
14640,512,365083,713.052734
14641,512,358250,699.707031
14642,512,360459,704.021484
14643,512,356083,695.474609
14644,512,352500,688.476562
14645,512,347625,678.955078
14646,512,349917,683.431641
14647,512,344750,673.339844
14648,512,345500,674.804688
14649,512,387750,757.324219
14650,512,366875,716.552734
14651,512,367167,717.123047
14652,512,383292,748.617188
14653,512,432709,845.134766
14654,512,394541,770.587891
14655,512,374292,731.039062
14656,512,367250,717.285156
14657,512,389625,760.986328
14658,512,359542,702.230469
14659,512,372542,727.621094
14660,512,344125,672.119141
14661,512,366583,715.982422
14662,512,350250,684.082031
14663,512,339875,663.818359
14664,512,349000,681.640625
14665,512,321333,627.603516
14666,512,349958,683.511719
14667,512,331709,647.869141
14668,512,343958,671.792969
14669,512,306542,598.714844
14670,512,346333,676.431641
14671,512,371583,725.748047
14672,512,410333,801.431641
14673,512,371209,725.017578
14674,512,355416,694.171875
14675,512,353250,689.941406
14676,512,369708,722.085938
14677,512,377917,738.119141
14678,512,355000,693.359375
14679,512,352500,688.476562
14680,512,386166,754.230469
14681,512,319209,623.455078
14682,512,293417,573.080078
14683,512,430375,840.576172
14684,512,343833,671.548828
14685,512,358459,700.115234
14686,512,279000,544.921875
14687,512,272583,532.388672
14688,512,266750,520.996094
14689,512,262000,511.718750
14690,512,265958,519.449219
14691,512,261958,511.636719
14692,512,262500,512.695312
14693,512,254125,496.337891
14694,512,266083,519.693359
14695,512,257083,502.115234
14696,512,293875,573.974609
14697,512,295916,577.960938
14698,512,354959,693.279297
14699,512,309041,603.595703
14700,512,301375,588.623047
14701,512,314792,614.828125
14702,512,283125,552.978516
14703,512,290250,566.894531
14704,512,295625,577.392578
14705,512,297834,581.707031
14706,512,268917,525.228516
14707,512,294958,576.089844
14708,512,251917,492.025391
14709,512,278166,543.292969
14710,512,279334,545.574219
14711,512,267708,522.867188
14712,512,274375,535.888672
14713,512,263958,515.542969
14714,512,253000,494.140625
14715,512,525667,1026.693359
14716,512,580417,1133.626953
14717,512,538041,1050.861328
14718,512,565458,1104.410156
14719,512,579542,1131.917969
14720,512,601041,1173.908203
14721,512,571917,1117.025391
14722,512,579417,1131.673828
14723,512,580083,1132.974609
14724,512,565750,1104.980469
14725,512,460834,900.066406
14726,512,422625,825.439453
14727,512,417125,814.697266
14728,512,438917,857.259766
14729,512,439542,858.480469
14730,512,393583,768.716797
14731,512,407333,795.572266
14732,512,402250,785.644531
14733,512,396459,774.333984
14734,512,385375,752.685547
14735,512,372625,727.783203
14736,512,375250,732.910156
14737,512,376792,735.921875
14738,512,356292,695.882812
14739,512,349125,681.884766
14740,512,389041,759.845703
14741,512,403584,788.250000
14742,512,391459,764.568359
14743,512,405500,791.992188
14744,512,422084,824.382812
14745,512,414416,809.406250
14746,512,399250,779.785156
14747,512,371042,724.691406
14748,512,397166,775.714844
14749,512,348042,679.769531
14750,512,383666,749.347656
14751,512,344584,673.015625
14752,512,363584,710.125000
14753,512,343750,671.386719
14754,512,360459,704.021484
14755,512,331291,647.052734
14756,512,323375,631.591797
14757,512,338500,661.132812
14758,512,328958,642.496094
14759,512,339959,663.982422
14760,512,331875,648.193359
14761,512,310417,606.283203
14762,512,310083,605.630859
14763,512,368542,719.808594
14764,512,327250,639.160156
14765,512,358250,699.707031
14766,512,340084,664.226562
14767,512,353916,691.242188
14768,512,334750,653.808594
14769,512,358208,699.625000
14770,512,302917,591.634766
14771,512,328625,641.845703
14772,512,324208,633.218750
14773,512,326459,637.615234
14774,512,316084,617.351562
14775,512,329667,643.880859
14776,512,307708,600.992188
14777,512,297042,580.160156
14778,512,301708,589.273438
14779,512,290667,567.708984
14780,512,307208,600.015625
14781,512,302917,591.634766
14782,512,309375,604.248047
14783,512,313333,611.978516
14784,512,314000,613.281250
14785,512,310208,605.875000
14786,512,306750,599.121094
14787,512,305333,596.353516
14788,512,327459,639.568359
14789,512,370833,724.283203
14790,512,381708,745.523438
14791,512,345375,674.560547
14792,512,324375,633.544922
14793,512,330000,644.531250
14794,512,341584,667.156250
14795,512,339208,662.515625
14796,512,311333,608.072266
14797,512,312958,611.246094
14798,512,316459,618.083984
14799,512,308458,602.457031
14800,512,306250,598.144531
14801,512,314208,613.687500
14802,512,312250,609.863281
14803,512,291541,569.416016
14804,512,327750,640.136719
14805,512,317166,619.464844
14806,512,295417,576.986328
14807,512,294084,574.382812
14808,512,313708,612.710938
14809,512,311542,608.480469
14810,512,310959,607.341797
14811,512,315500,616.210938
14812,512,308125,601.806641
14813,512,351209,685.955078
14814,512,326000,636.718750
14815,512,343041,670.001953
14816,512,320792,626.546875
14817,512,345500,674.804688
14818,512,475875,929.443359
14819,512,286167,558.919922
14820,512,276375,539.794922
14821,512,261959,511.638672
14822,512,269250,525.878906
14823,512,253916,495.929688
14824,512,258042,503.988281
14825,512,255750,499.511719
14826,512,247291,482.990234
14827,512,248250,484.863281
14828,512,249667,487.630859
14829,512,249583,487.466797
14830,512,244167,476.888672
14831,512,240917,470.541016
14832,512,259083,506.021484
14833,512,243583,475.748047
14834,512,245625,479.736328
14835,512,241084,470.867188
14836,512,245416,479.328125
14837,512,233625,456.298828
14838,512,225667,440.755859
14839,512,247958,484.292969
14840,512,235625,460.205078
14841,512,231208,451.578125
14842,512,234958,458.902344
14843,512,233875,456.787109
14844,512,235583,460.123047
14845,512,226084,441.570312
14846,512,232250,453.613281
14847,512,238833,466.470703
14848,512,262791,513.263672
14849,512,267750,522.949219
14850,512,252625,493.408203
14851,512,263583,514.810547
14852,512,255875,499.755859
14853,512,268792,524.984375
14854,512,263541,514.728516
14855,512,249709,487.712891
14856,512,255375,498.779297
14857,512,559208,1092.203125
14858,512,542208,1059.000000
14859,512,412250,805.175781
14860,512,378417,739.095703
14861,512,465792,909.750000
14862,512,422500,825.195312
14863,512,443709,866.619141
14864,512,459416,897.296875
14865,512,431458,842.691406
14866,512,409458,799.722656
14867,512,404750,790.527344
14868,512,388000,757.812500
14869,512,413000,806.640625
14870,512,438417,856.283203
14871,512,431583,842.935547
14872,512,435375,850.341797
14873,512,494125,965.087891
14874,512,473375,924.560547
14875,512,450709,880.291016
14876,512,400417,782.064453
14877,512,392833,767.251953
14878,512,376042,734.457031
14879,512,386583,755.044922
14880,512,372375,727.294922
14881,512,346459,676.677734
14882,512,346708,677.164062
14883,512,407833,796.548828
14884,512,529459,1034.099609
14885,512,469875,917.724609
14886,512,469791,917.560547
14887,512,432375,844.482422
14888,512,366167,715.169922
14889,512,385291,752.521484
14890,512,413792,808.187500
14891,512,376333,735.025391
14892,512,368667,720.052734
14893,512,500083,976.724609
14894,512,426917,833.822266
14895,512,442584,864.421875
14896,512,397959,777.263672
14897,512,340333,664.712891
14898,512,347791,679.279297
14899,512,335250,654.785156
14900,512,332125,648.681641
14901,512,328208,641.031250
14902,512,344834,673.503906
14903,512,321000,626.953125
14904,512,324166,633.136719
14905,512,307959,601.482422
14906,512,318833,622.720703
14907,512,326125,636.962891
14908,512,309458,604.410156
14909,512,306416,598.468750
14910,512,293167,572.591797
14911,512,300667,587.240234
14912,512,351375,686.279297
14913,512,324000,632.812500
14914,512,337542,659.261719
14915,512,344792,673.421875
14916,512,341875,667.724609
14917,512,361667,706.380859
14918,512,411916,804.523438
14919,512,381667,745.443359
14920,512,392208,766.031250
14921,512,356875,697.021484
14922,512,346416,676.593750
14923,512,328042,640.707031
14924,512,314208,613.687500
14925,512,320375,625.732422
14926,512,354083,691.568359
14927,512,410750,802.246094
14928,512,416792,814.046875
14929,512,395709,772.869141
14930,512,383958,749.917969
14931,512,367541,717.853516
14932,512,351084,685.710938
14933,512,355416,694.171875
14934,512,341875,667.724609
14935,512,335084,654.460938
14936,512,348666,680.988281
14937,512,344250,672.363281
14938,512,357292,697.835938
14939,512,380625,743.408203
14940,512,460167,898.763672
14941,512,471917,921.712891
14942,512,407458,795.816406
14943,512,383167,748.373047
14944,512,436916,853.351562
14945,512,353959,691.326172
14946,512,347000,677.734375
14947,512,341583,667.154297
14948,512,336000,656.250000
14949,512,339375,662.841797
14950,512,359875,702.880859
14951,512,322875,630.615234
14952,512,352208,687.906250
14953,512,328583,641.763672
14954,512,302416,590.656250
14955,512,326209,637.126953
14956,512,319042,623.128906
14957,512,340916,665.851562
14958,512,346250,676.269531
14959,512,314083,613.443359
14960,512,314875,614.990234
14961,512,320208,625.406250
14962,512,305125,595.947266
14963,512,329125,642.822266
14964,512,383708,749.429688
14965,512,387333,756.509766
14966,512,376791,735.919922
14967,512,330583,645.669922
14968,512,337959,660.076172
14969,512,332167,648.763672
14970,512,310417,606.283203
14971,512,311375,608.154297
14972,512,384125,750.244141
14973,512,396667,774.740234
14974,512,317917,620.931641
14975,512,299041,584.064453
14976,512,302667,591.146484
14977,512,319458,623.941406
14978,512,281917,550.619141
14979,512,351292,686.117188
14980,512,332167,648.763672
14981,512,347834,679.363281
14982,512,322375,629.638672
14983,512,323416,631.671875
14984,512,322500,629.882812
14985,512,307750,601.074219
14986,512,294417,575.033203
14987,512,338166,660.480469
14988,512,302709,591.228516
14989,512,315250,615.722656
14990,512,312834,611.003906
14991,512,286916,560.382812
14992,512,285500,557.617188
14993,512,287625,561.767578
14994,512,296875,579.833984
14995,512,292542,571.371094
14996,512,269708,526.773438
14997,512,258625,505.126953
14998,512,306375,598.388672
14999,512,303666,593.097656
15000,512,288958,564.371094
15001,512,276250,539.550781
15002,512,256459,500.896484
15003,512,257250,502.441406
15004,512,454583,887.857422
15005,512,569334,1111.980469
15006,512,610458,1192.300781
15007,512,589041,1150.470703
15008,512,539334,1053.386719
15009,512,486458,950.113281
15010,512,448916,876.789062
15011,512,415042,810.628906
15012,512,412042,804.769531
15013,512,433666,847.003906
15014,512,401542,784.261719
15015,512,388750,759.277344
15016,512,425541,831.134766
15017,512,389000,759.765625
15018,512,389375,760.498047
15019,512,412125,804.931641
15020,512,406959,794.841797
15021,512,379833,741.861328
15022,512,414708,809.976562
15023,512,370667,723.958984
15024,512,416917,814.291016
15025,512,416708,813.882812
15026,512,438875,857.177734
15027,512,408750,798.339844
15028,512,404792,790.609375
15029,512,384833,751.626953
15030,512,388208,758.218750
15031,512,318250,621.582031
15032,512,326625,637.939453
15033,512,344375,672.607422
15034,512,385875,753.662109
15035,512,329625,643.798828
15036,512,363916,710.773438
15037,512,370875,724.365234
15038,512,322041,628.986328
15039,512,323000,630.859375
15040,512,310208,605.875000
15041,512,305792,597.250000
15042,512,312833,611.001953
15043,512,320917,626.791016
15044,512,309166,603.839844
15045,512,316167,617.513672
15046,512,321041,627.033203
15047,512,306042,597.738281
15048,512,293125,572.509766
15049,512,296625,579.345703
15050,512,315000,615.234375
15051,512,344291,672.443359
15052,512,357709,698.650391
15053,512,339458,663.003906
15054,512,332625,649.658203
15055,512,316292,617.757812
15056,512,310166,605.792969
15057,512,294084,574.382812
15058,512,283042,552.816406
15059,512,304625,594.970703
15060,512,290791,567.951172
15061,512,287042,560.628906
15062,512,286459,559.490234
15063,512,282792,552.328125
15064,512,277875,542.724609
15065,512,261292,510.335938
15066,512,294166,574.542969
15067,512,281875,550.537109
15068,512,266833,521.158203
15069,512,301000,587.890625
15070,512,272417,532.064453
15071,512,271250,529.785156
15072,512,273750,534.667969
15073,512,257750,503.417969
15074,512,273875,534.912109
15075,512,430667,841.146484
15076,512,472541,922.931641
15077,512,391667,764.974609
15078,512,325083,634.927734
15079,512,313000,611.328125
15080,512,322125,629.150391
15081,512,312583,610.513672
15082,512,351125,685.791016
15083,512,350917,685.384766
15084,512,355166,693.683594
15085,512,341042,666.097656
15086,512,349583,682.779297
15087,512,364292,711.507812
15088,512,349458,682.535156
15089,512,326667,638.021484
15090,512,306291,598.224609
15091,512,304709,595.134766
15092,512,316625,618.408203
15093,512,279084,545.085938
15094,512,279084,545.085938
15095,512,283625,553.955078
15096,512,273459,534.099609
15097,512,278708,544.351562
15098,512,287583,561.685547
15099,512,273833,534.830078
15100,512,265792,519.125000
15101,512,269708,526.773438
15102,512,269042,525.472656
15103,512,274833,536.783203
15104,512,270917,529.134766
15105,512,273250,533.691406
15106,512,260084,507.976562
15107,512,267583,522.623047
15108,512,299583,585.123047
15109,512,307500,600.585938
15110,512,286792,560.140625
15111,512,324833,634.439453
15112,512,335333,654.947266
15113,512,344417,672.689453
15114,512,312875,611.083984
15115,512,306500,598.632812
15116,512,319541,624.103516
15117,512,304542,594.808594
15118,512,296458,579.019531
15119,512,290209,566.814453
15120,512,292041,570.392578
15121,512,278084,543.132812
15122,512,274541,536.212891
15123,512,277459,541.912109
15124,512,301625,589.111328
15125,512,299792,585.531250
15126,512,292458,571.207031
15127,512,292584,571.453125
15128,512,281041,548.908203
15129,512,279292,545.492188
15130,512,287042,560.628906
15131,512,277792,542.562500
15132,512,279458,545.816406
15133,512,264041,515.705078
15134,512,287667,561.849609
15135,512,284583,555.826172
15136,512,318791,622.638672
15137,512,309417,604.330078
15138,512,319417,623.861328
15139,512,301958,589.761719
15140,512,311708,608.804688
15141,512,312083,609.537109
15142,512,319709,624.431641
15143,512,327500,639.648438
15144,512,303709,593.181641
15145,512,296500,579.101562
15146,512,312209,609.783203
15147,512,313791,612.873047
15148,512,305292,596.273438
15149,512,295334,576.824219
15150,512,313833,612.955078
15151,512,301375,588.623047
15152,512,295459,577.068359
15153,512,307541,600.666016
15154,512,327709,640.056641
15155,512,283000,552.734375
15156,512,268958,525.308594
15157,512,297541,581.134766
15158,512,289500,565.429688
15159,512,285625,557.861328
15160,512,290375,567.138672
15161,512,326125,636.962891
15162,512,326666,638.019531
15163,512,341917,667.806641
15164,512,338541,661.212891
15165,512,338750,661.621094
15166,512,278084,543.132812
15167,512,289833,566.080078
15168,512,274542,536.214844
15169,512,281792,550.375000
15170,512,309541,604.572266
15171,512,298167,582.357422
15172,512,294750,575.683594
15173,512,290083,566.568359
15174,512,283750,554.199219
15175,512,287292,561.117188
15176,512,301834,589.519531
15177,512,280625,548.095703
15178,512,287542,561.605469
15179,512,301750,589.355469
15180,512,309458,604.410156
15181,512,307875,601.318359
15182,512,286917,560.384766
15183,512,295916,577.960938
15184,512,299500,584.960938
15185,512,293625,573.486328
15186,512,312334,610.027344
15187,512,336000,656.250000
15188,512,333541,651.447266
15189,512,343250,670.410156
15190,512,396250,773.925781
15191,512,384166,750.324219
15192,512,350958,685.464844
15193,512,340208,664.468750
15194,512,350459,684.490234
15195,512,340291,664.630859
15196,512,331250,646.972656
15197,512,353875,691.162109
15198,512,340459,664.958984
15199,512,336750,657.714844
15200,512,333792,651.937500
15201,512,335708,655.679688
15202,512,306709,599.041016
15203,512,279667,546.224609
15204,512,274250,535.644531
15205,512,290541,567.462891
15206,512,292542,571.371094
15207,512,285042,556.722656
15208,512,285750,558.105469
15209,512,286834,560.222656
15210,512,293791,573.810547
15211,512,289000,564.453125
15212,512,308333,602.212891
15213,512,295875,577.880859
15214,512,302917,591.634766
15215,512,301208,588.296875
15216,512,309958,605.386719
15217,512,353458,690.347656
15218,512,346292,676.351562
15219,512,373875,730.224609
15220,512,366875,716.552734
15221,512,321958,628.824219
15222,512,304167,594.076172
15223,512,301834,589.519531
15224,512,300459,586.833984
15225,512,290000,566.406250
15226,512,287583,561.685547
15227,512,284291,555.255859
15228,512,283292,553.304688
15229,512,284000,554.687500
15230,512,279375,545.654297
15231,512,278042,543.050781
15232,512,291875,570.068359
15233,512,269458,526.285156
15234,512,273667,534.505859
15235,512,285292,557.210938
15236,512,282875,552.490234
15237,512,276041,539.142578
15238,512,285667,557.943359
15239,512,286500,559.570312
15240,512,277208,541.421875
15241,512,280833,548.501953
15242,512,268417,524.251953
15243,512,272041,531.330078
15244,512,278917,544.759766
15245,512,299209,584.392578
15246,512,281041,548.908203
15247,512,316542,618.246094
15248,512,306667,598.958984
15249,512,310916,607.257812
15250,512,290250,566.894531
15251,512,302333,590.494141
15252,512,312417,610.189453
15253,512,300666,587.238281
15254,512,306250,598.144531
15255,512,316750,618.652344
15256,512,306500,598.632812
15257,512,301333,588.541016
15258,512,297417,580.892578
15259,512,299042,584.066406
15260,512,289375,565.185547
15261,512,293792,573.812500
15262,512,292708,571.695312
15263,512,288125,562.744141
15264,512,277625,542.236328
15265,512,299875,585.693359
15266,512,287417,561.361328
15267,512,283750,554.199219
15268,512,289292,565.023438
15269,512,307750,601.074219
15270,512,324166,633.136719
15271,512,312584,610.515625
15272,512,307791,601.154297
15273,512,309542,604.574219
15274,512,303291,592.365234
15275,512,303000,591.796875
15276,512,304125,593.994141
15277,512,313334,611.980469
15278,512,317416,619.953125
15279,512,286583,559.732422
15280,512,288209,562.908203
15281,512,307833,601.236328
15282,512,287292,561.117188
15283,512,280666,548.175781
15284,512,281250,549.316406
15285,512,263541,514.728516
15286,512,268417,524.251953
15287,512,274833,536.783203
15288,512,268083,523.599609
15289,512,274042,535.238281
15290,512,264542,516.683594
15291,512,262166,512.042969
15292,512,257084,502.117188
15293,512,291000,568.359375
15294,512,290500,567.382812
15295,512,276666,540.363281
15296,512,259292,506.429688
15297,512,292833,571.939453
15298,512,284458,555.582031
15299,512,298000,582.031250
15300,512,291500,569.335938
15301,512,291667,569.662109
15302,512,283500,553.710938
15303,512,286125,558.837891
15304,512,359958,703.042969
15305,512,338333,660.806641
15306,512,332625,649.658203
15307,512,304334,594.402344
15308,512,317458,620.035156
15309,512,339542,663.167969
15310,512,325667,636.068359
15311,512,326292,637.289062
15312,512,301209,588.298828
15313,512,267166,521.808594
15314,512,274917,536.947266
15315,512,277708,542.398438
15316,512,259500,506.835938
15317,512,271875,531.005859
15318,512,262292,512.289062
15319,512,243125,474.853516
15320,512,255958,499.917969
15321,512,256125,500.244141
15322,512,244625,477.783203
15323,512,253916,495.929688
15324,512,247875,484.130859
15325,512,242291,473.224609
15326,512,235125,459.228516
15327,512,241792,472.250000
15328,512,251833,491.861328
15329,512,238125,465.087891
15330,512,230375,449.951172
15331,512,246167,480.794922
15332,512,248833,486.001953
15333,512,249959,488.201172
15334,512,273709,534.587891
15335,512,278291,543.537109
15336,512,278583,544.107422
15337,512,289250,564.941406
15338,512,283208,553.140625
15339,512,263917,515.462891
15340,512,270708,528.726562
15341,512,250416,489.093750
15342,512,271834,530.925781
15343,512,266333,520.181641
15344,512,262125,511.962891
15345,512,264458,516.519531
15346,512,266125,519.775391
15347,512,261708,511.148438
15348,512,255125,498.291016
15349,512,254458,496.988281
15350,512,276167,539.388672
15351,512,257916,503.742188
15352,512,262667,513.021484
15353,512,271875,531.005859
15354,512,264292,516.195312
15355,512,275417,537.923828
15356,512,259375,506.591797
15357,512,257292,502.523438
15358,512,273583,534.341797
15359,512,271750,530.761719
15360,512,268834,525.066406
15361,512,284125,554.931641
15362,512,283459,553.630859
15363,512,266458,520.425781
15364,512,272292,531.820312
15365,512,283708,554.117188
15366,512,309375,604.248047
15367,512,301375,588.623047
15368,512,300625,587.158203
15369,512,291708,569.742188
15370,512,278125,543.212891
15371,512,275916,538.898438
15372,512,276875,540.771484
15373,512,285334,557.292969
15374,512,279417,545.736328
15375,512,270583,528.482422
15376,512,266292,520.101562
15377,512,265500,518.554688
15378,512,270667,528.646484
15379,512,277083,541.177734
15380,512,267541,522.541016
15381,512,267458,522.378906
15382,512,289042,564.535156
15383,512,267458,522.378906
15384,512,268417,524.251953
15385,512,319084,623.210938
15386,512,291666,569.660156
15387,512,295084,576.335938
15388,512,277041,541.095703
15389,512,287167,560.873047
15390,512,280917,548.666016
15391,512,284208,555.093750
15392,512,274042,535.238281
15393,512,284333,555.337891
15394,512,281875,550.537109
15395,512,280333,547.525391
15396,512,304750,595.214844
15397,512,282250,551.269531
15398,512,283833,554.361328
15399,512,279250,545.410156
15400,512,292416,571.125000
15401,512,282084,550.945312
15402,512,268125,523.681641
15403,512,268125,523.681641
15404,512,273792,534.750000
15405,512,273416,534.015625
15406,512,279125,545.166016
15407,512,270750,528.808594
15408,512,268792,524.984375
15409,512,278708,544.351562
15410,512,271875,531.005859
15411,512,288000,562.500000
15412,512,283167,553.060547
15413,512,275208,537.515625
15414,512,284375,555.419922
15415,512,273791,534.748047
15416,512,268792,524.984375
15417,512,278875,544.677734
15418,512,299375,584.716797
15419,512,319833,624.673828
15420,512,347750,679.199219
15421,512,322833,630.533203
15422,512,292917,572.103516
15423,512,295875,577.880859
15424,512,278084,543.132812
15425,512,288375,563.232422
15426,512,289042,564.535156
15427,512,274958,537.027344
15428,512,279542,545.980469
15429,512,282833,552.408203
15430,512,288125,562.744141
15431,512,287375,561.279297
15432,512,267834,523.113281
15433,512,271875,531.005859
15434,512,275459,538.005859
15435,512,267958,523.355469
15436,512,268083,523.599609
15437,512,262916,513.507812
15438,512,257084,502.117188
15439,512,265084,517.742188
15440,512,271834,530.925781
15441,512,265125,517.822266
15442,512,259583,506.998047
15443,512,261250,510.253906
15444,512,248292,484.945312
15445,512,277458,541.910156
15446,512,258208,504.312500
15447,512,258334,504.558594
15448,512,254334,496.746094
15449,512,275416,537.921875
15450,512,250583,489.419922
15451,512,267750,522.949219
15452,512,252125,492.431641
15453,512,274000,535.156250
15454,512,304417,594.564453
15455,512,316583,618.326172
15456,512,292583,571.451172
15457,512,272625,532.470703
15458,512,272792,532.796875
15459,512,270125,527.587891
15460,512,294208,574.625000
15461,512,291125,568.603516
15462,512,286167,558.919922
15463,512,269000,525.390625
15464,512,279125,545.166016
15465,512,280667,548.177734
15466,512,275041,537.189453
15467,512,271875,531.005859
15468,512,262916,513.507812
15469,512,303834,593.425781
15470,512,278875,544.677734
15471,512,269500,526.367188
15472,512,279042,545.003906
15473,512,279000,544.921875
15474,512,286292,559.164062
15475,512,280625,548.095703
15476,512,264834,517.253906
15477,512,270666,528.644531
15478,512,291417,569.173828
15479,512,294917,576.009766
15480,512,305083,595.865234
15481,512,307083,599.771484
15482,512,322000,628.906250
15483,512,284792,556.234375
15484,512,285291,557.208984
15485,512,286417,559.408203
15486,512,279500,545.898438
15487,512,265875,519.287109
15488,512,284917,556.478516
15489,512,285541,557.697266
15490,512,281917,550.619141
15491,512,270583,528.482422
15492,512,274916,536.945312
15493,512,270709,528.728516
15494,512,267458,522.378906
15495,512,277458,541.910156
15496,512,288250,562.988281
15497,512,282541,551.837891
15498,512,262125,511.962891
15499,512,271958,531.167969
15500,512,261125,510.009766
15501,512,262917,513.509766
15502,512,268459,524.333984
15503,512,261250,510.253906
15504,512,260209,508.220703
15505,512,244958,478.433594
15506,512,246958,482.339844
15507,512,258333,504.556641
15508,512,253334,494.792969
15509,512,265000,517.578125
15510,512,247292,482.992188
15511,512,258792,505.453125
15512,512,250125,488.525391
15513,512,250125,488.525391
15514,512,262208,512.125000
15515,512,251208,490.640625
15516,512,263625,514.892578
15517,512,282167,551.107422
15518,512,299458,584.878906
15519,512,295125,576.416016
15520,512,298500,583.007812
15521,512,273916,534.992188
15522,512,287375,561.279297
15523,512,281375,549.560547
15524,512,268125,523.681641
15525,512,263000,513.671875
15526,512,274667,536.458984
15527,512,278625,544.189453
15528,512,297208,580.484375
15529,512,268375,524.169922
15530,512,283208,553.140625
15531,512,266084,519.695312
15532,512,270625,528.564453
15533,512,254875,497.802734
15534,512,263042,513.753906
15535,512,259291,506.427734
15536,512,248958,486.246094
15537,512,248959,486.248047
15538,512,247791,483.966797
15539,512,256792,501.546875
15540,512,253833,495.767578
15541,512,244375,477.294922
15542,512,254792,497.640625
15543,512,253333,494.791016
15544,512,290792,567.953125
15545,512,308792,603.109375
15546,512,280458,547.769531
15547,512,306291,598.224609
15548,512,275083,537.271484
15549,512,279417,545.736328
15550,512,289750,565.917969
15551,512,313375,612.060547
15552,512,322250,629.394531
15553,512,278958,544.839844
15554,512,283917,554.525391
15555,512,275042,537.191406
15556,512,276667,540.365234
15557,512,276000,539.062500
15558,512,282917,552.572266
15559,512,277500,541.992188
15560,512,262000,511.718750
15561,512,278458,543.863281
15562,512,271084,529.460938
15563,512,263583,514.810547
15564,512,272208,531.656250
15565,512,283750,554.199219
15566,512,289000,564.453125
15567,512,265459,518.474609
15568,512,297291,580.646484
15569,512,327875,640.380859
15570,512,290333,567.056641
15571,512,311167,607.748047
15572,512,268458,524.332031
15573,512,267417,522.298828
15574,512,287125,560.791016
15575,512,283916,554.523438
15576,512,281833,550.455078
15577,512,263084,513.835938
15578,512,267167,521.810547
15579,512,281208,549.234375
15580,512,267875,523.193359
15581,512,283750,554.199219
15582,512,276167,539.388672
15583,512,274041,535.236328
15584,512,266334,520.183594
15585,512,257459,502.849609
15586,512,275666,538.410156
15587,512,274834,536.785156
15588,512,280875,548.583984
15589,512,272250,531.738281
15590,512,274000,535.156250
15591,512,274750,536.621094
15592,512,272042,531.332031
15593,512,270500,528.320312
15594,512,259541,506.916016
15595,512,260292,508.382812
15596,512,260208,508.218750
15597,512,254875,497.802734
15598,512,257583,503.091797
15599,512,252500,493.164062
15600,512,259000,505.859375
15601,512,254792,497.640625
15602,512,251541,491.291016
15603,512,254875,497.802734
15604,512,273708,534.585938
15605,512,295875,577.880859
15606,512,294292,574.789062
15607,512,301583,589.029297
15608,512,312500,610.351562
15609,512,294875,575.927734
15610,512,285583,557.779297
15611,512,290250,566.894531
15612,512,289875,566.162109
15613,512,291959,570.232422
15614,512,284500,555.664062
15615,512,276250,539.550781
15616,512,271583,530.435547
15617,512,270375,528.076172
15618,512,270958,529.214844
15619,512,277542,542.074219
15620,512,282167,551.107422
15621,512,288125,562.744141
15622,512,274292,535.726562
15623,512,268583,524.576172
15624,512,267750,522.949219
15625,512,272208,531.656250
15626,512,266250,520.019531
15627,512,264083,515.787109
15628,512,245125,478.759766
15629,512,264875,517.333984
15630,512,232083,453.287109
15631,512,270958,529.214844
15632,512,271292,529.867188
15633,512,293709,573.650391
15634,512,282334,551.433594
15635,512,301042,587.972656
15636,512,306625,598.876953
15637,512,293000,572.265625
15638,512,262708,513.101562
15639,512,279583,546.060547
15640,512,306709,599.041016
15641,512,315541,616.291016
15642,512,301875,589.599609
15643,512,296584,579.265625
15644,512,310791,607.013672
15645,512,270250,527.832031
15646,512,282458,551.675781
15647,512,266125,519.775391
15648,512,271458,530.191406
15649,512,277459,541.912109
15650,512,264083,515.787109
15651,512,265875,519.287109
15652,512,259792,507.406250
15653,512,279125,545.166016
15654,512,266208,519.937500
15655,512,257458,502.847656
15656,512,255542,499.105469
15657,512,258750,505.371094
15658,512,255041,498.126953
15659,512,257083,502.115234
15660,512,271208,529.703125
15661,512,262375,512.451172
15662,512,273333,533.853516
15663,512,306375,598.388672
15664,512,314958,615.152344
15665,512,319125,623.291016
15666,512,329792,644.125000
15667,512,280042,546.957031
15668,512,271792,530.843750
15669,512,271083,529.458984
15670,512,275500,538.085938
15671,512,299833,585.611328
15672,512,262167,512.044922
15673,512,254333,496.744141
15674,512,254334,496.746094
15675,512,254250,496.582031
15676,512,251834,491.863281
15677,512,255709,499.431641
15678,512,260959,509.685547
15679,512,235667,460.287109
15680,512,234166,457.355469
15681,512,250958,490.152344
15682,512,265459,518.474609
15683,512,268458,524.332031
15684,512,256000,500.000000
15685,512,262042,511.800781
15686,512,238875,466.552734
15687,512,245833,480.142578
15688,512,232917,454.916016
15689,512,228584,446.453125
15690,512,239083,466.958984
15691,512,244750,478.027344
15692,512,242250,473.144531
15693,512,241375,471.435547
15694,512,236541,461.994141
15695,512,231750,452.636719
15696,512,235917,460.775391
15697,512,265500,518.554688
15698,512,269834,527.019531
15699,512,282750,552.246094
15700,512,264375,516.357422
15701,512,282959,552.654297
15702,512,260750,509.277344
15703,512,266084,519.695312
15704,512,267041,521.564453
15705,512,258042,503.988281
15706,512,256333,500.650391
15707,512,258917,505.697266
15708,512,250375,489.013672
15709,512,247416,483.234375
15710,512,244875,478.271484
15711,512,249416,487.140625
15712,512,244875,478.271484
15713,512,247083,482.583984
15714,512,250667,489.583984
15715,512,249500,487.304688
15716,512,241750,472.167969
15717,512,251500,491.210938
15718,512,250000,488.281250
15719,512,233083,455.240234
15720,512,244333,477.212891
15721,512,238917,466.634766
15722,512,253291,494.708984
15723,512,235542,460.042969
15724,512,239708,468.179688
15725,512,240708,470.132812
15726,512,244625,477.783203
15727,512,238917,466.634766
15728,512,245583,479.654297
15729,512,251167,490.560547
15730,512,273916,534.992188
15731,512,266750,520.996094
15732,512,285666,557.941406
15733,512,273500,534.179688
15734,512,283167,553.060547
15735,512,249167,486.654297
15736,512,255708,499.429688
15737,512,275667,538.412109
15738,512,258791,505.451172
15739,512,258125,504.150391
15740,512,260250,508.300781
15741,512,260042,507.894531
15742,512,254125,496.337891
15743,512,247666,483.722656
15744,512,250459,489.177734
15745,512,255875,499.755859
15746,512,245834,480.144531
15747,512,258750,505.371094
15748,512,252292,492.757812
15749,512,262958,513.589844
15750,512,250833,489.908203
15751,512,241167,471.029297
15752,512,231250,451.660156
15753,512,247416,483.234375
15754,512,247959,484.294922
15755,512,238625,466.064453
15756,512,247208,482.828125
15757,512,246667,481.771484
15758,512,239833,468.423828
15759,512,239708,468.179688
15760,512,231209,451.580078
15761,512,250000,488.281250
15762,512,261000,509.765625
15763,512,272458,532.144531
15764,512,275500,538.085938
15765,512,282125,551.025391
15766,512,261625,510.986328
15767,512,272167,531.576172
15768,512,257208,502.359375
15769,512,263333,514.322266
15770,512,262959,513.591797
15771,512,272416,532.062500
15772,512,259042,505.941406
15773,512,257000,501.953125
15774,512,261958,511.636719
15775,512,249833,487.955078
15776,512,258125,504.150391
15777,512,253250,494.628906
15778,512,259208,506.265625
15779,512,257625,503.173828
15780,512,279000,544.921875
15781,512,267042,521.566406
15782,512,266167,519.857422
15783,512,268584,524.578125
15784,512,256709,501.384766
15785,512,248084,484.539062
15786,512,248041,484.455078
15787,512,245542,479.574219
15788,512,242125,472.900391
15789,512,239541,467.853516
15790,512,255167,498.373047
15791,512,245708,479.898438
15792,512,240375,469.482422
15793,512,248083,484.537109
15794,512,259417,506.673828
15795,512,246833,482.095703
15796,512,248084,484.539062
15797,512,255416,498.859375
15798,512,278083,543.130859
15799,512,312584,610.515625
15800,512,292125,570.556641
15801,512,266917,521.322266
15802,512,265250,518.066406
15803,512,264916,517.414062
15804,512,263459,514.568359
15805,512,267541,522.541016
15806,512,256625,501.220703
15807,512,262000,511.718750
15808,512,257750,503.417969
15809,512,264584,516.765625
15810,512,261000,509.765625
15811,512,258875,505.615234
15812,512,264791,517.169922
15813,512,267667,522.787109
15814,512,263458,514.566406
15815,512,264667,516.927734
15816,512,239250,467.285156
15817,512,251333,490.884766
15818,512,256125,500.244141
15819,512,271291,529.865234
15820,512,258792,505.453125
15821,512,261708,511.148438
15822,512,251875,491.943359
15823,512,258833,505.533203
15824,512,249208,486.734375
15825,512,271209,529.705078
15826,512,356250,695.800781
15827,512,300333,586.587891
15828,512,310042,605.550781
15829,512,370333,723.306641
15830,512,339041,662.189453
15831,512,358833,700.845703
15832,512,348500,680.664062
15833,512,321208,627.359375
15834,512,303000,591.796875
15835,512,309459,604.412109
15836,512,287500,561.523438
15837,512,296041,578.205078
15838,512,284375,555.419922
15839,512,287250,561.035156
15840,512,280000,546.875000
15841,512,291250,568.847656
15842,512,282458,551.675781
15843,512,292792,571.859375
15844,512,279375,545.654297
15845,512,287500,561.523438
15846,512,281625,550.048828
15847,512,278625,544.189453
15848,512,290375,567.138672
15849,512,300041,586.017578
15850,512,301208,588.296875
15851,512,331208,646.890625
15852,512,325292,635.335938
15853,512,305458,596.597656
15854,512,286375,559.326172
15855,512,288250,562.988281
15856,512,285916,558.429688
15857,512,287709,561.931641
15858,512,276708,540.445312
15859,512,271875,531.005859
15860,512,285292,557.210938
15861,512,276958,540.933594
15862,512,282375,551.513672
15863,512,268833,525.064453
15864,512,276042,539.144531
15865,512,274750,536.621094
15866,512,258125,504.150391
15867,512,268959,525.310547
15868,512,264291,516.193359
15869,512,268875,525.146484
15870,512,263917,515.462891
15871,512,280250,547.363281
15872,512,262542,512.777344
15873,512,265750,519.042969
15874,512,257916,503.742188
15875,512,258708,505.289062
15876,512,255875,499.755859
15877,512,246792,482.015625
15878,512,254583,497.232422
15879,512,259583,506.998047
15880,512,264625,516.845703
15881,512,257458,502.847656
15882,512,246584,481.609375
15883,512,247416,483.234375
15884,512,255584,499.187500
15885,512,256042,500.082031
15886,512,244125,476.806641
15887,512,260583,508.951172
15888,512,284625,555.908203
15889,512,324959,634.685547
15890,512,289667,565.755859
15891,512,261083,509.927734
15892,512,278167,543.294922
15893,512,277791,542.560547
15894,512,274209,535.564453
15895,512,270875,529.052734
15896,512,276000,539.062500
15897,512,259291,506.427734
15898,512,264375,516.357422
15899,512,278667,544.271484
15900,512,258083,504.068359
15901,512,265167,517.904297
15902,512,281375,549.560547
15903,512,265667,518.880859
15904,512,272125,531.494141
15905,512,280834,548.503906
15906,512,262000,511.718750
15907,512,273209,533.611328
15908,512,260000,507.812500
15909,512,270958,529.214844
15910,512,265250,518.066406
15911,512,272083,531.412109
15912,512,290958,568.277344
15913,512,280875,548.583984
15914,512,274167,535.482422
15915,512,278750,544.433594
15916,512,277500,541.992188
15917,512,275375,537.841797
15918,512,265583,518.716797
15919,512,255209,498.455078
15920,512,257917,503.744141
15921,512,264958,517.496094
15922,512,259042,505.941406
15923,512,262833,513.345703
15924,512,268167,523.763672
15925,512,254542,497.152344
15926,512,249958,488.199219
15927,512,247792,483.968750
15928,512,255291,498.615234
15929,512,253084,494.304688
15930,512,258125,504.150391
15931,512,252292,492.757812
15932,512,253417,494.955078
15933,512,247375,483.154297
15934,512,265583,518.716797
15935,512,264125,515.869141
15936,512,247125,482.666016
15937,512,245125,478.759766
15938,512,254458,496.988281
15939,512,239667,468.099609
15940,512,244000,476.562500
15941,512,238125,465.087891
15942,512,243375,475.341797
15943,512,240125,468.994141
15944,512,235375,459.716797
15945,512,248000,484.375000
15946,512,237833,464.517578
15947,512,237084,463.054688
15948,512,241833,472.330078
15949,512,257833,503.580078
15950,512,288667,563.802734
15951,512,294625,575.439453
15952,512,258541,504.962891
15953,512,270917,529.134766
15954,512,253834,495.769531
15955,512,253334,494.792969
15956,512,270208,527.750000
15957,512,260791,509.357422
15958,512,250209,488.689453
15959,512,254375,496.826172
15960,512,248291,484.943359
15961,512,255417,498.861328
15962,512,249833,487.955078
15963,512,254416,496.906250
15964,512,245625,479.736328
15965,512,250041,488.361328
15966,512,273208,533.609375
15967,512,261209,510.173828
15968,512,274833,536.783203
15969,512,255417,498.861328
15970,512,274125,535.400391
15971,512,270083,527.505859
15972,512,250834,489.910156
15973,512,259542,506.917969
15974,512,280333,547.525391
15975,512,282208,551.187500
15976,512,265708,518.960938
15977,512,285583,557.779297
15978,512,269584,526.531250
15979,512,281500,549.804688
15980,512,264125,515.869141
15981,512,256458,500.894531
15982,512,266208,519.937500
15983,512,260000,507.812500
15984,512,244667,477.865234
15985,512,248916,486.164062
15986,512,265750,519.042969
15987,512,256209,500.408203
15988,512,264667,516.927734
15989,512,258292,504.476562
15990,512,257083,502.115234
15991,512,260625,509.033203
15992,512,259333,506.509766
15993,512,268292,524.007812
15994,512,252791,493.732422
15995,512,241667,472.005859
15996,512,265917,519.369141
15997,512,248042,484.457031
15998,512,269916,527.179688
15999,512,264959,517.498047
16000,512,254541,497.150391
16001,512,248333,485.025391
16002,512,243375,475.341797
16003,512,251875,491.943359
16004,512,247125,482.666016
16005,512,246541,481.525391
16006,512,249208,486.734375
16007,512,244083,476.724609
16008,512,240167,469.076172
16009,512,236166,461.261719
16010,512,245417,479.330078
16011,512,235375,459.716797
16012,512,230458,450.113281
16013,512,241083,470.865234
16014,512,260292,508.382812
16015,512,248416,485.187500
16016,512,287709,561.931641
16017,512,269459,526.287109
16018,512,264959,517.498047
16019,512,261167,510.091797
16020,512,268083,523.599609
16021,512,252875,493.896484
16022,512,253709,495.525391
16023,512,251875,491.943359
16024,512,249000,486.328125
16025,512,253417,494.955078
16026,512,255875,499.755859
16027,512,257167,502.279297
16028,512,253542,495.199219
16029,512,255542,499.105469
16030,512,255208,498.453125
16031,512,248875,486.083984
16032,512,250083,488.443359
16033,512,246333,481.119141
16034,512,250875,489.990234
16035,512,243791,476.154297
16036,512,252792,493.734375
16037,512,242875,474.365234
16038,512,246125,480.712891
16039,512,244459,477.458984
16040,512,254459,496.990234
16041,512,263416,514.484375
16042,512,266500,520.507812
16043,512,260583,508.951172
16044,512,262292,512.289062
16045,512,305416,596.515625
16046,512,295125,576.416016
16047,512,288500,563.476562
16048,512,280958,548.746094
16049,512,266917,521.322266
16050,512,297792,581.625000
16051,512,278666,544.269531
16052,512,273792,534.750000
16053,512,280916,548.664062
16054,512,265417,518.392578
16055,512,267625,522.705078
16056,512,259333,506.509766
16057,512,261500,510.742188
16058,512,263916,515.460938
16059,512,254042,496.175781
16060,512,264334,516.277344
16061,512,257834,503.582031
16062,512,256417,500.814453
16063,512,274000,535.156250
16064,512,238667,466.146484
16065,512,258875,505.615234
16066,512,261667,511.068359
16067,512,249583,487.466797
16068,512,240583,469.888672
16069,512,258833,505.533203
16070,512,244542,477.621094
16071,512,240416,469.562500
16072,512,252000,492.187500
16073,512,256542,501.058594
16074,512,253000,494.140625
16075,512,241417,471.517578
16076,512,241625,471.923828
16077,512,251000,490.234375
16078,512,245584,479.656250
16079,512,265375,518.310547
16080,512,282542,551.839844
16081,512,301333,588.541016
16082,512,294125,574.462891
16083,512,280916,548.664062
16084,512,271292,529.867188
16085,512,272583,532.388672
16086,512,274625,536.376953
16087,512,271667,530.599609
16088,512,291166,568.683594
16089,512,276042,539.144531
16090,512,260459,508.708984
16091,512,252875,493.896484
16092,512,257041,502.033203
16093,512,251917,492.025391
16094,512,243291,475.177734
16095,512,239334,467.449219
16096,512,252792,493.734375
16097,512,232875,454.833984
16098,512,247708,483.804688
16099,512,233917,456.869141
16100,512,239875,468.505859
16101,512,238375,465.576172
16102,512,236458,461.832031
16103,512,236375,461.669922
16104,512,237125,463.134766
16105,512,238750,466.308594
16106,512,237167,463.216797
16107,512,231875,452.880859
16108,512,241583,471.841797
16109,512,337333,658.853516
16110,512,274583,536.294922
16111,512,293583,573.404297
16112,512,291375,569.091797
16113,512,307208,600.015625
16114,512,289042,564.535156
16115,512,302042,589.925781
16116,512,292708,571.695312
16117,512,267583,522.623047
16118,512,258625,505.126953
16119,512,263709,515.056641
16120,512,259666,507.160156
16121,512,260375,508.544922
16122,512,279709,546.306641
16123,512,265792,519.125000
16124,512,249917,488.119141
16125,512,258125,504.150391
16126,512,273042,533.285156
16127,512,264833,517.251953
16128,512,250792,489.828125
16129,512,275000,537.109375
16130,512,269083,525.552734
16131,512,277167,541.341797
16132,512,273291,533.771484
16133,512,276042,539.144531
16134,512,272334,531.902344
16135,512,277250,541.503906
16136,512,302459,590.740234
16137,512,276459,539.958984
16138,512,289416,565.265625
16139,512,273542,534.261719
16140,512,268541,524.494141
16141,512,267959,523.357422
16142,512,265875,519.287109
16143,512,262792,513.265625
16144,512,262709,513.103516
16145,512,270958,529.214844
16146,512,264666,516.925781
16147,512,261917,511.556641
16148,512,263416,514.484375
16149,512,272708,532.632812
16150,512,254584,497.234375
16151,512,252792,493.734375
16152,512,250791,489.826172
16153,512,255125,498.291016
16154,512,260458,508.707031
16155,512,253875,495.849609
16156,512,268833,525.064453
16157,512,258709,505.291016
16158,512,255583,499.185547
16159,512,251250,490.722656
16160,512,256791,501.544922
16161,512,243834,476.238281
16162,512,249041,486.408203
16163,512,255125,498.291016
16164,512,248000,484.375000
16165,512,257291,502.521484
16166,512,251958,492.105469
16167,512,258000,503.906250
16168,512,256667,501.302734
16169,512,262292,512.289062
16170,512,258625,505.126953
16171,512,247250,482.910156
16172,512,254584,497.234375
16173,512,270500,528.320312
16174,512,264666,516.925781
16175,512,286375,559.326172
16176,512,294667,575.521484
16177,512,275416,537.921875
16178,512,278292,543.539062
16179,512,284250,555.175781
16180,512,277209,541.423828
16181,512,265666,518.878906
16182,512,270917,529.134766
16183,512,272250,531.738281
16184,512,264750,517.089844
16185,512,266334,520.183594
16186,512,259708,507.242188
16187,512,262958,513.589844
16188,512,258000,503.906250
16189,512,292375,571.044922
16190,512,285708,558.023438
16191,512,263250,514.160156
16192,512,259541,506.916016
16193,512,255250,498.535156
16194,512,262084,511.882812
16195,512,271375,530.029297
16196,512,258334,504.558594
16197,512,276000,539.062500
16198,512,270167,527.669922
16199,512,264500,516.601562
16200,512,280542,547.933594
16201,512,280541,547.931641
16202,512,276959,540.935547
16203,512,296500,579.101562
16204,512,293625,573.486328
16205,512,277625,542.236328
16206,512,285584,557.781250
16207,512,297375,580.810547
16208,512,284083,554.849609
16209,512,276417,539.876953
16210,512,273292,533.773438
16211,512,294417,575.033203
16212,512,270583,528.482422
16213,512,275625,538.330078
16214,512,271834,530.925781
16215,512,279125,545.166016
16216,512,284209,555.095703
16217,512,281375,549.560547
16218,512,265625,518.798828
16219,512,275084,537.273438
16220,512,239625,468.017578
16221,512,232084,453.289062
16222,512,233500,456.054688
16223,512,241292,471.273438
16224,512,236292,461.507812
16225,512,239666,468.097656
16226,512,241584,471.843750
16227,512,236750,462.402344
16228,512,234791,458.576172
16229,512,233792,456.625000
16230,512,232167,453.451172
16231,512,234834,458.660156
16232,512,247500,483.398438
16233,512,238209,465.251953
16234,512,239834,468.425781
16235,512,271208,529.703125
16236,512,267583,522.623047
16237,512,281459,549.724609
16238,512,249000,486.328125
16239,512,266916,521.320312
16240,512,243709,475.994141
16241,512,264625,516.845703
16242,512,266000,519.531250
16243,512,260792,509.359375
16244,512,247709,483.806641
16245,512,249583,487.466797
16246,512,254042,496.175781
16247,512,246166,480.792969
16248,512,239542,467.855469
16249,512,252333,492.837891
16250,512,242542,473.714844
16251,512,244709,477.947266
16252,512,256125,500.244141
16253,512,259625,507.080078
16254,512,254958,497.964844
16255,512,249833,487.955078
16256,512,264709,517.009766
16257,512,265208,517.984375
16258,512,270125,527.587891
16259,512,249250,486.816406
16260,512,263583,514.810547
16261,512,262500,512.695312
16262,512,250458,489.175781
16263,512,255958,499.917969
16264,512,290167,566.732422
16265,512,273208,533.609375
16266,512,273083,533.365234
16267,512,258417,504.720703
16268,512,255000,498.046875
16269,512,264333,516.275391
16270,512,250958,490.152344
16271,512,288125,562.744141
16272,512,277625,542.236328
16273,512,278500,543.945312
16274,512,278959,544.841797
16275,512,283375,553.466797
16276,512,280458,547.769531
16277,512,274917,536.947266
16278,512,272750,532.714844
16279,512,270666,528.644531
16280,512,268333,524.087891
16281,512,261709,511.150391
16282,512,268208,523.843750
16283,512,269833,527.017578
16284,512,271250,529.785156
16285,512,276834,540.691406
16286,512,302416,590.656250
16287,512,279208,545.328125
16288,512,293709,573.650391
16289,512,280250,547.363281
16290,512,280958,548.746094
16291,512,272625,532.470703
16292,512,282083,550.943359
16293,512,284583,555.826172
16294,512,269084,525.554688
16295,512,266375,520.263672
16296,512,266666,520.832031
16297,512,273500,534.179688
16298,512,284875,556.396484
16299,512,280750,548.339844
16300,512,294542,575.277344
16301,512,276125,539.306641
16302,512,300625,587.158203
16303,512,288042,562.582031
16304,512,267291,522.052734
16305,512,272542,532.308594
16306,512,273500,534.179688
16307,512,279375,545.654297
16308,512,273375,533.935547
16309,512,278792,544.515625
16310,512,266500,520.507812
16311,512,276709,540.447266
16312,512,272000,531.250000
16313,512,267125,521.728516
16314,512,265708,518.960938
16315,512,275958,538.980469
16316,512,264791,517.169922
16317,512,260792,509.359375
16318,512,256000,500.000000
16319,512,262625,512.939453
16320,512,263792,515.218750
16321,512,258834,505.535156
16322,512,267375,522.216797
16323,512,274709,536.541016
16324,512,267584,522.625000
16325,512,266958,521.402344
16326,512,267333,522.134766
16327,512,294208,574.625000
16328,512,289959,566.326172
16329,512,297333,580.728516
16330,512,295833,577.798828
16331,512,302041,589.923828
16332,512,286667,559.896484
16333,512,286625,559.814453
16334,512,284250,555.175781
16335,512,276250,539.550781
16336,512,283375,553.466797
16337,512,288041,562.580078
16338,512,270584,528.484375
16339,512,277208,541.421875
16340,512,277416,541.828125
16341,512,275208,537.515625
16342,512,257917,503.744141
16343,512,279834,546.550781
16344,512,275750,538.574219
16345,512,280666,548.175781
16346,512,266292,520.101562
16347,512,266791,521.076172
16348,512,271625,530.517578
16349,512,257125,502.197266
16350,512,267584,522.625000
16351,512,275625,538.330078
16352,512,257041,502.033203
16353,512,265917,519.369141
16354,512,236166,461.261719
16355,512,231250,451.660156
16356,512,254083,496.255859
16357,512,348542,680.746094
16358,512,286833,560.220703
16359,512,304042,593.832031
16360,512,299167,584.310547
16361,512,282333,551.431641
16362,512,292583,571.451172
16363,512,300625,587.158203
16364,512,275000,537.109375
16365,512,294000,574.218750
16366,512,270917,529.134766
16367,512,268458,524.332031
16368,512,263458,514.566406
16369,512,264292,516.195312
16370,512,256459,500.896484
16371,512,258959,505.779297
16372,512,259375,506.591797
16373,512,258666,505.207031
16374,512,261125,510.009766
16375,512,269792,526.937500
16376,512,268250,523.925781
16377,512,259041,505.939453
16378,512,267542,522.542969
16379,512,272083,531.412109
16380,512,257500,502.929688
16381,512,264667,516.927734
16382,512,290666,567.707031
16383,512,309250,604.003906
16384,512,295917,577.962891
16385,512,290583,567.544922
16386,512,270458,528.238281
16387,512,266209,519.939453
16388,512,258333,504.556641
16389,512,263625,514.892578
16390,512,265000,517.578125
16391,512,257209,502.361328
16392,512,265000,517.578125
16393,512,253000,494.140625
16394,512,256666,501.300781
16395,512,250209,488.689453
16396,512,260291,508.380859
16397,512,253583,495.279297
16398,512,260583,508.951172
16399,512,255209,498.455078
16400,512,250000,488.281250
16401,512,252875,493.896484
16402,512,258584,505.046875
16403,512,253500,495.117188
16404,512,246250,480.957031
16405,512,240708,470.132812
16406,512,262500,512.695312
16407,512,253083,494.302734
16408,512,255583,499.185547
16409,512,250417,489.095703
16410,512,244000,476.562500
16411,512,241166,471.027344
16412,512,255709,499.431641
16413,512,246667,481.771484
16414,512,249500,487.304688
16415,512,251708,491.617188
16416,512,258042,503.988281
16417,512,258000,503.906250
16418,512,264291,516.193359
16419,512,258083,504.068359
16420,512,258250,504.394531
16421,512,255292,498.617188
16422,512,268167,523.763672
16423,512,279833,546.548828
16424,512,264542,516.683594
16425,512,267458,522.378906
16426,512,264708,517.007812
16427,512,262792,513.265625
16428,512,276083,539.224609
16429,512,266500,520.507812
16430,512,265542,518.636719
16431,512,261375,510.498047
16432,512,270042,527.425781
16433,512,287791,562.091797
16434,512,398792,778.890625
16435,512,324708,634.195312
16436,512,299333,584.634766
16437,512,298709,583.416016
16438,512,295916,577.960938
16439,512,282167,551.107422
16440,512,282833,552.408203
16441,512,268500,524.414062
16442,512,254583,497.232422
16443,512,256625,501.220703
16444,512,252167,492.513672
16445,512,249417,487.142578
16446,512,242166,472.980469
16447,512,241417,471.517578
16448,512,246792,482.015625
16449,512,241833,472.330078
16450,512,253833,495.767578
16451,512,249000,486.328125
16452,512,275500,538.085938
16453,512,293000,572.265625
16454,512,285625,557.861328
16455,512,259541,506.916016
16456,512,259167,506.185547
16457,512,256417,500.814453
16458,512,302000,589.843750
16459,512,263250,514.160156
16460,512,257500,502.929688
16461,512,255792,499.593750
16462,512,271584,530.437500
16463,512,261916,511.554688
16464,512,244792,478.109375
16465,512,251042,490.316406
16466,512,249291,486.896484
16467,512,255458,498.941406
16468,512,242250,473.144531
16469,512,249958,488.199219
16470,512,254042,496.175781
16471,512,249291,486.896484
16472,512,575209,1123.455078
16473,512,512750,1001.464844
16474,512,456625,891.845703
16475,512,467209,912.517578
16476,512,420041,820.392578
16477,512,440833,861.001953
16478,512,447292,873.617188
16479,512,482292,941.976562
16480,512,486500,950.195312
16481,512,581875,1136.474609
16482,512,262583,512.857422
16483,512,263417,514.486328
16484,512,274625,536.376953
16485,512,302791,591.388672
16486,512,317500,620.117188
16487,512,298667,583.333984
16488,512,307250,600.097656
16489,512,310291,606.037109
16490,512,291833,569.986328
16491,512,274334,535.808594
16492,512,268500,524.414062
16493,512,277750,542.480469
16494,512,277334,541.667969
16495,512,299916,585.773438
16496,512,259667,507.162109
16497,512,288875,564.208984
16498,512,290625,567.626953
16499,512,269000,525.390625
16500,512,574875,1122.802734
16501,512,499042,974.691406
16502,512,507666,991.535156
16503,512,527750,1030.761719
16504,512,508084,992.351562
16505,512,574500,1122.070312
16506,512,534209,1043.376953
16507,512,476916,931.476562
16508,512,432667,845.052734
16509,512,452834,884.441406
16510,512,450208,879.312500
16511,512,434666,848.957031
16512,512,413125,806.884766
16513,512,405208,791.421875
16514,512,493875,964.599609
16515,512,405917,792.806641
16516,512,382208,746.500000
16517,512,365250,713.378906
16518,512,374708,731.851562
16519,512,380708,743.570312
16520,512,381167,744.466797
16521,512,403750,788.574219
16522,512,405250,791.503906
16523,512,411042,802.816406
16524,512,407458,795.816406
16525,512,442791,864.826172
16526,512,469917,917.806641
16527,512,434833,849.283203
16528,512,409417,799.642578
16529,512,377708,737.710938
16530,512,385583,753.091797
16531,512,368542,719.808594
16532,512,398625,778.564453
16533,512,369583,721.841797
16534,512,398000,777.343750
16535,512,364250,711.425781
16536,512,359541,702.228516
16537,512,377667,737.630859
16538,512,384667,751.302734
16539,512,386333,754.556641
16540,512,414333,809.244141
16541,512,389084,759.929688
16542,512,404541,790.119141
16543,512,369167,721.029297
16544,512,367458,717.691406
16545,512,413083,806.802734
16546,512,425250,830.566406
16547,512,450375,879.638672
16548,512,404042,789.144531
16549,512,381084,744.304688
16550,512,370000,722.656250
16551,512,377792,737.875000
16552,512,356750,696.777344
16553,512,379958,742.105469
16554,512,352000,687.500000
16555,512,346917,677.572266
16556,512,362875,708.740234
16557,512,333250,650.878906
16558,512,355000,693.359375
16559,512,323500,631.835938
16560,512,348167,680.013672
16561,512,377708,737.710938
16562,512,400792,782.796875
16563,512,440583,860.513672
16564,512,438417,856.283203
16565,512,416292,813.070312
16566,512,387583,756.998047
16567,512,438708,856.851562
16568,512,495209,967.205078
16569,512,451792,882.406250
16570,512,378750,739.746094
16571,512,341708,667.398438
16572,512,352167,687.826172
16573,512,325167,635.091797
16574,512,352166,687.824219
16575,512,338875,661.865234
16576,512,324833,634.439453
16577,512,347500,678.710938
16578,512,358834,700.847656
16579,512,363291,709.552734
16580,512,358959,701.091797
16581,512,359666,702.472656
16582,512,358375,699.951172
16583,512,360000,703.125000
16584,512,362833,708.658203
16585,512,350333,684.244141
16586,512,329542,643.636719
16587,512,337041,658.283203
16588,512,321333,627.603516
16589,512,335375,655.029297
16590,512,378958,740.152344
16591,512,387458,756.753906
16592,512,368209,719.158203
16593,512,273042,533.285156
16594,512,269625,526.611328
16595,512,265583,518.716797
16596,512,258333,504.556641
16597,512,251875,491.943359
16598,512,262292,512.289062
16599,512,329291,643.146484
16600,512,347834,679.363281
16601,512,332750,649.902344
16602,512,318375,621.826172
16603,512,300375,586.669922
16604,512,320834,626.628906
16605,512,312833,611.001953
16606,512,300375,586.669922
16607,512,300708,587.320312
16608,512,287625,561.767578
16609,512,313958,613.199219
16610,512,294833,575.845703
16611,512,291500,569.335938
16612,512,297417,580.892578
16613,512,312709,610.759766
16614,512,253833,495.767578
16615,512,255500,499.023438
16616,512,277750,542.480469
16617,512,276542,540.121094
16618,512,296750,579.589844
16619,512,299125,584.228516
16620,512,271250,529.785156
16621,512,254417,496.908203
16622,512,253792,495.687500
16623,512,258833,505.533203
16624,512,259667,507.162109
16625,512,262625,512.939453
16626,512,263500,514.648438
16627,512,573542,1120.199219
16628,512,517625,1010.986328
16629,512,475500,928.710938
16630,512,490292,957.601562
16631,512,465459,909.099609
16632,512,470041,918.048828
16633,512,459584,897.625000
16634,512,485291,947.833984
16635,512,436500,852.539062
16636,512,396917,775.228516
16637,512,412208,805.093750
16638,512,408917,798.666016
16639,512,405083,791.177734
16640,512,445917,870.931641
16641,512,481083,939.615234
16642,512,428292,836.507812
16643,512,393541,768.634766
16644,512,376542,735.433594
16645,512,407875,796.630859
16646,512,380125,742.431641
16647,512,376083,734.537109
16648,512,357875,698.974609
16649,512,374875,732.177734
16650,512,368083,718.912109
16651,512,356209,695.720703
16652,512,337250,658.691406
16653,512,360208,703.531250
16654,512,354875,693.115234
16655,512,346083,675.943359
16656,512,324541,633.869141
16657,512,342917,669.759766
16658,512,342250,668.457031
16659,512,338292,660.726562
16660,512,353000,689.453125
16661,512,368625,719.970703
16662,512,455916,890.460938
16663,512,425042,830.160156
16664,512,425958,831.949219
16665,512,383750,749.511719
16666,512,360000,703.125000
16667,512,382750,747.558594
16668,512,348625,680.908203
16669,512,339584,663.250000
16670,512,363250,709.472656
16671,512,331000,646.484375
16672,512,329000,642.578125
16673,512,354792,692.953125
16674,512,338041,660.236328
16675,512,340083,664.224609
16676,512,313417,612.142578
16677,512,318334,621.746094
16678,512,349292,682.210938
16679,512,337333,658.853516
16680,512,318458,621.988281
16681,512,314500,614.257812
16682,512,319250,623.535156
16683,512,348000,679.687500
16684,512,371375,725.341797
16685,512,455416,889.484375
16686,512,383584,749.187500
16687,512,342000,667.968750
16688,512,298833,583.658203
16689,512,274500,536.132812
16690,512,521167,1017.904297
16691,512,504542,985.433594
16692,512,455959,890.544922
16693,512,462042,902.425781
16694,512,499083,974.771484
16695,512,489500,956.054688
16696,512,477500,932.617188
16697,512,458500,895.507812
16698,512,478167,933.919922
16699,512,489750,956.542969
16700,512,486833,950.845703
16701,512,482208,941.812500
16702,512,469709,917.400391
16703,512,466166,910.480469
16704,512,555417,1084.798828
16705,512,507000,990.234375
16706,512,558291,1090.412109
16707,512,476750,931.152344
16708,512,454459,887.615234
16709,512,432209,844.158203
16710,512,413584,807.781250
16711,512,413583,807.779297
16712,512,403708,788.492188
16713,512,406041,793.048828
16714,512,396459,774.333984
16715,512,397500,776.367188
16716,512,418917,818.197266
16717,512,385083,752.115234
16718,512,396459,774.333984
16719,512,386541,754.962891
16720,512,411417,803.548828
16721,512,396917,775.228516
16722,512,431750,843.261719
16723,512,525000,1025.390625
16724,512,475958,929.605469
16725,512,395584,772.625000
16726,512,291625,569.580078
16727,512,291542,569.417969
16728,512,375416,733.234375
16729,512,364667,712.240234
16730,512,388750,759.277344
16731,512,354458,692.300781
16732,512,340250,664.550781
16733,512,336375,656.982422
16734,512,320333,625.650391
16735,512,349708,683.023438
16736,512,342500,668.945312
16737,512,335291,654.865234
16738,512,295084,576.335938
16739,512,334167,652.669922
16740,512,289417,565.267578
16741,512,265416,518.390625
16742,512,268042,523.519531
16743,512,256875,501.708984
16744,512,258541,504.962891
16745,512,258334,504.558594
16746,512,269042,525.472656
16747,512,261833,511.392578
16748,512,273083,533.365234
16749,512,270542,528.402344
16750,512,289375,565.185547
16751,512,320083,625.162109
16752,512,293083,572.427734
16753,512,296000,578.125000
16754,512,279084,545.085938
16755,512,737625,1440.673828
16756,512,639250,1248.535156
16757,512,520833,1017.251953
16758,512,480917,939.291016
16759,512,485000,947.265625
16760,512,479417,936.361328
16761,512,481750,940.917969
16762,512,432083,843.912109
16763,512,433667,847.005859
16764,512,422875,825.927734
16765,512,410625,802.001953
16766,512,401167,783.529297
16767,512,377584,737.468750
16768,512,495750,968.261719
16769,512,525958,1027.261719
16770,512,560458,1094.644531
16771,512,471375,920.654297
16772,512,461750,901.855469
16773,512,465834,909.832031
16774,512,446041,871.173828
16775,512,482875,943.115234
16776,512,469208,916.421875
16777,512,465042,908.285156
16778,512,505708,987.710938
16779,512,571167,1115.560547
16780,512,518250,1012.207031
16781,512,536458,1047.769531
16782,512,533875,1042.724609
16783,512,515542,1006.917969
16784,512,514000,1003.906250
16785,512,593166,1158.527344
16786,512,495959,968.669922
16787,512,448375,875.732422
16788,512,419958,820.230469
16789,512,395791,773.029297
16790,512,378875,739.990234
16791,512,369417,721.517578
16792,512,444667,868.490234
16793,512,368583,719.888672
16794,512,397417,776.205078
16795,512,360042,703.207031
16796,512,385792,753.500000
16797,512,437416,854.328125
16798,512,401375,783.935547
16799,512,436458,852.457031
16800,512,364834,712.566406
16801,512,336625,657.470703
16802,512,398584,778.484375
16803,512,345458,674.722656
16804,512,327917,640.462891
16805,512,411250,803.222656
16806,512,377083,736.490234
16807,512,402667,786.458984
16808,512,382583,747.232422
16809,512,354375,692.138672
16810,512,370459,723.552734
16811,512,348583,680.826172
16812,512,354708,692.789062
16813,512,339000,662.109375
16814,512,357292,697.835938
16815,512,330083,644.693359
16816,512,340958,665.933594
16817,512,332125,648.681641
16818,512,315583,616.373047
16819,512,323458,631.753906
16820,512,318167,621.419922
16821,512,311459,608.318359
16822,512,320667,626.302734
16823,512,295458,577.066406
16824,512,314834,614.910156
16825,512,389459,760.662109
16826,512,341417,666.830078
16827,512,420500,821.289062
16828,512,365167,713.216797
16829,512,437416,854.328125
16830,512,431417,842.611328
16831,512,500750,978.027344
16832,512,395209,771.892578
16833,512,341333,666.666016
16834,512,370542,723.714844
16835,512,366833,716.470703
16836,512,376875,736.083984
16837,512,394167,769.857422
16838,512,389458,760.660156
16839,512,367167,717.123047
16840,512,403041,787.189453
16841,512,375084,732.585938
16842,512,410625,802.001953
16843,512,363500,709.960938
16844,512,368417,719.564453
16845,512,444125,867.431641
16846,512,593291,1158.771484
16847,512,501375,979.248047
16848,512,374834,732.097656
16849,512,353375,690.185547
16850,512,310208,605.875000
16851,512,310541,606.525391
16852,512,286708,559.976562
16853,512,281375,549.560547
16854,512,314709,614.666016
16855,512,284125,554.931641
16856,512,288459,563.396484
16857,512,279958,546.792969
16858,512,291666,569.660156
16859,512,288709,563.884766
16860,512,295750,577.636719
16861,512,273500,534.179688
16862,512,269375,526.123047
16863,512,261333,510.416016
16864,512,264417,516.439453
16865,512,252375,492.919922
16866,512,265625,518.798828
16867,512,258333,504.556641
16868,512,266583,520.669922
16869,512,253875,495.849609
16870,512,267375,522.216797
16871,512,268792,524.984375
16872,512,260333,508.462891
16873,512,240291,469.318359
16874,512,266875,521.240234
16875,512,258250,504.394531
16876,512,271417,530.111328
16877,512,252792,493.734375
16878,512,671458,1311.441406
16879,512,513292,1002.523438
16880,512,387541,756.916016
16881,512,361167,705.404297
16882,512,457125,892.822266
16883,512,388666,759.113281
16884,512,439083,857.583984
16885,512,435916,851.398438
16886,512,424959,829.998047
16887,512,389916,761.554688
16888,512,406917,794.759766
16889,512,414125,808.837891
16890,512,409042,798.910156
16891,512,408791,798.419922
16892,512,412875,806.396484
16893,512,441250,861.816406
16894,512,422375,824.951172
16895,512,419875,820.068359
16896,512,415292,811.117188
16897,512,426709,833.416016
16898,512,404500,790.039062
16899,512,415833,812.173828
16900,512,439625,858.642578
16901,512,409375,799.560547
16902,512,397708,776.773438
16903,512,352542,688.558594
16904,512,347208,678.140625
16905,512,353500,690.429688
16906,512,330917,646.322266
16907,512,365041,712.970703
16908,512,351500,686.523438
16909,512,318917,622.884766
16910,512,338334,660.808594
16911,512,310250,605.957031
16912,512,317875,620.849609
16913,512,318417,621.908203
16914,512,332250,648.925781
16915,512,333917,652.181641
16916,512,307541,600.666016
16917,512,325542,635.824219
16918,512,320792,626.546875
16919,512,340834,665.691406
16920,512,340125,664.306641
16921,512,307166,599.933594
16922,512,376584,735.515625
16923,512,370833,724.283203
16924,512,355458,694.253906
16925,512,329292,643.148438
16926,512,338792,661.703125
16927,512,337666,659.503906
16928,512,344583,673.013672
16929,512,304042,593.832031
16930,512,316375,617.919922
16931,512,358208,699.625000
16932,512,331208,646.890625
16933,512,326625,637.939453
16934,512,330625,645.751953
16935,512,291709,569.744141
16936,512,318709,622.478516
16937,512,322791,630.451172
16938,512,313125,611.572266
16939,512,294334,574.871094
16940,512,308458,602.457031
16941,512,277333,541.666016
16942,512,283459,553.630859
16943,512,398500,778.320312
16944,512,309875,605.224609
16945,512,330500,645.507812
16946,512,312833,611.001953
16947,512,313334,611.980469
16948,512,316167,617.513672
16949,512,328708,642.007812
16950,512,335500,655.273438
16951,512,334833,653.970703
16952,512,327500,639.648438
16953,512,325709,636.150391
16954,512,298958,583.902344
16955,512,304833,595.376953
16956,512,301625,589.111328
16957,512,314042,613.363281
16958,512,296416,578.937500
16959,512,300917,587.728516
16960,512,304875,595.458984
16961,512,292042,570.394531
16962,512,276333,539.712891
16963,512,294292,574.789062
16964,512,292459,571.208984
16965,512,277125,541.259766
16966,512,307833,601.236328
16967,512,287292,561.117188
16968,512,302834,591.472656
16969,512,317417,619.955078
16970,512,339500,663.085938
16971,512,349083,681.802734
16972,512,337584,659.343750
16973,512,301250,588.378906
16974,512,313000,611.328125
16975,512,307291,600.177734
16976,512,308250,602.050781
16977,512,329542,643.636719
16978,512,296250,578.613281
16979,512,305916,597.492188
16980,512,300125,586.181641
16981,512,307916,601.398438
16982,512,290084,566.570312
16983,512,300334,586.589844
16984,512,288166,562.824219
16985,512,287459,561.443359
16986,512,301625,589.111328
16987,512,290500,567.382812
16988,512,289459,565.349609
16989,512,291625,569.580078
16990,512,280666,548.175781
16991,512,287667,561.849609
16992,512,277833,542.642578
16993,512,279750,546.386719
16994,512,276875,540.771484
16995,512,281708,550.210938
16996,512,273792,534.750000
16997,512,274833,536.783203
16998,512,268042,523.519531
16999,512,299083,584.146484
17000,512,343125,670.166016
17001,512,290875,568.115234
17002,512,347125,677.978516
17003,512,317958,621.011719
17004,512,306083,597.818359
17005,512,335084,654.460938
17006,512,295041,576.251953
17007,512,286792,560.140625
17008,512,342875,669.677734
17009,512,425083,830.240234
17010,512,446875,872.802734
17011,512,438708,856.851562
17012,512,457334,893.230469
17013,512,439500,858.398438
17014,512,599125,1170.166016
17015,512,570666,1114.582031
17016,512,605583,1182.779297
17017,512,531875,1038.818359
17018,512,364042,711.019531
17019,512,330334,645.183594
17020,512,335208,654.703125
17021,512,293500,573.242188
17022,512,272333,531.900391
17023,512,288417,563.314453
17024,512,306417,598.470703
17025,512,360625,704.345703
17026,512,313000,611.328125
17027,512,308417,602.376953
17028,512,337708,659.585938
17029,512,330042,644.613281
17030,512,331083,646.646484
17031,512,332584,649.578125
17032,512,338625,661.376953
17033,512,319167,623.373047
17034,512,478166,933.917969
17035,512,441917,863.119141
17036,512,437167,853.841797
17037,512,441625,862.548828
17038,512,460542,899.496094
17039,512,553292,1080.648438
17040,512,457458,893.472656
17041,512,460333,899.087891
17042,512,474542,926.839844
17043,512,434584,848.796875
17044,512,423041,826.251953
17045,512,424333,828.775391
17046,512,414042,808.675781
17047,512,406833,794.595703
17048,512,394208,769.937500
17049,512,605167,1181.966797
17050,512,470000,917.968750
17051,512,452250,883.300781
17052,512,504208,984.781250
17053,512,426542,833.089844
17054,512,467500,913.085938
17055,512,619416,1209.796875
17056,512,620709,1212.322266
17057,512,665458,1299.722656
17058,512,588667,1149.740234
17059,512,541959,1058.513672
17060,512,575209,1123.455078
17061,512,599416,1170.734375
17062,512,590750,1153.808594
17063,512,669583,1307.779297
17064,512,480209,937.908203
17065,512,545375,1065.185547
17066,512,406250,793.457031
17067,512,393708,768.960938
17068,512,369209,721.111328
17069,512,337875,659.912109
17070,512,333125,650.634766
17071,512,349083,681.802734
17072,512,371542,725.667969
17073,512,330583,645.669922
17074,512,305458,596.597656
17075,512,330959,646.404297
17076,512,312791,610.919922
17077,512,335167,654.623047
17078,512,298292,582.601562
17079,512,331625,647.705078
17080,512,362334,707.683594
17081,512,409416,799.640625
17082,512,389375,760.498047
17083,512,381417,744.955078
17084,512,363333,709.634766
17085,512,378792,739.828125
17086,512,363000,708.984375
17087,512,342834,669.597656
17088,512,331208,646.890625
17089,512,336916,658.039062
17090,512,349917,683.431641
17091,512,335500,655.273438
17092,512,317041,619.220703
17093,512,336125,656.494141
17094,512,311708,608.804688
17095,512,331417,647.298828
17096,512,308958,603.433594
17097,512,324792,634.359375
17098,512,325708,636.148438
17099,512,326125,636.962891
17100,512,312875,611.083984
17101,512,315208,615.640625
17102,512,358375,699.951172
17103,512,316208,617.593750
17104,512,391167,763.998047
17105,512,331750,647.949219
17106,512,349334,682.292969
17107,512,321125,627.197266
17108,512,317750,620.605469
17109,512,294500,575.195312
17110,512,282292,551.351562
17111,512,305583,596.841797
17112,512,304583,594.888672
17113,512,313917,613.119141
17114,512,315916,617.023438
17115,512,310042,605.550781
17116,512,282416,551.593750
17117,512,274500,536.132812
17118,512,302750,591.308594
17119,512,287083,560.708984
17120,512,286333,559.244141
17121,512,281083,548.990234
17122,512,287542,561.605469
17123,512,322583,630.044922
17124,512,269583,526.529297
17125,512,311750,608.886719
17126,512,293458,573.160156
17127,512,342375,668.701172
17128,512,373667,729.818359
17129,512,306208,598.062500
17130,512,300750,587.402344
17131,512,328625,641.845703
17132,512,305334,596.355469
17133,512,316500,618.164062
17134,512,293834,573.894531
17135,512,266708,520.914062
17136,512,311666,608.722656
17137,512,325083,634.927734
17138,512,322292,629.476562
17139,512,285333,557.291016
17140,512,280125,547.119141
17141,512,285750,558.105469
17142,512,278959,544.841797
17143,512,289125,564.697266
17144,512,298667,583.333984
17145,512,281375,549.560547
17146,512,285041,556.720703
17147,512,275375,537.841797
17148,512,289292,565.023438
17149,512,275250,537.597656
17150,512,292709,571.697266
17151,512,284500,555.664062
17152,512,270208,527.750000
17153,512,299833,585.611328
17154,512,269375,526.123047
17155,512,312541,610.431641
17156,512,324334,633.464844
17157,512,354583,692.544922
17158,512,343708,671.304688
17159,512,339708,663.492188
17160,512,323834,632.488281
17161,512,304292,594.320312
17162,512,294000,574.218750
17163,512,296625,579.345703
17164,512,295416,576.984375
17165,512,287667,561.849609
17166,512,275667,538.412109
17167,512,263791,515.216797
17168,512,272209,531.658203
17169,512,289584,565.593750
17170,512,275250,537.597656
17171,512,265042,517.660156
17172,512,260750,509.277344
17173,512,260083,507.974609
17174,512,269792,526.937500
17175,512,273583,534.341797
17176,512,246000,480.468750
17177,512,266167,519.857422
17178,512,260125,508.056641
17179,512,256667,501.302734
17180,512,263000,513.671875
17181,512,272708,532.632812
17182,512,257334,502.605469
17183,512,251375,490.966797
17184,512,254500,497.070312
17185,512,261083,509.927734
17186,512,268833,525.064453
17187,512,249333,486.978516
17188,512,263709,515.056641
17189,512,325500,635.742188
17190,512,280584,548.015625
17191,512,282834,552.410156
17192,512,280000,546.875000
17193,512,280500,547.851562
17194,512,278584,544.109375
17195,512,292666,571.613281
17196,512,290667,567.708984
17197,512,262291,512.287109
17198,512,263959,515.544922
17199,512,268833,525.064453
17200,512,273708,534.585938
17201,512,281792,550.375000
17202,512,282750,552.246094
17203,512,258291,504.474609
17204,512,276500,540.039062
17205,512,292583,571.451172
17206,512,286792,560.140625
17207,512,263625,514.892578
17208,512,288459,563.396484
17209,512,269584,526.531250
17210,512,265250,518.066406
17211,512,257625,503.173828
17212,512,267750,522.949219
17213,512,261333,510.416016
17214,512,268959,525.310547
17215,512,266083,519.693359
17216,512,277083,541.177734
17217,512,278167,543.294922
17218,512,292333,570.962891
17219,512,321125,627.197266
17220,512,307833,601.236328
17221,512,303292,592.367188
17222,512,295458,577.066406
17223,512,279125,545.166016
17224,512,298584,583.171875
17225,512,302625,591.064453
17226,512,285500,557.617188
17227,512,284500,555.664062
17228,512,272250,531.738281
17229,512,277375,541.748047
17230,512,294792,575.765625
17231,512,285791,558.185547
17232,512,293667,573.568359
17233,512,293625,573.486328
17234,512,309416,604.328125
17235,512,301000,587.890625
17236,512,292959,572.185547
17237,512,324750,634.277344
17238,512,331709,647.869141
17239,512,371291,725.177734
17240,512,341292,666.585938
17241,512,358250,699.707031
17242,512,370125,722.900391
17243,512,370542,723.714844
17244,512,348541,680.744141
17245,512,309834,605.144531
17246,512,317250,619.628906
17247,512,311166,607.746094
17248,512,303834,593.425781
17249,512,312166,609.699219
17250,512,314542,614.339844
17251,512,313833,612.955078
17252,512,289375,565.185547
17253,512,279000,544.921875
17254,512,300125,586.181641
17255,512,292959,572.185547
17256,512,288584,563.640625
17257,512,287583,561.685547
17258,512,255417,498.861328
17259,512,259458,506.753906
17260,512,286791,560.138672
17261,512,290083,566.568359
17262,512,267125,521.728516
17263,512,288208,562.906250
17264,512,296334,578.777344
17265,512,287625,561.767578
17266,512,294666,575.519531
17267,512,305958,597.574219
17268,512,302375,590.576172
17269,512,338917,661.947266
17270,512,349042,681.722656
17271,512,323916,632.648438
17272,512,316959,619.060547
17273,512,294083,574.380859
17274,512,332416,649.250000
17275,512,290250,566.894531
17276,512,299042,584.066406
17277,512,309709,604.900391
17278,512,312250,609.863281
17279,512,299709,585.369141
17280,512,266666,520.832031
17281,512,284167,555.013672
17282,512,292291,570.880859
17283,512,263459,514.568359
17284,512,258666,505.207031
17285,512,300833,587.564453
17286,512,269208,525.796875
17287,512,280292,547.445312
17288,512,248958,486.246094
17289,512,274000,535.156250
17290,512,258958,505.777344
17291,512,262291,512.287109
17292,512,262834,513.347656
17293,512,269375,526.123047
17294,512,254541,497.150391
17295,512,248208,484.781250
17296,512,236292,461.507812
17297,512,254375,496.826172
17298,512,270541,528.400391
17299,512,259167,506.185547
17300,512,258875,505.615234
17301,512,259875,507.568359
17302,512,252375,492.919922
17303,512,257125,502.197266
17304,512,238208,465.250000
17305,512,260834,509.441406
17306,512,286959,560.466797
17307,512,314250,613.769531
17308,512,299250,584.472656
17309,512,272167,531.576172
17310,512,281500,549.804688
17311,512,279875,546.630859
17312,512,279667,546.224609
17313,512,282417,551.595703
17314,512,281875,550.537109
17315,512,282291,551.349609
17316,512,268792,524.984375
17317,512,267875,523.193359
17318,512,267250,521.972656
17319,512,266333,520.181641
17320,512,264459,516.521484
17321,512,262750,513.183594
17322,512,268875,525.146484
17323,512,266083,519.693359
17324,512,266916,521.320312
17325,512,252667,493.490234
17326,512,275208,537.515625
17327,512,269250,525.878906
17328,512,252166,492.511719
17329,512,253042,494.222656
17330,512,258666,505.207031
17331,512,265584,518.718750
17332,512,272209,531.658203
17333,512,256250,500.488281
17334,512,266750,520.996094
17335,512,278625,544.189453
17336,512,280250,547.363281
17337,512,292667,571.615234
17338,512,288708,563.882812
17339,512,320917,626.791016
17340,512,295875,577.880859
17341,512,299791,585.529297
17342,512,295417,576.986328
17343,512,291625,569.580078
17344,512,281334,549.480469
17345,512,281541,549.884766
17346,512,276792,540.609375
17347,512,271041,529.376953
17348,512,267667,522.787109
17349,512,266959,521.404297
17350,512,277417,541.830078
17351,512,272333,531.900391
17352,512,278959,544.841797
17353,512,271416,530.109375
17354,512,291042,568.441406
17355,512,280541,547.931641
17356,512,277542,542.074219
17357,512,264167,515.951172
17358,512,302458,590.738281
17359,512,284375,555.419922
17360,512,279875,546.630859
17361,512,294250,574.707031
17362,512,283500,553.710938
17363,512,295541,577.228516
17364,512,286500,559.570312
17365,512,282917,552.572266
17366,512,267917,523.275391
17367,512,256583,501.138672
17368,512,274125,535.400391
17369,512,272458,532.144531
17370,512,265542,518.636719
17371,512,270750,528.808594
17372,512,269750,526.855469
17373,512,256917,501.791016
17374,512,268875,525.146484
17375,512,253833,495.767578
17376,512,262958,513.589844
17377,512,281625,550.048828
17378,512,274291,535.724609
17379,512,257625,503.173828
17380,512,246750,481.933594
17381,512,248875,486.083984
17382,512,261708,511.148438
17383,512,257250,502.441406
17384,512,253208,494.546875
17385,512,268959,525.310547
17386,512,256625,501.220703
17387,512,251375,490.966797
17388,512,264833,517.251953
17389,512,263667,514.974609
17390,512,259875,507.568359
17391,512,253166,494.464844
17392,512,248917,486.166016
17393,512,259959,507.732422
17394,512,279333,545.572266
17395,512,296958,579.996094
17396,512,290667,567.708984
17397,512,278541,544.025391
17398,512,255709,499.431641
17399,512,256083,500.162109
17400,512,280291,547.443359
17401,512,263042,513.753906
17402,512,286417,559.408203
17403,512,256708,501.382812
17404,512,253083,494.302734
17405,512,272917,533.041016
17406,512,266500,520.507812
17407,512,257042,502.035156
17408,512,243875,476.318359
17409,512,266792,521.078125
17410,512,263167,513.998047
17411,512,269834,527.019531
17412,512,254959,497.966797
17413,512,264708,517.007812
17414,512,244792,478.109375
17415,512,269625,526.611328
17416,512,241000,470.703125
17417,512,253958,496.011719
17418,512,250584,489.421875
17419,512,246958,482.339844
17420,512,247458,483.316406
17421,512,245667,479.818359
17422,512,264500,516.601562
17423,512,253042,494.222656
17424,512,239708,468.179688
17425,512,264042,515.707031
17426,512,252292,492.757812
17427,512,276708,540.445312
17428,512,266042,519.613281
17429,512,296041,578.205078
17430,512,315833,616.861328
17431,512,262875,513.427734
17432,512,259459,506.755859
17433,512,280625,548.095703
17434,512,273166,533.527344
17435,512,289125,564.697266
17436,512,282042,550.863281
17437,512,265000,517.578125
17438,512,291500,569.335938
17439,512,295917,577.962891
17440,512,285125,556.884766
17441,512,276375,539.794922
17442,512,277958,542.886719
17443,512,278542,544.027344
17444,512,303375,592.529297
17445,512,268625,524.658203
17446,512,278083,543.130859
17447,512,294125,574.462891
17448,512,270208,527.750000
17449,512,250250,488.769531
17450,512,255708,499.429688
17451,512,276208,539.468750
17452,512,241417,471.517578
17453,512,256583,501.138672
17454,512,272250,531.738281
17455,512,255084,498.210938
17456,512,248791,485.919922
17457,512,271834,530.925781
17458,512,271084,529.460938
17459,512,275875,538.818359
17460,512,313875,613.037109
17461,512,275792,538.656250
17462,512,267083,521.646484
17463,512,266333,520.181641
17464,512,272959,533.123047
17465,512,291209,568.767578
17466,512,271625,530.517578
17467,512,266834,521.160156
17468,512,274083,535.318359
17469,512,253542,495.199219
17470,512,258375,504.638672
17471,512,256500,500.976562
17472,512,268750,524.902344
17473,512,251375,490.966797
17474,512,254000,496.093750
17475,512,265458,518.472656
17476,512,251250,490.722656
17477,512,247834,484.050781
17478,512,257625,503.173828
17479,512,259708,507.242188
17480,512,262292,512.289062
17481,512,246292,481.039062
17482,512,250625,489.501953
17483,512,243167,474.935547
17484,512,245250,479.003906
17485,512,247709,483.806641
17486,512,251583,491.373047
17487,512,256458,500.894531
17488,512,275750,538.574219
17489,512,373167,728.841797
17490,512,291375,569.091797
17491,512,292334,570.964844
17492,512,345750,675.292969
17493,512,315291,615.802734
17494,512,308125,601.806641
17495,512,299542,585.042969
17496,512,291625,569.580078
17497,512,287375,561.279297
17498,512,289000,564.453125
17499,512,278208,543.375000
17500,512,269542,526.449219
17501,512,277625,542.236328
17502,512,270709,528.728516
17503,512,268292,524.007812
17504,512,307500,600.585938
17505,512,267750,522.949219
17506,512,292750,571.777344
17507,512,291834,569.988281
17508,512,290167,566.732422
17509,512,291000,568.359375
17510,512,290375,567.138672
17511,512,278917,544.759766
17512,512,277875,542.724609
17513,512,282834,552.410156
17514,512,294666,575.519531
17515,512,292083,570.474609
17516,512,290833,568.033203
17517,512,294125,574.462891
17518,512,286333,559.244141
17519,512,293083,572.427734
17520,512,299917,585.775391
17521,512,292583,571.451172
17522,512,288708,563.882812
17523,512,277125,541.259766
17524,512,260917,509.603516
17525,512,278750,544.433594
17526,512,289709,565.837891
17527,512,306375,598.388672
17528,512,383334,748.699219
17529,512,410541,801.837891
17530,512,373834,730.144531
17531,512,572625,1118.408203
17532,512,561125,1095.947266
17533,512,452667,884.115234
17534,512,405666,792.316406
17535,512,385292,752.523438
17536,512,457584,893.718750
17537,512,406208,793.375000
17538,512,364625,712.158203
17539,512,326916,638.507812
17540,512,321375,627.685547
17541,512,316208,617.593750
17542,512,306917,599.447266
17543,512,325208,635.171875
17544,512,304333,594.400391
17545,512,344583,673.013672
17546,512,353667,690.755859
17547,512,375333,733.072266
17548,512,386417,754.720703
17549,512,384333,750.650391
17550,512,365583,714.029297
17551,512,373042,728.597656
17552,512,354208,691.812500
17553,512,411542,803.792969
17554,512,359250,701.660156
17555,512,447542,874.105469
17556,512,491583,960.123047
17557,512,495917,968.587891
17558,512,384958,751.871094
17559,512,377750,737.792969
17560,512,370208,723.062500
17561,512,373792,730.062500
17562,512,349666,682.941406
17563,512,338750,661.621094
17564,512,315250,615.722656
17565,512,330500,645.507812
17566,512,313584,612.468750
17567,512,349625,682.861328
17568,512,358542,700.277344
17569,512,372375,727.294922
17570,512,427417,834.798828
17571,512,403708,788.492188
17572,512,354917,693.197266
17573,512,350416,684.406250
17574,512,381042,744.222656
17575,512,365958,714.761719
17576,512,346000,675.781250
17577,512,312375,610.107422
17578,512,309541,604.572266
17579,512,300458,586.832031
17580,512,294625,575.439453
17581,512,297375,580.810547
17582,512,293333,572.916016
17583,512,621459,1213.787109
17584,512,503916,984.210938
17585,512,513958,1003.824219
17586,512,558709,1091.228516
17587,512,483041,943.439453
17588,512,498542,973.714844
17589,512,323500,631.835938
17590,512,330417,645.345703
17591,512,310333,606.119141
17592,512,353791,690.998047
17593,512,339000,662.109375
17594,512,357958,699.136719
17595,512,345208,674.234375
17596,512,337292,658.773438
17597,512,311000,607.421875
17598,512,331000,646.484375
17599,512,337708,659.585938
17600,512,321625,628.173828
17601,512,310709,606.853516
17602,512,331208,646.890625
17603,512,334417,653.158203
17604,512,330167,644.857422
17605,512,333208,650.796875
17606,512,322375,629.638672
17607,512,344917,673.666016
17608,512,345083,673.990234
17609,512,523042,1021.566406
17610,512,599167,1170.248047
17611,512,558125,1090.087891
17612,512,661500,1291.992188
17613,512,346667,677.083984
17614,512,342458,668.863281
17615,512,298458,582.925781
17616,512,293000,572.265625
17617,512,283792,554.281250
17618,512,288416,563.312500
17619,512,288417,563.314453
17620,512,294666,575.519531
17621,512,298083,582.193359
17622,512,285000,556.640625
17623,512,273375,533.935547
17624,512,270708,528.726562
17625,512,262292,512.289062
17626,512,263083,513.833984
17627,512,266125,519.775391
17628,512,269458,526.285156
17629,512,254125,496.337891
17630,512,245917,480.306641
17631,512,260833,509.439453
17632,512,252583,493.326172
17633,512,279167,545.248047
17634,512,251667,491.537109
17635,512,367500,717.773438
17636,512,348541,680.744141
17637,512,298542,583.089844
17638,512,269916,527.179688
17639,512,301209,588.298828
17640,512,336041,656.330078
17641,512,380583,743.326172
17642,512,335125,654.541016
17643,512,327375,639.404297
17644,512,296459,579.021484
17645,512,282791,552.326172
17646,512,292750,571.777344
17647,512,279958,546.792969
17648,512,288292,563.070312
17649,512,290916,568.195312
17650,512,287917,562.337891
17651,512,285750,558.105469
17652,512,292792,571.859375
17653,512,272959,533.123047
17654,512,292417,571.126953
17655,512,281708,550.210938
17656,512,272417,532.064453
17657,512,297125,580.322266
17658,512,298750,583.496094
17659,512,286875,560.302734
17660,512,296916,579.914062
17661,512,292542,571.371094
17662,512,279625,546.142578
17663,512,299541,585.041016
17664,512,324917,634.603516
17665,512,339291,662.677734
17666,512,365875,714.599609
17667,512,348875,681.396484
17668,512,318833,622.720703
17669,512,322958,630.777344
17670,512,340250,664.550781
17671,512,378792,739.828125
17672,512,546416,1067.218750
17673,512,594667,1161.458984
17674,512,468209,914.470703
17675,512,371667,725.912109
17676,512,368833,720.376953
17677,512,599083,1170.083984
17678,512,602167,1176.107422
17679,512,616792,1204.671875
17680,512,524416,1024.250000
17681,512,466334,910.808594
17682,512,467041,912.189453
17683,512,460792,899.984375
17684,512,480917,939.291016
17685,512,487416,951.984375
17686,512,493917,964.681641
17687,512,422042,824.300781
17688,512,400333,781.900391
17689,512,414666,809.894531
17690,512,376209,734.783203
17691,512,388083,757.974609
17692,512,423875,827.880859
17693,512,397792,776.937500
17694,512,396667,774.740234
17695,512,378458,739.175781
17696,512,369333,721.353516
17697,512,386084,754.070312
17698,512,437416,854.328125
17699,512,448625,876.220703
17700,512,427959,835.857422
17701,512,369041,720.783203
17702,512,387333,756.509766
17703,512,489667,956.380859
17704,512,455958,890.542969
17705,512,396958,775.308594
17706,512,457750,894.042969
17707,512,435083,849.771484
17708,512,374959,732.341797
17709,512,361291,705.646484
17710,512,352000,687.500000
17711,512,362583,708.169922
17712,512,353625,690.673828
17713,512,354042,691.488281
17714,512,369833,722.330078
17715,512,345958,675.699219
17716,512,319792,624.593750
17717,512,327583,639.810547
17718,512,315458,616.128906
17719,512,320584,626.140625
17720,512,301334,588.542969
17721,512,303583,592.935547
17722,512,301250,588.378906
17723,512,299583,585.123047
17724,512,326667,638.021484
17725,512,396416,774.250000
17726,512,463250,904.785156
17727,512,405084,791.179688
17728,512,454791,888.263672
17729,512,454375,887.451172
17730,512,427333,834.634766
17731,512,372500,727.539062
17732,512,342042,668.050781
17733,512,346500,676.757812
17734,512,360458,704.019531
17735,512,367667,718.099609
17736,512,354084,691.570312
17737,512,326291,637.287109
17738,512,331209,646.892578
17739,512,339459,663.005859
17740,512,335458,655.191406
17741,512,330916,646.320312
17742,512,319959,624.919922
17743,512,321459,627.849609
17744,512,363166,709.308594
17745,512,365542,713.949219
17746,512,364833,712.564453
17747,512,359042,701.253906
17748,512,363208,709.390625
17749,512,338875,661.865234
17750,512,377084,736.492188
17751,512,421750,823.730469
17752,512,418750,817.871094
17753,512,390208,762.125000
17754,512,393125,767.822266
17755,512,363708,710.367188
17756,512,364500,711.914062
17757,512,364625,712.158203
17758,512,367833,718.423828
17759,512,350417,684.408203
17760,512,360042,703.207031
17761,512,370459,723.552734
17762,512,329791,644.123047
17763,512,351750,687.011719
17764,512,339375,662.841797
17765,512,357708,698.648438
17766,512,326292,637.289062
17767,512,318500,622.070312
17768,512,333792,651.937500
17769,512,328000,640.625000
17770,512,348417,680.501953
17771,512,395541,772.541016
17772,512,323333,631.509766
17773,512,409500,799.804688
17774,512,407959,796.794922
17775,512,450708,880.289062
17776,512,442333,863.931641
17777,512,423083,826.333984
17778,512,409458,799.722656
17779,512,440333,860.025391
17780,512,330500,645.507812
17781,512,336250,656.738281
17782,512,322125,629.150391
17783,512,320833,626.626953
17784,512,290667,567.708984
17785,512,324958,634.683594
17786,512,294208,574.625000
17787,512,303625,593.017578
17788,512,299875,585.693359
17789,512,310417,606.283203
17790,512,316250,617.675781
17791,512,289875,566.162109
17792,512,319375,623.779297
17793,512,336708,657.632812
17794,512,331958,648.355469
17795,512,360375,703.857422
17796,512,307792,601.156250
17797,512,320958,626.871094
17798,512,319667,624.349609
17799,512,323375,631.591797
17800,512,344834,673.503906
17801,512,331000,646.484375
17802,512,310000,605.468750
17803,512,328292,641.195312
17804,512,312625,610.595703
17805,512,356125,695.556641
17806,512,337000,658.203125
17807,512,330875,646.240234
17808,512,309959,605.388672
17809,512,291292,568.929688
17810,512,313250,611.816406
17811,512,311375,608.154297
17812,512,305666,597.003906
17813,512,347875,679.443359
17814,512,324292,633.382812
17815,512,299375,584.716797
17816,512,323333,631.509766
17817,512,307208,600.015625
17818,512,317792,620.687500
17819,512,329375,643.310547
17820,512,357916,699.054688
17821,512,341500,666.992188
17822,512,347709,679.119141
17823,512,361791,706.623047
17824,512,335834,655.925781
17825,512,357458,698.160156
17826,512,318542,622.152344
17827,512,322292,629.476562
17828,512,323417,631.673828
17829,512,360542,704.183594
17830,512,348625,680.908203
17831,512,366375,715.576172
17832,512,369709,722.087891
17833,512,351375,686.279297
17834,512,330291,645.099609
17835,512,328250,641.113281
17836,512,324334,633.464844
17837,512,322583,630.044922
17838,512,321541,628.009766
17839,512,343000,669.921875
17840,512,331833,648.111328
17841,512,350500,684.570312
17842,512,369209,721.111328
17843,512,312708,610.757812
17844,512,308625,602.783203
17845,512,314625,614.501953
17846,512,316500,618.164062
17847,512,345166,674.152344
17848,512,354417,692.220703
17849,512,393083,767.740234
17850,512,325250,635.253906
17851,512,404584,790.203125
17852,512,353666,690.753906
17853,512,390000,761.718750
17854,512,354375,692.138672
17855,512,366875,716.552734
17856,512,372584,727.703125
17857,512,405208,791.421875
17858,512,407875,796.630859
17859,512,398000,777.343750
17860,512,277000,541.015625
17861,512,442083,863.443359
17862,512,494959,966.716797
17863,512,449500,877.929688
17864,512,417292,815.023438
17865,512,425917,831.869141
17866,512,469750,917.480469
17867,512,482541,942.462891
17868,512,446333,871.744141
17869,512,474042,925.863281
17870,512,477083,931.802734
17871,512,423750,827.636719
17872,512,408417,797.689453
17873,512,401750,784.667969
17874,512,394625,770.751953
17875,512,360208,703.531250
17876,512,387500,756.835938
17877,512,384333,750.650391
17878,512,380333,742.837891
17879,512,389125,760.009766
17880,512,386042,753.988281
17881,512,363917,710.775391
17882,512,384125,750.244141
17883,512,386083,754.068359
17884,512,380458,743.082031
17885,512,406042,793.050781
17886,512,422750,825.683594
17887,512,403458,788.003906
17888,512,369583,721.841797
17889,512,397083,775.552734
17890,512,437708,854.898438
17891,512,408583,798.013672
17892,512,389459,760.662109
17893,512,389000,759.765625
17894,512,409916,800.617188
17895,512,365333,713.541016
17896,512,350583,684.732422
17897,512,360083,703.287109
17898,512,419959,820.232422
17899,512,547458,1069.253906
17900,512,375333,733.072266
17901,512,387500,756.835938
17902,512,380208,742.593750
17903,512,356500,696.289062
17904,512,372000,726.562500
17905,512,351250,686.035156
17906,512,357750,698.730469
17907,512,359666,702.472656
17908,512,374459,731.365234
17909,512,413042,806.722656
17910,512,555000,1083.984375
17911,512,433500,846.679688
17912,512,452291,883.380859
17913,512,408375,797.607422
17914,512,413250,807.128906
17915,512,450333,879.556641
17916,512,408667,798.177734
17917,512,388583,758.951172
17918,512,405125,791.259766
17919,512,409375,799.560547
17920,512,381375,744.873047
17921,512,368375,719.482422
17922,512,375708,733.804688
17923,512,367875,718.505859
17924,512,380625,743.408203
17925,512,395083,771.646484
17926,512,456125,890.869141
17927,512,400375,781.982422
17928,512,381750,745.605469
17929,512,386416,754.718750
17930,512,381667,745.443359
17931,512,374667,731.771484
17932,512,375334,733.074219
17933,512,360625,704.345703
17934,512,379625,741.455078
17935,512,372583,727.701172
17936,512,375083,732.583984
17937,512,365792,714.437500
17938,512,328291,641.193359
17939,512,351042,685.628906
17940,512,383833,749.673828
17941,512,410833,802.408203
17942,512,384833,751.626953
17943,512,414583,809.732422
17944,512,432042,843.832031
17945,512,435833,851.236328
17946,512,453750,886.230469
17947,512,426541,833.087891
17948,512,377209,736.736328
17949,512,328333,641.275391
17950,512,367792,718.343750
17951,512,377083,736.490234
17952,512,383208,748.453125
17953,512,367959,718.669922
17954,512,358833,700.845703
17955,512,362417,707.845703
17956,512,345916,675.617188
17957,512,365208,713.296875
17958,512,337958,660.074219
17959,512,339125,662.353516
17960,512,360500,704.101562
17961,512,336458,657.144531
17962,512,345041,673.908203
17963,512,356625,696.533203
17964,512,344959,673.748047
17965,512,365625,714.111328
17966,512,338916,661.945312
17967,512,353834,691.082031
17968,512,345209,674.236328
17969,512,353375,690.185547
17970,512,348833,681.314453
17971,512,364542,711.996094
17972,512,358666,700.519531
17973,512,399375,780.029297
17974,512,397375,776.123047
17975,512,383875,749.755859
17976,512,406042,793.050781
17977,512,432958,845.621094
17978,512,361625,706.298828
17979,512,321666,628.253906
17980,512,340667,665.365234
17981,512,318250,621.582031
17982,512,320541,626.056641
17983,512,325334,635.417969
17984,512,318167,621.419922
17985,512,349333,682.291016
17986,512,327875,640.380859
17987,512,340042,664.144531
17988,512,345583,674.966797
17989,512,336542,657.308594
17990,512,364667,712.240234
17991,512,379500,741.210938
17992,512,437750,854.980469
17993,512,384291,750.568359
17994,512,446459,871.990234
17995,512,415541,811.603516
17996,512,391458,764.566406
17997,512,369625,721.923828
17998,512,375750,733.886719
17999,512,397500,776.367188
18000,512,370125,722.900391
18001,512,371083,724.771484
18002,512,380542,743.246094
18003,512,365792,714.437500
18004,512,360291,703.693359
18005,512,375584,733.562500
18006,512,344166,672.199219
18007,512,355750,694.824219
18008,512,370959,724.529297
18009,512,356375,696.044922
18010,512,375750,733.886719
18011,512,352708,688.882812
18012,512,342208,668.375000
18013,512,374958,732.339844
18014,512,363625,710.205078
18015,512,389542,760.824219
18016,512,360000,703.125000
18017,512,353750,690.917969
18018,512,360000,703.125000
18019,512,346500,676.757812
18020,512,345125,674.072266
18021,512,351167,685.873047
18022,512,338292,660.726562
18023,512,354667,692.708984
18024,512,328666,641.925781
18025,512,345459,674.724609
18026,512,336166,656.574219
18027,512,345458,674.722656
18028,512,345708,675.210938
18029,512,335625,655.517578
18030,512,376083,734.537109
18031,512,369666,722.003906
18032,512,300583,587.076172
18033,512,307375,600.341797
18034,512,367500,717.773438
18035,512,374666,731.769531
18036,512,418167,816.732422
18037,512,437000,853.515625
18038,512,458459,895.427734
18039,512,483250,943.847656
18040,512,419334,819.011719
18041,512,324917,634.603516
18042,512,300583,587.076172
18043,512,301416,588.703125
18044,512,317292,619.710938
18045,512,301417,588.705078
18046,512,274791,536.701172
18047,512,289042,564.535156
18048,512,301583,589.029297
18049,512,282417,551.595703
18050,512,297125,580.322266
18051,512,284125,554.931641
18052,512,295084,576.335938
18053,512,277250,541.503906
18054,512,262166,512.042969
18055,512,309250,604.003906
18056,512,304375,594.482422
18057,512,281167,549.154297
18058,512,286041,558.673828
18059,512,311042,607.503906
18060,512,297125,580.322266
18061,512,308000,601.562500
18062,512,320084,625.164062
18063,512,319709,624.431641
18064,512,318792,622.640625
18065,512,339042,662.191406
18066,512,329375,643.310547
18067,512,321166,627.277344
18068,512,322334,629.558594
18069,512,320625,626.220703
18070,512,310292,606.039062
18071,512,313917,613.119141
18072,512,299125,584.228516
18073,512,315083,615.396484
18074,512,289292,565.023438
18075,512,321333,627.603516
18076,512,298750,583.496094
18077,512,316500,618.164062
18078,512,309292,604.085938
18079,512,316750,618.652344
18080,512,304875,595.458984
18081,512,321459,627.849609
18082,512,300209,586.345703
18083,512,315667,616.537109
18084,512,304875,595.458984
18085,512,295291,576.740234
18086,512,305500,596.679688
18087,512,292334,570.964844
18088,512,298125,582.275391
18089,512,290625,567.626953
18090,512,285458,557.535156
18091,512,297000,580.078125
18092,512,313250,611.816406
18093,512,299667,585.287109
18094,512,290750,567.871094
18095,512,308791,603.107422
18096,512,305917,597.494141
18097,512,317375,619.873047
18098,512,355583,694.498047
18099,512,308458,602.457031
18100,512,315459,616.130859
18101,512,297291,580.646484
18102,512,289292,565.023438
18103,512,289125,564.697266
18104,512,305416,596.515625
18105,512,491542,960.042969
18106,512,464958,908.121094
18107,512,289042,564.535156
18108,512,290250,566.894531
18109,512,268834,525.066406
18110,512,300917,587.728516
18111,512,293042,572.347656
18112,512,290958,568.277344
18113,512,287167,560.873047
18114,512,273791,534.748047
18115,512,278834,544.597656
18116,512,277041,541.095703
18117,512,293709,573.650391
18118,512,276125,539.306641
18119,512,297708,581.460938
18120,512,293208,572.671875
18121,512,287000,560.546875
18122,512,281041,548.908203
18123,512,309458,604.410156
18124,512,295709,577.556641
18125,512,308083,601.724609
18126,512,300667,587.240234
18127,512,291791,569.904297
18128,512,279667,546.224609
18129,512,271000,529.296875
18130,512,264000,515.625000
18131,512,278416,543.781250
18132,512,271125,529.541016
18133,512,267209,521.892578
18134,512,269625,526.611328
18135,512,264291,516.193359
18136,512,260542,508.871094
18137,512,273208,533.609375
18138,512,285916,558.429688
18139,512,272542,532.308594
18140,512,269041,525.470703
18141,512,281167,549.154297
18142,512,297416,580.890625
18143,512,282750,552.246094
18144,512,285792,558.187500
18145,512,280667,548.177734
18146,512,282333,551.431641
18147,512,287917,562.337891
18148,512,292666,571.613281
18149,512,302875,591.552734
18150,512,329625,643.798828
18151,512,317958,621.011719
18152,512,323708,632.242188
18153,512,361000,705.078125
18154,512,455333,889.322266
18155,512,381292,744.710938
18156,512,342500,668.945312
18157,512,360875,704.833984
18158,512,423333,826.822266
18159,512,528417,1032.064453
18160,512,457750,894.042969
18161,512,376791,735.919922
18162,512,425125,830.322266
18163,512,493334,963.542969
18164,512,555959,1085.857422
18165,512,444500,868.164062
18166,512,296916,579.914062
18167,512,320042,625.082031
18168,512,306208,598.062500
18169,512,312667,610.677734
18170,512,318500,622.070312
18171,512,318792,622.640625
18172,512,299917,585.775391
18173,512,308125,601.806641
18174,512,321625,628.173828
18175,512,347834,679.363281
18176,512,348250,680.175781
18177,512,314208,613.687500
18178,512,277500,541.992188
18179,512,294417,575.033203
18180,512,277250,541.503906
18181,512,564417,1102.376953
18182,512,554416,1082.843750
18183,512,536917,1048.666016
18184,512,484208,945.718750
18185,512,480583,938.638672
18186,512,480667,938.802734
18187,512,467000,912.109375
18188,512,422791,825.763672
18189,512,444459,868.083984
18190,512,432625,844.970703
18191,512,438625,856.689453
18192,512,472125,922.119141
18193,512,511542,999.105469
18194,512,521291,1018.146484
18195,512,559708,1093.179688
18196,512,719833,1405.923828
18197,512,627000,1224.609375
18198,512,276375,539.794922
18199,512,270250,527.832031
18200,512,264292,516.195312
18201,512,266250,520.019531
18202,512,258166,504.230469
18203,512,470500,918.945312
18204,512,534792,1044.515625
18205,512,512917,1001.791016
18206,512,472916,923.664062
18207,512,478500,934.570312
18208,512,474208,926.187500
18209,512,450375,879.638672
18210,512,461334,901.042969
18211,512,478417,934.408203
18212,512,481250,939.941406
18213,512,463916,906.085938
18214,512,458750,895.996094
18215,512,475750,929.199219
18216,512,492334,961.589844
18217,512,444125,867.431641
18218,512,406958,794.839844
18219,512,409208,799.234375
18220,512,386625,755.126953
18221,512,390708,763.101562
18222,512,407667,796.224609
18223,512,384750,751.464844
18224,512,384083,750.162109
18225,512,387792,757.406250
18226,512,383958,749.917969
18227,512,365625,714.111328
18228,512,364708,712.320312
18229,512,371209,725.017578
18230,512,389583,760.904297
18231,512,393583,768.716797
18232,512,397084,775.554688
18233,512,370958,724.527344
18234,512,347208,678.140625
18235,512,370458,723.550781
18236,512,407125,795.166016
18237,512,422125,824.462891
18238,512,423791,827.716797
18239,512,382542,747.152344
18240,512,367375,717.529297
18241,512,360916,704.914062
18242,512,352459,688.396484
18243,512,356000,695.312500
18244,512,349666,682.941406
18245,512,332958,650.308594
18246,512,359833,702.798828
18247,512,341542,667.074219
18248,512,344333,672.525391
18249,512,347583,678.873047
18250,512,336333,656.900391
18251,512,339875,663.818359
18252,512,346917,677.572266
18253,512,333583,651.529297
18254,512,326041,636.798828
18255,512,349125,681.884766
18256,512,370167,722.982422
18257,512,343708,671.304688
18258,512,340125,664.306641
18259,512,392125,765.869141
18260,512,406958,794.839844
18261,512,399417,780.111328
18262,512,379167,740.560547
18263,512,348166,680.011719
18264,512,335417,655.111328
18265,512,350875,685.302734
18266,512,340917,665.853516
18267,512,334458,653.238281
18268,512,311625,608.642578
18269,512,328875,642.333984
18270,512,315084,615.398438
18271,512,304417,594.564453
18272,512,312833,611.001953
18273,512,298375,582.763672
18274,512,296292,578.695312
18275,512,305083,595.865234
18276,512,316083,617.349609
18277,512,302167,590.169922
18278,512,302667,591.146484
18279,512,307750,601.074219
18280,512,354666,692.707031
18281,512,354750,692.871094
18282,512,337750,659.667969
18283,512,335042,654.378906
18284,512,393666,768.878906
18285,512,387375,756.591797
18286,512,390292,762.289062
18287,512,362958,708.902344
18288,512,331917,648.275391
18289,512,334166,652.667969
18290,512,338500,661.132812
18291,512,343250,670.410156
18292,512,327333,639.322266
18293,512,347417,678.548828
18294,512,333125,650.634766
18295,512,347208,678.140625
18296,512,325708,636.148438
18297,512,336125,656.494141
18298,512,318750,622.558594
18299,512,327041,638.751953
18300,512,347417,678.548828
18301,512,353916,691.242188
18302,512,348458,680.582031
18303,512,355500,694.335938
18304,512,334166,652.667969
18305,512,336500,657.226562
18306,512,326375,637.451172
18307,512,314667,614.583984
18308,512,404666,790.363281
18309,512,372875,728.271484
18310,512,417875,816.162109
18311,512,378125,738.525391
18312,512,338084,660.320312
18313,512,332166,648.761719
18314,512,318709,622.478516
18315,512,327500,639.648438
18316,512,317208,619.546875
18317,512,330542,645.589844
18318,512,329292,643.148438
18319,512,321250,627.441406
18320,512,320042,625.082031
18321,512,315458,616.128906
18322,512,317292,619.710938
18323,512,317959,621.013672
18324,512,316083,617.349609
18325,512,295958,578.042969
18326,512,303917,593.587891
18327,512,315708,616.617188
18328,512,309416,604.328125
18329,512,320250,625.488281
18330,512,320375,625.732422
18331,512,313334,611.980469
18332,512,304875,595.458984
18333,512,355042,693.441406
18334,512,374125,730.712891
18335,512,400209,781.658203
18336,512,341458,666.910156
18337,512,344125,672.119141
18338,512,321584,628.093750
18339,512,296500,579.101562
18340,512,320625,626.220703
18341,512,336208,656.656250
18342,512,321458,627.847656
18343,512,309875,605.224609
18344,512,316750,618.652344
18345,512,311334,608.074219
18346,512,311250,607.910156
18347,512,304125,593.994141
18348,512,306750,599.121094
18349,512,307166,599.933594
18350,512,312167,609.701172
18351,512,316458,618.082031
18352,512,324500,633.789062
18353,512,301666,589.191406
18354,512,295292,576.742188
18355,512,305167,596.029297
18356,512,352500,688.476562
18357,512,332584,649.578125
18358,512,298500,583.007812
18359,512,386292,754.476562
18360,512,355833,694.986328
18361,512,375459,733.318359
18362,512,371500,725.585938
18363,512,326334,637.371094
18364,512,331416,647.296875
18365,512,335834,655.925781
18366,512,325208,635.171875
18367,512,306375,598.388672
18368,512,327667,639.974609
18369,512,327792,640.218750
18370,512,310417,606.283203
18371,512,313375,612.060547
18372,512,317708,620.523438
18373,512,323000,630.859375
18374,512,323417,631.673828
18375,512,299667,585.287109
18376,512,298083,582.193359
18377,512,310375,606.201172
18378,512,317625,620.361328
18379,512,293125,572.509766
18380,512,317875,620.849609
18381,512,305416,596.515625
18382,512,335459,655.193359
18383,512,313250,611.816406
18384,512,364292,711.507812
18385,512,361583,706.216797
18386,512,363542,710.042969
18387,512,363916,710.773438
18388,512,313000,611.328125
18389,512,325459,635.662109
18390,512,303125,592.041016
18391,512,307875,601.318359
18392,512,314750,614.746094
18393,512,310834,607.097656
18394,512,313208,611.734375
18395,512,293208,572.671875
18396,512,294500,575.195312
18397,512,309542,604.574219
18398,512,307500,600.585938
18399,512,284708,556.070312
18400,512,289375,565.185547
18401,512,265041,517.658203
18402,512,334334,652.996094
18403,512,286000,558.593750
18404,512,296875,579.833984
18405,512,308916,603.351562
18406,512,341958,667.886719
18407,512,329708,643.960938
18408,512,365875,714.599609
18409,512,363625,710.205078
18410,512,387125,756.103516
18411,512,385667,753.255859
18412,512,401167,783.529297
18413,512,372875,728.271484
18414,512,348125,679.931641
18415,512,352000,687.500000
18416,512,338916,661.945312
18417,512,335292,654.867188
18418,512,325250,635.253906
18419,512,335917,656.087891
18420,512,345208,674.234375
18421,512,320083,625.162109
18422,512,321041,627.033203
18423,512,316583,618.326172
18424,512,301875,589.599609
18425,512,322625,630.126953
18426,512,325375,635.498047
18427,512,329958,644.449219
18428,512,323459,631.755859
18429,512,347041,677.814453
18430,512,348959,681.560547
18431,512,358542,700.277344
18432,512,358583,700.357422
18433,512,367292,717.367188
18434,512,345625,675.048828
18435,512,408625,798.095703
18436,512,413833,808.267578
18437,512,427042,834.066406
18438,512,379875,741.943359
18439,512,330584,645.671875
18440,512,307417,600.423828
18441,512,317458,620.035156
18442,512,335667,655.599609
18443,512,302000,589.843750
18444,512,307833,601.236328
18445,512,310750,606.933594
18446,512,306750,599.121094
18447,512,307125,599.853516
18448,512,299250,584.472656
18449,512,275625,538.330078
18450,512,292083,570.474609
18451,512,305834,597.332031
18452,512,287458,561.441406
18453,512,304250,594.238281
18454,512,289292,565.023438
18455,512,305708,597.085938
18456,512,324875,634.521484
18457,512,341375,666.748047
18458,512,328000,640.625000
18459,512,324750,634.277344
18460,512,384042,750.082031
18461,512,471667,921.224609
18462,512,321000,626.953125
18463,512,323208,631.265625
18464,512,339917,663.900391
18465,512,341792,667.562500
18466,512,342917,669.759766
18467,512,506916,990.070312
18468,512,447334,873.699219
18469,512,471042,920.003906
18470,512,650750,1270.996094
18471,512,441166,861.652344
18472,512,398625,778.564453
18473,512,475500,928.710938
18474,512,468875,915.771484
18475,512,424167,828.451172
18476,512,482625,942.626953
18477,512,486000,949.218750
18478,512,436500,852.539062
18479,512,451375,881.591797
18480,512,500042,976.644531
18481,512,476458,930.582031
18482,512,440125,859.619141
18483,512,395208,771.890625
18484,512,359875,702.880859
18485,512,380666,743.488281
18486,512,382459,746.990234
18487,512,400041,781.330078
18488,512,371625,725.830078
18489,512,352958,689.371094
18490,512,353584,690.593750
18491,512,365167,713.216797
18492,512,342916,669.757812
18493,512,332917,650.228516
18494,512,357083,697.427734
18495,512,339042,662.191406
18496,512,388541,758.869141
18497,512,383375,748.779297
18498,512,372667,727.865234
18499,512,360000,703.125000
18500,512,354208,691.812500
18501,512,403791,788.654297
18502,512,438208,855.875000
18503,512,422209,824.626953
18504,512,391333,764.322266
18505,512,369750,722.167969
18506,512,367458,717.691406
18507,512,364542,711.996094
18508,512,343875,671.630859
18509,512,362833,708.658203
18510,512,355333,694.009766
18511,512,340917,665.853516
18512,512,339625,663.330078
18513,512,350833,685.220703
18514,512,328417,641.439453
18515,512,318125,621.337891
18516,512,325250,635.253906
18517,512,347125,677.978516
18518,512,352208,687.906250
18519,512,388875,759.521484
18520,512,363000,708.984375
18521,512,363416,709.796875
18522,512,362917,708.822266
18523,512,342667,669.271484
18524,512,377500,737.304688
18525,512,439333,858.072266
18526,512,424250,828.613281
18527,512,408291,797.443359
18528,512,371709,725.994141
18529,512,367583,717.935547
18530,512,375625,733.642578
18531,512,389500,760.742188
18532,512,387458,756.753906
18533,512,363083,709.146484
18534,512,377959,738.201172
18535,512,398166,777.667969
18536,512,403042,787.191406
18537,512,451458,881.753906
18538,512,428250,836.425781
18539,512,394917,771.322266
18540,512,412875,806.396484
18541,512,407959,796.794922
18542,512,439041,857.501953
18543,512,421459,823.162109
18544,512,416416,813.312500
18545,512,458209,894.939453
18546,512,415666,811.847656
18547,512,386834,755.535156
18548,512,395333,772.134766
18549,512,359167,701.498047
18550,512,339084,662.273438
18551,512,355791,694.904297
18552,512,356167,695.638672
18553,512,348458,680.582031
18554,512,311375,608.154297
18555,512,320500,625.976562
18556,512,352166,687.824219
18557,512,311084,607.585938
18558,512,327333,639.322266
18559,512,320542,626.058594
18560,512,325833,636.392578
18561,512,321958,628.824219
18562,512,339500,663.085938
18563,512,315125,615.478516
18564,512,321667,628.255859
18565,512,333291,650.958984
18566,512,347959,679.607422
18567,512,384541,751.056641
18568,512,346917,677.572266
18569,512,351833,687.173828
18570,512,373167,728.841797
18571,512,359959,703.044922
18572,512,346750,677.246094
18573,512,327333,639.322266
18574,512,332125,648.681641
18575,512,326625,637.939453
18576,512,381792,745.687500
18577,512,323834,632.488281
18578,512,347958,679.605469
18579,512,344875,673.583984
18580,512,344333,672.525391
18581,512,336709,657.634766
18582,512,326417,637.533203
18583,512,333625,651.611328
18584,512,345375,674.560547
18585,512,345917,675.619141
18586,512,338250,660.644531
18587,512,323583,631.998047
18588,512,356333,695.962891
18589,512,359083,701.333984
18590,512,400917,783.041016
18591,512,372917,728.353516
18592,512,368458,719.644531
18593,512,382792,747.640625
18594,512,353875,691.162109
18595,512,346916,677.570312
18596,512,351292,686.117188
18597,512,360458,704.019531
18598,512,342917,669.759766
18599,512,359375,701.904297
18600,512,330125,644.775391
18601,512,353041,689.533203
18602,512,350250,684.082031
18603,512,350000,683.593750
18604,512,352834,689.128906
18605,512,347500,678.710938
18606,512,351959,687.419922
18607,512,362708,708.414062
18608,512,356917,697.103516
18609,512,387958,757.730469
18610,512,406667,794.271484
18611,512,387459,756.755859
18612,512,384083,750.162109
18613,512,359958,703.042969
18614,512,334250,652.832031
18615,512,325459,635.662109
18616,512,314250,613.769531
18617,512,309541,604.572266
18618,512,342375,668.701172
18619,512,314000,613.281250
18620,512,295667,577.474609
18621,512,310625,606.689453
18622,512,303250,592.285156
18623,512,303333,592.447266
18624,512,324833,634.439453
18625,512,304500,594.726562
18626,512,334334,652.996094
18627,512,311208,607.828125
18628,512,304291,594.318359
18629,512,319042,623.128906
18630,512,295834,577.800781
18631,512,300625,587.158203
18632,512,291708,569.742188
18633,512,307000,599.609375
18634,512,307166,599.933594
18635,512,314667,614.583984
18636,512,307083,599.771484
18637,512,311542,608.480469
18638,512,316875,618.896484
18639,512,334042,652.425781
18640,512,376208,734.781250
18641,512,361333,705.728516
18642,512,329459,643.474609
18643,512,336667,657.552734
18644,512,343292,670.492188
18645,512,359000,701.171875
18646,512,370208,723.062500
18647,512,321042,627.035156
18648,512,379167,740.560547
18649,512,337750,659.667969
18650,512,320709,626.384766
18651,512,319208,623.453125
18652,512,337875,659.912109
18653,512,328708,642.007812
18654,512,333375,651.123047
18655,512,323125,631.103516
18656,512,333333,651.041016
18657,512,345417,674.642578
18658,512,317625,620.361328
18659,512,320416,625.812500
18660,512,324875,634.521484
18661,512,303167,592.123047
18662,512,297792,581.625000
18663,512,368750,720.214844
18664,512,369209,721.111328
18665,512,349959,683.513672
18666,512,370625,723.876953
18667,512,334584,653.484375
18668,512,362042,707.113281
18669,512,361375,705.810547
18670,512,336166,656.574219
18671,512,355833,694.986328
18672,512,364625,712.158203
18673,512,302167,590.169922
18674,512,298500,583.007812
18675,512,290542,567.464844
18676,512,299959,585.857422
18677,512,307250,600.097656
18678,512,308334,602.214844
18679,512,295125,576.416016
18680,512,298959,583.904297
18681,512,285041,556.720703
18682,512,296709,579.509766
18683,512,295500,577.148438
18684,512,312000,609.375000
18685,512,310875,607.177734
18686,512,305291,596.271484
18687,512,324542,633.871094
18688,512,359542,702.230469
18689,512,362208,707.437500
18690,512,374958,732.339844
18691,512,387666,757.160156
18692,512,383500,749.023438
18693,512,365375,713.623047
18694,512,373666,729.816406
18695,512,352208,687.906250
18696,512,342000,667.968750
18697,512,338792,661.703125
18698,512,375833,734.048828
18699,512,356666,696.613281
18700,512,344417,672.689453
18701,512,337417,659.017578
18702,512,349166,681.964844
18703,512,329834,644.207031
18704,512,337917,659.994141
18705,512,347167,678.060547
18706,512,327750,640.136719
18707,512,363666,710.285156
18708,512,347083,677.896484
18709,512,360917,704.916016
18710,512,379458,741.128906
18711,512,373167,728.841797
18712,512,350167,683.919922
18713,512,363708,710.367188
18714,512,380209,742.595703
18715,512,301791,589.435547
18716,512,308459,602.458984
18717,512,302875,591.552734
18718,512,327875,640.380859
18719,512,323625,632.080078
18720,512,299000,583.984375
18721,512,313166,611.652344
18722,512,325959,636.638672
18723,512,313416,612.140625
18724,512,297125,580.322266
18725,512,305875,597.412109
18726,512,306000,597.656250
18727,512,310666,606.769531
18728,512,306917,599.447266
18729,512,291833,569.986328
18730,512,291250,568.847656
18731,512,297917,581.869141
18732,512,300500,586.914062
18733,512,293458,573.160156
18734,512,298958,583.902344
18735,512,290042,566.488281
18736,512,298916,583.820312
18737,512,297917,581.869141
18738,512,296500,579.101562
18739,512,346125,676.025391
18740,512,360000,703.125000
18741,512,325916,636.554688
18742,512,328500,641.601562
18743,512,302542,590.902344
18744,512,306083,597.818359
18745,512,322416,629.718750
18746,512,312875,611.083984
18747,512,302500,590.820312
18748,512,309375,604.248047
18749,512,314500,614.257812
18750,512,312583,610.513672
18751,512,314250,613.769531
18752,512,313834,612.957031
18753,512,325084,634.929688
18754,512,315333,615.884766
18755,512,305208,596.109375
18756,512,302875,591.552734
18757,512,288375,563.232422
18758,512,308708,602.945312
18759,512,307417,600.423828
18760,512,288166,562.824219
18761,512,292750,571.777344
18762,512,291917,570.150391
18763,512,298750,583.496094
18764,512,303041,591.876953
18765,512,300625,587.158203
18766,512,328458,641.519531
18767,512,331083,646.646484
18768,512,338375,660.888672
18769,512,327500,639.648438
18770,512,340750,665.527344
18771,512,320292,625.570312
18772,512,333208,650.796875
18773,512,324958,634.683594
18774,512,339458,663.003906
18775,512,336000,656.250000
18776,512,353667,690.755859
18777,512,332084,648.601562
18778,512,327792,640.218750
18779,512,329500,643.554688
18780,512,333875,652.099609
18781,512,344500,672.851562
18782,512,357291,697.833984
18783,512,316000,617.187500
18784,512,310334,606.121094
18785,512,301542,588.949219
18786,512,306375,598.388672
18787,512,325916,636.554688
18788,512,347500,678.710938
18789,512,312167,609.701172
18790,512,315708,616.617188
18791,512,289792,566.000000
18792,512,299583,585.123047
18793,512,315542,616.292969
18794,512,299708,585.367188
18795,512,315167,615.560547
18796,512,330000,644.531250
18797,512,319292,623.617188
18798,512,323583,631.998047
18799,512,296791,579.669922
18800,512,298458,582.925781
18801,512,304667,595.052734
18802,512,294958,576.089844
18803,512,300042,586.019531
18804,512,330416,645.343750
18805,512,302792,591.390625
18806,512,308042,601.644531
18807,512,310958,607.339844
18808,512,314709,614.666016
18809,512,304458,594.644531
18810,512,311708,608.804688
18811,512,321959,628.826172
18812,512,320750,626.464844
18813,512,334875,654.052734
18814,512,333208,650.796875
18815,512,323666,632.160156
18816,512,297084,580.242188
18817,512,329041,642.658203
18818,512,316709,618.572266
18819,512,316167,617.513672
18820,512,322708,630.289062
18821,512,320292,625.570312
18822,512,456583,891.763672
18823,512,425500,831.054688
18824,512,433792,847.250000
18825,512,326666,638.019531
18826,512,287834,562.175781
18827,512,278542,544.027344
18828,512,268958,525.308594
18829,512,267334,522.136719
18830,512,268875,525.146484
18831,512,270125,527.587891
18832,512,271541,530.353516
18833,512,263459,514.568359
18834,512,282916,552.570312
18835,512,377542,737.386719
18836,512,331750,647.949219
18837,512,327125,638.916016
18838,512,326041,636.798828
18839,512,334500,653.320312
18840,512,366417,715.658203
18841,512,398542,778.402344
18842,512,366208,715.250000
18843,512,377417,737.142578
18844,512,366000,714.843750
18845,512,295000,576.171875
18846,512,283666,554.035156
18847,512,284500,555.664062
18848,512,296250,578.613281
18849,512,340750,665.527344
18850,512,315625,616.455078
18851,512,309041,603.595703
18852,512,452625,884.033203
18853,512,714042,1394.613281
18854,512,638791,1247.638672
18855,512,546375,1067.138672
18856,512,642584,1255.046875
18857,512,531875,1038.818359
18858,512,497125,970.947266
18859,512,499750,976.074219
18860,512,520083,1015.787109
18861,512,560375,1094.482422
18862,512,487667,952.474609
18863,512,488708,954.507812
18864,512,566584,1106.609375
18865,512,572375,1117.919922
18866,512,570250,1113.769531
18867,512,484375,946.044922
18868,512,486042,949.300781
18869,512,471083,920.083984
18870,512,449709,878.337891
18871,512,466084,910.320312
18872,512,458750,895.996094
18873,512,463459,905.193359
18874,512,433375,846.435547
18875,512,430167,840.169922
18876,512,491833,960.611328
18877,512,428208,836.343750
18878,512,437834,855.144531
18879,512,435542,850.667969
18880,512,464917,908.041016
18881,512,448250,875.488281
18882,512,460709,899.822266
18883,512,456375,891.357422
18884,512,471250,920.410156
18885,512,404750,790.527344
18886,512,411875,804.443359
18887,512,400042,781.332031
18888,512,386208,754.312500
18889,512,375542,733.480469
18890,512,395167,771.810547
18891,512,371875,726.318359
18892,512,371333,725.259766
18893,512,349750,683.105469
18894,512,366583,715.982422
18895,512,344875,673.583984
18896,512,326500,637.695312
18897,512,324583,633.951172
18898,512,316792,618.734375
18899,512,339708,663.492188
18900,512,362875,708.740234
18901,512,338125,660.400391
18902,512,378625,739.501953
18903,512,340708,665.445312
18904,512,391667,764.974609
18905,512,376208,734.781250
18906,512,399417,780.111328
18907,512,394666,770.832031
18908,512,358625,700.439453
18909,512,327459,639.568359
18910,512,351834,687.175781
18911,512,360125,703.369141
18912,512,331083,646.646484
18913,512,333666,651.691406
18914,512,345958,675.699219
18915,512,306750,599.121094
18916,512,307334,600.261719
18917,512,326875,638.427734
18918,512,318709,622.478516
18919,512,315834,616.863281
18920,512,308709,602.947266
18921,512,315667,616.537109
18922,512,333958,652.261719
18923,512,314833,614.908203
18924,512,352459,688.396484
18925,512,357417,698.080078
18926,512,335292,654.867188
18927,512,325833,636.392578
18928,512,338667,661.458984
18929,512,397250,775.878906
18930,512,402792,786.703125
18931,512,392291,766.193359
18932,512,352709,688.884766
18933,512,341833,667.642578
18934,512,335666,655.597656
18935,512,331500,647.460938
18936,512,319084,623.210938
18937,512,332916,650.226562
18938,512,316917,618.978516
18939,512,329416,643.390625
18940,512,315250,615.722656
18941,512,279709,546.306641
18942,512,294500,575.195312
18943,512,317791,620.685547
18944,512,310167,605.794922
18945,512,308584,602.703125
18946,512,310000,605.468750
18947,512,302375,590.576172
18948,512,283875,554.443359
18949,512,294791,575.763672
18950,512,310084,605.632812
18951,512,312834,611.003906
18952,512,323250,631.347656
18953,512,313292,611.898438
18954,512,362167,707.357422
18955,512,379084,740.398438
18956,512,475584,928.875000
18957,512,385041,752.033203
18958,512,363584,710.125000
18959,512,351875,687.255859
18960,512,375583,733.560547
18961,512,359167,701.498047
18962,512,353041,689.533203
18963,512,359250,701.660156
18964,512,377416,737.140625
18965,512,379584,741.375000
18966,512,375750,733.886719
18967,512,397833,777.017578
18968,512,369333,721.353516
18969,512,382334,746.746094
18970,512,382833,747.720703
18971,512,421375,822.998047
18972,512,429333,838.541016
18973,512,460125,898.681641
18974,512,430459,840.740234
18975,512,488208,953.531250
18976,512,513000,1001.953125
18977,512,497417,971.517578
18978,512,438917,857.259766
18979,512,390958,763.589844
18980,512,395667,772.787109
18981,512,395583,772.623047
18982,512,413083,806.802734
18983,512,393917,769.369141
18984,512,410500,801.757812
18985,512,419167,818.685547
18986,512,419291,818.927734
18987,512,423583,827.310547
18988,512,458042,894.613281
18989,512,430208,840.250000
18990,512,490958,958.902344
18991,512,432167,844.076172
18992,512,365959,714.763672
18993,512,352166,687.824219
18994,512,318625,622.314453
18995,512,359917,702.962891
18996,512,358791,700.763672
18997,512,384000,750.000000
18998,512,378750,739.746094
18999,512,357667,698.568359
19000,512,337750,659.667969
19001,512,325375,635.498047
19002,512,325208,635.171875
19003,512,321542,628.011719
19004,512,323292,631.429688
19005,512,329833,644.205078
19006,512,334667,653.646484
19007,512,336000,656.250000
19008,512,347416,678.546875
19009,512,322667,630.208984
19010,512,341958,667.886719
19011,512,333000,650.390625
19012,512,349542,682.699219
19013,512,356083,695.474609
19014,512,371709,725.994141
19015,512,363958,710.855469
19016,512,341958,667.886719
19017,512,353667,690.755859
19018,512,312167,609.701172
19019,512,347250,678.222656
19020,512,389208,760.171875
19021,512,400500,782.226562
19022,512,410209,801.189453
19023,512,380000,742.187500
19024,512,349875,683.349609
19025,512,332666,649.738281
19026,512,340250,664.550781
19027,512,321042,627.035156
19028,512,334500,653.320312
19029,512,328667,641.927734
19030,512,322791,630.451172
19031,512,320834,626.628906
19032,512,341208,666.421875
19033,512,333833,652.017578
19034,512,332333,649.087891
19035,512,308833,603.189453
19036,512,343000,669.921875
19037,512,386084,754.070312
19038,512,367875,718.505859
19039,512,331750,647.949219
19040,512,343834,671.550781
19041,512,339084,662.273438
19042,512,305958,597.574219
19043,512,350667,684.896484
19044,512,397125,775.634766
19045,512,387834,757.488281
19046,512,395708,772.867188
19047,512,334417,653.158203
19048,512,341583,667.154297
19049,512,321166,627.277344
19050,512,331500,647.460938
19051,512,343000,669.921875
19052,512,332375,649.169922
19053,512,317542,620.199219
19054,512,334292,652.914062
19055,512,296416,578.937500
19056,512,307208,600.015625
19057,512,317375,619.873047
19058,512,306542,598.714844
19059,512,312667,610.677734
19060,512,312791,610.919922
19061,512,302625,591.064453
19062,512,292500,571.289062
19063,512,324708,634.195312
19064,512,301084,588.054688
19065,512,310709,606.853516
19066,512,343125,670.166016
19067,512,338375,660.888672
19068,512,322875,630.615234
19069,512,376042,734.457031
19070,512,378708,739.664062
19071,512,388708,759.195312
19072,512,336417,657.064453
19073,512,345167,674.154297
19074,512,312250,609.863281
19075,512,326542,637.777344
19076,512,314416,614.093750
19077,512,310417,606.283203
19078,512,323333,631.509766
19079,512,332333,649.087891
19080,512,312167,609.701172
19081,512,313583,612.466797
19082,512,312041,609.455078
19083,512,299417,584.798828
19084,512,304000,593.750000
19085,512,299000,583.984375
19086,512,295750,577.636719
19087,512,312250,609.863281
19088,512,283833,554.361328
19089,512,302709,591.228516
19090,512,306042,597.738281
19091,512,332375,649.169922
19092,512,318416,621.906250
19093,512,347292,678.304688
19094,512,333000,650.390625
19095,512,358000,699.218750
19096,512,388250,758.300781
19097,512,378792,739.828125
19098,512,353125,689.697266
19099,512,328125,640.869141
19100,512,330209,644.939453
19101,512,341625,667.236328
19102,512,330875,646.240234
19103,512,305166,596.027344
19104,512,317875,620.849609
19105,512,336334,656.902344
19106,512,320333,625.650391
19107,512,336583,657.388672
19108,512,324250,633.300781
19109,512,312167,609.701172
19110,512,334166,652.667969
19111,512,332209,648.845703
19112,512,337458,659.097656
19113,512,312333,610.025391
19114,512,333292,650.960938
19115,512,368583,719.888672
19116,512,357625,698.486328
19117,512,368542,719.808594
19118,512,323292,631.429688
19119,512,366958,716.714844
19120,512,395167,771.810547
19121,512,403542,788.167969
19122,512,348459,680.583984
19123,512,348458,680.582031
19124,512,323667,632.162109
19125,512,338584,661.296875
19126,512,313791,612.873047
19127,512,327875,640.380859
19128,512,319584,624.187500
19129,512,335417,655.111328
19130,512,327917,640.462891
19131,512,308041,601.642578
19132,512,308500,602.539062
19133,512,290333,567.056641
19134,512,292459,571.208984
19135,512,294666,575.519531
19136,512,288584,563.640625
19137,512,287416,561.359375
19138,512,292750,571.777344
19139,512,321833,628.580078
19140,512,332792,649.984375
19141,512,340500,665.039062
19142,512,334166,652.667969
19143,512,311917,609.212891
19144,512,329125,642.822266
19145,512,305416,596.515625
19146,512,319792,624.593750
19147,512,356875,697.021484
19148,512,309250,604.003906
19149,512,326584,637.859375
19150,512,372416,727.375000
19151,512,375417,733.236328
19152,512,337166,658.527344
19153,512,334000,652.343750
19154,512,316250,617.675781
19155,512,314084,613.445312
19156,512,341375,666.748047
19157,512,309042,603.597656
19158,512,300292,586.507812
19159,512,300167,586.263672
19160,512,308417,602.376953
19161,512,301708,589.273438
19162,512,291875,570.068359
19163,512,292583,571.451172
19164,512,294667,575.521484
19165,512,289500,565.429688
19166,512,311042,607.503906
19167,512,298625,583.251953
19168,512,334250,652.832031
19169,512,317708,620.523438
19170,512,318958,622.964844
19171,512,292209,570.720703
19172,512,324666,634.113281
19173,512,322167,629.232422
19174,512,302125,590.087891
19175,512,324000,632.812500
19176,512,311458,608.316406
19177,512,313792,612.875000
19178,512,304291,594.318359
19179,512,308334,602.214844
19180,512,332709,649.822266
19181,512,321084,627.117188
19182,512,300709,587.322266
19183,512,323916,632.648438
19184,512,319792,624.593750
19185,512,325333,635.416016
19186,512,329125,642.822266
19187,512,318250,621.582031
19188,512,336791,657.794922
19189,512,326584,637.859375
19190,512,298875,583.740234
19191,512,361625,706.298828
19192,512,332459,649.333984
19193,512,302125,590.087891
19194,512,333292,650.960938
19195,512,311208,607.828125
19196,512,323542,631.917969
19197,512,307000,599.609375
19198,512,316125,617.431641
19199,512,317333,619.791016
19200,512,299875,585.693359
19201,512,294583,575.357422
19202,512,298875,583.740234
19203,512,299833,585.611328
19204,512,297708,581.460938
19205,512,295167,576.498047
19206,512,310625,606.689453
19207,512,286625,559.814453
19208,512,294542,575.277344
19209,512,283666,554.035156
19210,512,306834,599.285156
19211,512,297625,581.298828
19212,512,293542,573.324219
19213,512,283166,553.058594
19214,512,305917,597.494141
19215,512,317083,619.302734
19216,512,323042,630.941406
19217,512,325125,635.009766
19218,512,310958,607.339844
19219,512,309167,603.841797
19220,512,339208,662.515625
19221,512,350875,685.302734
19222,512,397917,777.181641
19223,512,359583,702.310547
19224,512,321292,627.523438
19225,512,317708,620.523438
19226,512,315375,615.966797
19227,512,316458,618.082031
19228,512,314417,614.095703
19229,512,310750,606.933594
19230,512,330208,644.937500
19231,512,326041,636.798828
19232,512,298459,582.927734
19233,512,309667,604.818359
19234,512,311792,608.968750
19235,512,312209,609.783203
19236,512,289166,564.777344
19237,512,295375,576.904297
19238,512,282625,552.001953
19239,512,264916,517.414062
19240,512,277583,542.154297
19241,512,279542,545.980469
19242,512,274542,536.214844
19243,512,269709,526.775391
19244,512,331500,647.460938
19245,512,289584,565.593750
19246,512,328208,641.031250
19247,512,323708,632.242188
19248,512,359750,702.636719
19249,512,387458,756.753906
19250,512,330500,645.507812
19251,512,341917,667.806641
19252,512,333208,650.796875
19253,512,316000,617.187500
19254,512,306166,597.980469
19255,512,373584,729.656250
19256,512,358333,699.869141
19257,512,324625,634.033203
19258,512,314791,614.826172
19259,512,295834,577.800781
19260,512,284833,556.314453
19261,512,299417,584.798828
19262,512,287041,560.626953
19263,512,290500,567.382812
19264,512,304542,594.808594
19265,512,290041,566.486328
19266,512,303292,592.367188
19267,512,294791,575.763672
19268,512,310750,606.933594
19269,512,298250,582.519531
19270,512,291416,569.171875
19271,512,280000,546.875000
19272,512,284334,555.339844
19273,512,301583,589.029297
19274,512,306625,598.876953
19275,512,341500,666.992188
19276,512,340083,664.224609
19277,512,339833,663.736328
19278,512,321459,627.849609
19279,512,314334,613.933594
19280,512,318000,621.093750
19281,512,313041,611.408203
19282,512,310625,606.689453
19283,512,291417,569.173828
19284,512,309708,604.898438
19285,512,317958,621.011719
19286,512,298333,582.681641
19287,512,325333,635.416016
19288,512,306709,599.041016
19289,512,312000,609.375000
19290,512,303292,592.367188
19291,512,307417,600.423828
19292,512,314584,614.421875
19293,512,318166,621.417969
19294,512,304125,593.994141
19295,512,308083,601.724609
19296,512,302542,590.902344
19297,512,300833,587.564453
19298,512,315375,615.966797
19299,512,284834,556.316406
19300,512,318959,622.966797
19301,512,335875,656.005859
19302,512,345417,674.642578
19303,512,342500,668.945312
19304,512,313541,612.384766
19305,512,326375,637.451172
19306,512,362584,708.171875
19307,512,330166,644.855469
19308,512,314209,613.689453
19309,512,310208,605.875000
19310,512,318958,622.964844
19311,512,326250,637.207031
19312,512,310000,605.468750
19313,512,311958,609.292969
19314,512,325916,636.554688
19315,512,316959,619.060547
19316,512,316417,618.001953
19317,512,330208,644.937500
19318,512,263292,514.242188
19319,512,281083,548.990234
19320,512,279667,546.224609
19321,512,279000,544.921875
19322,512,292500,571.289062
19323,512,281458,549.722656
19324,512,297000,580.078125
19325,512,294625,575.439453
19326,512,350000,683.593750
19327,512,308125,601.806641
19328,512,311833,609.048828
19329,512,303500,592.773438
19330,512,317833,620.767578
19331,512,311625,608.642578
19332,512,310250,605.957031
19333,512,324667,634.115234
19334,512,312084,609.539062
19335,512,291041,568.439453
19336,512,296292,578.695312
19337,512,317334,619.792969
19338,512,362250,707.519531
19339,512,320542,626.058594
19340,512,297584,581.218750
19341,512,303250,592.285156
19342,512,314375,614.013672
19343,512,310666,606.769531
19344,512,307750,601.074219
19345,512,303000,591.796875
19346,512,298041,582.111328
19347,512,306625,598.876953
19348,512,309250,604.003906
19349,512,300709,587.322266
19350,512,295208,576.578125
19351,512,319041,623.126953
19352,512,339292,662.679688
19353,512,355625,694.580078
19354,512,358708,700.601562
19355,512,346792,677.328125
19356,512,374208,730.875000
19357,512,336458,657.144531
19358,512,368417,719.564453
19359,512,353041,689.533203
19360,512,341625,667.236328
19361,512,359958,703.042969
19362,512,368250,719.238281
19363,512,299792,585.531250
19364,512,320041,625.080078
19365,512,335917,656.087891
19366,512,351083,685.708984
19367,512,309958,605.386719
19368,512,286834,560.222656
19369,512,294666,575.519531
19370,512,287042,560.628906
19371,512,298291,582.599609
19372,512,296084,578.289062
19373,512,279416,545.734375
19374,512,298375,582.763672
19375,512,292250,570.800781
19376,512,295875,577.880859
19377,512,285709,558.025391
19378,512,294584,575.359375
19379,512,314000,613.281250
19380,512,323209,631.267578
19381,512,319000,623.046875
19382,512,333916,652.179688
19383,512,315375,615.966797
19384,512,298542,583.089844
19385,512,304375,594.482422
19386,512,319209,623.455078
19387,512,321375,627.685547
19388,512,305417,596.517578
19389,512,303417,592.611328
19390,512,325666,636.066406
19391,512,303625,593.017578
19392,512,320417,625.814453
19393,512,321666,628.253906
19394,512,334417,653.158203
19395,512,322791,630.451172
19396,512,308500,602.539062
19397,512,310167,605.794922
19398,512,296166,578.449219
19399,512,293584,573.406250
19400,512,311459,608.318359
19401,512,311541,608.478516
19402,512,304500,594.726562
19403,512,306125,597.900391
19404,512,300917,587.728516
19405,512,317250,619.628906
19406,512,362500,708.007812
19407,512,354084,691.570312
19408,512,363875,710.693359
19409,512,327083,638.833984
19410,512,332459,649.333984
19411,512,336208,656.656250
19412,512,351208,685.953125
19413,512,298000,582.031250
19414,512,313167,611.654297
19415,512,296167,578.451172
19416,512,287666,561.847656
19417,512,301917,589.681641
19418,512,297750,581.542969
19419,512,323083,631.021484
19420,512,326833,638.345703
19421,512,315875,616.943359
19422,512,337875,659.912109
19423,512,347125,677.978516
19424,512,332209,648.845703
19425,512,363666,710.285156
19426,512,365625,714.111328
19427,512,374959,732.341797
19428,512,398125,777.587891
19429,512,386167,754.232422
19430,512,371333,725.259766
19431,512,388125,758.056641
19432,512,383250,748.535156
19433,512,383792,749.593750
19434,512,364708,712.320312
19435,512,373875,730.224609
19436,512,383792,749.593750
19437,512,383417,748.861328
19438,512,337375,658.935547
19439,512,295416,576.984375
19440,512,323250,631.347656
19441,512,300917,587.728516
19442,512,280709,548.259766
19443,512,287959,562.419922
19444,512,276458,539.957031
19445,512,284416,555.500000
19446,512,282417,551.595703
19447,512,276125,539.306641
19448,512,273666,534.503906
19449,512,270875,529.052734
19450,512,271750,530.761719
19451,512,273250,533.691406
19452,512,263459,514.568359
19453,512,256333,500.650391
19454,512,275875,538.818359
19455,512,258083,504.068359
19456,512,265833,519.205078
19457,512,261917,511.556641
19458,512,278292,543.539062
19459,512,264583,516.763672
19460,512,315750,616.699219
19461,512,289583,565.591797
19462,512,271166,529.621094
19463,512,291792,569.906250
19464,512,292792,571.859375
19465,512,292041,570.392578
19466,512,276500,540.039062
19467,512,270250,527.832031
19468,512,284500,555.664062
19469,512,280000,546.875000
19470,512,277542,542.074219
19471,512,280333,547.525391
19472,512,273583,534.341797
19473,512,299167,584.310547
19474,512,285333,557.291016
19475,512,287166,560.871094
19476,512,258750,505.371094
19477,512,266583,520.669922
19478,512,264708,517.007812
19479,512,255292,498.617188
19480,512,281500,549.804688
19481,512,291833,569.986328
19482,512,282875,552.490234
19483,512,270333,527.994141
19484,512,272000,531.250000
19485,512,288709,563.884766
19486,512,282916,552.570312
19487,512,268708,524.820312
19488,512,305125,595.947266
19489,512,336209,656.658203
19490,512,339208,662.515625
19491,512,328250,641.113281
19492,512,302208,590.250000
19493,512,321209,627.361328
19494,512,323166,631.183594
19495,512,307000,599.609375
19496,512,288834,564.128906
19497,512,283750,554.199219
19498,512,301292,588.460938
19499,512,298333,582.681641
19500,512,285584,557.781250
19501,512,274166,535.480469
19502,512,291417,569.173828
19503,512,304792,595.296875
19504,512,293458,573.160156
19505,512,304458,594.644531
19506,512,301875,589.599609
19507,512,281958,550.699219
19508,512,286792,560.140625
19509,512,317917,620.931641
19510,512,316959,619.060547
19511,512,326584,637.859375
19512,512,300583,587.076172
19513,512,312291,609.943359
19514,512,287375,561.279297
19515,512,309500,604.492188
19516,512,272542,532.308594
19517,512,286250,559.082031
19518,512,275917,538.900391
19519,512,281333,549.478516
19520,512,283958,554.605469
19521,512,285208,557.046875
19522,512,291542,569.417969
19523,512,282792,552.328125
19524,512,294250,574.707031
19525,512,269833,527.017578
19526,512,273042,533.285156
19527,512,281250,549.316406
19528,512,258958,505.777344
19529,512,280542,547.933594
19530,512,263791,515.216797
19531,128,77292,603.843750
