# Phase 4 raw batch samples. batch-normalized ns/update = elapsed_ns / batch_operations (a batch average, NOT a directly
# measured single-update latency). batch_operations is the ACTUAL op count of the batch: batch_size for every row except
# the final row when updates % batch_size is nonzero (a partial batch, which is EXCLUDED from every distribution
# metric in the summary).
# impl=flat wl=C levels=1000000 updates=10000000 batch_size=512 seed=407715774446 partial_rows=1
sample_index,batch_operations,elapsed_ns,normalized_ns_per_update
0,512,3375,6.591797
1,512,3250,6.347656
2,512,3292,6.429688
3,512,3125,6.103516
4,512,3125,6.103516
5,512,3166,6.183594
6,512,3209,6.267578
7,512,3167,6.185547
8,512,3125,6.103516
9,512,3125,6.103516
10,512,3083,6.021484
11,512,3083,6.021484
12,512,3084,6.023438
13,512,3250,6.347656
14,512,3167,6.185547
15,512,3042,5.941406
16,512,3208,6.265625
17,512,3125,6.103516
18,512,3000,5.859375
19,512,3167,6.185547
20,512,3250,6.347656
21,512,3208,6.265625
22,512,3042,5.941406
23,512,3084,6.023438
24,512,3083,6.021484
25,512,3125,6.103516
26,512,3166,6.183594
27,512,3000,5.859375
28,512,3042,5.941406
29,512,3042,5.941406
30,512,3083,6.021484
31,512,3208,6.265625
32,512,3167,6.185547
33,512,3041,5.939453
34,512,3000,5.859375
35,512,3250,6.347656
36,512,3084,6.023438
37,512,3084,6.023438
38,512,3042,5.941406
39,512,3125,6.103516
40,512,3166,6.183594
41,512,3208,6.265625
42,512,3209,6.267578
43,512,3166,6.183594
44,512,3083,6.021484
45,512,3125,6.103516
46,512,3000,5.859375
47,512,3167,6.185547
48,512,3042,5.941406
49,512,3041,5.939453
50,512,3000,5.859375
51,512,3083,6.021484
52,512,3125,6.103516
53,512,3125,6.103516
54,512,3083,6.021484
55,512,3125,6.103516
56,512,3083,6.021484
57,512,3208,6.265625
58,512,3000,5.859375
59,512,3125,6.103516
60,512,3000,5.859375
61,512,3042,5.941406
62,512,3042,5.941406
63,512,3042,5.941406
64,512,3084,6.023438
65,512,3000,5.859375
66,512,3000,5.859375
67,512,3125,6.103516
68,512,3250,6.347656
69,512,3125,6.103516
70,512,3167,6.185547
71,512,3167,6.185547
72,512,3084,6.023438
73,512,3000,5.859375
74,512,3042,5.941406
75,512,3125,6.103516
76,512,3125,6.103516
77,512,3000,5.859375
78,512,3125,6.103516
79,512,3125,6.103516
80,512,3209,6.267578
81,512,3166,6.183594
82,512,3125,6.103516
83,512,3000,5.859375
84,512,3166,6.183594
85,512,3125,6.103516
86,512,3125,6.103516
87,512,3083,6.021484
88,512,3167,6.185547
89,512,3125,6.103516
90,512,3041,5.939453
91,512,3000,5.859375
92,512,3125,6.103516
93,512,3041,5.939453
94,512,3167,6.185547
95,512,3083,6.021484
96,512,3042,5.941406
97,512,3083,6.021484
98,512,3125,6.103516
99,512,2958,5.777344
100,512,3083,6.021484
101,512,3083,6.021484
102,512,3125,6.103516
103,512,3125,6.103516
104,512,3125,6.103516
105,512,3125,6.103516
106,512,3000,5.859375
107,512,3083,6.021484
108,512,3000,5.859375
109,512,3125,6.103516
110,512,3041,5.939453
111,512,3125,6.103516
112,512,3208,6.265625
113,512,3125,6.103516
114,512,3000,5.859375
115,512,3000,5.859375
116,512,3041,5.939453
117,512,3000,5.859375
118,512,3083,6.021484
119,512,3083,6.021484
120,512,3042,5.941406
121,512,3084,6.023438
122,512,3041,5.939453
123,512,3125,6.103516
124,512,3083,6.021484
125,512,3125,6.103516
126,512,3125,6.103516
127,512,3167,6.185547
128,512,3291,6.427734
129,512,3125,6.103516
130,512,3125,6.103516
131,512,3000,5.859375
132,512,3125,6.103516
133,512,3208,6.265625
134,512,3042,5.941406
135,512,2875,5.615234
136,512,3167,6.185547
137,512,3042,5.941406
138,512,3042,5.941406
139,512,3125,6.103516
140,512,3000,5.859375
141,512,3042,5.941406
142,512,3125,6.103516
143,512,2958,5.777344
144,512,3125,6.103516
145,512,3000,5.859375
146,512,3083,6.021484
147,512,3167,6.185547
148,512,3000,5.859375
149,512,3042,5.941406
150,512,3041,5.939453
151,512,3000,5.859375
152,512,3125,6.103516
153,512,3167,6.185547
154,512,3083,6.021484
155,512,3042,5.941406
156,512,3000,5.859375
157,512,3000,5.859375
158,512,3042,5.941406
159,512,3083,6.021484
160,512,3042,5.941406
161,512,3083,6.021484
162,512,3083,6.021484
163,512,2959,5.779297
164,512,3125,6.103516
165,512,3041,5.939453
166,512,3042,5.941406
167,512,3000,5.859375
168,512,3125,6.103516
169,512,3125,6.103516
170,512,3083,6.021484
171,512,3083,6.021484
172,512,3042,5.941406
173,512,3000,5.859375
174,512,3084,6.023438
175,512,3041,5.939453
176,512,3167,6.185547
177,512,3084,6.023438
178,512,3250,6.347656
179,512,3000,5.859375
180,512,3042,5.941406
181,512,3167,6.185547
182,512,3000,5.859375
183,512,3000,5.859375
184,512,3042,5.941406
185,512,3083,6.021484
186,512,3042,5.941406
187,512,3083,6.021484
188,512,3000,5.859375
189,512,3125,6.103516
190,512,3166,6.183594
191,512,3084,6.023438
192,512,3000,5.859375
193,512,3042,5.941406
194,512,3000,5.859375
195,512,3000,5.859375
196,512,3042,5.941406
197,512,3084,6.023438
198,512,3000,5.859375
199,512,3083,6.021484
200,512,3166,6.183594
201,512,3084,6.023438
202,512,3042,5.941406
203,512,3125,6.103516
204,512,3000,5.859375
205,512,3083,6.021484
206,512,3167,6.185547
207,512,3083,6.021484
208,512,3042,5.941406
209,512,3083,6.021484
210,512,3083,6.021484
211,512,3084,6.023438
212,512,3041,5.939453
213,512,3084,6.023438
214,512,3041,5.939453
215,512,3084,6.023438
216,512,3041,5.939453
217,512,3042,5.941406
218,512,3083,6.021484
219,512,3084,6.023438
220,512,3083,6.021484
221,512,2958,5.777344
222,512,3083,6.021484
223,512,3167,6.185547
224,512,3041,5.939453
225,512,3000,5.859375
226,512,3083,6.021484
227,512,3167,6.185547
228,512,3083,6.021484
229,512,3084,6.023438
230,512,3125,6.103516
231,512,3041,5.939453
232,512,3042,5.941406
233,512,3042,5.941406
234,512,2958,5.777344
235,512,3000,5.859375
236,512,3000,5.859375
237,512,3250,6.347656
238,512,3084,6.023438
239,512,3041,5.939453
240,512,3125,6.103516
241,512,3084,6.023438
242,512,3042,5.941406
243,512,3083,6.021484
244,512,3125,6.103516
245,512,3166,6.183594
246,512,3125,6.103516
247,512,3042,5.941406
248,512,3083,6.021484
249,512,2875,5.615234
250,512,3000,5.859375
251,512,3083,6.021484
252,512,3042,5.941406
253,512,3041,5.939453
254,512,3000,5.859375
255,512,3125,6.103516
256,512,3000,5.859375
257,512,3041,5.939453
258,512,3042,5.941406
259,512,2917,5.697266
260,512,3042,5.941406
261,512,3041,5.939453
262,512,3125,6.103516
263,512,3250,6.347656
264,512,3125,6.103516
265,512,3042,5.941406
266,512,3167,6.185547
267,512,3042,5.941406
268,512,3000,5.859375
269,512,3250,6.347656
270,512,2958,5.777344
271,512,3084,6.023438
272,512,3125,6.103516
273,512,3084,6.023438
274,512,3166,6.183594
275,512,2958,5.777344
276,512,3125,6.103516
277,512,3125,6.103516
278,512,3042,5.941406
279,512,3166,6.183594
280,512,3000,5.859375
281,512,2959,5.779297
282,512,3042,5.941406
283,512,3042,5.941406
284,512,3166,6.183594
285,512,3125,6.103516
286,512,3000,5.859375
287,512,3083,6.021484
288,512,3125,6.103516
289,512,3125,6.103516
290,512,3083,6.021484
291,512,3084,6.023438
292,512,3041,5.939453
293,512,3000,5.859375
294,512,3042,5.941406
295,512,3084,6.023438
296,512,2959,5.779297
297,512,3125,6.103516
298,512,3083,6.021484
299,512,3000,5.859375
300,512,3083,6.021484
301,512,3042,5.941406
302,512,3208,6.265625
303,512,3042,5.941406
304,512,3084,6.023438
305,512,3000,5.859375
306,512,3084,6.023438
307,512,3125,6.103516
308,512,3000,5.859375
309,512,3000,5.859375
310,512,3125,6.103516
311,512,3125,6.103516
312,512,3166,6.183594
313,512,3042,5.941406
314,512,3041,5.939453
315,512,3167,6.185547
316,512,3125,6.103516
317,512,3041,5.939453
318,512,3209,6.267578
319,512,2875,5.615234
320,512,3125,6.103516
321,512,3042,5.941406
322,512,3042,5.941406
323,512,3000,5.859375
324,512,3125,6.103516
325,512,3084,6.023438
326,512,3125,6.103516
327,512,3042,5.941406
328,512,3167,6.185547
329,512,3125,6.103516
330,512,3000,5.859375
331,512,3083,6.021484
332,512,3125,6.103516
333,512,3125,6.103516
334,512,3167,6.185547
335,512,3125,6.103516
336,512,3208,6.265625
337,512,3125,6.103516
338,512,3083,6.021484
339,512,3125,6.103516
340,512,3042,5.941406
341,512,3000,5.859375
342,512,3125,6.103516
343,512,3041,5.939453
344,512,3042,5.941406
345,512,3042,5.941406
346,512,3041,5.939453
347,512,3000,5.859375
348,512,3125,6.103516
349,512,3166,6.183594
350,512,3083,6.021484
351,512,3042,5.941406
352,512,3000,5.859375
353,512,3042,5.941406
354,512,3000,5.859375
355,512,3083,6.021484
356,512,3041,5.939453
357,512,3125,6.103516
358,512,3084,6.023438
359,512,3083,6.021484
360,512,3000,5.859375
361,512,3125,6.103516
362,512,3084,6.023438
363,512,2959,5.779297
364,512,3084,6.023438
365,512,3166,6.183594
366,512,3000,5.859375
367,512,3125,6.103516
368,512,3042,5.941406
369,512,3041,5.939453
370,512,3083,6.021484
371,512,15667,30.599609
372,512,3208,6.265625
373,512,3042,5.941406
374,512,3083,6.021484
375,512,3083,6.021484
376,512,3125,6.103516
377,512,3084,6.023438
378,512,3125,6.103516
379,512,2875,5.615234
380,512,3084,6.023438
381,512,3208,6.265625
382,512,3042,5.941406
383,512,3125,6.103516
384,512,3417,6.673828
385,512,2875,5.615234
386,512,3458,6.753906
387,512,4125,8.056641
388,512,3834,7.488281
389,512,3959,7.732422
390,512,4000,7.812500
391,512,3875,7.568359
392,512,3084,6.023438
393,512,3167,6.185547
394,512,3125,6.103516
395,512,3042,5.941406
396,512,3500,6.835938
397,512,3167,6.185547
398,512,3125,6.103516
399,512,3000,5.859375
400,512,3084,6.023438
401,512,3041,5.939453
402,512,3042,5.941406
403,512,3125,6.103516
404,512,3083,6.021484
405,512,3166,6.183594
406,512,3000,5.859375
407,512,3250,6.347656
408,512,3125,6.103516
409,512,3125,6.103516
410,512,3208,6.265625
411,512,3125,6.103516
412,512,3042,5.941406
413,512,3084,6.023438
414,512,3125,6.103516
415,512,3208,6.265625
416,512,3125,6.103516
417,512,3083,6.021484
418,512,16333,31.900391
419,512,3291,6.427734
420,512,3084,6.023438
421,512,3250,6.347656
422,512,3125,6.103516
423,512,3083,6.021484
424,512,3125,6.103516
425,512,3084,6.023438
426,512,3042,5.941406
427,512,3041,5.939453
428,512,2958,5.777344
429,512,3084,6.023438
430,512,3083,6.021484
431,512,3125,6.103516
432,512,3125,6.103516
433,512,3125,6.103516
434,512,3083,6.021484
435,512,3042,5.941406
436,512,3083,6.021484
437,512,3167,6.185547
438,512,3000,5.859375
439,512,3083,6.021484
440,512,3083,6.021484
441,512,3042,5.941406
442,512,3000,5.859375
443,512,3167,6.185547
444,512,3042,5.941406
445,512,3125,6.103516
446,512,3125,6.103516
447,512,3209,6.267578
448,512,3083,6.021484
449,512,3083,6.021484
450,512,3000,5.859375
451,512,3125,6.103516
452,512,3166,6.183594
453,512,3084,6.023438
454,512,8584,16.765625
455,512,3291,6.427734
456,512,3084,6.023438
457,512,2958,5.777344
458,512,3125,6.103516
459,512,2875,5.615234
460,512,3125,6.103516
461,512,3042,5.941406
462,512,3208,6.265625
463,512,3084,6.023438
464,512,3041,5.939453
465,512,3209,6.267578
466,512,3916,7.648438
467,512,3083,6.021484
468,512,3000,5.859375
469,512,3209,6.267578
470,512,3166,6.183594
471,512,3125,6.103516
472,512,2958,5.777344
473,512,3084,6.023438
474,512,3000,5.859375
475,512,3125,6.103516
476,512,3167,6.185547
477,512,3083,6.021484
478,512,3000,5.859375
479,512,3041,5.939453
480,512,3083,6.021484
481,512,3083,6.021484
482,512,3125,6.103516
483,512,2959,5.779297
484,512,3208,6.265625
485,512,3083,6.021484
486,512,3083,6.021484
487,512,3125,6.103516
488,512,3042,5.941406
489,512,3083,6.021484
490,512,3125,6.103516
491,512,3042,5.941406
492,512,3083,6.021484
493,512,3083,6.021484
494,512,3042,5.941406
495,512,3167,6.185547
496,512,3042,5.941406
497,512,3083,6.021484
498,512,3125,6.103516
499,512,3083,6.021484
500,512,3125,6.103516
501,512,3125,6.103516
502,512,3125,6.103516
503,512,3083,6.021484
504,512,3084,6.023438
505,512,3083,6.021484
506,512,3125,6.103516
507,512,3042,5.941406
508,512,3042,5.941406
509,512,3041,5.939453
510,512,3084,6.023438
511,512,3125,6.103516
512,512,3000,5.859375
513,512,2917,5.697266
514,512,3042,5.941406
515,512,3041,5.939453
516,512,3125,6.103516
517,512,3042,5.941406
518,512,3042,5.941406
519,512,3042,5.941406
520,512,3042,5.941406
521,512,3041,5.939453
522,512,2917,5.697266
523,512,3042,5.941406
524,512,2958,5.777344
525,512,3208,6.265625
526,512,3125,6.103516
527,512,3125,6.103516
528,512,3209,6.267578
529,512,3166,6.183594
530,512,3083,6.021484
531,512,3125,6.103516
532,512,3125,6.103516
533,512,3167,6.185547
534,512,3042,5.941406
535,512,3250,6.347656
536,512,3042,5.941406
537,512,3125,6.103516
538,512,3167,6.185547
539,512,3083,6.021484
540,512,3000,5.859375
541,512,2916,5.695312
542,512,3042,5.941406
543,512,3000,5.859375
544,512,3250,6.347656
545,512,3042,5.941406
546,512,3041,5.939453
547,512,3000,5.859375
548,512,3083,6.021484
549,512,3125,6.103516
550,512,3042,5.941406
551,512,3000,5.859375
552,512,3041,5.939453
553,512,3042,5.941406
554,512,3000,5.859375
555,512,3125,6.103516
556,512,2959,5.779297
557,512,3084,6.023438
558,512,3125,6.103516
559,512,3041,5.939453
560,512,3042,5.941406
561,512,3000,5.859375
562,512,3042,5.941406
563,512,3125,6.103516
564,512,3000,5.859375
565,512,3125,6.103516
566,512,3042,5.941406
567,512,3083,6.021484
568,512,3000,5.859375
569,512,3125,6.103516
570,512,3167,6.185547
571,512,3125,6.103516
572,512,3000,5.859375
573,512,3208,6.265625
574,512,3084,6.023438
575,512,3084,6.023438
576,512,3042,5.941406
577,512,3042,5.941406
578,512,3208,6.265625
579,512,3042,5.941406
580,512,3084,6.023438
581,512,3125,6.103516
582,512,3000,5.859375
583,512,3125,6.103516
584,512,3166,6.183594
585,512,2959,5.779297
586,512,3166,6.183594
587,512,3000,5.859375
588,512,3209,6.267578
589,512,3041,5.939453
590,512,3042,5.941406
591,512,3000,5.859375
592,512,3208,6.265625
593,512,3083,6.021484
594,512,2958,5.777344
595,512,3042,5.941406
596,512,3041,5.939453
597,512,3083,6.021484
598,512,2958,5.777344
599,512,3250,6.347656
600,512,3084,6.023438
601,512,3041,5.939453
602,512,3000,5.859375
603,512,3000,5.859375
604,512,3041,5.939453
605,512,3084,6.023438
606,512,2959,5.779297
607,512,2958,5.777344
608,512,2958,5.777344
609,512,3042,5.941406
610,512,3000,5.859375
611,512,3042,5.941406
612,512,2958,5.777344
613,512,3042,5.941406
614,512,3041,5.939453
615,512,3000,5.859375
616,512,3000,5.859375
617,512,3125,6.103516
618,512,3250,6.347656
619,512,3084,6.023438
620,512,3125,6.103516
621,512,3084,6.023438
622,512,3084,6.023438
623,512,3000,5.859375
624,512,3041,5.939453
625,512,3000,5.859375
626,512,2958,5.777344
627,512,3042,5.941406
628,512,3125,6.103516
629,512,3084,6.023438
630,512,3042,5.941406
631,512,3083,6.021484
632,512,3041,5.939453
633,512,3125,6.103516
634,512,3208,6.265625
635,512,3042,5.941406
636,512,3125,6.103516
637,512,3042,5.941406
638,512,3166,6.183594
639,512,3042,5.941406
640,512,3458,6.753906
641,512,3083,6.021484
642,512,3250,6.347656
643,512,3125,6.103516
644,512,3042,5.941406
645,512,3000,5.859375
646,512,3125,6.103516
647,512,3167,6.185547
648,512,3042,5.941406
649,512,3084,6.023438
650,512,2958,5.777344
651,512,3083,6.021484
652,512,3000,5.859375
653,512,3167,6.185547
654,512,3125,6.103516
655,512,3083,6.021484
656,512,3083,6.021484
657,512,3167,6.185547
658,512,3000,5.859375
659,512,3083,6.021484
660,512,3083,6.021484
661,512,3209,6.267578
662,512,3000,5.859375
663,512,2958,5.777344
664,512,3083,6.021484
665,512,3084,6.023438
666,512,3000,5.859375
667,512,3041,5.939453
668,512,3042,5.941406
669,512,3125,6.103516
670,512,2958,5.777344
671,512,3083,6.021484
672,512,3042,5.941406
673,512,3042,5.941406
674,512,3125,6.103516
675,512,3083,6.021484
676,512,3000,5.859375
677,512,3042,5.941406
678,512,3041,5.939453
679,512,3167,6.185547
680,512,2917,5.697266
681,512,3084,6.023438
682,512,3084,6.023438
683,512,3083,6.021484
684,512,3083,6.021484
685,512,3083,6.021484
686,512,3042,5.941406
687,512,3041,5.939453
688,512,3042,5.941406
689,512,3042,5.941406
690,512,3041,5.939453
691,512,2958,5.777344
692,512,3084,6.023438
693,512,3083,6.021484
694,512,3000,5.859375
695,512,3125,6.103516
696,512,3084,6.023438
697,512,3041,5.939453
698,512,3125,6.103516
699,512,3084,6.023438
700,512,3000,5.859375
701,512,3125,6.103516
702,512,3041,5.939453
703,512,3084,6.023438
704,512,3125,6.103516
705,512,2958,5.777344
706,512,3167,6.185547
707,512,2916,5.695312
708,512,3000,5.859375
709,512,3083,6.021484
710,512,3042,5.941406
711,512,3000,5.859375
712,512,3167,6.185547
713,512,3042,5.941406
714,512,3041,5.939453
715,512,3042,5.941406
716,512,3125,6.103516
717,512,3042,5.941406
718,512,2958,5.777344
719,512,3042,5.941406
720,512,3166,6.183594
721,512,3125,6.103516
722,512,3083,6.021484
723,512,3042,5.941406
724,512,3000,5.859375
725,512,3083,6.021484
726,512,3083,6.021484
727,512,2917,5.697266
728,512,3084,6.023438
729,512,3250,6.347656
730,512,3166,6.183594
731,512,2958,5.777344
732,512,3042,5.941406
733,512,3000,5.859375
734,512,3000,5.859375
735,512,3000,5.859375
736,512,3166,6.183594
737,512,3042,5.941406
738,512,3000,5.859375
739,512,3125,6.103516
740,512,3125,6.103516
741,512,3250,6.347656
742,512,3042,5.941406
743,512,3042,5.941406
744,512,3042,5.941406
745,512,3000,5.859375
746,512,3042,5.941406
747,512,3083,6.021484
748,512,2959,5.779297
749,512,3208,6.265625
750,512,3125,6.103516
751,512,3125,6.103516
752,512,3125,6.103516
753,512,3083,6.021484
754,512,3083,6.021484
755,512,3000,5.859375
756,512,3125,6.103516
757,512,3042,5.941406
758,512,3041,5.939453
759,512,2958,5.777344
760,512,3167,6.185547
761,512,3083,6.021484
762,512,3125,6.103516
763,512,3125,6.103516
764,512,3083,6.021484
765,512,3083,6.021484
766,512,3041,5.939453
767,512,3084,6.023438
768,512,3041,5.939453
769,512,3083,6.021484
770,512,3000,5.859375
771,512,3000,5.859375
772,512,3000,5.859375
773,512,3125,6.103516
774,512,3125,6.103516
775,512,3292,6.429688
776,512,2958,5.777344
777,512,3250,6.347656
778,512,3000,5.859375
779,512,3083,6.021484
780,512,3042,5.941406
781,512,3084,6.023438
782,512,3125,6.103516
783,512,3000,5.859375
784,512,3042,5.941406
785,512,3167,6.185547
786,512,3000,5.859375
787,512,3167,6.185547
788,512,3083,6.021484
789,512,3125,6.103516
790,512,3209,6.267578
791,512,3041,5.939453
792,512,3042,5.941406
793,512,3083,6.021484
794,512,2959,5.779297
795,512,3000,5.859375
796,512,3208,6.265625
797,512,3167,6.185547
798,512,3166,6.183594
799,512,3084,6.023438
800,512,3083,6.021484
801,512,3042,5.941406
802,512,3125,6.103516
803,512,3166,6.183594
804,512,3083,6.021484
805,512,3167,6.185547
806,512,3083,6.021484
807,512,3083,6.021484
808,512,2958,5.777344
809,512,3125,6.103516
810,512,3042,5.941406
811,512,3041,5.939453
812,512,3084,6.023438
813,512,3166,6.183594
814,512,3042,5.941406
815,512,2958,5.777344
816,512,3041,5.939453
817,512,3084,6.023438
818,512,3125,6.103516
819,512,3125,6.103516
820,512,3000,5.859375
821,512,3083,6.021484
822,512,3083,6.021484
823,512,3042,5.941406
824,512,2958,5.777344
825,512,3000,5.859375
826,512,3041,5.939453
827,512,3084,6.023438
828,512,2958,5.777344
829,512,3083,6.021484
830,512,3166,6.183594
831,512,3125,6.103516
832,512,3083,6.021484
833,512,3167,6.185547
834,512,2959,5.779297
835,512,2959,5.779297
836,512,3208,6.265625
837,512,3000,5.859375
838,512,3042,5.941406
839,512,3041,5.939453
840,512,3125,6.103516
841,512,3000,5.859375
842,512,3000,5.859375
843,512,3125,6.103516
844,512,3042,5.941406
845,512,3083,6.021484
846,512,3000,5.859375
847,512,3083,6.021484
848,512,3167,6.185547
849,512,3000,5.859375
850,512,3084,6.023438
851,512,3208,6.265625
852,512,3083,6.021484
853,512,3042,5.941406
854,512,3041,5.939453
855,512,3042,5.941406
856,512,3250,6.347656
857,512,3125,6.103516
858,512,3041,5.939453
859,512,3125,6.103516
860,512,3042,5.941406
861,512,3000,5.859375
862,512,3041,5.939453
863,512,3167,6.185547
864,512,3125,6.103516
865,512,3084,6.023438
866,512,3125,6.103516
867,512,3083,6.021484
868,512,3041,5.939453
869,512,2958,5.777344
870,512,3042,5.941406
871,512,3083,6.021484
872,512,3000,5.859375
873,512,3041,5.939453
874,512,3042,5.941406
875,512,3125,6.103516
876,512,3167,6.185547
877,512,3041,5.939453
878,512,3042,5.941406
879,512,2959,5.779297
880,512,3166,6.183594
881,512,3125,6.103516
882,512,2958,5.777344
883,512,2958,5.777344
884,512,3000,5.859375
885,512,3125,6.103516
886,512,2958,5.777344
887,512,3083,6.021484
888,512,3042,5.941406
889,512,3042,5.941406
890,512,3041,5.939453
891,512,3167,6.185547
892,512,3083,6.021484
893,512,3167,6.185547
894,512,3125,6.103516
895,512,3125,6.103516
896,512,3417,6.673828
897,512,3125,6.103516
898,512,3167,6.185547
899,512,3083,6.021484
900,512,3083,6.021484
901,512,3000,5.859375
902,512,3041,5.939453
903,512,3125,6.103516
904,512,3000,5.859375
905,512,3042,5.941406
906,512,3125,6.103516
907,512,3000,5.859375
908,512,3000,5.859375
909,512,3000,5.859375
910,512,3125,6.103516
911,512,3167,6.185547
912,512,3041,5.939453
913,512,2958,5.777344
914,512,3042,5.941406
915,512,3083,6.021484
916,512,2958,5.777344
917,512,3042,5.941406
918,512,2916,5.695312
919,512,3167,6.185547
920,512,2958,5.777344
921,512,3167,6.185547
922,512,3125,6.103516
923,512,3000,5.859375
924,512,3000,5.859375
925,512,3042,5.941406
926,512,3166,6.183594
927,512,2958,5.777344
928,512,3084,6.023438
929,512,3125,6.103516
930,512,3208,6.265625
931,512,3041,5.939453
932,512,3125,6.103516
933,512,3042,5.941406
934,512,3041,5.939453
935,512,3042,5.941406
936,512,3208,6.265625
937,512,3167,6.185547
938,512,2958,5.777344
939,512,2958,5.777344
940,512,3208,6.265625
941,512,3041,5.939453
942,512,3125,6.103516
943,512,3084,6.023438
944,512,3125,6.103516
945,512,3084,6.023438
946,512,3083,6.021484
947,512,2958,5.777344
948,512,2917,5.697266
949,512,3250,6.347656
950,512,3041,5.939453
951,512,3000,5.859375
952,512,3083,6.021484
953,512,3167,6.185547
954,512,3000,5.859375
955,512,3000,5.859375
956,512,3042,5.941406
957,512,3042,5.941406
958,512,3083,6.021484
959,512,3042,5.941406
960,512,3083,6.021484
961,512,3083,6.021484
962,512,3125,6.103516
963,512,3125,6.103516
964,512,3083,6.021484
965,512,3041,5.939453
966,512,2958,5.777344
967,512,3000,5.859375
968,512,2958,5.777344
969,512,3083,6.021484
970,512,2917,5.697266
971,512,2959,5.779297
972,512,3083,6.021484
973,512,3125,6.103516
974,512,2958,5.777344
975,512,3084,6.023438
976,512,3125,6.103516
977,512,3167,6.185547
978,512,3125,6.103516
979,512,3083,6.021484
980,512,3000,5.859375
981,512,3083,6.021484
982,512,3125,6.103516
983,512,3041,5.939453
984,512,3042,5.941406
985,512,3000,5.859375
986,512,3000,5.859375
987,512,3041,5.939453
988,512,3042,5.941406
989,512,3125,6.103516
990,512,3125,6.103516
991,512,3125,6.103516
992,512,3042,5.941406
993,512,3084,6.023438
994,512,3084,6.023438
995,512,3125,6.103516
996,512,3167,6.185547
997,512,3000,5.859375
998,512,3000,5.859375
999,512,3125,6.103516
1000,512,3125,6.103516
1001,512,3000,5.859375
1002,512,3042,5.941406
1003,512,2958,5.777344
1004,512,3042,5.941406
1005,512,3166,6.183594
1006,512,3083,6.021484
1007,512,3209,6.267578
1008,512,3000,5.859375
1009,512,3041,5.939453
1010,512,3125,6.103516
1011,512,3000,5.859375
1012,512,2958,5.777344
1013,512,3125,6.103516
1014,512,3042,5.941406
1015,512,3125,6.103516
1016,512,3125,6.103516
1017,512,3083,6.021484
1018,512,3334,6.511719
1019,512,3084,6.023438
1020,512,3166,6.183594
1021,512,3125,6.103516
1022,512,3084,6.023438
1023,512,2917,5.697266
1024,512,3167,6.185547
1025,512,3041,5.939453
1026,512,3167,6.185547
1027,512,3166,6.183594
1028,512,3125,6.103516
1029,512,3000,5.859375
1030,512,3000,5.859375
1031,512,3083,6.021484
1032,512,3084,6.023438
1033,512,3041,5.939453
1034,512,3042,5.941406
1035,512,3084,6.023438
1036,512,3167,6.185547
1037,512,3000,5.859375
1038,512,3083,6.021484
1039,512,3042,5.941406
1040,512,2959,5.779297
1041,512,2959,5.779297
1042,512,3041,5.939453
1043,512,3125,6.103516
1044,512,2958,5.777344
1045,512,3042,5.941406
1046,512,3041,5.939453
1047,512,3000,5.859375
1048,512,3042,5.941406
1049,512,3166,6.183594
1050,512,3000,5.859375
1051,512,2917,5.697266
1052,512,3083,6.021484
1053,512,3042,5.941406
1054,512,3041,5.939453
1055,512,3000,5.859375
1056,512,3000,5.859375
1057,512,3125,6.103516
1058,512,3042,5.941406
1059,512,3041,5.939453
1060,512,3125,6.103516
1061,512,3042,5.941406
1062,512,3125,6.103516
1063,512,3000,5.859375
1064,512,3000,5.859375
1065,512,3042,5.941406
1066,512,3041,5.939453
1067,512,3042,5.941406
1068,512,3000,5.859375
1069,512,3041,5.939453
1070,512,3042,5.941406
1071,512,3083,6.021484
1072,512,3042,5.941406
1073,512,3083,6.021484
1074,512,3042,5.941406
1075,512,3125,6.103516
1076,512,3125,6.103516
1077,512,3000,5.859375
1078,512,3084,6.023438
1079,512,3042,5.941406
1080,512,3083,6.021484
1081,512,3083,6.021484
1082,512,3083,6.021484
1083,512,3042,5.941406
1084,512,3083,6.021484
1085,512,3000,5.859375
1086,512,3000,5.859375
1087,512,3084,6.023438
1088,512,3000,5.859375
1089,512,3042,5.941406
1090,512,3125,6.103516
1091,512,3125,6.103516
1092,512,3000,5.859375
1093,512,3167,6.185547
1094,512,3125,6.103516
1095,512,3042,5.941406
1096,512,3041,5.939453
1097,512,3000,5.859375
1098,512,3083,6.021484
1099,512,3000,5.859375
1100,512,3083,6.021484
1101,512,2959,5.779297
1102,512,3000,5.859375
1103,512,2875,5.615234
1104,512,2916,5.695312
1105,512,3084,6.023438
1106,512,3042,5.941406
1107,512,3083,6.021484
1108,512,2959,5.779297
1109,512,3000,5.859375
1110,512,3084,6.023438
1111,512,3000,5.859375
1112,512,3084,6.023438
1113,512,3041,5.939453
1114,512,3042,5.941406
1115,512,3083,6.021484
1116,512,3042,5.941406
1117,512,3042,5.941406
1118,512,3041,5.939453
1119,512,3084,6.023438
1120,512,2958,5.777344
1121,512,3042,5.941406
1122,512,3125,6.103516
1123,512,2916,5.695312
1124,512,3083,6.021484
1125,512,3083,6.021484
1126,512,3000,5.859375
1127,512,3042,5.941406
1128,512,3083,6.021484
1129,512,3042,5.941406
1130,512,3000,5.859375
1131,512,3041,5.939453
1132,512,3000,5.859375
1133,512,3000,5.859375
1134,512,3084,6.023438
1135,512,3125,6.103516
1136,512,3000,5.859375
1137,512,3125,6.103516
1138,512,3125,6.103516
1139,512,3125,6.103516
1140,512,3042,5.941406
1141,512,3083,6.021484
1142,512,3125,6.103516
1143,512,3083,6.021484
1144,512,3000,5.859375
1145,512,2958,5.777344
1146,512,3125,6.103516
1147,512,2959,5.779297
1148,512,3084,6.023438
1149,512,3125,6.103516
1150,512,3042,5.941406
1151,512,3167,6.185547
1152,512,3250,6.347656
1153,512,3041,5.939453
1154,512,3125,6.103516
1155,512,2959,5.779297
1156,512,3042,5.941406
1157,512,3083,6.021484
1158,512,3000,5.859375
1159,512,2958,5.777344
1160,512,3083,6.021484
1161,512,2959,5.779297
1162,512,2958,5.777344
1163,512,3167,6.185547
1164,512,3000,5.859375
1165,512,3084,6.023438
1166,512,3167,6.185547
1167,512,3000,5.859375
1168,512,3000,5.859375
1169,512,3041,5.939453
1170,512,3084,6.023438
1171,512,3000,5.859375
1172,512,3000,5.859375
1173,512,3167,6.185547
1174,512,3083,6.021484
1175,512,2958,5.777344
1176,512,3042,5.941406
1177,512,3000,5.859375
1178,512,3042,5.941406
1179,512,3125,6.103516
1180,512,3125,6.103516
1181,512,3083,6.021484
1182,512,3042,5.941406
1183,512,3041,5.939453
1184,512,3209,6.267578
1185,512,3083,6.021484
1186,512,2958,5.777344
1187,512,3083,6.021484
1188,512,3042,5.941406
1189,512,2916,5.695312
1190,512,3042,5.941406
1191,512,3000,5.859375
1192,512,3042,5.941406
1193,512,3000,5.859375
1194,512,3042,5.941406
1195,512,3125,6.103516
1196,512,3083,6.021484
1197,512,3083,6.021484
1198,512,3084,6.023438
1199,512,3041,5.939453
1200,512,2959,5.779297
1201,512,3084,6.023438
1202,512,3041,5.939453
1203,512,3000,5.859375
1204,512,3208,6.265625
1205,512,2959,5.779297
1206,512,2875,5.615234
1207,512,3042,5.941406
1208,512,3041,5.939453
1209,512,3083,6.021484
1210,512,3000,5.859375
1211,512,3042,5.941406
1212,512,3042,5.941406
1213,512,3125,6.103516
1214,512,3041,5.939453
1215,512,2958,5.777344
1216,512,2875,5.615234
1217,512,3000,5.859375
1218,512,3042,5.941406
1219,512,3041,5.939453
1220,512,3000,5.859375
1221,512,3000,5.859375
1222,512,3042,5.941406
1223,512,3125,6.103516
1224,512,3208,6.265625
1225,512,3084,6.023438
1226,512,3083,6.021484
1227,512,3000,5.859375
1228,512,3000,5.859375
1229,512,3125,6.103516
1230,512,3083,6.021484
1231,512,3125,6.103516
1232,512,2958,5.777344
1233,512,2958,5.777344
1234,512,3000,5.859375
1235,512,3041,5.939453
1236,512,3000,5.859375
1237,512,3125,6.103516
1238,512,3041,5.939453
1239,512,3042,5.941406
1240,512,3042,5.941406
1241,512,3083,6.021484
1242,512,3125,6.103516
1243,512,3125,6.103516
1244,512,3125,6.103516
1245,512,2917,5.697266
1246,512,3084,6.023438
1247,512,3166,6.183594
1248,512,2959,5.779297
1249,512,3084,6.023438
1250,512,3125,6.103516
1251,512,3041,5.939453
1252,512,3083,6.021484
1253,512,3000,5.859375
1254,512,3000,5.859375
1255,512,3041,5.939453
1256,512,3167,6.185547
1257,512,3083,6.021484
1258,512,3084,6.023438
1259,512,3084,6.023438
1260,512,3083,6.021484
1261,512,3042,5.941406
1262,512,3041,5.939453
1263,512,3042,5.941406
1264,512,3125,6.103516
1265,512,3000,5.859375
1266,512,3083,6.021484
1267,512,3000,5.859375
1268,512,3083,6.021484
1269,512,2958,5.777344
1270,512,3000,5.859375
1271,512,3000,5.859375
1272,512,3042,5.941406
1273,512,3042,5.941406
1274,512,3208,6.265625
1275,512,3000,5.859375
1276,512,3042,5.941406
1277,512,2958,5.777344
1278,512,3042,5.941406
1279,512,3042,5.941406
1280,512,3042,5.941406
1281,512,3042,5.941406
1282,512,3125,6.103516
1283,512,3083,6.021484
1284,512,3041,5.939453
1285,512,2958,5.777344
1286,512,2959,5.779297
1287,512,3125,6.103516
1288,512,3084,6.023438
1289,512,3000,5.859375
1290,512,3084,6.023438
1291,512,3042,5.941406
1292,512,3083,6.021484
1293,512,3042,5.941406
1294,512,3000,5.859375
1295,512,3000,5.859375
1296,512,3084,6.023438
1297,512,3083,6.021484
1298,512,3000,5.859375
1299,512,3083,6.021484
1300,512,3083,6.021484
1301,512,2917,5.697266
1302,512,3041,5.939453
1303,512,3125,6.103516
1304,512,3042,5.941406
1305,512,3000,5.859375
1306,512,3000,5.859375
1307,512,3042,5.941406
1308,512,3209,6.267578
1309,512,3125,6.103516
1310,512,3083,6.021484
1311,512,3042,5.941406
1312,512,3166,6.183594
1313,512,3083,6.021484
1314,512,3083,6.021484
1315,512,3042,5.941406
1316,512,3000,5.859375
1317,512,3167,6.185547
1318,512,3042,5.941406
1319,512,3042,5.941406
1320,512,18917,36.947266
1321,512,3125,6.103516
1322,512,3250,6.347656
1323,512,3042,5.941406
1324,512,3125,6.103516
1325,512,3125,6.103516
1326,512,3084,6.023438
1327,512,3042,5.941406
1328,512,3000,5.859375
1329,512,3083,6.021484
1330,512,3083,6.021484
1331,512,3042,5.941406
1332,512,3042,5.941406
1333,512,3083,6.021484
1334,512,3042,5.941406
1335,512,3041,5.939453
1336,512,3167,6.185547
1337,512,3000,5.859375
1338,512,3166,6.183594
1339,512,2959,5.779297
1340,512,3000,5.859375
1341,512,3042,5.941406
1342,512,3250,6.347656
1343,512,3083,6.021484
1344,512,3125,6.103516
1345,512,3333,6.509766
1346,512,3083,6.021484
1347,512,3000,5.859375
1348,512,3250,6.347656
1349,512,3125,6.103516
1350,512,3000,5.859375
1351,512,3000,5.859375
1352,512,3125,6.103516
1353,512,3084,6.023438
1354,512,3084,6.023438
1355,512,3125,6.103516
1356,512,3000,5.859375
1357,512,3042,5.941406
1358,512,3208,6.265625
1359,512,3167,6.185547
1360,512,2958,5.777344
1361,512,3125,6.103516
1362,512,3042,5.941406
1363,512,3125,6.103516
1364,512,3125,6.103516
1365,512,3084,6.023438
1366,512,3041,5.939453
1367,512,3084,6.023438
1368,512,3084,6.023438
1369,512,3250,6.347656
1370,512,3083,6.021484
1371,512,3166,6.183594
1372,512,3125,6.103516
1373,512,3125,6.103516
1374,512,3042,5.941406
1375,512,3125,6.103516
1376,512,3083,6.021484
1377,512,3084,6.023438
1378,512,2958,5.777344
1379,512,3208,6.265625
1380,512,3125,6.103516
1381,512,3083,6.021484
1382,512,3125,6.103516
1383,512,3208,6.265625
1384,512,3125,6.103516
1385,512,3167,6.185547
1386,512,3042,5.941406
1387,512,2958,5.777344
1388,512,3083,6.021484
1389,512,3125,6.103516
1390,512,3125,6.103516
1391,512,3042,5.941406
1392,512,3083,6.021484
1393,512,3084,6.023438
1394,512,3250,6.347656
1395,512,3167,6.185547
1396,512,3042,5.941406
1397,512,3125,6.103516
1398,512,2917,5.697266
1399,512,3042,5.941406
1400,512,3084,6.023438
1401,512,35958,70.230469
1402,512,10625,20.751953
1403,512,10625,20.751953
1404,512,10834,21.160156
1405,512,10875,21.240234
1406,512,9416,18.390625
1407,512,2875,5.615234
1408,512,3125,6.103516
1409,512,2833,5.533203
1410,512,2917,5.697266
1411,512,2916,5.695312
1412,512,2833,5.533203
1413,512,2834,5.535156
1414,512,2833,5.533203
1415,512,2958,5.777344
1416,512,2834,5.535156
1417,512,2916,5.695312
1418,512,2709,5.291016
1419,512,2833,5.533203
1420,512,2875,5.615234
1421,512,2833,5.533203
1422,512,2875,5.615234
1423,512,2875,5.615234
1424,512,2750,5.371094
1425,512,2875,5.615234
1426,512,2792,5.453125
1427,512,3000,5.859375
1428,512,2917,5.697266
1429,512,2875,5.615234
1430,512,2833,5.533203
1431,512,3000,5.859375
1432,512,2833,5.533203
1433,512,2833,5.533203
1434,512,2917,5.697266
1435,512,2875,5.615234
1436,512,2709,5.291016
1437,512,2875,5.615234
1438,512,2959,5.779297
1439,512,2834,5.535156
1440,512,2834,5.535156
1441,512,3000,5.859375
1442,512,3000,5.859375
1443,512,2916,5.695312
1444,512,2875,5.615234
1445,512,2833,5.533203
1446,512,2917,5.697266
1447,512,2916,5.695312
1448,512,2875,5.615234
1449,512,2917,5.697266
1450,512,2875,5.615234
1451,512,2834,5.535156
1452,512,3041,5.939453
1453,512,2792,5.453125
1454,512,3000,5.859375
1455,512,2875,5.615234
1456,512,2875,5.615234
1457,512,2875,5.615234
1458,512,2875,5.615234
1459,512,2791,5.451172
1460,512,2917,5.697266
1461,512,2917,5.697266
1462,512,2875,5.615234
1463,512,2791,5.451172
1464,512,2833,5.533203
1465,512,2875,5.615234
1466,512,2833,5.533203
1467,512,2792,5.453125
1468,512,2833,5.533203
1469,512,2833,5.533203
1470,512,2792,5.453125
1471,512,2834,5.535156
1472,512,2833,5.533203
1473,512,2917,5.697266
1474,512,2875,5.615234
1475,512,2875,5.615234
1476,512,2875,5.615234
1477,512,2834,5.535156
1478,512,3000,5.859375
1479,512,2750,5.371094
1480,512,2750,5.371094
1481,512,2833,5.533203
1482,512,2916,5.695312
1483,512,2917,5.697266
1484,512,2875,5.615234
1485,512,2917,5.697266
1486,512,2958,5.777344
1487,512,2958,5.777344
1488,512,2792,5.453125
1489,512,2917,5.697266
1490,512,2875,5.615234
1491,512,2666,5.207031
1492,512,2917,5.697266
1493,512,2917,5.697266
1494,512,2875,5.615234
1495,512,2750,5.371094
1496,512,2792,5.453125
1497,512,2833,5.533203
1498,512,2792,5.453125
1499,512,2833,5.533203
1500,512,2916,5.695312
1501,512,2959,5.779297
1502,512,2750,5.371094
1503,512,2834,5.535156
1504,512,2792,5.453125
1505,512,2833,5.533203
1506,512,2875,5.615234
1507,512,2833,5.533203
1508,512,2750,5.371094
1509,512,2875,5.615234
1510,512,2917,5.697266
1511,512,2916,5.695312
1512,512,2917,5.697266
1513,512,2875,5.615234
1514,512,2750,5.371094
1515,512,2875,5.615234
1516,512,2834,5.535156
1517,512,2750,5.371094
1518,512,2750,5.371094
1519,512,2792,5.453125
1520,512,2875,5.615234
1521,512,2875,5.615234
1522,512,2833,5.533203
1523,512,2792,5.453125
1524,512,2792,5.453125
1525,512,2958,5.777344
1526,512,2833,5.533203
1527,512,2834,5.535156
1528,512,2750,5.371094
1529,512,2750,5.371094
1530,512,2709,5.291016
1531,512,2875,5.615234
1532,512,2916,5.695312
1533,512,2792,5.453125
1534,512,2875,5.615234
1535,512,2792,5.453125
1536,512,2875,5.615234
1537,512,2833,5.533203
1538,512,2750,5.371094
1539,512,2875,5.615234
1540,512,2791,5.451172
1541,512,2750,5.371094
1542,512,2875,5.615234
1543,512,2875,5.615234
1544,512,2958,5.777344
1545,512,2750,5.371094
1546,512,2875,5.615234
1547,512,2833,5.533203
1548,512,2834,5.535156
1549,512,2792,5.453125
1550,512,2750,5.371094
1551,512,2791,5.451172
1552,512,2708,5.289062
1553,512,2792,5.453125
1554,512,2791,5.451172
1555,512,2875,5.615234
1556,512,2792,5.453125
1557,512,2791,5.451172
1558,512,2708,5.289062
1559,512,2917,5.697266
1560,512,2833,5.533203
1561,512,2916,5.695312
1562,512,2709,5.291016
1563,512,2834,5.535156
1564,512,2750,5.371094
1565,512,2791,5.451172
1566,512,2917,5.697266
1567,512,2750,5.371094
1568,512,2792,5.453125
1569,512,2875,5.615234
1570,512,2791,5.451172
1571,512,2875,5.615234
1572,512,2833,5.533203
1573,512,2792,5.453125
1574,512,2875,5.615234
1575,512,2875,5.615234
1576,512,2750,5.371094
1577,512,2875,5.615234
1578,512,2875,5.615234
1579,512,2708,5.289062
1580,512,2791,5.451172
1581,512,2833,5.533203
1582,512,2875,5.615234
1583,512,2791,5.451172
1584,512,2792,5.453125
1585,512,2875,5.615234
1586,512,2834,5.535156
1587,512,2958,5.777344
1588,512,2875,5.615234
1589,512,2708,5.289062
1590,512,3000,5.859375
1591,512,2875,5.615234
1592,512,2708,5.289062
1593,512,2750,5.371094
1594,512,2708,5.289062
1595,512,2875,5.615234
1596,512,2833,5.533203
1597,512,2959,5.779297
1598,512,2916,5.695312
1599,512,2875,5.615234
1600,512,2792,5.453125
1601,512,2791,5.451172
1602,512,2834,5.535156
1603,512,2875,5.615234
1604,512,2709,5.291016
1605,512,2916,5.695312
1606,512,2875,5.615234
1607,512,2750,5.371094
1608,512,2875,5.615234
1609,512,2875,5.615234
1610,512,2792,5.453125
1611,512,2833,5.533203
1612,512,2834,5.535156
1613,512,2750,5.371094
1614,512,2833,5.533203
1615,512,2958,5.777344
1616,512,2792,5.453125
1617,512,2833,5.533203
1618,512,2875,5.615234
1619,512,2875,5.615234
1620,512,2875,5.615234
1621,512,2875,5.615234
1622,512,2916,5.695312
1623,512,2875,5.615234
1624,512,2792,5.453125
1625,512,2917,5.697266
1626,512,2875,5.615234
1627,512,2875,5.615234
1628,512,2833,5.533203
1629,512,2833,5.533203
1630,512,2791,5.451172
1631,512,2792,5.453125
1632,512,2791,5.451172
1633,512,2917,5.697266
1634,512,2833,5.533203
1635,512,2875,5.615234
1636,512,2791,5.451172
1637,512,2792,5.453125
1638,512,2834,5.535156
1639,512,2791,5.451172
1640,512,2917,5.697266
1641,512,2792,5.453125
1642,512,2791,5.451172
1643,512,2917,5.697266
1644,512,2917,5.697266
1645,512,2958,5.777344
1646,512,2833,5.533203
1647,512,2833,5.533203
1648,512,2792,5.453125
1649,512,2833,5.533203
1650,512,2792,5.453125
1651,512,2792,5.453125
1652,512,2791,5.451172
1653,512,2834,5.535156
1654,512,2833,5.533203
1655,512,2833,5.533203
1656,512,2833,5.533203
1657,512,2875,5.615234
1658,512,2750,5.371094
1659,512,2833,5.533203
1660,512,2833,5.533203
1661,512,2875,5.615234
1662,512,2875,5.615234
1663,512,2792,5.453125
1664,512,3209,6.267578
1665,512,2875,5.615234
1666,512,2709,5.291016
1667,512,2875,5.615234
1668,512,2834,5.535156
1669,512,2833,5.533203
1670,512,2791,5.451172
1671,512,3000,5.859375
1672,512,3000,5.859375
1673,512,3042,5.941406
1674,512,3083,6.021484
1675,512,3042,5.941406
1676,512,3000,5.859375
1677,512,3042,5.941406
1678,512,3083,6.021484
1679,512,3083,6.021484
1680,512,3250,6.347656
1681,512,3000,5.859375
1682,512,2958,5.777344
1683,512,3000,5.859375
1684,512,3042,5.941406
1685,512,3041,5.939453
1686,512,3042,5.941406
1687,512,3125,6.103516
1688,512,2959,5.779297
1689,512,3041,5.939453
1690,512,3125,6.103516
1691,512,3042,5.941406
1692,512,2916,5.695312
1693,512,3084,6.023438
1694,512,3000,5.859375
1695,512,3084,6.023438
1696,512,3000,5.859375
1697,512,3167,6.185547
1698,512,3042,5.941406
1699,512,3125,6.103516
1700,512,3000,5.859375
1701,512,3083,6.021484
1702,512,3125,6.103516
1703,512,3083,6.021484
1704,512,2958,5.777344
1705,512,3042,5.941406
1706,512,2916,5.695312
1707,512,3000,5.859375
1708,512,3000,5.859375
1709,512,3042,5.941406
1710,512,3000,5.859375
1711,512,3041,5.939453
1712,512,3000,5.859375
1713,512,3083,6.021484
1714,512,3042,5.941406
1715,512,3084,6.023438
1716,512,3000,5.859375
1717,512,3125,6.103516
1718,512,2958,5.777344
1719,512,3084,6.023438
1720,512,3083,6.021484
1721,512,3000,5.859375
1722,512,3125,6.103516
1723,512,3000,5.859375
1724,512,3041,5.939453
1725,512,3042,5.941406
1726,512,3084,6.023438
1727,512,3042,5.941406
1728,512,2917,5.697266
1729,512,3000,5.859375
1730,512,2958,5.777344
1731,512,3125,6.103516
1732,512,3042,5.941406
1733,512,3084,6.023438
1734,512,3000,5.859375
1735,512,3042,5.941406
1736,512,3083,6.021484
1737,512,3083,6.021484
1738,512,3125,6.103516
1739,512,3083,6.021484
1740,512,3084,6.023438
1741,512,3041,5.939453
1742,512,2958,5.777344
1743,512,3000,5.859375
1744,512,3042,5.941406
1745,512,3083,6.021484
1746,512,3000,5.859375
1747,512,2958,5.777344
1748,512,3083,6.021484
1749,512,3042,5.941406
1750,512,3042,5.941406
1751,512,3125,6.103516
1752,512,3250,6.347656
1753,512,3125,6.103516
1754,512,3083,6.021484
1755,512,3000,5.859375
1756,512,3125,6.103516
1757,512,2958,5.777344
1758,512,2958,5.777344
1759,512,3042,5.941406
1760,512,3000,5.859375
1761,512,3041,5.939453
1762,512,3042,5.941406
1763,512,3083,6.021484
1764,512,2917,5.697266
1765,512,2916,5.695312
1766,512,3292,6.429688
1767,512,3208,6.265625
1768,512,3125,6.103516
1769,512,3042,5.941406
1770,512,3000,5.859375
1771,512,2958,5.777344
1772,512,3041,5.939453
1773,512,3042,5.941406
1774,512,3083,6.021484
1775,512,3084,6.023438
1776,512,2959,5.779297
1777,512,2959,5.779297
1778,512,3250,6.347656
1779,512,2917,5.697266
1780,512,2875,5.615234
1781,512,3083,6.021484
1782,512,3167,6.185547
1783,512,3000,5.859375
1784,512,2959,5.779297
1785,512,3042,5.941406
1786,512,3000,5.859375
1787,512,2917,5.697266
1788,512,3125,6.103516
1789,512,3083,6.021484
1790,512,2916,5.695312
1791,512,3125,6.103516
1792,512,3125,6.103516
1793,512,3000,5.859375
1794,512,2958,5.777344
1795,512,3000,5.859375
1796,512,3000,5.859375
1797,512,3042,5.941406
1798,512,3125,6.103516
1799,512,3083,6.021484
1800,512,3125,6.103516
1801,512,3083,6.021484
1802,512,3083,6.021484
1803,512,3125,6.103516
1804,512,3000,5.859375
1805,512,2958,5.777344
1806,512,3083,6.021484
1807,512,2958,5.777344
1808,512,3000,5.859375
1809,512,3000,5.859375
1810,512,3125,6.103516
1811,512,3000,5.859375
1812,512,3250,6.347656
1813,512,3041,5.939453
1814,512,3250,6.347656
1815,512,3042,5.941406
1816,512,2916,5.695312
1817,512,3042,5.941406
1818,512,3000,5.859375
1819,512,3209,6.267578
1820,512,2958,5.777344
1821,512,3291,6.427734
1822,512,3084,6.023438
1823,512,3041,5.939453
1824,512,3000,5.859375
1825,512,3042,5.941406
1826,512,3125,6.103516
1827,512,3125,6.103516
1828,512,3041,5.939453
1829,512,3042,5.941406
1830,512,3041,5.939453
1831,512,3083,6.021484
1832,512,3084,6.023438
1833,512,3084,6.023438
1834,512,3166,6.183594
1835,512,3000,5.859375
1836,512,3125,6.103516
1837,512,3042,5.941406
1838,512,3000,5.859375
1839,512,3125,6.103516
1840,512,3125,6.103516
1841,512,3167,6.185547
1842,512,3000,5.859375
1843,512,3000,5.859375
1844,512,2916,5.695312
1845,512,3000,5.859375
1846,512,3083,6.021484
1847,512,2959,5.779297
1848,512,3041,5.939453
1849,512,3000,5.859375
1850,512,3041,5.939453
1851,512,3084,6.023438
1852,512,3125,6.103516
1853,512,3083,6.021484
1854,512,3083,6.021484
1855,512,3084,6.023438
1856,512,3041,5.939453
1857,512,2958,5.777344
1858,512,3084,6.023438
1859,512,3041,5.939453
1860,512,3208,6.265625
1861,512,3000,5.859375
1862,512,3166,6.183594
1863,512,3083,6.021484
1864,512,3125,6.103516
1865,512,3084,6.023438
1866,512,3166,6.183594
1867,512,3042,5.941406
1868,512,3083,6.021484
1869,512,3041,5.939453
1870,512,3084,6.023438
1871,512,3125,6.103516
1872,512,3000,5.859375
1873,512,3000,5.859375
1874,512,3167,6.185547
1875,512,3166,6.183594
1876,512,3125,6.103516
1877,512,3083,6.021484
1878,512,3000,5.859375
1879,512,3042,5.941406
1880,512,3042,5.941406
1881,512,3083,6.021484
1882,512,2959,5.779297
1883,512,3000,5.859375
1884,512,3042,5.941406
1885,512,3083,6.021484
1886,512,3167,6.185547
1887,512,3041,5.939453
1888,512,3042,5.941406
1889,512,3083,6.021484
1890,512,3167,6.185547
1891,512,3041,5.939453
1892,512,3125,6.103516
1893,512,3125,6.103516
1894,512,3084,6.023438
1895,512,3000,5.859375
1896,512,3083,6.021484
1897,512,3000,5.859375
1898,512,3000,5.859375
1899,512,3125,6.103516
1900,512,3042,5.941406
1901,512,3000,5.859375
1902,512,3125,6.103516
1903,512,3000,5.859375
1904,512,3041,5.939453
1905,512,3209,6.267578
1906,512,3084,6.023438
1907,512,3041,5.939453
1908,512,3042,5.941406
1909,512,3125,6.103516
1910,512,3041,5.939453
1911,512,3042,5.941406
1912,512,3000,5.859375
1913,512,3125,6.103516
1914,512,3041,5.939453
1915,512,3042,5.941406
1916,512,3125,6.103516
1917,512,2958,5.777344
1918,512,3125,6.103516
1919,512,3083,6.021484
1920,512,3459,6.755859
1921,512,2958,5.777344
1922,512,3000,5.859375
1923,512,2958,5.777344
1924,512,3042,5.941406
1925,512,13292,25.960938
1926,512,3042,5.941406
1927,512,3166,6.183594
1928,512,3084,6.023438
1929,512,3083,6.021484
1930,512,2958,5.777344
1931,512,3041,5.939453
1932,512,3042,5.941406
1933,512,3000,5.859375
1934,512,3166,6.183594
1935,512,3084,6.023438
1936,512,3000,5.859375
1937,512,3125,6.103516
1938,512,3084,6.023438
1939,512,3000,5.859375
1940,512,3000,5.859375
1941,512,3208,6.265625
1942,512,3000,5.859375
1943,512,3084,6.023438
1944,512,3166,6.183594
1945,512,3209,6.267578
1946,512,3000,5.859375
1947,512,3167,6.185547
1948,512,3083,6.021484
1949,512,3083,6.021484
1950,512,3084,6.023438
1951,512,3084,6.023438
1952,512,3000,5.859375
1953,512,3041,5.939453
1954,512,3000,5.859375
1955,512,3000,5.859375
1956,512,3167,6.185547
1957,512,3083,6.021484
1958,512,3083,6.021484
1959,512,3041,5.939453
1960,512,3042,5.941406
1961,512,3083,6.021484
1962,512,3083,6.021484
1963,512,3042,5.941406
1964,512,3208,6.265625
1965,512,3125,6.103516
1966,512,3125,6.103516
1967,512,3000,5.859375
1968,512,3042,5.941406
1969,512,3083,6.021484
1970,512,3166,6.183594
1971,512,3167,6.185547
1972,512,3000,5.859375
1973,512,3000,5.859375
1974,512,3041,5.939453
1975,512,3042,5.941406
1976,512,3125,6.103516
1977,512,2958,5.777344
1978,512,3125,6.103516
1979,512,2917,5.697266
1980,512,3125,6.103516
1981,512,3083,6.021484
1982,512,2958,5.777344
1983,512,3125,6.103516
1984,512,3125,6.103516
1985,512,3083,6.021484
1986,512,3125,6.103516
1987,512,3042,5.941406
1988,512,3083,6.021484
1989,512,2916,5.695312
1990,512,3167,6.185547
1991,512,3083,6.021484
1992,512,3208,6.265625
1993,512,3083,6.021484
1994,512,3959,7.732422
1995,512,3875,7.568359
1996,512,3875,7.568359
1997,512,3750,7.324219
1998,512,3625,7.080078
1999,512,3083,6.021484
2000,512,3208,6.265625
2001,512,3083,6.021484
2002,512,3167,6.185547
2003,512,3000,5.859375
2004,512,3125,6.103516
2005,512,3125,6.103516
2006,512,3209,6.267578
2007,512,4167,8.138672
2008,512,3833,7.486328
2009,512,4042,7.894531
2010,512,4000,7.812500
2011,512,3666,7.160156
2012,512,3500,6.835938
2013,512,3875,7.568359
2014,512,3958,7.730469
2015,512,4125,8.056641
2016,512,3083,6.021484
2017,512,3084,6.023438
2018,512,3208,6.265625
2019,512,3292,6.429688
2020,512,3166,6.183594
2021,512,3084,6.023438
2022,512,3000,5.859375
2023,512,3166,6.183594
2024,512,3084,6.023438
2025,512,3208,6.265625
2026,512,3167,6.185547
2027,512,3166,6.183594
2028,512,3084,6.023438
2029,512,3083,6.021484
2030,512,3125,6.103516
2031,512,3125,6.103516
2032,512,3125,6.103516
2033,512,3084,6.023438
2034,512,3209,6.267578
2035,512,3042,5.941406
2036,512,3083,6.021484
2037,512,3125,6.103516
2038,512,3166,6.183594
2039,512,3083,6.021484
2040,512,3042,5.941406
2041,512,3166,6.183594
2042,512,3042,5.941406
2043,512,3000,5.859375
2044,512,3042,5.941406
2045,512,3166,6.183594
2046,512,3125,6.103516
2047,512,3042,5.941406
2048,512,3000,5.859375
2049,512,3000,5.859375
2050,512,3083,6.021484
2051,512,3167,6.185547
2052,512,3041,5.939453
2053,512,3167,6.185547
2054,512,3083,6.021484
2055,512,3667,7.162109
2056,512,4041,7.892578
2057,512,3875,7.568359
2058,512,4000,7.812500
2059,512,3958,7.730469
2060,512,3291,6.427734
2061,512,3167,6.185547
2062,512,3167,6.185547
2063,512,3209,6.267578
2064,512,3166,6.183594
2065,512,3250,6.347656
2066,512,3125,6.103516
2067,512,3084,6.023438
2068,512,3166,6.183594
2069,512,3209,6.267578
2070,512,3125,6.103516
2071,512,3250,6.347656
2072,512,3167,6.185547
2073,512,3167,6.185547
2074,512,3250,6.347656
2075,512,3208,6.265625
2076,512,3125,6.103516
2077,512,3166,6.183594
2078,512,3458,6.753906
2079,512,3125,6.103516
2080,512,3083,6.021484
2081,512,3209,6.267578
2082,512,3125,6.103516
2083,512,3042,5.941406
2084,512,3208,6.265625
2085,512,3042,5.941406
2086,512,3125,6.103516
2087,512,3125,6.103516
2088,512,3125,6.103516
2089,512,3000,5.859375
2090,512,3250,6.347656
2091,512,3084,6.023438
2092,512,3167,6.185547
2093,512,3083,6.021484
2094,512,3084,6.023438
2095,512,3167,6.185547
2096,512,3083,6.021484
2097,512,3209,6.267578
2098,512,3042,5.941406
2099,512,3125,6.103516
2100,512,3083,6.021484
2101,512,3209,6.267578
2102,512,3042,5.941406
2103,512,3125,6.103516
2104,512,3041,5.939453
2105,512,3083,6.021484
2106,512,3084,6.023438
2107,512,3000,5.859375
2108,512,3083,6.021484
2109,512,3125,6.103516
2110,512,3125,6.103516
2111,512,3083,6.021484
2112,512,3083,6.021484
2113,512,3083,6.021484
2114,512,3083,6.021484
2115,512,3041,5.939453
2116,512,3084,6.023438
2117,512,3250,6.347656
2118,512,3166,6.183594
2119,512,3083,6.021484
2120,512,3209,6.267578
2121,512,3083,6.021484
2122,512,3208,6.265625
2123,512,3292,6.429688
2124,512,3250,6.347656
2125,512,3125,6.103516
2126,512,3250,6.347656
2127,512,3041,5.939453
2128,512,3250,6.347656
2129,512,3042,5.941406
2130,512,3125,6.103516
2131,512,3125,6.103516
2132,512,3084,6.023438
2133,512,2958,5.777344
2134,512,3125,6.103516
2135,512,3125,6.103516
2136,512,3167,6.185547
2137,512,3125,6.103516
2138,512,3042,5.941406
2139,512,3083,6.021484
2140,512,3083,6.021484
2141,512,3209,6.267578
2142,512,3209,6.267578
2143,512,3041,5.939453
2144,512,3042,5.941406
2145,512,3166,6.183594
2146,512,3084,6.023438
2147,512,3041,5.939453
2148,512,3083,6.021484
2149,512,3042,5.941406
2150,512,3084,6.023438
2151,512,3208,6.265625
2152,512,3000,5.859375
2153,512,3167,6.185547
2154,512,3208,6.265625
2155,512,3083,6.021484
2156,512,3292,6.429688
2157,512,3083,6.021484
2158,512,3000,5.859375
2159,512,3166,6.183594
2160,512,3083,6.021484
2161,512,3083,6.021484
2162,512,3042,5.941406
2163,512,3083,6.021484
2164,512,3083,6.021484
2165,512,3125,6.103516
2166,512,3083,6.021484
2167,512,3209,6.267578
2168,512,3125,6.103516
2169,512,3167,6.185547
2170,512,3083,6.021484
2171,512,3125,6.103516
2172,512,3208,6.265625
2173,512,3125,6.103516
2174,512,3208,6.265625
2175,512,3042,5.941406
2176,512,3208,6.265625
2177,512,3083,6.021484
2178,512,3166,6.183594
2179,512,3000,5.859375
2180,512,3083,6.021484
2181,512,3125,6.103516
2182,512,3167,6.185547
2183,512,3250,6.347656
2184,512,3125,6.103516
2185,512,3125,6.103516
2186,512,3125,6.103516
2187,512,3125,6.103516
2188,512,3166,6.183594
2189,512,3084,6.023438
2190,512,3209,6.267578
2191,512,3250,6.347656
2192,512,3125,6.103516
2193,512,3042,5.941406
2194,512,3125,6.103516
2195,512,3125,6.103516
2196,512,3208,6.265625
2197,512,3167,6.185547
2198,512,3083,6.021484
2199,512,3125,6.103516
2200,512,3000,5.859375
2201,512,3125,6.103516
2202,512,3166,6.183594
2203,512,3042,5.941406
2204,512,3125,6.103516
2205,512,3084,6.023438
2206,512,3042,5.941406
2207,512,3208,6.265625
2208,512,3125,6.103516
2209,512,3084,6.023438
2210,512,3083,6.021484
2211,512,3125,6.103516
2212,512,3083,6.021484
2213,512,3250,6.347656
2214,512,3042,5.941406
2215,512,3166,6.183594
2216,512,3042,5.941406
2217,512,3083,6.021484
2218,512,3125,6.103516
2219,512,3083,6.021484
2220,512,3125,6.103516
2221,512,3125,6.103516
2222,512,3125,6.103516
2223,512,3166,6.183594
2224,512,3084,6.023438
2225,512,3250,6.347656
2226,512,3125,6.103516
2227,512,3125,6.103516
2228,512,3167,6.185547
2229,512,3166,6.183594
2230,512,3125,6.103516
2231,512,3125,6.103516
2232,512,3083,6.021484
2233,512,3125,6.103516
2234,512,3042,5.941406
2235,512,3000,5.859375
2236,512,3125,6.103516
2237,512,3292,6.429688
2238,512,3167,6.185547
2239,512,3042,5.941406
2240,512,3125,6.103516
2241,512,3042,5.941406
2242,512,3167,6.185547
2243,512,3208,6.265625
2244,512,3167,6.185547
2245,512,3000,5.859375
2246,512,3208,6.265625
2247,512,3125,6.103516
2248,512,3083,6.021484
2249,512,3167,6.185547
2250,512,3166,6.183594
2251,512,3125,6.103516
2252,512,3042,5.941406
2253,512,2959,5.779297
2254,512,3084,6.023438
2255,512,3084,6.023438
2256,512,3083,6.021484
2257,512,3042,5.941406
2258,512,3208,6.265625
2259,512,3125,6.103516
2260,512,3166,6.183594
2261,512,3084,6.023438
2262,512,3166,6.183594
2263,512,3292,6.429688
2264,512,3083,6.021484
2265,512,3292,6.429688
2266,512,3250,6.347656
2267,512,3083,6.021484
2268,512,3167,6.185547
2269,512,3125,6.103516
2270,512,3250,6.347656
2271,512,3125,6.103516
2272,512,3084,6.023438
2273,512,3125,6.103516
2274,512,3083,6.021484
2275,512,3125,6.103516
2276,512,3167,6.185547
2277,512,3042,5.941406
2278,512,3167,6.185547
2279,512,3083,6.021484
2280,512,3167,6.185547
2281,512,3084,6.023438
2282,512,3083,6.021484
2283,512,3041,5.939453
2284,512,3083,6.021484
2285,512,3167,6.185547
2286,512,3041,5.939453
2287,512,3167,6.185547
2288,512,3166,6.183594
2289,512,3125,6.103516
2290,512,3083,6.021484
2291,512,3042,5.941406
2292,512,3083,6.021484
2293,512,3042,5.941406
2294,512,3167,6.185547
2295,512,3125,6.103516
2296,512,3042,5.941406
2297,512,3000,5.859375
2298,512,3084,6.023438
2299,512,3166,6.183594
2300,512,3125,6.103516
2301,512,3167,6.185547
2302,512,3042,5.941406
2303,512,3000,5.859375
2304,512,3167,6.185547
2305,512,3083,6.021484
2306,512,3167,6.185547
2307,512,3084,6.023438
2308,512,3084,6.023438
2309,512,3125,6.103516
2310,512,3083,6.021484
2311,512,3208,6.265625
2312,512,3125,6.103516
2313,512,3084,6.023438
2314,512,3083,6.021484
2315,512,3041,5.939453
2316,512,3167,6.185547
2317,512,3084,6.023438
2318,512,3083,6.021484
2319,512,3083,6.021484
2320,512,3083,6.021484
2321,512,3125,6.103516
2322,512,3042,5.941406
2323,512,3166,6.183594
2324,512,3000,5.859375
2325,512,3000,5.859375
2326,512,3125,6.103516
2327,512,3083,6.021484
2328,512,3041,5.939453
2329,512,3084,6.023438
2330,512,3125,6.103516
2331,512,3167,6.185547
2332,512,3125,6.103516
2333,512,3083,6.021484
2334,512,3125,6.103516
2335,512,3166,6.183594
2336,512,3000,5.859375
2337,512,2958,5.777344
2338,512,3000,5.859375
2339,512,3083,6.021484
2340,512,3125,6.103516
2341,512,3125,6.103516
2342,512,3083,6.021484
2343,512,3292,6.429688
2344,512,3167,6.185547
2345,512,3083,6.021484
2346,512,3125,6.103516
2347,512,3208,6.265625
2348,512,3167,6.185547
2349,512,3125,6.103516
2350,512,3125,6.103516
2351,512,3125,6.103516
2352,512,3000,5.859375
2353,512,3084,6.023438
2354,512,3083,6.021484
2355,512,3208,6.265625
2356,512,3083,6.021484
2357,512,3041,5.939453
2358,512,3125,6.103516
2359,512,3167,6.185547
2360,512,3167,6.185547
2361,512,3000,5.859375
2362,512,3083,6.021484
2363,512,3042,5.941406
2364,512,3166,6.183594
2365,512,3083,6.021484
2366,512,3042,5.941406
2367,512,3084,6.023438
2368,512,3208,6.265625
2369,512,3083,6.021484
2370,512,3042,5.941406
2371,512,3125,6.103516
2372,512,3042,5.941406
2373,512,3083,6.021484
2374,512,3167,6.185547
2375,512,3125,6.103516
2376,512,3042,5.941406
2377,512,3167,6.185547
2378,512,3042,5.941406
2379,512,3000,5.859375
2380,512,3166,6.183594
2381,512,3084,6.023438
2382,512,3166,6.183594
2383,512,3084,6.023438
2384,512,3167,6.185547
2385,512,3042,5.941406
2386,512,2958,5.777344
2387,512,3083,6.021484
2388,512,3041,5.939453
2389,512,3125,6.103516
2390,512,3042,5.941406
2391,512,3083,6.021484
2392,512,3125,6.103516
2393,512,3042,5.941406
2394,512,3084,6.023438
2395,512,3041,5.939453
2396,512,2959,5.779297
2397,512,3166,6.183594
2398,512,3125,6.103516
2399,512,3167,6.185547
2400,512,3083,6.021484
2401,512,3041,5.939453
2402,512,3042,5.941406
2403,512,3041,5.939453
2404,512,3209,6.267578
2405,512,3083,6.021484
2406,512,3083,6.021484
2407,512,3042,5.941406
2408,512,3083,6.021484
2409,512,3125,6.103516
2410,512,3125,6.103516
2411,512,3041,5.939453
2412,512,3125,6.103516
2413,512,3125,6.103516
2414,512,3000,5.859375
2415,512,2958,5.777344
2416,512,3167,6.185547
2417,512,3208,6.265625
2418,512,3000,5.859375
2419,512,3083,6.021484
2420,512,3167,6.185547
2421,512,3083,6.021484
2422,512,3125,6.103516
2423,512,3209,6.267578
2424,512,3125,6.103516
2425,512,3084,6.023438
2426,512,3083,6.021484
2427,512,3125,6.103516
2428,512,3208,6.265625
2429,512,3125,6.103516
2430,512,2958,5.777344
2431,512,3042,5.941406
2432,512,3417,6.673828
2433,512,3166,6.183594
2434,512,3167,6.185547
2435,512,3208,6.265625
2436,512,3125,6.103516
2437,512,3125,6.103516
2438,512,3125,6.103516
2439,512,3000,5.859375
2440,512,3083,6.021484
2441,512,3083,6.021484
2442,512,3167,6.185547
2443,512,3166,6.183594
2444,512,3084,6.023438
2445,512,2958,5.777344
2446,512,3250,6.347656
2447,512,3167,6.185547
2448,512,3125,6.103516
2449,512,3084,6.023438
2450,512,3166,6.183594
2451,512,3084,6.023438
2452,512,3166,6.183594
2453,512,3167,6.185547
2454,512,3167,6.185547
2455,512,3084,6.023438
2456,512,3083,6.021484
2457,512,3167,6.185547
2458,512,3083,6.021484
2459,512,3083,6.021484
2460,512,3084,6.023438
2461,512,3125,6.103516
2462,512,3125,6.103516
2463,512,3125,6.103516
2464,512,3084,6.023438
2465,512,3000,5.859375
2466,512,3083,6.021484
2467,512,3167,6.185547
2468,512,3125,6.103516
2469,512,3041,5.939453
2470,512,3125,6.103516
2471,512,3167,6.185547
2472,512,3208,6.265625
2473,512,3042,5.941406
2474,512,3166,6.183594
2475,512,3125,6.103516
2476,512,3000,5.859375
2477,512,2958,5.777344
2478,512,3083,6.021484
2479,512,3125,6.103516
2480,512,3208,6.265625
2481,512,3125,6.103516
2482,512,3083,6.021484
2483,512,3167,6.185547
2484,512,3000,5.859375
2485,512,3042,5.941406
2486,512,3084,6.023438
2487,512,3000,5.859375
2488,512,3208,6.265625
2489,512,10000,19.531250
2490,512,3167,6.185547
2491,512,3166,6.183594
2492,512,3042,5.941406
2493,512,3125,6.103516
2494,512,3209,6.267578
2495,512,3041,5.939453
2496,512,3042,5.941406
2497,512,3041,5.939453
2498,512,3000,5.859375
2499,512,3083,6.021484
2500,512,3250,6.347656
2501,512,3167,6.185547
2502,512,3083,6.021484
2503,512,3167,6.185547
2504,512,3250,6.347656
2505,512,3208,6.265625
2506,512,3042,5.941406
2507,512,3250,6.347656
2508,512,3125,6.103516
2509,512,3041,5.939453
2510,512,3167,6.185547
2511,512,3041,5.939453
2512,512,3125,6.103516
2513,512,3125,6.103516
2514,512,3125,6.103516
2515,512,3083,6.021484
2516,512,3042,5.941406
2517,512,3125,6.103516
2518,512,3167,6.185547
2519,512,3083,6.021484
2520,512,3125,6.103516
2521,512,3083,6.021484
2522,512,3125,6.103516
2523,512,3208,6.265625
2524,512,3042,5.941406
2525,512,3000,5.859375
2526,512,3208,6.265625
2527,512,3042,5.941406
2528,512,3125,6.103516
2529,512,3166,6.183594
2530,512,3083,6.021484
2531,512,3083,6.021484
2532,512,3125,6.103516
2533,512,3125,6.103516
2534,512,3083,6.021484
2535,512,3167,6.185547
2536,512,3125,6.103516
2537,512,3000,5.859375
2538,512,3125,6.103516
2539,512,3083,6.021484
2540,512,3125,6.103516
2541,512,3166,6.183594
2542,512,3125,6.103516
2543,512,3167,6.185547
2544,512,3042,5.941406
2545,512,3125,6.103516
2546,512,3083,6.021484
2547,512,3167,6.185547
2548,512,3041,5.939453
2549,512,3084,6.023438
2550,512,3041,5.939453
2551,512,3042,5.941406
2552,512,3166,6.183594
2553,512,3042,5.941406
2554,512,3000,5.859375
2555,512,3000,5.859375
2556,512,3042,5.941406
2557,512,3083,6.021484
2558,512,3167,6.185547
2559,512,3083,6.021484
2560,512,3083,6.021484
2561,512,3167,6.185547
2562,512,3042,5.941406
2563,512,3083,6.021484
2564,512,3208,6.265625
2565,512,3125,6.103516
2566,512,2958,5.777344
2567,512,3125,6.103516
2568,512,3125,6.103516
2569,512,3167,6.185547
2570,512,3167,6.185547
2571,512,3208,6.265625
2572,512,3083,6.021484
2573,512,3084,6.023438
2574,512,3125,6.103516
2575,512,3125,6.103516
2576,512,3167,6.185547
2577,512,3125,6.103516
2578,512,3000,5.859375
2579,512,3166,6.183594
2580,512,3042,5.941406
2581,512,3166,6.183594
2582,512,3125,6.103516
2583,512,3125,6.103516
2584,512,3167,6.185547
2585,512,3041,5.939453
2586,512,3083,6.021484
2587,512,3209,6.267578
2588,512,3250,6.347656
2589,512,3083,6.021484
2590,512,3083,6.021484
2591,512,3042,5.941406
2592,512,3083,6.021484
2593,512,3042,5.941406
2594,512,3125,6.103516
2595,512,3083,6.021484
2596,512,3125,6.103516
2597,512,3125,6.103516
2598,512,3167,6.185547
2599,512,3166,6.183594
2600,512,3042,5.941406
2601,512,3167,6.185547
2602,512,3000,5.859375
2603,512,3125,6.103516
2604,512,3000,5.859375
2605,512,3083,6.021484
2606,512,3041,5.939453
2607,512,3125,6.103516
2608,512,3125,6.103516
2609,512,3041,5.939453
2610,512,3084,6.023438
2611,512,3084,6.023438
2612,512,3208,6.265625
2613,512,3125,6.103516
2614,512,3041,5.939453
2615,512,3208,6.265625
2616,512,3167,6.185547
2617,512,3083,6.021484
2618,512,3125,6.103516
2619,512,3125,6.103516
2620,512,3125,6.103516
2621,512,3083,6.021484
2622,512,3041,5.939453
2623,512,3000,5.859375
2624,512,3125,6.103516
2625,512,3042,5.941406
2626,512,3166,6.183594
2627,512,3209,6.267578
2628,512,3125,6.103516
2629,512,3125,6.103516
2630,512,3084,6.023438
2631,512,3166,6.183594
2632,512,3250,6.347656
2633,512,3125,6.103516
2634,512,3084,6.023438
2635,512,3209,6.267578
2636,512,3208,6.265625
2637,512,3125,6.103516
2638,512,3125,6.103516
2639,512,3125,6.103516
2640,512,3083,6.021484
2641,512,3166,6.183594
2642,512,3042,5.941406
2643,512,3125,6.103516
2644,512,3166,6.183594
2645,512,3167,6.185547
2646,512,3041,5.939453
2647,512,3084,6.023438
2648,512,3083,6.021484
2649,512,3083,6.021484
2650,512,3083,6.021484
2651,512,3125,6.103516
2652,512,3083,6.021484
2653,512,3083,6.021484
2654,512,3083,6.021484
2655,512,3167,6.185547
2656,512,3166,6.183594
2657,512,3125,6.103516
2658,512,3125,6.103516
2659,512,3083,6.021484
2660,512,3084,6.023438
2661,512,3125,6.103516
2662,512,3042,5.941406
2663,512,3166,6.183594
2664,512,3042,5.941406
2665,512,3166,6.183594
2666,512,3209,6.267578
2667,512,3084,6.023438
2668,512,3166,6.183594
2669,512,3042,5.941406
2670,512,3167,6.185547
2671,512,3125,6.103516
2672,512,3083,6.021484
2673,512,3083,6.021484
2674,512,3125,6.103516
2675,512,3167,6.185547
2676,512,3166,6.183594
2677,512,3084,6.023438
2678,512,3042,5.941406
2679,512,3125,6.103516
2680,512,3125,6.103516
2681,512,3083,6.021484
2682,512,3083,6.021484
2683,512,3042,5.941406
2684,512,3000,5.859375
2685,512,3209,6.267578
2686,512,3125,6.103516
2687,512,3125,6.103516
2688,512,3417,6.673828
2689,512,3000,5.859375
2690,512,3167,6.185547
2691,512,3125,6.103516
2692,512,3209,6.267578
2693,512,3084,6.023438
2694,512,3084,6.023438
2695,512,3083,6.021484
2696,512,3000,5.859375
2697,512,3166,6.183594
2698,512,3084,6.023438
2699,512,3250,6.347656
2700,512,3125,6.103516
2701,512,3083,6.021484
2702,512,3083,6.021484
2703,512,3208,6.265625
2704,512,3208,6.265625
2705,512,3083,6.021484
2706,512,3125,6.103516
2707,512,3083,6.021484
2708,512,3083,6.021484
2709,512,3125,6.103516
2710,512,3000,5.859375
2711,512,3125,6.103516
2712,512,3042,5.941406
2713,512,3167,6.185547
2714,512,3000,5.859375
2715,512,3166,6.183594
2716,512,3042,5.941406
2717,512,3042,5.941406
2718,512,3166,6.183594
2719,512,3167,6.185547
2720,512,3083,6.021484
2721,512,3250,6.347656
2722,512,3041,5.939453
2723,512,2917,5.697266
2724,512,3125,6.103516
2725,512,3000,5.859375
2726,512,3042,5.941406
2727,512,3083,6.021484
2728,512,3042,5.941406
2729,512,3125,6.103516
2730,512,3000,5.859375
2731,512,3084,6.023438
2732,512,3083,6.021484
2733,512,3125,6.103516
2734,512,3125,6.103516
2735,512,3125,6.103516
2736,512,3041,5.939453
2737,512,3125,6.103516
2738,512,3042,5.941406
2739,512,3000,5.859375
2740,512,3042,5.941406
2741,512,3000,5.859375
2742,512,3208,6.265625
2743,512,3000,5.859375
2744,512,3250,6.347656
2745,512,3167,6.185547
2746,512,3166,6.183594
2747,512,3125,6.103516
2748,512,3125,6.103516
2749,512,3125,6.103516
2750,512,3125,6.103516
2751,512,3000,5.859375
2752,512,3125,6.103516
2753,512,3125,6.103516
2754,512,3000,5.859375
2755,512,3125,6.103516
2756,512,3125,6.103516
2757,512,3167,6.185547
2758,512,3083,6.021484
2759,512,3166,6.183594
2760,512,3209,6.267578
2761,512,3125,6.103516
2762,512,3125,6.103516
2763,512,3084,6.023438
2764,512,3209,6.267578
2765,512,3166,6.183594
2766,512,3167,6.185547
2767,512,3125,6.103516
2768,512,3166,6.183594
2769,512,3167,6.185547
2770,512,3125,6.103516
2771,512,3167,6.185547
2772,512,3083,6.021484
2773,512,3083,6.021484
2774,512,3167,6.185547
2775,512,3083,6.021484
2776,512,3125,6.103516
2777,512,3208,6.265625
2778,512,3167,6.185547
2779,512,3208,6.265625
2780,512,3042,5.941406
2781,512,3000,5.859375
2782,512,3084,6.023438
2783,512,3041,5.939453
2784,512,3083,6.021484
2785,512,3084,6.023438
2786,512,3250,6.347656
2787,512,3042,5.941406
2788,512,3000,5.859375
2789,512,2958,5.777344
2790,512,3125,6.103516
2791,512,3083,6.021484
2792,512,3083,6.021484
2793,512,3125,6.103516
2794,512,3083,6.021484
2795,512,3083,6.021484
2796,512,3166,6.183594
2797,512,3125,6.103516
2798,512,3209,6.267578
2799,512,3125,6.103516
2800,512,3041,5.939453
2801,512,3167,6.185547
2802,512,3041,5.939453
2803,512,3292,6.429688
2804,512,3083,6.021484
2805,512,3292,6.429688
2806,512,3166,6.183594
2807,512,3125,6.103516
2808,512,3042,5.941406
2809,512,3125,6.103516
2810,512,3166,6.183594
2811,512,3209,6.267578
2812,512,3208,6.265625
2813,512,3167,6.185547
2814,512,3208,6.265625
2815,512,3083,6.021484
2816,512,3209,6.267578
2817,512,3209,6.267578
2818,512,3125,6.103516
2819,512,3250,6.347656
2820,512,3083,6.021484
2821,512,3125,6.103516
2822,512,3250,6.347656
2823,512,3083,6.021484
2824,512,3083,6.021484
2825,512,3209,6.267578
2826,512,3083,6.021484
2827,512,3250,6.347656
2828,512,3208,6.265625
2829,512,3125,6.103516
2830,512,3042,5.941406
2831,512,3042,5.941406
2832,512,3167,6.185547
2833,512,3000,5.859375
2834,512,3042,5.941406
2835,512,3208,6.265625
2836,512,3125,6.103516
2837,512,3125,6.103516
2838,512,3083,6.021484
2839,512,3167,6.185547
2840,512,3084,6.023438
2841,512,3083,6.021484
2842,512,3167,6.185547
2843,512,3166,6.183594
2844,512,3167,6.185547
2845,512,3083,6.021484
2846,512,3125,6.103516
2847,512,3125,6.103516
2848,512,3125,6.103516
2849,512,3166,6.183594
2850,512,3167,6.185547
2851,512,3125,6.103516
2852,512,3125,6.103516
2853,512,3209,6.267578
2854,512,3166,6.183594
2855,512,3083,6.021484
2856,512,3209,6.267578
2857,512,3000,5.859375
2858,512,3084,6.023438
2859,512,3083,6.021484
2860,512,3000,5.859375
2861,512,3041,5.939453
2862,512,3084,6.023438
2863,512,3166,6.183594
2864,512,3084,6.023438
2865,512,3167,6.185547
2866,512,3083,6.021484
2867,512,3083,6.021484
2868,512,3167,6.185547
2869,512,2958,5.777344
2870,512,3041,5.939453
2871,512,3167,6.185547
2872,512,3083,6.021484
2873,512,2958,5.777344
2874,512,3166,6.183594
2875,512,3125,6.103516
2876,512,3167,6.185547
2877,512,3208,6.265625
2878,512,3209,6.267578
2879,512,3041,5.939453
2880,512,3167,6.185547
2881,512,3000,5.859375
2882,512,3041,5.939453
2883,512,3042,5.941406
2884,512,3167,6.185547
2885,512,3083,6.021484
2886,512,3166,6.183594
2887,512,3167,6.185547
2888,512,3208,6.265625
2889,512,2959,5.779297
2890,512,3084,6.023438
2891,512,3166,6.183594
2892,512,3042,5.941406
2893,512,3167,6.185547
2894,512,3041,5.939453
2895,512,3167,6.185547
2896,512,3291,6.427734
2897,512,3209,6.267578
2898,512,3250,6.347656
2899,512,3125,6.103516
2900,512,3125,6.103516
2901,512,3125,6.103516
2902,512,3125,6.103516
2903,512,3125,6.103516
2904,512,3125,6.103516
2905,512,3167,6.185547
2906,512,3250,6.347656
2907,512,3125,6.103516
2908,512,3167,6.185547
2909,512,3166,6.183594
2910,512,3084,6.023438
2911,512,3208,6.265625
2912,512,3125,6.103516
2913,512,3125,6.103516
2914,512,3000,5.859375
2915,512,3083,6.021484
2916,512,3083,6.021484
2917,512,3042,5.941406
2918,512,3084,6.023438
2919,512,3084,6.023438
2920,512,3083,6.021484
2921,512,3042,5.941406
2922,512,3125,6.103516
2923,512,3125,6.103516
2924,512,3083,6.021484
2925,512,3125,6.103516
2926,512,3042,5.941406
2927,512,3083,6.021484
2928,512,3084,6.023438
2929,512,3000,5.859375
2930,512,3208,6.265625
2931,512,3083,6.021484
2932,512,3125,6.103516
2933,512,3083,6.021484
2934,512,3208,6.265625
2935,512,3084,6.023438
2936,512,3083,6.021484
2937,512,3042,5.941406
2938,512,3125,6.103516
2939,512,3125,6.103516
2940,512,3166,6.183594
2941,512,3209,6.267578
2942,512,3125,6.103516
2943,512,3000,5.859375
2944,512,3334,6.511719
2945,512,3083,6.021484
2946,512,3167,6.185547
2947,512,3250,6.347656
2948,512,3041,5.939453
2949,512,3125,6.103516
2950,512,3042,5.941406
2951,512,3083,6.021484
2952,512,3000,5.859375
2953,512,3209,6.267578
2954,512,3084,6.023438
2955,512,3125,6.103516
2956,512,3083,6.021484
2957,512,3125,6.103516
2958,512,2959,5.779297
2959,512,3083,6.021484
2960,512,3083,6.021484
2961,512,3083,6.021484
2962,512,3125,6.103516
2963,512,3083,6.021484
2964,512,3000,5.859375
2965,512,3166,6.183594
2966,512,3125,6.103516
2967,512,3083,6.021484
2968,512,3083,6.021484
2969,512,3125,6.103516
2970,512,3000,5.859375
2971,512,3041,5.939453
2972,512,3167,6.185547
2973,512,3125,6.103516
2974,512,3083,6.021484
2975,512,3125,6.103516
2976,512,3167,6.185547
2977,512,3125,6.103516
2978,512,3125,6.103516
2979,512,3000,5.859375
2980,512,3208,6.265625
2981,512,3042,5.941406
2982,512,3125,6.103516
2983,512,3042,5.941406
2984,512,3166,6.183594
2985,512,3084,6.023438
2986,512,3125,6.103516
2987,512,3042,5.941406
2988,512,3333,6.509766
2989,512,3084,6.023438
2990,512,3125,6.103516
2991,512,3209,6.267578
2992,512,2917,5.697266
2993,512,3000,5.859375
2994,512,3083,6.021484
2995,512,3042,5.941406
2996,512,3042,5.941406
2997,512,3084,6.023438
2998,512,3041,5.939453
2999,512,2958,5.777344
3000,512,3125,6.103516
3001,512,3042,5.941406
3002,512,3125,6.103516
3003,512,3041,5.939453
3004,512,3084,6.023438
3005,512,3125,6.103516
3006,512,3084,6.023438
3007,512,3041,5.939453
3008,512,3167,6.185547
3009,512,3125,6.103516
3010,512,3167,6.185547
3011,512,3125,6.103516
3012,512,3041,5.939453
3013,512,3042,5.941406
3014,512,3125,6.103516
3015,512,3042,5.941406
3016,512,3125,6.103516
3017,512,3041,5.939453
3018,512,3209,6.267578
3019,512,3083,6.021484
3020,512,3166,6.183594
3021,512,3083,6.021484
3022,512,3125,6.103516
3023,512,3208,6.265625
3024,512,3125,6.103516
3025,512,3084,6.023438
3026,512,3041,5.939453
3027,512,3333,6.509766
3028,512,3125,6.103516
3029,512,3250,6.347656
3030,512,3125,6.103516
3031,512,3084,6.023438
3032,512,3125,6.103516
3033,512,3041,5.939453
3034,512,3125,6.103516
3035,512,3084,6.023438
3036,512,3042,5.941406
3037,512,3167,6.185547
3038,512,3125,6.103516
3039,512,3167,6.185547
3040,512,3083,6.021484
3041,512,3083,6.021484
3042,512,3167,6.185547
3043,512,3125,6.103516
3044,512,3125,6.103516
3045,512,3042,5.941406
3046,512,3125,6.103516
3047,512,3166,6.183594
3048,512,3125,6.103516
3049,512,3125,6.103516
3050,512,3209,6.267578
3051,512,3041,5.939453
3052,512,3042,5.941406
3053,512,3084,6.023438
3054,512,3083,6.021484
3055,512,3083,6.021484
3056,512,3125,6.103516
3057,512,3042,5.941406
3058,512,3125,6.103516
3059,512,3125,6.103516
3060,512,3041,5.939453
3061,512,3250,6.347656
3062,512,3167,6.185547
3063,512,3041,5.939453
3064,512,3167,6.185547
3065,512,3125,6.103516
3066,512,3083,6.021484
3067,512,3083,6.021484
3068,512,3125,6.103516
3069,512,3042,5.941406
3070,512,3125,6.103516
3071,512,2958,5.777344
3072,512,3166,6.183594
3073,512,3292,6.429688
3074,512,3083,6.021484
3075,512,3125,6.103516
3076,512,3125,6.103516
3077,512,3000,5.859375
3078,512,3041,5.939453
3079,512,3084,6.023438
3080,512,3166,6.183594
3081,512,3042,5.941406
3082,512,3000,5.859375
3083,512,3042,5.941406
3084,512,3042,5.941406
3085,512,3083,6.021484
3086,512,3167,6.185547
3087,512,2959,5.779297
3088,512,3208,6.265625
3089,512,3125,6.103516
3090,512,3167,6.185547
3091,512,3125,6.103516
3092,512,3125,6.103516
3093,512,3125,6.103516
3094,512,3125,6.103516
3095,512,3125,6.103516
3096,512,3083,6.021484
3097,512,3042,5.941406
3098,512,3083,6.021484
3099,512,3083,6.021484
3100,512,3125,6.103516
3101,512,3167,6.185547
3102,512,3291,6.427734
3103,512,3209,6.267578
3104,512,3250,6.347656
3105,512,3166,6.183594
3106,512,3167,6.185547
3107,512,3166,6.183594
3108,512,3125,6.103516
3109,512,3083,6.021484
3110,512,3125,6.103516
3111,512,3042,5.941406
3112,512,3125,6.103516
3113,512,3166,6.183594
3114,512,3125,6.103516
3115,512,3084,6.023438
3116,512,3083,6.021484
3117,512,3208,6.265625
3118,512,3042,5.941406
3119,512,3083,6.021484
3120,512,3125,6.103516
3121,512,3167,6.185547
3122,512,3167,6.185547
3123,512,3125,6.103516
3124,512,3084,6.023438
3125,512,3042,5.941406
3126,512,3125,6.103516
3127,512,3083,6.021484
3128,512,3125,6.103516
3129,512,3083,6.021484
3130,512,3083,6.021484
3131,512,3167,6.185547
3132,512,3083,6.021484
3133,512,3208,6.265625
3134,512,3250,6.347656
3135,512,3083,6.021484
3136,512,3125,6.103516
3137,512,3125,6.103516
3138,512,3125,6.103516
3139,512,3375,6.591797
3140,512,3250,6.347656
3141,512,3000,5.859375
3142,512,3334,6.511719
3143,512,3042,5.941406
3144,512,3083,6.021484
3145,512,3125,6.103516
3146,512,3209,6.267578
3147,512,3166,6.183594
3148,512,3042,5.941406
3149,512,3041,5.939453
3150,512,3125,6.103516
3151,512,3208,6.265625
3152,512,3167,6.185547
3153,512,3208,6.265625
3154,512,3166,6.183594
3155,512,3042,5.941406
3156,512,3208,6.265625
3157,512,3125,6.103516
3158,512,3167,6.185547
3159,512,3125,6.103516
3160,512,3250,6.347656
3161,512,3084,6.023438
3162,512,3084,6.023438
3163,512,3083,6.021484
3164,512,3166,6.183594
3165,512,3125,6.103516
3166,512,3208,6.265625
3167,512,3084,6.023438
3168,512,3250,6.347656
3169,512,3208,6.265625
3170,512,3042,5.941406
3171,512,3333,6.509766
3172,512,3083,6.021484
3173,512,3250,6.347656
3174,512,3125,6.103516
3175,512,3166,6.183594
3176,512,2959,5.779297
3177,512,3041,5.939453
3178,512,3042,5.941406
3179,512,3167,6.185547
3180,512,3125,6.103516
3181,512,3125,6.103516
3182,512,3041,5.939453
3183,512,3209,6.267578
3184,512,3208,6.265625
3185,512,3041,5.939453
3186,512,3084,6.023438
3187,512,3084,6.023438
3188,512,3125,6.103516
3189,512,3084,6.023438
3190,512,3125,6.103516
3191,512,3041,5.939453
3192,512,3125,6.103516
3193,512,3250,6.347656
3194,512,3042,5.941406
3195,512,3125,6.103516
3196,512,3167,6.185547
3197,512,3125,6.103516
3198,512,3333,6.509766
3199,512,3208,6.265625
3200,512,3292,6.429688
3201,512,3166,6.183594
3202,512,3042,5.941406
3203,512,3208,6.265625
3204,512,3167,6.185547
3205,512,3042,5.941406
3206,512,2959,5.779297
3207,512,3125,6.103516
3208,512,3084,6.023438
3209,512,3166,6.183594
3210,512,3125,6.103516
3211,512,3125,6.103516
3212,512,3167,6.185547
3213,512,3166,6.183594
3214,512,3125,6.103516
3215,512,3208,6.265625
3216,512,3042,5.941406
3217,512,3041,5.939453
3218,512,3042,5.941406
3219,512,2959,5.779297
3220,512,3208,6.265625
3221,512,3166,6.183594
3222,512,3084,6.023438
3223,512,3125,6.103516
3224,512,3125,6.103516
3225,512,3042,5.941406
3226,512,3083,6.021484
3227,512,3042,5.941406
3228,512,3125,6.103516
3229,512,3125,6.103516
3230,512,3209,6.267578
3231,512,3166,6.183594
3232,512,3209,6.267578
3233,512,3166,6.183594
3234,512,3125,6.103516
3235,512,3041,5.939453
3236,512,3125,6.103516
3237,512,2958,5.777344
3238,512,3167,6.185547
3239,512,3125,6.103516
3240,512,3166,6.183594
3241,512,3167,6.185547
3242,512,2958,5.777344
3243,512,3041,5.939453
3244,512,3042,5.941406
3245,512,3125,6.103516
3246,512,3125,6.103516
3247,512,3125,6.103516
3248,512,3000,5.859375
3249,512,3083,6.021484
3250,512,3250,6.347656
3251,512,3125,6.103516
3252,512,3084,6.023438
3253,512,3125,6.103516
3254,512,3167,6.185547
3255,512,3167,6.185547
3256,512,3041,5.939453
3257,512,3167,6.185547
3258,512,3125,6.103516
3259,512,3125,6.103516
3260,512,3125,6.103516
3261,512,3125,6.103516
3262,512,3042,5.941406
3263,512,3041,5.939453
3264,512,3042,5.941406
3265,512,3125,6.103516
3266,512,3084,6.023438
3267,512,3000,5.859375
3268,512,3292,6.429688
3269,512,3000,5.859375
3270,512,2916,5.695312
3271,512,3125,6.103516
3272,512,3208,6.265625
3273,512,3167,6.185547
3274,512,3083,6.021484
3275,512,3125,6.103516
3276,512,3167,6.185547
3277,512,3208,6.265625
3278,512,3250,6.347656
3279,512,3084,6.023438
3280,512,3083,6.021484
3281,512,3042,5.941406
3282,512,3084,6.023438
3283,512,3250,6.347656
3284,512,3166,6.183594
3285,512,3167,6.185547
3286,512,3125,6.103516
3287,512,3042,5.941406
3288,512,3167,6.185547
3289,512,3125,6.103516
3290,512,3250,6.347656
3291,512,3125,6.103516
3292,512,3208,6.265625
3293,512,3208,6.265625
3294,512,3125,6.103516
3295,512,3042,5.941406
3296,512,3041,5.939453
3297,512,3083,6.021484
3298,512,3209,6.267578
3299,512,3041,5.939453
3300,512,3209,6.267578
3301,512,3000,5.859375
3302,512,3166,6.183594
3303,512,3167,6.185547
3304,512,3125,6.103516
3305,512,3041,5.939453
3306,512,3000,5.859375
3307,512,3167,6.185547
3308,512,3167,6.185547
3309,512,3042,5.941406
3310,512,3083,6.021484
3311,512,3125,6.103516
3312,512,3000,5.859375
3313,512,3083,6.021484
3314,512,3125,6.103516
3315,512,3208,6.265625
3316,512,3084,6.023438
3317,512,3041,5.939453
3318,512,3083,6.021484
3319,512,3167,6.185547
3320,512,3208,6.265625
3321,512,3167,6.185547
3322,512,3250,6.347656
3323,512,3125,6.103516
3324,512,3125,6.103516
3325,512,3042,5.941406
3326,512,3167,6.185547
3327,512,3083,6.021484
3328,512,3167,6.185547
3329,512,3041,5.939453
3330,512,3167,6.185547
3331,512,3125,6.103516
3332,512,3041,5.939453
3333,512,3125,6.103516
3334,512,3167,6.185547
3335,512,3042,5.941406
3336,512,3000,5.859375
3337,512,3042,5.941406
3338,512,3125,6.103516
3339,512,2958,5.777344
3340,512,3125,6.103516
3341,512,3250,6.347656
3342,512,3042,5.941406
3343,512,3083,6.021484
3344,512,3208,6.265625
3345,512,3250,6.347656
3346,512,3125,6.103516
3347,512,3209,6.267578
3348,512,3125,6.103516
3349,512,3041,5.939453
3350,512,3083,6.021484
3351,512,3042,5.941406
3352,512,3125,6.103516
3353,512,3209,6.267578
3354,512,3166,6.183594
3355,512,3208,6.265625
3356,512,3167,6.185547
3357,512,3375,6.591797
3358,512,3083,6.021484
3359,512,3208,6.265625
3360,512,3083,6.021484
3361,512,3167,6.185547
3362,512,3166,6.183594
3363,512,3250,6.347656
3364,512,3250,6.347656
3365,512,3333,6.509766
3366,512,3125,6.103516
3367,512,3083,6.021484
3368,512,3208,6.265625
3369,512,3125,6.103516
3370,512,3792,7.406250
3371,512,4083,7.974609
3372,512,4083,7.974609
3373,512,3917,7.650391
3374,512,4000,7.812500
3375,512,3125,6.103516
3376,512,3375,6.591797
3377,512,3292,6.429688
3378,512,3083,6.021484
3379,512,3125,6.103516
3380,512,3250,6.347656
3381,512,3166,6.183594
3382,512,3125,6.103516
3383,512,3125,6.103516
3384,512,3167,6.185547
3385,512,3125,6.103516
3386,512,3209,6.267578
3387,512,3291,6.427734
3388,512,3167,6.185547
3389,512,3125,6.103516
3390,512,3208,6.265625
3391,512,3125,6.103516
3392,512,3250,6.347656
3393,512,3125,6.103516
3394,512,3334,6.511719
3395,512,3167,6.185547
3396,512,3125,6.103516
3397,512,3167,6.185547
3398,512,3458,6.753906
3399,512,3250,6.347656
3400,512,3333,6.509766
3401,512,3125,6.103516
3402,512,3167,6.185547
3403,512,3166,6.183594
3404,512,3208,6.265625
3405,512,3042,5.941406
3406,512,3500,6.835938
3407,512,4209,8.220703
3408,512,4000,7.812500
3409,512,4000,7.812500
3410,512,3833,7.486328
3411,512,3375,6.591797
3412,512,3209,6.267578
3413,512,3250,6.347656
3414,512,3291,6.427734
3415,512,3125,6.103516
3416,512,3083,6.021484
3417,512,3083,6.021484
3418,512,3292,6.429688
3419,512,3083,6.021484
3420,512,3250,6.347656
3421,512,3083,6.021484
3422,512,3166,6.183594
3423,512,3292,6.429688
3424,512,3083,6.021484
3425,512,3292,6.429688
3426,512,3125,6.103516
3427,512,3167,6.185547
3428,512,3208,6.265625
3429,512,3083,6.021484
3430,512,3125,6.103516
3431,512,3167,6.185547
3432,512,3208,6.265625
3433,512,3250,6.347656
3434,512,3208,6.265625
3435,512,3208,6.265625
3436,512,3208,6.265625
3437,512,3208,6.265625
3438,512,3125,6.103516
3439,512,3042,5.941406
3440,512,3166,6.183594
3441,512,3209,6.267578
3442,512,3084,6.023438
3443,512,3167,6.185547
3444,512,3041,5.939453
3445,512,3167,6.185547
3446,512,3125,6.103516
3447,512,3209,6.267578
3448,512,3166,6.183594
3449,512,3042,5.941406
3450,512,3292,6.429688
3451,512,3208,6.265625
3452,512,3166,6.183594
3453,512,3292,6.429688
3454,512,3208,6.265625
3455,512,3083,6.021484
3456,512,3458,6.753906
3457,512,3083,6.021484
3458,512,3292,6.429688
3459,512,3208,6.265625
3460,512,3208,6.265625
3461,512,3250,6.347656
3462,512,3208,6.265625
3463,512,3167,6.185547
3464,512,3208,6.265625
3465,512,3083,6.021484
3466,512,3250,6.347656
3467,512,3166,6.183594
3468,512,3208,6.265625
3469,512,3209,6.267578
3470,512,3166,6.183594
3471,512,3125,6.103516
3472,512,3208,6.265625
3473,512,3125,6.103516
3474,512,3208,6.265625
3475,512,3208,6.265625
3476,512,3209,6.267578
3477,512,3167,6.185547
3478,512,3250,6.347656
3479,512,3084,6.023438
3480,512,3166,6.183594
3481,512,3209,6.267578
3482,512,3208,6.265625
3483,512,3166,6.183594
3484,512,3125,6.103516
3485,512,3208,6.265625
3486,512,3166,6.183594
3487,512,3209,6.267578
3488,512,3167,6.185547
3489,512,3208,6.265625
3490,512,3167,6.185547
3491,512,3250,6.347656
3492,512,3083,6.021484
3493,512,3125,6.103516
3494,512,3291,6.427734
3495,512,3209,6.267578
3496,512,3208,6.265625
3497,512,3167,6.185547
3498,512,3167,6.185547
3499,512,3250,6.347656
3500,512,3250,6.347656
3501,512,3125,6.103516
3502,512,3208,6.265625
3503,512,3125,6.103516
3504,512,3166,6.183594
3505,512,3208,6.265625
3506,512,3250,6.347656
3507,512,3250,6.347656
3508,512,3292,6.429688
3509,512,3291,6.427734
3510,512,3000,5.859375
3511,512,3250,6.347656
3512,512,3125,6.103516
3513,512,3208,6.265625
3514,512,3250,6.347656
3515,512,3208,6.265625
3516,512,3209,6.267578
3517,512,3166,6.183594
3518,512,3250,6.347656
3519,512,3250,6.347656
3520,512,3208,6.265625
3521,512,3209,6.267578
3522,512,3291,6.427734
3523,512,3084,6.023438
3524,512,3250,6.347656
3525,512,3334,6.511719
3526,512,3083,6.021484
3527,512,3250,6.347656
3528,512,3167,6.185547
3529,512,3125,6.103516
3530,512,3041,5.939453
3531,512,3500,6.835938
3532,512,3084,6.023438
3533,512,3167,6.185547
3534,512,3125,6.103516
3535,512,3250,6.347656
3536,512,3208,6.265625
3537,512,3167,6.185547
3538,512,3208,6.265625
3539,512,3250,6.347656
3540,512,3125,6.103516
3541,512,3041,5.939453
3542,512,3167,6.185547
3543,512,3250,6.347656
3544,512,3167,6.185547
3545,512,3250,6.347656
3546,512,3166,6.183594
3547,512,3250,6.347656
3548,512,3208,6.265625
3549,512,3334,6.511719
3550,512,3125,6.103516
3551,512,3167,6.185547
3552,512,3208,6.265625
3553,512,3167,6.185547
3554,512,3167,6.185547
3555,512,3125,6.103516
3556,512,3125,6.103516
3557,512,3084,6.023438
3558,512,3208,6.265625
3559,512,3208,6.265625
3560,512,3125,6.103516
3561,512,3167,6.185547
3562,512,3167,6.185547
3563,512,3125,6.103516
3564,512,3250,6.347656
3565,512,3083,6.021484
3566,512,3208,6.265625
3567,512,3209,6.267578
3568,512,3208,6.265625
3569,512,3208,6.265625
3570,512,3084,6.023438
3571,512,3167,6.185547
3572,512,3083,6.021484
3573,512,3208,6.265625
3574,512,3167,6.185547
3575,512,3166,6.183594
3576,512,3167,6.185547
3577,512,3125,6.103516
3578,512,3125,6.103516
3579,512,3292,6.429688
3580,512,3208,6.265625
3581,512,3250,6.347656
3582,512,3083,6.021484
3583,512,3209,6.267578
3584,512,3375,6.591797
3585,512,3333,6.509766
3586,512,3250,6.347656
3587,512,3167,6.185547
3588,512,3208,6.265625
3589,512,3083,6.021484
3590,512,3125,6.103516
3591,512,3167,6.185547
3592,512,3166,6.183594
3593,512,3167,6.185547
3594,512,3209,6.267578
3595,512,3166,6.183594
3596,512,3167,6.185547
3597,512,3125,6.103516
3598,512,3166,6.183594
3599,512,3292,6.429688
3600,512,3125,6.103516
3601,512,3291,6.427734
3602,512,3125,6.103516
3603,512,3083,6.021484
3604,512,3125,6.103516
3605,512,3209,6.267578
3606,512,3250,6.347656
3607,512,3250,6.347656
3608,512,3125,6.103516
3609,512,3208,6.265625
3610,512,3250,6.347656
3611,512,3084,6.023438
3612,512,3084,6.023438
3613,512,3250,6.347656
3614,512,3208,6.265625
3615,512,3208,6.265625
3616,512,3209,6.267578
3617,512,3292,6.429688
3618,512,3166,6.183594
3619,512,3209,6.267578
3620,512,3125,6.103516
3621,512,3292,6.429688
3622,512,3208,6.265625
3623,512,3208,6.265625
3624,512,3167,6.185547
3625,512,3333,6.509766
3626,512,3209,6.267578
3627,512,3250,6.347656
3628,512,3125,6.103516
3629,512,3208,6.265625
3630,512,3167,6.185547
3631,512,3209,6.267578
3632,512,3291,6.427734
3633,512,3208,6.265625
3634,512,3209,6.267578
3635,512,3166,6.183594
3636,512,3125,6.103516
3637,512,3209,6.267578
3638,512,3250,6.347656
3639,512,3209,6.267578
3640,512,3166,6.183594
3641,512,3084,6.023438
3642,512,3333,6.509766
3643,512,3042,5.941406
3644,512,3166,6.183594
3645,512,3250,6.347656
3646,512,3208,6.265625
3647,512,3125,6.103516
3648,512,3209,6.267578
3649,512,3208,6.265625
3650,512,3083,6.021484
3651,512,3125,6.103516
3652,512,3167,6.185547
3653,512,3125,6.103516
3654,512,3166,6.183594
3655,512,3042,5.941406
3656,512,3083,6.021484
3657,512,3250,6.347656
3658,512,3209,6.267578
3659,512,3334,6.511719
3660,512,3333,6.509766
3661,512,3041,5.939453
3662,512,3167,6.185547
3663,512,3125,6.103516
3664,512,3125,6.103516
3665,512,3166,6.183594
3666,512,3084,6.023438
3667,512,3125,6.103516
3668,512,3084,6.023438
3669,512,3084,6.023438
3670,512,3208,6.265625
3671,512,3042,5.941406
3672,512,3083,6.021484
3673,512,3125,6.103516
3674,512,3042,5.941406
3675,512,3208,6.265625
3676,512,3042,5.941406
3677,512,3042,5.941406
3678,512,3125,6.103516
3679,512,3167,6.185547
3680,512,3125,6.103516
3681,512,3208,6.265625
3682,512,3208,6.265625
3683,512,3125,6.103516
3684,512,3166,6.183594
3685,512,3042,5.941406
3686,512,3166,6.183594
3687,512,3000,5.859375
3688,512,3125,6.103516
3689,512,3042,5.941406
3690,512,3083,6.021484
3691,512,3167,6.185547
3692,512,3208,6.265625
3693,512,3084,6.023438
3694,512,3125,6.103516
3695,512,3250,6.347656
3696,512,3125,6.103516
3697,512,3042,5.941406
3698,512,3167,6.185547
3699,512,3167,6.185547
3700,512,3125,6.103516
3701,512,3166,6.183594
3702,512,3167,6.185547
3703,512,3083,6.021484
3704,512,3167,6.185547
3705,512,3166,6.183594
3706,512,3083,6.021484
3707,512,3209,6.267578
3708,512,3000,5.859375
3709,512,3250,6.347656
3710,512,3250,6.347656
3711,512,3041,5.939453
3712,512,3292,6.429688
3713,512,3083,6.021484
3714,512,3042,5.941406
3715,512,3083,6.021484
3716,512,3083,6.021484
3717,512,3167,6.185547
3718,512,3125,6.103516
3719,512,3084,6.023438
3720,512,3042,5.941406
3721,512,3083,6.021484
3722,512,3042,5.941406
3723,512,3042,5.941406
3724,512,3083,6.021484
3725,512,3166,6.183594
3726,512,3042,5.941406
3727,512,3084,6.023438
3728,512,3167,6.185547
3729,512,3083,6.021484
3730,512,3166,6.183594
3731,512,3084,6.023438
3732,512,3125,6.103516
3733,512,3041,5.939453
3734,512,3083,6.021484
3735,512,3125,6.103516
3736,512,3042,5.941406
3737,512,3250,6.347656
3738,512,3125,6.103516
3739,512,3167,6.185547
3740,512,3167,6.185547
3741,512,3083,6.021484
3742,512,3292,6.429688
3743,512,3083,6.021484
3744,512,3000,5.859375
3745,512,3167,6.185547
3746,512,3083,6.021484
3747,512,3167,6.185547
3748,512,3000,5.859375
3749,512,3083,6.021484
3750,512,3250,6.347656
3751,512,3166,6.183594
3752,512,3000,5.859375
3753,512,3083,6.021484
3754,512,3084,6.023438
3755,512,3041,5.939453
3756,512,3042,5.941406
3757,512,3125,6.103516
3758,512,3166,6.183594
3759,512,3125,6.103516
3760,512,2958,5.777344
3761,512,3167,6.185547
3762,512,3208,6.265625
3763,512,3042,5.941406
3764,512,3125,6.103516
3765,512,3125,6.103516
3766,512,3000,5.859375
3767,512,3125,6.103516
3768,512,3250,6.347656
3769,512,3125,6.103516
3770,512,3166,6.183594
3771,512,3083,6.021484
3772,512,3084,6.023438
3773,512,3125,6.103516
3774,512,3084,6.023438
3775,512,3000,5.859375
3776,512,3084,6.023438
3777,512,3041,5.939453
3778,512,3125,6.103516
3779,512,3000,5.859375
3780,512,3125,6.103516
3781,512,3084,6.023438
3782,512,3083,6.021484
3783,512,3083,6.021484
3784,512,3250,6.347656
3785,512,3167,6.185547
3786,512,3125,6.103516
3787,512,3208,6.265625
3788,512,3083,6.021484
3789,512,3208,6.265625
3790,512,3042,5.941406
3791,512,3083,6.021484
3792,512,3209,6.267578
3793,512,3209,6.267578
3794,512,3167,6.185547
3795,512,3167,6.185547
3796,512,3208,6.265625
3797,512,3083,6.021484
3798,512,3125,6.103516
3799,512,3083,6.021484
3800,512,3042,5.941406
3801,512,3083,6.021484
3802,512,3167,6.185547
3803,512,3000,5.859375
3804,512,3042,5.941406
3805,512,3125,6.103516
3806,512,3000,5.859375
3807,512,3125,6.103516
3808,512,3083,6.021484
3809,512,3167,6.185547
3810,512,3125,6.103516
3811,512,3041,5.939453
3812,512,3083,6.021484
3813,512,3084,6.023438
3814,512,3250,6.347656
3815,512,3042,5.941406
3816,512,3041,5.939453
3817,512,3167,6.185547
3818,512,3083,6.021484
3819,512,3125,6.103516
3820,512,3083,6.021484
3821,512,3083,6.021484
3822,512,3083,6.021484
3823,512,3083,6.021484
3824,512,3167,6.185547
3825,512,3125,6.103516
3826,512,3125,6.103516
3827,512,3167,6.185547
3828,512,3083,6.021484
3829,512,3209,6.267578
3830,512,3083,6.021484
3831,512,3250,6.347656
3832,512,3166,6.183594
3833,512,3042,5.941406
3834,512,2959,5.779297
3835,512,3209,6.267578
3836,512,3166,6.183594
3837,512,3167,6.185547
3838,512,3208,6.265625
3839,512,3167,6.185547
3840,512,3125,6.103516
3841,512,3083,6.021484
3842,512,3167,6.185547
3843,512,3042,5.941406
3844,512,3083,6.021484
3845,512,3208,6.265625
3846,512,3125,6.103516
3847,512,3208,6.265625
3848,512,3167,6.185547
3849,512,3166,6.183594
3850,512,3084,6.023438
3851,512,3125,6.103516
3852,512,3125,6.103516
3853,512,3208,6.265625
3854,512,3125,6.103516
3855,512,3083,6.021484
3856,512,3125,6.103516
3857,512,3167,6.185547
3858,512,3125,6.103516
3859,512,3083,6.021484
3860,512,3084,6.023438
3861,512,3125,6.103516
3862,512,3166,6.183594
3863,512,3000,5.859375
3864,512,3083,6.021484
3865,512,3208,6.265625
3866,512,3125,6.103516
3867,512,3167,6.185547
3868,512,3083,6.021484
3869,512,3167,6.185547
3870,512,3125,6.103516
3871,512,3291,6.427734
3872,512,3125,6.103516
3873,512,3083,6.021484
3874,512,3084,6.023438
3875,512,3167,6.185547
3876,512,3083,6.021484
3877,512,3167,6.185547
3878,512,3083,6.021484
3879,512,3125,6.103516
3880,512,3083,6.021484
3881,512,3000,5.859375
3882,512,3167,6.185547
3883,512,3166,6.183594
3884,512,3042,5.941406
3885,512,3208,6.265625
3886,512,3084,6.023438
3887,512,3083,6.021484
3888,512,3166,6.183594
3889,512,3167,6.185547
3890,512,3125,6.103516
3891,512,3041,5.939453
3892,512,3209,6.267578
3893,512,3083,6.021484
3894,512,3083,6.021484
3895,512,3041,5.939453
3896,512,3084,6.023438
3897,512,3166,6.183594
3898,512,3167,6.185547
3899,512,3167,6.185547
3900,512,3208,6.265625
3901,512,3208,6.265625
3902,512,3084,6.023438
3903,512,3167,6.185547
3904,512,3208,6.265625
3905,512,3125,6.103516
3906,512,3167,6.185547
3907,512,3083,6.021484
3908,512,3084,6.023438
3909,512,3083,6.021484
3910,512,3125,6.103516
3911,512,3083,6.021484
3912,512,3292,6.429688
3913,512,3167,6.185547
3914,512,3084,6.023438
3915,512,3041,5.939453
3916,512,3083,6.021484
3917,512,3250,6.347656
3918,512,3084,6.023438
3919,512,3250,6.347656
3920,512,3125,6.103516
3921,512,3042,5.941406
3922,512,3000,5.859375
3923,512,3084,6.023438
3924,512,3166,6.183594
3925,512,3167,6.185547
3926,512,3125,6.103516
3927,512,3125,6.103516
3928,512,3208,6.265625
3929,512,3042,5.941406
3930,512,3083,6.021484
3931,512,2958,5.777344
3932,512,3125,6.103516
3933,512,3084,6.023438
3934,512,3000,5.859375
3935,512,3083,6.021484
3936,512,3083,6.021484
3937,512,3084,6.023438
3938,512,3084,6.023438
3939,512,3209,6.267578
3940,512,3125,6.103516
3941,512,3083,6.021484
3942,512,3042,5.941406
3943,512,3083,6.021484
3944,512,3041,5.939453
3945,512,3167,6.185547
3946,512,3167,6.185547
3947,512,3250,6.347656
3948,512,3083,6.021484
3949,512,3083,6.021484
3950,512,3083,6.021484
3951,512,3125,6.103516
3952,512,3083,6.021484
3953,512,3167,6.185547
3954,512,3208,6.265625
3955,512,3125,6.103516
3956,512,3042,5.941406
3957,512,3000,5.859375
3958,512,3125,6.103516
3959,512,3125,6.103516
3960,512,3166,6.183594
3961,512,3167,6.185547
3962,512,6708,13.101562
3963,512,3000,5.859375
3964,512,3000,5.859375
3965,512,3083,6.021484
3966,512,3125,6.103516
3967,512,3084,6.023438
3968,512,3334,6.511719
3969,512,3000,5.859375
3970,512,3208,6.265625
3971,512,3083,6.021484
3972,512,3250,6.347656
3973,512,3167,6.185547
3974,512,3208,6.265625
3975,512,3125,6.103516
3976,512,3125,6.103516
3977,512,2958,5.777344
3978,512,3084,6.023438
3979,512,3166,6.183594
3980,512,3042,5.941406
3981,512,3000,5.859375
3982,512,3250,6.347656
3983,512,2917,5.697266
3984,512,3041,5.939453
3985,512,3042,5.941406
3986,512,3125,6.103516
3987,512,3125,6.103516
3988,512,3042,5.941406
3989,512,3042,5.941406
3990,512,3125,6.103516
3991,512,3000,5.859375
3992,512,3084,6.023438
3993,512,3208,6.265625
3994,512,3166,6.183594
3995,512,3042,5.941406
3996,512,3208,6.265625
3997,512,3042,5.941406
3998,512,3042,5.941406
3999,512,3125,6.103516
4000,512,3125,6.103516
4001,512,3125,6.103516
4002,512,3084,6.023438
4003,512,2958,5.777344
4004,512,3125,6.103516
4005,512,3167,6.185547
4006,512,3125,6.103516
4007,512,3083,6.021484
4008,512,3167,6.185547
4009,512,3000,5.859375
4010,512,3125,6.103516
4011,512,3125,6.103516
4012,512,2959,5.779297
4013,512,3125,6.103516
4014,512,3041,5.939453
4015,512,3000,5.859375
4016,512,3042,5.941406
4017,512,3083,6.021484
4018,512,3083,6.021484
4019,512,3083,6.021484
4020,512,2958,5.777344
4021,512,3042,5.941406
4022,512,3084,6.023438
4023,512,3125,6.103516
4024,512,3041,5.939453
4025,512,3084,6.023438
4026,512,3042,5.941406
4027,512,3208,6.265625
4028,512,3292,6.429688
4029,512,3125,6.103516
4030,512,3208,6.265625
4031,512,3084,6.023438
4032,512,3125,6.103516
4033,512,3041,5.939453
4034,512,3167,6.185547
4035,512,3000,5.859375
4036,512,3166,6.183594
4037,512,3084,6.023438
4038,512,3250,6.347656
4039,512,3250,6.347656
4040,512,3083,6.021484
4041,512,3167,6.185547
4042,512,3208,6.265625
4043,512,3125,6.103516
4044,512,3125,6.103516
4045,512,3042,5.941406
4046,512,3292,6.429688
4047,512,3042,5.941406
4048,512,3041,5.939453
4049,512,3125,6.103516
4050,512,3125,6.103516
4051,512,3167,6.185547
4052,512,3042,5.941406
4053,512,3166,6.183594
4054,512,3084,6.023438
4055,512,3041,5.939453
4056,512,3208,6.265625
4057,512,3084,6.023438
4058,512,3083,6.021484
4059,512,3208,6.265625
4060,512,3167,6.185547
4061,512,3167,6.185547
4062,512,3042,5.941406
4063,512,3250,6.347656
4064,512,3209,6.267578
4065,512,3125,6.103516
4066,512,3042,5.941406
4067,512,3083,6.021484
4068,512,3041,5.939453
4069,512,3250,6.347656
4070,512,3167,6.185547
4071,512,3125,6.103516
4072,512,3042,5.941406
4073,512,3125,6.103516
4074,512,3167,6.185547
4075,512,3125,6.103516
4076,512,3000,5.859375
4077,512,3250,6.347656
4078,512,3125,6.103516
4079,512,3083,6.021484
4080,512,3083,6.021484
4081,512,3167,6.185547
4082,512,3083,6.021484
4083,512,3042,5.941406
4084,512,3125,6.103516
4085,512,3125,6.103516
4086,512,3083,6.021484
4087,512,3208,6.265625
4088,512,3209,6.267578
4089,512,3042,5.941406
4090,512,3125,6.103516
4091,512,3125,6.103516
4092,512,3166,6.183594
4093,512,3167,6.185547
4094,512,3125,6.103516
4095,512,3083,6.021484
4096,512,3125,6.103516
4097,512,3125,6.103516
4098,512,3125,6.103516
4099,512,3125,6.103516
4100,512,3125,6.103516
4101,512,3125,6.103516
4102,512,3125,6.103516
4103,512,3000,5.859375
4104,512,3208,6.265625
4105,512,3083,6.021484
4106,512,3042,5.941406
4107,512,3042,5.941406
4108,512,3041,5.939453
4109,512,3084,6.023438
4110,512,3042,5.941406
4111,512,3083,6.021484
4112,512,3125,6.103516
4113,512,3208,6.265625
4114,512,3041,5.939453
4115,512,3250,6.347656
4116,512,3042,5.941406
4117,512,3125,6.103516
4118,512,3167,6.185547
4119,512,3000,5.859375
4120,512,3209,6.267578
4121,512,3125,6.103516
4122,512,3250,6.347656
4123,512,3084,6.023438
4124,512,3125,6.103516
4125,512,3125,6.103516
4126,512,3167,6.185547
4127,512,3083,6.021484
4128,512,3042,5.941406
4129,512,3209,6.267578
4130,512,3125,6.103516
4131,512,3291,6.427734
4132,512,3084,6.023438
4133,512,3125,6.103516
4134,512,3167,6.185547
4135,512,3083,6.021484
4136,512,3250,6.347656
4137,512,3209,6.267578
4138,512,3125,6.103516
4139,512,3041,5.939453
4140,512,3167,6.185547
4141,512,3125,6.103516
4142,512,3042,5.941406
4143,512,3125,6.103516
4144,512,3125,6.103516
4145,512,3042,5.941406
4146,512,3083,6.021484
4147,512,3125,6.103516
4148,512,3209,6.267578
4149,512,3125,6.103516
4150,512,3167,6.185547
4151,512,3166,6.183594
4152,512,3084,6.023438
4153,512,3209,6.267578
4154,512,3125,6.103516
4155,512,3167,6.185547
4156,512,3125,6.103516
4157,512,3209,6.267578
4158,512,3166,6.183594
4159,512,3125,6.103516
4160,512,3041,5.939453
4161,512,3125,6.103516
4162,512,3083,6.021484
4163,512,3042,5.941406
4164,512,3125,6.103516
4165,512,3167,6.185547
4166,512,3125,6.103516
4167,512,3208,6.265625
4168,512,3209,6.267578
4169,512,3125,6.103516
4170,512,3250,6.347656
4171,512,3167,6.185547
4172,512,3166,6.183594
4173,512,3917,7.650391
4174,512,4041,7.892578
4175,512,3917,7.650391
4176,512,4083,7.974609
4177,512,3958,7.730469
4178,512,3917,7.650391
4179,512,3834,7.488281
4180,512,3875,7.568359
4181,512,4250,8.300781
4182,512,3500,6.835938
4183,512,3167,6.185547
4184,512,3083,6.021484
4185,512,3083,6.021484
4186,512,3167,6.185547
4187,512,3125,6.103516
4188,512,3125,6.103516
4189,512,3167,6.185547
4190,512,3167,6.185547
4191,512,3000,5.859375
4192,512,3000,5.859375
4193,512,3000,5.859375
4194,512,3166,6.183594
4195,512,3125,6.103516
4196,512,3083,6.021484
4197,512,3125,6.103516
4198,512,3166,6.183594
4199,512,3208,6.265625
4200,512,3125,6.103516
4201,512,3042,5.941406
4202,512,3167,6.185547
4203,512,3083,6.021484
4204,512,3125,6.103516
4205,512,3083,6.021484
4206,512,3167,6.185547
4207,512,3000,5.859375
4208,512,3084,6.023438
4209,512,3083,6.021484
4210,512,3125,6.103516
4211,512,3000,5.859375
4212,512,3166,6.183594
4213,512,3042,5.941406
4214,512,3083,6.021484
4215,512,2959,5.779297
4216,512,3083,6.021484
4217,512,3125,6.103516
4218,512,3041,5.939453
4219,512,3000,5.859375
4220,512,3125,6.103516
4221,512,3000,5.859375
4222,512,3167,6.185547
4223,512,3125,6.103516
4224,512,3291,6.427734
4225,512,3125,6.103516
4226,512,3084,6.023438
4227,512,3125,6.103516
4228,512,3083,6.021484
4229,512,3125,6.103516
4230,512,3041,5.939453
4231,512,3084,6.023438
4232,512,3041,5.939453
4233,512,3084,6.023438
4234,512,3083,6.021484
4235,512,3083,6.021484
4236,512,3125,6.103516
4237,512,3042,5.941406
4238,512,3125,6.103516
4239,512,3166,6.183594
4240,512,3167,6.185547
4241,512,3125,6.103516
4242,512,3042,5.941406
4243,512,3125,6.103516
4244,512,3167,6.185547
4245,512,3000,5.859375
4246,512,3166,6.183594
4247,512,2959,5.779297
4248,512,3084,6.023438
4249,512,3125,6.103516
4250,512,3250,6.347656
4251,512,3167,6.185547
4252,512,3167,6.185547
4253,512,3166,6.183594
4254,512,3250,6.347656
4255,512,3083,6.021484
4256,512,3167,6.185547
4257,512,3167,6.185547
4258,512,3125,6.103516
4259,512,3167,6.185547
4260,512,3041,5.939453
4261,512,3125,6.103516
4262,512,3042,5.941406
4263,512,3125,6.103516
4264,512,3042,5.941406
4265,512,3042,5.941406
4266,512,3000,5.859375
4267,512,3208,6.265625
4268,512,3042,5.941406
4269,512,3084,6.023438
4270,512,3042,5.941406
4271,512,3083,6.021484
4272,512,3125,6.103516
4273,512,3167,6.185547
4274,512,3041,5.939453
4275,512,3167,6.185547
4276,512,3083,6.021484
4277,512,3125,6.103516
4278,512,3041,5.939453
4279,512,3125,6.103516
4280,512,3250,6.347656
4281,512,3084,6.023438
4282,512,3166,6.183594
4283,512,3084,6.023438
4284,512,3083,6.021484
4285,512,3166,6.183594
4286,512,3000,5.859375
4287,512,3125,6.103516
4288,512,3042,5.941406
4289,512,3083,6.021484
4290,512,3042,5.941406
4291,512,3042,5.941406
4292,512,3208,6.265625
4293,512,3000,5.859375
4294,512,3125,6.103516
4295,512,3125,6.103516
4296,512,3083,6.021484
4297,512,3084,6.023438
4298,512,3125,6.103516
4299,512,3042,5.941406
4300,512,3208,6.265625
4301,512,3041,5.939453
4302,512,3125,6.103516
4303,512,3000,5.859375
4304,512,3167,6.185547
4305,512,3042,5.941406
4306,512,3084,6.023438
4307,512,3166,6.183594
4308,512,3000,5.859375
4309,512,3125,6.103516
4310,512,3125,6.103516
4311,512,3083,6.021484
4312,512,3125,6.103516
4313,512,3125,6.103516
4314,512,3125,6.103516
4315,512,3125,6.103516
4316,512,3125,6.103516
4317,512,3167,6.185547
4318,512,3125,6.103516
4319,512,3042,5.941406
4320,512,3166,6.183594
4321,512,3084,6.023438
4322,512,3125,6.103516
4323,512,3084,6.023438
4324,512,3041,5.939453
4325,512,3000,5.859375
4326,512,3125,6.103516
4327,512,3083,6.021484
4328,512,3000,5.859375
4329,512,3084,6.023438
4330,512,3166,6.183594
4331,512,3084,6.023438
4332,512,3000,5.859375
4333,512,3208,6.265625
4334,512,3084,6.023438
4335,512,3125,6.103516
4336,512,3209,6.267578
4337,512,3125,6.103516
4338,512,3208,6.265625
4339,512,3125,6.103516
4340,512,3167,6.185547
4341,512,3041,5.939453
4342,512,3208,6.265625
4343,512,3167,6.185547
4344,512,3208,6.265625
4345,512,3041,5.939453
4346,512,3084,6.023438
4347,512,3084,6.023438
4348,512,3250,6.347656
4349,512,3208,6.265625
4350,512,2958,5.777344
4351,512,3125,6.103516
4352,512,3125,6.103516
4353,512,3125,6.103516
4354,512,3083,6.021484
4355,512,3125,6.103516
4356,512,3083,6.021484
4357,512,3166,6.183594
4358,512,3125,6.103516
4359,512,3083,6.021484
4360,512,3083,6.021484
4361,512,3125,6.103516
4362,512,3000,5.859375
4363,512,3250,6.347656
4364,512,3000,5.859375
4365,512,3042,5.941406
4366,512,3125,6.103516
4367,512,3000,5.859375
4368,512,3167,6.185547
4369,512,3041,5.939453
4370,512,3167,6.185547
4371,512,3083,6.021484
4372,512,3083,6.021484
4373,512,3125,6.103516
4374,512,3083,6.021484
4375,512,3208,6.265625
4376,512,3125,6.103516
4377,512,3166,6.183594
4378,512,2959,5.779297
4379,512,3125,6.103516
4380,512,3084,6.023438
4381,512,3084,6.023438
4382,512,3083,6.021484
4383,512,3167,6.185547
4384,512,3084,6.023438
4385,512,3000,5.859375
4386,512,3083,6.021484
4387,512,3083,6.021484
4388,512,3041,5.939453
4389,512,3209,6.267578
4390,512,3000,5.859375
4391,512,3125,6.103516
4392,512,3125,6.103516
4393,512,3209,6.267578
4394,512,3041,5.939453
4395,512,3125,6.103516
4396,512,3125,6.103516
4397,512,3125,6.103516
4398,512,3250,6.347656
4399,512,2958,5.777344
4400,512,3167,6.185547
4401,512,3166,6.183594
4402,512,3084,6.023438
4403,512,3041,5.939453
4404,512,2959,5.779297
4405,512,3125,6.103516
4406,512,3084,6.023438
4407,512,3000,5.859375
4408,512,3167,6.185547
4409,512,3083,6.021484
4410,512,3167,6.185547
4411,512,3083,6.021484
4412,512,3250,6.347656
4413,512,3125,6.103516
4414,512,3042,5.941406
4415,512,2958,5.777344
4416,512,3166,6.183594
4417,512,3042,5.941406
4418,512,3125,6.103516
4419,512,3084,6.023438
4420,512,3041,5.939453
4421,512,3125,6.103516
4422,512,3167,6.185547
4423,512,3000,5.859375
4424,512,3041,5.939453
4425,512,3209,6.267578
4426,512,3125,6.103516
4427,512,3125,6.103516
4428,512,3166,6.183594
4429,512,3125,6.103516
4430,512,3167,6.185547
4431,512,3125,6.103516
4432,512,3083,6.021484
4433,512,2958,5.777344
4434,512,3125,6.103516
4435,512,3041,5.939453
4436,512,3125,6.103516
4437,512,3083,6.021484
4438,512,3167,6.185547
4439,512,3042,5.941406
4440,512,3125,6.103516
4441,512,3084,6.023438
4442,512,3000,5.859375
4443,512,3209,6.267578
4444,512,3208,6.265625
4445,512,3167,6.185547
4446,512,3042,5.941406
4447,512,3000,5.859375
4448,512,3333,6.509766
4449,512,3125,6.103516
4450,512,3167,6.185547
4451,512,3166,6.183594
4452,512,3167,6.185547
4453,512,3167,6.185547
4454,512,3166,6.183594
4455,512,3084,6.023438
4456,512,3125,6.103516
4457,512,3291,6.427734
4458,512,3083,6.021484
4459,512,3208,6.265625
4460,512,3292,6.429688
4461,512,3041,5.939453
4462,512,3083,6.021484
4463,512,3167,6.185547
4464,512,3250,6.347656
4465,512,3291,6.427734
4466,512,3042,5.941406
4467,512,3208,6.265625
4468,512,3042,5.941406
4469,512,3125,6.103516
4470,512,3208,6.265625
4471,512,3042,5.941406
4472,512,3084,6.023438
4473,512,2958,5.777344
4474,512,3083,6.021484
4475,512,3000,5.859375
4476,512,3042,5.941406
4477,512,3083,6.021484
4478,512,3125,6.103516
4479,512,3166,6.183594
4480,512,3292,6.429688
4481,512,3208,6.265625
4482,512,3167,6.185547
4483,512,3166,6.183594
4484,512,3042,5.941406
4485,512,3292,6.429688
4486,512,3208,6.265625
4487,512,3250,6.347656
4488,512,3167,6.185547
4489,512,3000,5.859375
4490,512,3000,5.859375
4491,512,3167,6.185547
4492,512,3125,6.103516
4493,512,3208,6.265625
4494,512,3000,5.859375
4495,512,3250,6.347656
4496,512,3041,5.939453
4497,512,3084,6.023438
4498,512,3042,5.941406
4499,512,3208,6.265625
4500,512,3167,6.185547
4501,512,3166,6.183594
4502,512,3042,5.941406
4503,512,3167,6.185547
4504,512,3166,6.183594
4505,512,3042,5.941406
4506,512,3250,6.347656
4507,512,3083,6.021484
4508,512,3125,6.103516
4509,512,3083,6.021484
4510,512,3083,6.021484
4511,512,3292,6.429688
4512,512,3125,6.103516
4513,512,3166,6.183594
4514,512,3042,5.941406
4515,512,3083,6.021484
4516,512,3166,6.183594
4517,512,3125,6.103516
4518,512,3083,6.021484
4519,512,3125,6.103516
4520,512,3000,5.859375
4521,512,3125,6.103516
4522,512,3083,6.021484
4523,512,3250,6.347656
4524,512,3083,6.021484
4525,512,3083,6.021484
4526,512,3167,6.185547
4527,512,3042,5.941406
4528,512,3166,6.183594
4529,512,3000,5.859375
4530,512,3125,6.103516
4531,512,3042,5.941406
4532,512,3208,6.265625
4533,512,3125,6.103516
4534,512,3208,6.265625
4535,512,3125,6.103516
4536,512,3083,6.021484
4537,512,3208,6.265625
4538,512,3167,6.185547
4539,512,2916,5.695312
4540,512,3042,5.941406
4541,512,3166,6.183594
4542,512,3083,6.021484
4543,512,3125,6.103516
4544,512,3084,6.023438
4545,512,3000,5.859375
4546,512,3084,6.023438
4547,512,3166,6.183594
4548,512,3083,6.021484
4549,512,3084,6.023438
4550,512,3084,6.023438
4551,512,2958,5.777344
4552,512,2958,5.777344
4553,512,3084,6.023438
4554,512,2959,5.779297
4555,512,3000,5.859375
4556,512,3166,6.183594
4557,512,3125,6.103516
4558,512,3167,6.185547
4559,512,3167,6.185547
4560,512,3041,5.939453
4561,512,3125,6.103516
4562,512,3167,6.185547
4563,512,3167,6.185547
4564,512,3083,6.021484
4565,512,3041,5.939453
4566,512,2958,5.777344
4567,512,3042,5.941406
4568,512,3166,6.183594
4569,512,3125,6.103516
4570,512,3209,6.267578
4571,512,3083,6.021484
4572,512,3125,6.103516
4573,512,3167,6.185547
4574,512,3083,6.021484
4575,512,12250,23.925781
4576,512,3208,6.265625
4577,512,3084,6.023438
4578,512,3042,5.941406
4579,512,3042,5.941406
4580,512,3125,6.103516
4581,512,3209,6.267578
4582,512,3125,6.103516
4583,512,3084,6.023438
4584,512,3084,6.023438
4585,512,3208,6.265625
4586,512,3167,6.185547
4587,512,3084,6.023438
4588,512,3166,6.183594
4589,512,3042,5.941406
4590,512,3125,6.103516
4591,512,3167,6.185547
4592,512,3000,5.859375
4593,512,3167,6.185547
4594,512,3208,6.265625
4595,512,3208,6.265625
4596,512,3125,6.103516
4597,512,3000,5.859375
4598,512,3000,5.859375
4599,512,3208,6.265625
4600,512,3167,6.185547
4601,512,3125,6.103516
4602,512,3125,6.103516
4603,512,3041,5.939453
4604,512,3125,6.103516
4605,512,3167,6.185547
4606,512,3125,6.103516
4607,512,3084,6.023438
4608,512,3125,6.103516
4609,512,3167,6.185547
4610,512,3042,5.941406
4611,512,3125,6.103516
4612,512,3167,6.185547
4613,512,3084,6.023438
4614,512,3125,6.103516
4615,512,3167,6.185547
4616,512,3042,5.941406
4617,512,3084,6.023438
4618,512,3167,6.185547
4619,512,3000,5.859375
4620,512,3083,6.021484
4621,512,3208,6.265625
4622,512,3292,6.429688
4623,512,3041,5.939453
4624,512,3125,6.103516
4625,512,3084,6.023438
4626,512,3084,6.023438
4627,512,3125,6.103516
4628,512,3084,6.023438
4629,512,3125,6.103516
4630,512,3084,6.023438
4631,512,3208,6.265625
4632,512,3083,6.021484
4633,512,3208,6.265625
4634,512,3083,6.021484
4635,512,3125,6.103516
4636,512,3167,6.185547
4637,512,3125,6.103516
4638,512,3083,6.021484
4639,512,3167,6.185547
4640,512,3125,6.103516
4641,512,3125,6.103516
4642,512,3208,6.265625
4643,512,3000,5.859375
4644,512,3125,6.103516
4645,512,3125,6.103516
4646,512,3209,6.267578
4647,512,3125,6.103516
4648,512,3125,6.103516
4649,512,3125,6.103516
4650,512,3041,5.939453
4651,512,3125,6.103516
4652,512,3125,6.103516
4653,512,3083,6.021484
4654,512,3125,6.103516
4655,512,3208,6.265625
4656,512,3250,6.347656
4657,512,3125,6.103516
4658,512,3125,6.103516
4659,512,3083,6.021484
4660,512,3125,6.103516
4661,512,3083,6.021484
4662,512,3084,6.023438
4663,512,3125,6.103516
4664,512,3166,6.183594
4665,512,3000,5.859375
4666,512,3125,6.103516
4667,512,3209,6.267578
4668,512,3083,6.021484
4669,512,3042,5.941406
4670,512,3125,6.103516
4671,512,3208,6.265625
4672,512,3125,6.103516
4673,512,3125,6.103516
4674,512,3167,6.185547
4675,512,3041,5.939453
4676,512,3125,6.103516
4677,512,3167,6.185547
4678,512,3208,6.265625
4679,512,3041,5.939453
4680,512,3125,6.103516
4681,512,3042,5.941406
4682,512,3125,6.103516
4683,512,3041,5.939453
4684,512,3083,6.021484
4685,512,3208,6.265625
4686,512,3084,6.023438
4687,512,3084,6.023438
4688,512,3166,6.183594
4689,512,3042,5.941406
4690,512,3166,6.183594
4691,512,3208,6.265625
4692,512,3125,6.103516
4693,512,3083,6.021484
4694,512,3125,6.103516
4695,512,3042,5.941406
4696,512,3208,6.265625
4697,512,3000,5.859375
4698,512,3125,6.103516
4699,512,3083,6.021484
4700,512,2958,5.777344
4701,512,2917,5.697266
4702,512,3000,5.859375
4703,512,3166,6.183594
4704,512,3000,5.859375
4705,512,3000,5.859375
4706,512,3041,5.939453
4707,512,3208,6.265625
4708,512,3042,5.941406
4709,512,3166,6.183594
4710,512,3250,6.347656
4711,512,3125,6.103516
4712,512,3208,6.265625
4713,512,3084,6.023438
4714,512,3084,6.023438
4715,512,3125,6.103516
4716,512,3042,5.941406
4717,512,3125,6.103516
4718,512,3125,6.103516
4719,512,3084,6.023438
4720,512,3125,6.103516
4721,512,3084,6.023438
4722,512,3166,6.183594
4723,512,3167,6.185547
4724,512,3167,6.185547
4725,512,3125,6.103516
4726,512,3166,6.183594
4727,512,3084,6.023438
4728,512,3083,6.021484
4729,512,3000,5.859375
4730,512,2959,5.779297
4731,512,3250,6.347656
4732,512,3250,6.347656
4733,512,3208,6.265625
4734,512,3166,6.183594
4735,512,3084,6.023438
4736,512,3375,6.591797
4737,512,3125,6.103516
4738,512,3083,6.021484
4739,512,3125,6.103516
4740,512,3084,6.023438
4741,512,3084,6.023438
4742,512,3000,5.859375
4743,512,3083,6.021484
4744,512,3125,6.103516
4745,512,3166,6.183594
4746,512,3083,6.021484
4747,512,3250,6.347656
4748,512,3083,6.021484
4749,512,3042,5.941406
4750,512,3125,6.103516
4751,512,3167,6.185547
4752,512,3167,6.185547
4753,512,3125,6.103516
4754,512,3083,6.021484
4755,512,3125,6.103516
4756,512,3125,6.103516
4757,512,3208,6.265625
4758,512,3125,6.103516
4759,512,3000,5.859375
4760,512,3208,6.265625
4761,512,3167,6.185547
4762,512,3041,5.939453
4763,512,3125,6.103516
4764,512,3083,6.021484
4765,512,3125,6.103516
4766,512,3167,6.185547
4767,512,3125,6.103516
4768,512,3208,6.265625
4769,512,3125,6.103516
4770,512,3083,6.021484
4771,512,3167,6.185547
4772,512,3291,6.427734
4773,512,3125,6.103516
4774,512,3083,6.021484
4775,512,3209,6.267578
4776,512,3208,6.265625
4777,512,3167,6.185547
4778,512,3041,5.939453
4779,512,3209,6.267578
4780,512,3125,6.103516
4781,512,3166,6.183594
4782,512,3209,6.267578
4783,512,3041,5.939453
4784,512,3125,6.103516
4785,512,3250,6.347656
4786,512,3083,6.021484
4787,512,3000,5.859375
4788,512,3208,6.265625
4789,512,3083,6.021484
4790,512,3167,6.185547
4791,512,3083,6.021484
4792,512,3041,5.939453
4793,512,3209,6.267578
4794,512,3041,5.939453
4795,512,3084,6.023438
4796,512,3084,6.023438
4797,512,3125,6.103516
4798,512,3125,6.103516
4799,512,3166,6.183594
4800,512,3083,6.021484
4801,512,3208,6.265625
4802,512,3292,6.429688
4803,512,3167,6.185547
4804,512,3083,6.021484
4805,512,3166,6.183594
4806,512,2959,5.779297
4807,512,3084,6.023438
4808,512,3208,6.265625
4809,512,3958,7.730469
4810,512,4000,7.812500
4811,512,4000,7.812500
4812,512,4083,7.974609
4813,512,3750,7.324219
4814,512,3167,6.185547
4815,512,3250,6.347656
4816,512,3208,6.265625
4817,512,3084,6.023438
4818,512,3208,6.265625
4819,512,3166,6.183594
4820,512,3125,6.103516
4821,512,3167,6.185547
4822,512,3125,6.103516
4823,512,3125,6.103516
4824,512,3125,6.103516
4825,512,3125,6.103516
4826,512,3209,6.267578
4827,512,3166,6.183594
4828,512,3208,6.265625
4829,512,3125,6.103516
4830,512,3125,6.103516
4831,512,3250,6.347656
4832,512,3250,6.347656
4833,512,3209,6.267578
4834,512,3209,6.267578
4835,512,3208,6.265625
4836,512,3250,6.347656
4837,512,3125,6.103516
4838,512,3208,6.265625
4839,512,3167,6.185547
4840,512,3291,6.427734
4841,512,3042,5.941406
4842,512,3041,5.939453
4843,512,3292,6.429688
4844,512,3292,6.429688
4845,512,3208,6.265625
4846,512,3250,6.347656
4847,512,3250,6.347656
4848,512,3333,6.509766
4849,512,3292,6.429688
4850,512,3167,6.185547
4851,512,3166,6.183594
4852,512,3792,7.406250
4853,512,3916,7.648438
4854,512,4125,8.056641
4855,512,4208,8.218750
4856,512,3792,7.406250
4857,512,3292,6.429688
4858,512,3334,6.511719
4859,512,3209,6.267578
4860,512,3292,6.429688
4861,512,3416,6.671875
4862,512,3292,6.429688
4863,512,3167,6.185547
4864,512,3166,6.183594
4865,512,3375,6.591797
4866,512,3292,6.429688
4867,512,3166,6.183594
4868,512,3250,6.347656
4869,512,3250,6.347656
4870,512,3250,6.347656
4871,512,3334,6.511719
4872,512,3208,6.265625
4873,512,3125,6.103516
4874,512,3166,6.183594
4875,512,3125,6.103516
4876,512,3250,6.347656
4877,512,3208,6.265625
4878,512,3167,6.185547
4879,512,3209,6.267578
4880,512,3208,6.265625
4881,512,3250,6.347656
4882,512,3208,6.265625
4883,512,3208,6.265625
4884,512,3083,6.021484
4885,512,3291,6.427734
4886,512,3334,6.511719
4887,512,3292,6.429688
4888,512,3292,6.429688
4889,512,3250,6.347656
4890,512,3167,6.185547
4891,512,3333,6.509766
4892,512,3208,6.265625
4893,512,3167,6.185547
4894,512,3292,6.429688
4895,512,3417,6.673828
4896,512,3250,6.347656
4897,512,3500,6.835938
4898,512,3209,6.267578
4899,512,3209,6.267578
4900,512,3125,6.103516
4901,512,3166,6.183594
4902,512,3167,6.185547
4903,512,3083,6.021484
4904,512,3334,6.511719
4905,512,3125,6.103516
4906,512,3791,7.404297
4907,512,4083,7.974609
4908,512,4084,7.976562
4909,512,4000,7.812500
4910,512,3917,7.650391
4911,512,4125,8.056641
4912,512,3958,7.730469
4913,512,3917,7.650391
4914,512,4041,7.892578
4915,512,3458,6.753906
4916,512,3083,6.021484
4917,512,3250,6.347656
4918,512,3292,6.429688
4919,512,3375,6.591797
4920,512,3167,6.185547
4921,512,3334,6.511719
4922,512,3250,6.347656
4923,512,3333,6.509766
4924,512,3208,6.265625
4925,512,3250,6.347656
4926,512,3167,6.185547
4927,512,3291,6.427734
4928,512,3292,6.429688
4929,512,3208,6.265625
4930,512,3375,6.591797
4931,512,3250,6.347656
4932,512,3166,6.183594
4933,512,3208,6.265625
4934,512,3334,6.511719
4935,512,3333,6.509766
4936,512,3167,6.185547
4937,512,3292,6.429688
4938,512,3250,6.347656
4939,512,3208,6.265625
4940,512,3292,6.429688
4941,512,3250,6.347656
4942,512,3250,6.347656
4943,512,3250,6.347656
4944,512,3417,6.673828
4945,512,3041,5.939453
4946,512,3375,6.591797
4947,512,3125,6.103516
4948,512,3208,6.265625
4949,512,3167,6.185547
4950,512,3083,6.021484
4951,512,3542,6.917969
4952,512,3500,6.835938
4953,512,3917,7.650391
4954,512,4000,7.812500
4955,512,3792,7.406250
4956,512,4041,7.892578
4957,512,4084,7.976562
4958,512,4000,7.812500
4959,512,4250,8.300781
4960,512,4125,8.056641
4961,512,4042,7.894531
4962,512,3791,7.404297
4963,512,3875,7.568359
4964,512,3375,6.591797
4965,512,3291,6.427734
4966,512,3250,6.347656
4967,512,3208,6.265625
4968,512,3167,6.185547
4969,512,3125,6.103516
4970,512,3167,6.185547
4971,512,3167,6.185547
4972,512,3209,6.267578
4973,512,3125,6.103516
4974,512,3167,6.185547
4975,512,3125,6.103516
4976,512,3208,6.265625
4977,512,3167,6.185547
4978,512,3250,6.347656
4979,512,3208,6.265625
4980,512,3375,6.591797
4981,512,3250,6.347656
4982,512,3208,6.265625
4983,512,3292,6.429688
4984,512,3291,6.427734
4985,512,3375,6.591797
4986,512,3125,6.103516
4987,512,3042,5.941406
4988,512,3125,6.103516
4989,512,3125,6.103516
4990,512,3125,6.103516
4991,512,3041,5.939453
4992,512,3250,6.347656
4993,512,3167,6.185547
4994,512,3166,6.183594
4995,512,3083,6.021484
4996,512,3250,6.347656
4997,512,3125,6.103516
4998,512,3125,6.103516
4999,512,3000,5.859375
5000,512,3167,6.185547
5001,512,3209,6.267578
5002,512,3250,6.347656
5003,512,3084,6.023438
5004,512,3250,6.347656
5005,512,3166,6.183594
5006,512,3250,6.347656
5007,512,3208,6.265625
5008,512,3125,6.103516
5009,512,3167,6.185547
5010,512,3125,6.103516
5011,512,3041,5.939453
5012,512,3167,6.185547
5013,512,3250,6.347656
5014,512,3208,6.265625
5015,512,3208,6.265625
5016,512,3167,6.185547
5017,512,3250,6.347656
5018,512,3166,6.183594
5019,512,3334,6.511719
5020,512,3250,6.347656
5021,512,3209,6.267578
5022,512,3208,6.265625
5023,512,3208,6.265625
5024,512,3167,6.185547
5025,512,3083,6.021484
5026,512,3083,6.021484
5027,512,3167,6.185547
5028,512,3250,6.347656
5029,512,3167,6.185547
5030,512,3250,6.347656
5031,512,3250,6.347656
5032,512,3125,6.103516
5033,512,3042,5.941406
5034,512,3167,6.185547
5035,512,3084,6.023438
5036,512,3208,6.265625
5037,512,3125,6.103516
5038,512,3333,6.509766
5039,512,3125,6.103516
5040,512,3208,6.265625
5041,512,3250,6.347656
5042,512,3125,6.103516
5043,512,3208,6.265625
5044,512,3167,6.185547
5045,512,3250,6.347656
5046,512,3167,6.185547
5047,512,3208,6.265625
5048,512,3125,6.103516
5049,512,3125,6.103516
5050,512,3167,6.185547
5051,512,3166,6.183594
5052,512,3042,5.941406
5053,512,3083,6.021484
5054,512,3208,6.265625
5055,512,3125,6.103516
5056,512,3209,6.267578
5057,512,3375,6.591797
5058,512,3083,6.021484
5059,512,3250,6.347656
5060,512,3167,6.185547
5061,512,3042,5.941406
5062,512,3208,6.265625
5063,512,3250,6.347656
5064,512,3209,6.267578
5065,512,3125,6.103516
5066,512,3250,6.347656
5067,512,3250,6.347656
5068,512,3125,6.103516
5069,512,3167,6.185547
5070,512,3209,6.267578
5071,512,3250,6.347656
5072,512,3209,6.267578
5073,512,3250,6.347656
5074,512,3250,6.347656
5075,512,3083,6.021484
5076,512,3125,6.103516
5077,512,3208,6.265625
5078,512,3250,6.347656
5079,512,3083,6.021484
5080,512,3083,6.021484
5081,512,3125,6.103516
5082,512,3125,6.103516
5083,512,3250,6.347656
5084,512,3083,6.021484
5085,512,3250,6.347656
5086,512,3125,6.103516
5087,512,3208,6.265625
5088,512,3083,6.021484
5089,512,3166,6.183594
5090,512,3209,6.267578
5091,512,3333,6.509766
5092,512,3208,6.265625
5093,512,3250,6.347656
5094,512,3292,6.429688
5095,512,3209,6.267578
5096,512,3208,6.265625
5097,512,3167,6.185547
5098,512,3291,6.427734
5099,512,3125,6.103516
5100,512,3208,6.265625
5101,512,3167,6.185547
5102,512,3041,5.939453
5103,512,3208,6.265625
5104,512,3167,6.185547
5105,512,3042,5.941406
5106,512,3125,6.103516
5107,512,3292,6.429688
5108,512,3209,6.267578
5109,512,3208,6.265625
5110,512,3125,6.103516
5111,512,3000,5.859375
5112,512,3125,6.103516
5113,512,3125,6.103516
5114,512,3250,6.347656
5115,512,3209,6.267578
5116,512,3291,6.427734
5117,512,3167,6.185547
5118,512,3125,6.103516
5119,512,3208,6.265625
5120,512,3166,6.183594
5121,512,3125,6.103516
5122,512,3083,6.021484
5123,512,3167,6.185547
5124,512,3083,6.021484
5125,512,3166,6.183594
5126,512,3083,6.021484
5127,512,3167,6.185547
5128,512,3208,6.265625
5129,512,3042,5.941406
5130,512,3209,6.267578
5131,512,3208,6.265625
5132,512,3166,6.183594
5133,512,3250,6.347656
5134,512,3125,6.103516
5135,512,3208,6.265625
5136,512,3125,6.103516
5137,512,3166,6.183594
5138,512,3042,5.941406
5139,512,3166,6.183594
5140,512,3167,6.185547
5141,512,3208,6.265625
5142,512,3167,6.185547
5143,512,3083,6.021484
5144,512,3209,6.267578
5145,512,3166,6.183594
5146,512,3167,6.185547
5147,512,3125,6.103516
5148,512,3250,6.347656
5149,512,3167,6.185547
5150,512,3041,5.939453
5151,512,3250,6.347656
5152,512,3250,6.347656
5153,512,3208,6.265625
5154,512,3167,6.185547
5155,512,3166,6.183594
5156,512,3167,6.185547
5157,512,3125,6.103516
5158,512,3209,6.267578
5159,512,3083,6.021484
5160,512,3167,6.185547
5161,512,3125,6.103516
5162,512,3125,6.103516
5163,512,3167,6.185547
5164,512,3167,6.185547
5165,512,3250,6.347656
5166,512,3250,6.347656
5167,512,3208,6.265625
5168,512,3125,6.103516
5169,512,3083,6.021484
5170,512,3291,6.427734
5171,512,3084,6.023438
5172,512,3333,6.509766
5173,512,3333,6.509766
5174,512,3042,5.941406
5175,512,3250,6.347656
5176,512,3083,6.021484
5177,512,3000,5.859375
5178,512,3208,6.265625
5179,512,3167,6.185547
5180,512,3250,6.347656
5181,512,3166,6.183594
5182,512,3167,6.185547
5183,512,3208,6.265625
5184,512,3250,6.347656
5185,512,3167,6.185547
5186,512,3125,6.103516
5187,512,3208,6.265625
5188,512,3208,6.265625
5189,512,3166,6.183594
5190,512,3167,6.185547
5191,512,3250,6.347656
5192,512,3167,6.185547
5193,512,3000,5.859375
5194,512,3166,6.183594
5195,512,3084,6.023438
5196,512,3208,6.265625
5197,512,3125,6.103516
5198,512,3125,6.103516
5199,512,3125,6.103516
5200,512,3125,6.103516
5201,512,3125,6.103516
5202,512,3208,6.265625
5203,512,3292,6.429688
5204,512,3083,6.021484
5205,512,3250,6.347656
5206,512,3083,6.021484
5207,512,3209,6.267578
5208,512,3208,6.265625
5209,512,3167,6.185547
5210,512,3167,6.185547
5211,512,3125,6.103516
5212,512,3166,6.183594
5213,512,3292,6.429688
5214,512,3250,6.347656
5215,512,3291,6.427734
5216,512,3250,6.347656
5217,512,3250,6.347656
5218,512,3083,6.021484
5219,512,3083,6.021484
5220,512,3209,6.267578
5221,512,3208,6.265625
5222,512,3000,5.859375
5223,512,3208,6.265625
5224,512,3125,6.103516
5225,512,3209,6.267578
5226,512,3166,6.183594
5227,512,3209,6.267578
5228,512,3292,6.429688
5229,512,3208,6.265625
5230,512,3167,6.185547
5231,512,3208,6.265625
5232,512,3042,5.941406
5233,512,3167,6.185547
5234,512,3125,6.103516
5235,512,3208,6.265625
5236,512,3208,6.265625
5237,512,3209,6.267578
5238,512,3166,6.183594
5239,512,3250,6.347656
5240,512,3167,6.185547
5241,512,3333,6.509766
5242,512,3084,6.023438
5243,512,3166,6.183594
5244,512,3292,6.429688
5245,512,3084,6.023438
5246,512,3125,6.103516
5247,512,3250,6.347656
5248,512,3334,6.511719
5249,512,3166,6.183594
5250,512,3209,6.267578
5251,512,3209,6.267578
5252,512,3166,6.183594
5253,512,3084,6.023438
5254,512,3333,6.509766
5255,512,3167,6.185547
5256,512,3166,6.183594
5257,512,3125,6.103516
5258,512,3208,6.265625
5259,512,3167,6.185547
5260,512,3167,6.185547
5261,512,3042,5.941406
5262,512,3167,6.185547
5263,512,3250,6.347656
5264,512,3166,6.183594
5265,512,3084,6.023438
5266,512,3208,6.265625
5267,512,3208,6.265625
5268,512,3208,6.265625
5269,512,3250,6.347656
5270,512,3375,6.591797
5271,512,3208,6.265625
5272,512,3083,6.021484
5273,512,3167,6.185547
5274,512,3208,6.265625
5275,512,3166,6.183594
5276,512,3209,6.267578
5277,512,3292,6.429688
5278,512,3250,6.347656
5279,512,3042,5.941406
5280,512,3167,6.185547
5281,512,3125,6.103516
5282,512,3208,6.265625
5283,512,3167,6.185547
5284,512,3166,6.183594
5285,512,3167,6.185547
5286,512,3208,6.265625
5287,512,3250,6.347656
5288,512,3125,6.103516
5289,512,3166,6.183594
5290,512,3209,6.267578
5291,512,3291,6.427734
5292,512,3125,6.103516
5293,512,3084,6.023438
5294,512,3125,6.103516
5295,512,3209,6.267578
5296,512,3166,6.183594
5297,512,3209,6.267578
5298,512,3209,6.267578
5299,512,3250,6.347656
5300,512,3375,6.591797
5301,512,3291,6.427734
5302,512,3167,6.185547
5303,512,3209,6.267578
5304,512,3209,6.267578
5305,512,3000,5.859375
5306,512,3167,6.185547
5307,512,3250,6.347656
5308,512,3125,6.103516
5309,512,3167,6.185547
5310,512,3209,6.267578
5311,512,3208,6.265625
5312,512,3292,6.429688
5313,512,3084,6.023438
5314,512,3250,6.347656
5315,512,3209,6.267578
5316,512,3166,6.183594
5317,512,3125,6.103516
5318,512,3292,6.429688
5319,512,3166,6.183594
5320,512,3250,6.347656
5321,512,3125,6.103516
5322,512,3167,6.185547
5323,512,3208,6.265625
5324,512,3333,6.509766
5325,512,3209,6.267578
5326,512,3125,6.103516
5327,512,3084,6.023438
5328,512,3375,6.591797
5329,512,3250,6.347656
5330,512,3166,6.183594
5331,512,3208,6.265625
5332,512,3083,6.021484
5333,512,2958,5.777344
5334,512,3167,6.185547
5335,512,3250,6.347656
5336,512,3208,6.265625
5337,512,3084,6.023438
5338,512,3333,6.509766
5339,512,3083,6.021484
5340,512,3041,5.939453
5341,512,3209,6.267578
5342,512,3250,6.347656
5343,512,3167,6.185547
5344,512,3042,5.941406
5345,512,3125,6.103516
5346,512,3125,6.103516
5347,512,3125,6.103516
5348,512,3250,6.347656
5349,512,3209,6.267578
5350,512,3166,6.183594
5351,512,3167,6.185547
5352,512,3250,6.347656
5353,512,3208,6.265625
5354,512,3292,6.429688
5355,512,3125,6.103516
5356,512,3208,6.265625
5357,512,3250,6.347656
5358,512,3167,6.185547
5359,512,3208,6.265625
5360,512,3167,6.185547
5361,512,3334,6.511719
5362,512,3208,6.265625
5363,512,3208,6.265625
5364,512,3125,6.103516
5365,512,3208,6.265625
5366,512,3167,6.185547
5367,512,3292,6.429688
5368,512,3083,6.021484
5369,512,3250,6.347656
5370,512,3125,6.103516
5371,512,3125,6.103516
5372,512,3292,6.429688
5373,512,3291,6.427734
5374,512,3209,6.267578
5375,512,3125,6.103516
5376,512,3209,6.267578
5377,512,3125,6.103516
5378,512,3292,6.429688
5379,512,3041,5.939453
5380,512,3334,6.511719
5381,512,3125,6.103516
5382,512,3208,6.265625
5383,512,3250,6.347656
5384,512,3166,6.183594
5385,512,3250,6.347656
5386,512,3292,6.429688
5387,512,3167,6.185547
5388,512,3166,6.183594
5389,512,3250,6.347656
5390,512,3292,6.429688
5391,512,3208,6.265625
5392,512,3250,6.347656
5393,512,3209,6.267578
5394,512,3250,6.347656
5395,512,3208,6.265625
5396,512,3250,6.347656
5397,512,3042,5.941406
5398,512,3250,6.347656
5399,512,3209,6.267578
5400,512,3084,6.023438
5401,512,3292,6.429688
5402,512,3125,6.103516
5403,512,3167,6.185547
5404,512,3250,6.347656
5405,512,3209,6.267578
5406,512,3166,6.183594
5407,512,3292,6.429688
5408,512,3166,6.183594
5409,512,3167,6.185547
5410,512,3208,6.265625
5411,512,3208,6.265625
5412,512,3250,6.347656
5413,512,3208,6.265625
5414,512,3209,6.267578
5415,512,3208,6.265625
5416,512,3208,6.265625
5417,512,3209,6.267578
5418,512,3250,6.347656
5419,512,3042,5.941406
5420,512,3166,6.183594
5421,512,3125,6.103516
5422,512,3250,6.347656
5423,512,3167,6.185547
5424,512,3291,6.427734
5425,512,3125,6.103516
5426,512,3208,6.265625
5427,512,3292,6.429688
5428,512,3125,6.103516
5429,512,3083,6.021484
5430,512,3250,6.347656
5431,512,3250,6.347656
5432,512,3208,6.265625
5433,512,3209,6.267578
5434,512,3250,6.347656
5435,512,3167,6.185547
5436,512,3416,6.671875
5437,512,3167,6.185547
5438,512,3125,6.103516
5439,512,3125,6.103516
5440,512,3125,6.103516
5441,512,3083,6.021484
5442,512,3125,6.103516
5443,512,3250,6.347656
5444,512,3167,6.185547
5445,512,3125,6.103516
5446,512,3083,6.021484
5447,512,3208,6.265625
5448,512,3209,6.267578
5449,512,3125,6.103516
5450,512,3083,6.021484
5451,512,3083,6.021484
5452,512,3167,6.185547
5453,512,3250,6.347656
5454,512,3208,6.265625
5455,512,3250,6.347656
5456,512,3250,6.347656
5457,512,3250,6.347656
5458,512,3125,6.103516
5459,512,3125,6.103516
5460,512,3166,6.183594
5461,512,3167,6.185547
5462,512,3083,6.021484
5463,512,3208,6.265625
5464,512,3125,6.103516
5465,512,3208,6.265625
5466,512,3167,6.185547
5467,512,3208,6.265625
5468,512,3250,6.347656
5469,512,3166,6.183594
5470,512,3084,6.023438
5471,512,3166,6.183594
5472,512,3209,6.267578
5473,512,3125,6.103516
5474,512,3209,6.267578
5475,512,3250,6.347656
5476,512,3125,6.103516
5477,512,3208,6.265625
5478,512,3209,6.267578
5479,512,3209,6.267578
5480,512,3125,6.103516
5481,512,3167,6.185547
5482,512,3166,6.183594
5483,512,3250,6.347656
5484,512,3084,6.023438
5485,512,3209,6.267578
5486,512,3250,6.347656
5487,512,3125,6.103516
5488,512,3166,6.183594
5489,512,3125,6.103516
5490,512,3125,6.103516
5491,512,3166,6.183594
5492,512,3250,6.347656
5493,512,3167,6.185547
5494,512,3125,6.103516
5495,512,3125,6.103516
5496,512,3208,6.265625
5497,512,3209,6.267578
5498,512,3291,6.427734
5499,512,3292,6.429688
5500,512,3208,6.265625
5501,512,3167,6.185547
5502,512,3375,6.591797
5503,512,3167,6.185547
5504,512,3375,6.591797
5505,512,3209,6.267578
5506,512,3250,6.347656
5507,512,3125,6.103516
5508,512,3125,6.103516
5509,512,3125,6.103516
5510,512,3209,6.267578
5511,512,3250,6.347656
5512,512,3209,6.267578
5513,512,3208,6.265625
5514,512,3125,6.103516
5515,512,3166,6.183594
5516,512,3083,6.021484
5517,512,3167,6.185547
5518,512,3125,6.103516
5519,512,3084,6.023438
5520,512,3084,6.023438
5521,512,3209,6.267578
5522,512,3166,6.183594
5523,512,3167,6.185547
5524,512,3125,6.103516
5525,512,3125,6.103516
5526,512,3125,6.103516
5527,512,3291,6.427734
5528,512,3042,5.941406
5529,512,3166,6.183594
5530,512,3167,6.185547
5531,512,3166,6.183594
5532,512,3209,6.267578
5533,512,3083,6.021484
5534,512,3250,6.347656
5535,512,3250,6.347656
5536,512,3250,6.347656
5537,512,3334,6.511719
5538,512,3084,6.023438
5539,512,3084,6.023438
5540,512,3125,6.103516
5541,512,3250,6.347656
5542,512,3209,6.267578
5543,512,3125,6.103516
5544,512,3083,6.021484
5545,512,3167,6.185547
5546,512,3333,6.509766
5547,512,3042,5.941406
5548,512,3166,6.183594
5549,512,3167,6.185547
5550,512,3208,6.265625
5551,512,3208,6.265625
5552,512,3167,6.185547
5553,512,3167,6.185547
5554,512,3208,6.265625
5555,512,3083,6.021484
5556,512,3125,6.103516
5557,512,3125,6.103516
5558,512,3209,6.267578
5559,512,3166,6.183594
5560,512,3209,6.267578
5561,512,3208,6.265625
5562,512,3291,6.427734
5563,512,3209,6.267578
5564,512,3208,6.265625
5565,512,3208,6.265625
5566,512,3167,6.185547
5567,512,3083,6.021484
5568,512,3250,6.347656
5569,512,3208,6.265625
5570,512,3250,6.347656
5571,512,3208,6.265625
5572,512,3292,6.429688
5573,512,3250,6.347656
5574,512,3292,6.429688
5575,512,3166,6.183594
5576,512,3125,6.103516
5577,512,3250,6.347656
5578,512,3250,6.347656
5579,512,3125,6.103516
5580,512,3208,6.265625
5581,512,3250,6.347656
5582,512,3334,6.511719
5583,512,3375,6.591797
5584,512,3166,6.183594
5585,512,3250,6.347656
5586,512,3042,5.941406
5587,512,3208,6.265625
5588,512,3208,6.265625
5589,512,3125,6.103516
5590,512,3125,6.103516
5591,512,3250,6.347656
5592,512,3250,6.347656
5593,512,3000,5.859375
5594,512,3167,6.185547
5595,512,3125,6.103516
5596,512,3209,6.267578
5597,512,3125,6.103516
5598,512,3083,6.021484
5599,512,3208,6.265625
5600,512,3333,6.509766
5601,512,3209,6.267578
5602,512,3125,6.103516
5603,512,3084,6.023438
5604,512,3209,6.267578
5605,512,3041,5.939453
5606,512,3167,6.185547
5607,512,3209,6.267578
5608,512,3334,6.511719
5609,512,3167,6.185547
5610,512,3208,6.265625
5611,512,3166,6.183594
5612,512,3167,6.185547
5613,512,3125,6.103516
5614,512,3166,6.183594
5615,512,3167,6.185547
5616,512,3167,6.185547
5617,512,3167,6.185547
5618,512,3125,6.103516
5619,512,3083,6.021484
5620,512,3125,6.103516
5621,512,3167,6.185547
5622,512,3208,6.265625
5623,512,3084,6.023438
5624,512,3209,6.267578
5625,512,3166,6.183594
5626,512,3084,6.023438
5627,512,3125,6.103516
5628,512,3167,6.185547
5629,512,3125,6.103516
5630,512,3333,6.509766
5631,512,3125,6.103516
5632,512,3083,6.021484
5633,512,3292,6.429688
5634,512,3208,6.265625
5635,512,3208,6.265625
5636,512,3125,6.103516
5637,512,3125,6.103516
5638,512,3208,6.265625
5639,512,3167,6.185547
5640,512,3208,6.265625
5641,512,3208,6.265625
5642,512,3125,6.103516
5643,512,3125,6.103516
5644,512,3208,6.265625
5645,512,3167,6.185547
5646,512,3375,6.591797
5647,512,3125,6.103516
5648,512,3208,6.265625
5649,512,3167,6.185547
5650,512,3166,6.183594
5651,512,3167,6.185547
5652,512,3292,6.429688
5653,512,3250,6.347656
5654,512,3208,6.265625
5655,512,3250,6.347656
5656,512,3208,6.265625
5657,512,3042,5.941406
5658,512,3167,6.185547
5659,512,3167,6.185547
5660,512,3167,6.185547
5661,512,3166,6.183594
5662,512,3167,6.185547
5663,512,3125,6.103516
5664,512,3250,6.347656
5665,512,3292,6.429688
5666,512,3083,6.021484
5667,512,3250,6.347656
5668,512,3208,6.265625
5669,512,3250,6.347656
5670,512,3167,6.185547
5671,512,3167,6.185547
5672,512,3208,6.265625
5673,512,3291,6.427734
5674,512,3292,6.429688
5675,512,3167,6.185547
5676,512,3208,6.265625
5677,512,3167,6.185547
5678,512,3209,6.267578
5679,512,3209,6.267578
5680,512,3209,6.267578
5681,512,3166,6.183594
5682,512,3292,6.429688
5683,512,3208,6.265625
5684,512,3209,6.267578
5685,512,3250,6.347656
5686,512,3084,6.023438
5687,512,3125,6.103516
5688,512,3083,6.021484
5689,512,3250,6.347656
5690,512,3250,6.347656
5691,512,3250,6.347656
5692,512,3250,6.347656
5693,512,3167,6.185547
5694,512,3208,6.265625
5695,512,3167,6.185547
5696,512,3041,5.939453
5697,512,3042,5.941406
5698,512,3166,6.183594
5699,512,3125,6.103516
5700,512,3166,6.183594
5701,512,3250,6.347656
5702,512,3125,6.103516
5703,512,3208,6.265625
5704,512,3125,6.103516
5705,512,3167,6.185547
5706,512,3083,6.021484
5707,512,3250,6.347656
5708,512,3208,6.265625
5709,512,3167,6.185547
5710,512,3250,6.347656
5711,512,3167,6.185547
5712,512,3166,6.183594
5713,512,3125,6.103516
5714,512,3125,6.103516
5715,512,3125,6.103516
5716,512,3292,6.429688
5717,512,3250,6.347656
5718,512,3042,5.941406
5719,512,3459,6.755859
5720,512,3125,6.103516
5721,512,3083,6.021484
5722,512,3167,6.185547
5723,512,3125,6.103516
5724,512,3083,6.021484
5725,512,3041,5.939453
5726,512,3167,6.185547
5727,512,3250,6.347656
5728,512,3041,5.939453
5729,512,3083,6.021484
5730,512,3000,5.859375
5731,512,3208,6.265625
5732,512,3125,6.103516
5733,512,3125,6.103516
5734,512,3125,6.103516
5735,512,3041,5.939453
5736,512,3084,6.023438
5737,512,3166,6.183594
5738,512,3209,6.267578
5739,512,3125,6.103516
5740,512,3042,5.941406
5741,512,3000,5.859375
5742,512,3084,6.023438
5743,512,3166,6.183594
5744,512,3000,5.859375
5745,512,3125,6.103516
5746,512,3083,6.021484
5747,512,3125,6.103516
5748,512,3042,5.941406
5749,512,3167,6.185547
5750,512,3250,6.347656
5751,512,3125,6.103516
5752,512,3083,6.021484
5753,512,3375,6.591797
5754,512,3167,6.185547
5755,512,3250,6.347656
5756,512,3167,6.185547
5757,512,3000,5.859375
5758,512,2959,5.779297
5759,512,3041,5.939453
5760,512,3542,6.917969
5761,512,3166,6.183594
5762,512,3125,6.103516
5763,512,3042,5.941406
5764,512,3125,6.103516
5765,512,3250,6.347656
5766,512,3041,5.939453
5767,512,3042,5.941406
5768,512,3041,5.939453
5769,512,3042,5.941406
5770,512,3208,6.265625
5771,512,3083,6.021484
5772,512,3000,5.859375
5773,512,3042,5.941406
5774,512,3084,6.023438
5775,512,3167,6.185547
5776,512,3125,6.103516
5777,512,3125,6.103516
5778,512,3083,6.021484
5779,512,3209,6.267578
5780,512,3083,6.021484
5781,512,3167,6.185547
5782,512,3000,5.859375
5783,512,3292,6.429688
5784,512,2958,5.777344
5785,512,3042,5.941406
5786,512,3083,6.021484
5787,512,3042,5.941406
5788,512,3166,6.183594
5789,512,3208,6.265625
5790,512,3167,6.185547
5791,512,3083,6.021484
5792,512,3083,6.021484
5793,512,3209,6.267578
5794,512,3125,6.103516
5795,512,3084,6.023438
5796,512,3041,5.939453
5797,512,3000,5.859375
5798,512,3083,6.021484
5799,512,3041,5.939453
5800,512,3334,6.511719
5801,512,3000,5.859375
5802,512,3125,6.103516
5803,512,3083,6.021484
5804,512,2958,5.777344
5805,512,3083,6.021484
5806,512,3042,5.941406
5807,512,3167,6.185547
5808,512,3125,6.103516
5809,512,3125,6.103516
5810,512,3167,6.185547
5811,512,3083,6.021484
5812,512,3208,6.265625
5813,512,3125,6.103516
5814,512,3167,6.185547
5815,512,3125,6.103516
5816,512,3125,6.103516
5817,512,3042,5.941406
5818,512,3083,6.021484
5819,512,3167,6.185547
5820,512,3084,6.023438
5821,512,3125,6.103516
5822,512,3167,6.185547
5823,512,3166,6.183594
5824,512,3084,6.023438
5825,512,3000,5.859375
5826,512,3209,6.267578
5827,512,3000,5.859375
5828,512,3125,6.103516
5829,512,3084,6.023438
5830,512,3125,6.103516
5831,512,3167,6.185547
5832,512,3125,6.103516
5833,512,3041,5.939453
5834,512,3042,5.941406
5835,512,3125,6.103516
5836,512,3000,5.859375
5837,512,3000,5.859375
5838,512,3167,6.185547
5839,512,3000,5.859375
5840,512,3042,5.941406
5841,512,3083,6.021484
5842,512,3084,6.023438
5843,512,3167,6.185547
5844,512,3125,6.103516
5845,512,2875,5.615234
5846,512,3083,6.021484
5847,512,3083,6.021484
5848,512,3083,6.021484
5849,512,3125,6.103516
5850,512,3042,5.941406
5851,512,3125,6.103516
5852,512,3125,6.103516
5853,512,3209,6.267578
5854,512,3041,5.939453
5855,512,3084,6.023438
5856,512,3000,5.859375
5857,512,3125,6.103516
5858,512,3084,6.023438
5859,512,3041,5.939453
5860,512,3125,6.103516
5861,512,3084,6.023438
5862,512,3208,6.265625
5863,512,3000,5.859375
5864,512,3083,6.021484
5865,512,3208,6.265625
5866,512,3042,5.941406
5867,512,3041,5.939453
5868,512,3042,5.941406
5869,512,3208,6.265625
5870,512,3125,6.103516
5871,512,3125,6.103516
5872,512,3042,5.941406
5873,512,3167,6.185547
5874,512,3083,6.021484
5875,512,3125,6.103516
5876,512,3292,6.429688
5877,512,3041,5.939453
5878,512,3167,6.185547
5879,512,3125,6.103516
5880,512,3125,6.103516
5881,512,3292,6.429688
5882,512,3208,6.265625
5883,512,3083,6.021484
5884,512,3125,6.103516
5885,512,3083,6.021484
5886,512,3125,6.103516
5887,512,3000,5.859375
5888,512,2959,5.779297
5889,512,3000,5.859375
5890,512,3083,6.021484
5891,512,3041,5.939453
5892,512,3084,6.023438
5893,512,3208,6.265625
5894,512,3125,6.103516
5895,512,3083,6.021484
5896,512,3208,6.265625
5897,512,3125,6.103516
5898,512,3125,6.103516
5899,512,3083,6.021484
5900,512,3166,6.183594
5901,512,3125,6.103516
5902,512,3084,6.023438
5903,512,3084,6.023438
5904,512,3166,6.183594
5905,512,3084,6.023438
5906,512,3208,6.265625
5907,512,3042,5.941406
5908,512,3125,6.103516
5909,512,3209,6.267578
5910,512,3125,6.103516
5911,512,3166,6.183594
5912,512,3250,6.347656
5913,512,3000,5.859375
5914,512,3125,6.103516
5915,512,2959,5.779297
5916,512,3167,6.185547
5917,512,3208,6.265625
5918,512,3167,6.185547
5919,512,3125,6.103516
5920,512,3041,5.939453
5921,512,3125,6.103516
5922,512,3125,6.103516
5923,512,3000,5.859375
5924,512,3166,6.183594
5925,512,3208,6.265625
5926,512,3042,5.941406
5927,512,3125,6.103516
5928,512,3041,5.939453
5929,512,3000,5.859375
5930,512,3209,6.267578
5931,512,3084,6.023438
5932,512,3084,6.023438
5933,512,3125,6.103516
5934,512,3208,6.265625
5935,512,3041,5.939453
5936,512,3083,6.021484
5937,512,3042,5.941406
5938,512,3125,6.103516
5939,512,3083,6.021484
5940,512,3167,6.185547
5941,512,3084,6.023438
5942,512,3084,6.023438
5943,512,3042,5.941406
5944,512,3041,5.939453
5945,512,3125,6.103516
5946,512,3000,5.859375
5947,512,3083,6.021484
5948,512,3208,6.265625
5949,512,3167,6.185547
5950,512,3208,6.265625
5951,512,3083,6.021484
5952,512,3167,6.185547
5953,512,3167,6.185547
5954,512,3083,6.021484
5955,512,3083,6.021484
5956,512,3042,5.941406
5957,512,3083,6.021484
5958,512,3000,5.859375
5959,512,3208,6.265625
5960,512,3167,6.185547
5961,512,3167,6.185547
5962,512,3083,6.021484
5963,512,3167,6.185547
5964,512,3125,6.103516
5965,512,3083,6.021484
5966,512,3083,6.021484
5967,512,3125,6.103516
5968,512,3208,6.265625
5969,512,3167,6.185547
5970,512,3208,6.265625
5971,512,3083,6.021484
5972,512,3083,6.021484
5973,512,3041,5.939453
5974,512,3000,5.859375
5975,512,3167,6.185547
5976,512,3041,5.939453
5977,512,3167,6.185547
5978,512,3042,5.941406
5979,512,3125,6.103516
5980,512,3125,6.103516
5981,512,3084,6.023438
5982,512,3042,5.941406
5983,512,3083,6.021484
5984,512,3250,6.347656
5985,512,3208,6.265625
5986,512,3084,6.023438
5987,512,3167,6.185547
5988,512,3083,6.021484
5989,512,3125,6.103516
5990,512,3042,5.941406
5991,512,3208,6.265625
5992,512,3083,6.021484
5993,512,3083,6.021484
5994,512,3208,6.265625
5995,512,3125,6.103516
5996,512,3084,6.023438
5997,512,3125,6.103516
5998,512,3083,6.021484
5999,512,3083,6.021484
6000,512,3000,5.859375
6001,512,3084,6.023438
6002,512,3208,6.265625
6003,512,3208,6.265625
6004,512,3250,6.347656
6005,512,3167,6.185547
6006,512,3083,6.021484
6007,512,3125,6.103516
6008,512,3208,6.265625
6009,512,3042,5.941406
6010,512,3166,6.183594
6011,512,3125,6.103516
6012,512,3250,6.347656
6013,512,3084,6.023438
6014,512,3208,6.265625
6015,512,3208,6.265625
6016,512,3333,6.509766
6017,512,3125,6.103516
6018,512,3084,6.023438
6019,512,3167,6.185547
6020,512,3166,6.183594
6021,512,3042,5.941406
6022,512,3167,6.185547
6023,512,3875,7.568359
6024,512,3917,7.650391
6025,512,3875,7.568359
6026,512,3916,7.648438
6027,512,4042,7.894531
6028,512,3334,6.511719
6029,512,3166,6.183594
6030,512,3167,6.185547
6031,512,3042,5.941406
6032,512,3208,6.265625
6033,512,3042,5.941406
6034,512,3084,6.023438
6035,512,3125,6.103516
6036,512,3209,6.267578
6037,512,3291,6.427734
6038,512,3042,5.941406
6039,512,3125,6.103516
6040,512,3125,6.103516
6041,512,3291,6.427734
6042,512,3292,6.429688
6043,512,3125,6.103516
6044,512,3167,6.185547
6045,512,3000,5.859375
6046,512,3250,6.347656
6047,512,3208,6.265625
6048,512,3000,5.859375
6049,512,3250,6.347656
6050,512,3250,6.347656
6051,512,3083,6.021484
6052,512,3041,5.939453
6053,512,3083,6.021484
6054,512,3209,6.267578
6055,512,3250,6.347656
6056,512,3250,6.347656
6057,512,3291,6.427734
6058,512,3083,6.021484
6059,512,3250,6.347656
6060,512,3125,6.103516
6061,512,3167,6.185547
6062,512,3166,6.183594
6063,512,3167,6.185547
6064,512,3208,6.265625
6065,512,3125,6.103516
6066,512,3125,6.103516
6067,512,3208,6.265625
6068,512,3209,6.267578
6069,512,3125,6.103516
6070,512,3166,6.183594
6071,512,3333,6.509766
6072,512,3292,6.429688
6073,512,3166,6.183594
6074,512,3167,6.185547
6075,512,3083,6.021484
6076,512,3209,6.267578
6077,512,3166,6.183594
6078,512,3292,6.429688
6079,512,3083,6.021484
6080,512,3250,6.347656
6081,512,3291,6.427734
6082,512,3209,6.267578
6083,512,3125,6.103516
6084,512,3125,6.103516
6085,512,3209,6.267578
6086,512,3166,6.183594
6087,512,3125,6.103516
6088,512,3209,6.267578
6089,512,3459,6.755859
6090,512,3209,6.267578
6091,512,3125,6.103516
6092,512,3125,6.103516
6093,512,3083,6.021484
6094,512,3125,6.103516
6095,512,3000,5.859375
6096,512,3125,6.103516
6097,512,3042,5.941406
6098,512,3084,6.023438
6099,512,2959,5.779297
6100,512,3042,5.941406
6101,512,3167,6.185547
6102,512,3042,5.941406
6103,512,3208,6.265625
6104,512,3084,6.023438
6105,512,3083,6.021484
6106,512,3042,5.941406
6107,512,3166,6.183594
6108,512,3167,6.185547
6109,512,3125,6.103516
6110,512,3042,5.941406
6111,512,3000,5.859375
6112,512,3083,6.021484
6113,512,3125,6.103516
6114,512,3166,6.183594
6115,512,3042,5.941406
6116,512,3167,6.185547
6117,512,3042,5.941406
6118,512,3125,6.103516
6119,512,3208,6.265625
6120,512,3125,6.103516
6121,512,3125,6.103516
6122,512,3167,6.185547
6123,512,3167,6.185547
6124,512,3083,6.021484
6125,512,3125,6.103516
6126,512,3125,6.103516
6127,512,3166,6.183594
6128,512,3125,6.103516
6129,512,3084,6.023438
6130,512,3041,5.939453
6131,512,3083,6.021484
6132,512,3083,6.021484
6133,512,3125,6.103516
6134,512,3084,6.023438
6135,512,3041,5.939453
6136,512,3167,6.185547
6137,512,3083,6.021484
6138,512,3250,6.347656
6139,512,3125,6.103516
6140,512,3125,6.103516
6141,512,3083,6.021484
6142,512,3125,6.103516
6143,512,3250,6.347656
6144,512,3209,6.267578
6145,512,3125,6.103516
6146,512,3084,6.023438
6147,512,3042,5.941406
6148,512,3166,6.183594
6149,512,3000,5.859375
6150,512,3125,6.103516
6151,512,3167,6.185547
6152,512,3208,6.265625
6153,512,3166,6.183594
6154,512,3125,6.103516
6155,512,3084,6.023438
6156,512,3041,5.939453
6157,512,3000,5.859375
6158,512,3083,6.021484
6159,512,3167,6.185547
6160,512,3000,5.859375
6161,512,3041,5.939453
6162,512,3125,6.103516
6163,512,3083,6.021484
6164,512,2959,5.779297
6165,512,3125,6.103516
6166,512,3084,6.023438
6167,512,3083,6.021484
6168,512,3083,6.021484
6169,512,3125,6.103516
6170,512,3084,6.023438
6171,512,3041,5.939453
6172,512,3042,5.941406
6173,512,3166,6.183594
6174,512,3042,5.941406
6175,512,3041,5.939453
6176,512,3125,6.103516
6177,512,3125,6.103516
6178,512,3125,6.103516
6179,512,3292,6.429688
6180,512,3084,6.023438
6181,512,3125,6.103516
6182,512,3083,6.021484
6183,512,3250,6.347656
6184,512,3125,6.103516
6185,512,3209,6.267578
6186,512,3166,6.183594
6187,512,3084,6.023438
6188,512,3166,6.183594
6189,512,2958,5.777344
6190,512,3042,5.941406
6191,512,2958,5.777344
6192,512,2958,5.777344
6193,512,3125,6.103516
6194,512,3041,5.939453
6195,512,3000,5.859375
6196,512,3125,6.103516
6197,512,3125,6.103516
6198,512,3208,6.265625
6199,512,3042,5.941406
6200,512,3000,5.859375
6201,512,3084,6.023438
6202,512,3208,6.265625
6203,512,3125,6.103516
6204,512,3125,6.103516
6205,512,3208,6.265625
6206,512,3125,6.103516
6207,512,3083,6.021484
6208,512,3208,6.265625
6209,512,3167,6.185547
6210,512,3167,6.185547
6211,512,3250,6.347656
6212,512,3125,6.103516
6213,512,3084,6.023438
6214,512,3208,6.265625
6215,512,3042,5.941406
6216,512,3000,5.859375
6217,512,3000,5.859375
6218,512,3250,6.347656
6219,512,3041,5.939453
6220,512,3000,5.859375
6221,512,3125,6.103516
6222,512,3042,5.941406
6223,512,3000,5.859375
6224,512,3125,6.103516
6225,512,3166,6.183594
6226,512,3125,6.103516
6227,512,3167,6.185547
6228,512,3208,6.265625
6229,512,3083,6.021484
6230,512,3125,6.103516
6231,512,3209,6.267578
6232,512,3041,5.939453
6233,512,3125,6.103516
6234,512,3042,5.941406
6235,512,3208,6.265625
6236,512,3125,6.103516
6237,512,3083,6.021484
6238,512,3084,6.023438
6239,512,3166,6.183594
6240,512,3125,6.103516
6241,512,3167,6.185547
6242,512,3250,6.347656
6243,512,3084,6.023438
6244,512,3166,6.183594
6245,512,3084,6.023438
6246,512,3084,6.023438
6247,512,3000,5.859375
6248,512,3125,6.103516
6249,512,3166,6.183594
6250,512,3042,5.941406
6251,512,3083,6.021484
6252,512,3542,6.917969
6253,512,4250,8.300781
6254,512,3833,7.486328
6255,512,3958,7.730469
6256,512,3916,7.648438
6257,512,3833,7.486328
6258,512,3833,7.486328
6259,512,3834,7.488281
6260,512,4125,8.056641
6261,512,3417,6.673828
6262,512,3083,6.021484
6263,512,3125,6.103516
6264,512,3083,6.021484
6265,512,3125,6.103516
6266,512,3042,5.941406
6267,512,3084,6.023438
6268,512,3042,5.941406
6269,512,3167,6.185547
6270,512,3125,6.103516
6271,512,3125,6.103516
6272,512,3375,6.591797
6273,512,2959,5.779297
6274,512,3084,6.023438
6275,512,3083,6.021484
6276,512,3042,5.941406
6277,512,3000,5.859375
6278,512,3166,6.183594
6279,512,3042,5.941406
6280,512,3083,6.021484
6281,512,3083,6.021484
6282,512,3042,5.941406
6283,512,3083,6.021484
6284,512,3125,6.103516
6285,512,3042,5.941406
6286,512,3125,6.103516
6287,512,3041,5.939453
6288,512,3125,6.103516
6289,512,3167,6.185547
6290,512,3083,6.021484
6291,512,3000,5.859375
6292,512,3041,5.939453
6293,512,3125,6.103516
6294,512,2958,5.777344
6295,512,3084,6.023438
6296,512,3125,6.103516
6297,512,3125,6.103516
6298,512,3083,6.021484
6299,512,3167,6.185547
6300,512,3125,6.103516
6301,512,3166,6.183594
6302,512,3125,6.103516
6303,512,3083,6.021484
6304,512,3125,6.103516
6305,512,3375,6.591797
6306,512,4041,7.892578
6307,512,4000,7.812500
6308,512,4000,7.812500
6309,512,3958,7.730469
6310,512,3375,6.591797
6311,512,3166,6.183594
6312,512,3167,6.185547
6313,512,3292,6.429688
6314,512,3208,6.265625
6315,512,3208,6.265625
6316,512,3167,6.185547
6317,512,3208,6.265625
6318,512,3333,6.509766
6319,512,3250,6.347656
6320,512,3334,6.511719
6321,512,3167,6.185547
6322,512,3167,6.185547
6323,512,3208,6.265625
6324,512,3250,6.347656
6325,512,3291,6.427734
6326,512,3167,6.185547
6327,512,3166,6.183594
6328,512,3250,6.347656
6329,512,3250,6.347656
6330,512,3208,6.265625
6331,512,3333,6.509766
6332,512,3250,6.347656
6333,512,3250,6.347656
6334,512,3208,6.265625
6335,512,3167,6.185547
6336,512,3208,6.265625
6337,512,3125,6.103516
6338,512,3166,6.183594
6339,512,3125,6.103516
6340,512,3250,6.347656
6341,512,3167,6.185547
6342,512,3334,6.511719
6343,512,3208,6.265625
6344,512,3458,6.753906
6345,512,3333,6.509766
6346,512,3125,6.103516
6347,512,3208,6.265625
6348,512,3167,6.185547
6349,512,3125,6.103516
6350,512,3042,5.941406
6351,512,3041,5.939453
6352,512,3042,5.941406
6353,512,3291,6.427734
6354,512,3125,6.103516
6355,512,3250,6.347656
6356,512,3000,5.859375
6357,512,3166,6.183594
6358,512,3167,6.185547
6359,512,3208,6.265625
6360,512,3292,6.429688
6361,512,3167,6.185547
6362,512,3208,6.265625
6363,512,3000,5.859375
6364,512,3000,5.859375
6365,512,3166,6.183594
6366,512,3167,6.185547
6367,512,3083,6.021484
6368,512,3250,6.347656
6369,512,3083,6.021484
6370,512,3000,5.859375
6371,512,3209,6.267578
6372,512,2959,5.779297
6373,512,3083,6.021484
6374,512,3208,6.265625
6375,512,3042,5.941406
6376,512,3041,5.939453
6377,512,3083,6.021484
6378,512,3292,6.429688
6379,512,3083,6.021484
6380,512,3083,6.021484
6381,512,3083,6.021484
6382,512,3083,6.021484
6383,512,3083,6.021484
6384,512,3125,6.103516
6385,512,3083,6.021484
6386,512,3083,6.021484
6387,512,3083,6.021484
6388,512,3084,6.023438
6389,512,3042,5.941406
6390,512,2958,5.777344
6391,512,3209,6.267578
6392,512,3084,6.023438
6393,512,3083,6.021484
6394,512,2958,5.777344
6395,512,3125,6.103516
6396,512,3083,6.021484
6397,512,3042,5.941406
6398,512,3125,6.103516
6399,512,2958,5.777344
6400,512,3042,5.941406
6401,512,3125,6.103516
6402,512,3209,6.267578
6403,512,3000,5.859375
6404,512,3041,5.939453
6405,512,3084,6.023438
6406,512,3042,5.941406
6407,512,3125,6.103516
6408,512,3000,5.859375
6409,512,3208,6.265625
6410,512,3167,6.185547
6411,512,3000,5.859375
6412,512,3167,6.185547
6413,512,2958,5.777344
6414,512,3083,6.021484
6415,512,3083,6.021484
6416,512,3083,6.021484
6417,512,3209,6.267578
6418,512,3125,6.103516
6419,512,3084,6.023438
6420,512,3166,6.183594
6421,512,3083,6.021484
6422,512,3042,5.941406
6423,512,3000,5.859375
6424,512,3000,5.859375
6425,512,3083,6.021484
6426,512,3084,6.023438
6427,512,3125,6.103516
6428,512,3084,6.023438
6429,512,3083,6.021484
6430,512,3000,5.859375
6431,512,3041,5.939453
6432,512,3000,5.859375
6433,512,3167,6.185547
6434,512,3208,6.265625
6435,512,3125,6.103516
6436,512,3125,6.103516
6437,512,3042,5.941406
6438,512,3083,6.021484
6439,512,3042,5.941406
6440,512,3084,6.023438
6441,512,3166,6.183594
6442,512,3042,5.941406
6443,512,3083,6.021484
6444,512,3125,6.103516
6445,512,2958,5.777344
6446,512,3166,6.183594
6447,512,3167,6.185547
6448,512,3042,5.941406
6449,512,3125,6.103516
6450,512,3167,6.185547
6451,512,3083,6.021484
6452,512,3042,5.941406
6453,512,3042,5.941406
6454,512,3041,5.939453
6455,512,3042,5.941406
6456,512,3084,6.023438
6457,512,3125,6.103516
6458,512,3125,6.103516
6459,512,3209,6.267578
6460,512,3208,6.265625
6461,512,3083,6.021484
6462,512,3042,5.941406
6463,512,3208,6.265625
6464,512,3083,6.021484
6465,512,3166,6.183594
6466,512,3167,6.185547
6467,512,3083,6.021484
6468,512,3167,6.185547
6469,512,3125,6.103516
6470,512,3083,6.021484
6471,512,3125,6.103516
6472,512,3041,5.939453
6473,512,3167,6.185547
6474,512,2958,5.777344
6475,512,3083,6.021484
6476,512,3167,6.185547
6477,512,3166,6.183594
6478,512,3084,6.023438
6479,512,3209,6.267578
6480,512,3125,6.103516
6481,512,3041,5.939453
6482,512,3083,6.021484
6483,512,3167,6.185547
6484,512,3042,5.941406
6485,512,3167,6.185547
6486,512,3083,6.021484
6487,512,3167,6.185547
6488,512,3041,5.939453
6489,512,3209,6.267578
6490,512,3083,6.021484
6491,512,3083,6.021484
6492,512,3125,6.103516
6493,512,3125,6.103516
6494,512,3209,6.267578
6495,512,3084,6.023438
6496,512,3167,6.185547
6497,512,3083,6.021484
6498,512,3125,6.103516
6499,512,3167,6.185547
6500,512,3125,6.103516
6501,512,3125,6.103516
6502,512,3125,6.103516
6503,512,3083,6.021484
6504,512,2959,5.779297
6505,512,3042,5.941406
6506,512,3167,6.185547
6507,512,3083,6.021484
6508,512,3083,6.021484
6509,512,3167,6.185547
6510,512,3041,5.939453
6511,512,3125,6.103516
6512,512,3083,6.021484
6513,512,3125,6.103516
6514,512,3209,6.267578
6515,512,3291,6.427734
6516,512,3000,5.859375
6517,512,3084,6.023438
6518,512,3084,6.023438
6519,512,3166,6.183594
6520,512,2959,5.779297
6521,512,3125,6.103516
6522,512,3125,6.103516
6523,512,3125,6.103516
6524,512,3167,6.185547
6525,512,3042,5.941406
6526,512,3083,6.021484
6527,512,3083,6.021484
6528,512,3250,6.347656
6529,512,3000,5.859375
6530,512,3084,6.023438
6531,512,3083,6.021484
6532,512,3125,6.103516
6533,512,3125,6.103516
6534,512,3125,6.103516
6535,512,3083,6.021484
6536,512,3000,5.859375
6537,512,3041,5.939453
6538,512,3084,6.023438
6539,512,3125,6.103516
6540,512,3000,5.859375
6541,512,3042,5.941406
6542,512,3083,6.021484
6543,512,3125,6.103516
6544,512,3041,5.939453
6545,512,3042,5.941406
6546,512,3042,5.941406
6547,512,3084,6.023438
6548,512,3042,5.941406
6549,512,3167,6.185547
6550,512,3125,6.103516
6551,512,3084,6.023438
6552,512,3041,5.939453
6553,512,2959,5.779297
6554,512,3084,6.023438
6555,512,3000,5.859375
6556,512,3000,5.859375
6557,512,2917,5.697266
6558,512,3083,6.021484
6559,512,3208,6.265625
6560,512,3042,5.941406
6561,512,3083,6.021484
6562,512,3042,5.941406
6563,512,3209,6.267578
6564,512,3167,6.185547
6565,512,3000,5.859375
6566,512,3041,5.939453
6567,512,3083,6.021484
6568,512,3167,6.185547
6569,512,3083,6.021484
6570,512,3125,6.103516
6571,512,3125,6.103516
6572,512,3125,6.103516
6573,512,3083,6.021484
6574,512,3042,5.941406
6575,512,2958,5.777344
6576,512,3083,6.021484
6577,512,3084,6.023438
6578,512,3125,6.103516
6579,512,3042,5.941406
6580,512,3041,5.939453
6581,512,3000,5.859375
6582,512,3083,6.021484
6583,512,3084,6.023438
6584,512,3083,6.021484
6585,512,3042,5.941406
6586,512,3083,6.021484
6587,512,3125,6.103516
6588,512,3083,6.021484
6589,512,3208,6.265625
6590,512,3084,6.023438
6591,512,3166,6.183594
6592,512,2958,5.777344
6593,512,3084,6.023438
6594,512,3083,6.021484
6595,512,3083,6.021484
6596,512,3208,6.265625
6597,512,3125,6.103516
6598,512,3042,5.941406
6599,512,3041,5.939453
6600,512,3167,6.185547
6601,512,3125,6.103516
6602,512,3041,5.939453
6603,512,3209,6.267578
6604,512,4166,8.136719
6605,512,4000,7.812500
6606,512,4083,7.974609
6607,512,3958,7.730469
6608,512,3667,7.162109
6609,512,3250,6.347656
6610,512,3166,6.183594
6611,512,3292,6.429688
6612,512,3333,6.509766
6613,512,3292,6.429688
6614,512,3125,6.103516
6615,512,3250,6.347656
6616,512,3334,6.511719
6617,512,3208,6.265625
6618,512,3250,6.347656
6619,512,3291,6.427734
6620,512,3334,6.511719
6621,512,3208,6.265625
6622,512,3208,6.265625
6623,512,3250,6.347656
6624,512,3417,6.673828
6625,512,3083,6.021484
6626,512,3125,6.103516
6627,512,3125,6.103516
6628,512,3083,6.021484
6629,512,3083,6.021484
6630,512,3084,6.023438
6631,512,3125,6.103516
6632,512,3209,6.267578
6633,512,3083,6.021484
6634,512,3083,6.021484
6635,512,3000,5.859375
6636,512,3083,6.021484
6637,512,3125,6.103516
6638,512,3125,6.103516
6639,512,2959,5.779297
6640,512,3083,6.021484
6641,512,3292,6.429688
6642,512,3000,5.859375
6643,512,3167,6.185547
6644,512,3167,6.185547
6645,512,3250,6.347656
6646,512,3083,6.021484
6647,512,3167,6.185547
6648,512,3166,6.183594
6649,512,3125,6.103516
6650,512,3125,6.103516
6651,512,3084,6.023438
6652,512,3125,6.103516
6653,512,3083,6.021484
6654,512,3125,6.103516
6655,512,3083,6.021484
6656,512,3125,6.103516
6657,512,3041,5.939453
6658,512,3084,6.023438
6659,512,3125,6.103516
6660,512,3083,6.021484
6661,512,3250,6.347656
6662,512,3125,6.103516
6663,512,3083,6.021484
6664,512,3125,6.103516
6665,512,3125,6.103516
6666,512,3125,6.103516
6667,512,3166,6.183594
6668,512,3167,6.185547
6669,512,3125,6.103516
6670,512,3167,6.185547
6671,512,3084,6.023438
6672,512,3041,5.939453
6673,512,3083,6.021484
6674,512,3042,5.941406
6675,512,2959,5.779297
6676,512,3125,6.103516
6677,512,3125,6.103516
6678,512,3000,5.859375
6679,512,3041,5.939453
6680,512,3125,6.103516
6681,512,3083,6.021484
6682,512,3125,6.103516
6683,512,3167,6.185547
6684,512,3083,6.021484
6685,512,3125,6.103516
6686,512,3125,6.103516
6687,512,3084,6.023438
6688,512,2959,5.779297
6689,512,3041,5.939453
6690,512,3042,5.941406
6691,512,3250,6.347656
6692,512,3125,6.103516
6693,512,3084,6.023438
6694,512,3125,6.103516
6695,512,3167,6.185547
6696,512,3041,5.939453
6697,512,3084,6.023438
6698,512,3000,5.859375
6699,512,3167,6.185547
6700,512,3167,6.185547
6701,512,3083,6.021484
6702,512,2917,5.697266
6703,512,3000,5.859375
6704,512,3042,5.941406
6705,512,3166,6.183594
6706,512,2959,5.779297
6707,512,3042,5.941406
6708,512,3125,6.103516
6709,512,3208,6.265625
6710,512,3000,5.859375
6711,512,3041,5.939453
6712,512,3167,6.185547
6713,512,3083,6.021484
6714,512,3167,6.185547
6715,512,3167,6.185547
6716,512,3167,6.185547
6717,512,3042,5.941406
6718,512,3083,6.021484
6719,512,3125,6.103516
6720,512,3166,6.183594
6721,512,3125,6.103516
6722,512,3166,6.183594
6723,512,3084,6.023438
6724,512,3167,6.185547
6725,512,3041,5.939453
6726,512,3125,6.103516
6727,512,3125,6.103516
6728,512,3042,5.941406
6729,512,3125,6.103516
6730,512,3000,5.859375
6731,512,3209,6.267578
6732,512,3083,6.021484
6733,512,3250,6.347656
6734,512,3041,5.939453
6735,512,3125,6.103516
6736,512,3209,6.267578
6737,512,3125,6.103516
6738,512,3166,6.183594
6739,512,3000,5.859375
6740,512,3083,6.021484
6741,512,3000,5.859375
6742,512,3125,6.103516
6743,512,3125,6.103516
6744,512,3041,5.939453
6745,512,3167,6.185547
6746,512,3167,6.185547
6747,512,3083,6.021484
6748,512,3125,6.103516
6749,512,3083,6.021484
6750,512,3042,5.941406
6751,512,3083,6.021484
6752,512,3250,6.347656
6753,512,3166,6.183594
6754,512,3250,6.347656
6755,512,3167,6.185547
6756,512,3167,6.185547
6757,512,3125,6.103516
6758,512,3125,6.103516
6759,512,2958,5.777344
6760,512,3125,6.103516
6761,512,3042,5.941406
6762,512,3167,6.185547
6763,512,3125,6.103516
6764,512,3166,6.183594
6765,512,3125,6.103516
6766,512,3084,6.023438
6767,512,3208,6.265625
6768,512,3083,6.021484
6769,512,3042,5.941406
6770,512,3041,5.939453
6771,512,3208,6.265625
6772,512,3042,5.941406
6773,512,3125,6.103516
6774,512,3250,6.347656
6775,512,3208,6.265625
6776,512,3167,6.185547
6777,512,3208,6.265625
6778,512,3042,5.941406
6779,512,3166,6.183594
6780,512,3208,6.265625
6781,512,3167,6.185547
6782,512,3083,6.021484
6783,512,3167,6.185547
6784,512,3292,6.429688
6785,512,3125,6.103516
6786,512,3084,6.023438
6787,512,3083,6.021484
6788,512,3083,6.021484
6789,512,3167,6.185547
6790,512,3125,6.103516
6791,512,3125,6.103516
6792,512,2917,5.697266
6793,512,3166,6.183594
6794,512,3125,6.103516
6795,512,3209,6.267578
6796,512,3041,5.939453
6797,512,3209,6.267578
6798,512,3125,6.103516
6799,512,3125,6.103516
6800,512,3125,6.103516
6801,512,3208,6.265625
6802,512,3167,6.185547
6803,512,3291,6.427734
6804,512,2958,5.777344
6805,512,3084,6.023438
6806,512,3083,6.021484
6807,512,3167,6.185547
6808,512,3084,6.023438
6809,512,3125,6.103516
6810,512,3000,5.859375
6811,512,3083,6.021484
6812,512,3208,6.265625
6813,512,3125,6.103516
6814,512,3167,6.185547
6815,512,3083,6.021484
6816,512,3125,6.103516
6817,512,3041,5.939453
6818,512,3250,6.347656
6819,512,3000,5.859375
6820,512,3042,5.941406
6821,512,3083,6.021484
6822,512,3167,6.185547
6823,512,2959,5.779297
6824,512,3042,5.941406
6825,512,3125,6.103516
6826,512,3084,6.023438
6827,512,3083,6.021484
6828,512,3166,6.183594
6829,512,3042,5.941406
6830,512,3041,5.939453
6831,512,3042,5.941406
6832,512,3000,5.859375
6833,512,3125,6.103516
6834,512,3084,6.023438
6835,512,3125,6.103516
6836,512,3125,6.103516
6837,512,3083,6.021484
6838,512,3167,6.185547
6839,512,3250,6.347656
6840,512,3125,6.103516
6841,512,3042,5.941406
6842,512,3208,6.265625
6843,512,3125,6.103516
6844,512,3083,6.021484
6845,512,3125,6.103516
6846,512,2958,5.777344
6847,512,3041,5.939453
6848,512,3125,6.103516
6849,512,3084,6.023438
6850,512,3084,6.023438
6851,512,3000,5.859375
6852,512,3125,6.103516
6853,512,3084,6.023438
6854,512,3041,5.939453
6855,512,3083,6.021484
6856,512,3084,6.023438
6857,512,3125,6.103516
6858,512,3083,6.021484
6859,512,3084,6.023438
6860,512,3083,6.021484
6861,512,3083,6.021484
6862,512,3125,6.103516
6863,512,3000,5.859375
6864,512,3041,5.939453
6865,512,3042,5.941406
6866,512,3125,6.103516
6867,512,3125,6.103516
6868,512,3083,6.021484
6869,512,3083,6.021484
6870,512,3167,6.185547
6871,512,3125,6.103516
6872,512,3083,6.021484
6873,512,2958,5.777344
6874,512,3125,6.103516
6875,512,3042,5.941406
6876,512,3042,5.941406
6877,512,3041,5.939453
6878,512,3167,6.185547
6879,512,3042,5.941406
6880,512,3083,6.021484
6881,512,3125,6.103516
6882,512,3167,6.185547
6883,512,3041,5.939453
6884,512,3167,6.185547
6885,512,3041,5.939453
6886,512,3042,5.941406
6887,512,3041,5.939453
6888,512,3209,6.267578
6889,512,3208,6.265625
6890,512,3208,6.265625
6891,512,3042,5.941406
6892,512,3166,6.183594
6893,512,3084,6.023438
6894,512,3166,6.183594
6895,512,3167,6.185547
6896,512,3125,6.103516
6897,512,3125,6.103516
6898,512,3125,6.103516
6899,512,3167,6.185547
6900,512,3125,6.103516
6901,512,3166,6.183594
6902,512,3125,6.103516
6903,512,3209,6.267578
6904,512,3041,5.939453
6905,512,3125,6.103516
6906,512,3166,6.183594
6907,512,3167,6.185547
6908,512,3208,6.265625
6909,512,3042,5.941406
6910,512,3084,6.023438
6911,512,3084,6.023438
6912,512,3125,6.103516
6913,512,3042,5.941406
6914,512,3167,6.185547
6915,512,3167,6.185547
6916,512,3000,5.859375
6917,512,3167,6.185547
6918,512,3041,5.939453
6919,512,3167,6.185547
6920,512,3125,6.103516
6921,512,3125,6.103516
6922,512,3166,6.183594
6923,512,3167,6.185547
6924,512,3125,6.103516
6925,512,3125,6.103516
6926,512,3000,5.859375
6927,512,3125,6.103516
6928,512,3083,6.021484
6929,512,3208,6.265625
6930,512,3250,6.347656
6931,512,3208,6.265625
6932,512,3125,6.103516
6933,512,3083,6.021484
6934,512,3167,6.185547
6935,512,3083,6.021484
6936,512,3083,6.021484
6937,512,2958,5.777344
6938,512,3167,6.185547
6939,512,3041,5.939453
6940,512,3250,6.347656
6941,512,3000,5.859375
6942,512,3125,6.103516
6943,512,3083,6.021484
6944,512,3084,6.023438
6945,512,3084,6.023438
6946,512,3000,5.859375
6947,512,3167,6.185547
6948,512,3041,5.939453
6949,512,3167,6.185547
6950,512,3083,6.021484
6951,512,3167,6.185547
6952,512,3041,5.939453
6953,512,3084,6.023438
6954,512,3083,6.021484
6955,512,2958,5.777344
6956,512,3125,6.103516
6957,512,3125,6.103516
6958,512,3000,5.859375
6959,512,3084,6.023438
6960,512,3125,6.103516
6961,512,3166,6.183594
6962,512,3167,6.185547
6963,512,3125,6.103516
6964,512,3083,6.021484
6965,512,3166,6.183594
6966,512,3042,5.941406
6967,512,3125,6.103516
6968,512,3166,6.183594
6969,512,3125,6.103516
6970,512,3292,6.429688
6971,512,3125,6.103516
6972,512,3083,6.021484
6973,512,3125,6.103516
6974,512,3125,6.103516
6975,512,3166,6.183594
6976,512,3042,5.941406
6977,512,3084,6.023438
6978,512,3042,5.941406
6979,512,3208,6.265625
6980,512,3041,5.939453
6981,512,3167,6.185547
6982,512,3083,6.021484
6983,512,3083,6.021484
6984,512,3125,6.103516
6985,512,3083,6.021484
6986,512,3125,6.103516
6987,512,3083,6.021484
6988,512,3083,6.021484
6989,512,3000,5.859375
6990,512,3166,6.183594
6991,512,3000,5.859375
6992,512,3208,6.265625
6993,512,3125,6.103516
6994,512,3083,6.021484
6995,512,3000,5.859375
6996,512,3084,6.023438
6997,512,3041,5.939453
6998,512,3000,5.859375
6999,512,3084,6.023438
7000,512,3084,6.023438
7001,512,3000,5.859375
7002,512,3042,5.941406
7003,512,3041,5.939453
7004,512,3167,6.185547
7005,512,3208,6.265625
7006,512,3208,6.265625
7007,512,3209,6.267578
7008,512,3167,6.185547
7009,512,3083,6.021484
7010,512,3167,6.185547
7011,512,3042,5.941406
7012,512,3083,6.021484
7013,512,3167,6.185547
7014,512,2959,5.779297
7015,512,3209,6.267578
7016,512,3083,6.021484
7017,512,3000,5.859375
7018,512,3083,6.021484
7019,512,3042,5.941406
7020,512,3083,6.021484
7021,512,3041,5.939453
7022,512,3125,6.103516
7023,512,3083,6.021484
7024,512,3042,5.941406
7025,512,3083,6.021484
7026,512,3250,6.347656
7027,512,3083,6.021484
7028,512,3125,6.103516
7029,512,3083,6.021484
7030,512,3083,6.021484
7031,512,3084,6.023438
7032,512,3209,6.267578
7033,512,3125,6.103516
7034,512,3042,5.941406
7035,512,3208,6.265625
7036,512,3125,6.103516
7037,512,3167,6.185547
7038,512,3041,5.939453
7039,512,3042,5.941406
7040,512,3458,6.753906
7041,512,3000,5.859375
7042,512,3000,5.859375
7043,512,3125,6.103516
7044,512,3208,6.265625
7045,512,3042,5.941406
7046,512,3000,5.859375
7047,512,3041,5.939453
7048,512,3125,6.103516
7049,512,3208,6.265625
7050,512,3125,6.103516
7051,512,3167,6.185547
7052,512,3083,6.021484
7053,512,3209,6.267578
7054,512,3125,6.103516
7055,512,3125,6.103516
7056,512,3000,5.859375
7057,512,3167,6.185547
7058,512,2958,5.777344
7059,512,3042,5.941406
7060,512,3000,5.859375
7061,512,3042,5.941406
7062,512,3167,6.185547
7063,512,3083,6.021484
7064,512,3041,5.939453
7065,512,3084,6.023438
7066,512,3208,6.265625
7067,512,3167,6.185547
7068,512,3125,6.103516
7069,512,3167,6.185547
7070,512,3083,6.021484
7071,512,3375,6.591797
7072,512,3042,5.941406
7073,512,3208,6.265625
7074,512,3125,6.103516
7075,512,3250,6.347656
7076,512,3166,6.183594
7077,512,3334,6.511719
7078,512,3208,6.265625
7079,512,3125,6.103516
7080,512,3083,6.021484
7081,512,3125,6.103516
7082,512,3083,6.021484
7083,512,3292,6.429688
7084,512,3125,6.103516
7085,512,3250,6.347656
7086,512,3167,6.185547
7087,512,3083,6.021484
7088,512,3167,6.185547
7089,512,3166,6.183594
7090,512,3000,5.859375
7091,512,3167,6.185547
7092,512,3125,6.103516
7093,512,3000,5.859375
7094,512,3209,6.267578
7095,512,3000,5.859375
7096,512,3167,6.185547
7097,512,3208,6.265625
7098,512,3000,5.859375
7099,512,3125,6.103516
7100,512,3250,6.347656
7101,512,3292,6.429688
7102,512,3125,6.103516
7103,512,3083,6.021484
7104,512,3125,6.103516
7105,512,3250,6.347656
7106,512,3125,6.103516
7107,512,3083,6.021484
7108,512,3209,6.267578
7109,512,3208,6.265625
7110,512,3125,6.103516
7111,512,3125,6.103516
7112,512,3209,6.267578
7113,512,3083,6.021484
7114,512,3417,6.673828
7115,512,3000,5.859375
7116,512,3291,6.427734
7117,512,3125,6.103516
7118,512,3250,6.347656
7119,512,2958,5.777344
7120,512,3125,6.103516
7121,512,3083,6.021484
7122,512,3333,6.509766
7123,512,3292,6.429688
7124,512,3208,6.265625
7125,512,3208,6.265625
7126,512,2959,5.779297
7127,512,3417,6.673828
7128,512,3125,6.103516
7129,512,3083,6.021484
7130,512,3084,6.023438
7131,512,3250,6.347656
7132,512,3250,6.347656
7133,512,3208,6.265625
7134,512,3167,6.185547
7135,512,3250,6.347656
7136,512,3125,6.103516
7137,512,3209,6.267578
7138,512,3208,6.265625
7139,512,3167,6.185547
7140,512,3291,6.427734
7141,512,3084,6.023438
7142,512,3166,6.183594
7143,512,3083,6.021484
7144,512,3209,6.267578
7145,512,3125,6.103516
7146,512,3167,6.185547
7147,512,3083,6.021484
7148,512,3334,6.511719
7149,512,3083,6.021484
7150,512,3292,6.429688
7151,512,3167,6.185547
7152,512,3250,6.347656
7153,512,3083,6.021484
7154,512,3125,6.103516
7155,512,3208,6.265625
7156,512,3167,6.185547
7157,512,3166,6.183594
7158,512,3167,6.185547
7159,512,3083,6.021484
7160,512,2958,5.777344
7161,512,3042,5.941406
7162,512,3250,6.347656
7163,512,3041,5.939453
7164,512,3042,5.941406
7165,512,3083,6.021484
7166,512,3208,6.265625
7167,512,3083,6.021484
7168,512,3334,6.511719
7169,512,3125,6.103516
7170,512,3041,5.939453
7171,512,3208,6.265625
7172,512,3125,6.103516
7173,512,3125,6.103516
7174,512,3083,6.021484
7175,512,3167,6.185547
7176,512,3167,6.185547
7177,512,3083,6.021484
7178,512,3042,5.941406
7179,512,3125,6.103516
7180,512,3084,6.023438
7181,512,3166,6.183594
7182,512,2959,5.779297
7183,512,3083,6.021484
7184,512,3000,5.859375
7185,512,3208,6.265625
7186,512,3042,5.941406
7187,512,3084,6.023438
7188,512,3042,5.941406
7189,512,3125,6.103516
7190,512,3208,6.265625
7191,512,3166,6.183594
7192,512,3125,6.103516
7193,512,3083,6.021484
7194,512,3167,6.185547
7195,512,3083,6.021484
7196,512,3000,5.859375
7197,512,3167,6.185547
7198,512,3083,6.021484
7199,512,3250,6.347656
7200,512,3167,6.185547
7201,512,3125,6.103516
7202,512,3042,5.941406
7203,512,3084,6.023438
7204,512,3125,6.103516
7205,512,3167,6.185547
7206,512,3083,6.021484
7207,512,3083,6.021484
7208,512,3084,6.023438
7209,512,3084,6.023438
7210,512,3167,6.185547
7211,512,3042,5.941406
7212,512,3125,6.103516
7213,512,3125,6.103516
7214,512,3083,6.021484
7215,512,3125,6.103516
7216,512,3250,6.347656
7217,512,3042,5.941406
7218,512,3125,6.103516
7219,512,3041,5.939453
7220,512,3084,6.023438
7221,512,3042,5.941406
7222,512,3167,6.185547
7223,512,3166,6.183594
7224,512,3209,6.267578
7225,512,3083,6.021484
7226,512,3125,6.103516
7227,512,3041,5.939453
7228,512,3209,6.267578
7229,512,3125,6.103516
7230,512,3042,5.941406
7231,512,3167,6.185547
7232,512,3000,5.859375
7233,512,3000,5.859375
7234,512,3084,6.023438
7235,512,3125,6.103516
7236,512,3167,6.185547
7237,512,3167,6.185547
7238,512,3000,5.859375
7239,512,3125,6.103516
7240,512,3292,6.429688
7241,512,3000,5.859375
7242,512,3083,6.021484
7243,512,3209,6.267578
7244,512,3250,6.347656
7245,512,3125,6.103516
7246,512,3250,6.347656
7247,512,3209,6.267578
7248,512,3083,6.021484
7249,512,3083,6.021484
7250,512,3208,6.265625
7251,512,3042,5.941406
7252,512,3167,6.185547
7253,512,3208,6.265625
7254,512,3166,6.183594
7255,512,3209,6.267578
7256,512,3166,6.183594
7257,512,3125,6.103516
7258,512,3375,6.591797
7259,512,3250,6.347656
7260,512,3125,6.103516
7261,512,3125,6.103516
7262,512,3167,6.185547
7263,512,3125,6.103516
7264,512,3125,6.103516
7265,512,3125,6.103516
7266,512,3125,6.103516
7267,512,3084,6.023438
7268,512,3084,6.023438
7269,512,3041,5.939453
7270,512,3125,6.103516
7271,512,3208,6.265625
7272,512,3250,6.347656
7273,512,3041,5.939453
7274,512,3209,6.267578
7275,512,3208,6.265625
7276,512,3166,6.183594
7277,512,3084,6.023438
7278,512,3291,6.427734
7279,512,3209,6.267578
7280,512,3041,5.939453
7281,512,3250,6.347656
7282,512,3208,6.265625
7283,512,3167,6.185547
7284,512,3250,6.347656
7285,512,3041,5.939453
7286,512,3125,6.103516
7287,512,3042,5.941406
7288,512,3125,6.103516
7289,512,3125,6.103516
7290,512,3084,6.023438
7291,512,3167,6.185547
7292,512,3167,6.185547
7293,512,3125,6.103516
7294,512,3084,6.023438
7295,512,3083,6.021484
7296,512,3417,6.673828
7297,512,3000,5.859375
7298,512,3167,6.185547
7299,512,3166,6.183594
7300,512,3083,6.021484
7301,512,3167,6.185547
7302,512,3083,6.021484
7303,512,3084,6.023438
7304,512,3000,5.859375
7305,512,3125,6.103516
7306,512,2958,5.777344
7307,512,3167,6.185547
7308,512,3292,6.429688
7309,512,3166,6.183594
7310,512,3209,6.267578
7311,512,3208,6.265625
7312,512,3167,6.185547
7313,512,3166,6.183594
7314,512,3000,5.859375
7315,512,3083,6.021484
7316,512,3083,6.021484
7317,512,3042,5.941406
7318,512,3208,6.265625
7319,512,3125,6.103516
7320,512,3041,5.939453
7321,512,3125,6.103516
7322,512,3125,6.103516
7323,512,3167,6.185547
7324,512,3000,5.859375
7325,512,3208,6.265625
7326,512,3292,6.429688
7327,512,3042,5.941406
7328,512,3166,6.183594
7329,512,3125,6.103516
7330,512,3125,6.103516
7331,512,3083,6.021484
7332,512,3083,6.021484
7333,512,3167,6.185547
7334,512,3333,6.509766
7335,512,3167,6.185547
7336,512,3000,5.859375
7337,512,3167,6.185547
7338,512,3083,6.021484
7339,512,3250,6.347656
7340,512,3167,6.185547
7341,512,3042,5.941406
7342,512,3208,6.265625
7343,512,3166,6.183594
7344,512,3292,6.429688
7345,512,3208,6.265625
7346,512,3209,6.267578
7347,512,3167,6.185547
7348,512,3167,6.185547
7349,512,3166,6.183594
7350,512,3125,6.103516
7351,512,3000,5.859375
7352,512,3209,6.267578
7353,512,3125,6.103516
7354,512,3250,6.347656
7355,512,3167,6.185547
7356,512,3083,6.021484
7357,512,3084,6.023438
7358,512,3209,6.267578
7359,512,3250,6.347656
7360,512,3083,6.021484
7361,512,3208,6.265625
7362,512,3084,6.023438
7363,512,3042,5.941406
7364,512,3083,6.021484
7365,512,3334,6.511719
7366,512,3166,6.183594
7367,512,3292,6.429688
7368,512,3125,6.103516
7369,512,3167,6.185547
7370,512,3250,6.347656
7371,512,3250,6.347656
7372,512,3000,5.859375
7373,512,3209,6.267578
7374,512,3209,6.267578
7375,512,3125,6.103516
7376,512,3083,6.021484
7377,512,3042,5.941406
7378,512,3208,6.265625
7379,512,3125,6.103516
7380,512,3208,6.265625
7381,512,3250,6.347656
7382,512,3209,6.267578
7383,512,3125,6.103516
7384,512,3041,5.939453
7385,512,3167,6.185547
7386,512,3208,6.265625
7387,512,3083,6.021484
7388,512,3083,6.021484
7389,512,3083,6.021484
7390,512,3125,6.103516
7391,512,3167,6.185547
7392,512,3125,6.103516
7393,512,3250,6.347656
7394,512,3167,6.185547
7395,512,3167,6.185547
7396,512,3083,6.021484
7397,512,3125,6.103516
7398,512,3208,6.265625
7399,512,3167,6.185547
7400,512,3250,6.347656
7401,512,3208,6.265625
7402,512,3209,6.267578
7403,512,3208,6.265625
7404,512,3250,6.347656
7405,512,3292,6.429688
7406,512,3083,6.021484
7407,512,3125,6.103516
7408,512,3166,6.183594
7409,512,3292,6.429688
7410,512,3166,6.183594
7411,512,3209,6.267578
7412,512,3125,6.103516
7413,512,3375,6.591797
7414,512,3167,6.185547
7415,512,3125,6.103516
7416,512,3208,6.265625
7417,512,3291,6.427734
7418,512,3167,6.185547
7419,512,3208,6.265625
7420,512,3208,6.265625
7421,512,3125,6.103516
7422,512,3250,6.347656
7423,512,3250,6.347656
7424,512,3166,6.183594
7425,512,3250,6.347656
7426,512,3042,5.941406
7427,512,3208,6.265625
7428,512,3125,6.103516
7429,512,3209,6.267578
7430,512,3250,6.347656
7431,512,3209,6.267578
7432,512,3166,6.183594
7433,512,3167,6.185547
7434,512,3042,5.941406
7435,512,3208,6.265625
7436,512,3042,5.941406
7437,512,3125,6.103516
7438,512,3125,6.103516
7439,512,3042,5.941406
7440,512,3083,6.021484
7441,512,3167,6.185547
7442,512,3125,6.103516
7443,512,3209,6.267578
7444,512,3208,6.265625
7445,512,3167,6.185547
7446,512,3125,6.103516
7447,512,3125,6.103516
7448,512,3125,6.103516
7449,512,3208,6.265625
7450,512,3125,6.103516
7451,512,3125,6.103516
7452,512,3125,6.103516
7453,512,3083,6.021484
7454,512,3083,6.021484
7455,512,3042,5.941406
7456,512,3250,6.347656
7457,512,3208,6.265625
7458,512,3250,6.347656
7459,512,3041,5.939453
7460,512,3334,6.511719
7461,512,3125,6.103516
7462,512,3167,6.185547
7463,512,3041,5.939453
7464,512,3042,5.941406
7465,512,3166,6.183594
7466,512,3208,6.265625
7467,512,3208,6.265625
7468,512,3167,6.185547
7469,512,3167,6.185547
7470,512,3166,6.183594
7471,512,3083,6.021484
7472,512,3125,6.103516
7473,512,3209,6.267578
7474,512,3083,6.021484
7475,512,3083,6.021484
7476,512,3292,6.429688
7477,512,2958,5.777344
7478,512,3083,6.021484
7479,512,3167,6.185547
7480,512,3042,5.941406
7481,512,3042,5.941406
7482,512,3041,5.939453
7483,512,3125,6.103516
7484,512,3125,6.103516
7485,512,3208,6.265625
7486,512,3167,6.185547
7487,512,3208,6.265625
7488,512,3250,6.347656
7489,512,3125,6.103516
7490,512,2958,5.777344
7491,512,3084,6.023438
7492,512,3125,6.103516
7493,512,3166,6.183594
7494,512,3125,6.103516
7495,512,3083,6.021484
7496,512,3083,6.021484
7497,512,3084,6.023438
7498,512,3083,6.021484
7499,512,3000,5.859375
7500,512,3084,6.023438
7501,512,3125,6.103516
7502,512,3250,6.347656
7503,512,2959,5.779297
7504,512,3125,6.103516
7505,512,3084,6.023438
7506,512,3084,6.023438
7507,512,3083,6.021484
7508,512,3083,6.021484
7509,512,3125,6.103516
7510,512,3083,6.021484
7511,512,3042,5.941406
7512,512,3167,6.185547
7513,512,3084,6.023438
7514,512,3042,5.941406
7515,512,3042,5.941406
7516,512,3125,6.103516
7517,512,3084,6.023438
7518,512,2958,5.777344
7519,512,2958,5.777344
7520,512,3125,6.103516
7521,512,3209,6.267578
7522,512,3166,6.183594
7523,512,3208,6.265625
7524,512,3209,6.267578
7525,512,3250,6.347656
7526,512,3250,6.347656
7527,512,3125,6.103516
7528,512,3166,6.183594
7529,512,3292,6.429688
7530,512,3084,6.023438
7531,512,3250,6.347656
7532,512,3250,6.347656
7533,512,3334,6.511719
7534,512,2917,5.697266
7535,512,3083,6.021484
7536,512,3084,6.023438
7537,512,3084,6.023438
7538,512,3166,6.183594
7539,512,3209,6.267578
7540,512,3250,6.347656
7541,512,3166,6.183594
7542,512,3167,6.185547
7543,512,3041,5.939453
7544,512,3167,6.185547
7545,512,3291,6.427734
7546,512,3334,6.511719
7547,512,3041,5.939453
7548,512,3084,6.023438
7549,512,3000,5.859375
7550,512,3041,5.939453
7551,512,3125,6.103516
7552,512,3584,7.000000
7553,512,3084,6.023438
7554,512,3084,6.023438
7555,512,3000,5.859375
7556,512,3084,6.023438
7557,512,3209,6.267578
7558,512,3125,6.103516
7559,512,3084,6.023438
7560,512,3167,6.185547
7561,512,3042,5.941406
7562,512,3083,6.021484
7563,512,3208,6.265625
7564,512,3083,6.021484
7565,512,3125,6.103516
7566,512,3125,6.103516
7567,512,3000,5.859375
7568,512,3167,6.185547
7569,512,3292,6.429688
7570,512,3125,6.103516
7571,512,3166,6.183594
7572,512,3167,6.185547
7573,512,3250,6.347656
7574,512,3292,6.429688
7575,512,3125,6.103516
7576,512,3083,6.021484
7577,512,3292,6.429688
7578,512,3125,6.103516
7579,512,3208,6.265625
7580,512,3125,6.103516
7581,512,3208,6.265625
7582,512,3208,6.265625
7583,512,3083,6.021484
7584,512,3125,6.103516
7585,512,3167,6.185547
7586,512,3166,6.183594
7587,512,2917,5.697266
7588,512,3208,6.265625
7589,512,3333,6.509766
7590,512,3084,6.023438
7591,512,3042,5.941406
7592,512,3208,6.265625
7593,512,3042,5.941406
7594,512,3416,6.671875
7595,512,3042,5.941406
7596,512,3375,6.591797
7597,512,3209,6.267578
7598,512,3333,6.509766
7599,512,3083,6.021484
7600,512,3250,6.347656
7601,512,3291,6.427734
7602,512,3209,6.267578
7603,512,3041,5.939453
7604,512,3250,6.347656
7605,512,3125,6.103516
7606,512,3250,6.347656
7607,512,3250,6.347656
7608,512,3208,6.265625
7609,512,3125,6.103516
7610,512,3167,6.185547
7611,512,3125,6.103516
7612,512,3042,5.941406
7613,512,3125,6.103516
7614,512,3083,6.021484
7615,512,3208,6.265625
7616,512,3167,6.185547
7617,512,3083,6.021484
7618,512,3167,6.185547
7619,512,4000,7.812500
7620,512,4125,8.056641
7621,512,3875,7.568359
7622,512,3958,7.730469
7623,512,3792,7.406250
7624,512,3209,6.267578
7625,512,3333,6.509766
7626,512,3167,6.185547
7627,512,3250,6.347656
7628,512,3209,6.267578
7629,512,3125,6.103516
7630,512,3167,6.185547
7631,512,3083,6.021484
7632,512,3125,6.103516
7633,512,3084,6.023438
7634,512,3041,5.939453
7635,512,3625,7.080078
7636,512,3209,6.267578
7637,512,3041,5.939453
7638,512,3042,5.941406
7639,512,3250,6.347656
7640,512,3084,6.023438
7641,512,3083,6.021484
7642,512,3125,6.103516
7643,512,3125,6.103516
7644,512,3208,6.265625
7645,512,3125,6.103516
7646,512,2959,5.779297
7647,512,3041,5.939453
7648,512,4042,7.894531
7649,512,4167,8.138672
7650,512,4041,7.892578
7651,512,4000,7.812500
7652,512,4083,7.974609
7653,512,3875,7.568359
7654,512,4000,7.812500
7655,512,4167,8.138672
7656,512,3625,7.080078
7657,512,3083,6.021484
7658,512,3000,5.859375
7659,512,3000,5.859375
7660,512,3250,6.347656
7661,512,3208,6.265625
7662,512,3250,6.347656
7663,512,3125,6.103516
7664,512,3125,6.103516
7665,512,3083,6.021484
7666,512,3083,6.021484
7667,512,3292,6.429688
7668,512,3083,6.021484
7669,512,3042,5.941406
7670,512,3000,5.859375
7671,512,3042,5.941406
7672,512,2958,5.777344
7673,512,3209,6.267578
7674,512,3125,6.103516
7675,512,3084,6.023438
7676,512,3167,6.185547
7677,512,3125,6.103516
7678,512,3209,6.267578
7679,512,3000,5.859375
7680,512,3167,6.185547
7681,512,3291,6.427734
7682,512,3167,6.185547
7683,512,3042,5.941406
7684,512,2959,5.779297
7685,512,3125,6.103516
7686,512,3167,6.185547
7687,512,3083,6.021484
7688,512,3125,6.103516
7689,512,3041,5.939453
7690,512,3083,6.021484
7691,512,3084,6.023438
7692,512,3083,6.021484
7693,512,3042,5.941406
7694,512,3917,7.650391
7695,512,4167,8.138672
7696,512,3875,7.568359
7697,512,4000,7.812500
7698,512,3834,7.488281
7699,512,4042,7.894531
7700,512,3958,7.730469
7701,512,4167,8.138672
7702,512,3583,6.998047
7703,512,3041,5.939453
7704,512,3084,6.023438
7705,512,3041,5.939453
7706,512,3000,5.859375
7707,512,3125,6.103516
7708,512,3125,6.103516
7709,512,3084,6.023438
7710,512,3250,6.347656
7711,512,3000,5.859375
7712,512,3083,6.021484
7713,512,3125,6.103516
7714,512,3041,5.939453
7715,512,3084,6.023438
7716,512,3291,6.427734
7717,512,4334,8.464844
7718,512,3166,6.183594
7719,512,3084,6.023438
7720,512,3166,6.183594
7721,512,3167,6.185547
7722,512,3167,6.185547
7723,512,3083,6.021484
7724,512,3125,6.103516
7725,512,3125,6.103516
7726,512,3167,6.185547
7727,512,3000,5.859375
7728,512,3084,6.023438
7729,512,3041,5.939453
7730,512,3167,6.185547
7731,512,3083,6.021484
7732,512,3084,6.023438
7733,512,3083,6.021484
7734,512,3000,5.859375
7735,512,3292,6.429688
7736,512,3083,6.021484
7737,512,3125,6.103516
7738,512,3042,5.941406
7739,512,3209,6.267578
7740,512,3042,5.941406
7741,512,3125,6.103516
7742,512,3083,6.021484
7743,512,3167,6.185547
7744,512,3125,6.103516
7745,512,3041,5.939453
7746,512,3083,6.021484
7747,512,3125,6.103516
7748,512,3208,6.265625
7749,512,3292,6.429688
7750,512,3292,6.429688
7751,512,3084,6.023438
7752,512,3083,6.021484
7753,512,3958,7.730469
7754,512,4125,8.056641
7755,512,4000,7.812500
7756,512,3875,7.568359
7757,512,3750,7.324219
7758,512,3333,6.509766
7759,512,3125,6.103516
7760,512,3166,6.183594
7761,512,3208,6.265625
7762,512,3333,6.509766
7763,512,3167,6.185547
7764,512,3167,6.185547
7765,512,3125,6.103516
7766,512,3167,6.185547
7767,512,3208,6.265625
7768,512,3208,6.265625
7769,512,3334,6.511719
7770,512,3958,7.730469
7771,512,3875,7.568359
7772,512,4208,8.218750
7773,512,4292,8.382812
7774,512,4292,8.382812
7775,512,3916,7.648438
7776,512,3792,7.406250
7777,512,4125,8.056641
7778,512,3833,7.486328
7779,512,3958,7.730469
7780,512,4042,7.894531
7781,512,3459,6.755859
7782,512,3167,6.185547
7783,512,3208,6.265625
7784,512,3167,6.185547
7785,512,3208,6.265625
7786,512,3209,6.267578
7787,512,3083,6.021484
7788,512,3208,6.265625
7789,512,3208,6.265625
7790,512,3167,6.185547
7791,512,3250,6.347656
7792,512,3208,6.265625
7793,512,3209,6.267578
7794,512,3208,6.265625
7795,512,3208,6.265625
7796,512,3167,6.185547
7797,512,3292,6.429688
7798,512,3167,6.185547
7799,512,3208,6.265625
7800,512,3125,6.103516
7801,512,3292,6.429688
7802,512,3708,7.242188
7803,512,3083,6.021484
7804,512,3167,6.185547
7805,512,3083,6.021484
7806,512,3083,6.021484
7807,512,3000,5.859375
7808,512,3208,6.265625
7809,512,3125,6.103516
7810,512,3084,6.023438
7811,512,3083,6.021484
7812,512,3041,5.939453
7813,512,3167,6.185547
7814,512,3125,6.103516
7815,512,3083,6.021484
7816,512,3000,5.859375
7817,512,3083,6.021484
7818,512,3166,6.183594
7819,512,3042,5.941406
7820,512,3208,6.265625
7821,512,3167,6.185547
7822,512,3083,6.021484
7823,512,3167,6.185547
7824,512,3083,6.021484
7825,512,3042,5.941406
7826,512,3125,6.103516
7827,512,3083,6.021484
7828,512,2958,5.777344
7829,512,3042,5.941406
7830,512,3042,5.941406
7831,512,3041,5.939453
7832,512,3042,5.941406
7833,512,3000,5.859375
7834,512,3042,5.941406
7835,512,3125,6.103516
7836,512,3041,5.939453
7837,512,3125,6.103516
7838,512,3250,6.347656
7839,512,2958,5.777344
7840,512,3167,6.185547
7841,512,3042,5.941406
7842,512,3083,6.021484
7843,512,3125,6.103516
7844,512,3042,5.941406
7845,512,3125,6.103516
7846,512,3125,6.103516
7847,512,3083,6.021484
7848,512,3083,6.021484
7849,512,3125,6.103516
7850,512,3084,6.023438
7851,512,3125,6.103516
7852,512,3166,6.183594
7853,512,3084,6.023438
7854,512,3042,5.941406
7855,512,3167,6.185547
7856,512,3084,6.023438
7857,512,3084,6.023438
7858,512,3167,6.185547
7859,512,4000,7.812500
7860,512,3958,7.730469
7861,512,3833,7.486328
7862,512,3917,7.650391
7863,512,3833,7.486328
7864,512,3958,7.730469
7865,512,4084,7.976562
7866,512,3959,7.732422
7867,512,3958,7.730469
7868,512,4167,8.138672
7869,512,4000,7.812500
7870,512,4334,8.464844
7871,512,3917,7.650391
7872,512,4083,7.974609
7873,512,3792,7.406250
7874,512,3875,7.568359
7875,512,4125,8.056641
7876,512,3875,7.568359
7877,512,4042,7.894531
7878,512,3208,6.265625
7879,512,3042,5.941406
7880,512,3208,6.265625
7881,512,3125,6.103516
7882,512,3166,6.183594
7883,512,3083,6.021484
7884,512,3084,6.023438
7885,512,3084,6.023438
7886,512,3125,6.103516
7887,512,3083,6.021484
7888,512,3125,6.103516
7889,512,3042,5.941406
7890,512,3000,5.859375
7891,512,3084,6.023438
7892,512,3084,6.023438
7893,512,3083,6.021484
7894,512,3167,6.185547
7895,512,3125,6.103516
7896,512,2916,5.695312
7897,512,3125,6.103516
7898,512,3084,6.023438
7899,512,3209,6.267578
7900,512,3125,6.103516
7901,512,3125,6.103516
7902,512,3208,6.265625
7903,512,3125,6.103516
7904,512,3166,6.183594
7905,512,3084,6.023438
7906,512,3042,5.941406
7907,512,3083,6.021484
7908,512,3167,6.185547
7909,512,3291,6.427734
7910,512,3000,5.859375
7911,512,3125,6.103516
7912,512,3042,5.941406
7913,512,3083,6.021484
7914,512,3000,5.859375
7915,512,3125,6.103516
7916,512,3042,5.941406
7917,512,3000,5.859375
7918,512,3000,5.859375
7919,512,3125,6.103516
7920,512,3083,6.021484
7921,512,3125,6.103516
7922,512,3083,6.021484
7923,512,3042,5.941406
7924,512,3209,6.267578
7925,512,3041,5.939453
7926,512,3125,6.103516
7927,512,3125,6.103516
7928,512,3125,6.103516
7929,512,3084,6.023438
7930,512,3250,6.347656
7931,512,3125,6.103516
7932,512,3125,6.103516
7933,512,3125,6.103516
7934,512,3166,6.183594
7935,512,3084,6.023438
7936,512,3041,5.939453
7937,512,3083,6.021484
7938,512,3000,5.859375
7939,512,3083,6.021484
7940,512,3042,5.941406
7941,512,3125,6.103516
7942,512,3125,6.103516
7943,512,3083,6.021484
7944,512,3208,6.265625
7945,512,3125,6.103516
7946,512,3208,6.265625
7947,512,3167,6.185547
7948,512,3208,6.265625
7949,512,3042,5.941406
7950,512,3125,6.103516
7951,512,3125,6.103516
7952,512,3000,5.859375
7953,512,3042,5.941406
7954,512,3000,5.859375
7955,512,3125,6.103516
7956,512,3083,6.021484
7957,512,3083,6.021484
7958,512,3208,6.265625
7959,512,3250,6.347656
7960,512,3000,5.859375
7961,512,3083,6.021484
7962,512,3125,6.103516
7963,512,3167,6.185547
7964,512,3042,5.941406
7965,512,3291,6.427734
7966,512,3125,6.103516
7967,512,3292,6.429688
7968,512,3125,6.103516
7969,512,3125,6.103516
7970,512,3125,6.103516
7971,512,3084,6.023438
7972,512,3083,6.021484
7973,512,3042,5.941406
7974,512,3084,6.023438
7975,512,3125,6.103516
7976,512,3208,6.265625
7977,512,3083,6.021484
7978,512,3125,6.103516
7979,512,3125,6.103516
7980,512,3000,5.859375
7981,512,3250,6.347656
7982,512,3209,6.267578
7983,512,3166,6.183594
7984,512,3084,6.023438
7985,512,3083,6.021484
7986,512,3083,6.021484
7987,512,3209,6.267578
7988,512,3083,6.021484
7989,512,3167,6.185547
7990,512,3250,6.347656
7991,512,3167,6.185547
7992,512,3083,6.021484
7993,512,3042,5.941406
7994,512,3000,5.859375
7995,512,3125,6.103516
7996,512,3125,6.103516
7997,512,3084,6.023438
7998,512,3042,5.941406
7999,512,3167,6.185547
8000,512,3125,6.103516
8001,512,3167,6.185547
8002,512,3125,6.103516
8003,512,3083,6.021484
8004,512,3000,5.859375
8005,512,3125,6.103516
8006,512,3125,6.103516
8007,512,3125,6.103516
8008,512,3083,6.021484
8009,512,3083,6.021484
8010,512,3000,5.859375
8011,512,3166,6.183594
8012,512,3042,5.941406
8013,512,3083,6.021484
8014,512,3125,6.103516
8015,512,3083,6.021484
8016,512,3084,6.023438
8017,512,3166,6.183594
8018,512,3167,6.185547
8019,512,3292,6.429688
8020,512,3083,6.021484
8021,512,3208,6.265625
8022,512,2958,5.777344
8023,512,3209,6.267578
8024,512,3084,6.023438
8025,512,3041,5.939453
8026,512,3084,6.023438
8027,512,3041,5.939453
8028,512,3125,6.103516
8029,512,3083,6.021484
8030,512,3208,6.265625
8031,512,2958,5.777344
8032,512,3083,6.021484
8033,512,3250,6.347656
8034,512,3042,5.941406
8035,512,3042,5.941406
8036,512,3000,5.859375
8037,512,3166,6.183594
8038,512,2917,5.697266
8039,512,3125,6.103516
8040,512,3041,5.939453
8041,512,3083,6.021484
8042,512,3125,6.103516
8043,512,3041,5.939453
8044,512,3042,5.941406
8045,512,3291,6.427734
8046,512,3042,5.941406
8047,512,3041,5.939453
8048,512,3042,5.941406
8049,512,3291,6.427734
8050,512,2875,5.615234
8051,512,3084,6.023438
8052,512,3041,5.939453
8053,512,3250,6.347656
8054,512,3208,6.265625
8055,512,3042,5.941406
8056,512,3083,6.021484
8057,512,3000,5.859375
8058,512,3083,6.021484
8059,512,3125,6.103516
8060,512,3125,6.103516
8061,512,3167,6.185547
8062,512,3083,6.021484
8063,512,3083,6.021484
8064,512,3292,6.429688
8065,512,3125,6.103516
8066,512,3042,5.941406
8067,512,3166,6.183594
8068,512,3125,6.103516
8069,512,3167,6.185547
8070,512,3083,6.021484
8071,512,3167,6.185547
8072,512,3166,6.183594
8073,512,3000,5.859375
8074,512,3084,6.023438
8075,512,3167,6.185547
8076,512,2917,5.697266
8077,512,3042,5.941406
8078,512,3083,6.021484
8079,512,3041,5.939453
8080,512,3000,5.859375
8081,512,3125,6.103516
8082,512,3125,6.103516
8083,512,3083,6.021484
8084,512,3167,6.185547
8085,512,3209,6.267578
8086,512,3209,6.267578
8087,512,3084,6.023438
8088,512,3125,6.103516
8089,512,3083,6.021484
8090,512,3083,6.021484
8091,512,3042,5.941406
8092,512,3125,6.103516
8093,512,3083,6.021484
8094,512,3083,6.021484
8095,512,3083,6.021484
8096,512,3083,6.021484
8097,512,3125,6.103516
8098,512,3209,6.267578
8099,512,3125,6.103516
8100,512,3000,5.859375
8101,512,3125,6.103516
8102,512,3042,5.941406
8103,512,3125,6.103516
8104,512,3167,6.185547
8105,512,3083,6.021484
8106,512,3084,6.023438
8107,512,3125,6.103516
8108,512,3083,6.021484
8109,512,3167,6.185547
8110,512,3000,5.859375
8111,512,3250,6.347656
8112,512,3041,5.939453
8113,512,3042,5.941406
8114,512,3125,6.103516
8115,512,3250,6.347656
8116,512,3125,6.103516
8117,512,3250,6.347656
8118,512,3083,6.021484
8119,512,3125,6.103516
8120,512,3084,6.023438
8121,512,3083,6.021484
8122,512,3083,6.021484
8123,512,3000,5.859375
8124,512,3125,6.103516
8125,512,3084,6.023438
8126,512,3042,5.941406
8127,512,3083,6.021484
8128,512,3000,5.859375
8129,512,3167,6.185547
8130,512,3042,5.941406
8131,512,3084,6.023438
8132,512,3041,5.939453
8133,512,3042,5.941406
8134,512,3208,6.265625
8135,512,3125,6.103516
8136,512,3083,6.021484
8137,512,3125,6.103516
8138,512,3042,5.941406
8139,512,3250,6.347656
8140,512,3166,6.183594
8141,512,3125,6.103516
8142,512,3167,6.185547
8143,512,3167,6.185547
8144,512,3000,5.859375
8145,512,3000,5.859375
8146,512,3000,5.859375
8147,512,3125,6.103516
8148,512,3125,6.103516
8149,512,3167,6.185547
8150,512,3041,5.939453
8151,512,3084,6.023438
8152,512,3125,6.103516
8153,512,3208,6.265625
8154,512,3083,6.021484
8155,512,3125,6.103516
8156,512,3250,6.347656
8157,512,3125,6.103516
8158,512,3125,6.103516
8159,512,3042,5.941406
8160,512,3125,6.103516
8161,512,3250,6.347656
8162,512,3084,6.023438
8163,512,3042,5.941406
8164,512,15042,29.378906
8165,512,3250,6.347656
8166,512,3125,6.103516
8167,512,3083,6.021484
8168,512,3125,6.103516
8169,512,3167,6.185547
8170,512,3250,6.347656
8171,512,3208,6.265625
8172,512,3125,6.103516
8173,512,3042,5.941406
8174,512,3084,6.023438
8175,512,3166,6.183594
8176,512,3125,6.103516
8177,512,3084,6.023438
8178,512,2916,5.695312
8179,512,3125,6.103516
8180,512,3083,6.021484
8181,512,3084,6.023438
8182,512,3000,5.859375
8183,512,3167,6.185547
8184,512,3000,5.859375
8185,512,3292,6.429688
8186,512,3166,6.183594
8187,512,3250,6.347656
8188,512,3292,6.429688
8189,512,3083,6.021484
8190,512,3125,6.103516
8191,512,3167,6.185547
8192,512,3166,6.183594
8193,512,3167,6.185547
8194,512,3125,6.103516
8195,512,3083,6.021484
8196,512,3000,5.859375
8197,512,3125,6.103516
8198,512,2958,5.777344
8199,512,3125,6.103516
8200,512,3083,6.021484
8201,512,3083,6.021484
8202,512,3084,6.023438
8203,512,3041,5.939453
8204,512,3125,6.103516
8205,512,3125,6.103516
8206,512,3083,6.021484
8207,512,3083,6.021484
8208,512,3125,6.103516
8209,512,3042,5.941406
8210,512,3166,6.183594
8211,512,3125,6.103516
8212,512,3209,6.267578
8213,512,3083,6.021484
8214,512,3083,6.021484
8215,512,3208,6.265625
8216,512,3167,6.185547
8217,512,3166,6.183594
8218,512,3167,6.185547
8219,512,3167,6.185547
8220,512,3041,5.939453
8221,512,3083,6.021484
8222,512,3125,6.103516
8223,512,3167,6.185547
8224,512,3250,6.347656
8225,512,3083,6.021484
8226,512,3083,6.021484
8227,512,3167,6.185547
8228,512,3083,6.021484
8229,512,3167,6.185547
8230,512,3041,5.939453
8231,512,3209,6.267578
8232,512,3125,6.103516
8233,512,3084,6.023438
8234,512,3167,6.185547
8235,512,3042,5.941406
8236,512,3083,6.021484
8237,512,3208,6.265625
8238,512,3041,5.939453
8239,512,3083,6.021484
8240,512,3208,6.265625
8241,512,3292,6.429688
8242,512,3041,5.939453
8243,512,3125,6.103516
8244,512,3084,6.023438
8245,512,3125,6.103516
8246,512,3208,6.265625
8247,512,3083,6.021484
8248,512,3125,6.103516
8249,512,3042,5.941406
8250,512,3208,6.265625
8251,512,3167,6.185547
8252,512,3208,6.265625
8253,512,3125,6.103516
8254,512,3125,6.103516
8255,512,3125,6.103516
8256,512,3000,5.859375
8257,512,3042,5.941406
8258,512,3041,5.939453
8259,512,3125,6.103516
8260,512,3167,6.185547
8261,512,3084,6.023438
8262,512,3125,6.103516
8263,512,3000,5.859375
8264,512,3167,6.185547
8265,512,3125,6.103516
8266,512,2958,5.777344
8267,512,3125,6.103516
8268,512,3167,6.185547
8269,512,3125,6.103516
8270,512,3125,6.103516
8271,512,3125,6.103516
8272,512,3084,6.023438
8273,512,3041,5.939453
8274,512,3083,6.021484
8275,512,3083,6.021484
8276,512,3167,6.185547
8277,512,3083,6.021484
8278,512,3209,6.267578
8279,512,3333,6.509766
8280,512,3125,6.103516
8281,512,3083,6.021484
8282,512,3041,5.939453
8283,512,3083,6.021484
8284,512,3125,6.103516
8285,512,3083,6.021484
8286,512,3125,6.103516
8287,512,3167,6.185547
8288,512,3125,6.103516
8289,512,3166,6.183594
8290,512,3125,6.103516
8291,512,3084,6.023438
8292,512,3041,5.939453
8293,512,3083,6.021484
8294,512,3167,6.185547
8295,512,3208,6.265625
8296,512,3000,5.859375
8297,512,3125,6.103516
8298,512,3083,6.021484
8299,512,3125,6.103516
8300,512,3167,6.185547
8301,512,3041,5.939453
8302,512,3042,5.941406
8303,512,3250,6.347656
8304,512,3042,5.941406
8305,512,3250,6.347656
8306,512,3167,6.185547
8307,512,3125,6.103516
8308,512,3208,6.265625
8309,512,3125,6.103516
8310,512,3166,6.183594
8311,512,3167,6.185547
8312,512,3250,6.347656
8313,512,3167,6.185547
8314,512,3042,5.941406
8315,512,3083,6.021484
8316,512,3041,5.939453
8317,512,3125,6.103516
8318,512,3167,6.185547
8319,512,3084,6.023438
8320,512,3375,6.591797
8321,512,3042,5.941406
8322,512,3125,6.103516
8323,512,3125,6.103516
8324,512,3167,6.185547
8325,512,2958,5.777344
8326,512,3000,5.859375
8327,512,3042,5.941406
8328,512,3125,6.103516
8329,512,3208,6.265625
8330,512,3042,5.941406
8331,512,3125,6.103516
8332,512,3167,6.185547
8333,512,3042,5.941406
8334,512,3125,6.103516
8335,512,3041,5.939453
8336,512,3083,6.021484
8337,512,3083,6.021484
8338,512,3000,5.859375
8339,512,3125,6.103516
8340,512,3083,6.021484
8341,512,3000,5.859375
8342,512,3125,6.103516
8343,512,3042,5.941406
8344,512,3125,6.103516
8345,512,3208,6.265625
8346,512,3000,5.859375
8347,512,3125,6.103516
8348,512,3167,6.185547
8349,512,3042,5.941406
8350,512,3167,6.185547
8351,512,3083,6.021484
8352,512,3000,5.859375
8353,512,3000,5.859375
8354,512,3083,6.021484
8355,512,3125,6.103516
8356,512,3167,6.185547
8357,512,3208,6.265625
8358,512,3209,6.267578
8359,512,3166,6.183594
8360,512,3167,6.185547
8361,512,3083,6.021484
8362,512,3292,6.429688
8363,512,3125,6.103516
8364,512,3125,6.103516
8365,512,3125,6.103516
8366,512,3125,6.103516
8367,512,3084,6.023438
8368,512,2958,5.777344
8369,512,3167,6.185547
8370,512,3166,6.183594
8371,512,3250,6.347656
8372,512,3167,6.185547
8373,512,3125,6.103516
8374,512,3083,6.021484
8375,512,3084,6.023438
8376,512,3250,6.347656
8377,512,3167,6.185547
8378,512,3083,6.021484
8379,512,3042,5.941406
8380,512,3208,6.265625
8381,512,3042,5.941406
8382,512,3250,6.347656
8383,512,3083,6.021484
8384,512,3334,6.511719
8385,512,3083,6.021484
8386,512,3125,6.103516
8387,512,3125,6.103516
8388,512,3041,5.939453
8389,512,3375,6.591797
8390,512,3417,6.673828
8391,512,3208,6.265625
8392,512,3042,5.941406
8393,512,3167,6.185547
8394,512,3209,6.267578
8395,512,3125,6.103516
8396,512,3000,5.859375
8397,512,3084,6.023438
8398,512,3083,6.021484
8399,512,3167,6.185547
8400,512,3292,6.429688
8401,512,3167,6.185547
8402,512,3208,6.265625
8403,512,3000,5.859375
8404,512,3125,6.103516
8405,512,3000,5.859375
8406,512,3083,6.021484
8407,512,3000,5.859375
8408,512,3125,6.103516
8409,512,3125,6.103516
8410,512,3125,6.103516
8411,512,3083,6.021484
8412,512,3250,6.347656
8413,512,3042,5.941406
8414,512,3125,6.103516
8415,512,3125,6.103516
8416,512,3083,6.021484
8417,512,3166,6.183594
8418,512,3042,5.941406
8419,512,3041,5.939453
8420,512,3167,6.185547
8421,512,3167,6.185547
8422,512,3375,6.591797
8423,512,3042,5.941406
8424,512,3042,5.941406
8425,512,3083,6.021484
8426,512,3042,5.941406
8427,512,3083,6.021484
8428,512,3083,6.021484
8429,512,3042,5.941406
8430,512,3041,5.939453
8431,512,2958,5.777344
8432,512,3042,5.941406
8433,512,3000,5.859375
8434,512,2958,5.777344
8435,512,3083,6.021484
8436,512,3042,5.941406
8437,512,3000,5.859375
8438,512,3041,5.939453
8439,512,3250,6.347656
8440,512,3125,6.103516
8441,512,3000,5.859375
8442,512,2958,5.777344
8443,512,3042,5.941406
8444,512,3042,5.941406
8445,512,3000,5.859375
8446,512,3042,5.941406
8447,512,3000,5.859375
8448,512,3000,5.859375
8449,512,3125,6.103516
8450,512,3041,5.939453
8451,512,3042,5.941406
8452,512,2958,5.777344
8453,512,3083,6.021484
8454,512,3084,6.023438
8455,512,2916,5.695312
8456,512,3084,6.023438
8457,512,3042,5.941406
8458,512,3042,5.941406
8459,512,3041,5.939453
8460,512,3083,6.021484
8461,512,3167,6.185547
8462,512,3125,6.103516
8463,512,3084,6.023438
8464,512,3041,5.939453
8465,512,3167,6.185547
8466,512,3125,6.103516
8467,512,3042,5.941406
8468,512,3042,5.941406
8469,512,3125,6.103516
8470,512,3042,5.941406
8471,512,2916,5.695312
8472,512,3083,6.021484
8473,512,2917,5.697266
8474,512,3000,5.859375
8475,512,3041,5.939453
8476,512,3125,6.103516
8477,512,3000,5.859375
8478,512,2958,5.777344
8479,512,3083,6.021484
8480,512,3125,6.103516
8481,512,3042,5.941406
8482,512,2959,5.779297
8483,512,3083,6.021484
8484,512,3083,6.021484
8485,512,3083,6.021484
8486,512,3167,6.185547
8487,512,3083,6.021484
8488,512,3000,5.859375
8489,512,3167,6.185547
8490,512,3041,5.939453
8491,512,3042,5.941406
8492,512,2916,5.695312
8493,512,2917,5.697266
8494,512,3084,6.023438
8495,512,2958,5.777344
8496,512,3083,6.021484
8497,512,3125,6.103516
8498,512,3083,6.021484
8499,512,3083,6.021484
8500,512,2917,5.697266
8501,512,3000,5.859375
8502,512,3042,5.941406
8503,512,3042,5.941406
8504,512,3041,5.939453
8505,512,2875,5.615234
8506,512,3042,5.941406
8507,512,3000,5.859375
8508,512,3000,5.859375
8509,512,3042,5.941406
8510,512,3041,5.939453
8511,512,3084,6.023438
8512,512,2958,5.777344
8513,512,3041,5.939453
8514,512,2917,5.697266
8515,512,3000,5.859375
8516,512,3000,5.859375
8517,512,3000,5.859375
8518,512,3042,5.941406
8519,512,3084,6.023438
8520,512,3042,5.941406
8521,512,3042,5.941406
8522,512,2916,5.695312
8523,512,3292,6.429688
8524,512,3125,6.103516
8525,512,3042,5.941406
8526,512,3000,5.859375
8527,512,3167,6.185547
8528,512,3042,5.941406
8529,512,2875,5.615234
8530,512,3041,5.939453
8531,512,2958,5.777344
8532,512,3000,5.859375
8533,512,2875,5.615234
8534,512,3083,6.021484
8535,512,3000,5.859375
8536,512,3084,6.023438
8537,512,2959,5.779297
8538,512,2916,5.695312
8539,512,3083,6.021484
8540,512,3042,5.941406
8541,512,3083,6.021484
8542,512,3084,6.023438
8543,512,3166,6.183594
8544,512,2959,5.779297
8545,512,3166,6.183594
8546,512,3000,5.859375
8547,512,3000,5.859375
8548,512,3084,6.023438
8549,512,3084,6.023438
8550,512,3083,6.021484
8551,512,2958,5.777344
8552,512,2917,5.697266
8553,512,3084,6.023438
8554,512,3042,5.941406
8555,512,3000,5.859375
8556,512,3000,5.859375
8557,512,3083,6.021484
8558,512,3041,5.939453
8559,512,3000,5.859375
8560,512,3083,6.021484
8561,512,3084,6.023438
8562,512,3000,5.859375
8563,512,3292,6.429688
8564,512,3125,6.103516
8565,512,3083,6.021484
8566,512,3084,6.023438
8567,512,3042,5.941406
8568,512,3000,5.859375
8569,512,3125,6.103516
8570,512,3000,5.859375
8571,512,3041,5.939453
8572,512,3000,5.859375
8573,512,3125,6.103516
8574,512,3000,5.859375
8575,512,3042,5.941406
8576,512,3333,6.509766
8577,512,3000,5.859375
8578,512,3167,6.185547
8579,512,3083,6.021484
8580,512,3083,6.021484
8581,512,3000,5.859375
8582,512,3000,5.859375
8583,512,3125,6.103516
8584,512,2958,5.777344
8585,512,2959,5.779297
8586,512,2959,5.779297
8587,512,3083,6.021484
8588,512,3042,5.941406
8589,512,2958,5.777344
8590,512,2958,5.777344
8591,512,2958,5.777344
8592,512,3000,5.859375
8593,512,2916,5.695312
8594,512,3000,5.859375
8595,512,3042,5.941406
8596,512,3041,5.939453
8597,512,3084,6.023438
8598,512,3000,5.859375
8599,512,3083,6.021484
8600,512,3000,5.859375
8601,512,3000,5.859375
8602,512,3083,6.021484
8603,512,3042,5.941406
8604,512,3042,5.941406
8605,512,3166,6.183594
8606,512,3042,5.941406
8607,512,3125,6.103516
8608,512,2958,5.777344
8609,512,3000,5.859375
8610,512,3042,5.941406
8611,512,3000,5.859375
8612,512,2958,5.777344
8613,512,3083,6.021484
8614,512,3084,6.023438
8615,512,2958,5.777344
8616,512,2917,5.697266
8617,512,2959,5.779297
8618,512,3084,6.023438
8619,512,3000,5.859375
8620,512,3041,5.939453
8621,512,2959,5.779297
8622,512,2958,5.777344
8623,512,3042,5.941406
8624,512,3042,5.941406
8625,512,3083,6.021484
8626,512,3042,5.941406
8627,512,3041,5.939453
8628,512,3125,6.103516
8629,512,3167,6.185547
8630,512,2958,5.777344
8631,512,3125,6.103516
8632,512,3083,6.021484
8633,512,3084,6.023438
8634,512,3000,5.859375
8635,512,3083,6.021484
8636,512,3041,5.939453
8637,512,3125,6.103516
8638,512,2958,5.777344
8639,512,3125,6.103516
8640,512,3042,5.941406
8641,512,3083,6.021484
8642,512,3000,5.859375
8643,512,3083,6.021484
8644,512,3083,6.021484
8645,512,3125,6.103516
8646,512,3125,6.103516
8647,512,3083,6.021484
8648,512,2959,5.779297
8649,512,3125,6.103516
8650,512,3000,5.859375
8651,512,3083,6.021484
8652,512,3625,7.080078
8653,512,4167,8.138672
8654,512,3709,7.244141
8655,512,3875,7.568359
8656,512,3666,7.160156
8657,512,3167,6.185547
8658,512,3125,6.103516
8659,512,3208,6.265625
8660,512,3083,6.021484
8661,512,3167,6.185547
8662,512,2958,5.777344
8663,512,3125,6.103516
8664,512,3167,6.185547
8665,512,3167,6.185547
8666,512,3000,5.859375
8667,512,3083,6.021484
8668,512,3167,6.185547
8669,512,3167,6.185547
8670,512,3833,7.486328
8671,512,4125,8.056641
8672,512,3916,7.648438
8673,512,3959,7.732422
8674,512,3959,7.732422
8675,512,3959,7.732422
8676,512,3958,7.730469
8677,512,4000,7.812500
8678,512,3917,7.650391
8679,512,4125,8.056641
8680,512,3250,6.347656
8681,512,3125,6.103516
8682,512,3167,6.185547
8683,512,3000,5.859375
8684,512,3084,6.023438
8685,512,3208,6.265625
8686,512,3166,6.183594
8687,512,3084,6.023438
8688,512,2959,5.779297
8689,512,3125,6.103516
8690,512,3167,6.185547
8691,512,2916,5.695312
8692,512,3125,6.103516
8693,512,3666,7.160156
8694,512,3000,5.859375
8695,512,3542,6.917969
8696,512,4167,8.138672
8697,512,4125,8.056641
8698,512,3833,7.486328
8699,512,3917,7.650391
8700,512,3500,6.835938
8701,512,3083,6.021484
8702,512,3250,6.347656
8703,512,3167,6.185547
8704,512,3125,6.103516
8705,512,3333,6.509766
8706,512,3333,6.509766
8707,512,3167,6.185547
8708,512,3084,6.023438
8709,512,3042,5.941406
8710,512,3000,5.859375
8711,512,3375,6.591797
8712,512,3000,5.859375
8713,512,3042,5.941406
8714,512,3125,6.103516
8715,512,3041,5.939453
8716,512,2917,5.697266
8717,512,3167,6.185547
8718,512,3041,5.939453
8719,512,3042,5.941406
8720,512,3125,6.103516
8721,512,3042,5.941406
8722,512,3041,5.939453
8723,512,3000,5.859375
8724,512,3083,6.021484
8725,512,3000,5.859375
8726,512,3125,6.103516
8727,512,3042,5.941406
8728,512,3083,6.021484
8729,512,3000,5.859375
8730,512,3083,6.021484
8731,512,3000,5.859375
8732,512,3084,6.023438
8733,512,3084,6.023438
8734,512,3208,6.265625
8735,512,3000,5.859375
8736,512,3083,6.021484
8737,512,3167,6.185547
8738,512,3083,6.021484
8739,512,3167,6.185547
8740,512,3000,5.859375
8741,512,3125,6.103516
8742,512,3000,5.859375
8743,512,3125,6.103516
8744,512,3125,6.103516
8745,512,3125,6.103516
8746,512,3167,6.185547
8747,512,3000,5.859375
8748,512,3125,6.103516
8749,512,3084,6.023438
8750,512,3042,5.941406
8751,512,3125,6.103516
8752,512,2958,5.777344
8753,512,3125,6.103516
8754,512,3000,5.859375
8755,512,3041,5.939453
8756,512,3042,5.941406
8757,512,3000,5.859375
8758,512,3000,5.859375
8759,512,3000,5.859375
8760,512,3042,5.941406
8761,512,3042,5.941406
8762,512,3083,6.021484
8763,512,3000,5.859375
8764,512,3125,6.103516
8765,512,2959,5.779297
8766,512,3042,5.941406
8767,512,2958,5.777344
8768,512,3000,5.859375
8769,512,3000,5.859375
8770,512,3125,6.103516
8771,512,2958,5.777344
8772,512,3042,5.941406
8773,512,2959,5.779297
8774,512,3042,5.941406
8775,512,3083,6.021484
8776,512,2959,5.779297
8777,512,3166,6.183594
8778,512,3042,5.941406
8779,512,3000,5.859375
8780,512,3125,6.103516
8781,512,3166,6.183594
8782,512,3042,5.941406
8783,512,2958,5.777344
8784,512,3000,5.859375
8785,512,3084,6.023438
8786,512,3000,5.859375
8787,512,3084,6.023438
8788,512,3208,6.265625
8789,512,3125,6.103516
8790,512,3125,6.103516
8791,512,3042,5.941406
8792,512,3166,6.183594
8793,512,3209,6.267578
8794,512,3041,5.939453
8795,512,3000,5.859375
8796,512,3041,5.939453
8797,512,3042,5.941406
8798,512,3041,5.939453
8799,512,3083,6.021484
8800,512,3042,5.941406
8801,512,3041,5.939453
8802,512,3042,5.941406
8803,512,3083,6.021484
8804,512,3042,5.941406
8805,512,3125,6.103516
8806,512,3083,6.021484
8807,512,3083,6.021484
8808,512,3042,5.941406
8809,512,3083,6.021484
8810,512,3000,5.859375
8811,512,3084,6.023438
8812,512,3041,5.939453
8813,512,3000,5.859375
8814,512,3041,5.939453
8815,512,3209,6.267578
8816,512,3084,6.023438
8817,512,3083,6.021484
8818,512,3000,5.859375
8819,512,2875,5.615234
8820,512,3041,5.939453
8821,512,3042,5.941406
8822,512,3083,6.021484
8823,512,3042,5.941406
8824,512,2958,5.777344
8825,512,3083,6.021484
8826,512,3125,6.103516
8827,512,3000,5.859375
8828,512,3125,6.103516
8829,512,3084,6.023438
8830,512,3083,6.021484
8831,512,3042,5.941406
8832,512,3500,6.835938
8833,512,3042,5.941406
8834,512,3000,5.859375
8835,512,3042,5.941406
8836,512,3084,6.023438
8837,512,3166,6.183594
8838,512,3125,6.103516
8839,512,3000,5.859375
8840,512,3083,6.021484
8841,512,3042,5.941406
8842,512,3125,6.103516
8843,512,3125,6.103516
8844,512,3000,5.859375
8845,512,2959,5.779297
8846,512,3000,5.859375
8847,512,3000,5.859375
8848,512,3042,5.941406
8849,512,3042,5.941406
8850,512,3084,6.023438
8851,512,2917,5.697266
8852,512,3125,6.103516
8853,512,3083,6.021484
8854,512,3167,6.185547
8855,512,3125,6.103516
8856,512,3166,6.183594
8857,512,2958,5.777344
8858,512,2959,5.779297
8859,512,3166,6.183594
8860,512,2959,5.779297
8861,512,3125,6.103516
8862,512,3000,5.859375
8863,512,2958,5.777344
8864,512,3125,6.103516
8865,512,3041,5.939453
8866,512,3042,5.941406
8867,512,3208,6.265625
8868,512,3042,5.941406
8869,512,2959,5.779297
8870,512,2959,5.779297
8871,512,3000,5.859375
8872,512,3250,6.347656
8873,512,3125,6.103516
8874,512,3083,6.021484
8875,512,3125,6.103516
8876,512,2958,5.777344
8877,512,3042,5.941406
8878,512,3000,5.859375
8879,512,2958,5.777344
8880,512,3250,6.347656
8881,512,3125,6.103516
8882,512,2958,5.777344
8883,512,2958,5.777344
8884,512,3000,5.859375
8885,512,3083,6.021484
8886,512,3000,5.859375
8887,512,3083,6.021484
8888,512,3083,6.021484
8889,512,3000,5.859375
8890,512,3000,5.859375
8891,512,3000,5.859375
8892,512,3042,5.941406
8893,512,3083,6.021484
8894,512,3083,6.021484
8895,512,3042,5.941406
8896,512,3042,5.941406
8897,512,3000,5.859375
8898,512,3000,5.859375
8899,512,3208,6.265625
8900,512,3083,6.021484
8901,512,2917,5.697266
8902,512,3000,5.859375
8903,512,3000,5.859375
8904,512,3000,5.859375
8905,512,3125,6.103516
8906,512,3083,6.021484
8907,512,3084,6.023438
8908,512,2958,5.777344
8909,512,2875,5.615234
8910,512,3125,6.103516
8911,512,2958,5.777344
8912,512,3000,5.859375
8913,512,3042,5.941406
8914,512,3083,6.021484
8915,512,2959,5.779297
8916,512,3083,6.021484
8917,512,3083,6.021484
8918,512,2917,5.697266
8919,512,3084,6.023438
8920,512,3000,5.859375
8921,512,3041,5.939453
8922,512,3000,5.859375
8923,512,2959,5.779297
8924,512,3125,6.103516
8925,512,3083,6.021484
8926,512,3000,5.859375
8927,512,2958,5.777344
8928,512,2958,5.777344
8929,512,3000,5.859375
8930,512,3041,5.939453
8931,512,3125,6.103516
8932,512,3042,5.941406
8933,512,3167,6.185547
8934,512,3125,6.103516
8935,512,3042,5.941406
8936,512,3042,5.941406
8937,512,3125,6.103516
8938,512,2958,5.777344
8939,512,3083,6.021484
8940,512,3167,6.185547
8941,512,3041,5.939453
8942,512,3084,6.023438
8943,512,3000,5.859375
8944,512,3083,6.021484
8945,512,3042,5.941406
8946,512,3125,6.103516
8947,512,3125,6.103516
8948,512,3084,6.023438
8949,512,3000,5.859375
8950,512,3000,5.859375
8951,512,3041,5.939453
8952,512,3083,6.021484
8953,512,3042,5.941406
8954,512,3083,6.021484
8955,512,3042,5.941406
8956,512,3000,5.859375
8957,512,2959,5.779297
8958,512,3000,5.859375
8959,512,2917,5.697266
8960,512,3125,6.103516
8961,512,2958,5.777344
8962,512,3041,5.939453
8963,512,2959,5.779297
8964,512,3041,5.939453
8965,512,3042,5.941406
8966,512,2958,5.777344
8967,512,3083,6.021484
8968,512,3000,5.859375
8969,512,3042,5.941406
8970,512,3000,5.859375
8971,512,3042,5.941406
8972,512,3167,6.185547
8973,512,3000,5.859375
8974,512,3000,5.859375
8975,512,3208,6.265625
8976,512,3041,5.939453
8977,512,3084,6.023438
8978,512,3042,5.941406
8979,512,3000,5.859375
8980,512,3000,5.859375
8981,512,3042,5.941406
8982,512,3083,6.021484
8983,512,3042,5.941406
8984,512,3041,5.939453
8985,512,3000,5.859375
8986,512,3042,5.941406
8987,512,3167,6.185547
8988,512,3125,6.103516
8989,512,3041,5.939453
8990,512,3042,5.941406
8991,512,3125,6.103516
8992,512,3084,6.023438
8993,512,3125,6.103516
8994,512,3125,6.103516
8995,512,3125,6.103516
8996,512,3000,5.859375
8997,512,3083,6.021484
8998,512,3000,5.859375
8999,512,3000,5.859375
9000,512,3084,6.023438
9001,512,2916,5.695312
9002,512,3000,5.859375
9003,512,3083,6.021484
9004,512,3125,6.103516
9005,512,3083,6.021484
9006,512,3125,6.103516
9007,512,3042,5.941406
9008,512,3084,6.023438
9009,512,3083,6.021484
9010,512,2958,5.777344
9011,512,2917,5.697266
9012,512,3000,5.859375
9013,512,3125,6.103516
9014,512,2958,5.777344
9015,512,3042,5.941406
9016,512,3042,5.941406
9017,512,3083,6.021484
9018,512,3000,5.859375
9019,512,3000,5.859375
9020,512,3041,5.939453
9021,512,3125,6.103516
9022,512,3167,6.185547
9023,512,2958,5.777344
9024,512,3000,5.859375
9025,512,3042,5.941406
9026,512,2959,5.779297
9027,512,3125,6.103516
9028,512,3041,5.939453
9029,512,3000,5.859375
9030,512,3083,6.021484
9031,512,3042,5.941406
9032,512,3042,5.941406
9033,512,3083,6.021484
9034,512,3084,6.023438
9035,512,2959,5.779297
9036,512,3083,6.021484
9037,512,3125,6.103516
9038,512,3041,5.939453
9039,512,3167,6.185547
9040,512,3083,6.021484
9041,512,3000,5.859375
9042,512,3042,5.941406
9043,512,3166,6.183594
9044,512,3000,5.859375
9045,512,2959,5.779297
9046,512,3125,6.103516
9047,512,3250,6.347656
9048,512,3125,6.103516
9049,512,3042,5.941406
9050,512,3125,6.103516
9051,512,3000,5.859375
9052,512,3083,6.021484
9053,512,3083,6.021484
9054,512,2959,5.779297
9055,512,2875,5.615234
9056,512,3083,6.021484
9057,512,3042,5.941406
9058,512,3083,6.021484
9059,512,3000,5.859375
9060,512,3083,6.021484
9061,512,3042,5.941406
9062,512,3084,6.023438
9063,512,3083,6.021484
9064,512,2958,5.777344
9065,512,3042,5.941406
9066,512,3041,5.939453
9067,512,3000,5.859375
9068,512,3000,5.859375
9069,512,2958,5.777344
9070,512,3125,6.103516
9071,512,3083,6.021484
9072,512,3000,5.859375
9073,512,3125,6.103516
9074,512,3125,6.103516
9075,512,3041,5.939453
9076,512,3042,5.941406
9077,512,3083,6.021484
9078,512,3083,6.021484
9079,512,3167,6.185547
9080,512,3000,5.859375
9081,512,3125,6.103516
9082,512,3084,6.023438
9083,512,2916,5.695312
9084,512,2958,5.777344
9085,512,3000,5.859375
9086,512,3042,5.941406
9087,512,3000,5.859375
9088,512,3250,6.347656
9089,512,3125,6.103516
9090,512,2917,5.697266
9091,512,3041,5.939453
9092,512,3083,6.021484
9093,512,3000,5.859375
9094,512,3000,5.859375
9095,512,3125,6.103516
9096,512,3125,6.103516
9097,512,3000,5.859375
9098,512,3125,6.103516
9099,512,2958,5.777344
9100,512,3041,5.939453
9101,512,3125,6.103516
9102,512,3042,5.941406
9103,512,3000,5.859375
9104,512,2959,5.779297
9105,512,3167,6.185547
9106,512,3125,6.103516
9107,512,3167,6.185547
9108,512,3000,5.859375
9109,512,3000,5.859375
9110,512,3250,6.347656
9111,512,3125,6.103516
9112,512,3000,5.859375
9113,512,3166,6.183594
9114,512,3084,6.023438
9115,512,3208,6.265625
9116,512,3083,6.021484
9117,512,3000,5.859375
9118,512,3125,6.103516
9119,512,3000,5.859375
9120,512,3000,5.859375
9121,512,3084,6.023438
9122,512,3083,6.021484
9123,512,3083,6.021484
9124,512,3000,5.859375
9125,512,2916,5.695312
9126,512,3084,6.023438
9127,512,3041,5.939453
9128,512,3084,6.023438
9129,512,3125,6.103516
9130,512,3125,6.103516
9131,512,3041,5.939453
9132,512,3042,5.941406
9133,512,3000,5.859375
9134,512,2875,5.615234
9135,512,2917,5.697266
9136,512,3083,6.021484
9137,512,2958,5.777344
9138,512,3000,5.859375
9139,512,3083,6.021484
9140,512,3083,6.021484
9141,512,3042,5.941406
9142,512,3083,6.021484
9143,512,3000,5.859375
9144,512,3083,6.021484
9145,512,3083,6.021484
9146,512,2833,5.533203
9147,512,3083,6.021484
9148,512,3125,6.103516
9149,512,3083,6.021484
9150,512,3084,6.023438
9151,512,3000,5.859375
9152,512,3041,5.939453
9153,512,3167,6.185547
9154,512,3000,5.859375
9155,512,3042,5.941406
9156,512,3084,6.023438
9157,512,3042,5.941406
9158,512,3167,6.185547
9159,512,3042,5.941406
9160,512,3125,6.103516
9161,512,3042,5.941406
9162,512,2959,5.779297
9163,512,3125,6.103516
9164,512,3167,6.185547
9165,512,3083,6.021484
9166,512,3167,6.185547
9167,512,3042,5.941406
9168,512,3042,5.941406
9169,512,3125,6.103516
9170,512,3083,6.021484
9171,512,3041,5.939453
9172,512,3000,5.859375
9173,512,3042,5.941406
9174,512,2958,5.777344
9175,512,2958,5.777344
9176,512,3167,6.185547
9177,512,3083,6.021484
9178,512,3167,6.185547
9179,512,3042,5.941406
9180,512,3125,6.103516
9181,512,3125,6.103516
9182,512,2958,5.777344
9183,512,3083,6.021484
9184,512,2917,5.697266
9185,512,3041,5.939453
9186,512,3000,5.859375
9187,512,3125,6.103516
9188,512,3083,6.021484
9189,512,3000,5.859375
9190,512,3000,5.859375
9191,512,3083,6.021484
9192,512,2958,5.777344
9193,512,3041,5.939453
9194,512,3000,5.859375
9195,512,3041,5.939453
9196,512,3000,5.859375
9197,512,2958,5.777344
9198,512,3041,5.939453
9199,512,3042,5.941406
9200,512,3041,5.939453
9201,512,3125,6.103516
9202,512,2958,5.777344
9203,512,2916,5.695312
9204,512,2958,5.777344
9205,512,3125,6.103516
9206,512,3042,5.941406
9207,512,3125,6.103516
9208,512,3042,5.941406
9209,512,3125,6.103516
9210,512,3000,5.859375
9211,512,3209,6.267578
9212,512,3000,5.859375
9213,512,3209,6.267578
9214,512,3041,5.939453
9215,512,3084,6.023438
9216,512,3041,5.939453
9217,512,3042,5.941406
9218,512,3042,5.941406
9219,512,3083,6.021484
9220,512,3083,6.021484
9221,512,3000,5.859375
9222,512,2958,5.777344
9223,512,3083,6.021484
9224,512,3042,5.941406
9225,512,3167,6.185547
9226,512,3042,5.941406
9227,512,3083,6.021484
9228,512,3042,5.941406
9229,512,3083,6.021484
9230,512,2917,5.697266
9231,512,3042,5.941406
9232,512,3000,5.859375
9233,512,3042,5.941406
9234,512,3083,6.021484
9235,512,3125,6.103516
9236,512,3000,5.859375
9237,512,3125,6.103516
9238,512,2917,5.697266
9239,512,3000,5.859375
9240,512,3042,5.941406
9241,512,3000,5.859375
9242,512,3041,5.939453
9243,512,2958,5.777344
9244,512,3000,5.859375
9245,512,2917,5.697266
9246,512,3041,5.939453
9247,512,3042,5.941406
9248,512,3083,6.021484
9249,512,2958,5.777344
9250,512,3083,6.021484
9251,512,3125,6.103516
9252,512,3000,5.859375
9253,512,3125,6.103516
9254,512,2875,5.615234
9255,512,3042,5.941406
9256,512,3042,5.941406
9257,512,3083,6.021484
9258,512,2958,5.777344
9259,512,2916,5.695312
9260,512,3083,6.021484
9261,512,3000,5.859375
9262,512,2875,5.615234
9263,512,3000,5.859375
9264,512,3125,6.103516
9265,512,2958,5.777344
9266,512,3208,6.265625
9267,512,3000,5.859375
9268,512,3000,5.859375
9269,512,3000,5.859375
9270,512,3083,6.021484
9271,512,3125,6.103516
9272,512,3042,5.941406
9273,512,3125,6.103516
9274,512,2875,5.615234
9275,512,3000,5.859375
9276,512,2958,5.777344
9277,512,3041,5.939453
9278,512,3042,5.941406
9279,512,3083,6.021484
9280,512,2875,5.615234
9281,512,2959,5.779297
9282,512,3000,5.859375
9283,512,3042,5.941406
9284,512,3000,5.859375
9285,512,3042,5.941406
9286,512,3000,5.859375
9287,512,3084,6.023438
9288,512,3041,5.939453
9289,512,3000,5.859375
9290,512,2959,5.779297
9291,512,2875,5.615234
9292,512,3000,5.859375
9293,512,3000,5.859375
9294,512,3000,5.859375
9295,512,3125,6.103516
9296,512,3125,6.103516
9297,512,3000,5.859375
9298,512,3041,5.939453
9299,512,3125,6.103516
9300,512,3000,5.859375
9301,512,3000,5.859375
9302,512,3084,6.023438
9303,512,3000,5.859375
9304,512,3084,6.023438
9305,512,3083,6.021484
9306,512,3042,5.941406
9307,512,3041,5.939453
9308,512,3167,6.185547
9309,512,2958,5.777344
9310,512,3000,5.859375
9311,512,2959,5.779297
9312,512,2959,5.779297
9313,512,3125,6.103516
9314,512,3000,5.859375
9315,512,3042,5.941406
9316,512,3083,6.021484
9317,512,3083,6.021484
9318,512,3000,5.859375
9319,512,3000,5.859375
9320,512,3000,5.859375
9321,512,3125,6.103516
9322,512,3083,6.021484
9323,512,3042,5.941406
9324,512,2916,5.695312
9325,512,3167,6.185547
9326,512,3167,6.185547
9327,512,2959,5.779297
9328,512,3000,5.859375
9329,512,2959,5.779297
9330,512,3042,5.941406
9331,512,2958,5.777344
9332,512,2917,5.697266
9333,512,3083,6.021484
9334,512,2958,5.777344
9335,512,3042,5.941406
9336,512,3084,6.023438
9337,512,3000,5.859375
9338,512,3000,5.859375
9339,512,3042,5.941406
9340,512,3042,5.941406
9341,512,3042,5.941406
9342,512,3042,5.941406
9343,512,3000,5.859375
9344,512,3334,6.511719
9345,512,3083,6.021484
9346,512,3042,5.941406
9347,512,2958,5.777344
9348,512,3083,6.021484
9349,512,3125,6.103516
9350,512,2958,5.777344
9351,512,3000,5.859375
9352,512,3041,5.939453
9353,512,2958,5.777344
9354,512,2875,5.615234
9355,512,3042,5.941406
9356,512,3041,5.939453
9357,512,3125,6.103516
9358,512,3042,5.941406
9359,512,2958,5.777344
9360,512,3125,6.103516
9361,512,3084,6.023438
9362,512,2916,5.695312
9363,512,3042,5.941406
9364,512,2958,5.777344
9365,512,3042,5.941406
9366,512,3083,6.021484
9367,512,3000,5.859375
9368,512,3042,5.941406
9369,512,3125,6.103516
9370,512,3125,6.103516
9371,512,2875,5.615234
9372,512,3083,6.021484
9373,512,3084,6.023438
9374,512,3084,6.023438
9375,512,3042,5.941406
9376,512,3083,6.021484
9377,512,3000,5.859375
9378,512,3208,6.265625
9379,512,2959,5.779297
9380,512,3000,5.859375
9381,512,3000,5.859375
9382,512,3000,5.859375
9383,512,3041,5.939453
9384,512,3042,5.941406
9385,512,2958,5.777344
9386,512,3125,6.103516
9387,512,3125,6.103516
9388,512,2917,5.697266
9389,512,2959,5.779297
9390,512,3042,5.941406
9391,512,2917,5.697266
9392,512,3000,5.859375
9393,512,3125,6.103516
9394,512,3167,6.185547
9395,512,3000,5.859375
9396,512,3041,5.939453
9397,512,3042,5.941406
9398,512,3084,6.023438
9399,512,3125,6.103516
9400,512,3000,5.859375
9401,512,3042,5.941406
9402,512,2958,5.777344
9403,512,3042,5.941406
9404,512,3083,6.021484
9405,512,3000,5.859375
9406,512,2917,5.697266
9407,512,3083,6.021484
9408,512,3167,6.185547
9409,512,3125,6.103516
9410,512,3084,6.023438
9411,512,2958,5.777344
9412,512,3000,5.859375
9413,512,3000,5.859375
9414,512,3000,5.859375
9415,512,3042,5.941406
9416,512,3083,6.021484
9417,512,3084,6.023438
9418,512,3084,6.023438
9419,512,3000,5.859375
9420,512,3042,5.941406
9421,512,3041,5.939453
9422,512,3125,6.103516
9423,512,3042,5.941406
9424,512,3083,6.021484
9425,512,3000,5.859375
9426,512,2958,5.777344
9427,512,3000,5.859375
9428,512,3209,6.267578
9429,512,2958,5.777344
9430,512,3000,5.859375
9431,512,3083,6.021484
9432,512,3125,6.103516
9433,512,3000,5.859375
9434,512,3125,6.103516
9435,512,2958,5.777344
9436,512,3000,5.859375
9437,512,3000,5.859375
9438,512,3083,6.021484
9439,512,3000,5.859375
9440,512,3000,5.859375
9441,512,3083,6.021484
9442,512,3000,5.859375
9443,512,3209,6.267578
9444,512,3083,6.021484
9445,512,3041,5.939453
9446,512,3042,5.941406
9447,512,2875,5.615234
9448,512,2875,5.615234
9449,512,3042,5.941406
9450,512,3083,6.021484
9451,512,3083,6.021484
9452,512,3167,6.185547
9453,512,3084,6.023438
9454,512,3041,5.939453
9455,512,3042,5.941406
9456,512,3083,6.021484
9457,512,2917,5.697266
9458,512,3083,6.021484
9459,512,3042,5.941406
9460,512,2958,5.777344
9461,512,2958,5.777344
9462,512,3042,5.941406
9463,512,2959,5.779297
9464,512,3000,5.859375
9465,512,3042,5.941406
9466,512,3167,6.185547
9467,512,3041,5.939453
9468,512,3084,6.023438
9469,512,3083,6.021484
9470,512,3125,6.103516
9471,512,3000,5.859375
9472,512,3125,6.103516
9473,512,3000,5.859375
9474,512,3083,6.021484
9475,512,3000,5.859375
9476,512,3042,5.941406
9477,512,3083,6.021484
9478,512,2959,5.779297
9479,512,2959,5.779297
9480,512,3000,5.859375
9481,512,3041,5.939453
9482,512,3000,5.859375
9483,512,3084,6.023438
9484,512,3041,5.939453
9485,512,3000,5.859375
9486,512,3041,5.939453
9487,512,2959,5.779297
9488,512,3083,6.021484
9489,512,3125,6.103516
9490,512,3125,6.103516
9491,512,3166,6.183594
9492,512,3042,5.941406
9493,512,3041,5.939453
9494,512,3000,5.859375
9495,512,3167,6.185547
9496,512,3041,5.939453
9497,512,3000,5.859375
9498,512,3084,6.023438
9499,512,3000,5.859375
9500,512,2959,5.779297
9501,512,2917,5.697266
9502,512,3042,5.941406
9503,512,3042,5.941406
9504,512,3083,6.021484
9505,512,3000,5.859375
9506,512,3041,5.939453
9507,512,3083,6.021484
9508,512,3084,6.023438
9509,512,3041,5.939453
9510,512,3042,5.941406
9511,512,3042,5.941406
9512,512,3084,6.023438
9513,512,3166,6.183594
9514,512,2959,5.779297
9515,512,3041,5.939453
9516,512,3084,6.023438
9517,512,2917,5.697266
9518,512,2958,5.777344
9519,512,3000,5.859375
9520,512,3041,5.939453
9521,512,3000,5.859375
9522,512,3084,6.023438
9523,512,3000,5.859375
9524,512,3041,5.939453
9525,512,3250,6.347656
9526,512,3083,6.021484
9527,512,3084,6.023438
9528,512,3250,6.347656
9529,512,2916,5.695312
9530,512,3125,6.103516
9531,512,3167,6.185547
9532,512,3083,6.021484
9533,512,3042,5.941406
9534,512,3083,6.021484
9535,512,3167,6.185547
9536,512,3041,5.939453
9537,512,2958,5.777344
9538,512,3084,6.023438
9539,512,3042,5.941406
9540,512,3000,5.859375
9541,512,3042,5.941406
9542,512,3041,5.939453
9543,512,2959,5.779297
9544,512,3125,6.103516
9545,512,3000,5.859375
9546,512,3125,6.103516
9547,512,3041,5.939453
9548,512,3167,6.185547
9549,512,3000,5.859375
9550,512,3125,6.103516
9551,512,3042,5.941406
9552,512,3083,6.021484
9553,512,3000,5.859375
9554,512,3125,6.103516
9555,512,3167,6.185547
9556,512,3166,6.183594
9557,512,3000,5.859375
9558,512,3042,5.941406
9559,512,3083,6.021484
9560,512,3000,5.859375
9561,512,3084,6.023438
9562,512,3000,5.859375
9563,512,3042,5.941406
9564,512,3083,6.021484
9565,512,3083,6.021484
9566,512,3084,6.023438
9567,512,3041,5.939453
9568,512,3042,5.941406
9569,512,3041,5.939453
9570,512,3250,6.347656
9571,512,2959,5.779297
9572,512,3083,6.021484
9573,512,2958,5.777344
9574,512,3000,5.859375
9575,512,3000,5.859375
9576,512,3125,6.103516
9577,512,3000,5.859375
9578,512,3083,6.021484
9579,512,3083,6.021484
9580,512,3000,5.859375
9581,512,2958,5.777344
9582,512,3083,6.021484
9583,512,3042,5.941406
9584,512,3083,6.021484
9585,512,3042,5.941406
9586,512,3125,6.103516
9587,512,3042,5.941406
9588,512,3042,5.941406
9589,512,3125,6.103516
9590,512,3041,5.939453
9591,512,3042,5.941406
9592,512,3000,5.859375
9593,512,3041,5.939453
9594,512,2959,5.779297
9595,512,2875,5.615234
9596,512,3083,6.021484
9597,512,3083,6.021484
9598,512,2917,5.697266
9599,512,2959,5.779297
9600,512,3458,6.753906
9601,512,2958,5.777344
9602,512,3000,5.859375
9603,512,3041,5.939453
9604,512,2959,5.779297
9605,512,3042,5.941406
9606,512,3083,6.021484
9607,512,3000,5.859375
9608,512,3000,5.859375
9609,512,3000,5.859375
9610,512,2917,5.697266
9611,512,3041,5.939453
9612,512,3125,6.103516
9613,512,3000,5.859375
9614,512,3000,5.859375
9615,512,3041,5.939453
9616,512,3000,5.859375
9617,512,3167,6.185547
9618,512,3041,5.939453
9619,512,2959,5.779297
9620,512,3083,6.021484
9621,512,3000,5.859375
9622,512,3083,6.021484
9623,512,3000,5.859375
9624,512,3041,5.939453
9625,512,3042,5.941406
9626,512,2958,5.777344
9627,512,3042,5.941406
9628,512,2958,5.777344
9629,512,3083,6.021484
9630,512,3084,6.023438
9631,512,3000,5.859375
9632,512,3041,5.939453
9633,512,2958,5.777344
9634,512,2959,5.779297
9635,512,3000,5.859375
9636,512,3000,5.859375
9637,512,3000,5.859375
9638,512,3042,5.941406
9639,512,2958,5.777344
9640,512,3042,5.941406
9641,512,3042,5.941406
9642,512,3083,6.021484
9643,512,3084,6.023438
9644,512,3041,5.939453
9645,512,3042,5.941406
9646,512,3000,5.859375
9647,512,3125,6.103516
9648,512,3000,5.859375
9649,512,3083,6.021484
9650,512,3000,5.859375
9651,512,3000,5.859375
9652,512,3042,5.941406
9653,512,3083,6.021484
9654,512,3000,5.859375
9655,512,2916,5.695312
9656,512,2917,5.697266
9657,512,3000,5.859375
9658,512,3042,5.941406
9659,512,3083,6.021484
9660,512,3042,5.941406
9661,512,3000,5.859375
9662,512,3000,5.859375
9663,512,3000,5.859375
9664,512,2917,5.697266
9665,512,3041,5.939453
9666,512,3000,5.859375
9667,512,3000,5.859375
9668,512,3042,5.941406
9669,512,2917,5.697266
9670,512,3041,5.939453
9671,512,3083,6.021484
9672,512,3042,5.941406
9673,512,3041,5.939453
9674,512,3042,5.941406
9675,512,3042,5.941406
9676,512,3000,5.859375
9677,512,3125,6.103516
9678,512,3042,5.941406
9679,512,3083,6.021484
9680,512,3042,5.941406
9681,512,3125,6.103516
9682,512,3042,5.941406
9683,512,3000,5.859375
9684,512,2959,5.779297
9685,512,2959,5.779297
9686,512,3042,5.941406
9687,512,3042,5.941406
9688,512,3041,5.939453
9689,512,2959,5.779297
9690,512,3041,5.939453
9691,512,3042,5.941406
9692,512,3084,6.023438
9693,512,3000,5.859375
9694,512,3125,6.103516
9695,512,3083,6.021484
9696,512,3000,5.859375
9697,512,3042,5.941406
9698,512,3083,6.021484
9699,512,3083,6.021484
9700,512,3042,5.941406
9701,512,3041,5.939453
9702,512,3083,6.021484
9703,512,3042,5.941406
9704,512,3042,5.941406
9705,512,3042,5.941406
9706,512,2958,5.777344
9707,512,3000,5.859375
9708,512,2917,5.697266
9709,512,3125,6.103516
9710,512,3084,6.023438
9711,512,3041,5.939453
9712,512,3042,5.941406
9713,512,3083,6.021484
9714,512,2916,5.695312
9715,512,3083,6.021484
9716,512,3083,6.021484
9717,512,2959,5.779297
9718,512,3083,6.021484
9719,512,2958,5.777344
9720,512,3042,5.941406
9721,512,3041,5.939453
9722,512,3209,6.267578
9723,512,3166,6.183594
9724,512,3042,5.941406
9725,512,3125,6.103516
9726,512,3125,6.103516
9727,512,3000,5.859375
9728,512,3209,6.267578
9729,512,3083,6.021484
9730,512,2958,5.777344
9731,512,3208,6.265625
9732,512,3167,6.185547
9733,512,3041,5.939453
9734,512,3208,6.265625
9735,512,3125,6.103516
9736,512,2959,5.779297
9737,512,3083,6.021484
9738,512,3250,6.347656
9739,512,3041,5.939453
9740,512,3042,5.941406
9741,512,3041,5.939453
9742,512,3042,5.941406
9743,512,2958,5.777344
9744,512,3167,6.185547
9745,512,3125,6.103516
9746,512,3084,6.023438
9747,512,3000,5.859375
9748,512,3125,6.103516
9749,512,2959,5.779297
9750,512,3000,5.859375
9751,512,3041,5.939453
9752,512,3125,6.103516
9753,512,3125,6.103516
9754,512,3083,6.021484
9755,512,3000,5.859375
9756,512,3083,6.021484
9757,512,3000,5.859375
9758,512,3083,6.021484
9759,512,2959,5.779297
9760,512,3042,5.941406
9761,512,3042,5.941406
9762,512,3041,5.939453
9763,512,3042,5.941406
9764,512,3042,5.941406
9765,512,2834,5.535156
9766,512,3084,6.023438
9767,512,3041,5.939453
9768,512,3125,6.103516
9769,512,3167,6.185547
9770,512,3000,5.859375
9771,512,2958,5.777344
9772,512,2917,5.697266
9773,512,2875,5.615234
9774,512,3125,6.103516
9775,512,3125,6.103516
9776,512,3042,5.941406
9777,512,3042,5.941406
9778,512,3125,6.103516
9779,512,3208,6.265625
9780,512,3166,6.183594
9781,512,3000,5.859375
9782,512,3000,5.859375
9783,512,3000,5.859375
9784,512,3042,5.941406
9785,512,3166,6.183594
9786,512,3084,6.023438
9787,512,2958,5.777344
9788,512,3000,5.859375
9789,512,3042,5.941406
9790,512,3000,5.859375
9791,512,2958,5.777344
9792,512,3041,5.939453
9793,512,3042,5.941406
9794,512,3041,5.939453
9795,512,2917,5.697266
9796,512,3125,6.103516
9797,512,2958,5.777344
9798,512,3083,6.021484
9799,512,3167,6.185547
9800,512,2958,5.777344
9801,512,3083,6.021484
9802,512,3250,6.347656
9803,512,2917,5.697266
9804,512,3041,5.939453
9805,512,2959,5.779297
9806,512,3208,6.265625
9807,512,3083,6.021484
9808,512,3000,5.859375
9809,512,3083,6.021484
9810,512,3125,6.103516
9811,512,3000,5.859375
9812,512,3000,5.859375
9813,512,2959,5.779297
9814,512,3125,6.103516
9815,512,2916,5.695312
9816,512,3084,6.023438
9817,512,3041,5.939453
9818,512,3084,6.023438
9819,512,3083,6.021484
9820,512,3042,5.941406
9821,512,3000,5.859375
9822,512,3083,6.021484
9823,512,3041,5.939453
9824,512,3042,5.941406
9825,512,3000,5.859375
9826,512,2958,5.777344
9827,512,3042,5.941406
9828,512,3125,6.103516
9829,512,3083,6.021484
9830,512,3041,5.939453
9831,512,2917,5.697266
9832,512,3042,5.941406
9833,512,3041,5.939453
9834,512,3084,6.023438
9835,512,3042,5.941406
9836,512,3000,5.859375
9837,512,3083,6.021484
9838,512,3083,6.021484
9839,512,3084,6.023438
9840,512,3083,6.021484
9841,512,3083,6.021484
9842,512,3125,6.103516
9843,512,3167,6.185547
9844,512,3000,5.859375
9845,512,3000,5.859375
9846,512,2917,5.697266
9847,512,3167,6.185547
9848,512,3041,5.939453
9849,512,3125,6.103516
9850,512,3042,5.941406
9851,512,3083,6.021484
9852,512,3125,6.103516
9853,512,3083,6.021484
9854,512,3125,6.103516
9855,512,3000,5.859375
9856,512,3208,6.265625
9857,512,3042,5.941406
9858,512,3041,5.939453
9859,512,2917,5.697266
9860,512,3000,5.859375
9861,512,3083,6.021484
9862,512,2916,5.695312
9863,512,2959,5.779297
9864,512,3041,5.939453
9865,512,3042,5.941406
9866,512,3125,6.103516
9867,512,2875,5.615234
9868,512,3125,6.103516
9869,512,3042,5.941406
9870,512,3083,6.021484
9871,512,3083,6.021484
9872,512,3042,5.941406
9873,512,3083,6.021484
9874,512,3041,5.939453
9875,512,2959,5.779297
9876,512,3125,6.103516
9877,512,2875,5.615234
9878,512,3125,6.103516
9879,512,3042,5.941406
9880,512,2917,5.697266
9881,512,3084,6.023438
9882,512,3000,5.859375
9883,512,3167,6.185547
9884,512,3083,6.021484
9885,512,3125,6.103516
9886,512,3000,5.859375
9887,512,3000,5.859375
9888,512,3167,6.185547
9889,512,3041,5.939453
9890,512,2958,5.777344
9891,512,3125,6.103516
9892,512,3042,5.941406
9893,512,3000,5.859375
9894,512,2958,5.777344
9895,512,3000,5.859375
9896,512,3042,5.941406
9897,512,3083,6.021484
9898,512,2958,5.777344
9899,512,3084,6.023438
9900,512,2958,5.777344
9901,512,3000,5.859375
9902,512,3042,5.941406
9903,512,2917,5.697266
9904,512,3000,5.859375
9905,512,3084,6.023438
9906,512,3000,5.859375
9907,512,3042,5.941406
9908,512,3042,5.941406
9909,512,3041,5.939453
9910,512,3000,5.859375
9911,512,3000,5.859375
9912,512,3041,5.939453
9913,512,3042,5.941406
9914,512,3166,6.183594
9915,512,3125,6.103516
9916,512,3042,5.941406
9917,512,3042,5.941406
9918,512,3125,6.103516
9919,512,3083,6.021484
9920,512,3042,5.941406
9921,512,3084,6.023438
9922,512,2958,5.777344
9923,512,3083,6.021484
9924,512,2958,5.777344
9925,512,3083,6.021484
9926,512,3000,5.859375
9927,512,3083,6.021484
9928,512,2917,5.697266
9929,512,3083,6.021484
9930,512,2959,5.779297
9931,512,3166,6.183594
9932,512,3125,6.103516
9933,512,2959,5.779297
9934,512,2958,5.777344
9935,512,3083,6.021484
9936,512,3084,6.023438
9937,512,3000,5.859375
9938,512,3084,6.023438
9939,512,3083,6.021484
9940,512,3125,6.103516
9941,512,3042,5.941406
9942,512,2917,5.697266
9943,512,3000,5.859375
9944,512,3166,6.183594
9945,512,2959,5.779297
9946,512,3083,6.021484
9947,512,3083,6.021484
9948,512,3000,5.859375
9949,512,3000,5.859375
9950,512,3000,5.859375
9951,512,2916,5.695312
9952,512,3042,5.941406
9953,512,3042,5.941406
9954,512,2959,5.779297
9955,512,3042,5.941406
9956,512,3000,5.859375
9957,512,3000,5.859375
9958,512,3042,5.941406
9959,512,2916,5.695312
9960,512,3125,6.103516
9961,512,2958,5.777344
9962,512,3000,5.859375
9963,512,3042,5.941406
9964,512,3166,6.183594
9965,512,3125,6.103516
9966,512,3042,5.941406
9967,512,2958,5.777344
9968,512,2917,5.697266
9969,512,3042,5.941406
9970,512,3083,6.021484
9971,512,3084,6.023438
9972,512,3041,5.939453
9973,512,3084,6.023438
9974,512,2958,5.777344
9975,512,3083,6.021484
9976,512,3083,6.021484
9977,512,3125,6.103516
9978,512,3167,6.185547
9979,512,2958,5.777344
9980,512,3125,6.103516
9981,512,3000,5.859375
9982,512,3083,6.021484
9983,512,3125,6.103516
9984,512,3000,5.859375
9985,512,3083,6.021484
9986,512,3125,6.103516
9987,512,3000,5.859375
9988,512,3041,5.939453
9989,512,3042,5.941406
9990,512,3125,6.103516
9991,512,3000,5.859375
9992,512,2958,5.777344
9993,512,3000,5.859375
9994,512,3083,6.021484
9995,512,3042,5.941406
9996,512,3042,5.941406
9997,512,3083,6.021484
9998,512,3042,5.941406
9999,512,3084,6.023438
10000,512,2958,5.777344
10001,512,3166,6.183594
10002,512,3084,6.023438
10003,512,3000,5.859375
10004,512,2959,5.779297
10005,512,3000,5.859375
10006,512,3042,5.941406
10007,512,2958,5.777344
10008,512,3167,6.185547
10009,512,3000,5.859375
10010,512,3000,5.859375
10011,512,3125,6.103516
10012,512,3042,5.941406
10013,512,3042,5.941406
10014,512,3125,6.103516
10015,512,3042,5.941406
10016,512,3083,6.021484
10017,512,3084,6.023438
10018,512,3083,6.021484
10019,512,3083,6.021484
10020,512,2958,5.777344
10021,512,3000,5.859375
10022,512,2958,5.777344
10023,512,3083,6.021484
10024,512,3000,5.859375
10025,512,3000,5.859375
10026,512,2958,5.777344
10027,512,3000,5.859375
10028,512,3083,6.021484
10029,512,3041,5.939453
10030,512,3000,5.859375
10031,512,3166,6.183594
10032,512,3125,6.103516
10033,512,3125,6.103516
10034,512,3042,5.941406
10035,512,3041,5.939453
10036,512,3042,5.941406
10037,512,3042,5.941406
10038,512,3083,6.021484
10039,512,2958,5.777344
10040,512,3083,6.021484
10041,512,3042,5.941406
10042,512,3125,6.103516
10043,512,3041,5.939453
10044,512,2958,5.777344
10045,512,3000,5.859375
10046,512,3084,6.023438
10047,512,3042,5.941406
10048,512,3042,5.941406
10049,512,3083,6.021484
10050,512,3041,5.939453
10051,512,3042,5.941406
10052,512,2959,5.779297
10053,512,2958,5.777344
10054,512,3042,5.941406
10055,512,3000,5.859375
10056,512,3042,5.941406
10057,512,3041,5.939453
10058,512,3042,5.941406
10059,512,3125,6.103516
10060,512,3083,6.021484
10061,512,3000,5.859375
10062,512,3000,5.859375
10063,512,3083,6.021484
10064,512,3084,6.023438
10065,512,3084,6.023438
10066,512,3166,6.183594
10067,512,3042,5.941406
10068,512,3083,6.021484
10069,512,3125,6.103516
10070,512,3042,5.941406
10071,512,3041,5.939453
10072,512,3042,5.941406
10073,512,3083,6.021484
10074,512,3084,6.023438
10075,512,3041,5.939453
10076,512,3042,5.941406
10077,512,3083,6.021484
10078,512,3167,6.185547
10079,512,2958,5.777344
10080,512,3000,5.859375
10081,512,3042,5.941406
10082,512,3125,6.103516
10083,512,3000,5.859375
10084,512,3000,5.859375
10085,512,3000,5.859375
10086,512,3041,5.939453
10087,512,3042,5.941406
10088,512,3083,6.021484
10089,512,2958,5.777344
10090,512,3125,6.103516
10091,512,3042,5.941406
10092,512,3000,5.859375
10093,512,3000,5.859375
10094,512,3000,5.859375
10095,512,3125,6.103516
10096,512,2917,5.697266
10097,512,3083,6.021484
10098,512,2958,5.777344
10099,512,3125,6.103516
10100,512,3084,6.023438
10101,512,3000,5.859375
10102,512,3041,5.939453
10103,512,3209,6.267578
10104,512,2958,5.777344
10105,512,2958,5.777344
10106,512,3083,6.021484
10107,512,2958,5.777344
10108,512,2958,5.777344
10109,512,3000,5.859375
10110,512,3042,5.941406
10111,512,3041,5.939453
10112,512,3250,6.347656
10113,512,2959,5.779297
10114,512,3000,5.859375
10115,512,3084,6.023438
10116,512,3000,5.859375
10117,512,3042,5.941406
10118,512,2958,5.777344
10119,512,3125,6.103516
10120,512,3167,6.185547
10121,512,3000,5.859375
10122,512,2958,5.777344
10123,512,3000,5.859375
10124,512,3125,6.103516
10125,512,2959,5.779297
10126,512,3084,6.023438
10127,512,3083,6.021484
10128,512,3000,5.859375
10129,512,3042,5.941406
10130,512,3000,5.859375
10131,512,2958,5.777344
10132,512,3042,5.941406
10133,512,3000,5.859375
10134,512,2958,5.777344
10135,512,3125,6.103516
10136,512,2958,5.777344
10137,512,3084,6.023438
10138,512,3000,5.859375
10139,512,3084,6.023438
10140,512,3166,6.183594
10141,512,3167,6.185547
10142,512,3167,6.185547
10143,512,3208,6.265625
10144,512,3208,6.265625
10145,512,3250,6.347656
10146,512,3000,5.859375
10147,512,3083,6.021484
10148,512,3084,6.023438
10149,512,3041,5.939453
10150,512,2958,5.777344
10151,512,3084,6.023438
10152,512,3125,6.103516
10153,512,3083,6.021484
10154,512,3041,5.939453
10155,512,3125,6.103516
10156,512,3209,6.267578
10157,512,3041,5.939453
10158,512,2959,5.779297
10159,512,3000,5.859375
10160,512,3125,6.103516
10161,512,3042,5.941406
10162,512,3042,5.941406
10163,512,3000,5.859375
10164,512,2959,5.779297
10165,512,3083,6.021484
10166,512,3083,6.021484
10167,512,3000,5.859375
10168,512,3083,6.021484
10169,512,3167,6.185547
10170,512,3208,6.265625
10171,512,3083,6.021484
10172,512,3084,6.023438
10173,512,3083,6.021484
10174,512,3125,6.103516
10175,512,3125,6.103516
10176,512,3042,5.941406
10177,512,3042,5.941406
10178,512,2917,5.697266
10179,512,3042,5.941406
10180,512,3167,6.185547
10181,512,3125,6.103516
10182,512,3041,5.939453
10183,512,3084,6.023438
10184,512,3041,5.939453
10185,512,2959,5.779297
10186,512,3000,5.859375
10187,512,3125,6.103516
10188,512,3042,5.941406
10189,512,3000,5.859375
10190,512,3042,5.941406
10191,512,3000,5.859375
10192,512,3083,6.021484
10193,512,3000,5.859375
10194,512,3042,5.941406
10195,512,3083,6.021484
10196,512,3083,6.021484
10197,512,3083,6.021484
10198,512,3084,6.023438
10199,512,3125,6.103516
10200,512,3084,6.023438
10201,512,3083,6.021484
10202,512,3166,6.183594
10203,512,3000,5.859375
10204,512,3125,6.103516
10205,512,3083,6.021484
10206,512,3042,5.941406
10207,512,3042,5.941406
10208,512,3083,6.021484
10209,512,3042,5.941406
10210,512,3083,6.021484
10211,512,3084,6.023438
10212,512,3000,5.859375
10213,512,3000,5.859375
10214,512,2958,5.777344
10215,512,2958,5.777344
10216,512,3167,6.185547
10217,512,3083,6.021484
10218,512,3000,5.859375
10219,512,3042,5.941406
10220,512,3000,5.859375
10221,512,2959,5.779297
10222,512,3125,6.103516
10223,512,2958,5.777344
10224,512,3000,5.859375
10225,512,3041,5.939453
10226,512,3084,6.023438
10227,512,3083,6.021484
10228,512,3083,6.021484
10229,512,3125,6.103516
10230,512,3167,6.185547
10231,512,3125,6.103516
10232,512,3000,5.859375
10233,512,3125,6.103516
10234,512,3167,6.185547
10235,512,3000,5.859375
10236,512,3083,6.021484
10237,512,3083,6.021484
10238,512,3167,6.185547
10239,512,3041,5.939453
10240,512,3000,5.859375
10241,512,2917,5.697266
10242,512,3000,5.859375
10243,512,3125,6.103516
10244,512,3000,5.859375
10245,512,3083,6.021484
10246,512,3083,6.021484
10247,512,3084,6.023438
10248,512,3083,6.021484
10249,512,3042,5.941406
10250,512,3041,5.939453
10251,512,3000,5.859375
10252,512,3000,5.859375
10253,512,3167,6.185547
10254,512,3041,5.939453
10255,512,3125,6.103516
10256,512,3084,6.023438
10257,512,3083,6.021484
10258,512,2958,5.777344
10259,512,3042,5.941406
10260,512,2958,5.777344
10261,512,3125,6.103516
10262,512,3042,5.941406
10263,512,3083,6.021484
10264,512,3167,6.185547
10265,512,3166,6.183594
10266,512,3042,5.941406
10267,512,3208,6.265625
10268,512,2958,5.777344
10269,512,3084,6.023438
10270,512,3041,5.939453
10271,512,3084,6.023438
10272,512,2958,5.777344
10273,512,3083,6.021484
10274,512,3084,6.023438
10275,512,2958,5.777344
10276,512,2958,5.777344
10277,512,3000,5.859375
10278,512,3000,5.859375
10279,512,3084,6.023438
10280,512,3000,5.859375
10281,512,3042,5.941406
10282,512,3083,6.021484
10283,512,3000,5.859375
10284,512,3125,6.103516
10285,512,3167,6.185547
10286,512,3000,5.859375
10287,512,3083,6.021484
10288,512,3083,6.021484
10289,512,3125,6.103516
10290,512,3125,6.103516
10291,512,3167,6.185547
10292,512,2958,5.777344
10293,512,3042,5.941406
10294,512,3166,6.183594
10295,512,2917,5.697266
10296,512,3041,5.939453
10297,512,3083,6.021484
10298,512,2958,5.777344
10299,512,3042,5.941406
10300,512,3000,5.859375
10301,512,3167,6.185547
10302,512,3041,5.939453
10303,512,3083,6.021484
10304,512,3042,5.941406
10305,512,3000,5.859375
10306,512,2958,5.777344
10307,512,3083,6.021484
10308,512,3083,6.021484
10309,512,3000,5.859375
10310,512,3000,5.859375
10311,512,3000,5.859375
10312,512,3042,5.941406
10313,512,3042,5.941406
10314,512,3041,5.939453
10315,512,2958,5.777344
10316,512,3000,5.859375
10317,512,3000,5.859375
10318,512,3125,6.103516
10319,512,2958,5.777344
10320,512,3042,5.941406
10321,512,2916,5.695312
10322,512,3042,5.941406
10323,512,3125,6.103516
10324,512,3125,6.103516
10325,512,2959,5.779297
10326,512,3084,6.023438
10327,512,3000,5.859375
10328,512,3209,6.267578
10329,512,3083,6.021484
10330,512,3083,6.021484
10331,512,3083,6.021484
10332,512,3208,6.265625
10333,512,3042,5.941406
10334,512,3083,6.021484
10335,512,3000,5.859375
10336,512,3167,6.185547
10337,512,2958,5.777344
10338,512,2958,5.777344
10339,512,3042,5.941406
10340,512,3083,6.021484
10341,512,3000,5.859375
10342,512,3000,5.859375
10343,512,3042,5.941406
10344,512,2958,5.777344
10345,512,3167,6.185547
10346,512,3042,5.941406
10347,512,3083,6.021484
10348,512,3042,5.941406
10349,512,3084,6.023438
10350,512,3000,5.859375
10351,512,2958,5.777344
10352,512,2958,5.777344
10353,512,3083,6.021484
10354,512,3041,5.939453
10355,512,3042,5.941406
10356,512,3208,6.265625
10357,512,2917,5.697266
10358,512,3041,5.939453
10359,512,3125,6.103516
10360,512,3042,5.941406
10361,512,3042,5.941406
10362,512,3000,5.859375
10363,512,3125,6.103516
10364,512,2958,5.777344
10365,512,3166,6.183594
10366,512,3084,6.023438
10367,512,3083,6.021484
10368,512,3250,6.347656
10369,512,2958,5.777344
10370,512,3000,5.859375
10371,512,2916,5.695312
10372,512,3042,5.941406
10373,512,3000,5.859375
10374,512,3042,5.941406
10375,512,3125,6.103516
10376,512,3042,5.941406
10377,512,3042,5.941406
10378,512,3083,6.021484
10379,512,3083,6.021484
10380,512,3167,6.185547
10381,512,3000,5.859375
10382,512,2958,5.777344
10383,512,3125,6.103516
10384,512,3041,5.939453
10385,512,3042,5.941406
10386,512,3041,5.939453
10387,512,2917,5.697266
10388,512,2958,5.777344
10389,512,3125,6.103516
10390,512,3084,6.023438
10391,512,3166,6.183594
10392,512,2917,5.697266
10393,512,3083,6.021484
10394,512,3125,6.103516
10395,512,3042,5.941406
10396,512,3083,6.021484
10397,512,2917,5.697266
10398,512,3084,6.023438
10399,512,3083,6.021484
10400,512,3125,6.103516
10401,512,3083,6.021484
10402,512,3000,5.859375
10403,512,3084,6.023438
10404,512,2959,5.779297
10405,512,3000,5.859375
10406,512,3000,5.859375
10407,512,3000,5.859375
10408,512,3083,6.021484
10409,512,3083,6.021484
10410,512,3083,6.021484
10411,512,3042,5.941406
10412,512,3041,5.939453
10413,512,3000,5.859375
10414,512,3000,5.859375
10415,512,3000,5.859375
10416,512,2958,5.777344
10417,512,3084,6.023438
10418,512,3083,6.021484
10419,512,3042,5.941406
10420,512,3042,5.941406
10421,512,3083,6.021484
10422,512,3125,6.103516
10423,512,3083,6.021484
10424,512,2959,5.779297
10425,512,3083,6.021484
10426,512,2958,5.777344
10427,512,2958,5.777344
10428,512,2958,5.777344
10429,512,3084,6.023438
10430,512,3000,5.859375
10431,512,2959,5.779297
10432,512,3042,5.941406
10433,512,2875,5.615234
10434,512,3083,6.021484
10435,512,3125,6.103516
10436,512,3042,5.941406
10437,512,3000,5.859375
10438,512,3000,5.859375
10439,512,3042,5.941406
10440,512,3000,5.859375
10441,512,3000,5.859375
10442,512,3000,5.859375
10443,512,3125,6.103516
10444,512,3041,5.939453
10445,512,2958,5.777344
10446,512,3000,5.859375
10447,512,2958,5.777344
10448,512,2958,5.777344
10449,512,3125,6.103516
10450,512,3000,5.859375
10451,512,3041,5.939453
10452,512,3125,6.103516
10453,512,3000,5.859375
10454,512,3000,5.859375
10455,512,3125,6.103516
10456,512,3125,6.103516
10457,512,3042,5.941406
10458,512,3041,5.939453
10459,512,3084,6.023438
10460,512,3083,6.021484
10461,512,3083,6.021484
10462,512,3084,6.023438
10463,512,3000,5.859375
10464,512,3042,5.941406
10465,512,3042,5.941406
10466,512,3125,6.103516
10467,512,3042,5.941406
10468,512,3000,5.859375
10469,512,3042,5.941406
10470,512,3083,6.021484
10471,512,3083,6.021484
10472,512,3042,5.941406
10473,512,3041,5.939453
10474,512,3000,5.859375
10475,512,2958,5.777344
10476,512,3167,6.185547
10477,512,2916,5.695312
10478,512,3042,5.941406
10479,512,3125,6.103516
10480,512,3125,6.103516
10481,512,3084,6.023438
10482,512,3083,6.021484
10483,512,3042,5.941406
10484,512,3084,6.023438
10485,512,3208,6.265625
10486,512,3000,5.859375
10487,512,3000,5.859375
10488,512,3167,6.185547
10489,512,3000,5.859375
10490,512,3000,5.859375
10491,512,3084,6.023438
10492,512,3041,5.939453
10493,512,3084,6.023438
10494,512,3250,6.347656
10495,512,3166,6.183594
10496,512,2917,5.697266
10497,512,3083,6.021484
10498,512,3000,5.859375
10499,512,3125,6.103516
10500,512,3084,6.023438
10501,512,3041,5.939453
10502,512,3000,5.859375
10503,512,3000,5.859375
10504,512,3083,6.021484
10505,512,3042,5.941406
10506,512,3000,5.859375
10507,512,3000,5.859375
10508,512,2959,5.779297
10509,512,3000,5.859375
10510,512,2959,5.779297
10511,512,3083,6.021484
10512,512,3000,5.859375
10513,512,3042,5.941406
10514,512,3083,6.021484
10515,512,3042,5.941406
10516,512,3167,6.185547
10517,512,3042,5.941406
10518,512,3042,5.941406
10519,512,3042,5.941406
10520,512,3041,5.939453
10521,512,3000,5.859375
10522,512,3042,5.941406
10523,512,3125,6.103516
10524,512,3000,5.859375
10525,512,3084,6.023438
10526,512,3042,5.941406
10527,512,3042,5.941406
10528,512,3000,5.859375
10529,512,2959,5.779297
10530,512,3125,6.103516
10531,512,3084,6.023438
10532,512,3125,6.103516
10533,512,2917,5.697266
10534,512,3083,6.021484
10535,512,2958,5.777344
10536,512,2959,5.779297
10537,512,3083,6.021484
10538,512,2958,5.777344
10539,512,3000,5.859375
10540,512,3042,5.941406
10541,512,3083,6.021484
10542,512,3000,5.859375
10543,512,3125,6.103516
10544,512,3000,5.859375
10545,512,3083,6.021484
10546,512,3084,6.023438
10547,512,3042,5.941406
10548,512,3125,6.103516
10549,512,3125,6.103516
10550,512,3083,6.021484
10551,512,3125,6.103516
10552,512,3042,5.941406
10553,512,2917,5.697266
10554,512,3125,6.103516
10555,512,3083,6.021484
10556,512,3083,6.021484
10557,512,3084,6.023438
10558,512,3000,5.859375
10559,512,3084,6.023438
10560,512,3084,6.023438
10561,512,3083,6.021484
10562,512,2917,5.697266
10563,512,3000,5.859375
10564,512,3041,5.939453
10565,512,3042,5.941406
10566,512,3084,6.023438
10567,512,3083,6.021484
10568,512,3083,6.021484
10569,512,3000,5.859375
10570,512,3125,6.103516
10571,512,3084,6.023438
10572,512,3084,6.023438
10573,512,2959,5.779297
10574,512,3083,6.021484
10575,512,2916,5.695312
10576,512,3000,5.859375
10577,512,3000,5.859375
10578,512,3000,5.859375
10579,512,3042,5.941406
10580,512,3125,6.103516
10581,512,2958,5.777344
10582,512,3042,5.941406
10583,512,2958,5.777344
10584,512,3125,6.103516
10585,512,3084,6.023438
10586,512,3042,5.941406
10587,512,2958,5.777344
10588,512,3042,5.941406
10589,512,3000,5.859375
10590,512,3084,6.023438
10591,512,3041,5.939453
10592,512,3042,5.941406
10593,512,2958,5.777344
10594,512,3083,6.021484
10595,512,3083,6.021484
10596,512,3042,5.941406
10597,512,3042,5.941406
10598,512,3000,5.859375
10599,512,3042,5.941406
10600,512,2958,5.777344
10601,512,3125,6.103516
10602,512,2916,5.695312
10603,512,2958,5.777344
10604,512,3083,6.021484
10605,512,3000,5.859375
10606,512,3042,5.941406
10607,512,3083,6.021484
10608,512,3000,5.859375
10609,512,3042,5.941406
10610,512,3125,6.103516
10611,512,3041,5.939453
10612,512,3125,6.103516
10613,512,2959,5.779297
10614,512,2917,5.697266
10615,512,3041,5.939453
10616,512,3042,5.941406
10617,512,3208,6.265625
10618,512,3000,5.859375
10619,512,2958,5.777344
10620,512,3125,6.103516
10621,512,3125,6.103516
10622,512,3000,5.859375
10623,512,3000,5.859375
10624,512,3333,6.509766
10625,512,3042,5.941406
10626,512,3000,5.859375
10627,512,2958,5.777344
10628,512,3125,6.103516
10629,512,3042,5.941406
10630,512,3000,5.859375
10631,512,3125,6.103516
10632,512,3042,5.941406
10633,512,3083,6.021484
10634,512,3000,5.859375
10635,512,3166,6.183594
10636,512,3000,5.859375
10637,512,3167,6.185547
10638,512,3041,5.939453
10639,512,3084,6.023438
10640,512,2958,5.777344
10641,512,3125,6.103516
10642,512,3083,6.021484
10643,512,2958,5.777344
10644,512,2958,5.777344
10645,512,3083,6.021484
10646,512,2959,5.779297
10647,512,3042,5.941406
10648,512,3125,6.103516
10649,512,3083,6.021484
10650,512,3042,5.941406
10651,512,3000,5.859375
10652,512,3000,5.859375
10653,512,3083,6.021484
10654,512,3125,6.103516
10655,512,3084,6.023438
10656,512,3041,5.939453
10657,512,3167,6.185547
10658,512,3041,5.939453
10659,512,3084,6.023438
10660,512,3083,6.021484
10661,512,3083,6.021484
10662,512,3250,6.347656
10663,512,2917,5.697266
10664,512,3083,6.021484
10665,512,3125,6.103516
10666,512,3000,5.859375
10667,512,3042,5.941406
10668,512,3041,5.939453
10669,512,3000,5.859375
10670,512,3084,6.023438
10671,512,3000,5.859375
10672,512,3083,6.021484
10673,512,3083,6.021484
10674,512,3125,6.103516
10675,512,3000,5.859375
10676,512,3209,6.267578
10677,512,3208,6.265625
10678,512,3000,5.859375
10679,512,3125,6.103516
10680,512,3125,6.103516
10681,512,3041,5.939453
10682,512,3083,6.021484
10683,512,3084,6.023438
10684,512,3041,5.939453
10685,512,3084,6.023438
10686,512,3041,5.939453
10687,512,3125,6.103516
10688,512,3042,5.941406
10689,512,3208,6.265625
10690,512,3000,5.859375
10691,512,3125,6.103516
10692,512,3125,6.103516
10693,512,3083,6.021484
10694,512,3166,6.183594
10695,512,3042,5.941406
10696,512,3166,6.183594
10697,512,3125,6.103516
10698,512,2959,5.779297
10699,512,3000,5.859375
10700,512,3084,6.023438
10701,512,3166,6.183594
10702,512,3125,6.103516
10703,512,3083,6.021484
10704,512,3042,5.941406
10705,512,3041,5.939453
10706,512,2959,5.779297
10707,512,3000,5.859375
10708,512,2875,5.615234
10709,512,2958,5.777344
10710,512,3000,5.859375
10711,512,3125,6.103516
10712,512,3084,6.023438
10713,512,3041,5.939453
10714,512,3000,5.859375
10715,512,3167,6.185547
10716,512,3042,5.941406
10717,512,3042,5.941406
10718,512,3084,6.023438
10719,512,3083,6.021484
10720,512,3000,5.859375
10721,512,3125,6.103516
10722,512,3041,5.939453
10723,512,3042,5.941406
10724,512,3000,5.859375
10725,512,3125,6.103516
10726,512,3041,5.939453
10727,512,3167,6.185547
10728,512,3083,6.021484
10729,512,3125,6.103516
10730,512,3000,5.859375
10731,512,3125,6.103516
10732,512,3167,6.185547
10733,512,3041,5.939453
10734,512,3167,6.185547
10735,512,3000,5.859375
10736,512,3000,5.859375
10737,512,3167,6.185547
10738,512,3083,6.021484
10739,512,2958,5.777344
10740,512,3209,6.267578
10741,512,2959,5.779297
10742,512,3000,5.859375
10743,512,3041,5.939453
10744,512,3000,5.859375
10745,512,3000,5.859375
10746,512,3083,6.021484
10747,512,3041,5.939453
10748,512,3084,6.023438
10749,512,3041,5.939453
10750,512,3042,5.941406
10751,512,3125,6.103516
10752,512,3000,5.859375
10753,512,3166,6.183594
10754,512,3042,5.941406
10755,512,3042,5.941406
10756,512,3000,5.859375
10757,512,3041,5.939453
10758,512,2917,5.697266
10759,512,3000,5.859375
10760,512,3125,6.103516
10761,512,3167,6.185547
10762,512,3208,6.265625
10763,512,3000,5.859375
10764,512,3167,6.185547
10765,512,3000,5.859375
10766,512,3000,5.859375
10767,512,3000,5.859375
10768,512,3125,6.103516
10769,512,3000,5.859375
10770,512,3042,5.941406
10771,512,3041,5.939453
10772,512,3042,5.941406
10773,512,3000,5.859375
10774,512,3083,6.021484
10775,512,3042,5.941406
10776,512,3083,6.021484
10777,512,3041,5.939453
10778,512,2958,5.777344
10779,512,3084,6.023438
10780,512,3041,5.939453
10781,512,3125,6.103516
10782,512,3167,6.185547
10783,512,3042,5.941406
10784,512,3083,6.021484
10785,512,3042,5.941406
10786,512,3041,5.939453
10787,512,3084,6.023438
10788,512,2959,5.779297
10789,512,3083,6.021484
10790,512,3000,5.859375
10791,512,3125,6.103516
10792,512,3041,5.939453
10793,512,3084,6.023438
10794,512,2959,5.779297
10795,512,8125,15.869141
10796,512,3041,5.939453
10797,512,3042,5.941406
10798,512,2916,5.695312
10799,512,3208,6.265625
10800,512,3042,5.941406
10801,512,3042,5.941406
10802,512,3125,6.103516
10803,512,3083,6.021484
10804,512,3042,5.941406
10805,512,3041,5.939453
10806,512,3000,5.859375
10807,512,3042,5.941406
10808,512,3000,5.859375
10809,512,3041,5.939453
10810,512,3000,5.859375
10811,512,2958,5.777344
10812,512,3083,6.021484
10813,512,3125,6.103516
10814,512,3042,5.941406
10815,512,3083,6.021484
10816,512,2917,5.697266
10817,512,2958,5.777344
10818,512,3208,6.265625
10819,512,15167,29.623047
10820,512,3208,6.265625
10821,512,2959,5.779297
10822,512,3084,6.023438
10823,512,3084,6.023438
10824,512,2916,5.695312
10825,512,2959,5.779297
10826,512,3000,5.859375
10827,512,3208,6.265625
10828,512,3000,5.859375
10829,512,3042,5.941406
10830,512,2958,5.777344
10831,512,3041,5.939453
10832,512,3000,5.859375
10833,512,3125,6.103516
10834,512,3000,5.859375
10835,512,2958,5.777344
10836,512,3083,6.021484
10837,512,3083,6.021484
10838,512,3000,5.859375
10839,512,3042,5.941406
10840,512,3042,5.941406
10841,512,3083,6.021484
10842,512,3000,5.859375
10843,512,3083,6.021484
10844,512,3042,5.941406
10845,512,3000,5.859375
10846,512,3041,5.939453
10847,512,3125,6.103516
10848,512,3084,6.023438
10849,512,2959,5.779297
10850,512,3000,5.859375
10851,512,3083,6.021484
10852,512,3000,5.859375
10853,512,3042,5.941406
10854,512,3166,6.183594
10855,512,3000,5.859375
10856,512,3125,6.103516
10857,512,3000,5.859375
10858,512,3042,5.941406
10859,512,3000,5.859375
10860,512,3125,6.103516
10861,512,3041,5.939453
10862,512,3084,6.023438
10863,512,2959,5.779297
10864,512,3084,6.023438
10865,512,3041,5.939453
10866,512,3084,6.023438
10867,512,3125,6.103516
10868,512,2958,5.777344
10869,512,3084,6.023438
10870,512,3041,5.939453
10871,512,3042,5.941406
10872,512,2958,5.777344
10873,512,3083,6.021484
10874,512,3000,5.859375
10875,512,3125,6.103516
10876,512,3083,6.021484
10877,512,3125,6.103516
10878,512,3084,6.023438
10879,512,3041,5.939453
10880,512,3417,6.673828
10881,512,3042,5.941406
10882,512,3041,5.939453
10883,512,3084,6.023438
10884,512,3042,5.941406
10885,512,2917,5.697266
10886,512,2834,5.535156
10887,512,3041,5.939453
10888,512,3084,6.023438
10889,512,3042,5.941406
10890,512,3167,6.185547
10891,512,3041,5.939453
10892,512,2959,5.779297
10893,512,3042,5.941406
10894,512,3042,5.941406
10895,512,3041,5.939453
10896,512,3167,6.185547
10897,512,3041,5.939453
10898,512,3042,5.941406
10899,512,3083,6.021484
10900,512,2958,5.777344
10901,512,3083,6.021484
10902,512,3209,6.267578
10903,512,8375,16.357422
10904,512,3083,6.021484
10905,512,3000,5.859375
10906,512,3125,6.103516
10907,512,3125,6.103516
10908,512,3041,5.939453
10909,512,3042,5.941406
10910,512,3042,5.941406
10911,512,3083,6.021484
10912,512,3042,5.941406
10913,512,3083,6.021484
10914,512,3125,6.103516
10915,512,3000,5.859375
10916,512,3000,5.859375
10917,512,3166,6.183594
10918,512,3167,6.185547
10919,512,3083,6.021484
10920,512,3000,5.859375
10921,512,3209,6.267578
10922,512,3291,6.427734
10923,512,3084,6.023438
10924,512,3125,6.103516
10925,512,9208,17.984375
10926,512,2916,5.695312
10927,512,3209,6.267578
10928,512,3000,5.859375
10929,512,3208,6.265625
10930,512,3083,6.021484
10931,512,2917,5.697266
10932,512,4666,9.113281
10933,512,3042,5.941406
10934,512,3041,5.939453
10935,512,3000,5.859375
10936,512,3083,6.021484
10937,512,3042,5.941406
10938,512,3041,5.939453
10939,512,3042,5.941406
10940,512,2916,5.695312
10941,512,3042,5.941406
10942,512,3042,5.941406
10943,512,3000,5.859375
10944,512,3125,6.103516
10945,512,3041,5.939453
10946,512,3084,6.023438
10947,512,3083,6.021484
10948,512,3083,6.021484
10949,512,3000,5.859375
10950,512,3084,6.023438
10951,512,2958,5.777344
10952,512,3000,5.859375
10953,512,3000,5.859375
10954,512,3000,5.859375
10955,512,3000,5.859375
10956,512,2959,5.779297
10957,512,3041,5.939453
10958,512,3125,6.103516
10959,512,3084,6.023438
10960,512,3041,5.939453
10961,512,3084,6.023438
10962,512,3083,6.021484
10963,512,3083,6.021484
10964,512,3084,6.023438
10965,512,3041,5.939453
10966,512,2917,5.697266
10967,512,2959,5.779297
10968,512,3208,6.265625
10969,512,2958,5.777344
10970,512,3083,6.021484
10971,512,3167,6.185547
10972,512,3000,5.859375
10973,512,3042,5.941406
10974,512,3125,6.103516
10975,512,3041,5.939453
10976,512,3000,5.859375
10977,512,2959,5.779297
10978,512,3000,5.859375
10979,512,3041,5.939453
10980,512,3000,5.859375
10981,512,3000,5.859375
10982,512,3083,6.021484
10983,512,3042,5.941406
10984,512,3042,5.941406
10985,512,2958,5.777344
10986,512,2875,5.615234
10987,512,3000,5.859375
10988,512,3084,6.023438
10989,512,3042,5.941406
10990,512,3083,6.021484
10991,512,3042,5.941406
10992,512,3042,5.941406
10993,512,3042,5.941406
10994,512,3083,6.021484
10995,512,3000,5.859375
10996,512,3041,5.939453
10997,512,3084,6.023438
10998,512,2959,5.779297
10999,512,3250,6.347656
11000,512,3041,5.939453
11001,512,3083,6.021484
11002,512,3000,5.859375
11003,512,3000,5.859375
11004,512,2875,5.615234
11005,512,3042,5.941406
11006,512,3041,5.939453
11007,512,3250,6.347656
11008,512,3125,6.103516
11009,512,3000,5.859375
11010,512,3000,5.859375
11011,512,3000,5.859375
11012,512,3084,6.023438
11013,512,2917,5.697266
11014,512,2958,5.777344
11015,512,3083,6.021484
11016,512,3125,6.103516
11017,512,2833,5.533203
11018,512,2958,5.777344
11019,512,3042,5.941406
11020,512,3083,6.021484
11021,512,3000,5.859375
11022,512,3166,6.183594
11023,512,3000,5.859375
11024,512,2917,5.697266
11025,512,3083,6.021484
11026,512,3042,5.941406
11027,512,2875,5.615234
11028,512,3000,5.859375
11029,512,3125,6.103516
11030,512,3042,5.941406
11031,512,3042,5.941406
11032,512,3000,5.859375
11033,512,3042,5.941406
11034,512,3041,5.939453
11035,512,2959,5.779297
11036,512,3125,6.103516
11037,512,3000,5.859375
11038,512,3125,6.103516
11039,512,3084,6.023438
11040,512,3125,6.103516
11041,512,3042,5.941406
11042,512,3042,5.941406
11043,512,3084,6.023438
11044,512,3083,6.021484
11045,512,3041,5.939453
11046,512,3000,5.859375
11047,512,3000,5.859375
11048,512,3083,6.021484
11049,512,3125,6.103516
11050,512,3042,5.941406
11051,512,3084,6.023438
11052,512,3041,5.939453
11053,512,2958,5.777344
11054,512,3000,5.859375
11055,512,3042,5.941406
11056,512,3000,5.859375
11057,512,3125,6.103516
11058,512,3125,6.103516
11059,512,3042,5.941406
11060,512,2875,5.615234
11061,512,2959,5.779297
11062,512,3083,6.021484
11063,512,3083,6.021484
11064,512,3083,6.021484
11065,512,3042,5.941406
11066,512,3083,6.021484
11067,512,3042,5.941406
11068,512,3041,5.939453
11069,512,3125,6.103516
11070,512,3167,6.185547
11071,512,3083,6.021484
11072,512,3125,6.103516
11073,512,3041,5.939453
11074,512,2917,5.697266
11075,512,3125,6.103516
11076,512,3041,5.939453
11077,512,3042,5.941406
11078,512,3000,5.859375
11079,512,3042,5.941406
11080,512,3125,6.103516
11081,512,3167,6.185547
11082,512,3042,5.941406
11083,512,3083,6.021484
11084,512,3125,6.103516
11085,512,3083,6.021484
11086,512,3000,5.859375
11087,512,3000,5.859375
11088,512,3000,5.859375
11089,512,3042,5.941406
11090,512,3083,6.021484
11091,512,3042,5.941406
11092,512,3125,6.103516
11093,512,3000,5.859375
11094,512,3000,5.859375
11095,512,3000,5.859375
11096,512,3125,6.103516
11097,512,2958,5.777344
11098,512,3084,6.023438
11099,512,3000,5.859375
11100,512,2958,5.777344
11101,512,3000,5.859375
11102,512,3083,6.021484
11103,512,3083,6.021484
11104,512,2959,5.779297
11105,512,3042,5.941406
11106,512,3125,6.103516
11107,512,3083,6.021484
11108,512,2958,5.777344
11109,512,3042,5.941406
11110,512,3125,6.103516
11111,512,3167,6.185547
11112,512,3041,5.939453
11113,512,3084,6.023438
11114,512,3000,5.859375
11115,512,3167,6.185547
11116,512,3125,6.103516
11117,512,3084,6.023438
11118,512,3000,5.859375
11119,512,3041,5.939453
11120,512,3084,6.023438
11121,512,3083,6.021484
11122,512,3167,6.185547
11123,512,2958,5.777344
11124,512,3000,5.859375
11125,512,2958,5.777344
11126,512,3041,5.939453
11127,512,3000,5.859375
11128,512,3042,5.941406
11129,512,2959,5.779297
11130,512,3084,6.023438
11131,512,3000,5.859375
11132,512,3042,5.941406
11133,512,3083,6.021484
11134,512,3000,5.859375
11135,512,3000,5.859375
11136,512,3334,6.511719
11137,512,3083,6.021484
11138,512,3042,5.941406
11139,512,3000,5.859375
11140,512,3000,5.859375
11141,512,3041,5.939453
11142,512,3125,6.103516
11143,512,3000,5.859375
11144,512,3084,6.023438
11145,512,3166,6.183594
11146,512,3083,6.021484
11147,512,3000,5.859375
11148,512,2958,5.777344
11149,512,3042,5.941406
11150,512,3083,6.021484
11151,512,3083,6.021484
11152,512,3125,6.103516
11153,512,3083,6.021484
11154,512,3083,6.021484
11155,512,3042,5.941406
11156,512,3042,5.941406
11157,512,3041,5.939453
11158,512,3042,5.941406
11159,512,3083,6.021484
11160,512,2958,5.777344
11161,512,3000,5.859375
11162,512,3042,5.941406
11163,512,3083,6.021484
11164,512,2958,5.777344
11165,512,3084,6.023438
11166,512,3000,5.859375
11167,512,3000,5.859375
11168,512,3125,6.103516
11169,512,3083,6.021484
11170,512,3042,5.941406
11171,512,3000,5.859375
11172,512,3084,6.023438
11173,512,2959,5.779297
11174,512,3042,5.941406
11175,512,3125,6.103516
11176,512,3125,6.103516
11177,512,3041,5.939453
11178,512,3125,6.103516
11179,512,3042,5.941406
11180,512,3000,5.859375
11181,512,3208,6.265625
11182,512,3042,5.941406
11183,512,3000,5.859375
11184,512,3000,5.859375
11185,512,3000,5.859375
11186,512,3000,5.859375
11187,512,3084,6.023438
11188,512,3000,5.859375
11189,512,3042,5.941406
11190,512,3000,5.859375
11191,512,3083,6.021484
11192,512,2958,5.777344
11193,512,3084,6.023438
11194,512,3041,5.939453
11195,512,2917,5.697266
11196,512,3000,5.859375
11197,512,3083,6.021484
11198,512,3042,5.941406
11199,512,3041,5.939453
11200,512,3042,5.941406
11201,512,2958,5.777344
11202,512,2917,5.697266
11203,512,2958,5.777344
11204,512,2917,5.697266
11205,512,3084,6.023438
11206,512,3000,5.859375
11207,512,3083,6.021484
11208,512,3041,5.939453
11209,512,3000,5.859375
11210,512,3041,5.939453
11211,512,3042,5.941406
11212,512,3083,6.021484
11213,512,3000,5.859375
11214,512,3000,5.859375
11215,512,3083,6.021484
11216,512,3000,5.859375
11217,512,3000,5.859375
11218,512,3084,6.023438
11219,512,3042,5.941406
11220,512,2917,5.697266
11221,512,3000,5.859375
11222,512,3000,5.859375
11223,512,3042,5.941406
11224,512,3041,5.939453
11225,512,3042,5.941406
11226,512,3208,6.265625
11227,512,3042,5.941406
11228,512,3000,5.859375
11229,512,3125,6.103516
11230,512,3041,5.939453
11231,512,3083,6.021484
11232,512,3042,5.941406
11233,512,3083,6.021484
11234,512,3042,5.941406
11235,512,3084,6.023438
11236,512,3083,6.021484
11237,512,3083,6.021484
11238,512,3083,6.021484
11239,512,2959,5.779297
11240,512,3000,5.859375
11241,512,3083,6.021484
11242,512,3042,5.941406
11243,512,3125,6.103516
11244,512,3125,6.103516
11245,512,3083,6.021484
11246,512,3041,5.939453
11247,512,2959,5.779297
11248,512,3084,6.023438
11249,512,2959,5.779297
11250,512,3084,6.023438
11251,512,3125,6.103516
11252,512,3125,6.103516
11253,512,3041,5.939453
11254,512,3000,5.859375
11255,512,3167,6.185547
11256,512,2875,5.615234
11257,512,3083,6.021484
11258,512,3042,5.941406
11259,512,3125,6.103516
11260,512,3125,6.103516
11261,512,3083,6.021484
11262,512,3125,6.103516
11263,512,3000,5.859375
11264,512,3000,5.859375
11265,512,2958,5.777344
11266,512,3125,6.103516
11267,512,3042,5.941406
11268,512,3125,6.103516
11269,512,3041,5.939453
11270,512,3042,5.941406
11271,512,3125,6.103516
11272,512,3042,5.941406
11273,512,3041,5.939453
11274,512,3000,5.859375
11275,512,3083,6.021484
11276,512,3084,6.023438
11277,512,3166,6.183594
11278,512,3083,6.021484
11279,512,3042,5.941406
11280,512,3000,5.859375
11281,512,3167,6.185547
11282,512,3000,5.859375
11283,512,3041,5.939453
11284,512,3042,5.941406
11285,512,3042,5.941406
11286,512,2959,5.779297
11287,512,3041,5.939453
11288,512,3000,5.859375
11289,512,3083,6.021484
11290,512,2959,5.779297
11291,512,2959,5.779297
11292,512,3041,5.939453
11293,512,3125,6.103516
11294,512,3042,5.941406
11295,512,3000,5.859375
11296,512,3084,6.023438
11297,512,3083,6.021484
11298,512,3042,5.941406
11299,512,2917,5.697266
11300,512,3000,5.859375
11301,512,3167,6.185547
11302,512,3041,5.939453
11303,512,3208,6.265625
11304,512,3000,5.859375
11305,512,3042,5.941406
11306,512,3167,6.185547
11307,512,3000,5.859375
11308,512,3042,5.941406
11309,512,3042,5.941406
11310,512,3083,6.021484
11311,512,2917,5.697266
11312,512,3042,5.941406
11313,512,3042,5.941406
11314,512,3000,5.859375
11315,512,3042,5.941406
11316,512,3041,5.939453
11317,512,3084,6.023438
11318,512,3000,5.859375
11319,512,3042,5.941406
11320,512,3000,5.859375
11321,512,3208,6.265625
11322,512,3042,5.941406
11323,512,3041,5.939453
11324,512,3084,6.023438
11325,512,3042,5.941406
11326,512,3000,5.859375
11327,512,2958,5.777344
11328,512,3042,5.941406
11329,512,3041,5.939453
11330,512,3084,6.023438
11331,512,3083,6.021484
11332,512,2958,5.777344
11333,512,3083,6.021484
11334,512,3000,5.859375
11335,512,3042,5.941406
11336,512,3083,6.021484
11337,512,3000,5.859375
11338,512,2958,5.777344
11339,512,3000,5.859375
11340,512,3042,5.941406
11341,512,3208,6.265625
11342,512,3000,5.859375
11343,512,3042,5.941406
11344,512,3084,6.023438
11345,512,3125,6.103516
11346,512,3000,5.859375
11347,512,3042,5.941406
11348,512,3083,6.021484
11349,512,3042,5.941406
11350,512,3041,5.939453
11351,512,3042,5.941406
11352,512,3042,5.941406
11353,512,3625,7.080078
11354,512,4125,8.056641
11355,512,3500,6.835938
11356,512,3875,7.568359
11357,512,3917,7.650391
11358,512,3083,6.021484
11359,512,3084,6.023438
11360,512,3083,6.021484
11361,512,3042,5.941406
11362,512,3041,5.939453
11363,512,3209,6.267578
11364,512,3125,6.103516
11365,512,3250,6.347656
11366,512,3083,6.021484
11367,512,3083,6.021484
11368,512,3209,6.267578
11369,512,3125,6.103516
11370,512,3166,6.183594
11371,512,3459,6.755859
11372,512,4166,8.136719
11373,512,3959,7.732422
11374,512,4000,7.812500
11375,512,3916,7.648438
11376,512,3917,7.650391
11377,512,4000,7.812500
11378,512,4041,7.892578
11379,512,3917,7.650391
11380,512,3959,7.732422
11381,512,4042,7.894531
11382,512,3208,6.265625
11383,512,3125,6.103516
11384,512,3125,6.103516
11385,512,3042,5.941406
11386,512,3291,6.427734
11387,512,4042,7.894531
11388,512,3875,7.568359
11389,512,3875,7.568359
11390,512,3958,7.730469
11391,512,3958,7.730469
11392,512,4334,8.464844
11393,512,3959,7.732422
11394,512,4083,7.974609
11395,512,3916,7.648438
11396,512,3833,7.486328
11397,512,4000,7.812500
11398,512,4042,7.894531
11399,512,3458,6.753906
11400,512,3042,5.941406
11401,512,3000,5.859375
11402,512,3125,6.103516
11403,512,2958,5.777344
11404,512,3083,6.021484
11405,512,3042,5.941406
11406,512,2958,5.777344
11407,512,3000,5.859375
11408,512,3125,6.103516
11409,512,3041,5.939453
11410,512,3042,5.941406
11411,512,3084,6.023438
11412,512,3000,5.859375
11413,512,3125,6.103516
11414,512,2917,5.697266
11415,512,3041,5.939453
11416,512,3000,5.859375
11417,512,3125,6.103516
11418,512,3042,5.941406
11419,512,3083,6.021484
11420,512,3125,6.103516
11421,512,2917,5.697266
11422,512,3083,6.021484
11423,512,3084,6.023438
11424,512,3042,5.941406
11425,512,3000,5.859375
11426,512,3042,5.941406
11427,512,2875,5.615234
11428,512,3083,6.021484
11429,512,3041,5.939453
11430,512,2875,5.615234
11431,512,3042,5.941406
11432,512,3083,6.021484
11433,512,2958,5.777344
11434,512,2959,5.779297
11435,512,2958,5.777344
11436,512,3125,6.103516
11437,512,3166,6.183594
11438,512,3000,5.859375
11439,512,3000,5.859375
11440,512,3084,6.023438
11441,512,3000,5.859375
11442,512,2959,5.779297
11443,512,2959,5.779297
11444,512,2959,5.779297
11445,512,3125,6.103516
11446,512,2917,5.697266
11447,512,3041,5.939453
11448,512,3042,5.941406
11449,512,3042,5.941406
11450,512,3125,6.103516
11451,512,3041,5.939453
11452,512,3125,6.103516
11453,512,3000,5.859375
11454,512,3041,5.939453
11455,512,3125,6.103516
11456,512,3084,6.023438
11457,512,3083,6.021484
11458,512,3125,6.103516
11459,512,3083,6.021484
11460,512,2917,5.697266
11461,512,3041,5.939453
11462,512,3084,6.023438
11463,512,3000,5.859375
11464,512,3042,5.941406
11465,512,3125,6.103516
11466,512,2875,5.615234
11467,512,3125,6.103516
11468,512,3000,5.859375
11469,512,2958,5.777344
11470,512,3125,6.103516
11471,512,3083,6.021484
11472,512,3000,5.859375
11473,512,3000,5.859375
11474,512,3041,5.939453
11475,512,3084,6.023438
11476,512,3000,5.859375
11477,512,3125,6.103516
11478,512,3083,6.021484
11479,512,2959,5.779297
11480,512,3125,6.103516
11481,512,3125,6.103516
11482,512,2958,5.777344
11483,512,2958,5.777344
11484,512,3042,5.941406
11485,512,3000,5.859375
11486,512,3083,6.021484
11487,512,3042,5.941406
11488,512,3084,6.023438
11489,512,3125,6.103516
11490,512,3125,6.103516
11491,512,3000,5.859375
11492,512,3000,5.859375
11493,512,3167,6.185547
11494,512,3083,6.021484
11495,512,3042,5.941406
11496,512,2959,5.779297
11497,512,3125,6.103516
11498,512,3125,6.103516
11499,512,3166,6.183594
11500,512,2958,5.777344
11501,512,3167,6.185547
11502,512,3125,6.103516
11503,512,3084,6.023438
11504,512,3125,6.103516
11505,512,3084,6.023438
11506,512,3084,6.023438
11507,512,3083,6.021484
11508,512,3125,6.103516
11509,512,3083,6.021484
11510,512,3000,5.859375
11511,512,3000,5.859375
11512,512,3000,5.859375
11513,512,3042,5.941406
11514,512,3000,5.859375
11515,512,3042,5.941406
11516,512,3084,6.023438
11517,512,3166,6.183594
11518,512,3042,5.941406
11519,512,3000,5.859375
11520,512,3042,5.941406
11521,512,3125,6.103516
11522,512,2916,5.695312
11523,512,2959,5.779297
11524,512,3041,5.939453
11525,512,3042,5.941406
11526,512,3000,5.859375
11527,512,3041,5.939453
11528,512,3125,6.103516
11529,512,3167,6.185547
11530,512,2916,5.695312
11531,512,3125,6.103516
11532,512,3000,5.859375
11533,512,3083,6.021484
11534,512,3083,6.021484
11535,512,3125,6.103516
11536,512,3042,5.941406
11537,512,3125,6.103516
11538,512,3083,6.021484
11539,512,3000,5.859375
11540,512,3125,6.103516
11541,512,3000,5.859375
11542,512,3000,5.859375
11543,512,3083,6.021484
11544,512,3084,6.023438
11545,512,2958,5.777344
11546,512,3125,6.103516
11547,512,3083,6.021484
11548,512,3084,6.023438
11549,512,3041,5.939453
11550,512,3000,5.859375
11551,512,3083,6.021484
11552,512,3000,5.859375
11553,512,3042,5.941406
11554,512,3041,5.939453
11555,512,3042,5.941406
11556,512,3083,6.021484
11557,512,3042,5.941406
11558,512,3083,6.021484
11559,512,3042,5.941406
11560,512,3042,5.941406
11561,512,3000,5.859375
11562,512,2875,5.615234
11563,512,3042,5.941406
11564,512,3125,6.103516
11565,512,3042,5.941406
11566,512,2958,5.777344
11567,512,3041,5.939453
11568,512,3000,5.859375
11569,512,2875,5.615234
11570,512,3000,5.859375
11571,512,3000,5.859375
11572,512,2917,5.697266
11573,512,2958,5.777344
11574,512,3125,6.103516
11575,512,3041,5.939453
11576,512,3083,6.021484
11577,512,3000,5.859375
11578,512,2917,5.697266
11579,512,3083,6.021484
11580,512,3042,5.941406
11581,512,3125,6.103516
11582,512,2959,5.779297
11583,512,3000,5.859375
11584,512,2959,5.779297
11585,512,3042,5.941406
11586,512,3167,6.185547
11587,512,2959,5.779297
11588,512,2959,5.779297
11589,512,3041,5.939453
11590,512,2917,5.697266
11591,512,3125,6.103516
11592,512,3166,6.183594
11593,512,3042,5.941406
11594,512,3041,5.939453
11595,512,3000,5.859375
11596,512,3084,6.023438
11597,512,3083,6.021484
11598,512,3000,5.859375
11599,512,3042,5.941406
11600,512,3000,5.859375
11601,512,3083,6.021484
11602,512,3000,5.859375
11603,512,3000,5.859375
11604,512,3125,6.103516
11605,512,3083,6.021484
11606,512,3000,5.859375
11607,512,3083,6.021484
11608,512,3042,5.941406
11609,512,3083,6.021484
11610,512,3167,6.185547
11611,512,2917,5.697266
11612,512,3000,5.859375
11613,512,3000,5.859375
11614,512,2958,5.777344
11615,512,3125,6.103516
11616,512,3000,5.859375
11617,512,3083,6.021484
11618,512,3000,5.859375
11619,512,3042,5.941406
11620,512,3042,5.941406
11621,512,3167,6.185547
11622,512,3000,5.859375
11623,512,3042,5.941406
11624,512,3083,6.021484
11625,512,2917,5.697266
11626,512,3000,5.859375
11627,512,3042,5.941406
11628,512,2917,5.697266
11629,512,3083,6.021484
11630,512,3000,5.859375
11631,512,3000,5.859375
11632,512,3041,5.939453
11633,512,3083,6.021484
11634,512,3042,5.941406
11635,512,3041,5.939453
11636,512,3042,5.941406
11637,512,3042,5.941406
11638,512,3041,5.939453
11639,512,3084,6.023438
11640,512,3041,5.939453
11641,512,3084,6.023438
11642,512,3042,5.941406
11643,512,3041,5.939453
11644,512,3000,5.859375
11645,512,3041,5.939453
11646,512,3042,5.941406
11647,512,3125,6.103516
11648,512,3416,6.671875
11649,512,3000,5.859375
11650,512,3083,6.021484
11651,512,2959,5.779297
11652,512,3000,5.859375
11653,512,3125,6.103516
11654,512,3209,6.267578
11655,512,3041,5.939453
11656,512,3000,5.859375
11657,512,3083,6.021484
11658,512,2917,5.697266
11659,512,3042,5.941406
11660,512,3083,6.021484
11661,512,3125,6.103516
11662,512,2917,5.697266
11663,512,3083,6.021484
11664,512,2958,5.777344
11665,512,3042,5.941406
11666,512,3041,5.939453
11667,512,3084,6.023438
11668,512,3125,6.103516
11669,512,3000,5.859375
11670,512,3084,6.023438
11671,512,3250,6.347656
11672,512,3083,6.021484
11673,512,3125,6.103516
11674,512,3000,5.859375
11675,512,3000,5.859375
11676,512,3334,6.511719
11677,512,3166,6.183594
11678,512,3125,6.103516
11679,512,3417,6.673828
11680,512,3791,7.404297
11681,512,3792,7.406250
11682,512,3750,7.324219
11683,512,3875,7.568359
11684,512,3916,7.648438
11685,512,4042,7.894531
11686,512,3959,7.732422
11687,512,3958,7.730469
11688,512,3958,7.730469
11689,512,4000,7.812500
11690,512,3916,7.648438
11691,512,3917,7.650391
11692,512,4208,8.218750
11693,512,3250,6.347656
11694,512,3125,6.103516
11695,512,3083,6.021484
11696,512,3000,5.859375
11697,512,3000,5.859375
11698,512,3000,5.859375
11699,512,2917,5.697266
11700,512,3000,5.859375
11701,512,2959,5.779297
11702,512,3041,5.939453
11703,512,3083,6.021484
11704,512,3000,5.859375
11705,512,3042,5.941406
11706,512,3125,6.103516
11707,512,3041,5.939453
11708,512,3125,6.103516
11709,512,2958,5.777344
11710,512,3042,5.941406
11711,512,3041,5.939453
11712,512,2958,5.777344
11713,512,3042,5.941406
11714,512,3125,6.103516
11715,512,3083,6.021484
11716,512,3041,5.939453
11717,512,2875,5.615234
11718,512,3041,5.939453
11719,512,3000,5.859375
11720,512,3042,5.941406
11721,512,3000,5.859375
11722,512,3084,6.023438
11723,512,3083,6.021484
11724,512,3125,6.103516
11725,512,3125,6.103516
11726,512,3000,5.859375
11727,512,3167,6.185547
11728,512,3042,5.941406
11729,512,3125,6.103516
11730,512,2958,5.777344
11731,512,3042,5.941406
11732,512,3125,6.103516
11733,512,3083,6.021484
11734,512,3042,5.941406
11735,512,3000,5.859375
11736,512,3125,6.103516
11737,512,3166,6.183594
11738,512,2958,5.777344
11739,512,3000,5.859375
11740,512,3041,5.939453
11741,512,3125,6.103516
11742,512,3125,6.103516
11743,512,3000,5.859375
11744,512,2958,5.777344
11745,512,3042,5.941406
11746,512,3000,5.859375
11747,512,3041,5.939453
11748,512,3042,5.941406
11749,512,3041,5.939453
11750,512,3000,5.859375
11751,512,2959,5.779297
11752,512,3041,5.939453
11753,512,3042,5.941406
11754,512,3041,5.939453
11755,512,3042,5.941406
11756,512,3083,6.021484
11757,512,3083,6.021484
11758,512,3042,5.941406
11759,512,3042,5.941406
11760,512,3084,6.023438
11761,512,3000,5.859375
11762,512,3042,5.941406
11763,512,3041,5.939453
11764,512,3042,5.941406
11765,512,3125,6.103516
11766,512,3041,5.939453
11767,512,3084,6.023438
11768,512,3041,5.939453
11769,512,3125,6.103516
11770,512,3042,5.941406
11771,512,3000,5.859375
11772,512,3041,5.939453
11773,512,3125,6.103516
11774,512,3167,6.185547
11775,512,3042,5.941406
11776,512,3125,6.103516
11777,512,3083,6.021484
11778,512,3083,6.021484
11779,512,3000,5.859375
11780,512,3083,6.021484
11781,512,3084,6.023438
11782,512,3125,6.103516
11783,512,3084,6.023438
11784,512,3166,6.183594
11785,512,3083,6.021484
11786,512,2959,5.779297
11787,512,3083,6.021484
11788,512,2958,5.777344
11789,512,3041,5.939453
11790,512,3000,5.859375
11791,512,3083,6.021484
11792,512,3000,5.859375
11793,512,3042,5.941406
11794,512,3083,6.021484
11795,512,3042,5.941406
11796,512,2916,5.695312
11797,512,3167,6.185547
11798,512,3125,6.103516
11799,512,3167,6.185547
11800,512,3000,5.859375
11801,512,3041,5.939453
11802,512,3042,5.941406
11803,512,3042,5.941406
11804,512,3125,6.103516
11805,512,3000,5.859375
11806,512,3042,5.941406
11807,512,3125,6.103516
11808,512,2958,5.777344
11809,512,3125,6.103516
11810,512,2917,5.697266
11811,512,3041,5.939453
11812,512,3042,5.941406
11813,512,3000,5.859375
11814,512,3041,5.939453
11815,512,3042,5.941406
11816,512,3042,5.941406
11817,512,3083,6.021484
11818,512,3000,5.859375
11819,512,3000,5.859375
11820,512,3042,5.941406
11821,512,3042,5.941406
11822,512,2958,5.777344
11823,512,3083,6.021484
11824,512,3084,6.023438
11825,512,3042,5.941406
11826,512,3208,6.265625
11827,512,2917,5.697266
11828,512,3041,5.939453
11829,512,3000,5.859375
11830,512,2959,5.779297
11831,512,3000,5.859375
11832,512,3000,5.859375
11833,512,3042,5.941406
11834,512,3042,5.941406
11835,512,3083,6.021484
11836,512,3041,5.939453
11837,512,3000,5.859375
11838,512,3042,5.941406
11839,512,2958,5.777344
11840,512,3000,5.859375
11841,512,2959,5.779297
11842,512,2958,5.777344
11843,512,2958,5.777344
11844,512,2959,5.779297
11845,512,3083,6.021484
11846,512,3125,6.103516
11847,512,3000,5.859375
11848,512,3125,6.103516
11849,512,3084,6.023438
11850,512,3041,5.939453
11851,512,2917,5.697266
11852,512,3042,5.941406
11853,512,3000,5.859375
11854,512,3042,5.941406
11855,512,3166,6.183594
11856,512,2959,5.779297
11857,512,3125,6.103516
11858,512,3083,6.021484
11859,512,3083,6.021484
11860,512,3083,6.021484
11861,512,3125,6.103516
11862,512,3125,6.103516
11863,512,3042,5.941406
11864,512,3041,5.939453
11865,512,3083,6.021484
11866,512,3084,6.023438
11867,512,3084,6.023438
11868,512,2958,5.777344
11869,512,3125,6.103516
11870,512,3041,5.939453
11871,512,2958,5.777344
11872,512,3125,6.103516
11873,512,3000,5.859375
11874,512,3000,5.859375
11875,512,3084,6.023438
11876,512,3084,6.023438
11877,512,2958,5.777344
11878,512,3041,5.939453
11879,512,3084,6.023438
11880,512,3084,6.023438
11881,512,3000,5.859375
11882,512,3042,5.941406
11883,512,2958,5.777344
11884,512,2958,5.777344
11885,512,3000,5.859375
11886,512,2958,5.777344
11887,512,3000,5.859375
11888,512,3041,5.939453
11889,512,3084,6.023438
11890,512,3000,5.859375
11891,512,3000,5.859375
11892,512,3042,5.941406
11893,512,3083,6.021484
11894,512,3083,6.021484
11895,512,3000,5.859375
11896,512,3041,5.939453
11897,512,3000,5.859375
11898,512,3125,6.103516
11899,512,3084,6.023438
11900,512,2959,5.779297
11901,512,2959,5.779297
11902,512,3041,5.939453
11903,512,3083,6.021484
11904,512,3250,6.347656
11905,512,2958,5.777344
11906,512,3000,5.859375
11907,512,3000,5.859375
11908,512,3042,5.941406
11909,512,3000,5.859375
11910,512,2959,5.779297
11911,512,3000,5.859375
11912,512,3000,5.859375
11913,512,3000,5.859375
11914,512,3125,6.103516
11915,512,3000,5.859375
11916,512,3000,5.859375
11917,512,3042,5.941406
11918,512,3000,5.859375
11919,512,3000,5.859375
11920,512,2917,5.697266
11921,512,3167,6.185547
11922,512,3042,5.941406
11923,512,3083,6.021484
11924,512,2959,5.779297
11925,512,3083,6.021484
11926,512,3000,5.859375
11927,512,3125,6.103516
11928,512,3083,6.021484
11929,512,2958,5.777344
11930,512,3000,5.859375
11931,512,3042,5.941406
11932,512,2916,5.695312
11933,512,3084,6.023438
11934,512,3042,5.941406
11935,512,3083,6.021484
11936,512,3042,5.941406
11937,512,3042,5.941406
11938,512,3084,6.023438
11939,512,3000,5.859375
11940,512,3042,5.941406
11941,512,3083,6.021484
11942,512,2917,5.697266
11943,512,3125,6.103516
11944,512,3125,6.103516
11945,512,3042,5.941406
11946,512,3000,5.859375
11947,512,3084,6.023438
11948,512,3000,5.859375
11949,512,2916,5.695312
11950,512,3042,5.941406
11951,512,3042,5.941406
11952,512,3000,5.859375
11953,512,3041,5.939453
11954,512,3042,5.941406
11955,512,3041,5.939453
11956,512,3084,6.023438
11957,512,3000,5.859375
11958,512,3000,5.859375
11959,512,3084,6.023438
11960,512,3041,5.939453
11961,512,3167,6.185547
11962,512,3000,5.859375
11963,512,3083,6.021484
11964,512,3083,6.021484
11965,512,3084,6.023438
11966,512,3041,5.939453
11967,512,3084,6.023438
11968,512,3000,5.859375
11969,512,3041,5.939453
11970,512,3042,5.941406
11971,512,3041,5.939453
11972,512,2917,5.697266
11973,512,3000,5.859375
11974,512,3042,5.941406
11975,512,3083,6.021484
11976,512,3000,5.859375
11977,512,3084,6.023438
11978,512,3000,5.859375
11979,512,2917,5.697266
11980,512,3125,6.103516
11981,512,3083,6.021484
11982,512,3042,5.941406
11983,512,3083,6.021484
11984,512,3042,5.941406
11985,512,3083,6.021484
11986,512,3000,5.859375
11987,512,3125,6.103516
11988,512,3166,6.183594
11989,512,3042,5.941406
11990,512,3166,6.183594
11991,512,3042,5.941406
11992,512,3125,6.103516
11993,512,3041,5.939453
11994,512,3000,5.859375
11995,512,3000,5.859375
11996,512,3000,5.859375
11997,512,3042,5.941406
11998,512,3084,6.023438
11999,512,3083,6.021484
12000,512,2917,5.697266
12001,512,3083,6.021484
12002,512,3167,6.185547
12003,512,3041,5.939453
12004,512,2958,5.777344
12005,512,3042,5.941406
12006,512,3000,5.859375
12007,512,3042,5.941406
12008,512,3125,6.103516
12009,512,2917,5.697266
12010,512,2958,5.777344
12011,512,3166,6.183594
12012,512,3042,5.941406
12013,512,3084,6.023438
12014,512,3084,6.023438
12015,512,3041,5.939453
12016,512,3167,6.185547
12017,512,3041,5.939453
12018,512,3084,6.023438
12019,512,3041,5.939453
12020,512,3000,5.859375
12021,512,3083,6.021484
12022,512,3167,6.185547
12023,512,3083,6.021484
12024,512,3125,6.103516
12025,512,3084,6.023438
12026,512,3041,5.939453
12027,512,3125,6.103516
12028,512,3250,6.347656
12029,512,3083,6.021484
12030,512,3167,6.185547
12031,512,3000,5.859375
12032,512,3166,6.183594
12033,512,3083,6.021484
12034,512,3125,6.103516
12035,512,3083,6.021484
12036,512,3250,6.347656
12037,512,3042,5.941406
12038,512,3041,5.939453
12039,512,3000,5.859375
12040,512,2958,5.777344
12041,512,3042,5.941406
12042,512,3083,6.021484
12043,512,3208,6.265625
12044,512,3167,6.185547
12045,512,3000,5.859375
12046,512,3041,5.939453
12047,512,3084,6.023438
12048,512,3083,6.021484
12049,512,3000,5.859375
12050,512,3000,5.859375
12051,512,3041,5.939453
12052,512,3000,5.859375
12053,512,3000,5.859375
12054,512,3083,6.021484
12055,512,3042,5.941406
12056,512,2958,5.777344
12057,512,3042,5.941406
12058,512,3083,6.021484
12059,512,3083,6.021484
12060,512,2958,5.777344
12061,512,2958,5.777344
12062,512,3084,6.023438
12063,512,3125,6.103516
12064,512,3084,6.023438
12065,512,3208,6.265625
12066,512,3167,6.185547
12067,512,3041,5.939453
12068,512,3125,6.103516
12069,512,3167,6.185547
12070,512,3208,6.265625
12071,512,3083,6.021484
12072,512,2959,5.779297
12073,512,3000,5.859375
12074,512,3084,6.023438
12075,512,3041,5.939453
12076,512,3125,6.103516
12077,512,3125,6.103516
12078,512,3125,6.103516
12079,512,3000,5.859375
12080,512,3125,6.103516
12081,512,3000,5.859375
12082,512,3208,6.265625
12083,512,3084,6.023438
12084,512,3166,6.183594
12085,512,3042,5.941406
12086,512,3125,6.103516
12087,512,3083,6.021484
12088,512,3167,6.185547
12089,512,3041,5.939453
12090,512,2917,5.697266
12091,512,3042,5.941406
12092,512,3083,6.021484
12093,512,2958,5.777344
12094,512,3125,6.103516
12095,512,3083,6.021484
12096,512,3000,5.859375
12097,512,2958,5.777344
12098,512,3083,6.021484
12099,512,3042,5.941406
12100,512,3042,5.941406
12101,512,3000,5.859375
12102,512,3000,5.859375
12103,512,2959,5.779297
12104,512,3041,5.939453
12105,512,2917,5.697266
12106,512,3000,5.859375
12107,512,3042,5.941406
12108,512,3083,6.021484
12109,512,3000,5.859375
12110,512,3083,6.021484
12111,512,3042,5.941406
12112,512,2958,5.777344
12113,512,3208,6.265625
12114,512,2917,5.697266
12115,512,3041,5.939453
12116,512,2917,5.697266
12117,512,2958,5.777344
12118,512,3084,6.023438
12119,512,3125,6.103516
12120,512,3083,6.021484
12121,512,3167,6.185547
12122,512,3125,6.103516
12123,512,3083,6.021484
12124,512,3083,6.021484
12125,512,3208,6.265625
12126,512,3000,5.859375
12127,512,3041,5.939453
12128,512,3000,5.859375
12129,512,3125,6.103516
12130,512,3000,5.859375
12131,512,3084,6.023438
12132,512,3125,6.103516
12133,512,3167,6.185547
12134,512,3041,5.939453
12135,512,2959,5.779297
12136,512,3084,6.023438
12137,512,2958,5.777344
12138,512,3041,5.939453
12139,512,3042,5.941406
12140,512,2917,5.697266
12141,512,3041,5.939453
12142,512,3000,5.859375
12143,512,3041,5.939453
12144,512,3125,6.103516
12145,512,2959,5.779297
12146,512,3000,5.859375
12147,512,2959,5.779297
12148,512,3042,5.941406
12149,512,3083,6.021484
12150,512,3083,6.021484
12151,512,3042,5.941406
12152,512,3083,6.021484
12153,512,3125,6.103516
12154,512,3125,6.103516
12155,512,3083,6.021484
12156,512,3125,6.103516
12157,512,3166,6.183594
12158,512,3084,6.023438
12159,512,3041,5.939453
12160,512,3375,6.591797
12161,512,3209,6.267578
12162,512,3041,5.939453
12163,512,3084,6.023438
12164,512,3084,6.023438
12165,512,3000,5.859375
12166,512,3041,5.939453
12167,512,3000,5.859375
12168,512,2917,5.697266
12169,512,3083,6.021484
12170,512,3000,5.859375
12171,512,3042,5.941406
12172,512,3041,5.939453
12173,512,3042,5.941406
12174,512,3000,5.859375
12175,512,2916,5.695312
12176,512,3042,5.941406
12177,512,3208,6.265625
12178,512,3084,6.023438
12179,512,3041,5.939453
12180,512,2917,5.697266
12181,512,3000,5.859375
12182,512,3000,5.859375
12183,512,3083,6.021484
12184,512,3000,5.859375
12185,512,2958,5.777344
12186,512,3125,6.103516
12187,512,3000,5.859375
12188,512,3042,5.941406
12189,512,3041,5.939453
12190,512,3084,6.023438
12191,512,2958,5.777344
12192,512,3041,5.939453
12193,512,3084,6.023438
12194,512,3042,5.941406
12195,512,3042,5.941406
12196,512,3000,5.859375
12197,512,3000,5.859375
12198,512,3083,6.021484
12199,512,2959,5.779297
12200,512,3125,6.103516
12201,512,2959,5.779297
12202,512,3000,5.859375
12203,512,3125,6.103516
12204,512,3084,6.023438
12205,512,3083,6.021484
12206,512,2917,5.697266
12207,512,2917,5.697266
12208,512,3042,5.941406
12209,512,3000,5.859375
12210,512,3000,5.859375
12211,512,3083,6.021484
12212,512,3083,6.021484
12213,512,3083,6.021484
12214,512,2959,5.779297
12215,512,3041,5.939453
12216,512,3000,5.859375
12217,512,2959,5.779297
12218,512,3042,5.941406
12219,512,3000,5.859375
12220,512,3125,6.103516
12221,512,3042,5.941406
12222,512,3041,5.939453
12223,512,2917,5.697266
12224,512,3041,5.939453
12225,512,3000,5.859375
12226,512,3125,6.103516
12227,512,2958,5.777344
12228,512,3042,5.941406
12229,512,3167,6.185547
12230,512,3083,6.021484
12231,512,3083,6.021484
12232,512,3125,6.103516
12233,512,2916,5.695312
12234,512,3042,5.941406
12235,512,2959,5.779297
12236,512,3000,5.859375
12237,512,3000,5.859375
12238,512,2958,5.777344
12239,512,3125,6.103516
12240,512,3084,6.023438
12241,512,3125,6.103516
12242,512,3041,5.939453
12243,512,3000,5.859375
12244,512,2917,5.697266
12245,512,2958,5.777344
12246,512,2958,5.777344
12247,512,3042,5.941406
12248,512,3083,6.021484
12249,512,2917,5.697266
12250,512,3041,5.939453
12251,512,3042,5.941406
12252,512,2958,5.777344
12253,512,2958,5.777344
12254,512,3125,6.103516
12255,512,3042,5.941406
12256,512,3083,6.021484
12257,512,3167,6.185547
12258,512,3041,5.939453
12259,512,3084,6.023438
12260,512,3084,6.023438
12261,512,3000,5.859375
12262,512,2958,5.777344
12263,512,3083,6.021484
12264,512,3125,6.103516
12265,512,3042,5.941406
12266,512,3000,5.859375
12267,512,3125,6.103516
12268,512,3041,5.939453
12269,512,3084,6.023438
12270,512,3041,5.939453
12271,512,3084,6.023438
12272,512,2959,5.779297
12273,512,2959,5.779297
12274,512,3042,5.941406
12275,512,3125,6.103516
12276,512,3000,5.859375
12277,512,3125,6.103516
12278,512,3083,6.021484
12279,512,3167,6.185547
12280,512,3125,6.103516
12281,512,2958,5.777344
12282,512,3083,6.021484
12283,512,3125,6.103516
12284,512,3125,6.103516
12285,512,2916,5.695312
12286,512,3000,5.859375
12287,512,3042,5.941406
12288,512,3083,6.021484
12289,512,3083,6.021484
12290,512,3250,6.347656
12291,512,3000,5.859375
12292,512,3208,6.265625
12293,512,3083,6.021484
12294,512,3000,5.859375
12295,512,3084,6.023438
12296,512,3083,6.021484
12297,512,3000,5.859375
12298,512,3041,5.939453
12299,512,3125,6.103516
12300,512,3000,5.859375
12301,512,3125,6.103516
12302,512,3042,5.941406
12303,512,3083,6.021484
12304,512,2958,5.777344
12305,512,3000,5.859375
12306,512,3042,5.941406
12307,512,3125,6.103516
12308,512,2917,5.697266
12309,512,3166,6.183594
12310,512,3000,5.859375
12311,512,3167,6.185547
12312,512,3041,5.939453
12313,512,3209,6.267578
12314,512,3000,5.859375
12315,512,3125,6.103516
12316,512,3000,5.859375
12317,512,3125,6.103516
12318,512,3000,5.859375
12319,512,3042,5.941406
12320,512,3084,6.023438
12321,512,2958,5.777344
12322,512,3000,5.859375
12323,512,2958,5.777344
12324,512,3083,6.021484
12325,512,3125,6.103516
12326,512,3083,6.021484
12327,512,3084,6.023438
12328,512,3083,6.021484
12329,512,3000,5.859375
12330,512,3083,6.021484
12331,512,3083,6.021484
12332,512,3000,5.859375
12333,512,3042,5.941406
12334,512,3041,5.939453
12335,512,3125,6.103516
12336,512,3000,5.859375
12337,512,3083,6.021484
12338,512,3000,5.859375
12339,512,3000,5.859375
12340,512,3041,5.939453
12341,512,3042,5.941406
12342,512,2959,5.779297
12343,512,3083,6.021484
12344,512,3125,6.103516
12345,512,3083,6.021484
12346,512,3084,6.023438
12347,512,3167,6.185547
12348,512,3125,6.103516
12349,512,3041,5.939453
12350,512,2959,5.779297
12351,512,3000,5.859375
12352,512,3208,6.265625
12353,512,3000,5.859375
12354,512,3083,6.021484
12355,512,3000,5.859375
12356,512,3000,5.859375
12357,512,3041,5.939453
12358,512,3125,6.103516
12359,512,3042,5.941406
12360,512,3125,6.103516
12361,512,2917,5.697266
12362,512,2958,5.777344
12363,512,3000,5.859375
12364,512,3084,6.023438
12365,512,3125,6.103516
12366,512,3084,6.023438
12367,512,3166,6.183594
12368,512,3000,5.859375
12369,512,3125,6.103516
12370,512,3041,5.939453
12371,512,3042,5.941406
12372,512,2959,5.779297
12373,512,3041,5.939453
12374,512,3125,6.103516
12375,512,3041,5.939453
12376,512,3000,5.859375
12377,512,3000,5.859375
12378,512,3125,6.103516
12379,512,3042,5.941406
12380,512,3083,6.021484
12381,512,3000,5.859375
12382,512,2958,5.777344
12383,512,3041,5.939453
12384,512,2917,5.697266
12385,512,3000,5.859375
12386,512,3166,6.183594
12387,512,3125,6.103516
12388,512,3084,6.023438
12389,512,3041,5.939453
12390,512,3000,5.859375
12391,512,3000,5.859375
12392,512,3000,5.859375
12393,512,3166,6.183594
12394,512,3084,6.023438
12395,512,3042,5.941406
12396,512,3000,5.859375
12397,512,3083,6.021484
12398,512,3000,5.859375
12399,512,3083,6.021484
12400,512,3000,5.859375
12401,512,3125,6.103516
12402,512,3084,6.023438
12403,512,3041,5.939453
12404,512,3209,6.267578
12405,512,3041,5.939453
12406,512,3000,5.859375
12407,512,3125,6.103516
12408,512,3083,6.021484
12409,512,3083,6.021484
12410,512,3042,5.941406
12411,512,3083,6.021484
12412,512,3084,6.023438
12413,512,3042,5.941406
12414,512,3042,5.941406
12415,512,3125,6.103516
12416,512,3292,6.429688
12417,512,3125,6.103516
12418,512,3042,5.941406
12419,512,3042,5.941406
12420,512,3208,6.265625
12421,512,3125,6.103516
12422,512,3000,5.859375
12423,512,3083,6.021484
12424,512,2958,5.777344
12425,512,3167,6.185547
12426,512,2875,5.615234
12427,512,3042,5.941406
12428,512,3292,6.429688
12429,512,3125,6.103516
12430,512,3000,5.859375
12431,512,3208,6.265625
12432,512,3083,6.021484
12433,512,3167,6.185547
12434,512,3250,6.347656
12435,512,3125,6.103516
12436,512,2958,5.777344
12437,512,3083,6.021484
12438,512,2959,5.779297
12439,512,3000,5.859375
12440,512,2917,5.697266
12441,512,2959,5.779297
12442,512,3000,5.859375
12443,512,3000,5.859375
12444,512,3125,6.103516
12445,512,3167,6.185547
12446,512,3042,5.941406
12447,512,3125,6.103516
12448,512,2958,5.777344
12449,512,2959,5.779297
12450,512,2959,5.779297
12451,512,2958,5.777344
12452,512,2916,5.695312
12453,512,3000,5.859375
12454,512,3042,5.941406
12455,512,3000,5.859375
12456,512,3000,5.859375
12457,512,2958,5.777344
12458,512,3042,5.941406
12459,512,3042,5.941406
12460,512,3042,5.941406
12461,512,2958,5.777344
12462,512,3083,6.021484
12463,512,3125,6.103516
12464,512,3000,5.859375
12465,512,3000,5.859375
12466,512,3000,5.859375
12467,512,3084,6.023438
12468,512,3000,5.859375
12469,512,3084,6.023438
12470,512,3084,6.023438
12471,512,3083,6.021484
12472,512,2958,5.777344
12473,512,3000,5.859375
12474,512,3125,6.103516
12475,512,3042,5.941406
12476,512,3000,5.859375
12477,512,3125,6.103516
12478,512,3042,5.941406
12479,512,2958,5.777344
12480,512,3083,6.021484
12481,512,3042,5.941406
12482,512,3000,5.859375
12483,512,3000,5.859375
12484,512,2958,5.777344
12485,512,2959,5.779297
12486,512,3041,5.939453
12487,512,3125,6.103516
12488,512,3083,6.021484
12489,512,3084,6.023438
12490,512,2916,5.695312
12491,512,3084,6.023438
12492,512,3042,5.941406
12493,512,3041,5.939453
12494,512,2958,5.777344
12495,512,3042,5.941406
12496,512,3125,6.103516
12497,512,3041,5.939453
12498,512,3125,6.103516
12499,512,2917,5.697266
12500,512,3125,6.103516
12501,512,3041,5.939453
12502,512,3167,6.185547
12503,512,3125,6.103516
12504,512,3000,5.859375
12505,512,3042,5.941406
12506,512,3125,6.103516
12507,512,3125,6.103516
12508,512,2958,5.777344
12509,512,3125,6.103516
12510,512,3000,5.859375
12511,512,2875,5.615234
12512,512,3125,6.103516
12513,512,3042,5.941406
12514,512,3083,6.021484
12515,512,3041,5.939453
12516,512,3083,6.021484
12517,512,3167,6.185547
12518,512,3042,5.941406
12519,512,2917,5.697266
12520,512,3125,6.103516
12521,512,3083,6.021484
12522,512,3042,5.941406
12523,512,3083,6.021484
12524,512,2958,5.777344
12525,512,13042,25.472656
12526,512,3125,6.103516
12527,512,3041,5.939453
12528,512,2958,5.777344
12529,512,3000,5.859375
12530,512,3084,6.023438
12531,512,3042,5.941406
12532,512,3042,5.941406
12533,512,3084,6.023438
12534,512,3041,5.939453
12535,512,3084,6.023438
12536,512,3084,6.023438
12537,512,3084,6.023438
12538,512,3125,6.103516
12539,512,3125,6.103516
12540,512,3209,6.267578
12541,512,2958,5.777344
12542,512,3041,5.939453
12543,512,3042,5.941406
12544,512,3250,6.347656
12545,512,3042,5.941406
12546,512,2958,5.777344
12547,512,3042,5.941406
12548,512,3084,6.023438
12549,512,3000,5.859375
12550,512,3000,5.859375
12551,512,3084,6.023438
12552,512,3000,5.859375
12553,512,3042,5.941406
12554,512,3083,6.021484
12555,512,3000,5.859375
12556,512,2916,5.695312
12557,512,3000,5.859375
12558,512,3166,6.183594
12559,512,3125,6.103516
12560,512,3125,6.103516
12561,512,3125,6.103516
12562,512,3083,6.021484
12563,512,2959,5.779297
12564,512,3167,6.185547
12565,512,3208,6.265625
12566,512,3084,6.023438
12567,512,3208,6.265625
12568,512,2875,5.615234
12569,512,3084,6.023438
12570,512,3208,6.265625
12571,512,2958,5.777344
12572,512,3041,5.939453
12573,512,3209,6.267578
12574,512,3042,5.941406
12575,512,3167,6.185547
12576,512,3084,6.023438
12577,512,3041,5.939453
12578,512,3209,6.267578
12579,512,3084,6.023438
12580,512,2916,5.695312
12581,512,3000,5.859375
12582,512,3208,6.265625
12583,512,3208,6.265625
12584,512,3084,6.023438
12585,512,3125,6.103516
12586,512,3041,5.939453
12587,512,3042,5.941406
12588,512,2959,5.779297
12589,512,3416,6.671875
12590,512,4292,8.382812
12591,512,3791,7.404297
12592,512,3875,7.568359
12593,512,3875,7.568359
12594,512,3958,7.730469
12595,512,3583,6.998047
12596,512,3084,6.023438
12597,512,2959,5.779297
12598,512,3125,6.103516
12599,512,3042,5.941406
12600,512,3083,6.021484
12601,512,3500,6.835938
12602,512,4125,8.056641
12603,512,3958,7.730469
12604,512,3875,7.568359
12605,512,3958,7.730469
12606,512,4042,7.894531
12607,512,3833,7.486328
12608,512,3333,6.509766
12609,512,3166,6.183594
12610,512,3209,6.267578
12611,512,3167,6.185547
12612,512,3166,6.183594
12613,512,3458,6.753906
12614,512,3292,6.429688
12615,512,3125,6.103516
12616,512,3125,6.103516
12617,512,3041,5.939453
12618,512,3042,5.941406
12619,512,3083,6.021484
12620,512,3083,6.021484
12621,512,3042,5.941406
12622,512,3000,5.859375
12623,512,3167,6.185547
12624,512,3125,6.103516
12625,512,3125,6.103516
12626,512,3166,6.183594
12627,512,3125,6.103516
12628,512,3084,6.023438
12629,512,3000,5.859375
12630,512,3000,5.859375
12631,512,3041,5.939453
12632,512,3125,6.103516
12633,512,3042,5.941406
12634,512,3125,6.103516
12635,512,3083,6.021484
12636,512,3292,6.429688
12637,512,3083,6.021484
12638,512,3250,6.347656
12639,512,3166,6.183594
12640,512,3167,6.185547
12641,512,3125,6.103516
12642,512,3166,6.183594
12643,512,3042,5.941406
12644,512,3083,6.021484
12645,512,3125,6.103516
12646,512,3083,6.021484
12647,512,4125,8.056641
12648,512,3959,7.732422
12649,512,3875,7.568359
12650,512,4000,7.812500
12651,512,3750,7.324219
12652,512,3125,6.103516
12653,512,3292,6.429688
12654,512,3083,6.021484
12655,512,3208,6.265625
12656,512,3208,6.265625
12657,512,3125,6.103516
12658,512,3167,6.185547
12659,512,3458,6.753906
12660,512,3250,6.347656
12661,512,3125,6.103516
12662,512,3042,5.941406
12663,512,3167,6.185547
12664,512,3167,6.185547
12665,512,3583,6.998047
12666,512,3167,6.185547
12667,512,3208,6.265625
12668,512,3167,6.185547
12669,512,3166,6.183594
12670,512,3000,5.859375
12671,512,3208,6.265625
12672,512,3125,6.103516
12673,512,3083,6.021484
12674,512,3042,5.941406
12675,512,3083,6.021484
12676,512,3125,6.103516
12677,512,3083,6.021484
12678,512,3084,6.023438
12679,512,3166,6.183594
12680,512,2959,5.779297
12681,512,3125,6.103516
12682,512,3125,6.103516
12683,512,3083,6.021484
12684,512,3084,6.023438
12685,512,3083,6.021484
12686,512,3083,6.021484
12687,512,3083,6.021484
12688,512,3042,5.941406
12689,512,3125,6.103516
12690,512,3166,6.183594
12691,512,3042,5.941406
12692,512,3125,6.103516
12693,512,3083,6.021484
12694,512,3208,6.265625
12695,512,3042,5.941406
12696,512,3208,6.265625
12697,512,3166,6.183594
12698,512,3209,6.267578
12699,512,3042,5.941406
12700,512,3000,5.859375
12701,512,3125,6.103516
12702,512,3250,6.347656
12703,512,3125,6.103516
12704,512,3042,5.941406
12705,512,3166,6.183594
12706,512,3083,6.021484
12707,512,3042,5.941406
12708,512,3125,6.103516
12709,512,3167,6.185547
12710,512,3208,6.265625
12711,512,3083,6.021484
12712,512,3000,5.859375
12713,512,3000,5.859375
12714,512,3083,6.021484
12715,512,3083,6.021484
12716,512,3000,5.859375
12717,512,3083,6.021484
12718,512,3083,6.021484
12719,512,3167,6.185547
12720,512,3125,6.103516
12721,512,3125,6.103516
12722,512,3208,6.265625
12723,512,3125,6.103516
12724,512,3083,6.021484
12725,512,3125,6.103516
12726,512,3084,6.023438
12727,512,3125,6.103516
12728,512,3125,6.103516
12729,512,3125,6.103516
12730,512,3167,6.185547
12731,512,3125,6.103516
12732,512,3000,5.859375
12733,512,3250,6.347656
12734,512,3125,6.103516
12735,512,3084,6.023438
12736,512,3084,6.023438
12737,512,3084,6.023438
12738,512,3292,6.429688
12739,512,2958,5.777344
12740,512,2959,5.779297
12741,512,3041,5.939453
12742,512,3167,6.185547
12743,512,3125,6.103516
12744,512,3042,5.941406
12745,512,3000,5.859375
12746,512,3041,5.939453
12747,512,3167,6.185547
12748,512,3000,5.859375
12749,512,3041,5.939453
12750,512,3083,6.021484
12751,512,3167,6.185547
12752,512,3083,6.021484
12753,512,3042,5.941406
12754,512,3208,6.265625
12755,512,2916,5.695312
12756,512,3208,6.265625
12757,512,3167,6.185547
12758,512,3125,6.103516
12759,512,3125,6.103516
12760,512,3084,6.023438
12761,512,3083,6.021484
12762,512,3125,6.103516
12763,512,3208,6.265625
12764,512,3125,6.103516
12765,512,3167,6.185547
12766,512,3125,6.103516
12767,512,3166,6.183594
12768,512,3167,6.185547
12769,512,3125,6.103516
12770,512,3041,5.939453
12771,512,3125,6.103516
12772,512,3083,6.021484
12773,512,3208,6.265625
12774,512,3084,6.023438
12775,512,3083,6.021484
12776,512,3125,6.103516
12777,512,3041,5.939453
12778,512,3125,6.103516
12779,512,3125,6.103516
12780,512,3125,6.103516
12781,512,2958,5.777344
12782,512,3125,6.103516
12783,512,3000,5.859375
12784,512,3083,6.021484
12785,512,3083,6.021484
12786,512,3041,5.939453
12787,512,3000,5.859375
12788,512,3000,5.859375
12789,512,3000,5.859375
12790,512,3166,6.183594
12791,512,3000,5.859375
12792,512,3208,6.265625
12793,512,3083,6.021484
12794,512,3167,6.185547
12795,512,3125,6.103516
12796,512,3000,5.859375
12797,512,3000,5.859375
12798,512,3125,6.103516
12799,512,3000,5.859375
12800,512,3208,6.265625
12801,512,3042,5.941406
12802,512,3166,6.183594
12803,512,3084,6.023438
12804,512,3083,6.021484
12805,512,3125,6.103516
12806,512,3041,5.939453
12807,512,3167,6.185547
12808,512,3208,6.265625
12809,512,3209,6.267578
12810,512,3125,6.103516
12811,512,3083,6.021484
12812,512,3166,6.183594
12813,512,3084,6.023438
12814,512,3208,6.265625
12815,512,3125,6.103516
12816,512,3083,6.021484
12817,512,3042,5.941406
12818,512,3083,6.021484
12819,512,3000,5.859375
12820,512,3042,5.941406
12821,512,3083,6.021484
12822,512,3167,6.185547
12823,512,3084,6.023438
12824,512,3041,5.939453
12825,512,3167,6.185547
12826,512,3125,6.103516
12827,512,3125,6.103516
12828,512,3042,5.941406
12829,512,3125,6.103516
12830,512,3000,5.859375
12831,512,3250,6.347656
12832,512,3041,5.939453
12833,512,3167,6.185547
12834,512,3083,6.021484
12835,512,3000,5.859375
12836,512,3042,5.941406
12837,512,2958,5.777344
12838,512,3125,6.103516
12839,512,3041,5.939453
12840,512,3083,6.021484
12841,512,3042,5.941406
12842,512,3125,6.103516
12843,512,3125,6.103516
12844,512,3042,5.941406
12845,512,3084,6.023438
12846,512,3042,5.941406
12847,512,3125,6.103516
12848,512,2958,5.777344
12849,512,3083,6.021484
12850,512,3125,6.103516
12851,512,3167,6.185547
12852,512,3125,6.103516
12853,512,3208,6.265625
12854,512,3042,5.941406
12855,512,3042,5.941406
12856,512,3250,6.347656
12857,512,3166,6.183594
12858,512,3084,6.023438
12859,512,3000,5.859375
12860,512,3000,5.859375
12861,512,3208,6.265625
12862,512,3167,6.185547
12863,512,3167,6.185547
12864,512,3167,6.185547
12865,512,3083,6.021484
12866,512,3125,6.103516
12867,512,3209,6.267578
12868,512,3084,6.023438
12869,512,3083,6.021484
12870,512,3125,6.103516
12871,512,3125,6.103516
12872,512,3125,6.103516
12873,512,3166,6.183594
12874,512,3084,6.023438
12875,512,3084,6.023438
12876,512,3084,6.023438
12877,512,3125,6.103516
12878,512,3125,6.103516
12879,512,3167,6.185547
12880,512,3250,6.347656
12881,512,3125,6.103516
12882,512,3000,5.859375
12883,512,3083,6.021484
12884,512,3083,6.021484
12885,512,3167,6.185547
12886,512,3041,5.939453
12887,512,3209,6.267578
12888,512,3042,5.941406
12889,512,3042,5.941406
12890,512,3041,5.939453
12891,512,3167,6.185547
12892,512,3041,5.939453
12893,512,3042,5.941406
12894,512,3083,6.021484
12895,512,3250,6.347656
12896,512,3042,5.941406
12897,512,3125,6.103516
12898,512,3084,6.023438
12899,512,3041,5.939453
12900,512,3208,6.265625
12901,512,3125,6.103516
12902,512,3208,6.265625
12903,512,3167,6.185547
12904,512,3083,6.021484
12905,512,3167,6.185547
12906,512,3125,6.103516
12907,512,3084,6.023438
12908,512,3083,6.021484
12909,512,3083,6.021484
12910,512,3125,6.103516
12911,512,3208,6.265625
12912,512,3167,6.185547
12913,512,3125,6.103516
12914,512,3125,6.103516
12915,512,3125,6.103516
12916,512,3125,6.103516
12917,512,3209,6.267578
12918,512,3125,6.103516
12919,512,3083,6.021484
12920,512,3167,6.185547
12921,512,3166,6.183594
12922,512,3084,6.023438
12923,512,3041,5.939453
12924,512,3167,6.185547
12925,512,3208,6.265625
12926,512,3083,6.021484
12927,512,3083,6.021484
12928,512,3583,6.998047
12929,512,3000,5.859375
12930,512,3042,5.941406
12931,512,3084,6.023438
12932,512,3042,5.941406
12933,512,2875,5.615234
12934,512,3125,6.103516
12935,512,3209,6.267578
12936,512,3125,6.103516
12937,512,3000,5.859375
12938,512,3042,5.941406
12939,512,3084,6.023438
12940,512,3041,5.939453
12941,512,3084,6.023438
12942,512,3166,6.183594
12943,512,3167,6.185547
12944,512,3125,6.103516
12945,512,2916,5.695312
12946,512,3042,5.941406
12947,512,3125,6.103516
12948,512,3250,6.347656
12949,512,3125,6.103516
12950,512,3208,6.265625
12951,512,3083,6.021484
12952,512,3000,5.859375
12953,512,3125,6.103516
12954,512,3292,6.429688
12955,512,3125,6.103516
12956,512,3000,5.859375
12957,512,3167,6.185547
12958,512,2917,5.697266
12959,512,3000,5.859375
12960,512,3125,6.103516
12961,512,3125,6.103516
12962,512,3166,6.183594
12963,512,3042,5.941406
12964,512,3209,6.267578
12965,512,3083,6.021484
12966,512,3125,6.103516
12967,512,3083,6.021484
12968,512,3125,6.103516
12969,512,3167,6.185547
12970,512,3166,6.183594
12971,512,3167,6.185547
12972,512,3083,6.021484
12973,512,3083,6.021484
12974,512,3042,5.941406
12975,512,3083,6.021484
12976,512,3166,6.183594
12977,512,3083,6.021484
12978,512,3125,6.103516
12979,512,3000,5.859375
12980,512,3166,6.183594
12981,512,3125,6.103516
12982,512,3084,6.023438
12983,512,3167,6.185547
12984,512,3125,6.103516
12985,512,3125,6.103516
12986,512,3000,5.859375
12987,512,3042,5.941406
12988,512,3041,5.939453
12989,512,3125,6.103516
12990,512,3000,5.859375
12991,512,3166,6.183594
12992,512,3084,6.023438
12993,512,3083,6.021484
12994,512,3042,5.941406
12995,512,3084,6.023438
12996,512,2916,5.695312
12997,512,3084,6.023438
12998,512,3209,6.267578
12999,512,3125,6.103516
13000,512,3000,5.859375
13001,512,3000,5.859375
13002,512,3083,6.021484
13003,512,3125,6.103516
13004,512,3083,6.021484
13005,512,3209,6.267578
13006,512,3084,6.023438
13007,512,3083,6.021484
13008,512,3083,6.021484
13009,512,3250,6.347656
13010,512,3041,5.939453
13011,512,3000,5.859375
13012,512,3125,6.103516
13013,512,3125,6.103516
13014,512,3083,6.021484
13015,512,3084,6.023438
13016,512,3166,6.183594
13017,512,3000,5.859375
13018,512,3208,6.265625
13019,512,3000,5.859375
13020,512,3125,6.103516
13021,512,3000,5.859375
13022,512,3000,5.859375
13023,512,3208,6.265625
13024,512,3167,6.185547
13025,512,3125,6.103516
13026,512,3125,6.103516
13027,512,3208,6.265625
13028,512,3250,6.347656
13029,512,3250,6.347656
13030,512,3084,6.023438
13031,512,3042,5.941406
13032,512,3083,6.021484
13033,512,3083,6.021484
13034,512,3084,6.023438
13035,512,3083,6.021484
13036,512,3125,6.103516
13037,512,3125,6.103516
13038,512,3041,5.939453
13039,512,3167,6.185547
13040,512,3167,6.185547
13041,512,3125,6.103516
13042,512,3208,6.265625
13043,512,3083,6.021484
13044,512,3125,6.103516
13045,512,3042,5.941406
13046,512,3000,5.859375
13047,512,3167,6.185547
13048,512,3084,6.023438
13049,512,3084,6.023438
13050,512,3041,5.939453
13051,512,3125,6.103516
13052,512,3167,6.185547
13053,512,3000,5.859375
13054,512,3167,6.185547
13055,512,3167,6.185547
13056,512,3125,6.103516
13057,512,3291,6.427734
13058,512,3083,6.021484
13059,512,2958,5.777344
13060,512,3209,6.267578
13061,512,2875,5.615234
13062,512,3167,6.185547
13063,512,3083,6.021484
13064,512,3125,6.103516
13065,512,3167,6.185547
13066,512,3083,6.021484
13067,512,3125,6.103516
13068,512,3084,6.023438
13069,512,3084,6.023438
13070,512,3125,6.103516
13071,512,3083,6.021484
13072,512,3125,6.103516
13073,512,3042,5.941406
13074,512,3041,5.939453
13075,512,3084,6.023438
13076,512,3167,6.185547
13077,512,3042,5.941406
13078,512,3125,6.103516
13079,512,3167,6.185547
13080,512,3208,6.265625
13081,512,2917,5.697266
13082,512,3208,6.265625
13083,512,3083,6.021484
13084,512,3167,6.185547
13085,512,3167,6.185547
13086,512,3125,6.103516
13087,512,3208,6.265625
13088,512,3166,6.183594
13089,512,3084,6.023438
13090,512,3083,6.021484
13091,512,3041,5.939453
13092,512,3167,6.185547
13093,512,3125,6.103516
13094,512,3084,6.023438
13095,512,3166,6.183594
13096,512,3167,6.185547
13097,512,3041,5.939453
13098,512,3167,6.185547
13099,512,3083,6.021484
13100,512,3083,6.021484
13101,512,3125,6.103516
13102,512,3084,6.023438
13103,512,3084,6.023438
13104,512,3083,6.021484
13105,512,3041,5.939453
13106,512,3125,6.103516
13107,512,3084,6.023438
13108,512,3084,6.023438
13109,512,3166,6.183594
13110,512,3083,6.021484
13111,512,3125,6.103516
13112,512,3209,6.267578
13113,512,3083,6.021484
13114,512,3125,6.103516
13115,512,3042,5.941406
13116,512,3083,6.021484
13117,512,3167,6.185547
13118,512,3084,6.023438
13119,512,3167,6.185547
13120,512,3083,6.021484
13121,512,3083,6.021484
13122,512,3209,6.267578
13123,512,3041,5.939453
13124,512,3042,5.941406
13125,512,3042,5.941406
13126,512,3125,6.103516
13127,512,3125,6.103516
13128,512,3167,6.185547
13129,512,3000,5.859375
13130,512,3125,6.103516
13131,512,3125,6.103516
13132,512,3000,5.859375
13133,512,3125,6.103516
13134,512,3125,6.103516
13135,512,3250,6.347656
13136,512,3167,6.185547
13137,512,3208,6.265625
13138,512,3084,6.023438
13139,512,3083,6.021484
13140,512,3166,6.183594
13141,512,3083,6.021484
13142,512,3084,6.023438
13143,512,3125,6.103516
13144,512,3125,6.103516
13145,512,3167,6.185547
13146,512,3166,6.183594
13147,512,3167,6.185547
13148,512,3083,6.021484
13149,512,3083,6.021484
13150,512,3042,5.941406
13151,512,3083,6.021484
13152,512,3083,6.021484
13153,512,3083,6.021484
13154,512,3084,6.023438
13155,512,3125,6.103516
13156,512,3167,6.185547
13157,512,3041,5.939453
13158,512,3125,6.103516
13159,512,3000,5.859375
13160,512,3084,6.023438
13161,512,3208,6.265625
13162,512,3083,6.021484
13163,512,3125,6.103516
13164,512,3000,5.859375
13165,512,3083,6.021484
13166,512,3084,6.023438
13167,512,3125,6.103516
13168,512,3042,5.941406
13169,512,3083,6.021484
13170,512,3166,6.183594
13171,512,3209,6.267578
13172,512,3250,6.347656
13173,512,2958,5.777344
13174,512,3250,6.347656
13175,512,3250,6.347656
13176,512,3166,6.183594
13177,512,3125,6.103516
13178,512,3125,6.103516
13179,512,3083,6.021484
13180,512,3084,6.023438
13181,512,3166,6.183594
13182,512,3000,5.859375
13183,512,3084,6.023438
13184,512,3417,6.673828
13185,512,3042,5.941406
13186,512,3125,6.103516
13187,512,3084,6.023438
13188,512,3041,5.939453
13189,512,3167,6.185547
13190,512,3083,6.021484
13191,512,3083,6.021484
13192,512,3167,6.185547
13193,512,3125,6.103516
13194,512,3167,6.185547
13195,512,3083,6.021484
13196,512,3000,5.859375
13197,512,3042,5.941406
13198,512,3166,6.183594
13199,512,3167,6.185547
13200,512,3166,6.183594
13201,512,3084,6.023438
13202,512,3250,6.347656
13203,512,3084,6.023438
13204,512,3125,6.103516
13205,512,3125,6.103516
13206,512,3125,6.103516
13207,512,3084,6.023438
13208,512,3041,5.939453
13209,512,3125,6.103516
13210,512,3125,6.103516
13211,512,3125,6.103516
13212,512,3042,5.941406
13213,512,3042,5.941406
13214,512,3083,6.021484
13215,512,3083,6.021484
13216,512,3208,6.265625
13217,512,3125,6.103516
13218,512,3042,5.941406
13219,512,3084,6.023438
13220,512,3084,6.023438
13221,512,3042,5.941406
13222,512,3000,5.859375
13223,512,3000,5.859375
13224,512,3083,6.021484
13225,512,3167,6.185547
13226,512,3166,6.183594
13227,512,3000,5.859375
13228,512,3000,5.859375
13229,512,3041,5.939453
13230,512,3167,6.185547
13231,512,3125,6.103516
13232,512,3042,5.941406
13233,512,3125,6.103516
13234,512,3166,6.183594
13235,512,3084,6.023438
13236,512,3042,5.941406
13237,512,3083,6.021484
13238,512,2917,5.697266
13239,512,3167,6.185547
13240,512,3125,6.103516
13241,512,3208,6.265625
13242,512,3042,5.941406
13243,512,3125,6.103516
13244,512,3083,6.021484
13245,512,3084,6.023438
13246,512,3125,6.103516
13247,512,2959,5.779297
13248,512,3084,6.023438
13249,512,3125,6.103516
13250,512,2959,5.779297
13251,512,3000,5.859375
13252,512,3125,6.103516
13253,512,3167,6.185547
13254,512,3208,6.265625
13255,512,3167,6.185547
13256,512,3166,6.183594
13257,512,3042,5.941406
13258,512,3125,6.103516
13259,512,3083,6.021484
13260,512,3208,6.265625
13261,512,2958,5.777344
13262,512,3084,6.023438
13263,512,3000,5.859375
13264,512,3125,6.103516
13265,512,3084,6.023438
13266,512,3125,6.103516
13267,512,3125,6.103516
13268,512,3083,6.021484
13269,512,3000,5.859375
13270,512,3125,6.103516
13271,512,3084,6.023438
13272,512,3042,5.941406
13273,512,3125,6.103516
13274,512,3250,6.347656
13275,512,3041,5.939453
13276,512,2959,5.779297
13277,512,2959,5.779297
13278,512,2916,5.695312
13279,512,3084,6.023438
13280,512,3125,6.103516
13281,512,12084,23.601562
13282,512,3125,6.103516
13283,512,3208,6.265625
13284,512,3042,5.941406
13285,512,3083,6.021484
13286,512,3083,6.021484
13287,512,2958,5.777344
13288,512,3125,6.103516
13289,512,3042,5.941406
13290,512,3084,6.023438
13291,512,3084,6.023438
13292,512,3083,6.021484
13293,512,3041,5.939453
13294,512,3167,6.185547
13295,512,3125,6.103516
13296,512,3041,5.939453
13297,512,3084,6.023438
13298,512,3292,6.429688
13299,512,3083,6.021484
13300,512,3084,6.023438
13301,512,3125,6.103516
13302,512,3125,6.103516
13303,512,3042,5.941406
13304,512,3042,5.941406
13305,512,3084,6.023438
13306,512,3041,5.939453
13307,512,3000,5.859375
13308,512,3083,6.021484
13309,512,3042,5.941406
13310,512,3166,6.183594
13311,512,3084,6.023438
13312,512,3208,6.265625
13313,512,3167,6.185547
13314,512,3125,6.103516
13315,512,3042,5.941406
13316,512,3125,6.103516
13317,512,3125,6.103516
13318,512,3166,6.183594
13319,512,3125,6.103516
13320,512,3167,6.185547
13321,512,3084,6.023438
13322,512,3167,6.185547
13323,512,3042,5.941406
13324,512,3041,5.939453
13325,512,3083,6.021484
13326,512,3125,6.103516
13327,512,3000,5.859375
13328,512,3166,6.183594
13329,512,3084,6.023438
13330,512,3084,6.023438
13331,512,3083,6.021484
13332,512,3083,6.021484
13333,512,3125,6.103516
13334,512,3084,6.023438
13335,512,3083,6.021484
13336,512,3000,5.859375
13337,512,3125,6.103516
13338,512,3167,6.185547
13339,512,3166,6.183594
13340,512,3125,6.103516
13341,512,3042,5.941406
13342,512,3125,6.103516
13343,512,3125,6.103516
13344,512,3084,6.023438
13345,512,3041,5.939453
13346,512,3167,6.185547
13347,512,3083,6.021484
13348,512,3125,6.103516
13349,512,3083,6.021484
13350,512,3166,6.183594
13351,512,3250,6.347656
13352,512,3125,6.103516
13353,512,3084,6.023438
13354,512,3041,5.939453
13355,512,3125,6.103516
13356,512,3166,6.183594
13357,512,3084,6.023438
13358,512,3084,6.023438
13359,512,3041,5.939453
13360,512,3083,6.021484
13361,512,3250,6.347656
13362,512,3000,5.859375
13363,512,3000,5.859375
13364,512,3167,6.185547
13365,512,3125,6.103516
13366,512,3125,6.103516
13367,512,3000,5.859375
13368,512,3000,5.859375
13369,512,3250,6.347656
13370,512,3209,6.267578
13371,512,3083,6.021484
13372,512,3125,6.103516
13373,512,3125,6.103516
13374,512,2958,5.777344
13375,512,3167,6.185547
13376,512,3125,6.103516
13377,512,3084,6.023438
13378,512,3000,5.859375
13379,512,3000,5.859375
13380,512,3083,6.021484
13381,512,3250,6.347656
13382,512,3041,5.939453
13383,512,3084,6.023438
13384,512,3125,6.103516
13385,512,3000,5.859375
13386,512,3125,6.103516
13387,512,3083,6.021484
13388,512,3042,5.941406
13389,512,3083,6.021484
13390,512,3167,6.185547
13391,512,3125,6.103516
13392,512,3042,5.941406
13393,512,3291,6.427734
13394,512,3167,6.185547
13395,512,3042,5.941406
13396,512,3084,6.023438
13397,512,3041,5.939453
13398,512,3209,6.267578
13399,512,2958,5.777344
13400,512,2958,5.777344
13401,512,3208,6.265625
13402,512,3000,5.859375
13403,512,3042,5.941406
13404,512,3042,5.941406
13405,512,3125,6.103516
13406,512,3209,6.267578
13407,512,3166,6.183594
13408,512,3167,6.185547
13409,512,3166,6.183594
13410,512,3167,6.185547
13411,512,3167,6.185547
13412,512,3042,5.941406
13413,512,3208,6.265625
13414,512,3042,5.941406
13415,512,3084,6.023438
13416,512,3125,6.103516
13417,512,3083,6.021484
13418,512,3083,6.021484
13419,512,3166,6.183594
13420,512,3125,6.103516
13421,512,3042,5.941406
13422,512,3042,5.941406
13423,512,3125,6.103516
13424,512,3000,5.859375
13425,512,3125,6.103516
13426,512,3167,6.185547
13427,512,3042,5.941406
13428,512,3083,6.021484
13429,512,3167,6.185547
13430,512,3125,6.103516
13431,512,3209,6.267578
13432,512,3041,5.939453
13433,512,3167,6.185547
13434,512,3042,5.941406
13435,512,3041,5.939453
13436,512,3000,5.859375
13437,512,3000,5.859375
13438,512,3084,6.023438
13439,512,3083,6.021484
13440,512,3333,6.509766
13441,512,3125,6.103516
13442,512,3166,6.183594
13443,512,3084,6.023438
13444,512,3041,5.939453
13445,512,3084,6.023438
13446,512,3000,5.859375
13447,512,3084,6.023438
13448,512,2958,5.777344
13449,512,3208,6.265625
13450,512,3125,6.103516
13451,512,3167,6.185547
13452,512,3000,5.859375
13453,512,3167,6.185547
13454,512,3167,6.185547
13455,512,3125,6.103516
13456,512,3125,6.103516
13457,512,3041,5.939453
13458,512,3209,6.267578
13459,512,3125,6.103516
13460,512,3084,6.023438
13461,512,3291,6.427734
13462,512,3000,5.859375
13463,512,3125,6.103516
13464,512,3125,6.103516
13465,512,3208,6.265625
13466,512,3125,6.103516
13467,512,3167,6.185547
13468,512,3292,6.429688
13469,512,3083,6.021484
13470,512,3083,6.021484
13471,512,3083,6.021484
13472,512,3084,6.023438
13473,512,3125,6.103516
13474,512,3042,5.941406
13475,512,3125,6.103516
13476,512,3125,6.103516
13477,512,2917,5.697266
13478,512,3167,6.185547
13479,512,3000,5.859375
13480,512,3083,6.021484
13481,512,3125,6.103516
13482,512,3042,5.941406
13483,512,3250,6.347656
13484,512,3167,6.185547
13485,512,3125,6.103516
13486,512,3167,6.185547
13487,512,3125,6.103516
13488,512,3083,6.021484
13489,512,3042,5.941406
13490,512,3041,5.939453
13491,512,3167,6.185547
13492,512,3083,6.021484
13493,512,3167,6.185547
13494,512,2916,5.695312
13495,512,3125,6.103516
13496,512,3250,6.347656
13497,512,3125,6.103516
13498,512,3208,6.265625
13499,512,3167,6.185547
13500,512,3083,6.021484
13501,512,3208,6.265625
13502,512,3084,6.023438
13503,512,3042,5.941406
13504,512,3083,6.021484
13505,512,3208,6.265625
13506,512,3209,6.267578
13507,512,3167,6.185547
13508,512,3083,6.021484
13509,512,3083,6.021484
13510,512,3209,6.267578
13511,512,3000,5.859375
13512,512,3125,6.103516
13513,512,3166,6.183594
13514,512,3167,6.185547
13515,512,3041,5.939453
13516,512,3167,6.185547
13517,512,3166,6.183594
13518,512,3125,6.103516
13519,512,3125,6.103516
13520,512,3042,5.941406
13521,512,3041,5.939453
13522,512,3250,6.347656
13523,512,3084,6.023438
13524,512,3083,6.021484
13525,512,3000,5.859375
13526,512,3000,5.859375
13527,512,3084,6.023438
13528,512,3042,5.941406
13529,512,3041,5.939453
13530,512,3125,6.103516
13531,512,3167,6.185547
13532,512,3042,5.941406
13533,512,3041,5.939453
13534,512,3084,6.023438
13535,512,3125,6.103516
13536,512,3083,6.021484
13537,512,3083,6.021484
13538,512,3125,6.103516
13539,512,3167,6.185547
13540,512,3000,5.859375
13541,512,3042,5.941406
13542,512,3125,6.103516
13543,512,3166,6.183594
13544,512,3209,6.267578
13545,512,3208,6.265625
13546,512,3125,6.103516
13547,512,3125,6.103516
13548,512,3041,5.939453
13549,512,3208,6.265625
13550,512,3209,6.267578
13551,512,3208,6.265625
13552,512,3166,6.183594
13553,512,3042,5.941406
13554,512,3125,6.103516
13555,512,3084,6.023438
13556,512,3375,6.591797
13557,512,3250,6.347656
13558,512,3250,6.347656
13559,512,3000,5.859375
13560,512,3083,6.021484
13561,512,3083,6.021484
13562,512,3125,6.103516
13563,512,3083,6.021484
13564,512,3208,6.265625
13565,512,3250,6.347656
13566,512,3125,6.103516
13567,512,3125,6.103516
13568,512,3083,6.021484
13569,512,3042,5.941406
13570,512,3208,6.265625
13571,512,3125,6.103516
13572,512,3125,6.103516
13573,512,3083,6.021484
13574,512,3125,6.103516
13575,512,3041,5.939453
13576,512,3125,6.103516
13577,512,3125,6.103516
13578,512,3167,6.185547
13579,512,3083,6.021484
13580,512,3041,5.939453
13581,512,3084,6.023438
13582,512,3042,5.941406
13583,512,3083,6.021484
13584,512,3167,6.185547
13585,512,3375,6.591797
13586,512,3083,6.021484
13587,512,3000,5.859375
13588,512,3041,5.939453
13589,512,3125,6.103516
13590,512,3125,6.103516
13591,512,3042,5.941406
13592,512,3041,5.939453
13593,512,3250,6.347656
13594,512,3125,6.103516
13595,512,3000,5.859375
13596,512,3167,6.185547
13597,512,3166,6.183594
13598,512,3167,6.185547
13599,512,3208,6.265625
13600,512,3167,6.185547
13601,512,3083,6.021484
13602,512,3167,6.185547
13603,512,3041,5.939453
13604,512,3209,6.267578
13605,512,3084,6.023438
13606,512,3250,6.347656
13607,512,3041,5.939453
13608,512,3125,6.103516
13609,512,3292,6.429688
13610,512,3000,5.859375
13611,512,3167,6.185547
13612,512,3125,6.103516
13613,512,3167,6.185547
13614,512,3208,6.265625
13615,512,3083,6.021484
13616,512,3083,6.021484
13617,512,3042,5.941406
13618,512,3125,6.103516
13619,512,3125,6.103516
13620,512,3125,6.103516
13621,512,3167,6.185547
13622,512,3083,6.021484
13623,512,3167,6.185547
13624,512,3084,6.023438
13625,512,3083,6.021484
13626,512,3042,5.941406
13627,512,3125,6.103516
13628,512,3125,6.103516
13629,512,3125,6.103516
13630,512,3125,6.103516
13631,512,2958,5.777344
13632,512,3125,6.103516
13633,512,3083,6.021484
13634,512,3083,6.021484
13635,512,3125,6.103516
13636,512,3167,6.185547
13637,512,3166,6.183594
13638,512,3084,6.023438
13639,512,3042,5.941406
13640,512,3083,6.021484
13641,512,3000,5.859375
13642,512,3083,6.021484
13643,512,3125,6.103516
13644,512,3042,5.941406
13645,512,3083,6.021484
13646,512,3083,6.021484
13647,512,3125,6.103516
13648,512,3041,5.939453
13649,512,3042,5.941406
13650,512,3125,6.103516
13651,512,3041,5.939453
13652,512,3084,6.023438
13653,512,3041,5.939453
13654,512,3167,6.185547
13655,512,3042,5.941406
13656,512,3041,5.939453
13657,512,3000,5.859375
13658,512,3166,6.183594
13659,512,3042,5.941406
13660,512,3000,5.859375
13661,512,2959,5.779297
13662,512,3125,6.103516
13663,512,3042,5.941406
13664,512,3125,6.103516
13665,512,3166,6.183594
13666,512,3083,6.021484
13667,512,3125,6.103516
13668,512,3125,6.103516
13669,512,3167,6.185547
13670,512,2958,5.777344
13671,512,3083,6.021484
13672,512,3125,6.103516
13673,512,3209,6.267578
13674,512,3000,5.859375
13675,512,3042,5.941406
13676,512,3125,6.103516
13677,512,3125,6.103516
13678,512,3125,6.103516
13679,512,3083,6.021484
13680,512,3208,6.265625
13681,512,3250,6.347656
13682,512,3208,6.265625
13683,512,3125,6.103516
13684,512,3083,6.021484
13685,512,3083,6.021484
13686,512,3125,6.103516
13687,512,3208,6.265625
13688,512,3042,5.941406
13689,512,3000,5.859375
13690,512,3042,5.941406
13691,512,3167,6.185547
13692,512,3208,6.265625
13693,512,3042,5.941406
13694,512,3083,6.021484
13695,512,3083,6.021484
13696,512,3375,6.591797
13697,512,3083,6.021484
13698,512,3167,6.185547
13699,512,3166,6.183594
13700,512,3084,6.023438
13701,512,3166,6.183594
13702,512,3209,6.267578
13703,512,3166,6.183594
13704,512,3209,6.267578
13705,512,3000,5.859375
13706,512,3083,6.021484
13707,512,3083,6.021484
13708,512,3167,6.185547
13709,512,3125,6.103516
13710,512,3041,5.939453
13711,512,3042,5.941406
13712,512,3125,6.103516
13713,512,3041,5.939453
13714,512,3042,5.941406
13715,512,3083,6.021484
13716,512,3125,6.103516
13717,512,3208,6.265625
13718,512,3125,6.103516
13719,512,3084,6.023438
13720,512,3125,6.103516
13721,512,3000,5.859375
13722,512,3000,5.859375
13723,512,3166,6.183594
13724,512,3167,6.185547
13725,512,3125,6.103516
13726,512,3208,6.265625
13727,512,3042,5.941406
13728,512,3042,5.941406
13729,512,3083,6.021484
13730,512,3083,6.021484
13731,512,3167,6.185547
13732,512,3042,5.941406
13733,512,3125,6.103516
13734,512,3042,5.941406
13735,512,3208,6.265625
13736,512,3167,6.185547
13737,512,3208,6.265625
13738,512,3084,6.023438
13739,512,3084,6.023438
13740,512,3125,6.103516
13741,512,3042,5.941406
13742,512,3042,5.941406
13743,512,3333,6.509766
13744,512,3125,6.103516
13745,512,3167,6.185547
13746,512,3041,5.939453
13747,512,3084,6.023438
13748,512,3166,6.183594
13749,512,3292,6.429688
13750,512,3083,6.021484
13751,512,3125,6.103516
13752,512,3125,6.103516
13753,512,3125,6.103516
13754,512,3125,6.103516
13755,512,3083,6.021484
13756,512,3167,6.185547
13757,512,3250,6.347656
13758,512,3042,5.941406
13759,512,3083,6.021484
13760,512,3125,6.103516
13761,512,3041,5.939453
13762,512,3167,6.185547
13763,512,3166,6.183594
13764,512,3125,6.103516
13765,512,3250,6.347656
13766,512,3083,6.021484
13767,512,2958,5.777344
13768,512,3208,6.265625
13769,512,3084,6.023438
13770,512,2959,5.779297
13771,512,3125,6.103516
13772,512,3083,6.021484
13773,512,3166,6.183594
13774,512,3000,5.859375
13775,512,3000,5.859375
13776,512,3125,6.103516
13777,512,3125,6.103516
13778,512,3125,6.103516
13779,512,3042,5.941406
13780,512,3125,6.103516
13781,512,3042,5.941406
13782,512,3125,6.103516
13783,512,3042,5.941406
13784,512,3084,6.023438
13785,512,3167,6.185547
13786,512,3000,5.859375
13787,512,3083,6.021484
13788,512,3042,5.941406
13789,512,3166,6.183594
13790,512,3042,5.941406
13791,512,3292,6.429688
13792,512,3208,6.265625
13793,512,3083,6.021484
13794,512,3042,5.941406
13795,512,3166,6.183594
13796,512,3042,5.941406
13797,512,3125,6.103516
13798,512,3208,6.265625
13799,512,3083,6.021484
13800,512,3209,6.267578
13801,512,3209,6.267578
13802,512,3167,6.185547
13803,512,3041,5.939453
13804,512,3000,5.859375
13805,512,3167,6.185547
13806,512,3083,6.021484
13807,512,3167,6.185547
13808,512,3208,6.265625
13809,512,3292,6.429688
13810,512,3042,5.941406
13811,512,3083,6.021484
13812,512,3250,6.347656
13813,512,3125,6.103516
13814,512,3125,6.103516
13815,512,3166,6.183594
13816,512,3083,6.021484
13817,512,3084,6.023438
13818,512,3084,6.023438
13819,512,3291,6.427734
13820,512,3042,5.941406
13821,512,3083,6.021484
13822,512,3083,6.021484
13823,512,3041,5.939453
13824,512,3167,6.185547
13825,512,3209,6.267578
13826,512,3084,6.023438
13827,512,3166,6.183594
13828,512,3042,5.941406
13829,512,3125,6.103516
13830,512,3084,6.023438
13831,512,3000,5.859375
13832,512,3125,6.103516
13833,512,3125,6.103516
13834,512,3125,6.103516
13835,512,3083,6.021484
13836,512,3083,6.021484
13837,512,3000,5.859375
13838,512,3083,6.021484
13839,512,3166,6.183594
13840,512,3125,6.103516
13841,512,3083,6.021484
13842,512,3167,6.185547
13843,512,3125,6.103516
13844,512,3083,6.021484
13845,512,3250,6.347656
13846,512,3083,6.021484
13847,512,3208,6.265625
13848,512,3125,6.103516
13849,512,3000,5.859375
13850,512,3083,6.021484
13851,512,3167,6.185547
13852,512,3166,6.183594
13853,512,3167,6.185547
13854,512,3083,6.021484
13855,512,3250,6.347656
13856,512,3167,6.185547
13857,512,3042,5.941406
13858,512,3084,6.023438
13859,512,3083,6.021484
13860,512,3083,6.021484
13861,512,3208,6.265625
13862,512,3000,5.859375
13863,512,3041,5.939453
13864,512,3125,6.103516
13865,512,3083,6.021484
13866,512,3125,6.103516
13867,512,3167,6.185547
13868,512,3208,6.265625
13869,512,3208,6.265625
13870,512,3042,5.941406
13871,512,3208,6.265625
13872,512,3208,6.265625
13873,512,3042,5.941406
13874,512,3125,6.103516
13875,512,2958,5.777344
13876,512,3125,6.103516
13877,512,2958,5.777344
13878,512,3166,6.183594
13879,512,3125,6.103516
13880,512,3083,6.021484
13881,512,3167,6.185547
13882,512,3042,5.941406
13883,512,3125,6.103516
13884,512,3041,5.939453
13885,512,3083,6.021484
13886,512,3167,6.185547
13887,512,3125,6.103516
13888,512,3250,6.347656
13889,512,3042,5.941406
13890,512,3125,6.103516
13891,512,3000,5.859375
13892,512,3125,6.103516
13893,512,3000,5.859375
13894,512,3167,6.185547
13895,512,3333,6.509766
13896,512,3042,5.941406
13897,512,3041,5.939453
13898,512,3125,6.103516
13899,512,3125,6.103516
13900,512,3125,6.103516
13901,512,3125,6.103516
13902,512,3125,6.103516
13903,512,3167,6.185547
13904,512,3125,6.103516
13905,512,3125,6.103516
13906,512,3209,6.267578
13907,512,3083,6.021484
13908,512,3333,6.509766
13909,512,3125,6.103516
13910,512,3250,6.347656
13911,512,3042,5.941406
13912,512,3041,5.939453
13913,512,3042,5.941406
13914,512,3125,6.103516
13915,512,3083,6.021484
13916,512,3125,6.103516
13917,512,3166,6.183594
13918,512,3167,6.185547
13919,512,3083,6.021484
13920,512,3125,6.103516
13921,512,3083,6.021484
13922,512,3167,6.185547
13923,512,3042,5.941406
13924,512,3208,6.265625
13925,512,3042,5.941406
13926,512,3125,6.103516
13927,512,3000,5.859375
13928,512,3084,6.023438
13929,512,3167,6.185547
13930,512,3041,5.939453
13931,512,3125,6.103516
13932,512,3083,6.021484
13933,512,3125,6.103516
13934,512,3208,6.265625
13935,512,3084,6.023438
13936,512,3125,6.103516
13937,512,3167,6.185547
13938,512,3041,5.939453
13939,512,3209,6.267578
13940,512,3208,6.265625
13941,512,3041,5.939453
13942,512,3000,5.859375
13943,512,3125,6.103516
13944,512,3125,6.103516
13945,512,3209,6.267578
13946,512,3041,5.939453
13947,512,3084,6.023438
13948,512,3167,6.185547
13949,512,3042,5.941406
13950,512,3125,6.103516
13951,512,3125,6.103516
13952,512,3166,6.183594
13953,512,3250,6.347656
13954,512,3208,6.265625
13955,512,3042,5.941406
13956,512,2958,5.777344
13957,512,3000,5.859375
13958,512,3167,6.185547
13959,512,3125,6.103516
13960,512,3083,6.021484
13961,512,3000,5.859375
13962,512,3042,5.941406
13963,512,3125,6.103516
13964,512,3125,6.103516
13965,512,3083,6.021484
13966,512,3166,6.183594
13967,512,3083,6.021484
13968,512,3125,6.103516
13969,512,3125,6.103516
13970,512,3041,5.939453
13971,512,3250,6.347656
13972,512,2959,5.779297
13973,512,3084,6.023438
13974,512,3166,6.183594
13975,512,3125,6.103516
13976,512,3000,5.859375
13977,512,3208,6.265625
13978,512,3125,6.103516
13979,512,3084,6.023438
13980,512,3209,6.267578
13981,512,3083,6.021484
13982,512,3292,6.429688
13983,512,3041,5.939453
13984,512,3125,6.103516
13985,512,3125,6.103516
13986,512,3167,6.185547
13987,512,3166,6.183594
13988,512,3000,5.859375
13989,512,3292,6.429688
13990,512,3167,6.185547
13991,512,3084,6.023438
13992,512,3083,6.021484
13993,512,3042,5.941406
13994,512,3250,6.347656
13995,512,3084,6.023438
13996,512,3000,5.859375
13997,512,3125,6.103516
13998,512,3125,6.103516
13999,512,3084,6.023438
14000,512,3291,6.427734
14001,512,3084,6.023438
14002,512,3125,6.103516
14003,512,3041,5.939453
14004,512,3125,6.103516
14005,512,3209,6.267578
14006,512,3125,6.103516
14007,512,3084,6.023438
14008,512,3209,6.267578
14009,512,3250,6.347656
14010,512,3083,6.021484
14011,512,2958,5.777344
14012,512,3209,6.267578
14013,512,3125,6.103516
14014,512,3125,6.103516
14015,512,3000,5.859375
14016,512,3125,6.103516
14017,512,3166,6.183594
14018,512,3084,6.023438
14019,512,3083,6.021484
14020,512,3208,6.265625
14021,512,3125,6.103516
14022,512,3125,6.103516
14023,512,3084,6.023438
14024,512,3000,5.859375
14025,512,3125,6.103516
14026,512,3125,6.103516
14027,512,2916,5.695312
14028,512,3042,5.941406
14029,512,3208,6.265625
14030,512,3125,6.103516
14031,512,3333,6.509766
14032,512,3000,5.859375
14033,512,3083,6.021484
14034,512,3458,6.753906
14035,512,4042,7.894531
14036,512,4083,7.974609
14037,512,3917,7.650391
14038,512,4000,7.812500
14039,512,3458,6.753906
14040,512,3083,6.021484
14041,512,3250,6.347656
14042,512,3167,6.185547
14043,512,3375,6.591797
14044,512,3208,6.265625
14045,512,3042,5.941406
14046,512,3250,6.347656
14047,512,3166,6.183594
14048,512,3167,6.185547
14049,512,3291,6.427734
14050,512,3209,6.267578
14051,512,3250,6.347656
14052,512,3167,6.185547
14053,512,3166,6.183594
14054,512,3042,5.941406
14055,512,3083,6.021484
14056,512,3167,6.185547
14057,512,3208,6.265625
14058,512,3208,6.265625
14059,512,3167,6.185547
14060,512,3334,6.511719
14061,512,3208,6.265625
14062,512,3291,6.427734
14063,512,3209,6.267578
14064,512,3375,6.591797
14065,512,3084,6.023438
14066,512,3292,6.429688
14067,512,3292,6.429688
14068,512,3125,6.103516
14069,512,3292,6.429688
14070,512,3292,6.429688
14071,512,3250,6.347656
14072,512,3125,6.103516
14073,512,3375,6.591797
14074,512,3125,6.103516
14075,512,3291,6.427734
14076,512,3167,6.185547
14077,512,3208,6.265625
14078,512,3209,6.267578
14079,512,3250,6.347656
14080,512,3042,5.941406
14081,512,3250,6.347656
14082,512,3458,6.753906
14083,512,3000,5.859375
14084,512,3125,6.103516
14085,512,3125,6.103516
14086,512,3042,5.941406
14087,512,3083,6.021484
14088,512,3125,6.103516
14089,512,3084,6.023438
14090,512,3084,6.023438
14091,512,3042,5.941406
14092,512,3083,6.021484
14093,512,3083,6.021484
14094,512,3125,6.103516
14095,512,3167,6.185547
14096,512,3125,6.103516
14097,512,3083,6.021484
14098,512,2917,5.697266
14099,512,3167,6.185547
14100,512,3083,6.021484
14101,512,3083,6.021484
14102,512,3166,6.183594
14103,512,3125,6.103516
14104,512,3083,6.021484
14105,512,2959,5.779297
14106,512,3000,5.859375
14107,512,3125,6.103516
14108,512,3000,5.859375
14109,512,2958,5.777344
14110,512,3167,6.185547
14111,512,3125,6.103516
14112,512,3084,6.023438
14113,512,3084,6.023438
14114,512,3084,6.023438
14115,512,3000,5.859375
14116,512,3042,5.941406
14117,512,3083,6.021484
14118,512,3250,6.347656
14119,512,3041,5.939453
14120,512,3042,5.941406
14121,512,3125,6.103516
14122,512,3125,6.103516
14123,512,3083,6.021484
14124,512,3167,6.185547
14125,512,3041,5.939453
14126,512,3167,6.185547
14127,512,3083,6.021484
14128,512,3208,6.265625
14129,512,3000,5.859375
14130,512,3167,6.185547
14131,512,3125,6.103516
14132,512,3167,6.185547
14133,512,3167,6.185547
14134,512,3042,5.941406
14135,512,4916,9.601562
14136,512,3209,6.267578
14137,512,3000,5.859375
14138,512,3125,6.103516
14139,512,3083,6.021484
14140,512,3083,6.021484
14141,512,3125,6.103516
14142,512,3209,6.267578
14143,512,3166,6.183594
14144,512,3084,6.023438
14145,512,3042,5.941406
14146,512,3000,5.859375
14147,512,3125,6.103516
14148,512,2958,5.777344
14149,512,2958,5.777344
14150,512,3208,6.265625
14151,512,3083,6.021484
14152,512,3042,5.941406
14153,512,3125,6.103516
14154,512,3083,6.021484
14155,512,3125,6.103516
14156,512,3250,6.347656
14157,512,3083,6.021484
14158,512,3042,5.941406
14159,512,3125,6.103516
14160,512,3084,6.023438
14161,512,3083,6.021484
14162,512,3042,5.941406
14163,512,3083,6.021484
14164,512,3208,6.265625
14165,512,3083,6.021484
14166,512,3167,6.185547
14167,512,3125,6.103516
14168,512,3250,6.347656
14169,512,3333,6.509766
14170,512,3084,6.023438
14171,512,3209,6.267578
14172,512,3083,6.021484
14173,512,3042,5.941406
14174,512,3375,6.591797
14175,512,3000,5.859375
14176,512,3041,5.939453
14177,512,3167,6.185547
14178,512,3125,6.103516
14179,512,3208,6.265625
14180,512,3292,6.429688
14181,512,3084,6.023438
14182,512,3417,6.673828
14183,512,3250,6.347656
14184,512,3000,5.859375
14185,512,3083,6.021484
14186,512,3125,6.103516
14187,512,3125,6.103516
14188,512,3208,6.265625
14189,512,3125,6.103516
14190,512,3209,6.267578
14191,512,3167,6.185547
14192,512,2916,5.695312
14193,512,3042,5.941406
14194,512,3042,5.941406
14195,512,3083,6.021484
14196,512,3125,6.103516
14197,512,3209,6.267578
14198,512,3125,6.103516
14199,512,3208,6.265625
14200,512,3125,6.103516
14201,512,3000,5.859375
14202,512,3041,5.939453
14203,512,3334,6.511719
14204,512,3083,6.021484
14205,512,3083,6.021484
14206,512,3167,6.185547
14207,512,3250,6.347656
14208,512,3291,6.427734
14209,512,3042,5.941406
14210,512,3125,6.103516
14211,512,3125,6.103516
14212,512,3083,6.021484
14213,512,3042,5.941406
14214,512,3000,5.859375
14215,512,2959,5.779297
14216,512,3000,5.859375
14217,512,3083,6.021484
14218,512,3125,6.103516
14219,512,3041,5.939453
14220,512,3125,6.103516
14221,512,3000,5.859375
14222,512,3125,6.103516
14223,512,3125,6.103516
14224,512,3042,5.941406
14225,512,3042,5.941406
14226,512,3042,5.941406
14227,512,3000,5.859375
14228,512,3166,6.183594
14229,512,3084,6.023438
14230,512,3042,5.941406
14231,512,3125,6.103516
14232,512,3083,6.021484
14233,512,3125,6.103516
14234,512,3209,6.267578
14235,512,3042,5.941406
14236,512,3042,5.941406
14237,512,2958,5.777344
14238,512,3125,6.103516
14239,512,3083,6.021484
14240,512,3125,6.103516
14241,512,3125,6.103516
14242,512,3208,6.265625
14243,512,3083,6.021484
14244,512,3084,6.023438
14245,512,3125,6.103516
14246,512,3083,6.021484
14247,512,3041,5.939453
14248,512,3167,6.185547
14249,512,3000,5.859375
14250,512,3125,6.103516
14251,512,3209,6.267578
14252,512,3042,5.941406
14253,512,3167,6.185547
14254,512,3166,6.183594
14255,512,3042,5.941406
14256,512,3167,6.185547
14257,512,3208,6.265625
14258,512,3000,5.859375
14259,512,3041,5.939453
14260,512,3084,6.023438
14261,512,3167,6.185547
14262,512,3125,6.103516
14263,512,3041,5.939453
14264,512,3167,6.185547
14265,512,3041,5.939453
14266,512,3125,6.103516
14267,512,3042,5.941406
14268,512,3041,5.939453
14269,512,3042,5.941406
14270,512,3000,5.859375
14271,512,3166,6.183594
14272,512,3125,6.103516
14273,512,3167,6.185547
14274,512,3083,6.021484
14275,512,3083,6.021484
14276,512,3084,6.023438
14277,512,3084,6.023438
14278,512,3084,6.023438
14279,512,3209,6.267578
14280,512,3000,5.859375
14281,512,3041,5.939453
14282,512,3125,6.103516
14283,512,3042,5.941406
14284,512,3209,6.267578
14285,512,3125,6.103516
14286,512,3042,5.941406
14287,512,3125,6.103516
14288,512,3125,6.103516
14289,512,3208,6.265625
14290,512,3125,6.103516
14291,512,3083,6.021484
14292,512,3209,6.267578
14293,512,3125,6.103516
14294,512,3084,6.023438
14295,512,3000,5.859375
14296,512,3000,5.859375
14297,512,3208,6.265625
14298,512,3167,6.185547
14299,512,3125,6.103516
14300,512,3083,6.021484
14301,512,3208,6.265625
14302,512,3083,6.021484
14303,512,3083,6.021484
14304,512,3042,5.941406
14305,512,3167,6.185547
14306,512,3125,6.103516
14307,512,3042,5.941406
14308,512,3208,6.265625
14309,512,3084,6.023438
14310,512,3250,6.347656
14311,512,3125,6.103516
14312,512,3125,6.103516
14313,512,3125,6.103516
14314,512,3125,6.103516
14315,512,3167,6.185547
14316,512,3083,6.021484
14317,512,3042,5.941406
14318,512,3208,6.265625
14319,512,3167,6.185547
14320,512,3000,5.859375
14321,512,3166,6.183594
14322,512,3042,5.941406
14323,512,3000,5.859375
14324,512,3042,5.941406
14325,512,3166,6.183594
14326,512,3125,6.103516
14327,512,3125,6.103516
14328,512,3083,6.021484
14329,512,3042,5.941406
14330,512,3125,6.103516
14331,512,3041,5.939453
14332,512,3083,6.021484
14333,512,3125,6.103516
14334,512,3125,6.103516
14335,512,3042,5.941406
14336,512,3000,5.859375
14337,512,3083,6.021484
14338,512,3167,6.185547
14339,512,2958,5.777344
14340,512,3166,6.183594
14341,512,3125,6.103516
14342,512,3167,6.185547
14343,512,3167,6.185547
14344,512,3084,6.023438
14345,512,3208,6.265625
14346,512,3125,6.103516
14347,512,3042,5.941406
14348,512,3000,5.859375
14349,512,3083,6.021484
14350,512,3084,6.023438
14351,512,3042,5.941406
14352,512,3083,6.021484
14353,512,3041,5.939453
14354,512,3042,5.941406
14355,512,3167,6.185547
14356,512,3083,6.021484
14357,512,3167,6.185547
14358,512,3042,5.941406
14359,512,3083,6.021484
14360,512,3167,6.185547
14361,512,3125,6.103516
14362,512,3166,6.183594
14363,512,3084,6.023438
14364,512,3166,6.183594
14365,512,3042,5.941406
14366,512,3000,5.859375
14367,512,3041,5.939453
14368,512,3084,6.023438
14369,512,3125,6.103516
14370,512,3083,6.021484
14371,512,3084,6.023438
14372,512,3166,6.183594
14373,512,3209,6.267578
14374,512,3125,6.103516
14375,512,3167,6.185547
14376,512,3125,6.103516
14377,512,3083,6.021484
14378,512,3208,6.265625
14379,512,3042,5.941406
14380,512,3084,6.023438
14381,512,3083,6.021484
14382,512,2958,5.777344
14383,512,2959,5.779297
14384,512,3125,6.103516
14385,512,3167,6.185547
14386,512,3083,6.021484
14387,512,3125,6.103516
14388,512,3083,6.021484
14389,512,3250,6.347656
14390,512,3208,6.265625
14391,512,3084,6.023438
14392,512,3042,5.941406
14393,512,3083,6.021484
14394,512,3250,6.347656
14395,512,3125,6.103516
14396,512,3042,5.941406
14397,512,3000,5.859375
14398,512,3084,6.023438
14399,512,3084,6.023438
14400,512,3041,5.939453
14401,512,3000,5.859375
14402,512,3000,5.859375
14403,512,3208,6.265625
14404,512,2959,5.779297
14405,512,2958,5.777344
14406,512,3000,5.859375
14407,512,3083,6.021484
14408,512,3084,6.023438
14409,512,3208,6.265625
14410,512,3125,6.103516
14411,512,3000,5.859375
14412,512,3166,6.183594
14413,512,3167,6.185547
14414,512,3208,6.265625
14415,512,3125,6.103516
14416,512,3083,6.021484
14417,512,3250,6.347656
14418,512,3083,6.021484
14419,512,3125,6.103516
14420,512,3083,6.021484
14421,512,3042,5.941406
14422,512,3125,6.103516
14423,512,3084,6.023438
14424,512,3166,6.183594
14425,512,2917,5.697266
14426,512,3083,6.021484
14427,512,3042,5.941406
14428,512,3042,5.941406
14429,512,3125,6.103516
14430,512,3041,5.939453
14431,512,3250,6.347656
14432,512,3083,6.021484
14433,512,3000,5.859375
14434,512,3125,6.103516
14435,512,3209,6.267578
14436,512,3000,5.859375
14437,512,3125,6.103516
14438,512,3167,6.185547
14439,512,3041,5.939453
14440,512,3125,6.103516
14441,512,3167,6.185547
14442,512,3042,5.941406
14443,512,2958,5.777344
14444,512,3209,6.267578
14445,512,3125,6.103516
14446,512,3125,6.103516
14447,512,3166,6.183594
14448,512,3167,6.185547
14449,512,3125,6.103516
14450,512,3125,6.103516
14451,512,3042,5.941406
14452,512,3208,6.265625
14453,512,3167,6.185547
14454,512,3125,6.103516
14455,512,3042,5.941406
14456,512,3083,6.021484
14457,512,3042,5.941406
14458,512,3042,5.941406
14459,512,3042,5.941406
14460,512,3125,6.103516
14461,512,3083,6.021484
14462,512,2958,5.777344
14463,512,3000,5.859375
14464,512,3291,6.427734
14465,512,3125,6.103516
14466,512,3208,6.265625
14467,512,3209,6.267578
14468,512,3125,6.103516
14469,512,3125,6.103516
14470,512,3167,6.185547
14471,512,3083,6.021484
14472,512,3000,5.859375
14473,512,3083,6.021484
14474,512,3084,6.023438
14475,512,3042,5.941406
14476,512,3041,5.939453
14477,512,3209,6.267578
14478,512,3167,6.185547
14479,512,3292,6.429688
14480,512,3209,6.267578
14481,512,3125,6.103516
14482,512,3083,6.021484
14483,512,3125,6.103516
14484,512,3084,6.023438
14485,512,3208,6.265625
14486,512,3208,6.265625
14487,512,3042,5.941406
14488,512,3125,6.103516
14489,512,3125,6.103516
14490,512,3209,6.267578
14491,512,3167,6.185547
14492,512,3083,6.021484
14493,512,3083,6.021484
14494,512,3084,6.023438
14495,512,3125,6.103516
14496,512,3167,6.185547
14497,512,3167,6.185547
14498,512,2958,5.777344
14499,512,3250,6.347656
14500,512,3125,6.103516
14501,512,3000,5.859375
14502,512,3125,6.103516
14503,512,3125,6.103516
14504,512,3125,6.103516
14505,512,3084,6.023438
14506,512,3083,6.021484
14507,512,3167,6.185547
14508,512,3209,6.267578
14509,512,3125,6.103516
14510,512,3042,5.941406
14511,512,3250,6.347656
14512,512,3166,6.183594
14513,512,3125,6.103516
14514,512,3042,5.941406
14515,512,3125,6.103516
14516,512,3000,5.859375
14517,512,3167,6.185547
14518,512,3041,5.939453
14519,512,3042,5.941406
14520,512,3250,6.347656
14521,512,3083,6.021484
14522,512,3125,6.103516
14523,512,3209,6.267578
14524,512,3125,6.103516
14525,512,3209,6.267578
14526,512,3166,6.183594
14527,512,3167,6.185547
14528,512,3125,6.103516
14529,512,3083,6.021484
14530,512,2958,5.777344
14531,512,3167,6.185547
14532,512,3166,6.183594
14533,512,3125,6.103516
14534,512,3084,6.023438
14535,512,3041,5.939453
14536,512,3042,5.941406
14537,512,3208,6.265625
14538,512,3083,6.021484
14539,512,3042,5.941406
14540,512,2916,5.695312
14541,512,3125,6.103516
14542,512,3084,6.023438
14543,512,3208,6.265625
14544,512,3166,6.183594
14545,512,3209,6.267578
14546,512,3167,6.185547
14547,512,3083,6.021484
14548,512,3292,6.429688
14549,512,3083,6.021484
14550,512,3083,6.021484
14551,512,3083,6.021484
14552,512,3084,6.023438
14553,512,3125,6.103516
14554,512,3125,6.103516
14555,512,3042,5.941406
14556,512,3125,6.103516
14557,512,3083,6.021484
14558,512,3167,6.185547
14559,512,3166,6.183594
14560,512,3167,6.185547
14561,512,3125,6.103516
14562,512,3166,6.183594
14563,512,3125,6.103516
14564,512,3208,6.265625
14565,512,3125,6.103516
14566,512,3167,6.185547
14567,512,3166,6.183594
14568,512,3042,5.941406
14569,512,3291,6.427734
14570,512,3209,6.267578
14571,512,3167,6.185547
14572,512,3167,6.185547
14573,512,3083,6.021484
14574,512,3125,6.103516
14575,512,3042,5.941406
14576,512,3041,5.939453
14577,512,3125,6.103516
14578,512,3125,6.103516
14579,512,3042,5.941406
14580,512,3083,6.021484
14581,512,3083,6.021484
14582,512,3208,6.265625
14583,512,3042,5.941406
14584,512,3000,5.859375
14585,512,3042,5.941406
14586,512,3167,6.185547
14587,512,3042,5.941406
14588,512,3083,6.021484
14589,512,3208,6.265625
14590,512,3125,6.103516
14591,512,3125,6.103516
14592,512,3208,6.265625
14593,512,3042,5.941406
14594,512,3167,6.185547
14595,512,3000,5.859375
14596,512,3125,6.103516
14597,512,3125,6.103516
14598,512,3083,6.021484
14599,512,3125,6.103516
14600,512,3083,6.021484
14601,512,3167,6.185547
14602,512,3041,5.939453
14603,512,3125,6.103516
14604,512,3042,5.941406
14605,512,3125,6.103516
14606,512,3042,5.941406
14607,512,3041,5.939453
14608,512,3167,6.185547
14609,512,3208,6.265625
14610,512,3125,6.103516
14611,512,3125,6.103516
14612,512,3041,5.939453
14613,512,3000,5.859375
14614,512,3125,6.103516
14615,512,3125,6.103516
14616,512,3042,5.941406
14617,512,3042,5.941406
14618,512,3166,6.183594
14619,512,3000,5.859375
14620,512,3125,6.103516
14621,512,3083,6.021484
14622,512,3167,6.185547
14623,512,3208,6.265625
14624,512,3083,6.021484
14625,512,3042,5.941406
14626,512,3000,5.859375
14627,512,3125,6.103516
14628,512,3208,6.265625
14629,512,3167,6.185547
14630,512,3000,5.859375
14631,512,3083,6.021484
14632,512,3125,6.103516
14633,512,3083,6.021484
14634,512,3167,6.185547
14635,512,3125,6.103516
14636,512,3083,6.021484
14637,512,3000,5.859375
14638,512,3250,6.347656
14639,512,3041,5.939453
14640,512,3084,6.023438
14641,512,3042,5.941406
14642,512,3125,6.103516
14643,512,3166,6.183594
14644,512,3042,5.941406
14645,512,3125,6.103516
14646,512,3125,6.103516
14647,512,3167,6.185547
14648,512,3208,6.265625
14649,512,3125,6.103516
14650,512,3125,6.103516
14651,512,3167,6.185547
14652,512,2958,5.777344
14653,512,3208,6.265625
14654,512,3042,5.941406
14655,512,3125,6.103516
14656,512,3042,5.941406
14657,512,3125,6.103516
14658,512,3084,6.023438
14659,512,3084,6.023438
14660,512,3166,6.183594
14661,512,2959,5.779297
14662,512,3125,6.103516
14663,512,3042,5.941406
14664,512,3250,6.347656
14665,512,3125,6.103516
14666,512,3125,6.103516
14667,512,3125,6.103516
14668,512,3167,6.185547
14669,512,3083,6.021484
14670,512,3125,6.103516
14671,512,3125,6.103516
14672,512,3167,6.185547
14673,512,3208,6.265625
14674,512,3000,5.859375
14675,512,3167,6.185547
14676,512,3041,5.939453
14677,512,3042,5.941406
14678,512,3000,5.859375
14679,512,3042,5.941406
14680,512,3083,6.021484
14681,512,3083,6.021484
14682,512,3167,6.185547
14683,512,3167,6.185547
14684,512,3125,6.103516
14685,512,2959,5.779297
14686,512,3042,5.941406
14687,512,3083,6.021484
14688,512,3125,6.103516
14689,512,3042,5.941406
14690,512,3125,6.103516
14691,512,3042,5.941406
14692,512,3166,6.183594
14693,512,3042,5.941406
14694,512,3208,6.265625
14695,512,3167,6.185547
14696,512,3125,6.103516
14697,512,3208,6.265625
14698,512,3125,6.103516
14699,512,3083,6.021484
14700,512,3083,6.021484
14701,512,3167,6.185547
14702,512,3125,6.103516
14703,512,3041,5.939453
14704,512,3084,6.023438
14705,512,3084,6.023438
14706,512,3084,6.023438
14707,512,3125,6.103516
14708,512,3125,6.103516
14709,512,3083,6.021484
14710,512,3167,6.185547
14711,512,3125,6.103516
14712,512,3125,6.103516
14713,512,3125,6.103516
14714,512,3041,5.939453
14715,512,3042,5.941406
14716,512,3084,6.023438
14717,512,3167,6.185547
14718,512,3000,5.859375
14719,512,3083,6.021484
14720,512,3250,6.347656
14721,512,3041,5.939453
14722,512,3167,6.185547
14723,512,3167,6.185547
14724,512,3166,6.183594
14725,512,2917,5.697266
14726,512,3083,6.021484
14727,512,3209,6.267578
14728,512,3166,6.183594
14729,512,3125,6.103516
14730,512,3041,5.939453
14731,512,3083,6.021484
14732,512,3167,6.185547
14733,512,3166,6.183594
14734,512,3042,5.941406
14735,512,3083,6.021484
14736,512,3000,5.859375
14737,512,3042,5.941406
14738,512,3166,6.183594
14739,512,3125,6.103516
14740,512,3167,6.185547
14741,512,3083,6.021484
14742,512,3083,6.021484
14743,512,3084,6.023438
14744,512,3166,6.183594
14745,512,3042,5.941406
14746,512,3084,6.023438
14747,512,3083,6.021484
14748,512,3083,6.021484
14749,512,3083,6.021484
14750,512,3125,6.103516
14751,512,3166,6.183594
14752,512,3000,5.859375
14753,512,3167,6.185547
14754,512,3167,6.185547
14755,512,3000,5.859375
14756,512,3125,6.103516
14757,512,3209,6.267578
14758,512,3083,6.021484
14759,512,3000,5.859375
14760,512,3042,5.941406
14761,512,3125,6.103516
14762,512,3083,6.021484
14763,512,3042,5.941406
14764,512,3125,6.103516
14765,512,3166,6.183594
14766,512,3125,6.103516
14767,512,3083,6.021484
14768,512,3125,6.103516
14769,512,3125,6.103516
14770,512,3125,6.103516
14771,512,3041,5.939453
14772,512,3125,6.103516
14773,512,3167,6.185547
14774,512,3083,6.021484
14775,512,3166,6.183594
14776,512,3084,6.023438
14777,512,3209,6.267578
14778,512,3083,6.021484
14779,512,3125,6.103516
14780,512,3166,6.183594
14781,512,3125,6.103516
14782,512,3000,5.859375
14783,512,3250,6.347656
14784,512,3125,6.103516
14785,512,3041,5.939453
14786,512,3125,6.103516
14787,512,3083,6.021484
14788,512,3125,6.103516
14789,512,3083,6.021484
14790,512,3166,6.183594
14791,512,3042,5.941406
14792,512,3083,6.021484
14793,512,3041,5.939453
14794,512,3042,5.941406
14795,512,3250,6.347656
14796,512,3041,5.939453
14797,512,3083,6.021484
14798,512,3167,6.185547
14799,512,3208,6.265625
14800,512,3084,6.023438
14801,512,3125,6.103516
14802,512,3041,5.939453
14803,512,3000,5.859375
14804,512,3167,6.185547
14805,512,3208,6.265625
14806,512,3041,5.939453
14807,512,3125,6.103516
14808,512,3042,5.941406
14809,512,3125,6.103516
14810,512,3208,6.265625
14811,512,3167,6.185547
14812,512,3042,5.941406
14813,512,3083,6.021484
14814,512,3167,6.185547
14815,512,3083,6.021484
14816,512,3208,6.265625
14817,512,3000,5.859375
14818,512,3167,6.185547
14819,512,3166,6.183594
14820,512,3292,6.429688
14821,512,3125,6.103516
14822,512,3208,6.265625
14823,512,3250,6.347656
14824,512,3167,6.185547
14825,512,3125,6.103516
14826,512,3083,6.021484
14827,512,3125,6.103516
14828,512,3125,6.103516
14829,512,3167,6.185547
14830,512,3166,6.183594
14831,512,2958,5.777344
14832,512,3125,6.103516
14833,512,3083,6.021484
14834,512,3084,6.023438
14835,512,3084,6.023438
14836,512,3042,5.941406
14837,512,3083,6.021484
14838,512,3083,6.021484
14839,512,3125,6.103516
14840,512,3042,5.941406
14841,512,3000,5.859375
14842,512,3125,6.103516
14843,512,2959,5.779297
14844,512,3166,6.183594
14845,512,3042,5.941406
14846,512,3166,6.183594
14847,512,2917,5.697266
14848,512,3083,6.021484
14849,512,3125,6.103516
14850,512,3250,6.347656
14851,512,3000,5.859375
14852,512,3083,6.021484
14853,512,3125,6.103516
14854,512,3125,6.103516
14855,512,3167,6.185547
14856,512,3166,6.183594
14857,512,3042,5.941406
14858,512,3041,5.939453
14859,512,3125,6.103516
14860,512,3000,5.859375
14861,512,3209,6.267578
14862,512,3167,6.185547
14863,512,3167,6.185547
14864,512,3083,6.021484
14865,512,3250,6.347656
14866,512,3125,6.103516
14867,512,3125,6.103516
14868,512,3000,5.859375
14869,512,3167,6.185547
14870,512,3125,6.103516
14871,512,3084,6.023438
14872,512,3250,6.347656
14873,512,3042,5.941406
14874,512,3083,6.021484
14875,512,3041,5.939453
14876,512,3083,6.021484
14877,512,3042,5.941406
14878,512,3166,6.183594
14879,512,3125,6.103516
14880,512,3125,6.103516
14881,512,3083,6.021484
14882,512,3084,6.023438
14883,512,3042,5.941406
14884,512,3125,6.103516
14885,512,3166,6.183594
14886,512,3209,6.267578
14887,512,3083,6.021484
14888,512,3166,6.183594
14889,512,3084,6.023438
14890,512,3125,6.103516
14891,512,3167,6.185547
14892,512,3167,6.185547
14893,512,3167,6.185547
14894,512,3042,5.941406
14895,512,3125,6.103516
14896,512,3000,5.859375
14897,512,3000,5.859375
14898,512,3083,6.021484
14899,512,3083,6.021484
14900,512,3083,6.021484
14901,512,3042,5.941406
14902,512,3166,6.183594
14903,512,3167,6.185547
14904,512,3041,5.939453
14905,512,3083,6.021484
14906,512,3042,5.941406
14907,512,3125,6.103516
14908,512,3167,6.185547
14909,512,3125,6.103516
14910,512,2959,5.779297
14911,512,3125,6.103516
14912,512,3167,6.185547
14913,512,3125,6.103516
14914,512,3083,6.021484
14915,512,3125,6.103516
14916,512,3167,6.185547
14917,512,3083,6.021484
14918,512,3083,6.021484
14919,512,3083,6.021484
14920,512,3167,6.185547
14921,512,3042,5.941406
14922,512,3000,5.859375
14923,512,3125,6.103516
14924,512,3125,6.103516
14925,512,3209,6.267578
14926,512,3166,6.183594
14927,512,3000,5.859375
14928,512,3084,6.023438
14929,512,3083,6.021484
14930,512,3125,6.103516
14931,512,3125,6.103516
14932,512,3042,5.941406
14933,512,3042,5.941406
14934,512,3125,6.103516
14935,512,3166,6.183594
14936,512,3042,5.941406
14937,512,3000,5.859375
14938,512,3125,6.103516
14939,512,3084,6.023438
14940,512,3125,6.103516
14941,512,3167,6.185547
14942,512,3125,6.103516
14943,512,3125,6.103516
14944,512,3042,5.941406
14945,512,2958,5.777344
14946,512,3084,6.023438
14947,512,3042,5.941406
14948,512,3083,6.021484
14949,512,3125,6.103516
14950,512,3125,6.103516
14951,512,3083,6.021484
14952,512,3042,5.941406
14953,512,3125,6.103516
14954,512,3083,6.021484
14955,512,3083,6.021484
14956,512,2958,5.777344
14957,512,3084,6.023438
14958,512,3166,6.183594
14959,512,3125,6.103516
14960,512,3084,6.023438
14961,512,2959,5.779297
14962,512,3042,5.941406
14963,512,3167,6.185547
14964,512,3125,6.103516
14965,512,2917,5.697266
14966,512,3125,6.103516
14967,512,3041,5.939453
14968,512,3042,5.941406
14969,512,3208,6.265625
14970,512,3042,5.941406
14971,512,3042,5.941406
14972,512,3125,6.103516
14973,512,3125,6.103516
14974,512,3000,5.859375
14975,512,3208,6.265625
14976,512,3417,6.673828
14977,512,3041,5.939453
14978,512,3084,6.023438
14979,512,3083,6.021484
14980,512,3042,5.941406
14981,512,3166,6.183594
14982,512,3125,6.103516
14983,512,3000,5.859375
14984,512,3125,6.103516
14985,512,3125,6.103516
14986,512,3167,6.185547
14987,512,3167,6.185547
14988,512,2958,5.777344
14989,512,3042,5.941406
14990,512,3042,5.941406
14991,512,3125,6.103516
14992,512,3125,6.103516
14993,512,3084,6.023438
14994,512,3125,6.103516
14995,512,3042,5.941406
14996,512,3083,6.021484
14997,512,3125,6.103516
14998,512,3125,6.103516
14999,512,3250,6.347656
15000,512,3125,6.103516
15001,512,3083,6.021484
15002,512,3125,6.103516
15003,512,3125,6.103516
15004,512,3083,6.021484
15005,512,3041,5.939453
15006,512,3167,6.185547
15007,512,3125,6.103516
15008,512,3125,6.103516
15009,512,3166,6.183594
15010,512,3167,6.185547
15011,512,3125,6.103516
15012,512,3041,5.939453
15013,512,3167,6.185547
15014,512,3291,6.427734
15015,512,3000,5.859375
15016,512,3250,6.347656
15017,512,3417,6.673828
15018,512,3083,6.021484
15019,512,3083,6.021484
15020,512,3041,5.939453
15021,512,3125,6.103516
15022,512,3000,5.859375
15023,512,3083,6.021484
15024,512,3083,6.021484
15025,512,3083,6.021484
15026,512,3042,5.941406
15027,512,3125,6.103516
15028,512,3041,5.939453
15029,512,3167,6.185547
15030,512,3167,6.185547
15031,512,3083,6.021484
15032,512,3167,6.185547
15033,512,3166,6.183594
15034,512,3000,5.859375
15035,512,3083,6.021484
15036,512,3167,6.185547
15037,512,3083,6.021484
15038,512,3167,6.185547
15039,512,3250,6.347656
15040,512,3125,6.103516
15041,512,3208,6.265625
15042,512,3125,6.103516
15043,512,3042,5.941406
15044,512,3167,6.185547
15045,512,3083,6.021484
15046,512,3166,6.183594
15047,512,3209,6.267578
15048,512,3083,6.021484
15049,512,3041,5.939453
15050,512,3167,6.185547
15051,512,3083,6.021484
15052,512,3083,6.021484
15053,512,3083,6.021484
15054,512,3209,6.267578
15055,512,3125,6.103516
15056,512,3041,5.939453
15057,512,3125,6.103516
15058,512,3208,6.265625
15059,512,3125,6.103516
15060,512,3083,6.021484
15061,512,3208,6.265625
15062,512,3208,6.265625
15063,512,2917,5.697266
15064,512,3083,6.021484
15065,512,3041,5.939453
15066,512,2958,5.777344
15067,512,3167,6.185547
15068,512,3000,5.859375
15069,512,3208,6.265625
15070,512,3084,6.023438
15071,512,3250,6.347656
15072,512,3084,6.023438
15073,512,3208,6.265625
15074,512,3250,6.347656
15075,512,3208,6.265625
15076,512,3125,6.103516
15077,512,3125,6.103516
15078,512,3334,6.511719
15079,512,3291,6.427734
15080,512,3167,6.185547
15081,512,3208,6.265625
15082,512,3167,6.185547
15083,512,3167,6.185547
15084,512,3000,5.859375
15085,512,3208,6.265625
15086,512,3250,6.347656
15087,512,3208,6.265625
15088,512,3166,6.183594
15089,512,3083,6.021484
15090,512,3167,6.185547
15091,512,3167,6.185547
15092,512,3125,6.103516
15093,512,3084,6.023438
15094,512,3125,6.103516
15095,512,3167,6.185547
15096,512,3083,6.021484
15097,512,3208,6.265625
15098,512,3125,6.103516
15099,512,3208,6.265625
15100,512,3084,6.023438
15101,512,3208,6.265625
15102,512,3125,6.103516
15103,512,3000,5.859375
15104,512,3125,6.103516
15105,512,3166,6.183594
15106,512,3167,6.185547
15107,512,2958,5.777344
15108,512,3042,5.941406
15109,512,3084,6.023438
15110,512,3083,6.021484
15111,512,3250,6.347656
15112,512,3125,6.103516
15113,512,3000,5.859375
15114,512,3250,6.347656
15115,512,3083,6.021484
15116,512,3334,6.511719
15117,512,3083,6.021484
15118,512,3167,6.185547
15119,512,3125,6.103516
15120,512,3209,6.267578
15121,512,3166,6.183594
15122,512,3084,6.023438
15123,512,3083,6.021484
15124,512,3250,6.347656
15125,512,3125,6.103516
15126,512,3041,5.939453
15127,512,3083,6.021484
15128,512,3084,6.023438
15129,512,3042,5.941406
15130,512,3291,6.427734
15131,512,3083,6.021484
15132,512,3084,6.023438
15133,512,2958,5.777344
15134,512,3125,6.103516
15135,512,3209,6.267578
15136,512,3083,6.021484
15137,512,3125,6.103516
15138,512,3167,6.185547
15139,512,3167,6.185547
15140,512,3125,6.103516
15141,512,2916,5.695312
15142,512,3125,6.103516
15143,512,3125,6.103516
15144,512,3125,6.103516
15145,512,3042,5.941406
15146,512,3125,6.103516
15147,512,3208,6.265625
15148,512,3125,6.103516
15149,512,3125,6.103516
15150,512,3125,6.103516
15151,512,3083,6.021484
15152,512,3083,6.021484
15153,512,3125,6.103516
15154,512,3250,6.347656
15155,512,3250,6.347656
15156,512,3125,6.103516
15157,512,3166,6.183594
15158,512,3042,5.941406
15159,512,3083,6.021484
15160,512,3125,6.103516
15161,512,3041,5.939453
15162,512,3125,6.103516
15163,512,3041,5.939453
15164,512,3167,6.185547
15165,512,3083,6.021484
15166,512,3166,6.183594
15167,512,3084,6.023438
15168,512,3084,6.023438
15169,512,3166,6.183594
15170,512,3042,5.941406
15171,512,3208,6.265625
15172,512,3042,5.941406
15173,512,3125,6.103516
15174,512,3125,6.103516
15175,512,2959,5.779297
15176,512,3000,5.859375
15177,512,3084,6.023438
15178,512,3125,6.103516
15179,512,3166,6.183594
15180,512,3208,6.265625
15181,512,3167,6.185547
15182,512,3250,6.347656
15183,512,3042,5.941406
15184,512,3084,6.023438
15185,512,3084,6.023438
15186,512,3209,6.267578
15187,512,3125,6.103516
15188,512,3250,6.347656
15189,512,3000,5.859375
15190,512,3167,6.185547
15191,512,3125,6.103516
15192,512,3166,6.183594
15193,512,3084,6.023438
15194,512,3167,6.185547
15195,512,3125,6.103516
15196,512,3125,6.103516
15197,512,3084,6.023438
15198,512,3125,6.103516
15199,512,3041,5.939453
15200,512,3125,6.103516
15201,512,3083,6.021484
15202,512,3125,6.103516
15203,512,3167,6.185547
15204,512,3041,5.939453
15205,512,3083,6.021484
15206,512,3000,5.859375
15207,512,3042,5.941406
15208,512,3000,5.859375
15209,512,3042,5.941406
15210,512,3125,6.103516
15211,512,3125,6.103516
15212,512,3042,5.941406
15213,512,3083,6.021484
15214,512,3125,6.103516
15215,512,3167,6.185547
15216,512,3125,6.103516
15217,512,3000,5.859375
15218,512,2958,5.777344
15219,512,3125,6.103516
15220,512,3125,6.103516
15221,512,3041,5.939453
15222,512,3000,5.859375
15223,512,3041,5.939453
15224,512,3042,5.941406
15225,512,3042,5.941406
15226,512,3125,6.103516
15227,512,3084,6.023438
15228,512,3125,6.103516
15229,512,3208,6.265625
15230,512,3208,6.265625
15231,512,3084,6.023438
15232,512,3333,6.509766
15233,512,3250,6.347656
15234,512,3083,6.021484
15235,512,3125,6.103516
15236,512,3125,6.103516
15237,512,3125,6.103516
15238,512,3083,6.021484
15239,512,2958,5.777344
15240,512,3125,6.103516
15241,512,3041,5.939453
15242,512,3208,6.265625
15243,512,3208,6.265625
15244,512,3084,6.023438
15245,512,3208,6.265625
15246,512,3125,6.103516
15247,512,3041,5.939453
15248,512,3167,6.185547
15249,512,3167,6.185547
15250,512,2959,5.779297
15251,512,3084,6.023438
15252,512,3083,6.021484
15253,512,3292,6.429688
15254,512,3000,5.859375
15255,512,3125,6.103516
15256,512,3125,6.103516
15257,512,3042,5.941406
15258,512,3125,6.103516
15259,512,3166,6.183594
15260,512,3042,5.941406
15261,512,3041,5.939453
15262,512,3167,6.185547
15263,512,3083,6.021484
15264,512,3041,5.939453
15265,512,3084,6.023438
15266,512,3125,6.103516
15267,512,3041,5.939453
15268,512,3084,6.023438
15269,512,3041,5.939453
15270,512,3000,5.859375
15271,512,3166,6.183594
15272,512,3084,6.023438
15273,512,3166,6.183594
15274,512,3084,6.023438
15275,512,3125,6.103516
15276,512,3083,6.021484
15277,512,3083,6.021484
15278,512,3000,5.859375
15279,512,3167,6.185547
15280,512,3000,5.859375
15281,512,3042,5.941406
15282,512,3125,6.103516
15283,512,3084,6.023438
15284,512,3208,6.265625
15285,512,3167,6.185547
15286,512,3000,5.859375
15287,512,3000,5.859375
15288,512,3041,5.939453
15289,512,2958,5.777344
15290,512,3083,6.021484
15291,512,3167,6.185547
15292,512,3041,5.939453
15293,512,3208,6.265625
15294,512,3000,5.859375
15295,512,3125,6.103516
15296,512,3000,5.859375
15297,512,3125,6.103516
15298,512,3167,6.185547
15299,512,3208,6.265625
15300,512,3209,6.267578
15301,512,3208,6.265625
15302,512,3125,6.103516
15303,512,3167,6.185547
15304,512,3125,6.103516
15305,512,3209,6.267578
15306,512,3000,5.859375
15307,512,3084,6.023438
15308,512,3125,6.103516
15309,512,3084,6.023438
15310,512,2958,5.777344
15311,512,3041,5.939453
15312,512,3084,6.023438
15313,512,3083,6.021484
15314,512,3083,6.021484
15315,512,3000,5.859375
15316,512,3084,6.023438
15317,512,3042,5.941406
15318,512,3125,6.103516
15319,512,3125,6.103516
15320,512,3167,6.185547
15321,512,3167,6.185547
15322,512,2958,5.777344
15323,512,3125,6.103516
15324,512,3042,5.941406
15325,512,3084,6.023438
15326,512,3084,6.023438
15327,512,3125,6.103516
15328,512,3166,6.183594
15329,512,3209,6.267578
15330,512,3083,6.021484
15331,512,3167,6.185547
15332,512,3166,6.183594
15333,512,3084,6.023438
15334,512,3125,6.103516
15335,512,3125,6.103516
15336,512,3167,6.185547
15337,512,3084,6.023438
15338,512,3084,6.023438
15339,512,3125,6.103516
15340,512,3084,6.023438
15341,512,3041,5.939453
15342,512,3125,6.103516
15343,512,3125,6.103516
15344,512,3125,6.103516
15345,512,3250,6.347656
15346,512,3042,5.941406
15347,512,3125,6.103516
15348,512,3125,6.103516
15349,512,3042,5.941406
15350,512,3042,5.941406
15351,512,3042,5.941406
15352,512,3208,6.265625
15353,512,3000,5.859375
15354,512,3042,5.941406
15355,512,3083,6.021484
15356,512,3084,6.023438
15357,512,3250,6.347656
15358,512,3125,6.103516
15359,512,3000,5.859375
15360,512,3000,5.859375
15361,512,3125,6.103516
15362,512,3125,6.103516
15363,512,3209,6.267578
15364,512,3125,6.103516
15365,512,3084,6.023438
15366,512,3125,6.103516
15367,512,3125,6.103516
15368,512,3167,6.185547
15369,512,3250,6.347656
15370,512,3125,6.103516
15371,512,3125,6.103516
15372,512,3166,6.183594
15373,512,3084,6.023438
15374,512,3208,6.265625
15375,512,3208,6.265625
15376,512,3125,6.103516
15377,512,3084,6.023438
15378,512,3041,5.939453
15379,512,3000,5.859375
15380,512,3125,6.103516
15381,512,3083,6.021484
15382,512,3125,6.103516
15383,512,3083,6.021484
15384,512,3125,6.103516
15385,512,3208,6.265625
15386,512,3167,6.185547
15387,512,2958,5.777344
15388,512,3166,6.183594
15389,512,3125,6.103516
15390,512,3209,6.267578
15391,512,3042,5.941406
15392,512,3083,6.021484
15393,512,3125,6.103516
15394,512,2958,5.777344
15395,512,3083,6.021484
15396,512,3209,6.267578
15397,512,3167,6.185547
15398,512,3166,6.183594
15399,512,3125,6.103516
15400,512,3083,6.021484
15401,512,3125,6.103516
15402,512,3167,6.185547
15403,512,3083,6.021484
15404,512,3125,6.103516
15405,512,3042,5.941406
15406,512,3166,6.183594
15407,512,3000,5.859375
15408,512,3125,6.103516
15409,512,3083,6.021484
15410,512,3083,6.021484
15411,512,3042,5.941406
15412,512,3125,6.103516
15413,512,3125,6.103516
15414,512,3083,6.021484
15415,512,3042,5.941406
15416,512,3041,5.939453
15417,512,3084,6.023438
15418,512,3000,5.859375
15419,512,3041,5.939453
15420,512,3167,6.185547
15421,512,3208,6.265625
15422,512,3125,6.103516
15423,512,3167,6.185547
15424,512,3292,6.429688
15425,512,3000,5.859375
15426,512,3084,6.023438
15427,512,3042,5.941406
15428,512,3083,6.021484
15429,512,3042,5.941406
15430,512,3083,6.021484
15431,512,3125,6.103516
15432,512,3083,6.021484
15433,512,3083,6.021484
15434,512,3042,5.941406
15435,512,3167,6.185547
15436,512,3041,5.939453
15437,512,3084,6.023438
15438,512,3125,6.103516
15439,512,3125,6.103516
15440,512,3209,6.267578
15441,512,3083,6.021484
15442,512,3167,6.185547
15443,512,2959,5.779297
15444,512,3125,6.103516
15445,512,3042,5.941406
15446,512,3041,5.939453
15447,512,3209,6.267578
15448,512,3125,6.103516
15449,512,3125,6.103516
15450,512,3000,5.859375
15451,512,3209,6.267578
15452,512,3083,6.021484
15453,512,3250,6.347656
15454,512,3000,5.859375
15455,512,3166,6.183594
15456,512,3167,6.185547
15457,512,3166,6.183594
15458,512,3125,6.103516
15459,512,3000,5.859375
15460,512,3083,6.021484
15461,512,3209,6.267578
15462,512,3291,6.427734
15463,512,3042,5.941406
15464,512,3125,6.103516
15465,512,3208,6.265625
15466,512,3083,6.021484
15467,512,3125,6.103516
15468,512,3167,6.185547
15469,512,3166,6.183594
15470,512,3209,6.267578
15471,512,3959,7.732422
15472,512,4166,8.136719
15473,512,4000,7.812500
15474,512,3917,7.650391
15475,512,3958,7.730469
15476,512,3292,6.429688
15477,512,3125,6.103516
15478,512,3125,6.103516
15479,512,3417,6.673828
15480,512,3416,6.671875
15481,512,3084,6.023438
15482,512,3167,6.185547
15483,512,3167,6.185547
15484,512,3083,6.021484
15485,512,2958,5.777344
15486,512,3208,6.265625
15487,512,3125,6.103516
15488,512,3208,6.265625
15489,512,3125,6.103516
15490,512,3083,6.021484
15491,512,3208,6.265625
15492,512,3042,5.941406
15493,512,3166,6.183594
15494,512,3375,6.591797
15495,512,3000,5.859375
15496,512,3083,6.021484
15497,512,3125,6.103516
15498,512,3167,6.185547
15499,512,3084,6.023438
15500,512,3125,6.103516
15501,512,3125,6.103516
15502,512,3125,6.103516
15503,512,3042,5.941406
15504,512,3083,6.021484
15505,512,3125,6.103516
15506,512,3000,5.859375
15507,512,3125,6.103516
15508,512,3042,5.941406
15509,512,3250,6.347656
15510,512,3041,5.939453
15511,512,3084,6.023438
15512,512,3125,6.103516
15513,512,2959,5.779297
15514,512,3125,6.103516
15515,512,3083,6.021484
15516,512,3042,5.941406
15517,512,3083,6.021484
15518,512,3083,6.021484
15519,512,3083,6.021484
15520,512,3041,5.939453
15521,512,3084,6.023438
15522,512,3167,6.185547
15523,512,3125,6.103516
15524,512,3208,6.265625
15525,512,3083,6.021484
15526,512,3084,6.023438
15527,512,3125,6.103516
15528,512,3209,6.267578
15529,512,3125,6.103516
15530,512,3125,6.103516
15531,512,3083,6.021484
15532,512,3125,6.103516
15533,512,3209,6.267578
15534,512,3083,6.021484
15535,512,3000,5.859375
15536,512,3042,5.941406
15537,512,3041,5.939453
15538,512,3375,6.591797
15539,512,3166,6.183594
15540,512,3042,5.941406
15541,512,3042,5.941406
15542,512,3167,6.185547
15543,512,3208,6.265625
15544,512,3000,5.859375
15545,512,3208,6.265625
15546,512,3042,5.941406
15547,512,3125,6.103516
15548,512,3084,6.023438
15549,512,3084,6.023438
15550,512,3084,6.023438
15551,512,3041,5.939453
15552,512,3084,6.023438
15553,512,3083,6.021484
15554,512,3250,6.347656
15555,512,3167,6.185547
15556,512,3042,5.941406
15557,512,3000,5.859375
15558,512,3041,5.939453
15559,512,3084,6.023438
15560,512,3125,6.103516
15561,512,3084,6.023438
15562,512,3083,6.021484
15563,512,3000,5.859375
15564,512,3166,6.183594
15565,512,3042,5.941406
15566,512,3125,6.103516
15567,512,3083,6.021484
15568,512,3083,6.021484
15569,512,3209,6.267578
15570,512,3166,6.183594
15571,512,3125,6.103516
15572,512,3084,6.023438
15573,512,3084,6.023438
15574,512,3083,6.021484
15575,512,3167,6.185547
15576,512,3083,6.021484
15577,512,3125,6.103516
15578,512,3125,6.103516
15579,512,3125,6.103516
15580,512,3167,6.185547
15581,512,3208,6.265625
15582,512,3000,5.859375
15583,512,3000,5.859375
15584,512,3125,6.103516
15585,512,3084,6.023438
15586,512,3166,6.183594
15587,512,3167,6.185547
15588,512,3166,6.183594
15589,512,12083,23.599609
15590,512,3167,6.185547
15591,512,3125,6.103516
15592,512,3125,6.103516
15593,512,3083,6.021484
15594,512,3042,5.941406
15595,512,3125,6.103516
15596,512,3166,6.183594
15597,512,3125,6.103516
15598,512,3208,6.265625
15599,512,3209,6.267578
15600,512,3125,6.103516
15601,512,3166,6.183594
15602,512,3208,6.265625
15603,512,3125,6.103516
15604,512,3125,6.103516
15605,512,3042,5.941406
15606,512,3042,5.941406
15607,512,3083,6.021484
15608,512,3167,6.185547
15609,512,3166,6.183594
15610,512,3167,6.185547
15611,512,3041,5.939453
15612,512,3125,6.103516
15613,512,3167,6.185547
15614,512,3208,6.265625
15615,512,3167,6.185547
15616,512,3292,6.429688
15617,512,3000,5.859375
15618,512,3084,6.023438
15619,512,3167,6.185547
15620,512,3166,6.183594
15621,512,3084,6.023438
15622,512,3083,6.021484
15623,512,3042,5.941406
15624,512,3041,5.939453
15625,512,3000,5.859375
15626,512,3000,5.859375
15627,512,3083,6.021484
15628,512,3083,6.021484
15629,512,3167,6.185547
15630,512,3083,6.021484
15631,512,3167,6.185547
15632,512,3000,5.859375
15633,512,3083,6.021484
15634,512,3000,5.859375
15635,512,3125,6.103516
15636,512,3208,6.265625
15637,512,3250,6.347656
15638,512,3083,6.021484
15639,512,3083,6.021484
15640,512,3250,6.347656
15641,512,3292,6.429688
15642,512,2958,5.777344
15643,512,3000,5.859375
15644,512,3292,6.429688
15645,512,3042,5.941406
15646,512,3125,6.103516
15647,512,3042,5.941406
15648,512,3125,6.103516
15649,512,3000,5.859375
15650,512,3208,6.265625
15651,512,3083,6.021484
15652,512,3042,5.941406
15653,512,3083,6.021484
15654,512,3209,6.267578
15655,512,2916,5.695312
15656,512,3250,6.347656
15657,512,3125,6.103516
15658,512,3042,5.941406
15659,512,3291,6.427734
15660,512,3125,6.103516
15661,512,3042,5.941406
15662,512,3125,6.103516
15663,512,3084,6.023438
15664,512,3291,6.427734
15665,512,3250,6.347656
15666,512,3125,6.103516
15667,512,3000,5.859375
15668,512,3208,6.265625
15669,512,3167,6.185547
15670,512,3083,6.021484
15671,512,3125,6.103516
15672,512,3041,5.939453
15673,512,3167,6.185547
15674,512,3166,6.183594
15675,512,4083,7.974609
15676,512,3917,7.650391
15677,512,3916,7.648438
15678,512,4000,7.812500
15679,512,3667,7.162109
15680,512,3166,6.183594
15681,512,3042,5.941406
15682,512,3166,6.183594
15683,512,3167,6.185547
15684,512,3250,6.347656
15685,512,3208,6.265625
15686,512,3125,6.103516
15687,512,3084,6.023438
15688,512,3208,6.265625
15689,512,3208,6.265625
15690,512,3250,6.347656
15691,512,3250,6.347656
15692,512,3083,6.021484
15693,512,3292,6.429688
15694,512,3125,6.103516
15695,512,3292,6.429688
15696,512,3042,5.941406
15697,512,3541,6.916016
15698,512,3084,6.023438
15699,512,3209,6.267578
15700,512,3083,6.021484
15701,512,3083,6.021484
15702,512,3208,6.265625
15703,512,3209,6.267578
15704,512,3208,6.265625
15705,512,3125,6.103516
15706,512,3083,6.021484
15707,512,3166,6.183594
15708,512,3167,6.185547
15709,512,3166,6.183594
15710,512,3209,6.267578
15711,512,3125,6.103516
15712,512,3000,5.859375
15713,512,3125,6.103516
15714,512,3208,6.265625
15715,512,3083,6.021484
15716,512,3042,5.941406
15717,512,3167,6.185547
15718,512,3084,6.023438
15719,512,3042,5.941406
15720,512,3083,6.021484
15721,512,3125,6.103516
15722,512,3167,6.185547
15723,512,3083,6.021484
15724,512,2958,5.777344
15725,512,3125,6.103516
15726,512,3125,6.103516
15727,512,3042,5.941406
15728,512,3167,6.185547
15729,512,2916,5.695312
15730,512,3042,5.941406
15731,512,3208,6.265625
15732,512,3083,6.021484
15733,512,3042,5.941406
15734,512,2875,5.615234
15735,512,3084,6.023438
15736,512,3042,5.941406
15737,512,3083,6.021484
15738,512,2917,5.697266
15739,512,3041,5.939453
15740,512,3042,5.941406
15741,512,2958,5.777344
15742,512,3042,5.941406
15743,512,3041,5.939453
15744,512,3125,6.103516
15745,512,3083,6.021484
15746,512,3125,6.103516
15747,512,3125,6.103516
15748,512,2959,5.779297
15749,512,3042,5.941406
15750,512,3083,6.021484
15751,512,3125,6.103516
15752,512,3125,6.103516
15753,512,3084,6.023438
15754,512,3166,6.183594
15755,512,3209,6.267578
15756,512,3083,6.021484
15757,512,3042,5.941406
15758,512,3166,6.183594
15759,512,3167,6.185547
15760,512,3000,5.859375
15761,512,3084,6.023438
15762,512,3250,6.347656
15763,512,3084,6.023438
15764,512,3041,5.939453
15765,512,3083,6.021484
15766,512,3167,6.185547
15767,512,3042,5.941406
15768,512,3083,6.021484
15769,512,3083,6.021484
15770,512,3125,6.103516
15771,512,3041,5.939453
15772,512,3209,6.267578
15773,512,3125,6.103516
15774,512,3084,6.023438
15775,512,3000,5.859375
15776,512,3083,6.021484
15777,512,3000,5.859375
15778,512,3166,6.183594
15779,512,3125,6.103516
15780,512,3167,6.185547
15781,512,3042,5.941406
15782,512,3208,6.265625
15783,512,3042,5.941406
15784,512,3125,6.103516
15785,512,2959,5.779297
15786,512,3125,6.103516
15787,512,3125,6.103516
15788,512,3083,6.021484
15789,512,3083,6.021484
15790,512,3125,6.103516
15791,512,3166,6.183594
15792,512,3084,6.023438
15793,512,3000,5.859375
15794,512,3000,5.859375
15795,512,3167,6.185547
15796,512,3083,6.021484
15797,512,3250,6.347656
15798,512,3083,6.021484
15799,512,3167,6.185547
15800,512,3208,6.265625
15801,512,3042,5.941406
15802,512,3041,5.939453
15803,512,2958,5.777344
15804,512,3084,6.023438
15805,512,3167,6.185547
15806,512,3125,6.103516
15807,512,3000,5.859375
15808,512,3000,5.859375
15809,512,3083,6.021484
15810,512,3083,6.021484
15811,512,3042,5.941406
15812,512,3000,5.859375
15813,512,3167,6.185547
15814,512,3042,5.941406
15815,512,3083,6.021484
15816,512,3167,6.185547
15817,512,3125,6.103516
15818,512,3000,5.859375
15819,512,3083,6.021484
15820,512,3083,6.021484
15821,512,3125,6.103516
15822,512,3083,6.021484
15823,512,3083,6.021484
15824,512,2958,5.777344
15825,512,3083,6.021484
15826,512,3167,6.185547
15827,512,3166,6.183594
15828,512,3083,6.021484
15829,512,3042,5.941406
15830,512,3041,5.939453
15831,512,3042,5.941406
15832,512,3084,6.023438
15833,512,3041,5.939453
15834,512,3042,5.941406
15835,512,3084,6.023438
15836,512,3125,6.103516
15837,512,3125,6.103516
15838,512,3000,5.859375
15839,512,3167,6.185547
15840,512,3208,6.265625
15841,512,3125,6.103516
15842,512,3125,6.103516
15843,512,3042,5.941406
15844,512,3041,5.939453
15845,512,3084,6.023438
15846,512,3083,6.021484
15847,512,3041,5.939453
15848,512,3084,6.023438
15849,512,3167,6.185547
15850,512,3042,5.941406
15851,512,3125,6.103516
15852,512,3208,6.265625
15853,512,3208,6.265625
15854,512,3250,6.347656
15855,512,3042,5.941406
15856,512,3166,6.183594
15857,512,3167,6.185547
15858,512,3167,6.185547
15859,512,3041,5.939453
15860,512,3042,5.941406
15861,512,3125,6.103516
15862,512,3084,6.023438
15863,512,3083,6.021484
15864,512,3042,5.941406
15865,512,3042,5.941406
15866,512,3083,6.021484
15867,512,3083,6.021484
15868,512,3125,6.103516
15869,512,3208,6.265625
15870,512,3125,6.103516
15871,512,3125,6.103516
15872,512,3125,6.103516
15873,512,3083,6.021484
15874,512,3125,6.103516
15875,512,3167,6.185547
15876,512,3166,6.183594
15877,512,3125,6.103516
15878,512,3166,6.183594
15879,512,3167,6.185547
15880,512,3041,5.939453
15881,512,3167,6.185547
15882,512,3042,5.941406
15883,512,3083,6.021484
15884,512,3083,6.021484
15885,512,3042,5.941406
15886,512,3209,6.267578
15887,512,3041,5.939453
15888,512,3083,6.021484
15889,512,3125,6.103516
15890,512,3125,6.103516
15891,512,3125,6.103516
15892,512,3125,6.103516
15893,512,3125,6.103516
15894,512,3083,6.021484
15895,512,3167,6.185547
15896,512,3125,6.103516
15897,512,3084,6.023438
15898,512,3125,6.103516
15899,512,3083,6.021484
15900,512,3083,6.021484
15901,512,3041,5.939453
15902,512,3042,5.941406
15903,512,3083,6.021484
15904,512,3083,6.021484
15905,512,3083,6.021484
15906,512,3084,6.023438
15907,512,3166,6.183594
15908,512,3084,6.023438
15909,512,3125,6.103516
15910,512,3042,5.941406
15911,512,3042,5.941406
15912,512,3042,5.941406
15913,512,3042,5.941406
15914,512,3250,6.347656
15915,512,3083,6.021484
15916,512,3167,6.185547
15917,512,3083,6.021484
15918,512,3167,6.185547
15919,512,3167,6.185547
15920,512,3166,6.183594
15921,512,3167,6.185547
15922,512,3125,6.103516
15923,512,3166,6.183594
15924,512,3167,6.185547
15925,512,3167,6.185547
15926,512,3167,6.185547
15927,512,3042,5.941406
15928,512,3125,6.103516
15929,512,3167,6.185547
15930,512,3125,6.103516
15931,512,3041,5.939453
15932,512,3042,5.941406
15933,512,3125,6.103516
15934,512,3167,6.185547
15935,512,3208,6.265625
15936,512,3167,6.185547
15937,512,3042,5.941406
15938,512,3083,6.021484
15939,512,3167,6.185547
15940,512,3250,6.347656
15941,512,3083,6.021484
15942,512,3208,6.265625
15943,512,3083,6.021484
15944,512,3042,5.941406
15945,512,3166,6.183594
15946,512,3125,6.103516
15947,512,3042,5.941406
15948,512,3041,5.939453
15949,512,3167,6.185547
15950,512,3000,5.859375
15951,512,3167,6.185547
15952,512,3083,6.021484
15953,512,3083,6.021484
15954,512,3000,5.859375
15955,512,3167,6.185547
15956,512,3250,6.347656
15957,512,3083,6.021484
15958,512,3041,5.939453
15959,512,3209,6.267578
15960,512,3125,6.103516
15961,512,3166,6.183594
15962,512,3000,5.859375
15963,512,3167,6.185547
15964,512,3167,6.185547
15965,512,3167,6.185547
15966,512,3125,6.103516
15967,512,3042,5.941406
15968,512,3084,6.023438
15969,512,3125,6.103516
15970,512,3209,6.267578
15971,512,3083,6.021484
15972,512,3000,5.859375
15973,512,3125,6.103516
15974,512,3125,6.103516
15975,512,3125,6.103516
15976,512,3125,6.103516
15977,512,3000,5.859375
15978,512,3083,6.021484
15979,512,3125,6.103516
15980,512,3125,6.103516
15981,512,3042,5.941406
15982,512,3083,6.021484
15983,512,3167,6.185547
15984,512,3041,5.939453
15985,512,3000,5.859375
15986,512,3167,6.185547
15987,512,3083,6.021484
15988,512,3208,6.265625
15989,512,3250,6.347656
15990,512,3125,6.103516
15991,512,3125,6.103516
15992,512,3084,6.023438
15993,512,3000,5.859375
15994,512,3000,5.859375
15995,512,3167,6.185547
15996,512,3083,6.021484
15997,512,3083,6.021484
15998,512,3167,6.185547
15999,512,3125,6.103516
16000,512,3334,6.511719
16001,512,3084,6.023438
16002,512,3084,6.023438
16003,512,3125,6.103516
16004,512,3083,6.021484
16005,512,3167,6.185547
16006,512,3041,5.939453
16007,512,3167,6.185547
16008,512,3000,5.859375
16009,512,3125,6.103516
16010,512,3125,6.103516
16011,512,3209,6.267578
16012,512,3084,6.023438
16013,512,3083,6.021484
16014,512,2958,5.777344
16015,512,3083,6.021484
16016,512,3167,6.185547
16017,512,3083,6.021484
16018,512,3125,6.103516
16019,512,3083,6.021484
16020,512,3250,6.347656
16021,512,3083,6.021484
16022,512,3125,6.103516
16023,512,3083,6.021484
16024,512,2958,5.777344
16025,512,3125,6.103516
16026,512,2958,5.777344
16027,512,3209,6.267578
16028,512,3083,6.021484
16029,512,3166,6.183594
16030,512,3042,5.941406
16031,512,3041,5.939453
16032,512,3167,6.185547
16033,512,3291,6.427734
16034,512,3167,6.185547
16035,512,3125,6.103516
16036,512,3125,6.103516
16037,512,3041,5.939453
16038,512,3125,6.103516
16039,512,3208,6.265625
16040,512,3250,6.347656
16041,512,3125,6.103516
16042,512,3042,5.941406
16043,512,3125,6.103516
16044,512,3041,5.939453
16045,512,3084,6.023438
16046,512,3084,6.023438
16047,512,3084,6.023438
16048,512,3083,6.021484
16049,512,3291,6.427734
16050,512,3167,6.185547
16051,512,3000,5.859375
16052,512,3083,6.021484
16053,512,3042,5.941406
16054,512,3083,6.021484
16055,512,3042,5.941406
16056,512,3166,6.183594
16057,512,3125,6.103516
16058,512,3083,6.021484
16059,512,3292,6.429688
16060,512,3125,6.103516
16061,512,3042,5.941406
16062,512,3167,6.185547
16063,512,3000,5.859375
16064,512,3125,6.103516
16065,512,3208,6.265625
16066,512,3208,6.265625
16067,512,3125,6.103516
16068,512,3125,6.103516
16069,512,3125,6.103516
16070,512,3000,5.859375
16071,512,3250,6.347656
16072,512,3208,6.265625
16073,512,3083,6.021484
16074,512,3042,5.941406
16075,512,3250,6.347656
16076,512,3209,6.267578
16077,512,3125,6.103516
16078,512,3125,6.103516
16079,512,3334,6.511719
16080,512,3042,5.941406
16081,512,3208,6.265625
16082,512,3084,6.023438
16083,512,3125,6.103516
16084,512,3125,6.103516
16085,512,3125,6.103516
16086,512,3167,6.185547
16087,512,3042,5.941406
16088,512,3125,6.103516
16089,512,3167,6.185547
16090,512,3083,6.021484
16091,512,3167,6.185547
16092,512,3083,6.021484
16093,512,3000,5.859375
16094,512,3250,6.347656
16095,512,3083,6.021484
16096,512,3209,6.267578
16097,512,3041,5.939453
16098,512,3167,6.185547
16099,512,3167,6.185547
16100,512,3250,6.347656
16101,512,3084,6.023438
16102,512,3000,5.859375
16103,512,3125,6.103516
16104,512,3167,6.185547
16105,512,3166,6.183594
16106,512,3125,6.103516
16107,512,3125,6.103516
16108,512,3084,6.023438
16109,512,3042,5.941406
16110,512,3000,5.859375
16111,512,3083,6.021484
16112,512,2958,5.777344
16113,512,3167,6.185547
16114,512,3041,5.939453
16115,512,3125,6.103516
16116,512,3208,6.265625
16117,512,3125,6.103516
16118,512,3000,5.859375
16119,512,3000,5.859375
16120,512,3125,6.103516
16121,512,3208,6.265625
16122,512,3083,6.021484
16123,512,3042,5.941406
16124,512,3083,6.021484
16125,512,3125,6.103516
16126,512,3250,6.347656
16127,512,3125,6.103516
16128,512,3083,6.021484
16129,512,3167,6.185547
16130,512,3041,5.939453
16131,512,3084,6.023438
16132,512,3166,6.183594
16133,512,3250,6.347656
16134,512,3125,6.103516
16135,512,3125,6.103516
16136,512,3125,6.103516
16137,512,3125,6.103516
16138,512,3125,6.103516
16139,512,3125,6.103516
16140,512,3166,6.183594
16141,512,3000,5.859375
16142,512,3041,5.939453
16143,512,3084,6.023438
16144,512,3125,6.103516
16145,512,2958,5.777344
16146,512,3041,5.939453
16147,512,3042,5.941406
16148,512,3167,6.185547
16149,512,3041,5.939453
16150,512,3000,5.859375
16151,512,3125,6.103516
16152,512,3208,6.265625
16153,512,3125,6.103516
16154,512,3000,5.859375
16155,512,3083,6.021484
16156,512,3000,5.859375
16157,512,3084,6.023438
16158,512,3167,6.185547
16159,512,3167,6.185547
16160,512,3000,5.859375
16161,512,3084,6.023438
16162,512,3166,6.183594
16163,512,10292,20.101562
16164,512,3083,6.021484
16165,512,3125,6.103516
16166,512,3416,6.671875
16167,512,3125,6.103516
16168,512,3125,6.103516
16169,512,3334,6.511719
16170,512,3125,6.103516
16171,512,3083,6.021484
16172,512,3083,6.021484
16173,512,3209,6.267578
16174,512,3083,6.021484
16175,512,3083,6.021484
16176,512,3208,6.265625
16177,512,3042,5.941406
16178,512,3083,6.021484
16179,512,3042,5.941406
16180,512,3166,6.183594
16181,512,3042,5.941406
16182,512,3125,6.103516
16183,512,3084,6.023438
16184,512,3083,6.021484
16185,512,3125,6.103516
16186,512,3042,5.941406
16187,512,3125,6.103516
16188,512,3083,6.021484
16189,512,3167,6.185547
16190,512,3125,6.103516
16191,512,3166,6.183594
16192,512,3042,5.941406
16193,512,3084,6.023438
16194,512,3125,6.103516
16195,512,3042,5.941406
16196,512,3083,6.021484
16197,512,3041,5.939453
16198,512,3084,6.023438
16199,512,3208,6.265625
16200,512,3083,6.021484
16201,512,3083,6.021484
16202,512,3083,6.021484
16203,512,3167,6.185547
16204,512,3084,6.023438
16205,512,3250,6.347656
16206,512,3166,6.183594
16207,512,3125,6.103516
16208,512,3167,6.185547
16209,512,3083,6.021484
16210,512,3084,6.023438
16211,512,3209,6.267578
16212,512,3083,6.021484
16213,512,3042,5.941406
16214,512,3084,6.023438
16215,512,3000,5.859375
16216,512,3084,6.023438
16217,512,3083,6.021484
16218,512,3208,6.265625
16219,512,3125,6.103516
16220,512,3083,6.021484
16221,512,3083,6.021484
16222,512,3125,6.103516
16223,512,3000,5.859375
16224,512,3042,5.941406
16225,512,3042,5.941406
16226,512,3041,5.939453
16227,512,3042,5.941406
16228,512,3416,6.671875
16229,512,4042,7.894531
16230,512,3958,7.730469
16231,512,3959,7.732422
16232,512,3875,7.568359
16233,512,3500,6.835938
16234,512,3166,6.183594
16235,512,3292,6.429688
16236,512,3250,6.347656
16237,512,3166,6.183594
16238,512,3208,6.265625
16239,512,3125,6.103516
16240,512,3250,6.347656
16241,512,3125,6.103516
16242,512,3166,6.183594
16243,512,3334,6.511719
16244,512,3167,6.185547
16245,512,3208,6.265625
16246,512,3250,6.347656
16247,512,3250,6.347656
16248,512,3083,6.021484
16249,512,3292,6.429688
16250,512,3167,6.185547
16251,512,3333,6.509766
16252,512,3333,6.509766
16253,512,3208,6.265625
16254,512,3167,6.185547
16255,512,3250,6.347656
16256,512,3292,6.429688
16257,512,3250,6.347656
16258,512,3166,6.183594
16259,512,3084,6.023438
16260,512,3250,6.347656
16261,512,3167,6.185547
16262,512,3250,6.347656
16263,512,3250,6.347656
16264,512,3000,5.859375
16265,512,3167,6.185547
16266,512,3166,6.183594
16267,512,3167,6.185547
16268,512,3042,5.941406
16269,512,3125,6.103516
16270,512,3208,6.265625
16271,512,3292,6.429688
16272,512,3083,6.021484
16273,512,3167,6.185547
16274,512,3208,6.265625
16275,512,3208,6.265625
16276,512,3125,6.103516
16277,512,3208,6.265625
16278,512,3250,6.347656
16279,512,3167,6.185547
16280,512,3083,6.021484
16281,512,3250,6.347656
16282,512,3083,6.021484
16283,512,3125,6.103516
16284,512,3125,6.103516
16285,512,3167,6.185547
16286,512,2958,5.777344
16287,512,3042,5.941406
16288,512,3250,6.347656
16289,512,3209,6.267578
16290,512,3250,6.347656
16291,512,3209,6.267578
16292,512,3083,6.021484
16293,512,2958,5.777344
16294,512,3250,6.347656
16295,512,3167,6.185547
16296,512,3166,6.183594
16297,512,3125,6.103516
16298,512,3417,6.673828
16299,512,3250,6.347656
16300,512,3209,6.267578
16301,512,3250,6.347656
16302,512,3292,6.429688
16303,512,3125,6.103516
16304,512,3125,6.103516
16305,512,3167,6.185547
16306,512,3083,6.021484
16307,512,3125,6.103516
16308,512,3083,6.021484
16309,512,3125,6.103516
16310,512,3084,6.023438
16311,512,3166,6.183594
16312,512,3375,6.591797
16313,512,3250,6.347656
16314,512,3167,6.185547
16315,512,3250,6.347656
16316,512,3208,6.265625
16317,512,3250,6.347656
16318,512,3292,6.429688
16319,512,3208,6.265625
16320,512,3125,6.103516
16321,512,3125,6.103516
16322,512,3166,6.183594
16323,512,3209,6.267578
16324,512,3291,6.427734
16325,512,3125,6.103516
16326,512,3167,6.185547
16327,512,3166,6.183594
16328,512,3084,6.023438
16329,512,3125,6.103516
16330,512,3208,6.265625
16331,512,3166,6.183594
16332,512,3250,6.347656
16333,512,3208,6.265625
16334,512,3209,6.267578
16335,512,3250,6.347656
16336,512,3166,6.183594
16337,512,3167,6.185547
16338,512,3083,6.021484
16339,512,3208,6.265625
16340,512,3167,6.185547
16341,512,3208,6.265625
16342,512,3125,6.103516
16343,512,3125,6.103516
16344,512,3291,6.427734
16345,512,3167,6.185547
16346,512,3208,6.265625
16347,512,3292,6.429688
16348,512,3208,6.265625
16349,512,3166,6.183594
16350,512,3167,6.185547
16351,512,3208,6.265625
16352,512,3083,6.021484
16353,512,3084,6.023438
16354,512,3125,6.103516
16355,512,3000,5.859375
16356,512,3083,6.021484
16357,512,3125,6.103516
16358,512,3250,6.347656
16359,512,3250,6.347656
16360,512,3208,6.265625
16361,512,3042,5.941406
16362,512,3167,6.185547
16363,512,3208,6.265625
16364,512,3208,6.265625
16365,512,3083,6.021484
16366,512,3042,5.941406
16367,512,3166,6.183594
16368,512,3209,6.267578
16369,512,3250,6.347656
16370,512,3125,6.103516
16371,512,3208,6.265625
16372,512,3000,5.859375
16373,512,3167,6.185547
16374,512,3125,6.103516
16375,512,3125,6.103516
16376,512,3167,6.185547
16377,512,3083,6.021484
16378,512,3125,6.103516
16379,512,3041,5.939453
16380,512,3292,6.429688
16381,512,3042,5.941406
16382,512,3208,6.265625
16383,512,3084,6.023438
16384,512,3125,6.103516
16385,512,3209,6.267578
16386,512,3250,6.347656
16387,512,3250,6.347656
16388,512,3333,6.509766
16389,512,3209,6.267578
16390,512,3208,6.265625
16391,512,3208,6.265625
16392,512,3209,6.267578
16393,512,3333,6.509766
16394,512,3208,6.265625
16395,512,3125,6.103516
16396,512,3250,6.347656
16397,512,3333,6.509766
16398,512,3250,6.347656
16399,512,3250,6.347656
16400,512,3166,6.183594
16401,512,3250,6.347656
16402,512,3167,6.185547
16403,512,3166,6.183594
16404,512,3292,6.429688
16405,512,3125,6.103516
16406,512,3166,6.183594
16407,512,3167,6.185547
16408,512,3250,6.347656
16409,512,3208,6.265625
16410,512,3375,6.591797
16411,512,3084,6.023438
16412,512,3208,6.265625
16413,512,3125,6.103516
16414,512,3208,6.265625
16415,512,3250,6.347656
16416,512,3167,6.185547
16417,512,3250,6.347656
16418,512,3208,6.265625
16419,512,3292,6.429688
16420,512,3167,6.185547
16421,512,3167,6.185547
16422,512,3208,6.265625
16423,512,3167,6.185547
16424,512,3166,6.183594
16425,512,3083,6.021484
16426,512,3167,6.185547
16427,512,3291,6.427734
16428,512,3000,5.859375
16429,512,3166,6.183594
16430,512,3125,6.103516
16431,512,3167,6.185547
16432,512,3166,6.183594
16433,512,3167,6.185547
16434,512,3167,6.185547
16435,512,3167,6.185547
16436,512,3250,6.347656
16437,512,3125,6.103516
16438,512,3166,6.183594
16439,512,3292,6.429688
16440,512,3083,6.021484
16441,512,3042,5.941406
16442,512,3209,6.267578
16443,512,3209,6.267578
16444,512,3166,6.183594
16445,512,3167,6.185547
16446,512,3125,6.103516
16447,512,3167,6.185547
16448,512,3166,6.183594
16449,512,3209,6.267578
16450,512,3083,6.021484
16451,512,3167,6.185547
16452,512,3208,6.265625
16453,512,3208,6.265625
16454,512,3208,6.265625
16455,512,3209,6.267578
16456,512,3125,6.103516
16457,512,3125,6.103516
16458,512,3208,6.265625
16459,512,3125,6.103516
16460,512,3042,5.941406
16461,512,3125,6.103516
16462,512,3125,6.103516
16463,512,3167,6.185547
16464,512,3209,6.267578
16465,512,3166,6.183594
16466,512,3125,6.103516
16467,512,3125,6.103516
16468,512,3042,5.941406
16469,512,3167,6.185547
16470,512,3041,5.939453
16471,512,3167,6.185547
16472,512,3333,6.509766
16473,512,3292,6.429688
16474,512,3125,6.103516
16475,512,3208,6.265625
16476,512,3167,6.185547
16477,512,3166,6.183594
16478,512,3167,6.185547
16479,512,3083,6.021484
16480,512,3167,6.185547
16481,512,3167,6.185547
16482,512,3166,6.183594
16483,512,3083,6.021484
16484,512,3292,6.429688
16485,512,3208,6.265625
16486,512,3208,6.265625
16487,512,3292,6.429688
16488,512,3208,6.265625
16489,512,3208,6.265625
16490,512,3083,6.021484
16491,512,3209,6.267578
16492,512,3125,6.103516
16493,512,3167,6.185547
16494,512,3125,6.103516
16495,512,3291,6.427734
16496,512,3125,6.103516
16497,512,3125,6.103516
16498,512,3125,6.103516
16499,512,3042,5.941406
16500,512,3250,6.347656
16501,512,3334,6.511719
16502,512,3208,6.265625
16503,512,3375,6.591797
16504,512,3166,6.183594
16505,512,3209,6.267578
16506,512,3125,6.103516
16507,512,3209,6.267578
16508,512,3250,6.347656
16509,512,3125,6.103516
16510,512,3208,6.265625
16511,512,3250,6.347656
16512,512,3292,6.429688
16513,512,3042,5.941406
16514,512,3084,6.023438
16515,512,3250,6.347656
16516,512,3166,6.183594
16517,512,3167,6.185547
16518,512,3250,6.347656
16519,512,3208,6.265625
16520,512,3208,6.265625
16521,512,3208,6.265625
16522,512,3167,6.185547
16523,512,3125,6.103516
16524,512,3042,5.941406
16525,512,3166,6.183594
16526,512,3042,5.941406
16527,512,3125,6.103516
16528,512,3166,6.183594
16529,512,3125,6.103516
16530,512,3375,6.591797
16531,512,3250,6.347656
16532,512,3125,6.103516
16533,512,3125,6.103516
16534,512,3042,5.941406
16535,512,3209,6.267578
16536,512,3250,6.347656
16537,512,3083,6.021484
16538,512,3250,6.347656
16539,512,3083,6.021484
16540,512,3209,6.267578
16541,512,3166,6.183594
16542,512,3125,6.103516
16543,512,3208,6.265625
16544,512,3167,6.185547
16545,512,3208,6.265625
16546,512,3084,6.023438
16547,512,3166,6.183594
16548,512,3167,6.185547
16549,512,3083,6.021484
16550,512,3292,6.429688
16551,512,3167,6.185547
16552,512,3167,6.185547
16553,512,3167,6.185547
16554,512,3167,6.185547
16555,512,3083,6.021484
16556,512,3292,6.429688
16557,512,3208,6.265625
16558,512,3250,6.347656
16559,512,3167,6.185547
16560,512,3083,6.021484
16561,512,3250,6.347656
16562,512,3292,6.429688
16563,512,3167,6.185547
16564,512,3167,6.185547
16565,512,3250,6.347656
16566,512,3209,6.267578
16567,512,3208,6.265625
16568,512,3167,6.185547
16569,512,3167,6.185547
16570,512,3291,6.427734
16571,512,3167,6.185547
16572,512,3208,6.265625
16573,512,3334,6.511719
16574,512,3166,6.183594
16575,512,3083,6.021484
16576,512,3167,6.185547
16577,512,3166,6.183594
16578,512,3250,6.347656
16579,512,3125,6.103516
16580,512,3209,6.267578
16581,512,3166,6.183594
16582,512,3209,6.267578
16583,512,3125,6.103516
16584,512,3125,6.103516
16585,512,3167,6.185547
16586,512,3125,6.103516
16587,512,3125,6.103516
16588,512,3334,6.511719
16589,512,3375,6.591797
16590,512,3000,5.859375
16591,512,3041,5.939453
16592,512,3167,6.185547
16593,512,3208,6.265625
16594,512,3083,6.021484
16595,512,3167,6.185547
16596,512,3125,6.103516
16597,512,3167,6.185547
16598,512,3084,6.023438
16599,512,3042,5.941406
16600,512,3125,6.103516
16601,512,3125,6.103516
16602,512,3292,6.429688
16603,512,3250,6.347656
16604,512,3166,6.183594
16605,512,2959,5.779297
16606,512,3042,5.941406
16607,512,3125,6.103516
16608,512,3208,6.265625
16609,512,3125,6.103516
16610,512,3167,6.185547
16611,512,3041,5.939453
16612,512,3083,6.021484
16613,512,3292,6.429688
16614,512,3125,6.103516
16615,512,3083,6.021484
16616,512,3125,6.103516
16617,512,3125,6.103516
16618,512,3000,5.859375
16619,512,3167,6.185547
16620,512,3083,6.021484
16621,512,3208,6.265625
16622,512,3125,6.103516
16623,512,3084,6.023438
16624,512,3041,5.939453
16625,512,3084,6.023438
16626,512,3125,6.103516
16627,512,3083,6.021484
16628,512,3041,5.939453
16629,512,3042,5.941406
16630,512,3125,6.103516
16631,512,3125,6.103516
16632,512,2958,5.777344
16633,512,3084,6.023438
16634,512,3084,6.023438
16635,512,3166,6.183594
16636,512,3334,6.511719
16637,512,3166,6.183594
16638,512,3084,6.023438
16639,512,3125,6.103516
16640,512,2959,5.779297
16641,512,3084,6.023438
16642,512,3000,5.859375
16643,512,3166,6.183594
16644,512,3167,6.185547
16645,512,3167,6.185547
16646,512,3083,6.021484
16647,512,3000,5.859375
16648,512,3083,6.021484
16649,512,3083,6.021484
16650,512,3083,6.021484
16651,512,3167,6.185547
16652,512,3250,6.347656
16653,512,3167,6.185547
16654,512,3042,5.941406
16655,512,3041,5.939453
16656,512,3125,6.103516
16657,512,3083,6.021484
16658,512,3042,5.941406
16659,512,3125,6.103516
16660,512,3583,6.998047
16661,512,3875,7.568359
16662,512,4208,8.218750
16663,512,3792,7.406250
16664,512,3959,7.732422
16665,512,3541,6.916016
16666,512,3209,6.267578
16667,512,3042,5.941406
16668,512,3166,6.183594
16669,512,3250,6.347656
16670,512,3209,6.267578
16671,512,3250,6.347656
16672,512,3125,6.103516
16673,512,3125,6.103516
16674,512,3125,6.103516
16675,512,3167,6.185547
16676,512,3167,6.185547
16677,512,3292,6.429688
16678,512,3291,6.427734
16679,512,3167,6.185547
16680,512,3333,6.509766
16681,512,3292,6.429688
16682,512,3125,6.103516
16683,512,3208,6.265625
16684,512,3250,6.347656
16685,512,3208,6.265625
16686,512,3167,6.185547
16687,512,3250,6.347656
16688,512,3083,6.021484
16689,512,3250,6.347656
16690,512,3291,6.427734
16691,512,3042,5.941406
16692,512,3166,6.183594
16693,512,3167,6.185547
16694,512,3166,6.183594
16695,512,3042,5.941406
16696,512,3209,6.267578
16697,512,3125,6.103516
16698,512,3250,6.347656
16699,512,3208,6.265625
16700,512,3250,6.347656
16701,512,3083,6.021484
16702,512,3167,6.185547
16703,512,3291,6.427734
16704,512,3209,6.267578
16705,512,3250,6.347656
16706,512,3125,6.103516
16707,512,3125,6.103516
16708,512,3166,6.183594
16709,512,3083,6.021484
16710,512,3083,6.021484
16711,512,3250,6.347656
16712,512,3084,6.023438
16713,512,3208,6.265625
16714,512,3083,6.021484
16715,512,3292,6.429688
16716,512,3250,6.347656
16717,512,3167,6.185547
16718,512,3208,6.265625
16719,512,3083,6.021484
16720,512,3125,6.103516
16721,512,3167,6.185547
16722,512,3083,6.021484
16723,512,3250,6.347656
16724,512,3167,6.185547
16725,512,3208,6.265625
16726,512,3583,6.998047
16727,512,3167,6.185547
16728,512,2958,5.777344
16729,512,3084,6.023438
16730,512,3167,6.185547
16731,512,3083,6.021484
16732,512,3042,5.941406
16733,512,3084,6.023438
16734,512,2958,5.777344
16735,512,3250,6.347656
16736,512,3167,6.185547
16737,512,3083,6.021484
16738,512,3042,5.941406
16739,512,3167,6.185547
16740,512,3000,5.859375
16741,512,3042,5.941406
16742,512,3166,6.183594
16743,512,3042,5.941406
16744,512,3083,6.021484
16745,512,3000,5.859375
16746,512,3042,5.941406
16747,512,3083,6.021484
16748,512,3208,6.265625
16749,512,3125,6.103516
16750,512,3042,5.941406
16751,512,3083,6.021484
16752,512,3333,6.509766
16753,512,3167,6.185547
16754,512,3084,6.023438
16755,512,3125,6.103516
16756,512,3125,6.103516
16757,512,3000,5.859375
16758,512,3083,6.021484
16759,512,3125,6.103516
16760,512,3000,5.859375
16761,512,3167,6.185547
16762,512,3083,6.021484
16763,512,3125,6.103516
16764,512,3125,6.103516
16765,512,3125,6.103516
16766,512,3208,6.265625
16767,512,3208,6.265625
16768,512,3375,6.591797
16769,512,3125,6.103516
16770,512,3000,5.859375
16771,512,3167,6.185547
16772,512,3125,6.103516
16773,512,3125,6.103516
16774,512,9250,18.066406
16775,512,3084,6.023438
16776,512,3166,6.183594
16777,512,3167,6.185547
16778,512,3041,5.939453
16779,512,3042,5.941406
16780,512,3083,6.021484
16781,512,3125,6.103516
16782,512,3125,6.103516
16783,512,3208,6.265625
16784,512,3042,5.941406
16785,512,3166,6.183594
16786,512,3125,6.103516
16787,512,3125,6.103516
16788,512,3167,6.185547
16789,512,3125,6.103516
16790,512,3209,6.267578
16791,512,3041,5.939453
16792,512,3125,6.103516
16793,512,3125,6.103516
16794,512,3000,5.859375
16795,512,3167,6.185547
16796,512,3125,6.103516
16797,512,3291,6.427734
16798,512,3042,5.941406
16799,512,3167,6.185547
16800,512,3375,6.591797
16801,512,3083,6.021484
16802,512,3250,6.347656
16803,512,3125,6.103516
16804,512,3125,6.103516
16805,512,3167,6.185547
16806,512,3083,6.021484
16807,512,3167,6.185547
16808,512,3083,6.021484
16809,512,3084,6.023438
16810,512,3000,5.859375
16811,512,3125,6.103516
16812,512,3083,6.021484
16813,512,3042,5.941406
16814,512,3209,6.267578
16815,512,3041,5.939453
16816,512,3125,6.103516
16817,512,3125,6.103516
16818,512,3167,6.185547
16819,512,3041,5.939453
16820,512,3083,6.021484
16821,512,3167,6.185547
16822,512,3125,6.103516
16823,512,3125,6.103516
16824,512,3000,5.859375
16825,512,3125,6.103516
16826,512,3166,6.183594
16827,512,3167,6.185547
16828,512,3083,6.021484
16829,512,3250,6.347656
16830,512,3125,6.103516
16831,512,3125,6.103516
16832,512,3042,5.941406
16833,512,3083,6.021484
16834,512,3125,6.103516
16835,512,3000,5.859375
16836,512,3125,6.103516
16837,512,3042,5.941406
16838,512,3166,6.183594
16839,512,3125,6.103516
16840,512,3000,5.859375
16841,512,3333,6.509766
16842,512,3209,6.267578
16843,512,3166,6.183594
16844,512,3209,6.267578
16845,512,3041,5.939453
16846,512,3084,6.023438
16847,512,3250,6.347656
16848,512,3125,6.103516
16849,512,3208,6.265625
16850,512,3042,5.941406
16851,512,3083,6.021484
16852,512,3250,6.347656
16853,512,3000,5.859375
16854,512,3041,5.939453
16855,512,3125,6.103516
16856,512,3000,5.859375
16857,512,3125,6.103516
16858,512,3167,6.185547
16859,512,3042,5.941406
16860,512,3125,6.103516
16861,512,3083,6.021484
16862,512,3125,6.103516
16863,512,3083,6.021484
16864,512,3083,6.021484
16865,512,3042,5.941406
16866,512,3000,5.859375
16867,512,3167,6.185547
16868,512,3083,6.021484
16869,512,3125,6.103516
16870,512,3042,5.941406
16871,512,3041,5.939453
16872,512,3250,6.347656
16873,512,3083,6.021484
16874,512,3250,6.347656
16875,512,3125,6.103516
16876,512,3125,6.103516
16877,512,3083,6.021484
16878,512,3041,5.939453
16879,512,3125,6.103516
16880,512,3042,5.941406
16881,512,3084,6.023438
16882,512,3125,6.103516
16883,512,3167,6.185547
16884,512,3125,6.103516
16885,512,3167,6.185547
16886,512,3083,6.021484
16887,512,3125,6.103516
16888,512,3125,6.103516
16889,512,3125,6.103516
16890,512,3083,6.021484
16891,512,3125,6.103516
16892,512,3167,6.185547
16893,512,3041,5.939453
16894,512,3125,6.103516
16895,512,2916,5.695312
16896,512,3084,6.023438
16897,512,3084,6.023438
16898,512,3084,6.023438
16899,512,3083,6.021484
16900,512,3083,6.021484
16901,512,3167,6.185547
16902,512,3167,6.185547
16903,512,3083,6.021484
16904,512,3125,6.103516
16905,512,3083,6.021484
16906,512,3167,6.185547
16907,512,3042,5.941406
16908,512,3083,6.021484
16909,512,3083,6.021484
16910,512,3083,6.021484
16911,512,3125,6.103516
16912,512,3167,6.185547
16913,512,3208,6.265625
16914,512,3083,6.021484
16915,512,3167,6.185547
16916,512,3166,6.183594
16917,512,3125,6.103516
16918,512,3042,5.941406
16919,512,3083,6.021484
16920,512,3083,6.021484
16921,512,3125,6.103516
16922,512,3125,6.103516
16923,512,3208,6.265625
16924,512,3209,6.267578
16925,512,3208,6.265625
16926,512,3125,6.103516
16927,512,3208,6.265625
16928,512,3167,6.185547
16929,512,3250,6.347656
16930,512,3292,6.429688
16931,512,3083,6.021484
16932,512,3167,6.185547
16933,512,3041,5.939453
16934,512,3167,6.185547
16935,512,3166,6.183594
16936,512,3125,6.103516
16937,512,3250,6.347656
16938,512,3125,6.103516
16939,512,3166,6.183594
16940,512,3167,6.185547
16941,512,3167,6.185547
16942,512,2958,5.777344
16943,512,3167,6.185547
16944,512,3083,6.021484
16945,512,3166,6.183594
16946,512,3083,6.021484
16947,512,3084,6.023438
16948,512,3084,6.023438
16949,512,3041,5.939453
16950,512,3083,6.021484
16951,512,3042,5.941406
16952,512,3167,6.185547
16953,512,3250,6.347656
16954,512,3125,6.103516
16955,512,3125,6.103516
16956,512,3167,6.185547
16957,512,3041,5.939453
16958,512,3125,6.103516
16959,512,3209,6.267578
16960,512,3166,6.183594
16961,512,3125,6.103516
16962,512,3041,5.939453
16963,512,3083,6.021484
16964,512,3292,6.429688
16965,512,3166,6.183594
16966,512,3000,5.859375
16967,512,3083,6.021484
16968,512,3000,5.859375
16969,512,3083,6.021484
16970,512,2958,5.777344
16971,512,3167,6.185547
16972,512,3167,6.185547
16973,512,3125,6.103516
16974,512,3000,5.859375
16975,512,3083,6.021484
16976,512,3083,6.021484
16977,512,3167,6.185547
16978,512,3083,6.021484
16979,512,3167,6.185547
16980,512,4000,7.812500
16981,512,3959,7.732422
16982,512,4000,7.812500
16983,512,4000,7.812500
16984,512,3625,7.080078
16985,512,3209,6.267578
16986,512,3209,6.267578
16987,512,3167,6.185547
16988,512,3167,6.185547
16989,512,3167,6.185547
16990,512,3292,6.429688
16991,512,3250,6.347656
16992,512,3250,6.347656
16993,512,3125,6.103516
16994,512,3125,6.103516
16995,512,3209,6.267578
16996,512,3125,6.103516
16997,512,3125,6.103516
16998,512,3209,6.267578
16999,512,3250,6.347656
17000,512,3417,6.673828
17001,512,4084,7.976562
17002,512,4000,7.812500
17003,512,4125,8.056641
17004,512,4042,7.894531
17005,512,4167,8.138672
17006,512,3917,7.650391
17007,512,4083,7.974609
17008,512,3958,7.730469
17009,512,4042,7.894531
17010,512,4041,7.892578
17011,512,4125,8.056641
17012,512,4292,8.382812
17013,512,4084,7.976562
17014,512,3875,7.568359
17015,512,3917,7.650391
17016,512,3167,6.185547
17017,512,3209,6.267578
17018,512,3416,6.671875
17019,512,3250,6.347656
17020,512,3292,6.429688
17021,512,3166,6.183594
17022,512,3209,6.267578
17023,512,3125,6.103516
17024,512,3291,6.427734
17025,512,3125,6.103516
17026,512,3416,6.671875
17027,512,3125,6.103516
17028,512,3208,6.265625
17029,512,3084,6.023438
17030,512,3125,6.103516
17031,512,3167,6.185547
17032,512,3041,5.939453
17033,512,3000,5.859375
17034,512,3083,6.021484
17035,512,3041,5.939453
17036,512,3125,6.103516
17037,512,3000,5.859375
17038,512,3125,6.103516
17039,512,3125,6.103516
17040,512,3041,5.939453
17041,512,3000,5.859375
17042,512,3250,6.347656
17043,512,3125,6.103516
17044,512,3042,5.941406
17045,512,3125,6.103516
17046,512,3000,5.859375
17047,512,3083,6.021484
17048,512,3000,5.859375
17049,512,3042,5.941406
17050,512,3208,6.265625
17051,512,3084,6.023438
17052,512,3000,5.859375
17053,512,3167,6.185547
17054,512,3166,6.183594
17055,512,3083,6.021484
17056,512,3209,6.267578
17057,512,3041,5.939453
17058,512,3083,6.021484
17059,512,3125,6.103516
17060,512,3209,6.267578
17061,512,3083,6.021484
17062,512,3125,6.103516
17063,512,3041,5.939453
17064,512,3083,6.021484
17065,512,3125,6.103516
17066,512,3125,6.103516
17067,512,3125,6.103516
17068,512,3125,6.103516
17069,512,3167,6.185547
17070,512,3208,6.265625
17071,512,3042,5.941406
17072,512,3041,5.939453
17073,512,3042,5.941406
17074,512,3167,6.185547
17075,512,3083,6.021484
17076,512,3000,5.859375
17077,512,3041,5.939453
17078,512,3125,6.103516
17079,512,3125,6.103516
17080,512,3084,6.023438
17081,512,3083,6.021484
17082,512,3125,6.103516
17083,512,3125,6.103516
17084,512,3125,6.103516
17085,512,3125,6.103516
17086,512,2959,5.779297
17087,512,3166,6.183594
17088,512,3125,6.103516
17089,512,3083,6.021484
17090,512,3000,5.859375
17091,512,3000,5.859375
17092,512,3125,6.103516
17093,512,3166,6.183594
17094,512,3125,6.103516
17095,512,3084,6.023438
17096,512,3000,5.859375
17097,512,3209,6.267578
17098,512,3084,6.023438
17099,512,3041,5.939453
17100,512,3000,5.859375
17101,512,3042,5.941406
17102,512,3125,6.103516
17103,512,3083,6.021484
17104,512,3000,5.859375
17105,512,3125,6.103516
17106,512,3083,6.021484
17107,512,3083,6.021484
17108,512,3125,6.103516
17109,512,3042,5.941406
17110,512,3166,6.183594
17111,512,3042,5.941406
17112,512,3167,6.185547
17113,512,3125,6.103516
17114,512,3000,5.859375
17115,512,3125,6.103516
17116,512,3083,6.021484
17117,512,3042,5.941406
17118,512,3208,6.265625
17119,512,3167,6.185547
17120,512,3250,6.347656
17121,512,2958,5.777344
17122,512,3125,6.103516
17123,512,3208,6.265625
17124,512,3083,6.021484
17125,512,3125,6.103516
17126,512,3167,6.185547
17127,512,3167,6.185547
17128,512,3041,5.939453
17129,512,3125,6.103516
17130,512,3125,6.103516
17131,512,3083,6.021484
17132,512,3083,6.021484
17133,512,3167,6.185547
17134,512,3083,6.021484
17135,512,3083,6.021484
17136,512,3292,6.429688
17137,512,3083,6.021484
17138,512,3084,6.023438
17139,512,3042,5.941406
17140,512,2958,5.777344
17141,512,3083,6.021484
17142,512,3125,6.103516
17143,512,2958,5.777344
17144,512,3000,5.859375
17145,512,3167,6.185547
17146,512,3083,6.021484
17147,512,3125,6.103516
17148,512,3042,5.941406
17149,512,3125,6.103516
17150,512,3084,6.023438
17151,512,3083,6.021484
17152,512,3083,6.021484
17153,512,3208,6.265625
17154,512,3209,6.267578
17155,512,3125,6.103516
17156,512,3166,6.183594
17157,512,3042,5.941406
17158,512,3125,6.103516
17159,512,3042,5.941406
17160,512,3166,6.183594
17161,512,3000,5.859375
17162,512,3167,6.185547
17163,512,3125,6.103516
17164,512,3084,6.023438
17165,512,3166,6.183594
17166,512,3167,6.185547
17167,512,3083,6.021484
17168,512,3167,6.185547
17169,512,3083,6.021484
17170,512,3125,6.103516
17171,512,3125,6.103516
17172,512,3166,6.183594
17173,512,3167,6.185547
17174,512,3125,6.103516
17175,512,3084,6.023438
17176,512,3209,6.267578
17177,512,3250,6.347656
17178,512,3166,6.183594
17179,512,3125,6.103516
17180,512,3167,6.185547
17181,512,3042,5.941406
17182,512,3000,5.859375
17183,512,3083,6.021484
17184,512,3209,6.267578
17185,512,3125,6.103516
17186,512,3084,6.023438
17187,512,3083,6.021484
17188,512,3125,6.103516
17189,512,3083,6.021484
17190,512,3083,6.021484
17191,512,2959,5.779297
17192,512,3084,6.023438
17193,512,3084,6.023438
17194,512,3125,6.103516
17195,512,3125,6.103516
17196,512,3167,6.185547
17197,512,3125,6.103516
17198,512,3166,6.183594
17199,512,3167,6.185547
17200,512,3167,6.185547
17201,512,3084,6.023438
17202,512,3208,6.265625
17203,512,3083,6.021484
17204,512,3250,6.347656
17205,512,3250,6.347656
17206,512,3125,6.103516
17207,512,3209,6.267578
17208,512,3083,6.021484
17209,512,3000,5.859375
17210,512,2916,5.695312
17211,512,3083,6.021484
17212,512,3084,6.023438
17213,512,3084,6.023438
17214,512,3084,6.023438
17215,512,3083,6.021484
17216,512,3125,6.103516
17217,512,3125,6.103516
17218,512,3167,6.185547
17219,512,3167,6.185547
17220,512,3084,6.023438
17221,512,3125,6.103516
17222,512,3042,5.941406
17223,512,3042,5.941406
17224,512,3166,6.183594
17225,512,3042,5.941406
17226,512,3000,5.859375
17227,512,3166,6.183594
17228,512,3209,6.267578
17229,512,3083,6.021484
17230,512,3083,6.021484
17231,512,3083,6.021484
17232,512,3084,6.023438
17233,512,3042,5.941406
17234,512,3041,5.939453
17235,512,3083,6.021484
17236,512,2958,5.777344
17237,512,3167,6.185547
17238,512,3125,6.103516
17239,512,3125,6.103516
17240,512,3125,6.103516
17241,512,3083,6.021484
17242,512,3167,6.185547
17243,512,3125,6.103516
17244,512,3167,6.185547
17245,512,3083,6.021484
17246,512,3125,6.103516
17247,512,3166,6.183594
17248,512,3042,5.941406
17249,512,3083,6.021484
17250,512,3083,6.021484
17251,512,3167,6.185547
17252,512,3125,6.103516
17253,512,3083,6.021484
17254,512,3208,6.265625
17255,512,3167,6.185547
17256,512,3208,6.265625
17257,512,3125,6.103516
17258,512,3083,6.021484
17259,512,3125,6.103516
17260,512,3167,6.185547
17261,512,3833,7.486328
17262,512,4000,7.812500
17263,512,3958,7.730469
17264,512,3917,7.650391
17265,512,3875,7.568359
17266,512,3333,6.509766
17267,512,3167,6.185547
17268,512,3292,6.429688
17269,512,3083,6.021484
17270,512,3208,6.265625
17271,512,3167,6.185547
17272,512,3459,6.755859
17273,512,3875,7.568359
17274,512,3833,7.486328
17275,512,4000,7.812500
17276,512,4042,7.894531
17277,512,3125,6.103516
17278,512,3208,6.265625
17279,512,3166,6.183594
17280,512,3334,6.511719
17281,512,3208,6.265625
17282,512,3167,6.185547
17283,512,3084,6.023438
17284,512,3083,6.021484
17285,512,3167,6.185547
17286,512,3125,6.103516
17287,512,3125,6.103516
17288,512,3000,5.859375
17289,512,3083,6.021484
17290,512,3166,6.183594
17291,512,3000,5.859375
17292,512,3125,6.103516
17293,512,3125,6.103516
17294,512,3083,6.021484
17295,512,3042,5.941406
17296,512,3000,5.859375
17297,512,3208,6.265625
17298,512,3000,5.859375
17299,512,4333,8.462891
17300,512,3208,6.265625
17301,512,3042,5.941406
17302,512,3167,6.185547
17303,512,3250,6.347656
17304,512,3000,5.859375
17305,512,3167,6.185547
17306,512,3083,6.021484
17307,512,3042,5.941406
17308,512,3041,5.939453
17309,512,3209,6.267578
17310,512,3084,6.023438
17311,512,3042,5.941406
17312,512,3125,6.103516
17313,512,3042,5.941406
17314,512,3041,5.939453
17315,512,3125,6.103516
17316,512,3209,6.267578
17317,512,3208,6.265625
17318,512,3125,6.103516
17319,512,3166,6.183594
17320,512,3125,6.103516
17321,512,3125,6.103516
17322,512,3167,6.185547
17323,512,3000,5.859375
17324,512,3083,6.021484
17325,512,3083,6.021484
17326,512,3083,6.021484
17327,512,3083,6.021484
17328,512,3042,5.941406
17329,512,3125,6.103516
17330,512,3125,6.103516
17331,512,3166,6.183594
17332,512,3084,6.023438
17333,512,3125,6.103516
17334,512,3041,5.939453
17335,512,3209,6.267578
17336,512,3041,5.939453
17337,512,2959,5.779297
17338,512,3084,6.023438
17339,512,3041,5.939453
17340,512,3083,6.021484
17341,512,3125,6.103516
17342,512,3000,5.859375
17343,512,3125,6.103516
17344,512,3167,6.185547
17345,512,3125,6.103516
17346,512,3208,6.265625
17347,512,3166,6.183594
17348,512,3042,5.941406
17349,512,3125,6.103516
17350,512,3084,6.023438
17351,512,3250,6.347656
17352,512,3125,6.103516
17353,512,3166,6.183594
17354,512,3084,6.023438
17355,512,3041,5.939453
17356,512,3250,6.347656
17357,512,3084,6.023438
17358,512,3084,6.023438
17359,512,3084,6.023438
17360,512,3166,6.183594
17361,512,3084,6.023438
17362,512,3042,5.941406
17363,512,3166,6.183594
17364,512,3084,6.023438
17365,512,3125,6.103516
17366,512,3083,6.021484
17367,512,3083,6.021484
17368,512,3042,5.941406
17369,512,3125,6.103516
17370,512,3125,6.103516
17371,512,3084,6.023438
17372,512,3125,6.103516
17373,512,3166,6.183594
17374,512,3167,6.185547
17375,512,3041,5.939453
17376,512,3125,6.103516
17377,512,3083,6.021484
17378,512,3167,6.185547
17379,512,3208,6.265625
17380,512,3167,6.185547
17381,512,3208,6.265625
17382,512,3083,6.021484
17383,512,3084,6.023438
17384,512,3708,7.242188
17385,512,4125,8.056641
17386,512,3917,7.650391
17387,512,3833,7.486328
17388,512,3958,7.730469
17389,512,3208,6.265625
17390,512,3209,6.267578
17391,512,3208,6.265625
17392,512,3208,6.265625
17393,512,3125,6.103516
17394,512,3167,6.185547
17395,512,3125,6.103516
17396,512,3084,6.023438
17397,512,3209,6.267578
17398,512,3125,6.103516
17399,512,3250,6.347656
17400,512,3167,6.185547
17401,512,3292,6.429688
17402,512,3125,6.103516
17403,512,3292,6.429688
17404,512,3250,6.347656
17405,512,3083,6.021484
17406,512,3208,6.265625
17407,512,3209,6.267578
17408,512,3542,6.917969
17409,512,3083,6.021484
17410,512,3125,6.103516
17411,512,3083,6.021484
17412,512,3167,6.185547
17413,512,3167,6.185547
17414,512,3166,6.183594
17415,512,3084,6.023438
17416,512,3041,5.939453
17417,512,3084,6.023438
17418,512,3083,6.021484
17419,512,3041,5.939453
17420,512,3042,5.941406
17421,512,3041,5.939453
17422,512,3000,5.859375
17423,512,3208,6.265625
17424,512,3125,6.103516
17425,512,3125,6.103516
17426,512,3084,6.023438
17427,512,3125,6.103516
17428,512,3084,6.023438
17429,512,3167,6.185547
17430,512,3042,5.941406
17431,512,3166,6.183594
17432,512,3042,5.941406
17433,512,3000,5.859375
17434,512,3166,6.183594
17435,512,3250,6.347656
17436,512,3042,5.941406
17437,512,3125,6.103516
17438,512,3084,6.023438
17439,512,3209,6.267578
17440,512,3166,6.183594
17441,512,3000,5.859375
17442,512,3041,5.939453
17443,512,3083,6.021484
17444,512,3000,5.859375
17445,512,3208,6.265625
17446,512,3167,6.185547
17447,512,3083,6.021484
17448,512,3083,6.021484
17449,512,3167,6.185547
17450,512,3083,6.021484
17451,512,3083,6.021484
17452,512,3125,6.103516
17453,512,3041,5.939453
17454,512,3000,5.859375
17455,512,3208,6.265625
17456,512,3208,6.265625
17457,512,3208,6.265625
17458,512,3167,6.185547
17459,512,3083,6.021484
17460,512,3208,6.265625
17461,512,3125,6.103516
17462,512,3000,5.859375
17463,512,3125,6.103516
17464,512,3041,5.939453
17465,512,3208,6.265625
17466,512,3000,5.859375
17467,512,3125,6.103516
17468,512,3166,6.183594
17469,512,3042,5.941406
17470,512,2834,5.535156
17471,512,2959,5.779297
17472,512,3083,6.021484
17473,512,3167,6.185547
17474,512,3166,6.183594
17475,512,3042,5.941406
17476,512,3209,6.267578
17477,512,3125,6.103516
17478,512,3167,6.185547
17479,512,3083,6.021484
17480,512,3208,6.265625
17481,512,3083,6.021484
17482,512,3083,6.021484
17483,512,2958,5.777344
17484,512,3083,6.021484
17485,512,3042,5.941406
17486,512,3166,6.183594
17487,512,3042,5.941406
17488,512,3208,6.265625
17489,512,3167,6.185547
17490,512,3166,6.183594
17491,512,3167,6.185547
17492,512,3167,6.185547
17493,512,3041,5.939453
17494,512,3209,6.267578
17495,512,3166,6.183594
17496,512,3208,6.265625
17497,512,3042,5.941406
17498,512,3084,6.023438
17499,512,3125,6.103516
17500,512,3083,6.021484
17501,512,3166,6.183594
17502,512,3125,6.103516
17503,512,3209,6.267578
17504,512,3167,6.185547
17505,512,3208,6.265625
17506,512,3000,5.859375
17507,512,3083,6.021484
17508,512,3167,6.185547
17509,512,3042,5.941406
17510,512,3083,6.021484
17511,512,3167,6.185547
17512,512,3166,6.183594
17513,512,3250,6.347656
17514,512,3209,6.267578
17515,512,3125,6.103516
17516,512,3083,6.021484
17517,512,3125,6.103516
17518,512,3083,6.021484
17519,512,3084,6.023438
17520,512,3125,6.103516
17521,512,3083,6.021484
17522,512,3209,6.267578
17523,512,3250,6.347656
17524,512,3250,6.347656
17525,512,3000,5.859375
17526,512,3083,6.021484
17527,512,3083,6.021484
17528,512,3125,6.103516
17529,512,3125,6.103516
17530,512,3125,6.103516
17531,512,3041,5.939453
17532,512,3084,6.023438
17533,512,3083,6.021484
17534,512,3083,6.021484
17535,512,3083,6.021484
17536,512,3292,6.429688
17537,512,3041,5.939453
17538,512,3084,6.023438
17539,512,3166,6.183594
17540,512,3083,6.021484
17541,512,3125,6.103516
17542,512,3042,5.941406
17543,512,3084,6.023438
17544,512,3125,6.103516
17545,512,3042,5.941406
17546,512,3084,6.023438
17547,512,3084,6.023438
17548,512,3166,6.183594
17549,512,3167,6.185547
17550,512,3083,6.021484
17551,512,3083,6.021484
17552,512,3167,6.185547
17553,512,3125,6.103516
17554,512,3083,6.021484
17555,512,3125,6.103516
17556,512,3125,6.103516
17557,512,3083,6.021484
17558,512,3083,6.021484
17559,512,3125,6.103516
17560,512,3208,6.265625
17561,512,3042,5.941406
17562,512,3125,6.103516
17563,512,3208,6.265625
17564,512,3000,5.859375
17565,512,3000,5.859375
17566,512,3084,6.023438
17567,512,3041,5.939453
17568,512,3167,6.185547
17569,512,3291,6.427734
17570,512,3125,6.103516
17571,512,3083,6.021484
17572,512,3167,6.185547
17573,512,3166,6.183594
17574,512,3084,6.023438
17575,512,3167,6.185547
17576,512,3125,6.103516
17577,512,3208,6.265625
17578,512,3042,5.941406
17579,512,3208,6.265625
17580,512,3042,5.941406
17581,512,3083,6.021484
17582,512,3166,6.183594
17583,512,3042,5.941406
17584,512,3083,6.021484
17585,512,3041,5.939453
17586,512,3125,6.103516
17587,512,2958,5.777344
17588,512,3208,6.265625
17589,512,3250,6.347656
17590,512,3042,5.941406
17591,512,3083,6.021484
17592,512,3125,6.103516
17593,512,3250,6.347656
17594,512,3042,5.941406
17595,512,3083,6.021484
17596,512,3125,6.103516
17597,512,3166,6.183594
17598,512,3125,6.103516
17599,512,3125,6.103516
17600,512,3041,5.939453
17601,512,3167,6.185547
17602,512,3125,6.103516
17603,512,3125,6.103516
17604,512,3208,6.265625
17605,512,3084,6.023438
17606,512,3042,5.941406
17607,512,3000,5.859375
17608,512,3083,6.021484
17609,512,3000,5.859375
17610,512,3167,6.185547
17611,512,3084,6.023438
17612,512,3041,5.939453
17613,512,3042,5.941406
17614,512,3208,6.265625
17615,512,3000,5.859375
17616,512,3166,6.183594
17617,512,2958,5.777344
17618,512,3084,6.023438
17619,512,3125,6.103516
17620,512,3167,6.185547
17621,512,3208,6.265625
17622,512,3042,5.941406
17623,512,3208,6.265625
17624,512,3125,6.103516
17625,512,3125,6.103516
17626,512,3083,6.021484
17627,512,3167,6.185547
17628,512,3041,5.939453
17629,512,3125,6.103516
17630,512,3083,6.021484
17631,512,3083,6.021484
17632,512,3083,6.021484
17633,512,3167,6.185547
17634,512,3166,6.183594
17635,512,3084,6.023438
17636,512,3125,6.103516
17637,512,3125,6.103516
17638,512,3209,6.267578
17639,512,3083,6.021484
17640,512,3125,6.103516
17641,512,3250,6.347656
17642,512,3125,6.103516
17643,512,3083,6.021484
17644,512,3166,6.183594
17645,512,3083,6.021484
17646,512,3125,6.103516
17647,512,3000,5.859375
17648,512,3083,6.021484
17649,512,3250,6.347656
17650,512,3042,5.941406
17651,512,3208,6.265625
17652,512,3041,5.939453
17653,512,3250,6.347656
17654,512,3167,6.185547
17655,512,3041,5.939453
17656,512,3042,5.941406
17657,512,3041,5.939453
17658,512,3167,6.185547
17659,512,2959,5.779297
17660,512,3125,6.103516
17661,512,3166,6.183594
17662,512,3125,6.103516
17663,512,3042,5.941406
17664,512,3042,5.941406
17665,512,3125,6.103516
17666,512,3292,6.429688
17667,512,3125,6.103516
17668,512,3125,6.103516
17669,512,3083,6.021484
17670,512,3042,5.941406
17671,512,3125,6.103516
17672,512,3083,6.021484
17673,512,3000,5.859375
17674,512,3125,6.103516
17675,512,3000,5.859375
17676,512,3042,5.941406
17677,512,3125,6.103516
17678,512,3166,6.183594
17679,512,3000,5.859375
17680,512,3542,6.917969
17681,512,3209,6.267578
17682,512,3125,6.103516
17683,512,2959,5.779297
17684,512,3042,5.941406
17685,512,3208,6.265625
17686,512,3208,6.265625
17687,512,3292,6.429688
17688,512,3083,6.021484
17689,512,3125,6.103516
17690,512,3042,5.941406
17691,512,3125,6.103516
17692,512,3084,6.023438
17693,512,3167,6.185547
17694,512,3167,6.185547
17695,512,3208,6.265625
17696,512,3250,6.347656
17697,512,3250,6.347656
17698,512,3250,6.347656
17699,512,3042,5.941406
17700,512,3125,6.103516
17701,512,3709,7.244141
17702,512,3792,7.406250
17703,512,4125,8.056641
17704,512,3917,7.650391
17705,512,4125,8.056641
17706,512,3291,6.427734
17707,512,3208,6.265625
17708,512,3250,6.347656
17709,512,3167,6.185547
17710,512,3333,6.509766
17711,512,3208,6.265625
17712,512,3500,6.835938
17713,512,3209,6.267578
17714,512,3333,6.509766
17715,512,3541,6.916016
17716,512,3167,6.185547
17717,512,3083,6.021484
17718,512,3125,6.103516
17719,512,3250,6.347656
17720,512,3041,5.939453
17721,512,3084,6.023438
17722,512,3166,6.183594
17723,512,3125,6.103516
17724,512,3084,6.023438
17725,512,3208,6.265625
17726,512,3042,5.941406
17727,512,3250,6.347656
17728,512,3042,5.941406
17729,512,3208,6.265625
17730,512,4000,7.812500
17731,512,3958,7.730469
17732,512,3875,7.568359
17733,512,3958,7.730469
17734,512,4000,7.812500
17735,512,3916,7.648438
17736,512,4084,7.976562
17737,512,4000,7.812500
17738,512,3792,7.406250
17739,512,3042,5.941406
17740,512,3042,5.941406
17741,512,3250,6.347656
17742,512,3125,6.103516
17743,512,3084,6.023438
17744,512,3084,6.023438
17745,512,3125,6.103516
17746,512,3208,6.265625
17747,512,2875,5.615234
17748,512,3083,6.021484
17749,512,3250,6.347656
17750,512,3042,5.941406
17751,512,3000,5.859375
17752,512,3167,6.185547
17753,512,3125,6.103516
17754,512,3125,6.103516
17755,512,3042,5.941406
17756,512,3000,5.859375
17757,512,3125,6.103516
17758,512,2916,5.695312
17759,512,3167,6.185547
17760,512,3000,5.859375
17761,512,3084,6.023438
17762,512,3084,6.023438
17763,512,2958,5.777344
17764,512,3083,6.021484
17765,512,3167,6.185547
17766,512,3041,5.939453
17767,512,3042,5.941406
17768,512,3125,6.103516
17769,512,3125,6.103516
17770,512,3042,5.941406
17771,512,3125,6.103516
17772,512,3000,5.859375
17773,512,3125,6.103516
17774,512,3042,5.941406
17775,512,3208,6.265625
17776,512,3125,6.103516
17777,512,3208,6.265625
17778,512,3167,6.185547
17779,512,3125,6.103516
17780,512,3208,6.265625
17781,512,3042,5.941406
17782,512,3166,6.183594
17783,512,3083,6.021484
17784,512,3167,6.185547
17785,512,3208,6.265625
17786,512,3125,6.103516
17787,512,3125,6.103516
17788,512,3125,6.103516
17789,512,3166,6.183594
17790,512,3209,6.267578
17791,512,3166,6.183594
17792,512,3292,6.429688
17793,512,3166,6.183594
17794,512,3000,5.859375
17795,512,3125,6.103516
17796,512,3208,6.265625
17797,512,3209,6.267578
17798,512,3000,5.859375
17799,512,3167,6.185547
17800,512,3083,6.021484
17801,512,2959,5.779297
17802,512,3000,5.859375
17803,512,3042,5.941406
17804,512,3125,6.103516
17805,512,3083,6.021484
17806,512,3083,6.021484
17807,512,3083,6.021484
17808,512,2958,5.777344
17809,512,3167,6.185547
17810,512,3084,6.023438
17811,512,3083,6.021484
17812,512,3208,6.265625
17813,512,3084,6.023438
17814,512,2959,5.779297
17815,512,3000,5.859375
17816,512,3167,6.185547
17817,512,3041,5.939453
17818,512,3042,5.941406
17819,512,3125,6.103516
17820,512,3208,6.265625
17821,512,3083,6.021484
17822,512,3042,5.941406
17823,512,3291,6.427734
17824,512,3084,6.023438
17825,512,3083,6.021484
17826,512,3083,6.021484
17827,512,3083,6.021484
17828,512,3083,6.021484
17829,512,3125,6.103516
17830,512,3125,6.103516
17831,512,3125,6.103516
17832,512,3000,5.859375
17833,512,3292,6.429688
17834,512,3083,6.021484
17835,512,3083,6.021484
17836,512,3083,6.021484
17837,512,3125,6.103516
17838,512,3000,5.859375
17839,512,3125,6.103516
17840,512,3041,5.939453
17841,512,3084,6.023438
17842,512,3000,5.859375
17843,512,3125,6.103516
17844,512,2959,5.779297
17845,512,3209,6.267578
17846,512,3083,6.021484
17847,512,3041,5.939453
17848,512,3083,6.021484
17849,512,3084,6.023438
17850,512,3167,6.185547
17851,512,3000,5.859375
17852,512,3083,6.021484
17853,512,3000,5.859375
17854,512,2875,5.615234
17855,512,3125,6.103516
17856,512,3125,6.103516
17857,512,3167,6.185547
17858,512,3125,6.103516
17859,512,3167,6.185547
17860,512,3042,5.941406
17861,512,3125,6.103516
17862,512,3208,6.265625
17863,512,3083,6.021484
17864,512,3125,6.103516
17865,512,3084,6.023438
17866,512,3166,6.183594
17867,512,3167,6.185547
17868,512,2958,5.777344
17869,512,3084,6.023438
17870,512,3084,6.023438
17871,512,3084,6.023438
17872,512,3084,6.023438
17873,512,3042,5.941406
17874,512,3000,5.859375
17875,512,3041,5.939453
17876,512,3167,6.185547
17877,512,3167,6.185547
17878,512,3250,6.347656
17879,512,3250,6.347656
17880,512,3042,5.941406
17881,512,3166,6.183594
17882,512,3167,6.185547
17883,512,3042,5.941406
17884,512,3208,6.265625
17885,512,3083,6.021484
17886,512,3166,6.183594
17887,512,2958,5.777344
17888,512,2917,5.697266
17889,512,3042,5.941406
17890,512,3208,6.265625
17891,512,3125,6.103516
17892,512,3042,5.941406
17893,512,3083,6.021484
17894,512,3041,5.939453
17895,512,3125,6.103516
17896,512,3167,6.185547
17897,512,3292,6.429688
17898,512,3125,6.103516
17899,512,3084,6.023438
17900,512,3125,6.103516
17901,512,3084,6.023438
17902,512,3250,6.347656
17903,512,2959,5.779297
17904,512,3041,5.939453
17905,512,3125,6.103516
17906,512,3000,5.859375
17907,512,3084,6.023438
17908,512,3041,5.939453
17909,512,3042,5.941406
17910,512,3084,6.023438
17911,512,3208,6.265625
17912,512,3042,5.941406
17913,512,3167,6.185547
17914,512,3041,5.939453
17915,512,3042,5.941406
17916,512,3083,6.021484
17917,512,3250,6.347656
17918,512,3208,6.265625
17919,512,3250,6.347656
17920,512,3125,6.103516
17921,512,3166,6.183594
17922,512,3083,6.021484
17923,512,3167,6.185547
17924,512,3166,6.183594
17925,512,3125,6.103516
17926,512,3083,6.021484
17927,512,3125,6.103516
17928,512,3000,5.859375
17929,512,3125,6.103516
17930,512,3208,6.265625
17931,512,3083,6.021484
17932,512,3125,6.103516
17933,512,3125,6.103516
17934,512,3083,6.021484
17935,512,3167,6.185547
17936,512,3125,6.103516
17937,512,3083,6.021484
17938,512,3084,6.023438
17939,512,3125,6.103516
17940,512,3084,6.023438
17941,512,3125,6.103516
17942,512,3125,6.103516
17943,512,3209,6.267578
17944,512,3125,6.103516
17945,512,2959,5.779297
17946,512,3166,6.183594
17947,512,3125,6.103516
17948,512,3250,6.347656
17949,512,3084,6.023438
17950,512,3083,6.021484
17951,512,3000,5.859375
17952,512,3125,6.103516
17953,512,3250,6.347656
17954,512,3125,6.103516
17955,512,3125,6.103516
17956,512,3208,6.265625
17957,512,3125,6.103516
17958,512,3125,6.103516
17959,512,3125,6.103516
17960,512,3167,6.185547
17961,512,3292,6.429688
17962,512,3042,5.941406
17963,512,3208,6.265625
17964,512,3166,6.183594
17965,512,3250,6.347656
17966,512,3167,6.185547
17967,512,3000,5.859375
17968,512,3125,6.103516
17969,512,3041,5.939453
17970,512,3125,6.103516
17971,512,3083,6.021484
17972,512,3084,6.023438
17973,512,3083,6.021484
17974,512,3166,6.183594
17975,512,3084,6.023438
17976,512,3083,6.021484
17977,512,3083,6.021484
17978,512,3083,6.021484
17979,512,3041,5.939453
17980,512,3125,6.103516
17981,512,3125,6.103516
17982,512,3041,5.939453
17983,512,2917,5.697266
17984,512,3166,6.183594
17985,512,3084,6.023438
17986,512,3000,5.859375
17987,512,3000,5.859375
17988,512,3167,6.185547
17989,512,3209,6.267578
17990,512,3083,6.021484
17991,512,3083,6.021484
17992,512,3084,6.023438
17993,512,3166,6.183594
17994,512,3209,6.267578
17995,512,3250,6.347656
17996,512,3083,6.021484
17997,512,3208,6.265625
17998,512,3000,5.859375
17999,512,3125,6.103516
18000,512,3000,5.859375
18001,512,3041,5.939453
18002,512,3000,5.859375
18003,512,3125,6.103516
18004,512,3042,5.941406
18005,512,3125,6.103516
18006,512,3125,6.103516
18007,512,3083,6.021484
18008,512,3125,6.103516
18009,512,3167,6.185547
18010,512,3125,6.103516
18011,512,3209,6.267578
18012,512,3125,6.103516
18013,512,3125,6.103516
18014,512,3125,6.103516
18015,512,3125,6.103516
18016,512,3083,6.021484
18017,512,3083,6.021484
18018,512,3042,5.941406
18019,512,3084,6.023438
18020,512,3166,6.183594
18021,512,3125,6.103516
18022,512,3125,6.103516
18023,512,3042,5.941406
18024,512,3084,6.023438
18025,512,3125,6.103516
18026,512,3000,5.859375
18027,512,3042,5.941406
18028,512,3125,6.103516
18029,512,3000,5.859375
18030,512,3167,6.185547
18031,512,3125,6.103516
18032,512,3125,6.103516
18033,512,3042,5.941406
18034,512,3041,5.939453
18035,512,3042,5.941406
18036,512,3208,6.265625
18037,512,3042,5.941406
18038,512,3208,6.265625
18039,512,3083,6.021484
18040,512,3000,5.859375
18041,512,3125,6.103516
18042,512,3083,6.021484
18043,512,3167,6.185547
18044,512,3125,6.103516
18045,512,3125,6.103516
18046,512,3166,6.183594
18047,512,3000,5.859375
18048,512,3417,6.673828
18049,512,3167,6.185547
18050,512,3208,6.265625
18051,512,3250,6.347656
18052,512,3209,6.267578
18053,512,3083,6.021484
18054,512,3167,6.185547
18055,512,3209,6.267578
18056,512,3083,6.021484
18057,512,3208,6.265625
18058,512,3000,5.859375
18059,512,3125,6.103516
18060,512,3083,6.021484
18061,512,2917,5.697266
18062,512,2959,5.779297
18063,512,3000,5.859375
18064,512,3084,6.023438
18065,512,3125,6.103516
18066,512,3084,6.023438
18067,512,3125,6.103516
18068,512,3125,6.103516
18069,512,3041,5.939453
18070,512,3125,6.103516
18071,512,3084,6.023438
18072,512,3084,6.023438
18073,512,3041,5.939453
18074,512,3083,6.021484
18075,512,3125,6.103516
18076,512,3042,5.941406
18077,512,3208,6.265625
18078,512,3083,6.021484
18079,512,3209,6.267578
18080,512,3083,6.021484
18081,512,3041,5.939453
18082,512,2959,5.779297
18083,512,3000,5.859375
18084,512,2958,5.777344
18085,512,3167,6.185547
18086,512,3125,6.103516
18087,512,3084,6.023438
18088,512,3125,6.103516
18089,512,3042,5.941406
18090,512,3083,6.021484
18091,512,3041,5.939453
18092,512,3167,6.185547
18093,512,3208,6.265625
18094,512,3167,6.185547
18095,512,3000,5.859375
18096,512,3042,5.941406
18097,512,3125,6.103516
18098,512,3042,5.941406
18099,512,3083,6.021484
18100,512,3042,5.941406
18101,512,3083,6.021484
18102,512,3083,6.021484
18103,512,2958,5.777344
18104,512,3125,6.103516
18105,512,3083,6.021484
18106,512,3042,5.941406
18107,512,3125,6.103516
18108,512,3125,6.103516
18109,512,3083,6.021484
18110,512,3000,5.859375
18111,512,3125,6.103516
18112,512,3125,6.103516
18113,512,3167,6.185547
18114,512,3042,5.941406
18115,512,3167,6.185547
18116,512,3083,6.021484
18117,512,3125,6.103516
18118,512,3125,6.103516
18119,512,3125,6.103516
18120,512,3167,6.185547
18121,512,3125,6.103516
18122,512,3084,6.023438
18123,512,3125,6.103516
18124,512,3083,6.021484
18125,512,3000,5.859375
18126,512,3041,5.939453
18127,512,3000,5.859375
18128,512,3208,6.265625
18129,512,3042,5.941406
18130,512,3125,6.103516
18131,512,3125,6.103516
18132,512,3125,6.103516
18133,512,3125,6.103516
18134,512,3083,6.021484
18135,512,3083,6.021484
18136,512,3250,6.347656
18137,512,3125,6.103516
18138,512,3042,5.941406
18139,512,3042,5.941406
18140,512,3041,5.939453
18141,512,3042,5.941406
18142,512,3166,6.183594
18143,512,3083,6.021484
18144,512,3209,6.267578
18145,512,3125,6.103516
18146,512,3208,6.265625
18147,512,3042,5.941406
18148,512,3125,6.103516
18149,512,3083,6.021484
18150,512,3083,6.021484
18151,512,3125,6.103516
18152,512,3166,6.183594
18153,512,3042,5.941406
18154,512,3125,6.103516
18155,512,3000,5.859375
18156,512,3125,6.103516
18157,512,3167,6.185547
18158,512,3083,6.021484
18159,512,3125,6.103516
18160,512,3084,6.023438
18161,512,3125,6.103516
18162,512,3167,6.185547
18163,512,3042,5.941406
18164,512,3208,6.265625
18165,512,3000,5.859375
18166,512,3209,6.267578
18167,512,3250,6.347656
18168,512,3000,5.859375
18169,512,3125,6.103516
18170,512,3083,6.021484
18171,512,2959,5.779297
18172,512,3209,6.267578
18173,512,3166,6.183594
18174,512,3167,6.185547
18175,512,3083,6.021484
18176,512,3000,5.859375
18177,512,3125,6.103516
18178,512,3125,6.103516
18179,512,2958,5.777344
18180,512,3125,6.103516
18181,512,3041,5.939453
18182,512,3083,6.021484
18183,512,3084,6.023438
18184,512,3208,6.265625
18185,512,3083,6.021484
18186,512,3041,5.939453
18187,512,3000,5.859375
18188,512,3084,6.023438
18189,512,3084,6.023438
18190,512,3125,6.103516
18191,512,3125,6.103516
18192,512,3084,6.023438
18193,512,3083,6.021484
18194,512,3000,5.859375
18195,512,2958,5.777344
18196,512,3083,6.021484
18197,512,3208,6.265625
18198,512,3084,6.023438
18199,512,3125,6.103516
18200,512,3083,6.021484
18201,512,3083,6.021484
18202,512,3042,5.941406
18203,512,3166,6.183594
18204,512,3125,6.103516
18205,512,3125,6.103516
18206,512,3125,6.103516
18207,512,3209,6.267578
18208,512,3125,6.103516
18209,512,2916,5.695312
18210,512,3125,6.103516
18211,512,3167,6.185547
18212,512,3083,6.021484
18213,512,3125,6.103516
18214,512,3041,5.939453
18215,512,3125,6.103516
18216,512,3125,6.103516
18217,512,3208,6.265625
18218,512,3125,6.103516
18219,512,2917,5.697266
18220,512,3125,6.103516
18221,512,3166,6.183594
18222,512,3042,5.941406
18223,512,3208,6.265625
18224,512,3125,6.103516
18225,512,3083,6.021484
18226,512,3250,6.347656
18227,512,3167,6.185547
18228,512,3166,6.183594
18229,512,3042,5.941406
18230,512,3125,6.103516
18231,512,3125,6.103516
18232,512,3208,6.265625
18233,512,3125,6.103516
18234,512,3084,6.023438
18235,512,3125,6.103516
18236,512,3042,5.941406
18237,512,3083,6.021484
18238,512,3083,6.021484
18239,512,3084,6.023438
18240,512,3166,6.183594
18241,512,3042,5.941406
18242,512,3041,5.939453
18243,512,3125,6.103516
18244,512,3167,6.185547
18245,512,3084,6.023438
18246,512,3250,6.347656
18247,512,3000,5.859375
18248,512,3084,6.023438
18249,512,3125,6.103516
18250,512,3208,6.265625
18251,512,3125,6.103516
18252,512,3208,6.265625
18253,512,3250,6.347656
18254,512,3000,5.859375
18255,512,3042,5.941406
18256,512,3083,6.021484
18257,512,3083,6.021484
18258,512,3083,6.021484
18259,512,3167,6.185547
18260,512,3083,6.021484
18261,512,3125,6.103516
18262,512,3166,6.183594
18263,512,3083,6.021484
18264,512,3084,6.023438
18265,512,3042,5.941406
18266,512,3250,6.347656
18267,512,3042,5.941406
18268,512,3125,6.103516
18269,512,3084,6.023438
18270,512,2958,5.777344
18271,512,3166,6.183594
18272,512,3084,6.023438
18273,512,3208,6.265625
18274,512,3042,5.941406
18275,512,3125,6.103516
18276,512,3167,6.185547
18277,512,3125,6.103516
18278,512,3125,6.103516
18279,512,3000,5.859375
18280,512,3208,6.265625
18281,512,2917,5.697266
18282,512,3125,6.103516
18283,512,3125,6.103516
18284,512,3125,6.103516
18285,512,3250,6.347656
18286,512,3042,5.941406
18287,512,3083,6.021484
18288,512,3042,5.941406
18289,512,3084,6.023438
18290,512,3166,6.183594
18291,512,3083,6.021484
18292,512,3167,6.185547
18293,512,3083,6.021484
18294,512,3167,6.185547
18295,512,2958,5.777344
18296,512,3125,6.103516
18297,512,3125,6.103516
18298,512,3125,6.103516
18299,512,3042,5.941406
18300,512,3042,5.941406
18301,512,3125,6.103516
18302,512,3125,6.103516
18303,512,3125,6.103516
18304,512,3208,6.265625
18305,512,3042,5.941406
18306,512,3166,6.183594
18307,512,3209,6.267578
18308,512,3084,6.023438
18309,512,3083,6.021484
18310,512,3083,6.021484
18311,512,3042,5.941406
18312,512,3042,5.941406
18313,512,3166,6.183594
18314,512,3125,6.103516
18315,512,3083,6.021484
18316,512,3083,6.021484
18317,512,2917,5.697266
18318,512,3084,6.023438
18319,512,3041,5.939453
18320,512,3084,6.023438
18321,512,3041,5.939453
18322,512,3167,6.185547
18323,512,3000,5.859375
18324,512,3166,6.183594
18325,512,2917,5.697266
18326,512,3084,6.023438
18327,512,2959,5.779297
18328,512,3125,6.103516
18329,512,3167,6.185547
18330,512,3042,5.941406
18331,512,3083,6.021484
18332,512,3042,5.941406
18333,512,3042,5.941406
18334,512,3208,6.265625
18335,512,3167,6.185547
18336,512,3125,6.103516
18337,512,3125,6.103516
18338,512,3084,6.023438
18339,512,3000,5.859375
18340,512,3000,5.859375
18341,512,3125,6.103516
18342,512,3042,5.941406
18343,512,3125,6.103516
18344,512,3125,6.103516
18345,512,3125,6.103516
18346,512,3167,6.185547
18347,512,3125,6.103516
18348,512,3083,6.021484
18349,512,3125,6.103516
18350,512,3208,6.265625
18351,512,3167,6.185547
18352,512,3125,6.103516
18353,512,3250,6.347656
18354,512,3292,6.429688
18355,512,3041,5.939453
18356,512,3042,5.941406
18357,512,3125,6.103516
18358,512,3250,6.347656
18359,512,3167,6.185547
18360,512,2958,5.777344
18361,512,3042,5.941406
18362,512,3125,6.103516
18363,512,3041,5.939453
18364,512,3083,6.021484
18365,512,3125,6.103516
18366,512,3208,6.265625
18367,512,3125,6.103516
18368,512,3083,6.021484
18369,512,3167,6.185547
18370,512,3042,5.941406
18371,512,3166,6.183594
18372,512,3000,5.859375
18373,512,3125,6.103516
18374,512,3083,6.021484
18375,512,3166,6.183594
18376,512,3125,6.103516
18377,512,3167,6.185547
18378,512,3208,6.265625
18379,512,3084,6.023438
18380,512,3083,6.021484
18381,512,3000,5.859375
18382,512,3250,6.347656
18383,512,3083,6.021484
18384,512,3125,6.103516
18385,512,3084,6.023438
18386,512,3125,6.103516
18387,512,3041,5.939453
18388,512,3167,6.185547
18389,512,3041,5.939453
18390,512,3209,6.267578
18391,512,3125,6.103516
18392,512,3000,5.859375
18393,512,3084,6.023438
18394,512,3083,6.021484
18395,512,3208,6.265625
18396,512,3084,6.023438
18397,512,3125,6.103516
18398,512,3167,6.185547
18399,512,3083,6.021484
18400,512,3042,5.941406
18401,512,3333,6.509766
18402,512,3083,6.021484
18403,512,3167,6.185547
18404,512,3125,6.103516
18405,512,3125,6.103516
18406,512,3083,6.021484
18407,512,3125,6.103516
18408,512,3125,6.103516
18409,512,3167,6.185547
18410,512,3083,6.021484
18411,512,3125,6.103516
18412,512,3041,5.939453
18413,512,3125,6.103516
18414,512,3000,5.859375
18415,512,3167,6.185547
18416,512,3042,5.941406
18417,512,3125,6.103516
18418,512,3083,6.021484
18419,512,3125,6.103516
18420,512,3083,6.021484
18421,512,3167,6.185547
18422,512,3084,6.023438
18423,512,3084,6.023438
18424,512,3250,6.347656
18425,512,3083,6.021484
18426,512,3208,6.265625
18427,512,3125,6.103516
18428,512,3250,6.347656
18429,512,3125,6.103516
18430,512,3042,5.941406
18431,512,3333,6.509766
18432,512,3292,6.429688
18433,512,3083,6.021484
18434,512,3208,6.265625
18435,512,3084,6.023438
18436,512,3125,6.103516
18437,512,3125,6.103516
18438,512,3209,6.267578
18439,512,3166,6.183594
18440,512,3084,6.023438
18441,512,3125,6.103516
18442,512,3042,5.941406
18443,512,3250,6.347656
18444,512,3125,6.103516
18445,512,3250,6.347656
18446,512,3208,6.265625
18447,512,3083,6.021484
18448,512,3000,5.859375
18449,512,3083,6.021484
18450,512,3125,6.103516
18451,512,2875,5.615234
18452,512,3125,6.103516
18453,512,3167,6.185547
18454,512,3042,5.941406
18455,512,3125,6.103516
18456,512,3042,5.941406
18457,512,3083,6.021484
18458,512,3083,6.021484
18459,512,3125,6.103516
18460,512,3083,6.021484
18461,512,3208,6.265625
18462,512,3083,6.021484
18463,512,3042,5.941406
18464,512,2959,5.779297
18465,512,3083,6.021484
18466,512,3000,5.859375
18467,512,3125,6.103516
18468,512,3083,6.021484
18469,512,3000,5.859375
18470,512,3167,6.185547
18471,512,3000,5.859375
18472,512,3167,6.185547
18473,512,3166,6.183594
18474,512,3000,5.859375
18475,512,3250,6.347656
18476,512,3083,6.021484
18477,512,3125,6.103516
18478,512,3167,6.185547
18479,512,3041,5.939453
18480,512,3167,6.185547
18481,512,3125,6.103516
18482,512,3083,6.021484
18483,512,3083,6.021484
18484,512,3167,6.185547
18485,512,3000,5.859375
18486,512,3000,5.859375
18487,512,3083,6.021484
18488,512,3083,6.021484
18489,512,3042,5.941406
18490,512,3084,6.023438
18491,512,3125,6.103516
18492,512,3125,6.103516
18493,512,3125,6.103516
18494,512,3250,6.347656
18495,512,3083,6.021484
18496,512,3042,5.941406
18497,512,3041,5.939453
18498,512,3209,6.267578
18499,512,3166,6.183594
18500,512,3083,6.021484
18501,512,3167,6.185547
18502,512,3083,6.021484
18503,512,3125,6.103516
18504,512,3000,5.859375
18505,512,3000,5.859375
18506,512,3083,6.021484
18507,512,3042,5.941406
18508,512,3167,6.185547
18509,512,3125,6.103516
18510,512,3125,6.103516
18511,512,3166,6.183594
18512,512,3084,6.023438
18513,512,3125,6.103516
18514,512,3166,6.183594
18515,512,3125,6.103516
18516,512,3083,6.021484
18517,512,3042,5.941406
18518,512,3083,6.021484
18519,512,3250,6.347656
18520,512,3084,6.023438
18521,512,3125,6.103516
18522,512,3083,6.021484
18523,512,3292,6.429688
18524,512,3083,6.021484
18525,512,3125,6.103516
18526,512,3083,6.021484
18527,512,3084,6.023438
18528,512,3250,6.347656
18529,512,3166,6.183594
18530,512,3125,6.103516
18531,512,3083,6.021484
18532,512,3167,6.185547
18533,512,3125,6.103516
18534,512,3167,6.185547
18535,512,3084,6.023438
18536,512,3042,5.941406
18537,512,3041,5.939453
18538,512,3084,6.023438
18539,512,3125,6.103516
18540,512,3125,6.103516
18541,512,3042,5.941406
18542,512,3125,6.103516
18543,512,3083,6.021484
18544,512,3167,6.185547
18545,512,3208,6.265625
18546,512,3125,6.103516
18547,512,3166,6.183594
18548,512,3042,5.941406
18549,512,3084,6.023438
18550,512,3083,6.021484
18551,512,3041,5.939453
18552,512,3084,6.023438
18553,512,3209,6.267578
18554,512,3208,6.265625
18555,512,3083,6.021484
18556,512,3083,6.021484
18557,512,3083,6.021484
18558,512,3208,6.265625
18559,512,3209,6.267578
18560,512,3292,6.429688
18561,512,3333,6.509766
18562,512,3167,6.185547
18563,512,3042,5.941406
18564,512,3166,6.183594
18565,512,3125,6.103516
18566,512,3083,6.021484
18567,512,3125,6.103516
18568,512,3167,6.185547
18569,512,3167,6.185547
18570,512,3166,6.183594
18571,512,3125,6.103516
18572,512,3042,5.941406
18573,512,3125,6.103516
18574,512,3083,6.021484
18575,512,3000,5.859375
18576,512,3125,6.103516
18577,512,3042,5.941406
18578,512,3166,6.183594
18579,512,3125,6.103516
18580,512,3167,6.185547
18581,512,3125,6.103516
18582,512,3167,6.185547
18583,512,3125,6.103516
18584,512,3000,5.859375
18585,512,3166,6.183594
18586,512,3125,6.103516
18587,512,3084,6.023438
18588,512,3041,5.939453
18589,512,3125,6.103516
18590,512,3166,6.183594
18591,512,3167,6.185547
18592,512,3083,6.021484
18593,512,3042,5.941406
18594,512,3000,5.859375
18595,512,3167,6.185547
18596,512,3083,6.021484
18597,512,3167,6.185547
18598,512,3083,6.021484
18599,512,3000,5.859375
18600,512,3000,5.859375
18601,512,3125,6.103516
18602,512,3083,6.021484
18603,512,3000,5.859375
18604,512,3042,5.941406
18605,512,3125,6.103516
18606,512,3208,6.265625
18607,512,3083,6.021484
18608,512,3167,6.185547
18609,512,3208,6.265625
18610,512,3125,6.103516
18611,512,3292,6.429688
18612,512,3125,6.103516
18613,512,3041,5.939453
18614,512,3167,6.185547
18615,512,3208,6.265625
18616,512,3084,6.023438
18617,512,3167,6.185547
18618,512,3125,6.103516
18619,512,3125,6.103516
18620,512,3000,5.859375
18621,512,3125,6.103516
18622,512,3000,5.859375
18623,512,3125,6.103516
18624,512,3292,6.429688
18625,512,2958,5.777344
18626,512,3125,6.103516
18627,512,3084,6.023438
18628,512,3083,6.021484
18629,512,3083,6.021484
18630,512,3125,6.103516
18631,512,3083,6.021484
18632,512,3083,6.021484
18633,512,3084,6.023438
18634,512,3041,5.939453
18635,512,3000,5.859375
18636,512,3250,6.347656
18637,512,3125,6.103516
18638,512,3125,6.103516
18639,512,3042,5.941406
18640,512,3084,6.023438
18641,512,3125,6.103516
18642,512,3084,6.023438
18643,512,3166,6.183594
18644,512,3125,6.103516
18645,512,3083,6.021484
18646,512,3125,6.103516
18647,512,3125,6.103516
18648,512,3000,5.859375
18649,512,3083,6.021484
18650,512,3166,6.183594
18651,512,3167,6.185547
18652,512,3125,6.103516
18653,512,3042,5.941406
18654,512,3042,5.941406
18655,512,3125,6.103516
18656,512,3250,6.347656
18657,512,3333,6.509766
18658,512,3209,6.267578
18659,512,3250,6.347656
18660,512,3125,6.103516
18661,512,3083,6.021484
18662,512,3167,6.185547
18663,512,3125,6.103516
18664,512,3083,6.021484
18665,512,3042,5.941406
18666,512,3209,6.267578
18667,512,3042,5.941406
18668,512,3125,6.103516
18669,512,3250,6.347656
18670,512,3000,5.859375
18671,512,3042,5.941406
18672,512,3167,6.185547
18673,512,3000,5.859375
18674,512,3208,6.265625
18675,512,3209,6.267578
18676,512,3208,6.265625
18677,512,3083,6.021484
18678,512,3125,6.103516
18679,512,3125,6.103516
18680,512,3125,6.103516
18681,512,3125,6.103516
18682,512,3167,6.185547
18683,512,3083,6.021484
18684,512,3083,6.021484
18685,512,3083,6.021484
18686,512,3084,6.023438
18687,512,3209,6.267578
18688,512,3125,6.103516
18689,512,3167,6.185547
18690,512,3208,6.265625
18691,512,3125,6.103516
18692,512,3125,6.103516
18693,512,3125,6.103516
18694,512,3000,5.859375
18695,512,3084,6.023438
18696,512,3000,5.859375
18697,512,3000,5.859375
18698,512,3084,6.023438
18699,512,3083,6.021484
18700,512,3125,6.103516
18701,512,3083,6.021484
18702,512,2917,5.697266
18703,512,3084,6.023438
18704,512,3208,6.265625
18705,512,3167,6.185547
18706,512,3041,5.939453
18707,512,3167,6.185547
18708,512,3083,6.021484
18709,512,2917,5.697266
18710,512,3167,6.185547
18711,512,3083,6.021484
18712,512,3167,6.185547
18713,512,3167,6.185547
18714,512,3000,5.859375
18715,512,3292,6.429688
18716,512,3042,5.941406
18717,512,3125,6.103516
18718,512,3083,6.021484
18719,512,3166,6.183594
18720,512,3167,6.185547
18721,512,3083,6.021484
18722,512,3042,5.941406
18723,512,3125,6.103516
18724,512,3167,6.185547
18725,512,3000,5.859375
18726,512,3083,6.021484
18727,512,3042,5.941406
18728,512,3042,5.941406
18729,512,3125,6.103516
18730,512,3125,6.103516
18731,512,3084,6.023438
18732,512,3083,6.021484
18733,512,2958,5.777344
18734,512,3083,6.021484
18735,512,3042,5.941406
18736,512,3125,6.103516
18737,512,3083,6.021484
18738,512,3125,6.103516
18739,512,3250,6.347656
18740,512,3125,6.103516
18741,512,3083,6.021484
18742,512,3083,6.021484
18743,512,3125,6.103516
18744,512,3042,5.941406
18745,512,3041,5.939453
18746,512,3083,6.021484
18747,512,3042,5.941406
18748,512,3125,6.103516
18749,512,3125,6.103516
18750,512,3083,6.021484
18751,512,3042,5.941406
18752,512,3083,6.021484
18753,512,3083,6.021484
18754,512,3167,6.185547
18755,512,3166,6.183594
18756,512,3042,5.941406
18757,512,3041,5.939453
18758,512,3125,6.103516
18759,512,3292,6.429688
18760,512,3083,6.021484
18761,512,3125,6.103516
18762,512,3042,5.941406
18763,512,2917,5.697266
18764,512,3125,6.103516
18765,512,3125,6.103516
18766,512,3083,6.021484
18767,512,3208,6.265625
18768,512,3083,6.021484
18769,512,3042,5.941406
18770,512,3208,6.265625
18771,512,3083,6.021484
18772,512,3125,6.103516
18773,512,3125,6.103516
18774,512,3209,6.267578
18775,512,3083,6.021484
18776,512,3125,6.103516
18777,512,3208,6.265625
18778,512,3042,5.941406
18779,512,3000,5.859375
18780,512,3125,6.103516
18781,512,3083,6.021484
18782,512,3000,5.859375
18783,512,3167,6.185547
18784,512,3208,6.265625
18785,512,3125,6.103516
18786,512,3083,6.021484
18787,512,3042,5.941406
18788,512,3208,6.265625
18789,512,3125,6.103516
18790,512,3084,6.023438
18791,512,3041,5.939453
18792,512,3208,6.265625
18793,512,3167,6.185547
18794,512,3083,6.021484
18795,512,3084,6.023438
18796,512,3125,6.103516
18797,512,3041,5.939453
18798,512,3167,6.185547
18799,512,3167,6.185547
18800,512,3042,5.941406
18801,512,3083,6.021484
18802,512,3125,6.103516
18803,512,3125,6.103516
18804,512,3125,6.103516
18805,512,3166,6.183594
18806,512,3125,6.103516
18807,512,2917,5.697266
18808,512,3166,6.183594
18809,512,3250,6.347656
18810,512,3083,6.021484
18811,512,3084,6.023438
18812,512,3125,6.103516
18813,512,3042,5.941406
18814,512,3125,6.103516
18815,512,3042,5.941406
18816,512,3375,6.591797
18817,512,3125,6.103516
18818,512,3042,5.941406
18819,512,3000,5.859375
18820,512,3084,6.023438
18821,512,3084,6.023438
18822,512,3000,5.859375
18823,512,3042,5.941406
18824,512,3125,6.103516
18825,512,3125,6.103516
18826,512,3041,5.939453
18827,512,3209,6.267578
18828,512,3291,6.427734
18829,512,3000,5.859375
18830,512,3125,6.103516
18831,512,3125,6.103516
18832,512,3083,6.021484
18833,512,3083,6.021484
18834,512,3167,6.185547
18835,512,3041,5.939453
18836,512,3084,6.023438
18837,512,3291,6.427734
18838,512,3125,6.103516
18839,512,3042,5.941406
18840,512,3042,5.941406
18841,512,3125,6.103516
18842,512,3167,6.185547
18843,512,3125,6.103516
18844,512,3125,6.103516
18845,512,3125,6.103516
18846,512,3125,6.103516
18847,512,3166,6.183594
18848,512,3083,6.021484
18849,512,3167,6.185547
18850,512,3041,5.939453
18851,512,3042,5.941406
18852,512,3125,6.103516
18853,512,3041,5.939453
18854,512,3000,5.859375
18855,512,3125,6.103516
18856,512,3167,6.185547
18857,512,3125,6.103516
18858,512,3083,6.021484
18859,512,3167,6.185547
18860,512,3166,6.183594
18861,512,3042,5.941406
18862,512,3208,6.265625
18863,512,3125,6.103516
18864,512,2958,5.777344
18865,512,3125,6.103516
18866,512,3125,6.103516
18867,512,3083,6.021484
18868,512,3083,6.021484
18869,512,3083,6.021484
18870,512,3042,5.941406
18871,512,3208,6.265625
18872,512,3125,6.103516
18873,512,3167,6.185547
18874,512,3041,5.939453
18875,512,3083,6.021484
18876,512,3084,6.023438
18877,512,3083,6.021484
18878,512,3083,6.021484
18879,512,3167,6.185547
18880,512,3208,6.265625
18881,512,3208,6.265625
18882,512,3000,5.859375
18883,512,3250,6.347656
18884,512,3083,6.021484
18885,512,3083,6.021484
18886,512,3125,6.103516
18887,512,3041,5.939453
18888,512,3042,5.941406
18889,512,3125,6.103516
18890,512,3084,6.023438
18891,512,3167,6.185547
18892,512,3000,5.859375
18893,512,3084,6.023438
18894,512,3125,6.103516
18895,512,3000,5.859375
18896,512,3167,6.185547
18897,512,3125,6.103516
18898,512,3084,6.023438
18899,512,3125,6.103516
18900,512,3041,5.939453
18901,512,3167,6.185547
18902,512,3083,6.021484
18903,512,3167,6.185547
18904,512,3083,6.021484
18905,512,3291,6.427734
18906,512,2958,5.777344
18907,512,3042,5.941406
18908,512,2958,5.777344
18909,512,3167,6.185547
18910,512,3041,5.939453
18911,512,3042,5.941406
18912,512,3041,5.939453
18913,512,3250,6.347656
18914,512,3000,5.859375
18915,512,3167,6.185547
18916,512,3125,6.103516
18917,512,3167,6.185547
18918,512,3125,6.103516
18919,512,3084,6.023438
18920,512,3167,6.185547
18921,512,3042,5.941406
18922,512,3041,5.939453
18923,512,3084,6.023438
18924,512,3125,6.103516
18925,512,2959,5.779297
18926,512,11000,21.484375
18927,512,3084,6.023438
18928,512,3208,6.265625
18929,512,3292,6.429688
18930,512,3041,5.939453
18931,512,3208,6.265625
18932,512,3167,6.185547
18933,512,3166,6.183594
18934,512,3125,6.103516
18935,512,3208,6.265625
18936,512,3167,6.185547
18937,512,3125,6.103516
18938,512,3208,6.265625
18939,512,3042,5.941406
18940,512,3042,5.941406
18941,512,3250,6.347656
18942,512,3125,6.103516
18943,512,3125,6.103516
18944,512,3125,6.103516
18945,512,3166,6.183594
18946,512,3125,6.103516
18947,512,3084,6.023438
18948,512,3250,6.347656
18949,512,3166,6.183594
18950,512,3084,6.023438
18951,512,3125,6.103516
18952,512,3166,6.183594
18953,512,2959,5.779297
18954,512,3167,6.185547
18955,512,3125,6.103516
18956,512,3083,6.021484
18957,512,3125,6.103516
18958,512,3125,6.103516
18959,512,3167,6.185547
18960,512,3083,6.021484
18961,512,3250,6.347656
18962,512,3167,6.185547
18963,512,3042,5.941406
18964,512,3125,6.103516
18965,512,3041,5.939453
18966,512,3042,5.941406
18967,512,3125,6.103516
18968,512,3167,6.185547
18969,512,3125,6.103516
18970,512,3166,6.183594
18971,512,3000,5.859375
18972,512,3167,6.185547
18973,512,3166,6.183594
18974,512,3042,5.941406
18975,512,3084,6.023438
18976,512,3000,5.859375
18977,512,3125,6.103516
18978,512,3042,5.941406
18979,512,3125,6.103516
18980,512,3167,6.185547
18981,512,3083,6.021484
18982,512,3167,6.185547
18983,512,3125,6.103516
18984,512,3041,5.939453
18985,512,3125,6.103516
18986,512,3125,6.103516
18987,512,3125,6.103516
18988,512,3250,6.347656
18989,512,3167,6.185547
18990,512,3125,6.103516
18991,512,3166,6.183594
18992,512,3042,5.941406
18993,512,3125,6.103516
18994,512,3083,6.021484
18995,512,3125,6.103516
18996,512,3083,6.021484
18997,512,3208,6.265625
18998,512,3209,6.267578
18999,512,3000,5.859375
19000,512,3042,5.941406
19001,512,3125,6.103516
19002,512,3125,6.103516
19003,512,3250,6.347656
19004,512,3041,5.939453
19005,512,3167,6.185547
19006,512,3083,6.021484
19007,512,3084,6.023438
19008,512,3125,6.103516
19009,512,3209,6.267578
19010,512,3083,6.021484
19011,512,3166,6.183594
19012,512,3083,6.021484
19013,512,3125,6.103516
19014,512,3209,6.267578
19015,512,3041,5.939453
19016,512,3042,5.941406
19017,512,3209,6.267578
19018,512,3125,6.103516
19019,512,3125,6.103516
19020,512,3042,5.941406
19021,512,3042,5.941406
19022,512,3250,6.347656
19023,512,3084,6.023438
19024,512,3166,6.183594
19025,512,3084,6.023438
19026,512,3125,6.103516
19027,512,2959,5.779297
19028,512,3291,6.427734
19029,512,3125,6.103516
19030,512,3042,5.941406
19031,512,3000,5.859375
19032,512,3042,5.941406
19033,512,3125,6.103516
19034,512,3209,6.267578
19035,512,3125,6.103516
19036,512,3125,6.103516
19037,512,3125,6.103516
19038,512,3167,6.185547
19039,512,3000,5.859375
19040,512,3083,6.021484
19041,512,3000,5.859375
19042,512,3166,6.183594
19043,512,3084,6.023438
19044,512,3083,6.021484
19045,512,3083,6.021484
19046,512,3042,5.941406
19047,512,3208,6.265625
19048,512,3083,6.021484
19049,512,3208,6.265625
19050,512,2958,5.777344
19051,512,3125,6.103516
19052,512,3042,5.941406
19053,512,3125,6.103516
19054,512,3042,5.941406
19055,512,3125,6.103516
19056,512,3166,6.183594
19057,512,3125,6.103516
19058,512,3250,6.347656
19059,512,3042,5.941406
19060,512,3250,6.347656
19061,512,3000,5.859375
19062,512,3167,6.185547
19063,512,3083,6.021484
19064,512,3042,5.941406
19065,512,3083,6.021484
19066,512,3208,6.265625
19067,512,3250,6.347656
19068,512,3167,6.185547
19069,512,3250,6.347656
19070,512,3084,6.023438
19071,512,3041,5.939453
19072,512,3250,6.347656
19073,512,3000,5.859375
19074,512,3083,6.021484
19075,512,3167,6.185547
19076,512,3083,6.021484
19077,512,3125,6.103516
19078,512,3208,6.265625
19079,512,3041,5.939453
19080,512,3125,6.103516
19081,512,3042,5.941406
19082,512,3166,6.183594
19083,512,3000,5.859375
19084,512,3084,6.023438
19085,512,3167,6.185547
19086,512,3125,6.103516
19087,512,3083,6.021484
19088,512,3042,5.941406
19089,512,3167,6.185547
19090,512,3208,6.265625
19091,512,3042,5.941406
19092,512,3083,6.021484
19093,512,3000,5.859375
19094,512,3167,6.185547
19095,512,2959,5.779297
19096,512,3000,5.859375
19097,512,3000,5.859375
19098,512,3041,5.939453
19099,512,3125,6.103516
19100,512,3125,6.103516
19101,512,3125,6.103516
19102,512,3000,5.859375
19103,512,3125,6.103516
19104,512,3125,6.103516
19105,512,3041,5.939453
19106,512,3125,6.103516
19107,512,3042,5.941406
19108,512,2958,5.777344
19109,512,3125,6.103516
19110,512,3167,6.185547
19111,512,3084,6.023438
19112,512,3000,5.859375
19113,512,3083,6.021484
19114,512,3167,6.185547
19115,512,3000,5.859375
19116,512,3041,5.939453
19117,512,3208,6.265625
19118,512,3084,6.023438
19119,512,3083,6.021484
19120,512,3083,6.021484
19121,512,3125,6.103516
19122,512,3083,6.021484
19123,512,3083,6.021484
19124,512,3166,6.183594
19125,512,3125,6.103516
19126,512,3000,5.859375
19127,512,3042,5.941406
19128,512,3166,6.183594
19129,512,3125,6.103516
19130,512,3042,5.941406
19131,512,3000,5.859375
19132,512,3042,5.941406
19133,512,3125,6.103516
19134,512,3084,6.023438
19135,512,3166,6.183594
19136,512,3167,6.185547
19137,512,3166,6.183594
19138,512,3042,5.941406
19139,512,3084,6.023438
19140,512,3083,6.021484
19141,512,3042,5.941406
19142,512,9209,17.986328
19143,512,3167,6.185547
19144,512,3083,6.021484
19145,512,3125,6.103516
19146,512,3250,6.347656
19147,512,3084,6.023438
19148,512,3125,6.103516
19149,512,3209,6.267578
19150,512,3166,6.183594
19151,512,3084,6.023438
19152,512,3125,6.103516
19153,512,3084,6.023438
19154,512,3125,6.103516
19155,512,3209,6.267578
19156,512,3000,5.859375
19157,512,3208,6.265625
19158,512,3167,6.185547
19159,512,3166,6.183594
19160,512,3083,6.021484
19161,512,3167,6.185547
19162,512,3166,6.183594
19163,512,3125,6.103516
19164,512,3041,5.939453
19165,512,3167,6.185547
19166,512,3125,6.103516
19167,512,3208,6.265625
19168,512,3167,6.185547
19169,512,3125,6.103516
19170,512,3125,6.103516
19171,512,3083,6.021484
19172,512,3083,6.021484
19173,512,3125,6.103516
19174,512,3042,5.941406
19175,512,3125,6.103516
19176,512,3000,5.859375
19177,512,3209,6.267578
19178,512,3083,6.021484
19179,512,3125,6.103516
19180,512,3125,6.103516
19181,512,3125,6.103516
19182,512,3125,6.103516
19183,512,3125,6.103516
19184,512,3167,6.185547
19185,512,3208,6.265625
19186,512,3125,6.103516
19187,512,3083,6.021484
19188,512,3125,6.103516
19189,512,3167,6.185547
19190,512,3084,6.023438
19191,512,3125,6.103516
19192,512,3042,5.941406
19193,512,3042,5.941406
19194,512,3083,6.021484
19195,512,3083,6.021484
19196,512,3125,6.103516
19197,512,3083,6.021484
19198,512,3083,6.021484
19199,512,3167,6.185547
19200,512,3125,6.103516
19201,512,3083,6.021484
19202,512,3042,5.941406
19203,512,3166,6.183594
19204,512,3084,6.023438
19205,512,3000,5.859375
19206,512,3041,5.939453
19207,512,3167,6.185547
19208,512,3041,5.939453
19209,512,2917,5.697266
19210,512,3166,6.183594
19211,512,3125,6.103516
19212,512,3042,5.941406
19213,512,3166,6.183594
19214,512,3125,6.103516
19215,512,3084,6.023438
19216,512,3125,6.103516
19217,512,3167,6.185547
19218,512,3166,6.183594
19219,512,3042,5.941406
19220,512,3125,6.103516
19221,512,3000,5.859375
19222,512,3084,6.023438
19223,512,3166,6.183594
19224,512,3125,6.103516
19225,512,3208,6.265625
19226,512,3125,6.103516
19227,512,3209,6.267578
19228,512,3166,6.183594
19229,512,3209,6.267578
19230,512,3041,5.939453
19231,512,3042,5.941406
19232,512,3125,6.103516
19233,512,3166,6.183594
19234,512,3125,6.103516
19235,512,3084,6.023438
19236,512,3041,5.939453
19237,512,3083,6.021484
19238,512,3125,6.103516
19239,512,3084,6.023438
19240,512,3084,6.023438
19241,512,3208,6.265625
19242,512,3042,5.941406
19243,512,3084,6.023438
19244,512,3208,6.265625
19245,512,3208,6.265625
19246,512,3083,6.021484
19247,512,3250,6.347656
19248,512,3000,5.859375
19249,512,3125,6.103516
19250,512,3042,5.941406
19251,512,3083,6.021484
19252,512,3042,5.941406
19253,512,3041,5.939453
19254,512,3209,6.267578
19255,512,3208,6.265625
19256,512,3125,6.103516
19257,512,3083,6.021484
19258,512,3041,5.939453
19259,512,3125,6.103516
19260,512,3042,5.941406
19261,512,3208,6.265625
19262,512,3167,6.185547
19263,512,3125,6.103516
19264,512,3000,5.859375
19265,512,3083,6.021484
19266,512,3125,6.103516
19267,512,3083,6.021484
19268,512,3042,5.941406
19269,512,3083,6.021484
19270,512,3167,6.185547
19271,512,3083,6.021484
19272,512,3083,6.021484
19273,512,3042,5.941406
19274,512,3209,6.267578
19275,512,3084,6.023438
19276,512,3125,6.103516
19277,512,3084,6.023438
19278,512,3166,6.183594
19279,512,3209,6.267578
19280,512,3208,6.265625
19281,512,3083,6.021484
19282,512,3084,6.023438
19283,512,3167,6.185547
19284,512,3083,6.021484
19285,512,3084,6.023438
19286,512,3083,6.021484
19287,512,3125,6.103516
19288,512,3083,6.021484
19289,512,3042,5.941406
19290,512,3125,6.103516
19291,512,3166,6.183594
19292,512,3125,6.103516
19293,512,3042,5.941406
19294,512,3083,6.021484
19295,512,3167,6.185547
19296,512,3083,6.021484
19297,512,3208,6.265625
19298,512,3084,6.023438
19299,512,3083,6.021484
19300,512,3083,6.021484
19301,512,3084,6.023438
19302,512,2958,5.777344
19303,512,3167,6.185547
19304,512,3125,6.103516
19305,512,3125,6.103516
19306,512,3125,6.103516
19307,512,3042,5.941406
19308,512,3084,6.023438
19309,512,3167,6.185547
19310,512,3083,6.021484
19311,512,3125,6.103516
19312,512,3042,5.941406
19313,512,3083,6.021484
19314,512,3083,6.021484
19315,512,3042,5.941406
19316,512,3125,6.103516
19317,512,3500,6.835938
19318,512,4042,7.894531
19319,512,3958,7.730469
19320,512,4041,7.892578
19321,512,4000,7.812500
19322,512,3375,6.591797
19323,512,3167,6.185547
19324,512,3250,6.347656
19325,512,3166,6.183594
19326,512,3292,6.429688
19327,512,3250,6.347656
19328,512,3333,6.509766
19329,512,3167,6.185547
19330,512,3167,6.185547
19331,512,3083,6.021484
19332,512,3000,5.859375
19333,512,3208,6.265625
19334,512,3167,6.185547
19335,512,3125,6.103516
19336,512,3125,6.103516
19337,512,3208,6.265625
19338,512,3125,6.103516
19339,512,3375,6.591797
19340,512,3167,6.185547
19341,512,3333,6.509766
19342,512,3084,6.023438
19343,512,3166,6.183594
19344,512,3167,6.185547
19345,512,3208,6.265625
19346,512,3209,6.267578
19347,512,3166,6.183594
19348,512,3125,6.103516
19349,512,3250,6.347656
19350,512,3167,6.185547
19351,512,3208,6.265625
19352,512,3250,6.347656
19353,512,3125,6.103516
19354,512,3209,6.267578
19355,512,3333,6.509766
19356,512,3042,5.941406
19357,512,3209,6.267578
19358,512,3250,6.347656
19359,512,3250,6.347656
19360,512,3125,6.103516
19361,512,3166,6.183594
19362,512,3209,6.267578
19363,512,3209,6.267578
19364,512,3250,6.347656
19365,512,3167,6.185547
19366,512,3208,6.265625
19367,512,3250,6.347656
19368,512,3208,6.265625
19369,512,3250,6.347656
19370,512,3250,6.347656
19371,512,3250,6.347656
19372,512,3125,6.103516
19373,512,3208,6.265625
19374,512,3167,6.185547
19375,512,3291,6.427734
19376,512,3167,6.185547
19377,512,3333,6.509766
19378,512,3375,6.591797
19379,512,3042,5.941406
19380,512,3250,6.347656
19381,512,3166,6.183594
19382,512,3042,5.941406
19383,512,3000,5.859375
19384,512,3167,6.185547
19385,512,3042,5.941406
19386,512,3125,6.103516
19387,512,3167,6.185547
19388,512,3166,6.183594
19389,512,3250,6.347656
19390,512,3125,6.103516
19391,512,3208,6.265625
19392,512,3292,6.429688
19393,512,3083,6.021484
19394,512,3083,6.021484
19395,512,3125,6.103516
19396,512,3209,6.267578
19397,512,3125,6.103516
19398,512,3000,5.859375
19399,512,3167,6.185547
19400,512,3167,6.185547
19401,512,3083,6.021484
19402,512,3041,5.939453
19403,512,3125,6.103516
19404,512,3042,5.941406
19405,512,3166,6.183594
19406,512,3083,6.021484
19407,512,3084,6.023438
19408,512,3125,6.103516
19409,512,3042,5.941406
19410,512,3167,6.185547
19411,512,3166,6.183594
19412,512,3167,6.185547
19413,512,3166,6.183594
19414,512,3125,6.103516
19415,512,3084,6.023438
19416,512,3209,6.267578
19417,512,3000,5.859375
19418,512,3041,5.939453
19419,512,3250,6.347656
19420,512,3084,6.023438
19421,512,3084,6.023438
19422,512,3125,6.103516
19423,512,3125,6.103516
19424,512,3125,6.103516
19425,512,3042,5.941406
19426,512,3042,5.941406
19427,512,3041,5.939453
19428,512,3167,6.185547
19429,512,3125,6.103516
19430,512,3208,6.265625
19431,512,3167,6.185547
19432,512,3209,6.267578
19433,512,3041,5.939453
19434,512,3083,6.021484
19435,512,3125,6.103516
19436,512,3042,5.941406
19437,512,3250,6.347656
19438,512,3083,6.021484
19439,512,3083,6.021484
19440,512,3125,6.103516
19441,512,3083,6.021484
19442,512,3167,6.185547
19443,512,3125,6.103516
19444,512,3125,6.103516
19445,512,3083,6.021484
19446,512,3125,6.103516
19447,512,3083,6.021484
19448,512,3042,5.941406
19449,512,3083,6.021484
19450,512,3083,6.021484
19451,512,3125,6.103516
19452,512,3083,6.021484
19453,512,3000,5.859375
19454,512,3125,6.103516
19455,512,3167,6.185547
19456,512,3125,6.103516
19457,512,3042,5.941406
19458,512,3042,5.941406
19459,512,3042,5.941406
19460,512,3000,5.859375
19461,512,3125,6.103516
19462,512,3125,6.103516
19463,512,3250,6.347656
19464,512,3167,6.185547
19465,512,3041,5.939453
19466,512,3083,6.021484
19467,512,3125,6.103516
19468,512,3167,6.185547
19469,512,3209,6.267578
19470,512,3083,6.021484
19471,512,3125,6.103516
19472,512,3250,6.347656
19473,512,3000,5.859375
19474,512,3041,5.939453
19475,512,3125,6.103516
19476,512,3042,5.941406
19477,512,3083,6.021484
19478,512,3167,6.185547
19479,512,3166,6.183594
19480,512,3000,5.859375
19481,512,3083,6.021484
19482,512,3084,6.023438
19483,512,3125,6.103516
19484,512,3041,5.939453
19485,512,3125,6.103516
19486,512,3125,6.103516
19487,512,3167,6.185547
19488,512,3166,6.183594
19489,512,3209,6.267578
19490,512,3041,5.939453
19491,512,3125,6.103516
19492,512,3125,6.103516
19493,512,3084,6.023438
19494,512,3083,6.021484
19495,512,3083,6.021484
19496,512,3125,6.103516
19497,512,3083,6.021484
19498,512,3083,6.021484
19499,512,3083,6.021484
19500,512,3000,5.859375
19501,512,3209,6.267578
19502,512,2959,5.779297
19503,512,3000,5.859375
19504,512,3083,6.021484
19505,512,3084,6.023438
19506,512,3084,6.023438
19507,512,3084,6.023438
19508,512,3041,5.939453
19509,512,3125,6.103516
19510,512,3125,6.103516
19511,512,3083,6.021484
19512,512,3083,6.021484
19513,512,3125,6.103516
19514,512,3125,6.103516
19515,512,3125,6.103516
19516,512,3041,5.939453
19517,512,3042,5.941406
19518,512,2958,5.777344
19519,512,3083,6.021484
19520,512,3125,6.103516
19521,512,3167,6.185547
19522,512,3042,5.941406
19523,512,3125,6.103516
19524,512,3125,6.103516
19525,512,3167,6.185547
19526,512,3125,6.103516
19527,512,3292,6.429688
19528,512,3125,6.103516
19529,512,3208,6.265625
19530,512,3167,6.185547
19531,128,1208,9.437500
