# Phase 4 raw batch samples. batch-normalized ns/update = elapsed_ns / batch_operations (a batch average, NOT a directly
# measured single-update latency). batch_operations is the ACTUAL op count of the batch: batch_size for every row except
# the final row when updates % batch_size is nonzero (a partial batch, which is EXCLUDED from the percentile
# distribution in the summary).
# impl=map wl=A levels=1000000 updates=10000000 batch_size=512 seed=407715774446 partial_rows=1
sample_index,batch_operations,elapsed_ns,normalized_ns_per_update
0,512,315625,616.455078
1,512,220833,431.314453
2,512,197667,386.068359
3,512,191292,373.617188
4,512,194167,379.232422
5,512,180083,351.724609
6,512,179500,350.585938
7,512,176083,343.912109
8,512,167417,326.986328
9,512,173583,339.029297
10,512,164292,320.882812
11,512,168250,328.613281
12,512,161666,315.753906
13,512,170417,332.845703
14,512,182458,356.363281
15,512,188334,367.839844
16,512,185042,361.410156
17,512,183917,359.212891
18,512,170083,332.193359
19,512,162041,316.486328
20,512,155917,304.525391
21,512,166083,324.380859
22,512,173959,339.763672
23,512,184000,359.375000
24,512,203875,398.193359
25,512,210709,411.541016
26,512,210791,411.701172
27,512,200250,391.113281
28,512,171167,334.310547
29,512,157125,306.884766
30,512,167500,327.148438
31,512,160291,313.068359
32,512,156042,304.769531
33,512,152750,298.339844
34,512,143083,279.458984
35,512,164416,321.125000
36,512,147958,288.980469
37,512,146959,287.029297
38,512,143458,280.191406
39,512,154041,300.861328
40,512,142667,278.646484
41,512,142292,277.914062
42,512,142833,278.970703
43,512,135000,263.671875
44,512,138458,270.425781
45,512,153709,300.212891
46,512,150041,293.048828
47,512,158375,309.326172
48,512,195500,381.835938
49,512,251292,490.804688
50,512,165875,323.974609
51,512,164459,321.208984
52,512,144875,282.958984
53,512,163875,320.068359
54,512,125500,245.117188
55,512,125083,244.302734
56,512,124083,242.349609
57,512,123875,241.943359
58,512,123708,241.617188
59,512,121459,237.224609
60,512,119833,234.048828
61,512,119000,232.421875
62,512,121625,237.548828
63,512,119833,234.048828
64,512,122542,239.339844
65,512,121333,236.978516
66,512,117084,228.679688
67,512,139583,272.623047
68,512,153792,300.375000
69,512,166250,324.707031
70,512,202709,395.916016
71,512,138916,271.320312
72,512,160292,313.070312
73,512,150250,293.457031
74,512,133209,260.173828
75,512,131333,256.509766
76,512,125792,245.687500
77,512,131541,256.916016
78,512,120625,235.595703
79,512,123667,241.537109
80,512,116791,228.107422
81,512,125375,244.873047
82,512,125000,244.140625
83,512,122167,238.607422
84,512,118708,231.851562
85,512,116375,227.294922
86,512,116250,227.050781
87,512,124292,242.757812
88,512,122333,238.931641
89,512,118208,230.875000
90,512,112167,219.076172
91,512,117458,229.410156
92,512,112542,219.808594
93,512,119416,233.234375
94,512,119084,232.585938
95,512,115791,226.154297
96,512,113459,221.599609
97,512,110875,216.552734
98,512,108833,212.564453
99,512,110000,214.843750
100,512,114125,222.900391
101,512,109625,214.111328
102,512,114333,223.306641
103,512,119667,233.724609
104,512,111250,217.285156
105,512,111083,216.958984
106,512,110292,215.414062
107,512,111834,218.425781
108,512,111625,218.017578
109,512,111334,217.449219
110,512,118541,231.525391
111,512,110667,216.146484
112,512,111458,217.691406
113,512,102834,200.847656
114,512,108667,212.240234
115,512,110208,215.250000
116,512,107000,208.984375
117,512,104250,203.613281
118,512,111667,218.099609
119,512,105541,206.134766
120,512,107334,209.636719
121,512,110291,215.412109
122,512,107292,209.554688
123,512,106292,207.601562
124,512,105875,206.787109
125,512,109041,212.970703
126,512,105333,205.728516
127,512,106292,207.601562
128,512,104875,204.833984
129,512,239500,467.773438
130,512,237417,463.705078
131,512,223250,436.035156
132,512,226916,443.195312
133,512,253042,494.222656
134,512,244875,478.271484
135,512,227292,443.929688
136,512,214166,418.292969
137,512,228709,446.697266
138,512,223084,435.710938
139,512,226708,442.789062
140,512,207333,404.947266
141,512,194667,380.208984
142,512,180750,353.027344
143,512,190750,372.558594
144,512,185666,362.628906
145,512,184125,359.619141
146,512,172458,336.832031
147,512,177750,347.167969
148,512,171458,334.878906
149,512,169417,330.892578
150,512,176458,344.644531
151,512,160208,312.906250
152,512,169208,330.484375
153,512,163958,320.230469
154,512,168709,329.509766
155,512,168416,328.937500
156,512,169417,330.892578
157,512,171625,335.205078
158,512,163458,319.253906
159,512,171292,334.554688
160,512,168458,329.019531
161,512,161666,315.753906
162,512,170292,332.601562
163,512,162792,317.953125
164,512,160125,312.744141
165,512,159416,311.359375
166,512,170792,333.578125
167,512,165208,322.671875
168,512,152292,297.445312
169,512,168542,329.183594
170,512,158750,310.058594
171,512,165500,323.242188
172,512,184208,359.781250
173,512,181542,354.574219
174,512,166958,326.089844
175,512,188500,368.164062
176,512,175500,342.773438
177,512,190417,371.908203
178,512,184833,361.001953
179,512,192875,376.708984
180,512,163667,319.662109
181,512,169417,330.892578
182,512,163958,320.230469
183,512,180208,351.968750
184,512,165125,322.509766
185,512,166583,325.357422
186,512,176125,343.994141
187,512,174334,340.496094
188,512,160875,314.208984
189,512,163541,319.416016
190,512,163250,318.847656
191,512,157333,307.291016
192,512,162834,318.035156
193,512,161166,314.777344
194,512,158167,308.919922
195,512,161333,315.103516
196,512,154375,301.513672
197,512,167625,327.392578
198,512,147917,288.900391
199,512,152291,297.443359
200,512,132583,258.951172
201,512,152959,298.748047
202,512,150250,293.457031
203,512,149167,291.341797
204,512,150542,294.027344
205,512,145917,284.994141
206,512,156083,304.849609
207,512,150125,293.212891
208,512,158167,308.919922
209,512,148500,290.039062
210,512,145375,283.935547
211,512,149042,291.097656
212,512,141125,275.634766
213,512,161416,315.265625
214,512,149042,291.097656
215,512,150667,294.271484
216,512,140958,275.308594
217,512,147417,287.923828
218,512,152625,298.095703
219,512,148250,289.550781
220,512,136542,266.683594
221,512,146750,286.621094
222,512,139083,271.646484
223,512,138208,269.937500
224,512,146167,285.482422
225,512,148625,290.283203
226,512,141958,277.261719
227,512,163333,319.009766
228,512,150709,294.353516
229,512,154208,301.187500
230,512,157291,307.208984
231,512,137708,268.960938
232,512,141042,275.472656
233,512,165291,322.833984
234,512,168917,329.916016
235,512,181917,355.306641
236,512,192208,375.406250
237,512,176917,345.541016
238,512,181333,354.166016
239,512,170334,332.683594
240,512,164959,322.185547
241,512,159333,311.197266
242,512,144125,281.494141
243,512,151000,294.921875
244,512,155042,302.816406
245,512,149875,292.724609
246,512,156750,306.152344
247,512,151375,295.654297
248,512,136125,265.869141
249,512,140500,274.414062
250,512,145583,284.341797
251,512,131584,257.000000
252,512,142291,277.912109
253,512,147167,287.435547
254,512,151583,296.060547
255,512,147000,287.109375
256,512,148250,289.550781
257,512,144875,282.958984
258,512,150625,294.189453
259,512,135875,265.380859
260,512,135334,264.324219
261,512,140083,273.599609
262,512,132083,257.974609
263,512,132000,257.812500
264,512,128958,251.871094
265,512,143042,279.378906
266,512,135667,264.974609
267,512,129875,253.662109
268,512,151167,295.248047
269,512,127083,248.208984
270,512,126792,247.640625
271,512,125375,244.873047
272,512,135709,265.056641
273,512,141459,276.287109
274,512,134750,263.183594
275,512,131333,256.509766
276,512,124875,243.896484
277,512,130875,255.615234
278,512,127500,249.023438
279,512,134291,262.287109
280,512,129500,252.929688
281,512,124917,243.978516
282,512,133792,261.312500
283,512,139667,272.787109
284,512,138167,269.857422
285,512,141333,276.041016
286,512,128416,250.812500
287,512,129333,252.603516
288,512,123417,241.048828
289,512,123292,240.804688
290,512,124083,242.349609
291,512,128166,250.324219
292,512,118084,230.632812
293,512,127250,248.535156
294,512,122708,239.664062
295,512,123792,241.781250
296,512,134458,262.613281
297,512,134583,262.857422
298,512,123375,240.966797
299,512,166167,324.544922
300,512,160875,314.208984
301,512,145375,283.935547
302,512,137916,269.367188
303,512,146000,285.156250
304,512,151542,295.980469
305,512,141000,275.390625
306,512,141166,275.714844
307,512,127167,248.373047
308,512,138834,271.160156
309,512,136667,266.927734
310,512,136000,265.625000
311,512,129417,252.767578
312,512,142500,278.320312
313,512,133791,261.310547
314,512,138084,269.695312
315,512,136125,265.869141
316,512,148417,289.876953
317,512,138458,270.425781
318,512,132500,258.789062
319,512,137250,268.066406
320,512,123917,242.025391
321,512,144250,281.738281
322,512,132625,259.033203
323,512,131000,255.859375
324,512,127250,248.535156
325,512,132166,258.136719
326,512,119833,234.048828
327,512,124709,243.572266
328,512,131708,257.242188
329,512,122625,239.501953
330,512,134416,262.531250
331,512,133292,260.335938
332,512,125500,245.117188
333,512,128125,250.244141
334,512,136958,267.496094
335,512,131000,255.859375
336,512,130041,253.986328
337,512,116000,226.562500
338,512,125000,244.140625
339,512,127792,249.593750
340,512,119791,233.966797
341,512,125833,245.767578
342,512,127959,249.919922
343,512,122041,238.361328
344,512,127667,249.349609
345,512,129125,252.197266
346,512,115292,225.179688
347,512,119083,232.583984
348,512,123375,240.966797
349,512,116667,227.865234
350,512,124666,243.488281
351,512,121042,236.410156
352,512,116916,228.351562
353,512,118125,230.712891
354,512,108125,211.181641
355,512,152583,298.013672
356,512,190917,372.884766
357,512,164041,320.392578
358,512,137500,268.554688
359,512,160875,314.208984
360,512,162666,317.707031
361,512,137875,269.287109
362,512,162625,317.626953
363,512,164584,321.453125
364,512,151750,296.386719
365,512,140791,274.982422
366,512,150708,294.351562
367,512,159917,312.337891
368,512,169416,330.890625
369,512,167167,326.498047
370,512,160416,313.312500
371,512,151917,296.712891
372,512,155375,303.466797
373,512,135541,264.728516
374,512,159375,311.279297
375,512,165084,322.429688
376,512,149333,291.666016
377,512,151000,294.921875
378,512,154625,302.001953
379,512,150750,294.433594
380,512,142417,278.158203
381,512,146750,286.621094
382,512,151542,295.980469
383,512,149667,292.318359
384,512,160916,314.289062
385,512,151958,296.792969
386,512,132792,259.359375
387,512,145125,283.447266
388,512,147042,287.191406
389,512,129833,253.580078
390,512,152959,298.748047
391,512,130042,253.988281
392,512,138583,270.669922
393,512,135792,265.218750
394,512,142166,277.667969
395,512,128750,251.464844
396,512,146125,285.400391
397,512,131125,256.103516
398,512,125375,244.873047
399,512,132041,257.892578
400,512,134417,262.533203
401,512,141459,276.287109
402,512,148416,289.875000
403,512,129584,253.093750
404,512,147583,288.248047
405,512,129958,253.824219
406,512,147292,287.679688
407,512,144875,282.958984
408,512,137750,269.042969
409,512,128708,251.382812
410,512,159542,311.605469
411,512,134083,261.880859
412,512,123833,241.861328
413,512,126458,246.988281
414,512,124583,243.326172
415,512,133042,259.847656
416,512,116917,228.353516
417,512,127375,248.779297
418,512,126750,247.558594
419,512,123791,241.779297
420,512,135334,264.324219
421,512,119500,233.398438
422,512,132750,259.277344
423,512,126375,246.826172
424,512,119375,233.154297
425,512,135042,263.753906
426,512,120250,234.863281
427,512,120500,235.351562
428,512,137958,269.449219
429,512,121333,236.978516
430,512,127042,248.128906
431,512,130250,254.394531
432,512,122500,239.257812
433,512,116667,227.865234
434,512,116875,228.271484
435,512,123958,242.105469
436,512,125000,244.140625
437,512,127042,248.128906
438,512,109375,213.623047
439,512,128541,251.056641
440,512,119584,233.562500
441,512,115958,226.480469
442,512,117541,229.572266
443,512,121167,236.654297
444,512,109000,212.890625
445,512,109208,213.296875
446,512,113292,221.273438
447,512,124042,242.269531
448,512,113042,220.785156
449,512,112875,220.458984
450,512,111875,218.505859
451,512,110458,215.738281
452,512,118250,230.957031
453,512,122709,239.666016
454,512,118166,230.792969
455,512,110500,215.820312
456,512,124875,243.896484
457,512,115459,225.505859
458,512,120250,234.863281
459,512,114333,223.306641
460,512,113917,222.494141
461,512,122792,239.828125
462,512,113583,221.841797
463,512,120083,234.537109
464,512,111375,217.529297
465,512,118167,230.794922
466,512,120708,235.757812
467,512,126000,246.093750
468,512,122042,238.363281
469,512,119916,234.210938
470,512,117542,229.574219
471,512,128000,250.000000
472,512,123291,240.802734
473,512,130792,255.453125
474,512,153209,299.236328
475,512,129250,252.441406
476,512,141417,276.205078
477,512,152083,297.037109
478,512,135500,264.648438
479,512,132750,259.277344
480,512,128167,250.326172
481,512,127250,248.535156
482,512,126792,247.640625
483,512,123250,240.722656
484,512,122708,239.664062
485,512,127792,249.593750
486,512,119959,234.294922
487,512,120666,235.675781
488,512,121209,236.736328
489,512,118209,230.876953
490,512,120791,235.919922
491,512,114792,224.203125
492,512,117042,228.597656
493,512,117125,228.759766
494,512,116417,227.376953
495,512,114541,223.712891
496,512,123542,241.292969
497,512,119709,233.806641
498,512,128500,250.976562
499,512,135500,264.648438
500,512,124083,242.349609
501,512,117917,230.306641
502,512,122208,238.687500
503,512,118750,231.933594
504,512,108625,212.158203
505,512,112667,220.052734
506,512,114833,224.283203
507,512,117625,229.736328
508,512,115625,225.830078
509,512,113792,222.250000
510,512,117833,230.142578
511,512,117958,230.386719
512,512,115417,225.423828
513,512,114625,223.876953
514,512,113750,222.167969
515,512,111500,217.773438
516,512,109958,214.761719
517,512,114334,223.308594
518,512,117083,228.677734
519,512,106667,208.333984
520,512,113041,220.783203
521,512,108750,212.402344
522,512,102834,200.847656
523,512,116750,228.027344
524,512,104125,203.369141
525,512,121750,237.792969
526,512,117041,228.595703
527,512,106292,207.601562
528,512,111292,217.367188
529,512,120708,235.757812
530,512,111584,217.937500
531,512,110208,215.250000
532,512,109833,214.517578
533,512,108375,211.669922
534,512,109250,213.378906
535,512,109459,213.787109
536,512,115791,226.154297
537,512,107334,209.636719
538,512,108208,211.343750
539,512,111917,218.587891
540,512,123000,240.234375
541,512,122500,239.257812
542,512,115375,225.341797
543,512,115417,225.423828
544,512,130958,255.777344
545,512,128625,251.220703
546,512,121208,236.734375
547,512,112667,220.052734
548,512,113708,222.085938
549,512,114125,222.900391
550,512,112375,219.482422
551,512,115208,225.015625
552,512,113041,220.783203
553,512,118500,231.445312
554,512,115042,224.691406
555,512,116375,227.294922
556,512,107458,209.878906
557,512,153542,299.886719
558,512,127833,249.673828
559,512,146375,285.888672
560,512,130042,253.988281
561,512,128375,250.732422
562,512,122833,239.908203
563,512,151500,295.898438
564,512,119834,234.050781
565,512,118292,231.039062
566,512,120750,235.839844
567,512,121333,236.978516
568,512,126375,246.826172
569,512,121167,236.654297
570,512,123209,240.642578
571,512,131209,256.267578
572,512,117458,229.410156
573,512,121750,237.792969
574,512,128042,250.082031
575,512,119500,233.398438
576,512,128458,250.894531
577,512,129208,252.359375
578,512,125917,245.931641
579,512,117875,230.224609
580,512,115000,224.609375
581,512,112250,219.238281
582,512,114125,222.900391
583,512,111333,217.447266
584,512,114167,222.982422
585,512,119292,232.992188
586,512,122542,239.339844
587,512,113375,221.435547
588,512,113916,222.492188
589,512,110959,216.716797
590,512,121083,236.490234
591,512,126042,246.175781
592,512,130125,254.150391
593,512,113000,220.703125
594,512,123750,241.699219
595,512,121041,236.408203
596,512,111042,216.878906
597,512,114250,223.144531
598,512,121916,238.117188
599,512,119333,233.072266
600,512,111333,217.447266
601,512,111875,218.505859
602,512,114167,222.982422
603,512,114125,222.900391
604,512,118083,230.630859
605,512,119500,233.398438
606,512,115375,225.341797
607,512,115583,225.748047
608,512,117125,228.759766
609,512,121125,236.572266
610,512,115000,224.609375
611,512,156375,305.419922
612,512,170458,332.925781
613,512,129334,252.605469
614,512,122584,239.421875
615,512,122916,240.070312
616,512,123750,241.699219
617,512,123084,240.398438
618,512,124791,243.732422
619,512,126708,247.476562
620,512,174584,340.984375
621,512,137833,269.205078
622,512,148667,290.365234
623,512,142708,278.726562
624,512,142333,277.994141
625,512,120709,235.759766
626,512,132666,259.113281
627,512,126917,247.884766
628,512,117125,228.759766
629,512,122625,239.501953
630,512,120916,236.164062
631,512,114875,224.365234
632,512,121042,236.410156
633,512,121375,237.060547
634,512,119375,233.154297
635,512,124958,244.058594
636,512,122791,239.826172
637,512,126417,246.908203
638,512,120083,234.537109
639,512,119959,234.294922
640,512,121375,237.060547
641,512,124084,242.351562
642,512,132708,259.195312
643,512,123916,242.023438
644,512,122542,239.339844
645,512,117625,229.736328
646,512,127958,249.917969
647,512,124458,243.082031
648,512,111333,217.447266
649,512,114292,223.226562
650,512,118542,231.527344
651,512,111000,216.796875
652,512,114084,222.820312
653,512,119500,233.398438
654,512,109958,214.761719
655,512,116125,226.806641
656,512,117042,228.597656
657,512,110958,216.714844
658,512,113958,222.574219
659,512,116584,227.703125
660,512,128833,251.626953
661,512,109750,214.355469
662,512,125750,245.605469
663,512,109083,213.052734
664,512,115750,226.074219
665,512,111208,217.203125
666,512,120792,235.921875
667,512,134209,262.126953
668,512,112208,219.156250
669,512,111250,217.285156
670,512,110417,215.658203
671,512,115083,224.771484
672,512,114500,223.632812
673,512,120000,234.375000
674,512,127042,248.128906
675,512,112458,219.644531
676,512,146667,286.458984
677,512,148291,289.630859
678,512,140000,273.437500
679,512,140584,274.578125
680,512,138208,269.937500
681,512,134292,262.289062
682,512,137625,268.798828
683,512,151292,295.492188
684,512,138375,270.263672
685,512,140166,273.761719
686,512,135417,264.486328
687,512,144417,282.064453
688,512,136041,265.705078
689,512,147167,287.435547
690,512,124833,243.814453
691,512,139417,272.298828
692,512,122667,239.583984
693,512,124792,243.734375
694,512,126250,246.582031
695,512,127792,249.593750
696,512,128583,251.138672
697,512,130375,254.638672
698,512,124958,244.058594
699,512,124292,242.757812
700,512,116959,228.435547
701,512,122833,239.908203
702,512,119750,233.886719
703,512,117208,228.921875
704,512,118667,231.771484
705,512,119833,234.048828
706,512,112167,219.076172
707,512,114875,224.365234
708,512,114875,224.365234
709,512,119167,232.748047
710,512,114375,223.388672
711,512,112833,220.376953
712,512,116167,226.888672
713,512,112875,220.458984
714,512,113375,221.435547
715,512,114500,223.632812
716,512,112916,220.539062
717,512,111584,217.937500
718,512,112125,218.994141
719,512,120875,236.083984
720,512,108000,210.937500
721,512,111250,217.285156
722,512,113834,222.332031
723,512,108666,212.238281
724,512,111708,218.179688
725,512,106209,207.439453
726,512,108250,211.425781
727,512,105333,205.728516
728,512,106625,208.251953
729,512,108208,211.343750
730,512,106459,207.927734
731,512,105709,206.462891
732,512,109334,213.542969
733,512,109875,214.599609
734,512,109709,214.275391
735,512,113500,221.679688
736,512,108917,212.728516
737,512,111000,216.796875
738,512,108875,212.646484
739,512,109166,213.214844
740,512,110792,216.390625
741,512,108000,210.937500
742,512,108166,211.261719
743,512,110417,215.658203
744,512,112416,219.562500
745,512,106375,207.763672
746,512,109542,213.949219
747,512,113625,221.923828
748,512,110500,215.820312
749,512,111334,217.449219
750,512,121083,236.490234
751,512,112083,218.912109
752,512,116125,226.806641
753,512,117625,229.736328
754,512,109375,213.623047
755,512,109417,213.705078
756,512,114083,222.818359
757,512,113792,222.250000
758,512,112625,219.970703
759,512,114500,223.632812
760,512,109166,213.214844
761,512,109042,212.972656
762,512,111459,217.693359
763,512,114958,224.527344
764,512,116708,227.945312
765,512,110917,216.634766
766,512,117583,229.654297
767,512,131875,257.568359
768,512,135542,264.730469
769,512,139958,273.355469
770,512,125375,244.873047
771,512,142458,278.238281
772,512,118333,231.119141
773,512,116666,227.863281
774,512,127709,249.431641
775,512,125791,245.685547
776,512,126208,246.500000
777,512,124917,243.978516
778,512,112083,218.912109
779,512,115375,225.341797
780,512,113416,221.515625
781,512,116042,226.644531
782,512,111083,216.958984
783,512,113875,222.412109
784,512,115791,226.154297
785,512,112458,219.644531
786,512,119667,233.724609
787,512,114500,223.632812
788,512,116708,227.945312
789,512,118375,231.201172
790,512,115750,226.074219
791,512,121500,237.304688
792,512,117916,230.304688
793,512,118834,232.097656
794,512,115166,224.933594
795,512,114084,222.820312
796,512,114375,223.388672
797,512,113709,222.087891
798,512,117875,230.224609
799,512,126333,246.744141
800,512,123417,241.048828
801,512,111542,217.855469
802,512,116584,227.703125
803,512,115750,226.074219
804,512,114792,224.203125
805,512,114458,223.550781
806,512,114000,222.656250
807,512,116708,227.945312
808,512,112792,220.296875
809,512,131292,256.429688
810,512,116333,227.212891
811,512,117041,228.595703
812,512,121209,236.736328
813,512,114875,224.365234
814,512,110250,215.332031
815,512,109458,213.785156
816,512,111458,217.691406
817,512,128334,250.652344
818,512,121041,236.408203
819,512,129542,253.011719
820,512,148000,289.062500
821,512,132458,258.707031
822,512,127750,249.511719
823,512,142125,277.587891
824,512,126000,246.093750
825,512,147959,288.982422
826,512,134041,261.798828
827,512,157542,307.699219
828,512,162167,316.732422
829,512,162875,318.115234
830,512,162958,318.277344
831,512,157875,308.349609
832,512,161167,314.779297
833,512,142458,278.238281
834,512,135791,265.216797
835,512,137583,268.716797
836,512,139792,273.031250
837,512,143666,280.597656
838,512,129125,252.197266
839,512,144792,282.796875
840,512,151875,296.630859
841,512,140500,274.414062
842,512,124958,244.058594
843,512,138250,270.019531
844,512,178791,349.201172
845,512,147459,288.005859
846,512,139167,271.810547
847,512,130542,254.964844
848,512,136750,267.089844
849,512,132375,258.544922
850,512,133417,260.580078
851,512,135958,265.542969
852,512,145292,283.773438
853,512,132416,258.625000
854,512,137875,269.287109
855,512,130458,254.800781
856,512,131000,255.859375
857,512,127375,248.779297
858,512,123333,240.884766
859,512,134875,263.427734
860,512,120042,234.457031
861,512,129625,253.173828
862,512,124792,243.734375
863,512,121458,237.222656
864,512,117541,229.572266
865,512,121209,236.736328
866,512,127250,248.535156
867,512,127041,248.126953
868,512,114375,223.388672
869,512,119250,232.910156
870,512,116542,227.621094
871,512,117083,228.677734
872,512,117917,230.306641
873,512,117958,230.386719
874,512,122333,238.931641
875,512,117750,229.980469
876,512,116042,226.644531
877,512,120291,234.943359
878,512,119750,233.886719
879,512,114500,223.632812
880,512,120500,235.351562
881,512,115125,224.853516
882,512,116833,228.189453
883,512,112792,220.296875
884,512,118209,230.876953
885,512,119541,233.478516
886,512,116250,227.050781
887,512,114000,222.656250
888,512,110459,215.740234
889,512,120667,235.677734
890,512,114083,222.818359
891,512,112000,218.750000
892,512,174958,341.714844
893,512,169375,330.810547
894,512,169292,330.648438
895,512,141292,275.960938
896,512,128583,251.138672
897,512,122083,238.443359
898,512,130292,254.476562
899,512,145000,283.203125
900,512,133209,260.173828
901,512,144208,281.656250
902,512,140292,274.007812
903,512,148791,290.607422
904,512,148084,289.226562
905,512,146916,286.945312
906,512,157333,307.291016
907,512,135583,264.810547
908,512,133667,261.068359
909,512,129416,252.765625
910,512,140209,273.845703
911,512,131209,256.267578
912,512,134583,262.857422
913,512,126583,247.232422
914,512,124459,243.083984
915,512,129084,252.117188
916,512,124166,242.511719
917,512,121750,237.792969
918,512,128667,251.302734
919,512,122500,239.257812
920,512,120416,235.187500
921,512,128000,250.000000
922,512,120792,235.921875
923,512,121000,236.328125
924,512,122375,239.013672
925,512,115417,225.423828
926,512,115834,226.238281
927,512,124458,243.082031
928,512,116792,228.109375
929,512,115333,225.259766
930,512,125750,245.605469
931,512,117209,228.923828
932,512,118166,230.792969
933,512,116000,226.562500
934,512,115542,225.667969
935,512,118125,230.712891
936,512,116750,228.027344
937,512,113208,221.109375
938,512,115291,225.177734
939,512,114417,223.470703
940,512,114208,223.062500
941,512,113250,221.191406
942,512,112333,219.400391
943,512,117792,230.062500
944,512,113458,221.597656
945,512,110792,216.390625
946,512,114917,224.447266
947,512,116791,228.107422
948,512,116084,226.726562
949,512,114709,224.041016
950,512,121000,236.328125
951,512,116541,227.619141
952,512,110459,215.740234
953,512,114250,223.144531
954,512,114417,223.470703
955,512,112667,220.052734
956,512,111708,218.179688
957,512,122750,239.746094
958,512,144625,282.470703
959,512,130541,254.962891
960,512,114209,223.064453
961,512,128042,250.082031
962,512,132333,258.462891
963,512,114709,224.041016
964,512,130625,255.126953
965,512,136333,266.275391
966,512,146833,286.783203
967,512,127584,249.187500
968,512,138459,270.427734
969,512,127541,249.103516
970,512,126417,246.908203
971,512,127375,248.779297
972,512,147583,288.248047
973,512,145625,284.423828
974,512,126667,247.396484
975,512,138083,269.693359
976,512,138500,270.507812
977,512,132750,259.277344
978,512,145833,284.830078
979,512,159125,310.791016
980,512,167958,328.042969
981,512,143542,280.355469
982,512,159041,310.626953
983,512,142834,278.972656
984,512,126167,246.419922
985,512,135125,263.916016
986,512,132875,259.521484
987,512,134042,261.800781
988,512,125917,245.931641
989,512,120708,235.757812
990,512,127833,249.673828
991,512,120084,234.539062
992,512,117750,229.980469
993,512,118666,231.769531
994,512,116834,228.191406
995,512,118708,231.851562
996,512,116833,228.189453
997,512,115917,226.400391
998,512,119625,233.642578
999,512,111125,217.041016
1000,512,112625,219.970703
1001,512,112625,219.970703
1002,512,115125,224.853516
1003,512,113708,222.085938
1004,512,112125,218.994141
1005,512,114583,223.794922
1006,512,113750,222.167969
1007,512,115750,226.074219
1008,512,112292,219.320312
1009,512,113083,220.865234
1010,512,112167,219.076172
1011,512,113625,221.923828
1012,512,109875,214.599609
1013,512,114167,222.982422
1014,512,114667,223.958984
1015,512,120250,234.863281
1016,512,122500,239.257812
1017,512,115708,225.992188
1018,512,119833,234.048828
1019,512,117667,229.818359
1020,512,121292,236.898438
1021,512,142875,279.052734
1022,512,139875,273.193359
1023,512,132500,258.789062
1024,512,129542,253.011719
1025,512,155542,303.792969
1026,512,135042,263.753906
1027,512,141416,276.203125
1028,512,130542,254.964844
1029,512,127833,249.673828
1030,512,126500,247.070312
1031,512,121167,236.654297
1032,512,121166,236.652344
1033,512,125875,245.849609
1034,512,120083,234.537109
1035,512,122709,239.666016
1036,512,125083,244.302734
1037,512,122500,239.257812
1038,512,123042,240.316406
1039,512,124125,242.431641
1040,512,124834,243.816406
1041,512,119834,234.050781
1042,512,119917,234.212891
1043,512,120291,234.943359
1044,512,126375,246.826172
1045,512,122875,239.990234
1046,512,132583,258.951172
1047,512,122250,238.769531
1048,512,117917,230.306641
1049,512,116958,228.433594
1050,512,122250,238.769531
1051,512,113417,221.517578
1052,512,113791,222.248047
1053,512,119000,232.421875
1054,512,114833,224.283203
1055,512,110416,215.656250
1056,512,113500,221.679688
1057,512,114208,223.062500
1058,512,116834,228.191406
1059,512,119083,232.583984
1060,512,114375,223.388672
1061,512,113833,222.330078
1062,512,120292,234.945312
1063,512,124458,243.082031
1064,512,114917,224.447266
1065,512,115084,224.773438
1066,512,111625,218.017578
1067,512,113916,222.492188
1068,512,111334,217.449219
1069,512,110042,214.925781
1070,512,111166,217.121094
1071,512,112584,219.890625
1072,512,108792,212.484375
1073,512,108083,211.099609
1074,512,108292,211.507812
1075,512,108500,211.914062
1076,512,114916,224.445312
1077,512,113000,220.703125
1078,512,108500,211.914062
1079,512,111625,218.017578
1080,512,111791,218.341797
1081,512,116417,227.376953
1082,512,115208,225.015625
1083,512,110250,215.332031
1084,512,111167,217.123047
1085,512,114750,224.121094
1086,512,110750,216.308594
1087,512,110583,215.982422
1088,512,114459,223.552734
1089,512,111458,217.691406
1090,512,113583,221.841797
1091,512,110667,216.146484
1092,512,114000,222.656250
1093,512,109500,213.867188
1094,512,112375,219.482422
1095,512,108792,212.484375
1096,512,115875,226.318359
1097,512,124041,242.267578
1098,512,129125,252.197266
1099,512,145541,284.259766
1100,512,135875,265.380859
1101,512,135667,264.974609
1102,512,136708,267.007812
1103,512,127500,249.023438
1104,512,121792,237.875000
1105,512,131250,256.347656
1106,512,134792,263.265625
1107,512,121125,236.572266
1108,512,122208,238.687500
1109,512,123084,240.398438
1110,512,122041,238.361328
1111,512,127959,249.919922
1112,512,135792,265.218750
1113,512,128000,250.000000
1114,512,126000,246.093750
1115,512,126958,247.964844
1116,512,131833,257.486328
1117,512,130208,254.312500
1118,512,128917,251.791016
1119,512,134291,262.287109
1120,512,131459,256.755859
1121,512,133666,261.066406
1122,512,140084,273.601562
1123,512,124791,243.732422
1124,512,129917,253.744141
1125,512,135708,265.054688
1126,512,125875,245.849609
1127,512,123959,242.107422
1128,512,132208,258.218750
1129,512,120708,235.757812
1130,512,121250,236.816406
1131,512,132708,259.195312
1132,512,124084,242.351562
1133,512,118750,231.933594
1134,512,136333,266.275391
1135,512,119250,232.910156
1136,512,118708,231.851562
1137,512,118833,232.095703
1138,512,116750,228.027344
1139,512,118708,231.851562
1140,512,120917,236.166016
1141,512,126250,246.582031
1142,512,120792,235.921875
1143,512,120042,234.457031
1144,512,123375,240.966797
1145,512,115500,225.585938
1146,512,118250,230.957031
1147,512,112833,220.376953
1148,512,115958,226.480469
1149,512,117792,230.062500
1150,512,117750,229.980469
1151,512,113625,221.923828
1152,512,117833,230.142578
1153,512,130834,255.535156
1154,512,114166,222.980469
1155,512,118958,232.339844
1156,512,113917,222.494141
1157,512,114583,223.794922
1158,512,121792,237.875000
1159,512,126791,247.638672
1160,512,173792,339.437500
1161,512,175042,341.878906
1162,512,159042,310.628906
1163,512,135083,263.833984
1164,512,137042,267.660156
1165,512,135333,264.322266
1166,512,140416,274.250000
1167,512,145542,284.261719
1168,512,132083,257.974609
1169,512,144584,282.390625
1170,512,150667,294.271484
1171,512,139208,271.890625
1172,512,164042,320.394531
1173,512,146208,285.562500
1174,512,143125,279.541016
1175,512,140917,275.228516
1176,512,136625,266.845703
1177,512,132709,259.197266
1178,512,133584,260.906250
1179,512,136250,266.113281
1180,512,135250,264.160156
1181,512,142875,279.052734
1182,512,144041,281.330078
1183,512,133792,261.312500
1184,512,130250,254.394531
1185,512,126459,246.990234
1186,512,126375,246.826172
1187,512,120041,234.455078
1188,512,117167,228.841797
1189,512,122000,238.281250
1190,512,126833,247.720703
1191,512,121042,236.410156
1192,512,118375,231.201172
1193,512,118666,231.769531
1194,512,115292,225.179688
1195,512,123166,240.558594
1196,512,129917,253.744141
1197,512,124375,242.919922
1198,512,114625,223.876953
1199,512,111791,218.341797
1200,512,118542,231.527344
1201,512,117708,229.898438
1202,512,118000,230.468750
1203,512,118083,230.630859
1204,512,127209,248.455078
1205,512,117209,228.923828
1206,512,125625,245.361328
1207,512,120750,235.839844
1208,512,114250,223.144531
1209,512,116750,228.027344
1210,512,118250,230.957031
1211,512,117708,229.898438
1212,512,131208,256.265625
1213,512,138000,269.531250
1214,512,123542,241.292969
1215,512,131750,257.324219
1216,512,121459,237.224609
1217,512,124000,242.187500
1218,512,133292,260.335938
1219,512,129000,251.953125
1220,512,125333,244.791016
1221,512,121750,237.792969
1222,512,119208,232.828125
1223,512,116708,227.945312
1224,512,115834,226.238281
1225,512,118541,231.525391
1226,512,116959,228.435547
1227,512,113792,222.250000
1228,512,116708,227.945312
1229,512,121208,236.734375
1230,512,114959,224.529297
1231,512,118875,232.177734
1232,512,118708,231.851562
1233,512,112750,220.214844
1234,512,122542,239.339844
1235,512,114209,223.064453
1236,512,117250,229.003906
1237,512,117458,229.410156
1238,512,115292,225.179688
1239,512,115417,225.423828
1240,512,112958,220.621094
1241,512,113542,221.761719
1242,512,114500,223.632812
1243,512,115416,225.421875
1244,512,114750,224.121094
1245,512,112917,220.541016
1246,512,112750,220.214844
1247,512,111542,217.855469
1248,512,116083,226.724609
1249,512,123542,241.292969
1250,512,122000,238.281250
1251,512,116833,228.189453
1252,512,116459,227.458984
1253,512,111166,217.121094
1254,512,110583,215.982422
1255,512,119500,233.398438
1256,512,122708,239.664062
1257,512,111458,217.691406
1258,512,111708,218.179688
1259,512,114250,223.144531
1260,512,105459,205.974609
1261,512,107250,209.472656
1262,512,115458,225.503906
1263,512,113792,222.250000
1264,512,114500,223.632812
1265,512,108041,211.017578
1266,512,119209,232.830078
1267,512,111417,217.611328
1268,512,108167,211.263672
1269,512,110833,216.470703
1270,512,111958,218.667969
1271,512,106958,208.902344
1272,512,109417,213.705078
1273,512,112458,219.644531
1274,512,111417,217.611328
1275,512,107291,209.552734
1276,512,109667,214.193359
1277,512,107292,209.554688
1278,512,110750,216.308594
1279,512,112209,219.158203
1280,512,110917,216.634766
1281,512,106708,208.414062
1282,512,108875,212.646484
1283,512,106958,208.902344
1284,512,105666,206.378906
1285,512,110167,215.169922
1286,512,107041,209.064453
1287,512,104584,204.265625
1288,512,108542,211.996094
1289,512,111833,218.423828
1290,512,110833,216.470703
1291,512,108542,211.996094
1292,512,108250,211.425781
1293,512,112875,220.458984
1294,512,110959,216.716797
1295,512,109125,213.134766
1296,512,107917,210.775391
1297,512,109833,214.517578
1298,512,110833,216.470703
1299,512,111750,218.261719
1300,512,107042,209.066406
1301,512,106666,208.332031
1302,512,109042,212.972656
1303,512,112583,219.888672
1304,512,108167,211.263672
1305,512,113458,221.597656
1306,512,122250,238.769531
1307,512,130792,255.453125
1308,512,117625,229.736328
1309,512,132917,259.603516
1310,512,118667,231.771484
1311,512,117375,229.248047
1312,512,115084,224.773438
1313,512,114334,223.308594
1314,512,115125,224.853516
1315,512,116875,228.271484
1316,512,128709,251.384766
1317,512,120875,236.083984
1318,512,112375,219.482422
1319,512,117334,229.167969
1320,512,108584,212.078125
1321,512,111208,217.203125
1322,512,113958,222.574219
1323,512,110875,216.552734
1324,512,115792,226.156250
1325,512,113125,220.947266
1326,512,112833,220.376953
1327,512,105959,206.951172
1328,512,118500,231.445312
1329,512,108708,212.320312
1330,512,113958,222.574219
1331,512,113666,222.003906
1332,512,115375,225.341797
1333,512,108292,211.507812
1334,512,110375,215.576172
1335,512,106000,207.031250
1336,512,107291,209.552734
1337,512,110709,216.228516
1338,512,112583,219.888672
1339,512,104708,204.507812
1340,512,112500,219.726562
1341,512,119208,232.828125
1342,512,112083,218.912109
1343,512,108959,212.810547
1344,512,110000,214.843750
1345,512,104917,204.916016
1346,512,107875,210.693359
1347,512,111791,218.341797
1348,512,108709,212.322266
1349,512,110042,214.925781
1350,512,111500,217.773438
1351,512,116583,227.701172
1352,512,113250,221.191406
1353,512,108541,211.994141
1354,512,119417,233.236328
1355,512,106417,207.845703
1356,512,112208,219.156250
1357,512,115458,225.503906
1358,512,122292,238.851562
1359,512,119708,233.804688
1360,512,115542,225.667969
1361,512,111416,217.609375
1362,512,132917,259.603516
1363,512,114000,222.656250
1364,512,105583,206.216797
1365,512,121292,236.898438
1366,512,123875,241.943359
1367,512,119083,232.583984
1368,512,116584,227.703125
1369,512,116458,227.457031
1370,512,112292,219.320312
1371,512,116583,227.701172
1372,512,114375,223.388672
1373,512,111916,218.585938
1374,512,114875,224.365234
1375,512,115208,225.015625
1376,512,110000,214.843750
1377,512,116333,227.212891
1378,512,116083,226.724609
1379,512,108917,212.728516
1380,512,114292,223.226562
1381,512,115250,225.097656
1382,512,106625,208.251953
1383,512,111458,217.691406
1384,512,110791,216.388672
1385,512,109292,213.460938
1386,512,106416,207.843750
1387,512,109792,214.437500
1388,512,111500,217.773438
1389,512,113958,222.574219
1390,512,109750,214.355469
1391,512,109834,214.519531
1392,512,116375,227.294922
1393,512,112500,219.726562
1394,512,107375,209.716797
1395,512,107833,210.611328
1396,512,116875,228.271484
1397,512,114084,222.820312
1398,512,132875,259.521484
1399,512,111458,217.691406
1400,512,107708,210.367188
1401,512,112958,220.621094
1402,512,108625,212.158203
1403,512,108542,211.996094
1404,512,107500,209.960938
1405,512,110000,214.843750
1406,512,102792,200.765625
1407,512,109625,214.111328
1408,512,110041,214.923828
1409,512,109000,212.890625
1410,512,105459,205.974609
1411,512,105750,206.542969
1412,512,103375,201.904297
1413,512,104250,203.613281
1414,512,105583,206.216797
1415,512,107333,209.634766
1416,512,105792,206.625000
1417,512,109042,212.972656
1418,512,127750,249.511719
1419,512,109208,213.296875
1420,512,110708,216.226562
1421,512,103459,202.068359
1422,512,103042,201.253906
1423,512,107875,210.693359
1424,512,104625,204.345703
1425,512,106708,208.414062
1426,512,102833,200.845703
1427,512,105000,205.078125
1428,512,100791,196.857422
1429,512,104459,204.021484
1430,512,108458,211.832031
1431,512,102000,199.218750
1432,512,102583,200.357422
1433,512,106958,208.902344
1434,512,103125,201.416016
1435,512,99958,195.230469
1436,512,105584,206.218750
1437,512,101917,199.056641
1438,512,104958,204.996094
1439,512,105292,205.648438
1440,512,102542,200.277344
1441,512,102416,200.031250
1442,512,103917,202.962891
1443,512,101708,198.648438
1444,512,103958,203.042969
1445,512,102750,200.683594
1446,512,143958,281.167969
1447,512,154208,301.187500
1448,512,117209,228.923828
1449,512,117166,228.839844
1450,512,121125,236.572266
1451,512,113792,222.250000
1452,512,123917,242.025391
1453,512,129291,252.521484
1454,512,122375,239.013672
1455,512,115125,224.853516
1456,512,137209,267.986328
1457,512,123166,240.558594
1458,512,131042,255.941406
1459,512,128625,251.220703
1460,512,117791,230.060547
1461,512,134459,262.615234
1462,512,127125,248.291016
1463,512,119667,233.724609
1464,512,117416,229.328125
1465,512,119583,233.560547
1466,512,123875,241.943359
1467,512,124750,243.652344
1468,512,118667,231.771484
1469,512,120167,234.701172
1470,512,126500,247.070312
1471,512,118417,231.283203
1472,512,126625,247.314453
1473,512,117541,229.572266
1474,512,113834,222.332031
1475,512,113916,222.492188
1476,512,114084,222.820312
1477,512,112167,219.076172
1478,512,119458,233.316406
1479,512,115375,225.341797
1480,512,117209,228.923828
1481,512,113625,221.923828
1482,512,116583,227.701172
1483,512,108625,212.158203
1484,512,113583,221.841797
1485,512,114459,223.552734
1486,512,108791,212.482422
1487,512,111208,217.203125
1488,512,118584,231.609375
1489,512,124875,243.896484
1490,512,115167,224.935547
1491,512,109958,214.761719
1492,512,113875,222.412109
1493,512,115083,224.771484
1494,512,111917,218.587891
1495,512,110000,214.843750
1496,512,119708,233.804688
1497,512,114292,223.226562
1498,512,115416,225.421875
1499,512,109167,213.216797
1500,512,108125,211.181641
1501,512,107125,209.228516
1502,512,106542,208.089844
1503,512,109125,213.134766
1504,512,120958,236.246094
1505,512,119667,233.724609
1506,512,110666,216.144531
1507,512,121125,236.572266
1508,512,127958,249.917969
1509,512,108208,211.343750
1510,512,112250,219.238281
1511,512,125625,245.361328
1512,512,119292,232.992188
1513,512,120208,234.781250
1514,512,118458,231.363281
1515,512,111250,217.285156
1516,512,112666,220.050781
1517,512,117625,229.736328
1518,512,110125,215.087891
1519,512,113417,221.517578
1520,512,112666,220.050781
1521,512,108958,212.808594
1522,512,112917,220.541016
1523,512,117083,228.677734
1524,512,114375,223.388672
1525,512,114833,224.283203
1526,512,114208,223.062500
1527,512,112584,219.890625
1528,512,107916,210.773438
1529,512,109417,213.705078
1530,512,108584,212.078125
1531,512,105166,205.402344
1532,512,111334,217.449219
1533,512,105708,206.460938
1534,512,111292,217.367188
1535,512,111708,218.179688
1536,512,108167,211.263672
1537,512,109042,212.972656
1538,512,113333,221.353516
1539,512,108459,211.833984
1540,512,111959,218.669922
1541,512,112500,219.726562
1542,512,109375,213.623047
1543,512,108416,211.750000
1544,512,113667,222.005859
1545,512,109958,214.761719
1546,512,112416,219.562500
1547,512,112125,218.994141
1548,512,108667,212.240234
1549,512,113958,222.574219
1550,512,115875,226.318359
1551,512,107541,210.041016
1552,512,110500,215.820312
1553,512,109875,214.599609
1554,512,109250,213.378906
1555,512,109917,214.681641
1556,512,107333,209.634766
1557,512,108125,211.181641
1558,512,104750,204.589844
1559,512,104000,203.125000
1560,512,108709,212.322266
1561,512,104542,204.183594
1562,512,111708,218.179688
1563,512,107750,210.449219
1564,512,102875,200.927734
1565,512,111625,218.017578
1566,512,107917,210.775391
1567,512,105959,206.951172
1568,512,109209,213.298828
1569,512,107375,209.716797
1570,512,106541,208.087891
1571,512,115625,225.830078
1572,512,118208,230.875000
1573,512,106667,208.333984
1574,512,110000,214.843750
1575,512,111083,216.958984
1576,512,112334,219.402344
1577,512,104291,203.693359
1578,512,123958,242.105469
1579,512,110084,215.007812
1580,512,109125,213.134766
1581,512,108000,210.937500
1582,512,107791,210.529297
1583,512,109083,213.052734
1584,512,108417,211.751953
1585,512,109000,212.890625
1586,512,106333,207.681641
1587,512,109667,214.193359
1588,512,110292,215.414062
1589,512,107042,209.066406
1590,512,109125,213.134766
1591,512,108000,210.937500
1592,512,110917,216.634766
1593,512,108125,211.181641
1594,512,107625,210.205078
1595,512,105792,206.625000
1596,512,109250,213.378906
1597,512,108583,212.076172
1598,512,115667,225.912109
1599,512,111416,217.609375
1600,512,108917,212.728516
1601,512,116042,226.644531
1602,512,121083,236.490234
1603,512,120000,234.375000
1604,512,116542,227.621094
1605,512,111750,218.261719
1606,512,109542,213.949219
1607,512,113041,220.783203
1608,512,114500,223.632812
1609,512,114167,222.982422
1610,512,113208,221.109375
1611,512,111458,217.691406
1612,512,112000,218.750000
1613,512,111625,218.017578
1614,512,107791,210.529297
1615,512,111875,218.505859
1616,512,110042,214.925781
1617,512,111250,217.285156
1618,512,113500,221.679688
1619,512,114791,224.201172
1620,512,114500,223.632812
1621,512,107791,210.529297
1622,512,113292,221.273438
1623,512,106583,208.169922
1624,512,112000,218.750000
1625,512,110625,216.064453
1626,512,106292,207.601562
1627,512,108375,211.669922
1628,512,110667,216.146484
1629,512,116500,227.539062
1630,512,106583,208.169922
1631,512,112542,219.808594
1632,512,111709,218.181641
1633,512,109584,214.031250
1634,512,104292,203.695312
1635,512,112042,218.832031
1636,512,102958,201.089844
1637,512,106292,207.601562
1638,512,110542,215.902344
1639,512,101291,197.833984
1640,512,106584,208.171875
1641,512,122250,238.769531
1642,512,104291,203.693359
1643,512,103459,202.068359
1644,512,103583,202.310547
1645,512,102292,199.789062
1646,512,102042,199.300781
1647,512,104375,203.857422
1648,512,102416,200.031250
1649,512,106917,208.822266
1650,512,102875,200.927734
1651,512,102667,200.521484
1652,512,102250,199.707031
1653,512,103041,201.251953
1654,512,104875,204.833984
1655,512,99667,194.662109
1656,512,100917,197.103516
1657,512,101250,197.753906
1658,512,106333,207.681641
1659,512,102042,199.300781
1660,512,103250,201.660156
1661,512,253958,496.011719
1662,512,219625,428.955078
1663,512,194333,379.556641
1664,512,173750,339.355469
1665,512,190041,371.173828
1666,512,195000,380.859375
1667,512,199333,389.322266
1668,512,189959,371.013672
1669,512,194125,379.150391
1670,512,206959,404.216797
1671,512,193833,378.580078
1672,512,183000,357.421875
1673,512,200083,390.787109
1674,512,177833,347.330078
1675,512,174750,341.308594
1676,512,180375,352.294922
1677,512,158458,309.488281
1678,512,178125,347.900391
1679,512,165916,324.054688
1680,512,186750,364.746094
1681,512,165875,323.974609
1682,512,166167,324.544922
1683,512,173709,339.275391
1684,512,168625,329.345703
1685,512,174333,340.494141
1686,512,140250,273.925781
1687,512,185791,362.873047
1688,512,166583,325.357422
1689,512,169417,330.892578
1690,512,145416,284.015625
1691,512,164542,321.371094
1692,512,159291,311.115234
1693,512,164834,321.941406
1694,512,176750,345.214844
1695,512,176209,344.158203
1696,512,162583,317.544922
1697,512,166125,324.462891
1698,512,168500,329.101562
1699,512,169500,331.054688
1700,512,178292,348.226562
1701,512,171375,334.716797
1702,512,177333,346.353516
1703,512,161959,316.326172
1704,512,165542,323.324219
1705,512,158833,310.220703
1706,512,172875,337.646484
1707,512,172458,336.832031
1708,512,172167,336.263672
1709,512,177083,345.865234
1710,512,184708,360.757812
1711,512,176583,344.888672
1712,512,186792,364.828125
1713,512,183583,358.560547
1714,512,260792,509.359375
1715,512,196541,383.869141
1716,512,230084,449.382812
1717,512,198666,388.019531
1718,512,211459,413.005859
1719,512,214250,418.457031
1720,512,222250,434.082031
1721,512,205750,401.855469
1722,512,234459,457.927734
1723,512,175125,342.041016
1724,512,182541,356.525391
1725,512,221084,431.804688
1726,512,249083,486.490234
1727,512,192333,375.650391
1728,512,163042,318.441406
1729,512,162042,316.488281
1730,512,158625,309.814453
1731,512,197250,385.253906
1732,512,198167,387.044922
1733,512,186291,363.849609
1734,512,194959,380.779297
1735,512,195792,382.406250
1736,512,201208,392.984375
1737,512,204292,399.007812
1738,512,219583,428.873047
1739,512,229166,447.589844
1740,512,227583,444.498047
1741,512,165334,322.917969
1742,512,156375,305.419922
1743,512,153333,299.478516
1744,512,147667,288.412109
1745,512,145917,284.994141
1746,512,143708,280.679688
1747,512,140458,274.332031
1748,512,157792,308.187500
1749,512,155625,303.955078
1750,512,151042,295.003906
1751,512,164958,322.183594
1752,512,142542,278.402344
1753,512,144333,281.900391
1754,512,150792,294.515625
1755,512,150458,293.863281
1756,512,153833,300.455078
1757,512,146500,286.132812
1758,512,149833,292.642578
1759,512,140708,274.820312
1760,512,155917,304.525391
1761,512,137084,267.742188
1762,512,164958,322.183594
1763,512,148791,290.607422
1764,512,135708,265.054688
1765,512,145459,284.099609
1766,512,162916,318.195312
1767,512,138417,270.345703
1768,512,174417,340.658203
1769,512,155083,302.896484
1770,512,157583,307.779297
1771,512,168708,329.507812
1772,512,165459,323.162109
1773,512,170291,332.599609
1774,512,157917,308.431641
1775,512,154375,301.513672
1776,512,150042,293.050781
1777,512,144291,281.818359
1778,512,156667,305.990234
1779,512,154083,300.943359
1780,512,141417,276.205078
1781,512,157791,308.185547
1782,512,160084,312.664062
1783,512,158917,310.384766
1784,512,159083,310.708984
1785,512,152000,296.875000
1786,512,147333,287.759766
1787,512,145042,283.285156
1788,512,156500,305.664062
1789,512,146500,286.132812
1790,512,150875,294.677734
1791,512,151166,295.246094
1792,512,138625,270.751953
1793,512,162750,317.871094
1794,512,157791,308.185547
1795,512,164292,320.882812
1796,512,155416,303.546875
1797,512,154125,301.025391
1798,512,158334,309.246094
1799,512,155959,304.607422
1800,512,170542,333.089844
1801,512,165375,322.998047
1802,512,164583,321.451172
1803,512,155584,303.875000
1804,512,175416,342.609375
1805,512,174458,340.738281
1806,512,177667,347.005859
1807,512,166833,325.845703
1808,512,198792,388.265625
1809,512,167916,327.960938
1810,512,179167,349.935547
1811,512,162750,317.871094
1812,512,183416,358.234375
1813,512,154459,301.677734
1814,512,155916,304.523438
1815,512,158125,308.837891
1816,512,163625,319.580078
1817,512,151417,295.736328
1818,512,163209,318.767578
1819,512,180375,352.294922
1820,512,160459,313.396484
1821,512,159791,312.091797
1822,512,225250,439.941406
1823,512,184000,359.375000
1824,512,170667,333.333984
1825,512,173459,338.787109
1826,512,161084,314.617188
1827,512,155541,303.791016
1828,512,158542,309.652344
1829,512,145917,284.994141
1830,512,146708,286.539062
1831,512,148250,289.550781
1832,512,139375,272.216797
1833,512,135375,264.404297
1834,512,153667,300.130859
1835,512,138916,271.320312
1836,512,134917,263.509766
1837,512,146916,286.945312
1838,512,135084,263.835938
1839,512,144000,281.250000
1840,512,128666,251.300781
1841,512,128917,251.791016
1842,512,135208,264.078125
1843,512,131958,257.730469
1844,512,138375,270.263672
1845,512,125417,244.955078
1846,512,142209,277.751953
1847,512,132500,258.789062
1848,512,134959,263.591797
1849,512,147166,287.433594
1850,512,135125,263.916016
1851,512,126417,246.908203
1852,512,135208,264.078125
1853,512,145334,283.855469
1854,512,131459,256.755859
1855,512,141834,277.019531
1856,512,140333,274.087891
1857,512,135250,264.160156
1858,512,139042,271.566406
1859,512,135541,264.728516
1860,512,141125,275.634766
1861,512,134792,263.265625
1862,512,137208,267.984375
1863,512,136250,266.113281
1864,512,140375,274.169922
1865,512,144916,283.039062
1866,512,140125,273.681641
1867,512,143167,279.623047
1868,512,144375,281.982422
1869,512,134375,262.451172
1870,512,144709,282.634766
1871,512,131166,256.183594
1872,512,140458,274.332031
1873,512,143334,279.949219
1874,512,140417,274.251953
1875,512,148792,290.609375
1876,512,150334,293.621094
1877,512,171042,334.066406
1878,512,171292,334.554688
1879,512,163166,318.683594
1880,512,186625,364.501953
1881,512,152125,297.119141
1882,512,182625,356.689453
1883,512,146167,285.482422
1884,512,147125,287.353516
1885,512,148208,289.468750
1886,512,167167,326.498047
1887,512,154792,302.328125
1888,512,160916,314.289062
1889,512,167458,327.066406
1890,512,167542,327.230469
1891,512,181667,354.818359
1892,512,166458,325.113281
1893,512,188417,368.001953
1894,512,166000,324.218750
1895,512,161583,315.591797
1896,512,154292,301.351562
1897,512,164041,320.392578
1898,512,145709,284.587891
1899,512,159417,311.361328
1900,512,150125,293.212891
1901,512,139208,271.890625
1902,512,164000,320.312500
1903,512,160625,313.720703
1904,512,166416,325.031250
1905,512,170292,332.601562
1906,512,179625,350.830078
1907,512,167917,327.962891
1908,512,167250,326.660156
1909,512,151208,295.328125
1910,512,151916,296.710938
1911,512,205417,401.205078
1912,512,180250,352.050781
1913,512,249084,486.492188
1914,512,167375,326.904297
1915,512,165875,323.974609
1916,512,164459,321.208984
1917,512,177125,345.947266
1918,512,155000,302.734375
1919,512,171625,335.205078
1920,512,210917,411.947266
1921,512,172084,336.101562
1922,512,169250,330.566406
1923,512,177500,346.679688
1924,512,169500,331.054688
1925,512,149791,292.560547
1926,512,160459,313.396484
1927,512,139333,272.134766
1928,512,150667,294.271484
1929,512,147250,287.597656
1930,512,142209,277.751953
1931,512,141459,276.287109
1932,512,143750,280.761719
1933,512,140584,274.578125
1934,512,146334,285.808594
1935,512,150250,293.457031
1936,512,137250,268.066406
1937,512,135209,264.080078
1938,512,129291,252.521484
1939,512,135084,263.835938
1940,512,130584,255.046875
1941,512,133833,261.392578
1942,512,128625,251.220703
1943,512,133541,260.822266
1944,512,132084,257.976562
1945,512,131666,257.160156
1946,512,126250,246.582031
1947,512,122833,239.908203
1948,512,137667,268.880859
1949,512,136083,265.787109
1950,512,139625,272.705078
1951,512,128667,251.302734
1952,512,125292,244.710938
1953,512,155583,303.873047
1954,512,136292,266.195312
1955,512,126791,247.638672
1956,512,132917,259.603516
1957,512,155041,302.814453
1958,512,148834,290.691406
1959,512,144916,283.039062
1960,512,146458,286.050781
1961,512,142959,279.216797
1962,512,173708,339.273438
1963,512,165333,322.916016
1964,512,149000,291.015625
1965,512,142417,278.158203
1966,512,160083,312.662109
1967,512,154459,301.677734
1968,512,151500,295.898438
1969,512,152333,297.525391
1970,512,139833,273.111328
1971,512,161917,316.244141
1972,512,145375,283.935547
1973,512,140333,274.087891
1974,512,170375,332.763672
1975,512,169416,330.890625
1976,512,158334,309.246094
1977,512,176959,345.623047
1978,512,159042,310.628906
1979,512,153791,300.373047
1980,512,149500,291.992188
1981,512,145667,284.505859
1982,512,145000,283.203125
1983,512,134834,263.347656
1984,512,137625,268.798828
1985,512,133584,260.906250
1986,512,138042,269.613281
1987,512,137458,268.472656
1988,512,141125,275.634766
1989,512,140583,274.576172
1990,512,137416,268.390625
1991,512,134250,262.207031
1992,512,136208,266.031250
1993,512,129375,252.685547
1994,512,133125,260.009766
1995,512,128792,251.546875
1996,512,138125,269.775391
1997,512,186458,364.175781
1998,512,154542,301.839844
1999,512,150000,292.968750
2000,512,135416,264.484375
2001,512,137584,268.718750
2002,512,135625,264.892578
2003,512,129709,253.337891
2004,512,125166,244.464844
2005,512,142042,277.425781
2006,512,134458,262.613281
2007,512,126750,247.558594
2008,512,125666,245.441406
2009,512,124417,243.001953
2010,512,128833,251.626953
2011,512,131959,257.732422
2012,512,125750,245.605469
2013,512,127250,248.535156
2014,512,125250,244.628906
2015,512,129083,252.115234
2016,512,132750,259.277344
2017,512,129792,253.500000
2018,512,134792,263.265625
2019,512,135458,264.566406
2020,512,133125,260.009766
2021,512,130166,254.230469
2022,512,128500,250.976562
2023,512,129625,253.173828
2024,512,126375,246.826172
2025,512,128750,251.464844
2026,512,128500,250.976562
2027,512,142125,277.587891
2028,512,138500,270.507812
2029,512,133709,261.150391
2030,512,145458,284.097656
2031,512,151916,296.710938
2032,512,137500,268.554688
2033,512,137417,268.392578
2034,512,139000,271.484375
2035,512,143666,280.597656
2036,512,139667,272.787109
2037,512,138000,269.531250
2038,512,133625,260.986328
2039,512,132792,259.359375
2040,512,132667,259.115234
2041,512,132125,258.056641
2042,512,129041,252.033203
2043,512,133459,260.662109
2044,512,142125,277.587891
2045,512,134250,262.207031
2046,512,130458,254.800781
2047,512,130833,255.533203
2048,512,123459,241.130859
2049,512,130750,255.371094
2050,512,127917,249.837891
2051,512,131542,256.917969
2052,512,117375,229.248047
2053,512,126334,246.746094
2054,512,126250,246.582031
2055,512,123750,241.699219
2056,512,126042,246.175781
2057,512,122417,239.095703
2058,512,123125,240.478516
2059,512,135833,265.298828
2060,512,125208,244.546875
2061,512,121750,237.792969
2062,512,125042,244.222656
2063,512,128958,251.871094
2064,512,126458,246.988281
2065,512,122292,238.851562
2066,512,122666,239.582031
2067,512,122250,238.769531
2068,512,138208,269.937500
2069,512,122750,239.746094
2070,512,126459,246.990234
2071,512,120291,234.943359
2072,512,119292,232.992188
2073,512,126125,246.337891
2074,512,124542,243.246094
2075,512,121958,238.199219
2076,512,126833,247.720703
2077,512,117041,228.595703
2078,512,126583,247.232422
2079,512,126667,247.396484
2080,512,123000,240.234375
2081,512,120750,235.839844
2082,512,117417,229.330078
2083,512,118083,230.630859
2084,512,115625,225.830078
2085,512,118083,230.630859
2086,512,114958,224.527344
2087,512,115667,225.912109
2088,512,117500,229.492188
2089,512,123958,242.105469
2090,512,122333,238.931641
2091,512,122875,239.990234
2092,512,125875,245.849609
2093,512,117833,230.142578
2094,512,118917,232.259766
2095,512,122708,239.664062
2096,512,115584,225.750000
2097,512,116125,226.806641
2098,512,116291,227.130859
2099,512,133000,259.765625
2100,512,121375,237.060547
2101,512,123000,240.234375
2102,512,117334,229.167969
2103,512,122916,240.070312
2104,512,144292,281.820312
2105,512,129375,252.685547
2106,512,118458,231.363281
2107,512,122458,239.175781
2108,512,135834,265.300781
2109,512,125000,244.140625
2110,512,124875,243.896484
2111,512,137958,269.449219
2112,512,142834,278.972656
2113,512,151125,295.166016
2114,512,141625,276.611328
2115,512,145625,284.423828
2116,512,140042,273.519531
2117,512,137625,268.798828
2118,512,139875,273.193359
2119,512,135500,264.648438
2120,512,143084,279.460938
2121,512,141333,276.041016
2122,512,137208,267.984375
2123,512,202458,395.425781
2124,512,166667,325.521484
2125,512,156708,306.070312
2126,512,159583,311.685547
2127,512,173541,338.947266
2128,512,147292,287.679688
2129,512,179666,350.910156
2130,512,154292,301.351562
2131,512,138417,270.345703
2132,512,141500,276.367188
2133,512,143166,279.621094
2134,512,148542,290.121094
2135,512,137750,269.042969
2136,512,139792,273.031250
2137,512,131750,257.324219
2138,512,134125,261.962891
2139,512,143416,280.109375
2140,512,139750,272.949219
2141,512,147500,288.085938
2142,512,136500,266.601562
2143,512,140667,274.740234
2144,512,133625,260.986328
2145,512,181208,353.921875
2146,512,143083,279.458984
2147,512,132625,259.033203
2148,512,140709,274.822266
2149,512,140125,273.681641
2150,512,133750,261.230469
2151,512,132417,258.626953
2152,512,136917,267.416016
2153,512,133375,260.498047
2154,512,129583,253.091797
2155,512,127500,249.023438
2156,512,127958,249.917969
2157,512,134416,262.531250
2158,512,139042,271.566406
2159,512,144709,282.634766
2160,512,139708,272.867188
2161,512,129583,253.091797
2162,512,193583,378.091797
2163,512,168084,328.289062
2164,512,135750,265.136719
2165,512,135709,265.056641
2166,512,141083,275.552734
2167,512,135292,264.242188
2168,512,156500,305.664062
2169,512,137250,268.066406
2170,512,141792,276.937500
2171,512,141666,276.691406
2172,512,144542,282.308594
2173,512,155916,304.523438
2174,512,155125,302.978516
2175,512,146625,286.376953
2176,512,150042,293.050781
2177,512,160916,314.289062
2178,512,151458,295.816406
2179,512,139875,273.193359
2180,512,146750,286.621094
2181,512,141458,276.285156
2182,512,133292,260.335938
2183,512,134167,262.044922
2184,512,139667,272.787109
2185,512,129833,253.580078
2186,512,131917,257.650391
2187,512,130292,254.476562
2188,512,127583,249.185547
2189,512,131667,257.162109
2190,512,129708,253.335938
2191,512,124917,243.978516
2192,512,124417,243.001953
2193,512,187667,366.537109
2194,512,241083,470.865234
2195,512,224625,438.720703
2196,512,221584,432.781250
2197,512,208958,408.121094
2198,512,209625,409.423828
2199,512,208791,407.794922
2200,512,205792,401.937500
2201,512,213583,417.154297
2202,512,204334,399.089844
2203,512,202625,395.751953
2204,512,184750,360.839844
2205,512,213209,416.423828
2206,512,214041,418.048828
2207,512,212292,414.632812
2208,512,220542,430.746094
2209,512,215416,420.734375
2210,512,245292,479.085938
2211,512,247042,482.503906
2212,512,221500,432.617188
2213,512,211917,413.900391
2214,512,206250,402.832031
2215,512,206083,402.505859
2216,512,195375,381.591797
2217,512,201500,393.554688
2218,512,197750,386.230469
2219,512,240375,469.482422
2220,512,227875,445.068359
2221,512,130417,254.720703
2222,512,135000,263.671875
2223,512,134791,263.263672
2224,512,126667,247.396484
2225,512,129083,252.115234
2226,512,142500,278.320312
2227,512,129958,253.824219
2228,512,126458,246.988281
2229,512,123584,241.375000
2230,512,125625,245.361328
2231,512,121334,236.980469
2232,512,124334,242.839844
2233,512,123833,241.861328
2234,512,115292,225.179688
2235,512,124500,243.164062
2236,512,125666,245.441406
2237,512,119292,232.992188
2238,512,119250,232.910156
2239,512,130792,255.453125
2240,512,122333,238.931641
2241,512,122292,238.851562
2242,512,119750,233.886719
2243,512,119166,232.746094
2244,512,128959,251.873047
2245,512,140791,274.982422
2246,512,134750,263.183594
2247,512,162750,317.871094
2248,512,159625,311.767578
2249,512,242500,473.632812
2250,512,241208,471.109375
2251,512,161958,316.324219
2252,512,177000,345.703125
2253,512,167416,326.984375
2254,512,174583,340.982422
2255,512,162625,317.626953
2256,512,156209,305.095703
2257,512,163917,320.150391
2258,512,166750,325.683594
2259,512,152417,297.689453
2260,512,154084,300.945312
2261,512,180250,352.050781
2262,512,178000,347.656250
2263,512,226125,441.650391
2264,512,240917,470.541016
2265,512,233208,455.484375
2266,512,422875,825.927734
2267,512,248292,484.945312
2268,512,290500,567.382812
2269,512,328459,641.521484
2270,512,562000,1097.656250
2271,512,299334,584.636719
2272,512,226500,442.382812
2273,512,220125,429.931641
2274,512,189500,370.117188
2275,512,201208,392.984375
2276,512,183125,357.666016
2277,512,212875,415.771484
2278,512,175250,342.285156
2279,512,155667,304.037109
2280,512,167833,327.798828
2281,512,181500,354.492188
2282,512,154250,301.269531
2283,512,163042,318.441406
2284,512,155000,302.734375
2285,512,148375,289.794922
2286,512,147417,287.923828
2287,512,149417,291.830078
2288,512,149334,291.667969
2289,512,140500,274.414062
2290,512,144792,282.796875
2291,512,158833,310.220703
2292,512,143417,280.111328
2293,512,139875,273.193359
2294,512,147125,287.353516
2295,512,142000,277.343750
2296,512,139833,273.111328
2297,512,168542,329.183594
2298,512,148500,290.039062
2299,512,145375,283.935547
2300,512,136458,266.519531
2301,512,140042,273.519531
2302,512,147000,287.109375
2303,512,151834,296.550781
2304,512,159500,311.523438
2305,512,155042,302.816406
2306,512,139250,271.972656
2307,512,139666,272.785156
2308,512,140417,274.251953
2309,512,138875,271.240234
2310,512,139958,273.355469
2311,512,136875,267.333984
2312,512,133916,261.554688
2313,512,137000,267.578125
2314,512,145125,283.447266
2315,512,134416,262.531250
2316,512,157042,306.722656
2317,512,153750,300.292969
2318,512,155458,303.628906
2319,512,142916,279.132812
2320,512,137375,268.310547
2321,512,141000,275.390625
2322,512,166458,325.113281
2323,512,156792,306.234375
2324,512,150083,293.130859
2325,512,147541,288.166016
2326,512,187750,366.699219
2327,512,171500,334.960938
2328,512,152375,297.607422
2329,512,151000,294.921875
2330,512,137459,268.474609
2331,512,141875,277.099609
2332,512,136083,265.787109
2333,512,132500,258.789062
2334,512,135625,264.892578
2335,512,135500,264.648438
2336,512,127500,249.023438
2337,512,140042,273.519531
2338,512,146291,285.724609
2339,512,129542,253.011719
2340,512,141667,276.693359
2341,512,151583,296.060547
2342,512,148583,290.201172
2343,512,134083,261.880859
2344,512,147875,288.818359
2345,512,161750,315.917969
2346,512,147125,287.353516
2347,512,154333,301.431641
2348,512,164000,320.312500
2349,512,146208,285.562500
2350,512,161375,315.185547
2351,512,176959,345.623047
2352,512,168750,329.589844
2353,512,146625,286.376953
2354,512,150834,294.597656
2355,512,183000,357.421875
2356,512,191625,374.267578
2357,512,227041,443.439453
2358,512,189542,370.199219
2359,512,182375,356.201172
2360,512,177708,347.085938
2361,512,172375,336.669922
2362,512,165625,323.486328
2363,512,168000,328.125000
2364,512,162875,318.115234
2365,512,152125,297.119141
2366,512,146458,286.050781
2367,512,141292,275.960938
2368,512,139750,272.949219
2369,512,137417,268.392578
2370,512,139792,273.031250
2371,512,210125,410.400391
2372,512,224000,437.500000
2373,512,199458,389.566406
2374,512,171333,334.634766
2375,512,179750,351.074219
2376,512,159542,311.605469
2377,512,168041,328.205078
2378,512,191000,373.046875
2379,512,170458,332.925781
2380,512,175792,343.343750
2381,512,152375,297.607422
2382,512,144375,281.982422
2383,512,145041,283.283203
2384,512,144708,282.632812
2385,512,143542,280.355469
2386,512,135416,264.484375
2387,512,139917,273.275391
2388,512,139041,271.564453
2389,512,137334,268.230469
2390,512,137709,268.962891
2391,512,138958,271.402344
2392,512,141458,276.285156
2393,512,135583,264.810547
2394,512,134750,263.183594
2395,512,130209,254.314453
2396,512,134000,261.718750
2397,512,129709,253.337891
2398,512,133541,260.822266
2399,512,134125,261.962891
2400,512,146167,285.482422
2401,512,135333,264.322266
2402,512,136792,267.171875
2403,512,134167,262.044922
2404,512,136458,266.519531
2405,512,138541,270.587891
2406,512,142750,278.808594
2407,512,144750,282.714844
2408,512,144125,281.494141
2409,512,145250,283.691406
2410,512,144708,282.632812
2411,512,140125,273.681641
2412,512,153500,299.804688
2413,512,163250,318.847656
2414,512,149625,292.236328
2415,512,148000,289.062500
2416,512,146875,286.865234
2417,512,153459,299.724609
2418,512,144167,281.576172
2419,512,140333,274.087891
2420,512,139500,272.460938
2421,512,146458,286.050781
2422,512,144125,281.494141
2423,512,143750,280.761719
2424,512,131958,257.730469
2425,512,132458,258.707031
2426,512,131333,256.509766
2427,512,127125,248.291016
2428,512,128625,251.220703
2429,512,127792,249.593750
2430,512,129708,253.335938
2431,512,135000,263.671875
2432,512,126833,247.720703
2433,512,129417,252.767578
2434,512,127458,248.941406
2435,512,139875,273.193359
2436,512,147292,287.679688
2437,512,161750,315.917969
2438,512,144166,281.574219
2439,512,148834,290.691406
2440,512,330500,645.507812
2441,512,240666,470.050781
2442,512,233250,455.566406
2443,512,209417,409.017578
2444,512,230750,450.683594
2445,512,199583,389.810547
2446,512,199250,389.160156
2447,512,193833,378.580078
2448,512,189542,370.199219
2449,512,181083,353.677734
2450,512,195333,381.509766
2451,512,173458,338.785156
2452,512,139625,272.705078
2453,512,125625,245.361328
2454,512,139125,271.728516
2455,512,143500,280.273438
2456,512,122083,238.443359
2457,512,136125,265.869141
2458,512,138500,270.507812
2459,512,125875,245.849609
2460,512,123000,240.234375
2461,512,123042,240.316406
2462,512,123333,240.884766
2463,512,140792,274.984375
2464,512,124083,242.349609
2465,512,126375,246.826172
2466,512,122833,239.908203
2467,512,124542,243.246094
2468,512,117916,230.304688
2469,512,122000,238.281250
2470,512,117000,228.515625
2471,512,117458,229.410156
2472,512,118334,231.121094
2473,512,130125,254.150391
2474,512,123042,240.316406
2475,512,129292,252.523438
2476,512,137208,267.984375
2477,512,133375,260.498047
2478,512,117708,229.898438
2479,512,128625,251.220703
2480,512,135917,265.462891
2481,512,137833,269.205078
2482,512,137208,267.984375
2483,512,125875,245.849609
2484,512,147792,288.656250
2485,512,226334,442.058594
2486,512,178458,348.550781
2487,512,154167,301.107422
2488,512,184416,360.187500
2489,512,167792,327.718750
2490,512,183583,358.560547
2491,512,182667,356.771484
2492,512,152166,297.199219
2493,512,152292,297.445312
2494,512,140125,273.681641
2495,512,135125,263.916016
2496,512,131500,256.835938
2497,512,132333,258.462891
2498,512,130834,255.535156
2499,512,131000,255.859375
2500,512,130583,255.044922
2501,512,126417,246.908203
2502,512,127375,248.779297
2503,512,131166,256.183594
2504,512,122334,238.933594
2505,512,122042,238.363281
2506,512,233750,456.542969
2507,512,254208,496.500000
2508,512,216333,422.525391
2509,512,239125,467.041016
2510,512,209042,408.285156
2511,512,187000,365.234375
2512,512,195750,382.324219
2513,512,191084,373.210938
2514,512,170625,333.251953
2515,512,198209,387.126953
2516,512,187209,365.642578
2517,512,181292,354.085938
2518,512,174333,340.494141
2519,512,165250,322.753906
2520,512,167500,327.148438
2521,512,172416,336.750000
2522,512,180250,352.050781
2523,512,181125,353.759766
2524,512,172083,336.099609
2525,512,192417,375.814453
2526,512,201916,394.367188
2527,512,202875,396.240234
2528,512,194708,380.289062
2529,512,189875,370.849609
2530,512,195375,381.591797
2531,512,210417,410.970703
2532,512,199666,389.972656
2533,512,211000,412.109375
2534,512,236083,461.099609
2535,512,224500,438.476562
2536,512,222083,433.755859
2537,512,312834,611.003906
2538,512,231541,452.228516
2539,512,210084,410.320312
2540,512,199875,390.380859
2541,512,185541,362.384766
2542,512,189250,369.628906
2543,512,189875,370.849609
2544,512,172583,337.076172
2545,512,178375,348.388672
2546,512,172042,336.019531
2547,512,176041,343.830078
2548,512,190750,372.558594
2549,512,182750,356.933594
2550,512,169333,330.728516
2551,512,167209,326.580078
2552,512,157958,308.511719
2553,512,156750,306.152344
2554,512,161792,316.000000
2555,512,146625,286.376953
2556,512,161417,315.267578
2557,512,179458,350.503906
2558,512,136000,265.625000
2559,512,126708,247.476562
2560,512,126458,246.988281
2561,512,135583,264.810547
2562,512,135541,264.728516
2563,512,150834,294.597656
2564,512,157000,306.640625
2565,512,155125,302.978516
2566,512,185959,363.201172
2567,512,186666,364.582031
2568,512,204417,399.251953
2569,512,252875,493.896484
2570,512,202458,395.425781
2571,512,194958,380.777344
2572,512,183750,358.886719
2573,512,194250,379.394531
2574,512,208833,407.876953
2575,512,204333,399.087891
2576,512,202334,395.183594
2577,512,231625,452.392578
2578,512,197084,384.929688
2579,512,142583,278.482422
2580,512,145416,284.015625
2581,512,143709,280.681641
2582,512,136209,266.033203
2583,512,130708,255.289062
2584,512,157250,307.128906
2585,512,169833,331.705078
2586,512,164958,322.183594
2587,512,145083,283.365234
2588,512,156542,305.746094
2589,512,159708,311.929688
2590,512,154500,301.757812
2591,512,153625,300.048828
2592,512,161917,316.244141
2593,512,149291,291.583984
2594,512,156708,306.070312
2595,512,151833,296.548828
2596,512,139500,272.460938
2597,512,153000,298.828125
2598,512,128083,250.162109
2599,512,121958,238.199219
2600,512,124833,243.814453
2601,512,133500,260.742188
2602,512,120000,234.375000
2603,512,123417,241.048828
2604,512,117083,228.677734
2605,512,120958,236.246094
2606,512,117292,229.085938
2607,512,116292,227.132812
2608,512,113042,220.785156
2609,512,115083,224.771484
2610,512,118500,231.445312
2611,512,120625,235.595703
2612,512,121583,237.466797
2613,512,116542,227.621094
2614,512,119500,233.398438
2615,512,117875,230.224609
2616,512,115125,224.853516
2617,512,125625,245.361328
2618,512,122625,239.501953
2619,512,114500,223.632812
2620,512,116958,228.433594
2621,512,112583,219.888672
2622,512,121042,236.410156
2623,512,114333,223.306641
2624,512,135417,264.486328
2625,512,130500,254.882812
2626,512,119458,233.316406
2627,512,120042,234.457031
2628,512,138958,271.402344
2629,512,129167,252.279297
2630,512,133625,260.986328
2631,512,151541,295.978516
2632,512,124042,242.269531
2633,512,129000,251.953125
2634,512,126875,247.802734
2635,512,135833,265.298828
2636,512,135167,263.998047
2637,512,132291,258.380859
2638,512,119417,233.236328
2639,512,125083,244.302734
2640,512,118584,231.609375
2641,512,122083,238.443359
2642,512,122750,239.746094
2643,512,124291,242.755859
2644,512,133667,261.068359
2645,512,128666,251.300781
2646,512,122167,238.607422
2647,512,235166,459.308594
2648,512,240917,470.541016
2649,512,195542,381.917969
2650,512,202291,395.099609
2651,512,202292,395.101562
2652,512,192292,375.570312
2653,512,188291,367.755859
2654,512,194417,379.720703
2655,512,183667,358.724609
2656,512,187167,365.560547
2657,512,178917,349.447266
2658,512,198000,386.718750
2659,512,195916,382.648438
2660,512,180250,352.050781
2661,512,189917,370.931641
2662,512,183000,357.421875
2663,512,181209,353.923828
2664,512,190542,372.152344
2665,512,194416,379.718750
2666,512,170584,333.171875
2667,512,179333,350.259766
2668,512,189791,370.685547
2669,512,180209,351.970703
2670,512,169583,331.216797
2671,512,192167,375.326172
2672,512,180791,353.107422
2673,512,175084,341.960938
2674,512,195250,381.347656
2675,512,198625,387.939453
2676,512,206959,404.216797
2677,512,199042,388.753906
2678,512,192333,375.650391
2679,512,216667,423.177734
2680,512,200667,391.927734
2681,512,184291,359.943359
2682,512,187750,366.699219
2683,512,184542,360.433594
2684,512,174291,340.412109
2685,512,180417,352.376953
2686,512,231667,452.474609
2687,512,269459,526.287109
2688,512,203750,397.949219
2689,512,194000,378.906250
2690,512,181167,353.841797
2691,512,181459,354.412109
2692,512,173791,339.435547
2693,512,175208,342.203125
2694,512,174167,340.169922
2695,512,163292,318.929688
2696,512,164833,321.939453
2697,512,165125,322.509766
2698,512,161875,316.162109
2699,512,161625,315.673828
2700,512,156833,306.314453
2701,512,153083,298.990234
2702,512,150584,294.109375
2703,512,162041,316.486328
2704,512,159875,312.255859
2705,512,162000,316.406250
2706,512,172333,336.587891
2707,512,163792,319.906250
2708,512,141625,276.611328
2709,512,150541,294.025391
2710,512,161167,314.779297
2711,512,149083,291.177734
2712,512,146875,286.865234
2713,512,152667,298.177734
2714,512,144792,282.796875
2715,512,150542,294.027344
2716,512,153708,300.210938
2717,512,140750,274.902344
2718,512,144292,281.820312
2719,512,134750,263.183594
2720,512,133250,260.253906
2721,512,159083,310.708984
2722,512,139500,272.460938
2723,512,147584,288.250000
2724,512,145791,284.748047
2725,512,138792,271.078125
2726,512,128417,250.814453
2727,512,143458,280.191406
2728,512,149583,292.154297
2729,512,161875,316.162109
2730,512,146375,285.888672
2731,512,157875,308.349609
2732,512,155625,303.955078
2733,512,156291,305.255859
2734,512,174042,339.925781
2735,512,164208,320.718750
2736,512,167708,327.554688
2737,512,198125,386.962891
2738,512,210125,410.400391
2739,512,138792,271.078125
2740,512,132500,258.789062
2741,512,126375,246.826172
2742,512,137292,268.148438
2743,512,161000,314.453125
2744,512,170375,332.763672
2745,512,147291,287.677734
2746,512,157125,306.884766
2747,512,143417,280.111328
2748,512,159209,310.955078
2749,512,153083,298.990234
2750,512,158583,309.732422
2751,512,147416,287.921875
2752,512,161750,315.917969
2753,512,131375,256.591797
2754,512,161833,316.080078
2755,512,143417,280.111328
2756,512,160000,312.500000
2757,512,131375,256.591797
2758,512,147917,288.900391
2759,512,155458,303.628906
2760,512,158333,309.244141
2761,512,121708,237.710938
2762,512,148500,290.039062
2763,512,142875,279.052734
2764,512,145167,283.529297
2765,512,151500,295.898438
2766,512,140625,274.658203
2767,512,140583,274.576172
2768,512,141958,277.261719
2769,512,118792,232.015625
2770,512,153334,299.480469
2771,512,149333,291.666016
2772,512,146750,286.621094
2773,512,141209,275.798828
2774,512,142166,277.667969
2775,512,141500,276.367188
2776,512,126667,247.396484
2777,512,139250,271.972656
2778,512,113083,220.865234
2779,512,116125,226.806641
2780,512,114792,224.203125
2781,512,116166,226.886719
2782,512,118750,231.933594
2783,512,115458,225.503906
2784,512,163042,318.441406
2785,512,159875,312.255859
2786,512,126792,247.640625
2787,512,127916,249.835938
2788,512,118459,231.365234
2789,512,130709,255.291016
2790,512,129791,253.498047
2791,512,122334,238.933594
2792,512,121416,237.140625
2793,512,127000,248.046875
2794,512,131583,256.998047
2795,512,154625,302.001953
2796,512,150667,294.271484
2797,512,127167,248.373047
2798,512,133875,261.474609
2799,512,143667,280.599609
2800,512,145208,283.609375
2801,512,139041,271.564453
2802,512,137042,267.660156
2803,512,127333,248.697266
2804,512,145834,284.832031
2805,512,143542,280.355469
2806,512,139083,271.646484
2807,512,140584,274.578125
2808,512,150041,293.048828
2809,512,133625,260.986328
2810,512,201917,394.369141
2811,512,159125,310.791016
2812,512,140083,273.599609
2813,512,137500,268.554688
2814,512,131167,256.185547
2815,512,131458,256.753906
2816,512,128250,250.488281
2817,512,139416,272.296875
2818,512,188792,368.734375
2819,512,178875,349.365234
2820,512,163125,318.603516
2821,512,163667,319.662109
2822,512,165916,324.054688
2823,512,156833,306.314453
2824,512,153583,299.966797
2825,512,162000,316.406250
2826,512,162334,317.058594
2827,512,142666,278.644531
2828,512,150375,293.701172
2829,512,149750,292.480469
2830,512,147000,287.109375
2831,512,138709,270.916016
2832,512,136708,267.007812
2833,512,148292,289.632812
2834,512,152375,297.607422
2835,512,143792,280.843750
2836,512,134208,262.125000
2837,512,132833,259.439453
2838,512,143250,279.785156
2839,512,145042,283.285156
2840,512,153542,299.886719
2841,512,168333,328.775391
2842,512,149667,292.318359
2843,512,153583,299.966797
2844,512,156042,304.769531
2845,512,160917,314.291016
2846,512,162083,316.568359
2847,512,141250,275.878906
2848,512,169458,330.972656
2849,512,216500,422.851562
2850,512,134792,263.265625
2851,512,130584,255.046875
2852,512,146083,285.318359
2853,512,130417,254.720703
2854,512,142583,278.482422
2855,512,152333,297.525391
2856,512,138500,270.507812
2857,512,159042,310.628906
2858,512,167625,327.392578
2859,512,168458,329.019531
2860,512,160708,313.882812
2861,512,155667,304.037109
2862,512,140083,273.599609
2863,512,124208,242.593750
2864,512,151542,295.980469
2865,512,148625,290.283203
2866,512,159416,311.359375
2867,512,156458,305.582031
2868,512,150084,293.132812
2869,512,150000,292.968750
2870,512,148250,289.550781
2871,512,143792,280.843750
2872,512,123833,241.861328
2873,512,118542,231.527344
2874,512,133875,261.474609
2875,512,154208,301.187500
2876,512,171458,334.878906
2877,512,218833,427.408203
2878,512,205292,400.960938
2879,512,194625,380.126953
2880,512,203375,397.216797
2881,512,198000,386.718750
2882,512,189459,370.037109
2883,512,181042,353.597656
2884,512,203250,396.972656
2885,512,203083,396.646484
2886,512,182042,355.550781
2887,512,194417,379.720703
2888,512,190791,372.638672
2889,512,208917,408.041016
2890,512,195958,382.730469
2891,512,214875,419.677734
2892,512,192333,375.650391
2893,512,186917,365.072266
2894,512,192334,375.652344
2895,512,211375,412.841797
2896,512,188375,367.919922
2897,512,188375,367.919922
2898,512,174708,341.226562
2899,512,180375,352.294922
2900,512,212792,415.609375
2901,512,240541,469.806641
2902,512,259167,506.185547
2903,512,208917,408.041016
2904,512,201208,392.984375
2905,512,185875,363.037109
2906,512,176417,344.564453
2907,512,183667,358.724609
2908,512,174458,340.738281
2909,512,190084,371.257812
2910,512,176834,345.378906
2911,512,170333,332.681641
2912,512,167458,327.066406
2913,512,146250,285.644531
2914,512,165167,322.591797
2915,512,134625,262.939453
2916,512,125875,245.849609
2917,512,125416,244.953125
2918,512,136000,265.625000
2919,512,144208,281.656250
2920,512,153000,298.828125
2921,512,181417,354.330078
2922,512,196042,382.894531
2923,512,192875,376.708984
2924,512,183291,357.990234
2925,512,191917,374.837891
2926,512,185000,361.328125
2927,512,181375,354.248047
2928,512,184708,360.757812
2929,512,177250,346.191406
2930,512,200333,391.275391
2931,512,174625,341.064453
2932,512,170833,333.658203
2933,512,178208,348.062500
2934,512,180417,352.376953
2935,512,178792,349.203125
2936,512,151833,296.548828
2937,512,160292,313.070312
2938,512,181291,354.083984
2939,512,189708,370.523438
2940,512,166084,324.382812
2941,512,182166,355.792969
2942,512,167584,327.312500
2943,512,164416,321.125000
2944,512,164625,321.533203
2945,512,149917,292.806641
2946,512,146250,285.644531
2947,512,191333,373.697266
2948,512,205875,402.099609
2949,512,214125,418.212891
2950,512,218917,427.572266
2951,512,182916,357.257812
2952,512,160667,313.802734
2953,512,140875,275.146484
2954,512,153958,300.699219
2955,512,150333,293.619141
2956,512,150667,294.271484
2957,512,136375,266.357422
2958,512,161917,316.244141
2959,512,152250,297.363281
2960,512,145250,283.691406
2961,512,151750,296.386719
2962,512,132333,258.462891
2963,512,140167,273.763672
2964,512,134083,261.880859
2965,512,140084,273.601562
2966,512,132833,259.439453
2967,512,138375,270.263672
2968,512,146875,286.865234
2969,512,157041,306.720703
2970,512,120959,236.248047
2971,512,153334,299.480469
2972,512,155959,304.607422
2973,512,135750,265.136719
2974,512,134750,263.183594
2975,512,141666,276.691406
2976,512,146958,287.027344
2977,512,136292,266.195312
2978,512,143125,279.541016
2979,512,135125,263.916016
2980,512,142500,278.320312
2981,512,144625,282.470703
2982,512,136833,267.251953
2983,512,142125,277.587891
2984,512,152417,297.689453
2985,512,145333,283.853516
2986,512,193375,377.685547
2987,512,195458,381.753906
2988,512,167250,326.660156
2989,512,158292,309.164062
2990,512,153083,298.990234
2991,512,143084,279.460938
2992,512,165333,322.916016
2993,512,189625,370.361328
2994,512,186500,364.257812
2995,512,157083,306.802734
2996,512,158834,310.222656
2997,512,217833,425.455078
2998,512,155833,304.361328
2999,512,163833,319.986328
3000,512,159958,312.417969
3001,512,150084,293.132812
3002,512,148291,289.630859
3003,512,147750,288.574219
3004,512,140833,275.064453
3005,512,133208,260.171875
3006,512,129584,253.093750
3007,512,125541,245.197266
3008,512,130333,254.556641
3009,512,126500,247.070312
3010,512,123083,240.396484
3011,512,123541,241.291016
3012,512,124292,242.757812
3013,512,220166,430.011719
3014,512,242417,473.470703
3015,512,208167,406.576172
3016,512,197292,385.335938
3017,512,211583,413.248047
3018,512,196708,384.195312
3019,512,187958,367.105469
3020,512,189958,371.011719
3021,512,211792,413.656250
3022,512,185458,362.222656
3023,512,188084,367.351562
3024,512,185375,362.060547
3025,512,182125,355.712891
3026,512,191000,373.046875
3027,512,186667,364.583984
3028,512,194541,379.962891
3029,512,168375,328.857422
3030,512,201250,393.066406
3031,512,220500,430.664062
3032,512,200834,392.253906
3033,512,189917,370.931641
3034,512,211917,413.900391
3035,512,208125,406.494141
3036,512,195750,382.324219
3037,512,183708,358.804688
3038,512,167500,327.148438
3039,512,183375,358.154297
3040,512,161584,315.593750
3041,512,176750,345.214844
3042,512,180375,352.294922
3043,512,171333,334.634766
3044,512,159292,311.117188
3045,512,167708,327.554688
3046,512,155834,304.363281
3047,512,158750,310.058594
3048,512,175375,342.529297
3049,512,221333,432.291016
3050,512,232583,454.263672
3051,512,205542,401.449219
3052,512,189875,370.849609
3053,512,191458,373.941406
3054,512,186292,363.851562
3055,512,164500,321.289062
3056,512,156042,304.769531
3057,512,160292,313.070312
3058,512,159375,311.279297
3059,512,170500,333.007812
3060,512,155084,302.898438
3061,512,161666,315.753906
3062,512,148459,289.958984
3063,512,154500,301.757812
3064,512,151041,295.001953
3065,512,140250,273.925781
3066,512,155000,302.734375
3067,512,136125,265.869141
3068,512,156084,304.851562
3069,512,157250,307.128906
3070,512,150542,294.027344
3071,512,149625,292.236328
3072,512,152959,298.748047
3073,512,153416,299.640625
3074,512,141708,276.773438
3075,512,151375,295.654297
3076,512,145875,284.912109
3077,512,139958,273.355469
3078,512,136042,265.707031
3079,512,146333,285.806641
3080,512,139667,272.787109
3081,512,142000,277.343750
3082,512,146834,286.785156
3083,512,150916,294.757812
3084,512,137500,268.554688
3085,512,147625,288.330078
3086,512,146667,286.458984
3087,512,137708,268.960938
3088,512,143667,280.599609
3089,512,131625,257.080078
3090,512,153625,300.048828
3091,512,138250,270.019531
3092,512,127875,249.755859
3093,512,147792,288.656250
3094,512,146500,286.132812
3095,512,151833,296.548828
3096,512,149875,292.724609
3097,512,169917,331.869141
3098,512,166041,324.298828
3099,512,166542,325.277344
3100,512,161833,316.080078
3101,512,163083,318.521484
3102,512,185333,361.978516
3103,512,209417,409.017578
3104,512,126959,247.966797
3105,512,137167,267.904297
3106,512,123542,241.292969
3107,512,141958,277.261719
3108,512,171750,335.449219
3109,512,168584,329.265625
3110,512,172750,337.402344
3111,512,163250,318.847656
3112,512,156875,306.396484
3113,512,167542,327.230469
3114,512,166583,325.357422
3115,512,166583,325.357422
3116,512,170583,333.169922
3117,512,150584,294.109375
3118,512,167584,327.312500
3119,512,162333,317.056641
3120,512,159708,311.929688
3121,512,165834,323.894531
3122,512,160333,313.150391
3123,512,164375,321.044922
3124,512,167709,327.556641
3125,512,163500,319.335938
3126,512,161125,314.697266
3127,512,156416,305.500000
3128,512,165084,322.429688
3129,512,160666,313.800781
3130,512,148125,289.306641
3131,512,155167,303.060547
3132,512,166917,326.009766
3133,512,167375,326.904297
3134,512,131041,255.939453
3135,512,122625,239.501953
3136,512,141917,277.181641
3137,512,140708,274.820312
3138,512,168083,328.287109
3139,512,144959,283.123047
3140,512,147125,287.353516
3141,512,137292,268.148438
3142,512,147750,288.574219
3143,512,138708,270.914062
3144,512,154791,302.326172
3145,512,150750,294.433594
3146,512,147375,287.841797
3147,512,147958,288.980469
3148,512,146667,286.458984
3149,512,144750,282.714844
3150,512,145666,284.503906
3151,512,154250,301.269531
3152,512,134208,262.125000
3153,512,144959,283.123047
3154,512,150583,294.107422
3155,512,150458,293.863281
3156,512,150166,293.292969
3157,512,143958,281.167969
3158,512,138000,269.531250
3159,512,146083,285.318359
3160,512,143875,281.005859
3161,512,136375,266.357422
3162,512,132834,259.441406
3163,512,129041,252.033203
3164,512,132375,258.544922
3165,512,139250,271.972656
3166,512,173291,338.458984
3167,512,141875,277.099609
3168,512,131250,256.347656
3169,512,133584,260.906250
3170,512,291292,568.929688
3171,512,245958,480.386719
3172,512,222083,433.755859
3173,512,210917,411.947266
3174,512,191791,374.591797
3175,512,192000,375.000000
3176,512,197458,385.660156
3177,512,190875,372.802734
3178,512,191208,373.453125
3179,512,199500,389.648438
3180,512,177250,346.191406
3181,512,194333,379.556641
3182,512,185167,361.654297
3183,512,182666,356.769531
3184,512,186417,364.095703
3185,512,186875,364.990234
3186,512,171542,335.042969
3187,512,183292,357.992188
3188,512,188208,367.593750
3189,512,167500,327.148438
3190,512,175750,343.261719
3191,512,180625,352.783203
3192,512,191791,374.591797
3193,512,242875,474.365234
3194,512,239000,466.796875
3195,512,190042,371.175781
3196,512,186958,365.152344
3197,512,187542,366.292969
3198,512,216209,422.283203
3199,512,208709,407.634766
3200,512,210750,411.621094
3201,512,187958,367.105469
3202,512,251500,491.210938
3203,512,235792,460.531250
3204,512,212375,414.794922
3205,512,220833,431.314453
3206,512,187625,366.455078
3207,512,189041,369.220703
3208,512,178083,347.818359
3209,512,174792,341.390625
3210,512,162792,317.953125
3211,512,164292,320.882812
3212,512,161250,314.941406
3213,512,157125,306.884766
3214,512,165000,322.265625
3215,512,156875,306.396484
3216,512,159875,312.255859
3217,512,149209,291.423828
3218,512,148958,290.933594
3219,512,162833,318.033203
3220,512,160083,312.662109
3221,512,147084,287.273438
3222,512,185541,362.384766
3223,512,164417,321.126953
3224,512,163417,319.173828
3225,512,166208,324.625000
3226,512,154708,302.164062
3227,512,165708,323.648438
3228,512,163584,319.500000
3229,512,154583,301.919922
3230,512,144833,282.876953
3231,512,142292,277.914062
3232,512,151458,295.816406
3233,512,150917,294.759766
3234,512,192791,376.544922
3235,512,155042,302.816406
3236,512,170833,333.658203
3237,512,137834,269.207031
3238,512,164750,321.777344
3239,512,165625,323.486328
3240,512,179792,351.156250
3241,512,165792,323.812500
3242,512,170375,332.763672
3243,512,160208,312.906250
3244,512,156333,305.337891
3245,512,141500,276.367188
3246,512,158917,310.384766
3247,512,149791,292.560547
3248,512,153250,299.316406
3249,512,139625,272.705078
3250,512,170125,332.275391
3251,512,152041,296.955078
3252,512,135208,264.078125
3253,512,156500,305.664062
3254,512,142167,277.669922
3255,512,140958,275.308594
3256,512,136917,267.416016
3257,512,155750,304.199219
3258,512,165208,322.671875
3259,512,169292,330.648438
3260,512,200125,390.869141
3261,512,177750,347.167969
3262,512,175791,343.341797
3263,512,158459,309.490234
3264,512,171875,335.693359
3265,512,162291,316.974609
3266,512,166125,324.462891
3267,512,150208,293.375000
3268,512,149958,292.886719
3269,512,147708,288.492188
3270,512,147209,287.517578
3271,512,127416,248.859375
3272,512,127042,248.128906
3273,512,144625,282.470703
3274,512,149834,292.644531
3275,512,126125,246.337891
3276,512,113750,222.167969
3277,512,118791,232.013672
3278,512,115875,226.318359
3279,512,113292,221.273438
3280,512,115000,224.609375
3281,512,110166,215.167969
3282,512,111583,217.935547
3283,512,112875,220.458984
3284,512,113125,220.947266
3285,512,111958,218.667969
3286,512,114375,223.388672
3287,512,115375,225.341797
3288,512,110500,215.820312
3289,512,109500,213.867188
3290,512,125833,245.767578
3291,512,111542,217.855469
3292,512,112292,219.320312
3293,512,110625,216.064453
3294,512,111750,218.261719
3295,512,114375,223.388672
3296,512,114500,223.632812
3297,512,112125,218.994141
3298,512,118459,231.365234
3299,512,114666,223.957031
3300,512,117834,230.144531
3301,512,128458,250.894531
3302,512,136791,267.169922
3303,512,132333,258.462891
3304,512,149125,291.259766
3305,512,124917,243.978516
3306,512,142500,278.320312
3307,512,125375,244.873047
3308,512,128583,251.138672
3309,512,129834,253.582031
3310,512,124250,242.675781
3311,512,122209,238.689453
3312,512,132375,258.544922
3313,512,123917,242.025391
3314,512,119375,233.154297
3315,512,120416,235.187500
3316,512,120167,234.701172
3317,512,117792,230.062500
3318,512,128750,251.464844
3319,512,140500,274.414062
3320,512,121750,237.792969
3321,512,132500,258.789062
3322,512,124083,242.349609
3323,512,117417,229.330078
3324,512,120250,234.863281
3325,512,118416,231.281250
3326,512,280917,548.666016
3327,512,223750,437.011719
3328,512,189542,370.199219
3329,512,193750,378.417969
3330,512,191375,373.779297
3331,512,204416,399.250000
3332,512,176125,343.994141
3333,512,179417,350.423828
3334,512,193875,378.662109
3335,512,179708,350.992188
3336,512,203916,398.273438
3337,512,170459,332.927734
3338,512,185083,361.490234
3339,512,177708,347.085938
3340,512,173791,339.435547
3341,512,179459,350.505859
3342,512,180125,351.806641
3343,512,171708,335.367188
3344,512,181792,355.062500
3345,512,166334,324.871094
3346,512,168625,329.345703
3347,512,165083,322.427734
3348,512,172708,337.320312
3349,512,176750,345.214844
3350,512,175792,343.343750
3351,512,162000,316.406250
3352,512,166250,324.707031
3353,512,163375,319.091797
3354,512,168667,329.427734
3355,512,172791,337.482422
3356,512,186584,364.421875
3357,512,206166,402.667969
3358,512,211208,412.515625
3359,512,204334,399.089844
3360,512,199083,388.833984
3361,512,183792,358.968750
3362,512,190542,372.152344
3363,512,299166,584.308594
3364,512,130875,255.615234
3365,512,160167,312.826172
3366,512,128208,250.406250
3367,512,137625,268.798828
3368,512,122459,239.177734
3369,512,122209,238.689453
3370,512,119208,232.828125
3371,512,119917,234.212891
3372,512,120083,234.537109
3373,512,121958,238.199219
3374,512,119166,232.746094
3375,512,113458,221.597656
3376,512,113375,221.435547
3377,512,118000,230.468750
3378,512,115125,224.853516
3379,512,118584,231.609375
3380,512,129959,253.826172
3381,512,138459,270.427734
3382,512,119125,232.666016
3383,512,113416,221.515625
3384,512,129292,252.523438
3385,512,132125,258.056641
3386,512,132000,257.812500
3387,512,271291,529.865234
3388,512,312000,609.375000
3389,512,261333,510.416016
3390,512,258292,504.476562
3391,512,242708,474.039062
3392,512,240875,470.458984
3393,512,210417,410.970703
3394,512,188791,368.732422
3395,512,198625,387.939453
3396,512,186667,364.583984
3397,512,183041,357.501953
3398,512,173583,339.029297
3399,512,186583,364.419922
3400,512,187083,365.396484
3401,512,185625,362.548828
3402,512,251542,491.292969
3403,512,259833,507.486328
3404,512,219833,429.361328
3405,512,243542,475.667969
3406,512,261666,511.066406
3407,512,143917,281.087891
3408,512,147750,288.574219
3409,512,159750,312.011719
3410,512,131875,257.568359
3411,512,140792,274.984375
3412,512,141083,275.552734
3413,512,143375,280.029297
3414,512,137208,267.984375
3415,512,141791,276.935547
3416,512,130458,254.800781
3417,512,126209,246.501953
3418,512,126666,247.394531
3419,512,130709,255.291016
3420,512,132334,258.464844
3421,512,129625,253.173828
3422,512,130666,255.207031
3423,512,119250,232.910156
3424,512,123167,240.560547
3425,512,122916,240.070312
3426,512,124334,242.839844
3427,512,122708,239.664062
3428,512,122250,238.769531
3429,512,121250,236.816406
3430,512,121875,238.037109
3431,512,117166,228.839844
3432,512,127375,248.779297
3433,512,119750,233.886719
3434,512,117167,228.841797
3435,512,117333,229.166016
3436,512,119209,232.830078
3437,512,117459,229.412109
3438,512,118750,231.933594
3439,512,116500,227.539062
3440,512,112750,220.214844
3441,512,116625,227.783203
3442,512,118667,231.771484
3443,512,117500,229.492188
3444,512,114583,223.794922
3445,512,114208,223.062500
3446,512,116250,227.050781
3447,512,117208,228.921875
3448,512,124666,243.488281
3449,512,118417,231.283203
3450,512,115708,225.992188
3451,512,276208,539.468750
3452,512,266792,521.078125
3453,512,244542,477.621094
3454,512,248334,485.027344
3455,512,219500,428.710938
3456,512,241541,471.759766
3457,512,188667,368.490234
3458,512,198083,386.880859
3459,512,204542,399.496094
3460,512,198416,387.531250
3461,512,195875,382.568359
3462,512,196459,383.708984
3463,512,187959,367.107422
3464,512,192041,375.080078
3465,512,174084,340.007812
3466,512,209750,409.667969
3467,512,249375,487.060547
3468,512,128083,250.162109
3469,512,132875,259.521484
3470,512,120083,234.537109
3471,512,119458,233.316406
3472,512,121417,237.142578
3473,512,118208,230.875000
3474,512,139292,272.054688
3475,512,160500,313.476562
3476,512,144417,282.064453
3477,512,155042,302.816406
3478,512,131875,257.568359
3479,512,141416,276.203125
3480,512,143750,280.761719
3481,512,137042,267.660156
3482,512,143917,281.087891
3483,512,131875,257.568359
3484,512,135500,264.648438
3485,512,150667,294.271484
3486,512,137583,268.716797
3487,512,128125,250.244141
3488,512,135041,263.751953
3489,512,115583,225.748047
3490,512,119250,232.910156
3491,512,131750,257.324219
3492,512,134709,263.103516
3493,512,122333,238.931641
3494,512,114458,223.550781
3495,512,116834,228.191406
3496,512,122167,238.607422
3497,512,113042,220.785156
3498,512,118750,231.933594
3499,512,115416,225.421875
3500,512,115750,226.074219
3501,512,117167,228.841797
3502,512,115291,225.177734
3503,512,114542,223.714844
3504,512,115625,225.830078
3505,512,114625,223.876953
3506,512,114750,224.121094
3507,512,112833,220.376953
3508,512,110875,216.552734
3509,512,116917,228.353516
3510,512,121459,237.224609
3511,512,114625,223.876953
3512,512,115583,225.748047
3513,512,118833,232.095703
3514,512,120000,234.375000
3515,512,120542,235.433594
3516,512,121167,236.654297
3517,512,131750,257.324219
3518,512,217792,425.375000
3519,512,249375,487.060547
3520,512,225041,439.533203
3521,512,230208,449.625000
3522,512,192167,375.326172
3523,512,214417,418.783203
3524,512,203041,396.564453
3525,512,207709,405.681641
3526,512,250584,489.421875
3527,512,173125,338.134766
3528,512,127542,249.105469
3529,512,146375,285.888672
3530,512,125708,245.523438
3531,512,137667,268.880859
3532,512,170500,333.007812
3533,512,163833,319.986328
3534,512,162167,316.732422
3535,512,164916,322.101562
3536,512,144584,282.390625
3537,512,158333,309.244141
3538,512,153500,299.804688
3539,512,148458,289.957031
3540,512,154459,301.677734
3541,512,153167,299.154297
3542,512,138416,270.343750
3543,512,148292,289.632812
3544,512,137166,267.902344
3545,512,132708,259.195312
3546,512,129875,253.662109
3547,512,139167,271.810547
3548,512,133167,260.091797
3549,512,138584,270.671875
3550,512,138334,270.183594
3551,512,138458,270.425781
3552,512,142833,278.970703
3553,512,141625,276.611328
3554,512,134333,262.369141
3555,512,135792,265.218750
3556,512,137625,268.798828
3557,512,142916,279.132812
3558,512,142667,278.646484
3559,512,124167,242.513672
3560,512,124125,242.431641
3561,512,140584,274.578125
3562,512,130250,254.394531
3563,512,142834,278.972656
3564,512,146208,285.562500
3565,512,123583,241.373047
3566,512,131500,256.835938
3567,512,142167,277.669922
3568,512,132292,258.382812
3569,512,127083,248.208984
3570,512,132166,258.136719
3571,512,125292,244.710938
3572,512,141042,275.472656
3573,512,128875,251.708984
3574,512,128958,251.871094
3575,512,134834,263.347656
3576,512,119250,232.910156
3577,512,109833,214.517578
3578,512,116208,226.968750
3579,512,115084,224.773438
3580,512,120125,234.619141
3581,512,123166,240.558594
3582,512,115833,226.236328
3583,512,124000,242.187500
3584,512,128875,251.708984
3585,512,127917,249.837891
3586,512,252708,493.570312
3587,512,142792,278.890625
3588,512,143542,280.355469
3589,512,129750,253.417969
3590,512,125250,244.628906
3591,512,125875,245.849609
3592,512,122916,240.070312
3593,512,119792,233.968750
3594,512,119583,233.560547
3595,512,119208,232.828125
3596,512,123458,241.128906
3597,512,130917,255.697266
3598,512,117666,229.816406
3599,512,115500,225.585938
3600,512,117167,228.841797
3601,512,117750,229.980469
3602,512,119666,233.722656
3603,512,116792,228.109375
3604,512,115125,224.853516
3605,512,115750,226.074219
3606,512,112000,218.750000
3607,512,117458,229.410156
3608,512,116375,227.294922
3609,512,115209,225.017578
3610,512,109917,214.681641
3611,512,112375,219.482422
3612,512,112417,219.564453
3613,512,111708,218.179688
3614,512,113958,222.574219
3615,512,112833,220.376953
3616,512,114667,223.958984
3617,512,116000,226.562500
3618,512,116208,226.968750
3619,512,113917,222.494141
3620,512,111042,216.878906
3621,512,110667,216.146484
3622,512,110708,216.226562
3623,512,116125,226.806641
3624,512,123625,241.455078
3625,512,109375,213.623047
3626,512,113042,220.785156
3627,512,112958,220.621094
3628,512,111458,217.691406
3629,512,112417,219.564453
3630,512,109875,214.599609
3631,512,113625,221.923828
3632,512,164959,322.185547
3633,512,152125,297.119141
3634,512,124417,243.001953
3635,512,125916,245.929688
3636,512,120125,234.619141
3637,512,132084,257.976562
3638,512,122125,238.525391
3639,512,131042,255.941406
3640,512,121750,237.792969
3641,512,146791,286.701172
3642,512,129750,253.417969
3643,512,131917,257.650391
3644,512,119958,234.292969
3645,512,135958,265.542969
3646,512,121042,236.410156
3647,512,121958,238.199219
3648,512,124292,242.757812
3649,512,118083,230.630859
3650,512,118166,230.792969
3651,512,115167,224.935547
3652,512,112834,220.378906
3653,512,120041,234.455078
3654,512,119417,233.236328
3655,512,119500,233.398438
3656,512,115375,225.341797
3657,512,117084,228.679688
3658,512,120916,236.164062
3659,512,136334,266.277344
3660,512,127333,248.697266
3661,512,121958,238.199219
3662,512,120958,236.246094
3663,512,118167,230.794922
3664,512,119541,233.478516
3665,512,119000,232.421875
3666,512,120000,234.375000
3667,512,115542,225.667969
3668,512,298375,582.763672
3669,512,224041,437.580078
3670,512,187417,366.048828
3671,512,200042,390.707031
3672,512,205041,400.470703
3673,512,206500,403.320312
3674,512,198042,386.800781
3675,512,205750,401.855469
3676,512,189917,370.931641
3677,512,198500,387.695312
3678,512,206667,403.646484
3679,512,200375,391.357422
3680,512,192209,375.408203
3681,512,187458,366.128906
3682,512,192667,376.302734
3683,512,193625,378.173828
3684,512,181250,354.003906
3685,512,203208,396.890625
3686,512,195375,381.591797
3687,512,192042,375.082031
3688,512,208541,407.306641
3689,512,204459,399.333984
3690,512,216750,423.339844
3691,512,208000,406.250000
3692,512,204583,399.576172
3693,512,185291,361.896484
3694,512,201750,394.042969
3695,512,202958,396.402344
3696,512,187667,366.537109
3697,512,204875,400.146484
3698,512,201041,392.658203
3699,512,187917,367.025391
3700,512,220292,430.257812
3701,512,239375,467.529297
3702,512,135875,265.380859
3703,512,123125,240.478516
3704,512,118875,232.177734
3705,512,122750,239.746094
3706,512,123417,241.048828
3707,512,137000,267.578125
3708,512,124541,243.244141
3709,512,117417,229.330078
3710,512,115833,226.236328
3711,512,117708,229.898438
3712,512,118042,230.550781
3713,512,118791,232.013672
3714,512,114667,223.958984
3715,512,118833,232.095703
3716,512,115625,225.830078
3717,512,116584,227.703125
3718,512,115584,225.750000
3719,512,117083,228.677734
3720,512,114375,223.388672
3721,512,111541,217.853516
3722,512,117208,228.921875
3723,512,111292,217.367188
3724,512,114416,223.468750
3725,512,112375,219.482422
3726,512,118208,230.875000
3727,512,112292,219.320312
3728,512,220583,430.826172
3729,512,234709,458.416016
3730,512,216708,423.257812
3731,512,209708,409.585938
3732,512,200125,390.869141
3733,512,192500,375.976562
3734,512,202167,394.857422
3735,512,198958,388.589844
3736,512,183833,359.048828
3737,512,172834,337.566406
3738,512,195125,381.103516
3739,512,186875,364.990234
3740,512,172584,337.078125
3741,512,178458,348.550781
3742,512,192167,375.326172
3743,512,173083,338.052734
3744,512,176916,345.539062
3745,512,178792,349.203125
3746,512,167500,327.148438
3747,512,172625,337.158203
3748,512,169875,331.787109
3749,512,183375,358.154297
3750,512,182916,357.257812
3751,512,198667,388.021484
3752,512,191417,373.861328
3753,512,171291,334.552734
3754,512,199250,389.160156
3755,512,233625,456.298828
3756,512,222583,434.732422
3757,512,243791,476.154297
3758,512,194417,379.720703
3759,512,185833,362.955078
3760,512,168250,328.613281
3761,512,168500,329.101562
3762,512,167333,326.822266
3763,512,175542,342.855469
3764,512,158833,310.220703
3765,512,159250,311.035156
3766,512,165583,323.404297
3767,512,157583,307.779297
3768,512,174209,340.251953
3769,512,148833,290.689453
3770,512,143333,279.947266
3771,512,148625,290.283203
3772,512,163959,320.232422
3773,512,156791,306.232422
3774,512,163292,318.929688
3775,512,163417,319.173828
3776,512,163458,319.253906
3777,512,180958,353.433594
3778,512,161458,315.347656
3779,512,152875,298.583984
3780,512,155333,303.384766
3781,512,166750,325.683594
3782,512,155666,304.035156
3783,512,166834,325.847656
3784,512,154833,302.408203
3785,512,180667,352.865234
3786,512,167750,327.636719
3787,512,154750,302.246094
3788,512,168250,328.613281
3789,512,175667,343.099609
3790,512,150833,294.595703
3791,512,170250,332.519531
3792,512,161167,314.779297
3793,512,187375,365.966797
3794,512,166000,324.218750
3795,512,165375,322.998047
3796,512,169792,331.625000
3797,512,159459,311.443359
3798,512,156625,305.908203
3799,512,156541,305.744141
3800,512,152250,297.363281
3801,512,147542,288.167969
3802,512,162291,316.974609
3803,512,202917,396.322266
3804,512,208625,407.470703
3805,512,210959,412.029297
3806,512,190500,372.070312
3807,512,206625,403.564453
3808,512,152500,297.851562
3809,512,165250,322.753906
3810,512,163625,319.580078
3811,512,148625,290.283203
3812,512,150459,293.865234
3813,512,148041,289.142578
3814,512,147292,287.679688
3815,512,154708,302.164062
3816,512,146958,287.027344
3817,512,147250,287.597656
3818,512,132792,259.359375
3819,512,152375,297.607422
3820,512,135916,265.460938
3821,512,133750,261.230469
3822,512,136667,266.927734
3823,512,139250,271.972656
3824,512,143417,280.111328
3825,512,140458,274.332031
3826,512,149250,291.503906
3827,512,140541,274.494141
3828,512,132000,257.812500
3829,512,150334,293.621094
3830,512,147041,287.189453
3831,512,144250,281.738281
3832,512,135833,265.298828
3833,512,130667,255.208984
3834,512,136833,267.251953
3835,512,134958,263.589844
3836,512,128125,250.244141
3837,512,127250,248.535156
3838,512,144500,282.226562
3839,512,134334,262.371094
3840,512,131958,257.730469
3841,512,136000,265.625000
3842,512,146208,285.562500
3843,512,132292,258.382812
3844,512,136333,266.275391
3845,512,129417,252.767578
3846,512,121584,237.468750
3847,512,172833,337.564453
3848,512,191333,373.697266
3849,512,135667,264.974609
3850,512,147417,287.923828
3851,512,152917,298.666016
3852,512,138125,269.775391
3853,512,159041,310.626953
3854,512,143917,281.087891
3855,512,164916,322.101562
3856,512,148000,289.062500
3857,512,153000,298.828125
3858,512,145792,284.750000
3859,512,199500,389.648438
3860,512,174167,340.169922
3861,512,148708,290.445312
3862,512,142167,277.669922
3863,512,135209,264.080078
3864,512,126500,247.070312
3865,512,138708,270.914062
3866,512,135417,264.486328
3867,512,130084,254.070312
3868,512,129000,251.953125
3869,512,123459,241.130859
3870,512,121875,238.037109
3871,512,121333,236.978516
3872,512,121584,237.468750
3873,512,220291,430.255859
3874,512,247500,483.398438
3875,512,222125,433.837891
3876,512,203875,398.193359
3877,512,209292,408.773438
3878,512,199375,389.404297
3879,512,224166,437.824219
3880,512,191709,374.431641
3881,512,224875,439.208984
3882,512,201833,394.205078
3883,512,196583,383.951172
3884,512,199000,388.671875
3885,512,207000,404.296875
3886,512,198208,387.125000
3887,512,179625,350.830078
3888,512,184417,360.189453
3889,512,185375,362.060547
3890,512,182125,355.712891
3891,512,209916,409.992188
3892,512,193750,378.417969
3893,512,211917,413.900391
3894,512,186291,363.849609
3895,512,200709,392.009766
3896,512,204959,400.310547
3897,512,215083,420.083984
3898,512,188208,367.593750
3899,512,178250,348.144531
3900,512,194042,378.988281
3901,512,196000,382.812500
3902,512,184500,360.351562
3903,512,185750,362.792969
3904,512,198250,387.207031
3905,512,257000,501.953125
3906,512,133042,259.847656
3907,512,129625,253.173828
3908,512,123542,241.292969
3909,512,126209,246.501953
3910,512,128416,250.812500
3911,512,130375,254.638672
3912,512,134958,263.589844
3913,512,133167,260.091797
3914,512,119666,233.722656
3915,512,121833,237.955078
3916,512,118834,232.097656
3917,512,119916,234.210938
3918,512,119292,232.992188
3919,512,120458,235.269531
3920,512,128958,251.871094
3921,512,128000,250.000000
3922,512,127958,249.917969
3923,512,115750,226.074219
3924,512,115667,225.912109
3925,512,116000,226.562500
3926,512,117541,229.572266
3927,512,118875,232.177734
3928,512,114125,222.900391
3929,512,112375,219.482422
3930,512,119792,233.968750
3931,512,114500,223.632812
3932,512,117916,230.304688
3933,512,122000,238.281250
3934,512,313584,612.468750
3935,512,238125,465.087891
3936,512,202167,394.857422
3937,512,216208,422.281250
3938,512,198750,388.183594
3939,512,198875,388.427734
3940,512,172041,336.017578
3941,512,191375,373.779297
3942,512,185000,361.328125
3943,512,183500,358.398438
3944,512,179042,349.691406
3945,512,171750,335.449219
3946,512,188375,367.919922
3947,512,181667,354.818359
3948,512,201083,392.740234
3949,512,205167,400.716797
3950,512,197042,384.847656
3951,512,120125,234.619141
3952,512,124708,243.570312
3953,512,139166,271.808594
3954,512,133750,261.230469
3955,512,131833,257.486328
3956,512,129833,253.580078
3957,512,134417,262.533203
3958,512,126250,246.582031
3959,512,123250,240.722656
3960,512,122333,238.931641
3961,512,121750,237.792969
3962,512,120042,234.457031
3963,512,126333,246.744141
3964,512,130583,255.044922
3965,512,125292,244.710938
3966,512,129416,252.765625
3967,512,124833,243.814453
3968,512,122334,238.933594
3969,512,122416,239.093750
3970,512,122917,240.072266
3971,512,117333,229.166016
3972,512,125208,244.546875
3973,512,122875,239.990234
3974,512,123000,240.234375
3975,512,120000,234.375000
3976,512,117875,230.224609
3977,512,115542,225.667969
3978,512,116459,227.458984
3979,512,119541,233.478516
3980,512,119000,232.421875
3981,512,117542,229.574219
3982,512,118958,232.339844
3983,512,114875,224.365234
3984,512,115750,226.074219
3985,512,116583,227.701172
3986,512,113875,222.412109
3987,512,116166,226.886719
3988,512,115042,224.691406
3989,512,111000,216.796875
3990,512,113291,221.271484
3991,512,113875,222.412109
3992,512,116875,228.271484
3993,512,118958,232.339844
3994,512,113375,221.435547
3995,512,111417,217.611328
3996,512,113625,221.923828
3997,512,111125,217.041016
3998,512,111959,218.669922
3999,512,114625,223.876953
4000,512,111333,217.447266
4001,512,113416,221.515625
4002,512,109667,214.193359
4003,512,109666,214.191406
4004,512,114125,222.900391
4005,512,114583,223.794922
4006,512,337541,659.259766
4007,512,116959,228.435547
4008,512,117916,230.304688
4009,512,113334,221.355469
4010,512,111833,218.423828
4011,512,116041,226.642578
4012,512,116042,226.644531
4013,512,113083,220.865234
4014,512,112583,219.888672
4015,512,110209,215.251953
4016,512,114458,223.550781
4017,512,111875,218.505859
4018,512,131166,256.183594
4019,512,107167,209.310547
4020,512,136667,266.927734
4021,512,115875,226.318359
4022,512,126375,246.826172
4023,512,136291,266.193359
4024,512,133584,260.906250
4025,512,120292,234.945312
4026,512,128750,251.464844
4027,512,139208,271.890625
4028,512,116042,226.644531
4029,512,114083,222.818359
4030,512,114541,223.712891
4031,512,115917,226.400391
4032,512,116292,227.132812
4033,512,127917,249.837891
4034,512,122500,239.257812
4035,512,123417,241.048828
4036,512,125167,244.466797
4037,512,127875,249.755859
4038,512,120958,236.246094
4039,512,111583,217.935547
4040,512,115833,226.236328
4041,512,124125,242.431641
4042,512,123125,240.478516
4043,512,111667,218.099609
4044,512,115708,225.992188
4045,512,112125,218.994141
4046,512,110833,216.470703
4047,512,120208,234.781250
4048,512,116333,227.212891
4049,512,107584,210.125000
4050,512,119500,233.398438
4051,512,115959,226.482422
4052,512,110250,215.332031
4053,512,113125,220.947266
4054,512,112792,220.296875
4055,512,108083,211.099609
4056,512,105125,205.322266
4057,512,109583,214.029297
4058,512,110250,215.332031
4059,512,116834,228.191406
4060,512,114500,223.632812
4061,512,106250,207.519531
4062,512,108000,210.937500
4063,512,106666,208.332031
4064,512,106292,207.601562
4065,512,106375,207.763672
4066,512,107417,209.798828
4067,512,105042,205.160156
4068,512,107416,209.796875
4069,512,102667,200.521484
4070,512,105500,206.054688
4071,512,104917,204.916016
4072,512,111250,217.285156
4073,512,107875,210.693359
4074,512,107667,210.287109
4075,512,107417,209.798828
4076,512,108834,212.566406
4077,512,107334,209.636719
4078,512,110375,215.576172
4079,512,112292,219.320312
4080,512,109542,213.949219
4081,512,140791,274.982422
4082,512,161542,315.511719
4083,512,123500,241.210938
4084,512,117666,229.816406
4085,512,114667,223.958984
4086,512,116541,227.619141
4087,512,135834,265.300781
4088,512,121250,236.816406
4089,512,121709,237.712891
4090,512,353042,689.535156
4091,512,284125,554.931641
4092,512,223583,436.685547
4093,512,192958,376.871094
4094,512,186875,364.990234
4095,512,239542,467.855469
4096,512,302916,591.632812
4097,512,231417,451.986328
4098,512,147667,288.412109
4099,512,151666,296.222656
4100,512,132250,258.300781
4101,512,129625,253.173828
4102,512,153459,299.724609
4103,512,146625,286.376953
4104,512,135791,265.216797
4105,512,138917,271.322266
4106,512,137833,269.205078
4107,512,146459,286.052734
4108,512,137917,269.369141
4109,512,149667,292.318359
4110,512,137416,268.390625
4111,512,138500,270.507812
4112,512,138209,269.939453
4113,512,145041,283.283203
4114,512,141875,277.099609
4115,512,112542,219.808594
4116,512,114417,223.470703
4117,512,126166,246.417969
4118,512,131917,257.650391
4119,512,123250,240.722656
4120,512,108458,211.832031
4121,512,108041,211.017578
4122,512,107542,210.042969
4123,512,107792,210.531250
4124,512,106709,208.416016
4125,512,105750,206.542969
4126,512,107208,209.390625
4127,512,106666,208.332031
4128,512,107042,209.066406
4129,512,106000,207.031250
4130,512,107666,210.285156
4131,512,102709,200.603516
4132,512,100750,196.777344
4133,512,104000,203.125000
4134,512,103708,202.554688
4135,512,105750,206.542969
4136,512,105250,205.566406
4137,512,107625,210.205078
4138,512,102125,199.462891
4139,512,102667,200.521484
4140,512,104917,204.916016
4141,512,107791,210.529297
4142,512,105875,206.787109
4143,512,105334,205.730469
4144,512,101333,197.916016
4145,512,111833,218.423828
4146,512,110875,216.552734
4147,512,106958,208.902344
4148,512,127709,249.431641
4149,512,118708,231.851562
4150,512,120208,234.781250
4151,512,113542,221.761719
4152,512,119083,232.583984
4153,512,122709,239.666016
4154,512,121333,236.978516
4155,512,123125,240.478516
4156,512,117541,229.572266
4157,512,122750,239.746094
4158,512,134000,261.718750
4159,512,120667,235.677734
4160,512,115833,226.236328
4161,512,106750,208.496094
4162,512,113291,221.271484
4163,512,108042,211.019531
4164,512,107500,209.960938
4165,512,209917,409.994141
4166,512,122166,238.605469
4167,512,122084,238.445312
4168,512,120166,234.699219
4169,512,127583,249.185547
4170,512,116417,227.376953
4171,512,108875,212.646484
4172,512,110334,215.496094
4173,512,110583,215.982422
4174,512,115958,226.480469
4175,512,108708,212.320312
4176,512,113333,221.353516
4177,512,113000,220.703125
4178,512,106959,208.904297
4179,512,121291,236.896484
4180,512,117709,229.900391
4181,512,114917,224.447266
4182,512,114083,222.818359
4183,512,105167,205.404297
4184,512,118875,232.177734
4185,512,108708,212.320312
4186,512,104958,204.996094
4187,512,119042,232.503906
4188,512,106375,207.763672
4189,512,108833,212.564453
4190,512,108541,211.994141
4191,512,105917,206.869141
4192,512,106333,207.681641
4193,512,106417,207.845703
4194,512,104375,203.857422
4195,512,104667,204.427734
4196,512,105750,206.542969
4197,512,107916,210.773438
4198,512,102875,200.927734
4199,512,104834,204.753906
4200,512,100666,196.613281
4201,512,100750,196.777344
4202,512,104959,204.998047
4203,512,104666,204.425781
4204,512,100584,196.453125
4205,512,104166,203.449219
4206,512,105542,206.136719
4207,512,102875,200.927734
4208,512,106834,208.660156
4209,512,104291,203.693359
4210,512,103292,201.742188
4211,512,103667,202.474609
4212,512,105583,206.216797
4213,512,99708,194.742188
4214,512,104208,203.531250
4215,512,108167,211.263672
4216,512,107250,209.472656
4217,512,107541,210.041016
4218,512,102667,200.521484
4219,512,123166,240.558594
4220,512,117875,230.224609
4221,512,127417,248.861328
4222,512,115917,226.400391
4223,512,123292,240.804688
4224,512,133875,261.474609
4225,512,123416,241.046875
4226,512,116125,226.806641
4227,512,125792,245.687500
4228,512,140208,273.843750
4229,512,120958,236.246094
4230,512,133250,260.253906
4231,512,124292,242.757812
4232,512,135000,263.671875
4233,512,141791,276.935547
4234,512,139292,272.054688
4235,512,151417,295.736328
4236,512,147166,287.433594
4237,512,142875,279.052734
4238,512,149958,292.886719
4239,512,143250,279.785156
4240,512,131250,256.347656
4241,512,128791,251.544922
4242,512,128792,251.546875
4243,512,125125,244.384766
4244,512,128834,251.628906
4245,512,124000,242.187500
4246,512,123583,241.373047
4247,512,118000,230.468750
4248,512,124125,242.431641
4249,512,121833,237.955078
4250,512,204500,399.414062
4251,512,256542,501.058594
4252,512,207208,404.703125
4253,512,186208,363.687500
4254,512,208375,406.982422
4255,512,198334,387.371094
4256,512,193166,377.277344
4257,512,193125,377.197266
4258,512,193042,377.035156
4259,512,169416,330.890625
4260,512,190292,371.664062
4261,512,188625,368.408203
4262,512,180792,353.109375
4263,512,188458,368.082031
4264,512,172125,336.181641
4265,512,175875,343.505859
4266,512,187125,365.478516
4267,512,206375,403.076172
4268,512,199625,389.892578
4269,512,173709,339.275391
4270,512,194750,380.371094
4271,512,189000,369.140625
4272,512,197375,385.498047
4273,512,205708,401.773438
4274,512,169292,330.648438
4275,512,174334,340.496094
4276,512,186542,364.339844
4277,512,172125,336.181641
4278,512,167333,326.822266
4279,512,168000,328.125000
4280,512,159000,310.546875
4281,512,142958,279.214844
4282,512,160584,313.640625
4283,512,196083,382.974609
4284,512,227792,444.906250
4285,512,155333,303.384766
4286,512,119958,234.292969
4287,512,119958,234.292969
4288,512,124208,242.593750
4289,512,126625,247.314453
4290,512,145542,284.261719
4291,512,158333,309.244141
4292,512,162584,317.546875
4293,512,160792,314.046875
4294,512,115166,224.933594
4295,512,144000,281.250000
4296,512,149334,291.667969
4297,512,169791,331.623047
4298,512,160667,313.802734
4299,512,152417,297.689453
4300,512,146834,286.785156
4301,512,158375,309.326172
4302,512,153292,299.398438
4303,512,162041,316.486328
4304,512,129375,252.685547
4305,512,139208,271.890625
4306,512,130917,255.697266
4307,512,165500,323.242188
4308,512,129500,252.929688
4309,512,228500,446.289062
4310,512,205750,401.855469
4311,512,195000,380.859375
4312,512,200291,391.193359
4313,512,179709,350.994141
4314,512,188125,367.431641
4315,512,175375,342.529297
4316,512,177250,346.191406
4317,512,167750,327.636719
4318,512,177208,346.109375
4319,512,165250,322.753906
4320,512,179541,350.666016
4321,512,167459,327.068359
4322,512,172417,336.751953
4323,512,170791,333.576172
4324,512,245208,478.921875
4325,512,195834,382.488281
4326,512,171958,335.855469
4327,512,189125,369.384766
4328,512,211958,413.980469
4329,512,183750,358.886719
4330,512,186500,364.257812
4331,512,191791,374.591797
4332,512,196125,383.056641
4333,512,237667,464.193359
4334,512,143125,279.541016
4335,512,140833,275.064453
4336,512,123833,241.861328
4337,512,133000,259.765625
4338,512,144792,282.796875
4339,512,159625,311.767578
4340,512,166375,324.951172
4341,512,144333,281.900391
4342,512,138125,269.775391
4343,512,132208,258.218750
4344,512,130875,255.615234
4345,512,139666,272.785156
4346,512,189250,369.628906
4347,512,192083,375.162109
4348,512,268500,524.414062
4349,512,259042,505.941406
4350,512,257333,502.603516
4351,512,208542,407.308594
4352,512,237708,464.273438
4353,512,218792,427.328125
4354,512,203250,396.972656
4355,512,183250,357.910156
4356,512,202625,395.751953
4357,512,194583,380.044922
4358,512,187250,365.722656
4359,512,163291,318.927734
4360,512,169167,330.404297
4361,512,180917,353.353516
4362,512,177666,347.003906
4363,512,204458,399.332031
4364,512,178709,349.041016
4365,512,178667,348.958984
4366,512,174167,340.169922
4367,512,188083,367.349609
4368,512,179208,350.015625
4369,512,188042,367.269531
4370,512,184250,359.863281
4371,512,157125,306.884766
4372,512,166541,325.275391
4373,512,163417,319.173828
4374,512,162750,317.871094
4375,512,158208,309.000000
4376,512,153084,298.992188
4377,512,162583,317.544922
4378,512,165000,322.265625
4379,512,169583,331.216797
4380,512,193750,378.417969
4381,512,259042,505.941406
4382,512,218375,426.513672
4383,512,201000,392.578125
4384,512,176958,345.621094
4385,512,173167,338.216797
4386,512,163167,318.685547
4387,512,161625,315.673828
4388,512,150250,293.457031
4389,512,152292,297.445312
4390,512,148333,289.712891
4391,512,160833,314.126953
4392,512,152209,297.283203
4393,512,158500,309.570312
4394,512,151750,296.386719
4395,512,143417,280.111328
4396,512,152208,297.281250
4397,512,159291,311.115234
4398,512,159042,310.628906
4399,512,144708,282.632812
4400,512,140958,275.308594
4401,512,152250,297.363281
4402,512,143208,279.703125
4403,512,140000,273.437500
4404,512,148583,290.201172
4405,512,136917,267.416016
4406,512,142417,278.158203
4407,512,134625,262.939453
4408,512,149584,292.156250
4409,512,137375,268.310547
4410,512,137541,268.634766
4411,512,138833,271.158203
4412,512,136042,265.707031
4413,512,136083,265.787109
4414,512,141042,275.472656
4415,512,144208,281.656250
4416,512,134625,262.939453
4417,512,139125,271.728516
4418,512,136958,267.496094
4419,512,135375,264.404297
4420,512,126458,246.988281
4421,512,140458,274.332031
4422,512,141458,276.285156
4423,512,147583,288.248047
4424,512,151500,295.898438
4425,512,156375,305.419922
4426,512,149917,292.806641
4427,512,163084,318.523438
4428,512,174834,341.472656
4429,512,139541,272.541016
4430,512,152292,297.445312
4431,512,142916,279.132812
4432,512,140125,273.681641
4433,512,153625,300.048828
4434,512,162500,317.382812
4435,512,195667,382.162109
4436,512,203750,397.949219
4437,512,186666,364.582031
4438,512,180084,351.726562
4439,512,146708,286.539062
4440,512,162792,317.953125
4441,512,145959,285.076172
4442,512,155416,303.546875
4443,512,144542,282.308594
4444,512,150917,294.759766
4445,512,135833,265.298828
4446,512,135042,263.753906
4447,512,162166,316.730469
4448,512,139084,271.648438
4449,512,129958,253.824219
4450,512,140500,274.414062
4451,512,129583,253.091797
4452,512,137500,268.554688
4453,512,135792,265.218750
4454,512,124958,244.058594
4455,512,131208,256.265625
4456,512,149542,292.074219
4457,512,120958,236.246094
4458,512,130708,255.289062
4459,512,140750,274.902344
4460,512,123083,240.396484
4461,512,134333,262.369141
4462,512,153416,299.640625
4463,512,122375,239.013672
4464,512,133917,261.556641
4465,512,120250,234.863281
4466,512,136292,266.195312
4467,512,128583,251.138672
4468,512,131583,256.998047
4469,512,134667,263.021484
4470,512,136292,266.195312
4471,512,129667,253.255859
4472,512,143875,281.005859
4473,512,152917,298.666016
4474,512,169958,331.949219
4475,512,169792,331.625000
4476,512,166000,324.218750
4477,512,151125,295.166016
4478,512,139416,272.296875
4479,512,169750,331.542969
4480,512,163292,318.929688
4481,512,152167,297.201172
4482,512,144750,282.714844
4483,512,145791,284.748047
4484,512,156292,305.257812
4485,512,151584,296.062500
4486,512,171750,335.449219
4487,512,154208,301.187500
4488,512,161167,314.779297
4489,512,163833,319.986328
4490,512,164042,320.394531
4491,512,185041,361.408203
4492,512,194917,380.697266
4493,512,186208,363.687500
4494,512,195625,382.080078
4495,512,158209,309.001953
4496,512,137291,268.146484
4497,512,136833,267.251953
4498,512,143459,280.193359
4499,512,130041,253.986328
4500,512,133042,259.847656
4501,512,137667,268.880859
4502,512,132500,258.789062
4503,512,142417,278.158203
4504,512,127750,249.511719
4505,512,132667,259.115234
4506,512,125708,245.523438
4507,512,131583,256.998047
4508,512,129000,251.953125
4509,512,134750,263.183594
4510,512,123750,241.699219
4511,512,126125,246.337891
4512,512,130583,255.044922
4513,512,130667,255.208984
4514,512,144666,282.550781
4515,512,137792,269.125000
4516,512,132625,259.033203
4517,512,133083,259.927734
4518,512,123333,240.884766
4519,512,127792,249.593750
4520,512,133042,259.847656
4521,512,125792,245.687500
4522,512,121375,237.060547
4523,512,126250,246.582031
4524,512,130334,254.558594
4525,512,150250,293.457031
4526,512,124334,242.839844
4527,512,140000,273.437500
4528,512,134875,263.427734
4529,512,133917,261.556641
4530,512,171333,334.634766
4531,512,189208,369.546875
4532,512,139167,271.810547
4533,512,140125,273.681641
4534,512,155458,303.628906
4535,512,140542,274.496094
4536,512,163042,318.441406
4537,512,152833,298.501953
4538,512,165834,323.894531
4539,512,160500,313.476562
4540,512,154000,300.781250
4541,512,150833,294.595703
4542,512,147708,288.492188
4543,512,146375,285.888672
4544,512,138375,270.263672
4545,512,131459,256.755859
4546,512,131167,256.185547
4547,512,127541,249.103516
4548,512,142209,277.751953
4549,512,166209,324.626953
4550,512,174167,340.169922
4551,512,184917,361.166016
4552,512,190917,372.884766
4553,512,150875,294.677734
4554,512,184333,360.025391
4555,512,185209,361.736328
4556,512,145458,284.097656
4557,512,145458,284.097656
4558,512,170500,333.007812
4559,512,168208,328.531250
4560,512,163542,319.417969
4561,512,266166,519.855469
4562,512,173042,337.972656
4563,512,173250,338.378906
4564,512,168583,329.263672
4565,512,171792,335.531250
4566,512,171041,334.064453
4567,512,179584,350.750000
4568,512,173708,339.273438
4569,512,192458,375.894531
4570,512,180958,353.433594
4571,512,184542,360.433594
4572,512,170875,333.740234
4573,512,179666,350.910156
4574,512,168917,329.916016
4575,512,166083,324.380859
4576,512,170000,332.031250
4577,512,165167,322.591797
4578,512,171459,334.880859
4579,512,169208,330.484375
4580,512,165208,322.671875
4581,512,166834,325.847656
4582,512,160041,312.580078
4583,512,161834,316.082031
4584,512,157791,308.185547
4585,512,157542,307.699219
4586,512,150375,293.701172
4587,512,155084,302.898438
4588,512,194083,379.068359
4589,512,181208,353.921875
4590,512,160584,313.640625
4591,512,200625,391.845703
4592,512,166750,325.683594
4593,512,161459,315.349609
4594,512,185166,361.652344
4595,512,157542,307.699219
4596,512,173291,338.458984
4597,512,207584,405.437500
4598,512,237625,464.111328
4599,512,241375,471.435547
4600,512,209292,408.773438
4601,512,171875,335.693359
4602,512,169250,330.566406
4603,512,158958,310.464844
4604,512,177250,346.191406
4605,512,172417,336.751953
4606,512,173708,339.273438
4607,512,182875,357.177734
4608,512,151833,296.548828
4609,512,152209,297.283203
4610,512,147250,287.597656
4611,512,147541,288.166016
4612,512,139500,272.460938
4613,512,153917,300.619141
4614,512,149500,291.992188
4615,512,147666,288.410156
4616,512,169709,331.462891
4617,512,139000,271.484375
4618,512,133875,261.474609
4619,512,137417,268.392578
4620,512,143667,280.599609
4621,512,140959,275.310547
4622,512,167833,327.798828
4623,512,142541,278.400391
4624,512,133917,261.556641
4625,512,155750,304.199219
4626,512,144708,282.632812
4627,512,138625,270.751953
4628,512,142167,277.669922
4629,512,131458,256.753906
4630,512,141250,275.878906
4631,512,136917,267.416016
4632,512,148292,289.632812
4633,512,141750,276.855469
4634,512,156875,306.396484
4635,512,158500,309.570312
4636,512,152083,297.037109
4637,512,156833,306.314453
4638,512,154084,300.945312
4639,512,130125,254.150391
4640,512,146041,285.236328
4641,512,147542,288.167969
4642,512,139250,271.972656
4643,512,145417,284.017578
4644,512,140792,274.984375
4645,512,144750,282.714844
4646,512,133916,261.554688
4647,512,146042,285.238281
4648,512,128583,251.138672
4649,512,127208,248.453125
4650,512,148750,290.527344
4651,512,166667,325.521484
4652,512,183792,358.968750
4653,512,187667,366.537109
4654,512,171708,335.367188
4655,512,154000,300.781250
4656,512,147750,288.574219
4657,512,165792,323.812500
4658,512,146708,286.539062
4659,512,137375,268.310547
4660,512,134333,262.369141
4661,512,132209,258.220703
4662,512,131083,256.021484
4663,512,126917,247.884766
4664,512,143209,279.705078
4665,512,133917,261.556641
4666,512,134583,262.857422
4667,512,132000,257.812500
4668,512,130458,254.800781
4669,512,123292,240.804688
4670,512,130000,253.906250
4671,512,134125,261.962891
4672,512,131125,256.103516
4673,512,129625,253.173828
4674,512,128958,251.871094
4675,512,121000,236.328125
4676,512,133625,260.986328
4677,512,122625,239.501953
4678,512,128833,251.626953
4679,512,131834,257.488281
4680,512,115541,225.666016
4681,512,124500,243.164062
4682,512,131167,256.185547
4683,512,125167,244.466797
4684,512,124042,242.269531
4685,512,113625,221.923828
4686,512,111917,218.587891
4687,512,133666,261.066406
4688,512,128458,250.894531
4689,512,142542,278.402344
4690,512,125833,245.767578
4691,512,140459,274.333984
4692,512,132250,258.300781
4693,512,135042,263.753906
4694,512,120167,234.701172
4695,512,131833,257.486328
4696,512,134667,263.021484
4697,512,131541,256.916016
4698,512,126958,247.964844
4699,512,128459,250.896484
4700,512,141250,275.878906
4701,512,134667,263.021484
4702,512,136667,266.927734
4703,512,124708,243.570312
4704,512,136708,267.007812
4705,512,156750,306.152344
4706,512,131792,257.406250
4707,512,150666,294.269531
4708,512,156417,305.501953
4709,512,218166,426.105469
4710,512,197083,384.927734
4711,512,168458,329.019531
4712,512,158625,309.814453
4713,512,148375,289.794922
4714,512,142417,278.158203
4715,512,127166,248.371094
4716,512,127542,249.105469
4717,512,124958,244.058594
4718,512,128208,250.406250
4719,512,121959,238.201172
4720,512,122416,239.093750
4721,512,130250,254.394531
4722,512,123959,242.107422
4723,512,124458,243.082031
4724,512,122916,240.070312
4725,512,133417,260.580078
4726,512,168708,329.507812
4727,512,139250,271.972656
4728,512,126125,246.337891
4729,512,126458,246.988281
4730,512,128375,250.732422
4731,512,122500,239.257812
4732,512,125083,244.302734
4733,512,131084,256.023438
4734,512,122042,238.363281
4735,512,125125,244.384766
4736,512,121417,237.142578
4737,512,124500,243.164062
4738,512,125750,245.605469
4739,512,134666,263.019531
4740,512,116709,227.947266
4741,512,122041,238.361328
4742,512,120750,235.839844
4743,512,118958,232.339844
4744,512,120792,235.921875
4745,512,117500,229.492188
4746,512,116000,226.562500
4747,512,119292,232.992188
4748,512,115917,226.400391
4749,512,114541,223.712891
4750,512,121542,237.386719
4751,512,118583,231.607422
4752,512,116459,227.458984
4753,512,122000,238.281250
4754,512,117167,228.841797
4755,512,113333,221.353516
4756,512,115083,224.771484
4757,512,122583,239.419922
4758,512,117000,228.515625
4759,512,118584,231.609375
4760,512,113250,221.191406
4761,512,112542,219.808594
4762,512,118250,230.957031
4763,512,116583,227.701172
4764,512,111833,218.423828
4765,512,167167,326.498047
4766,512,156041,304.767578
4767,512,117500,229.492188
4768,512,136334,266.277344
4769,512,124584,243.328125
4770,512,125792,245.687500
4771,512,126250,246.582031
4772,512,135500,264.648438
4773,512,131583,256.998047
4774,512,124458,243.082031
4775,512,129750,253.417969
4776,512,135750,265.136719
4777,512,137875,269.287109
4778,512,127167,248.373047
4779,512,123375,240.966797
4780,512,129334,252.605469
4781,512,122709,239.666016
4782,512,148958,290.933594
4783,512,122833,239.908203
4784,512,146709,286.541016
4785,512,148166,289.386719
4786,512,143500,280.273438
4787,512,302542,590.902344
4788,512,298166,582.355469
4789,512,227750,444.824219
4790,512,227917,445.150391
4791,512,183333,358.072266
4792,512,208083,406.412109
4793,512,179667,350.912109
4794,512,190958,372.964844
4795,512,200625,391.845703
4796,512,198167,387.044922
4797,512,204250,398.925781
4798,512,187708,366.617188
4799,512,186292,363.851562
4800,512,190625,372.314453
4801,512,187875,366.943359
4802,512,183750,358.886719
4803,512,194167,379.232422
4804,512,175541,342.853516
4805,512,174209,340.251953
4806,512,172584,337.078125
4807,512,175667,343.099609
4808,512,208291,406.818359
4809,512,188250,367.675781
4810,512,171375,334.716797
4811,512,199917,390.462891
4812,512,191666,374.347656
4813,512,188584,368.328125
4814,512,179083,349.771484
4815,512,179625,350.830078
4816,512,171875,335.693359
4817,512,172292,336.507812
4818,512,177375,346.435547
4819,512,162291,316.974609
4820,512,166792,325.765625
4821,512,169625,331.298828
4822,512,164500,321.289062
4823,512,185042,361.410156
4824,512,188250,367.675781
4825,512,230041,449.298828
4826,512,199125,388.916016
4827,512,184000,359.375000
4828,512,210625,411.376953
4829,512,171792,335.531250
4830,512,166917,326.009766
4831,512,179333,350.259766
4832,512,163166,318.683594
4833,512,163292,318.929688
4834,512,155417,303.548828
4835,512,157417,307.455078
4836,512,161917,316.244141
4837,512,158166,308.917969
4838,512,159375,311.279297
4839,512,155667,304.037109
4840,512,154333,301.431641
4841,512,171292,334.554688
4842,512,173916,339.679688
4843,512,154542,301.839844
4844,512,155333,303.384766
4845,512,155584,303.875000
4846,512,163541,319.416016
4847,512,157834,308.269531
4848,512,166125,324.462891
4849,512,150375,293.701172
4850,512,162833,318.033203
4851,512,154625,302.001953
4852,512,146625,286.376953
4853,512,152666,298.175781
4854,512,160292,313.070312
4855,512,168958,329.996094
4856,512,143333,279.947266
4857,512,168875,329.833984
4858,512,173125,338.134766
4859,512,155459,303.630859
4860,512,172416,336.750000
4861,512,179542,350.667969
4862,512,165792,323.812500
4863,512,158250,309.082031
4864,512,180084,351.726562
4865,512,173334,338.542969
4866,512,153041,298.908203
4867,512,158625,309.814453
4868,512,152917,298.666016
4869,512,159166,310.871094
4870,512,139834,273.113281
4871,512,165917,324.056641
4872,512,158083,308.755859
4873,512,182792,357.015625
4874,512,213708,417.398438
4875,512,216542,422.933594
4876,512,197125,385.009766
4877,512,181000,353.515625
4878,512,163583,319.498047
4879,512,159000,310.546875
4880,512,161166,314.777344
4881,512,162250,316.894531
4882,512,159459,311.443359
4883,512,150750,294.433594
4884,512,161250,314.941406
4885,512,154834,302.410156
4886,512,146333,285.806641
4887,512,143125,279.541016
4888,512,155875,304.443359
4889,512,136458,266.519531
4890,512,137416,268.390625
4891,512,153959,300.701172
4892,512,150042,293.050781
4893,512,139791,273.029297
4894,512,136042,265.707031
4895,512,135208,264.078125
4896,512,165042,322.347656
4897,512,138958,271.402344
4898,512,139708,272.867188
4899,512,135542,264.730469
4900,512,142667,278.646484
4901,512,133958,261.636719
4902,512,133083,259.927734
4903,512,132042,257.894531
4904,512,157208,307.046875
4905,512,135667,264.974609
4906,512,132083,257.974609
4907,512,136667,266.927734
4908,512,146791,286.701172
4909,512,138667,270.833984
4910,512,129959,253.826172
4911,512,135041,263.751953
4912,512,129583,253.091797
4913,512,117375,229.248047
4914,512,131959,257.732422
4915,512,128125,250.244141
4916,512,127542,249.105469
4917,512,144083,281.412109
4918,512,145209,283.611328
4919,512,159500,311.523438
4920,512,143042,279.378906
4921,512,137958,269.449219
4922,512,150583,294.107422
4923,512,147084,287.273438
4924,512,155875,304.443359
4925,512,158666,309.894531
4926,512,159667,311.849609
4927,512,144541,282.306641
4928,512,140209,273.845703
4929,512,175834,343.425781
4930,512,202167,394.857422
4931,512,186542,364.339844
4932,512,178041,347.736328
4933,512,168167,328.451172
4934,512,150750,294.433594
4935,512,145917,284.994141
4936,512,142584,278.484375
4937,512,142875,279.052734
4938,512,137708,268.960938
4939,512,136542,266.683594
4940,512,134458,262.613281
4941,512,122042,238.363281
4942,512,145334,283.855469
4943,512,125625,245.361328
4944,512,138458,270.425781
4945,512,125000,244.140625
4946,512,129041,252.033203
4947,512,136958,267.496094
4948,512,120167,234.701172
4949,512,124750,243.652344
4950,512,125208,244.546875
4951,512,141417,276.205078
4952,512,120958,236.246094
4953,512,125417,244.955078
4954,512,134583,262.857422
4955,512,129125,252.197266
4956,512,124041,242.267578
4957,512,116792,228.109375
4958,512,133333,260.416016
4959,512,119292,232.992188
4960,512,125084,244.304688
4961,512,134000,261.718750
4962,512,131875,257.568359
4963,512,118542,231.527344
4964,512,110083,215.005859
4965,512,132833,259.439453
4966,512,124750,243.652344
4967,512,118583,231.607422
4968,512,125125,244.384766
4969,512,124084,242.351562
4970,512,117959,230.388672
4971,512,114208,223.062500
4972,512,118042,230.550781
4973,512,124375,242.919922
4974,512,118500,231.445312
4975,512,114541,223.712891
4976,512,132208,258.218750
4977,512,126000,246.093750
4978,512,122083,238.443359
4979,512,164708,321.695312
4980,512,155167,303.060547
4981,512,130250,254.394531
4982,512,134750,263.183594
4983,512,131416,256.671875
4984,512,128125,250.244141
4985,512,146542,286.214844
4986,512,141042,275.472656
4987,512,145958,285.074219
4988,512,135875,265.380859
4989,512,152500,297.851562
4990,512,157500,307.617188
4991,512,173708,339.273438
4992,512,180333,352.212891
4993,512,140459,274.333984
4994,512,139542,272.542969
4995,512,127750,249.511719
4996,512,149375,291.748047
4997,512,130250,254.394531
4998,512,145291,283.771484
4999,512,171625,335.205078
5000,512,164708,321.695312
5001,512,158584,309.734375
5002,512,164166,320.636719
5003,512,159084,310.710938
5004,512,154416,301.593750
5005,512,154125,301.025391
5006,512,163500,319.335938
5007,512,156000,304.687500
5008,512,148541,290.119141
5009,512,141500,276.367188
5010,512,154209,301.189453
5011,512,149167,291.341797
5012,512,120333,235.025391
5013,512,116584,227.703125
5014,512,116333,227.212891
5015,512,133792,261.312500
5016,512,120458,235.269531
5017,512,123583,241.373047
5018,512,118875,232.177734
5019,512,111334,217.449219
5020,512,113916,222.492188
5021,512,116917,228.353516
5022,512,117209,228.923828
5023,512,115500,225.585938
5024,512,113584,221.843750
5025,512,119125,232.666016
5026,512,116292,227.132812
5027,512,118083,230.630859
5028,512,118542,231.527344
5029,512,125125,244.384766
5030,512,114458,223.550781
5031,512,125416,244.953125
5032,512,117625,229.736328
5033,512,119542,233.480469
5034,512,136959,267.498047
5035,512,121791,237.873047
5036,512,123125,240.478516
5037,512,117000,228.515625
5038,512,128583,251.138672
5039,512,113959,222.576172
5040,512,119542,233.480469
5041,512,118917,232.259766
5042,512,129166,252.277344
5043,512,112708,220.132812
5044,512,135334,264.324219
5045,512,113792,222.250000
5046,512,128916,251.789062
5047,512,131750,257.324219
5048,512,133042,259.847656
5049,512,133000,259.765625
5050,512,136584,266.765625
5051,512,128750,251.464844
5052,512,133334,260.417969
5053,512,116542,227.621094
5054,512,116500,227.539062
5055,512,117167,228.841797
5056,512,117291,229.083984
5057,512,120000,234.375000
5058,512,122334,238.933594
5059,512,129416,252.765625
5060,512,116458,227.457031
5061,512,120750,235.839844
5062,512,126042,246.175781
5063,512,118958,232.339844
5064,512,122125,238.525391
5065,512,126083,246.255859
5066,512,116583,227.701172
5067,512,113333,221.353516
5068,512,124500,243.164062
5069,512,239083,466.958984
5070,512,264625,516.845703
5071,512,202125,394.775391
5072,512,191833,374.673828
5073,512,199875,390.380859
5074,512,190375,371.826172
5075,512,193542,378.011719
5076,512,187917,367.025391
5077,512,201625,393.798828
5078,512,190875,372.802734
5079,512,170292,332.601562
5080,512,182083,355.630859
5081,512,183708,358.804688
5082,512,176875,345.458984
5083,512,167542,327.230469
5084,512,174958,341.714844
5085,512,178458,348.550781
5086,512,179375,350.341797
5087,512,182041,355.548828
5088,512,167250,326.660156
5089,512,183625,358.642578
5090,512,173000,337.890625
5091,512,171458,334.878906
5092,512,170667,333.333984
5093,512,168417,328.939453
5094,512,159292,311.117188
5095,512,174292,340.414062
5096,512,190708,372.476562
5097,512,190917,372.884766
5098,512,216416,422.687500
5099,512,184417,360.189453
5100,512,190250,371.582031
5101,512,187208,365.640625
5102,512,174250,340.332031
5103,512,207625,405.517578
5104,512,238416,465.656250
5105,512,249250,486.816406
5106,512,225958,441.324219
5107,512,176709,345.134766
5108,512,171000,333.984375
5109,512,180959,353.435547
5110,512,176584,344.890625
5111,512,162875,318.115234
5112,512,176166,344.074219
5113,512,166000,324.218750
5114,512,160458,313.394531
5115,512,168875,329.833984
5116,512,168292,328.695312
5117,512,162750,317.871094
5118,512,151708,296.304688
5119,512,160083,312.662109
5120,512,156250,305.175781
5121,512,172459,336.833984
5122,512,175167,342.123047
5123,512,155625,303.955078
5124,512,174083,340.005859
5125,512,158125,308.837891
5126,512,162041,316.486328
5127,512,158917,310.384766
5128,512,161666,315.753906
5129,512,163209,318.767578
5130,512,168458,329.019531
5131,512,155708,304.117188
5132,512,161000,314.453125
5133,512,154416,301.593750
5134,512,157125,306.884766
5135,512,174250,340.332031
5136,512,145500,284.179688
5137,512,162250,316.894531
5138,512,164625,321.533203
5139,512,152583,298.013672
5140,512,170083,332.193359
5141,512,160459,313.396484
5142,512,169500,331.054688
5143,512,176792,345.296875
5144,512,152833,298.501953
5145,512,165750,323.730469
5146,512,160625,313.720703
5147,512,162084,316.570312
5148,512,155000,302.734375
5149,512,152292,297.445312
5150,512,166083,324.380859
5151,512,146291,285.724609
5152,512,162708,317.789062
5153,512,164708,321.695312
5154,512,166250,324.707031
5155,512,170000,332.031250
5156,512,159000,310.546875
5157,512,158542,309.652344
5158,512,152500,297.851562
5159,512,148708,290.445312
5160,512,144834,282.878906
5161,512,149167,291.341797
5162,512,151833,296.548828
5163,512,155625,303.955078
5164,512,148833,290.689453
5165,512,146417,285.970703
5166,512,161708,315.835938
5167,512,135292,264.242188
5168,512,132833,259.439453
5169,512,139875,273.193359
5170,512,150500,293.945312
5171,512,147209,287.517578
5172,512,149875,292.724609
5173,512,139916,273.273438
5174,512,151750,296.386719
5175,512,150583,294.107422
5176,512,131583,256.998047
5177,512,155875,304.443359
5178,512,138458,270.425781
5179,512,138208,269.937500
5180,512,147500,288.085938
5181,512,144375,281.982422
5182,512,144333,281.900391
5183,512,152667,298.177734
5184,512,138500,270.507812
5185,512,134125,261.962891
5186,512,132375,258.544922
5187,512,146000,285.156250
5188,512,154916,302.570312
5189,512,196250,383.300781
5190,512,217375,424.560547
5191,512,178958,349.527344
5192,512,175459,342.693359
5193,512,207166,404.621094
5194,512,200375,391.357422
5195,512,177583,346.841797
5196,512,189333,369.791016
5197,512,175750,343.261719
5198,512,158250,309.082031
5199,512,175084,341.960938
5200,512,156708,306.070312
5201,512,146750,286.621094
5202,512,153167,299.154297
5203,512,151750,296.386719
5204,512,143791,280.841797
5205,512,155542,303.792969
5206,512,154750,302.246094
5207,512,143250,279.785156
5208,512,154959,302.654297
5209,512,147750,288.574219
5210,512,157833,308.267578
5211,512,158875,310.302734
5212,512,140666,274.738281
5213,512,134292,262.289062
5214,512,136375,266.357422
5215,512,129833,253.580078
5216,512,131875,257.568359
5217,512,135000,263.671875
5218,512,130250,254.394531
5219,512,141959,277.263672
5220,512,157166,306.964844
5221,512,140209,273.845703
5222,512,132708,259.195312
5223,512,153375,299.560547
5224,512,130958,255.777344
5225,512,142625,278.564453
5226,512,133416,260.578125
5227,512,138709,270.916016
5228,512,128000,250.000000
5229,512,143875,281.005859
5230,512,128291,250.568359
5231,512,123292,240.804688
5232,512,130125,254.150391
5233,512,134375,262.451172
5234,512,139042,271.566406
5235,512,130625,255.126953
5236,512,126667,247.396484
5237,512,140208,273.843750
5238,512,137208,267.984375
5239,512,137750,269.042969
5240,512,126167,246.419922
5241,512,132292,258.382812
5242,512,133958,261.636719
5243,512,140666,274.738281
5244,512,146667,286.458984
5245,512,124583,243.326172
5246,512,131875,257.568359
5247,512,172500,336.914062
5248,512,174542,340.902344
5249,512,166666,325.519531
5250,512,155042,302.816406
5251,512,170458,332.925781
5252,512,178084,347.820312
5253,512,166833,325.845703
5254,512,141375,276.123047
5255,512,152083,297.037109
5256,512,151834,296.550781
5257,512,194125,379.150391
5258,512,209042,408.285156
5259,512,176167,344.076172
5260,512,136875,267.333984
5261,512,133917,261.556641
5262,512,133167,260.091797
5263,512,135333,264.322266
5264,512,128125,250.244141
5265,512,121833,237.955078
5266,512,129834,253.582031
5267,512,123084,240.398438
5268,512,127459,248.943359
5269,512,129000,251.953125
5270,512,122417,239.095703
5271,512,123958,242.105469
5272,512,121208,236.734375
5273,512,124459,243.083984
5274,512,120750,235.839844
5275,512,119958,234.292969
5276,512,118459,231.365234
5277,512,123375,240.966797
5278,512,114708,224.039062
5279,512,119208,232.828125
5280,512,119792,233.968750
5281,512,113250,221.191406
5282,512,118875,232.177734
5283,512,114166,222.980469
5284,512,114167,222.982422
5285,512,117291,229.083984
5286,512,116334,227.214844
5287,512,113791,222.248047
5288,512,116375,227.294922
5289,512,114125,222.900391
5290,512,110958,216.714844
5291,512,115708,225.992188
5292,512,113125,220.947266
5293,512,115042,224.691406
5294,512,117625,229.736328
5295,512,111958,218.667969
5296,512,113833,222.330078
5297,512,118292,231.039062
5298,512,118042,230.550781
5299,512,112708,220.132812
5300,512,122917,240.072266
5301,512,116208,226.968750
5302,512,111791,218.341797
5303,512,114167,222.982422
5304,512,112000,218.750000
5305,512,113000,220.703125
5306,512,118542,231.527344
5307,512,117459,229.412109
5308,512,117792,230.062500
5309,512,117167,228.841797
5310,512,114166,222.980469
5311,512,119708,233.804688
5312,512,116709,227.947266
5313,512,117709,229.900391
5314,512,115625,225.830078
5315,512,117000,228.515625
5316,512,114417,223.470703
5317,512,116875,228.271484
5318,512,120792,235.921875
5319,512,111333,217.447266
5320,512,115125,224.853516
5321,512,116667,227.865234
5322,512,113375,221.435547
5323,512,114000,222.656250
5324,512,112750,220.214844
5325,512,115459,225.505859
5326,512,128541,251.056641
5327,512,115917,226.400391
5328,512,140500,274.414062
5329,512,134000,261.718750
5330,512,127667,249.349609
5331,512,130750,255.371094
5332,512,128209,250.408203
5333,512,126125,246.337891
5334,512,114500,223.632812
5335,512,132291,258.380859
5336,512,121917,238.119141
5337,512,125208,244.546875
5338,512,123000,240.234375
5339,512,116916,228.351562
5340,512,317417,619.955078
5341,512,242000,472.656250
5342,512,224250,437.988281
5343,512,222916,435.382812
5344,512,210959,412.029297
5345,512,195875,382.568359
5346,512,189042,369.222656
5347,512,187333,365.884766
5348,512,189334,369.792969
5349,512,186167,363.607422
5350,512,192208,375.406250
5351,512,202375,395.263672
5352,512,203167,396.810547
5353,512,170916,333.820312
5354,512,188167,367.513672
5355,512,187750,366.699219
5356,512,176583,344.888672
5357,512,184500,360.351562
5358,512,167916,327.960938
5359,512,172542,336.996094
5360,512,179542,350.667969
5361,512,179416,350.421875
5362,512,182834,357.097656
5363,512,175250,342.285156
5364,512,176041,343.830078
5365,512,198834,388.347656
5366,512,193750,378.417969
5367,512,176875,345.458984
5368,512,183417,358.236328
5369,512,194416,379.718750
5370,512,187667,366.537109
5371,512,196917,384.603516
5372,512,184000,359.375000
5373,512,177250,346.191406
5374,512,179750,351.074219
5375,512,177209,346.111328
5376,512,173125,338.134766
5377,512,167041,326.251953
5378,512,171250,334.472656
5379,512,172167,336.263672
5380,512,200375,391.357422
5381,512,249417,487.142578
5382,512,211291,412.677734
5383,512,204917,400.228516
5384,512,196916,384.601562
5385,512,192084,375.164062
5386,512,171916,335.773438
5387,512,165334,322.917969
5388,512,166583,325.357422
5389,512,166375,324.951172
5390,512,160041,312.580078
5391,512,163959,320.232422
5392,512,165750,323.730469
5393,512,158083,308.755859
5394,512,152791,298.419922
5395,512,158084,308.757812
5396,512,164375,321.044922
5397,512,159459,311.443359
5398,512,182042,355.550781
5399,512,145416,284.015625
5400,512,165667,323.568359
5401,512,150750,294.433594
5402,512,141750,276.855469
5403,512,154833,302.408203
5404,512,160000,312.500000
5405,512,148042,289.144531
5406,512,165416,323.078125
5407,512,155375,303.466797
5408,512,155625,303.955078
5409,512,168125,328.369141
5410,512,155125,302.978516
5411,512,157584,307.781250
5412,512,160208,312.906250
5413,512,221875,433.349609
5414,512,206667,403.646484
5415,512,188667,368.490234
5416,512,169083,330.240234
5417,512,172500,336.914062
5418,512,186333,363.931641
5419,512,192333,375.650391
5420,512,193292,377.523438
5421,512,188625,368.408203
5422,512,175084,341.960938
5423,512,156917,306.478516
5424,512,164625,321.533203
5425,512,168208,328.531250
5426,512,164500,321.289062
5427,512,164375,321.044922
5428,512,181000,353.515625
5429,512,238500,465.820312
5430,512,219500,428.710938
5431,512,203834,398.113281
5432,512,159833,312.173828
5433,512,162375,317.138672
5434,512,147833,288.736328
5435,512,148417,289.876953
5436,512,148791,290.607422
5437,512,144500,282.226562
5438,512,148584,290.203125
5439,512,156291,305.255859
5440,512,164834,321.941406
5441,512,155875,304.443359
5442,512,143625,280.517578
5443,512,142375,278.076172
5444,512,157917,308.431641
5445,512,151916,296.710938
5446,512,150917,294.759766
5447,512,137334,268.230469
5448,512,155417,303.548828
5449,512,145541,284.259766
5450,512,151209,295.330078
5451,512,144625,282.470703
5452,512,128625,251.220703
5453,512,137375,268.310547
5454,512,139833,273.111328
5455,512,141708,276.773438
5456,512,135042,263.753906
5457,512,139292,272.054688
5458,512,131625,257.080078
5459,512,127334,248.699219
5460,512,136708,267.007812
5461,512,136875,267.333984
5462,512,137041,267.658203
5463,512,131250,256.347656
5464,512,144292,281.820312
5465,512,135750,265.136719
5466,512,132584,258.953125
5467,512,124666,243.488281
5468,512,145625,284.423828
5469,512,123125,240.478516
5470,512,125917,245.931641
5471,512,126166,246.417969
5472,512,133750,261.230469
5473,512,133334,260.417969
5474,512,140625,274.658203
5475,512,154000,300.781250
5476,512,146834,286.785156
5477,512,131917,257.650391
5478,512,152500,297.851562
5479,512,154250,301.269531
5480,512,149333,291.666016
5481,512,152958,298.746094
5482,512,135292,264.242188
5483,512,151166,295.246094
5484,512,168833,329.751953
5485,512,208125,406.494141
5486,512,124208,242.593750
5487,512,119875,234.130859
5488,512,129833,253.580078
5489,512,128209,250.408203
5490,512,119041,232.501953
5491,512,109708,214.273438
5492,512,119375,233.154297
5493,512,131208,256.265625
5494,512,115750,226.074219
5495,512,114000,222.656250
5496,512,112500,219.726562
5497,512,142666,278.644531
5498,512,151083,295.083984
5499,512,210000,410.156250
5500,512,292250,570.800781
5501,512,230625,450.439453
5502,512,212084,414.226562
5503,512,211416,412.921875
5504,512,203375,397.216797
5505,512,201542,393.636719
5506,512,186583,364.419922
5507,512,202667,395.833984
5508,512,193708,378.335938
5509,512,181875,355.224609
5510,512,187500,366.210938
5511,512,187750,366.699219
5512,512,178583,348.794922
5513,512,181667,354.818359
5514,512,186583,364.419922
5515,512,186792,364.828125
5516,512,193458,377.847656
5517,512,176958,345.621094
5518,512,199292,389.242188
5519,512,176125,343.994141
5520,512,197083,384.927734
5521,512,200583,391.763672
5522,512,196500,383.789062
5523,512,162750,317.871094
5524,512,187292,365.804688
5525,512,173042,337.972656
5526,512,182500,356.445312
5527,512,177791,347.248047
5528,512,157000,306.640625
5529,512,177958,347.574219
5530,512,166334,324.871094
5531,512,163500,319.335938
5532,512,180709,352.947266
5533,512,216584,423.015625
5534,512,223500,436.523438
5535,512,201000,392.578125
5536,512,190667,372.396484
5537,512,157500,307.617188
5538,512,170875,333.740234
5539,512,173708,339.273438
5540,512,152750,298.339844
5541,512,144500,282.226562
5542,512,152958,298.746094
5543,512,155875,304.443359
5544,512,156375,305.419922
5545,512,150125,293.212891
5546,512,150667,294.271484
5547,512,157000,306.640625
5548,512,161042,314.535156
5549,512,160083,312.662109
5550,512,142375,278.076172
5551,512,149625,292.236328
5552,512,159333,311.197266
5553,512,136750,267.089844
5554,512,156125,304.931641
5555,512,147291,287.677734
5556,512,143167,279.623047
5557,512,143875,281.005859
5558,512,148584,290.203125
5559,512,137916,269.367188
5560,512,150709,294.353516
5561,512,131667,257.162109
5562,512,135833,265.298828
5563,512,136208,266.031250
5564,512,153208,299.234375
5565,512,132375,258.544922
5566,512,142917,279.134766
5567,512,132375,258.544922
5568,512,127125,248.291016
5569,512,125958,246.011719
5570,512,118500,231.445312
5571,512,134000,261.718750
5572,512,134584,262.859375
5573,512,136375,266.357422
5574,512,134333,262.369141
5575,512,143833,280.923828
5576,512,135083,263.833984
5577,512,121500,237.304688
5578,512,128875,251.708984
5579,512,127708,249.429688
5580,512,137208,267.984375
5581,512,151875,296.630859
5582,512,175959,343.669922
5583,512,195459,381.755859
5584,512,135583,264.810547
5585,512,140125,273.681641
5586,512,132917,259.603516
5587,512,165500,323.242188
5588,512,148500,290.039062
5589,512,149417,291.830078
5590,512,163333,319.009766
5591,512,170958,333.902344
5592,512,163125,318.603516
5593,512,175125,342.041016
5594,512,162125,316.650391
5595,512,150625,294.189453
5596,512,124125,242.431641
5597,512,162917,318.197266
5598,512,157375,307.373047
5599,512,160750,313.964844
5600,512,144417,282.064453
5601,512,162583,317.544922
5602,512,159958,312.417969
5603,512,162500,317.382812
5604,512,154166,301.105469
5605,512,133542,260.824219
5606,512,113291,221.271484
5607,512,113917,222.494141
5608,512,125250,244.628906
5609,512,113916,222.492188
5610,512,157167,306.966797
5611,512,154083,300.943359
5612,512,150959,294.841797
5613,512,154291,301.349609
5614,512,144500,282.226562
5615,512,131583,256.998047
5616,512,138750,270.996094
5617,512,152792,298.421875
5618,512,145167,283.529297
5619,512,147208,287.515625
5620,512,133958,261.636719
5621,512,146000,285.156250
5622,512,130792,255.453125
5623,512,145042,283.285156
5624,512,149917,292.806641
5625,512,149458,291.910156
5626,512,128500,250.976562
5627,512,147250,287.597656
5628,512,147958,288.980469
5629,512,138083,269.693359
5630,512,114625,223.876953
5631,512,112875,220.458984
5632,512,115375,225.341797
5633,512,147417,287.923828
5634,512,178875,349.365234
5635,512,118375,231.201172
5636,512,122584,239.421875
5637,512,125167,244.466797
5638,512,119333,233.072266
5639,512,119584,233.562500
5640,512,132500,258.789062
5641,512,122000,238.281250
5642,512,143542,280.355469
5643,512,140250,273.925781
5644,512,155458,303.628906
5645,512,150167,293.294922
5646,512,130458,254.800781
5647,512,123958,242.105469
5648,512,132583,258.951172
5649,512,144625,282.470703
5650,512,140959,275.310547
5651,512,135541,264.728516
5652,512,128542,251.058594
5653,512,123208,240.640625
5654,512,311708,608.804688
5655,512,243125,474.853516
5656,512,224750,438.964844
5657,512,193875,378.662109
5658,512,200708,392.007812
5659,512,195334,381.511719
5660,512,215959,421.794922
5661,512,207250,404.785156
5662,512,205416,401.203125
5663,512,203333,397.134766
5664,512,217500,424.804688
5665,512,190250,371.582031
5666,512,179583,350.748047
5667,512,199500,389.648438
5668,512,204208,398.843750
5669,512,194042,378.988281
5670,512,188333,367.837891
5671,512,196833,384.439453
5672,512,184541,360.431641
5673,512,180625,352.783203
5674,512,180584,352.703125
5675,512,185208,361.734375
5676,512,185625,362.548828
5677,512,176000,343.750000
5678,512,213208,416.421875
5679,512,186500,364.257812
5680,512,167667,327.474609
5681,512,197250,385.253906
5682,512,185417,362.142578
5683,512,173458,338.785156
5684,512,165958,324.136719
5685,512,196959,384.685547
5686,512,169834,331.707031
5687,512,165875,323.974609
5688,512,162208,316.812500
5689,512,181417,354.330078
5690,512,180708,352.945312
5691,512,192667,376.302734
5692,512,200500,391.601562
5693,512,222375,434.326172
5694,512,214916,419.757812
5695,512,226958,443.277344
5696,512,235250,459.472656
5697,512,206209,402.751953
5698,512,192833,376.626953
5699,512,200417,391.439453
5700,512,177666,347.003906
5701,512,181625,354.736328
5702,512,178000,347.656250
5703,512,176958,345.621094
5704,512,188667,368.490234
5705,512,171125,334.228516
5706,512,167250,326.660156
5707,512,173375,338.623047
5708,512,152000,296.875000
5709,512,165834,323.894531
5710,512,153250,299.316406
5711,512,159958,312.417969
5712,512,174792,341.390625
5713,512,170584,333.171875
5714,512,171416,334.796875
5715,512,179917,351.400391
5716,512,166083,324.380859
5717,512,167250,326.660156
5718,512,151416,295.734375
5719,512,143917,281.087891
5720,512,157958,308.511719
5721,512,167875,327.880859
5722,512,170750,333.496094
5723,512,169417,330.892578
5724,512,168459,329.021484
5725,512,170208,332.437500
5726,512,172083,336.099609
5727,512,171292,334.554688
5728,512,181958,355.386719
5729,512,175333,342.447266
5730,512,169875,331.787109
5731,512,162125,316.650391
5732,512,156541,305.744141
5733,512,151334,295.574219
5734,512,156000,304.687500
5735,512,150542,294.027344
5736,512,160458,313.394531
5737,512,145500,284.179688
5738,512,158541,309.650391
5739,512,184750,360.839844
5740,512,207917,406.087891
5741,512,211250,412.597656
5742,512,185166,361.652344
5743,512,175000,341.796875
5744,512,154167,301.107422
5745,512,158583,309.732422
5746,512,153541,299.884766
5747,512,149167,291.341797
5748,512,146709,286.541016
5749,512,147542,288.167969
5750,512,144458,282.144531
5751,512,142917,279.134766
5752,512,148250,289.550781
5753,512,149875,292.724609
5754,512,149417,291.830078
5755,512,138416,270.343750
5756,512,142000,277.343750
5757,512,140792,274.984375
5758,512,138166,269.855469
5759,512,134000,261.718750
5760,512,147875,288.818359
5761,512,148584,290.203125
5762,512,149208,291.421875
5763,512,131417,256.673828
5764,512,128583,251.138672
5765,512,130875,255.615234
5766,512,142917,279.134766
5767,512,141542,276.449219
5768,512,142500,278.320312
5769,512,132500,258.789062
5770,512,137583,268.716797
5771,512,113667,222.005859
5772,512,129417,252.767578
5773,512,138292,270.101562
5774,512,129041,252.033203
5775,512,128875,251.708984
5776,512,133917,261.556641
5777,512,133208,260.171875
5778,512,132916,259.601562
5779,512,122959,240.154297
5780,512,129750,253.417969
5781,512,128833,251.626953
5782,512,127750,249.511719
5783,512,124416,243.000000
5784,512,138917,271.322266
5785,512,122708,239.664062
5786,512,135208,264.078125
5787,512,128792,251.546875
5788,512,133916,261.554688
5789,512,143000,279.296875
5790,512,148041,289.142578
5791,512,134917,263.509766
5792,512,134666,263.019531
5793,512,147000,287.109375
5794,512,139375,272.216797
5795,512,140917,275.228516
5796,512,133458,260.660156
5797,512,144083,281.412109
5798,512,140208,273.843750
5799,512,144000,281.250000
5800,512,133834,261.394531
5801,512,145875,284.912109
5802,512,139333,272.134766
5803,512,131208,256.265625
5804,512,139875,273.193359
5805,512,137000,267.578125
5806,512,145459,284.099609
5807,512,144042,281.332031
5808,512,135250,264.160156
5809,512,126375,246.826172
5810,512,134250,262.207031
5811,512,134375,262.451172
5812,512,127167,248.373047
5813,512,128583,251.138672
5814,512,130000,253.906250
5815,512,120875,236.083984
5816,512,126458,246.988281
5817,512,130083,254.068359
5818,512,126834,247.722656
5819,512,128334,250.652344
5820,512,125458,245.035156
5821,512,137417,268.392578
5822,512,139625,272.705078
5823,512,129750,253.417969
5824,512,126833,247.720703
5825,512,118375,231.201172
5826,512,121416,237.140625
5827,512,126209,246.501953
5828,512,121375,237.060547
5829,512,127250,248.535156
5830,512,127959,249.919922
5831,512,125666,245.441406
5832,512,118250,230.957031
5833,512,125959,246.013672
5834,512,130334,254.558594
5835,512,129500,252.929688
5836,512,132166,258.136719
5837,512,114875,224.365234
5838,512,132625,259.033203
5839,512,126917,247.884766
5840,512,121417,237.142578
5841,512,121041,236.408203
5842,512,129417,252.767578
5843,512,123375,240.966797
5844,512,122458,239.175781
5845,512,126625,247.314453
5846,512,128542,251.058594
5847,512,135333,264.322266
5848,512,158167,308.919922
5849,512,186542,364.339844
5850,512,174459,340.740234
5851,512,144041,281.330078
5852,512,141917,277.181641
5853,512,154416,301.593750
5854,512,164584,321.453125
5855,512,168208,328.531250
5856,512,149500,291.992188
5857,512,171000,333.984375
5858,512,153333,299.478516
5859,512,150917,294.759766
5860,512,139125,271.728516
5861,512,156458,305.582031
5862,512,137250,268.066406
5863,512,134125,261.962891
5864,512,142959,279.216797
5865,512,131458,256.753906
5866,512,132250,258.300781
5867,512,127958,249.917969
5868,512,126000,246.093750
5869,512,140250,273.925781
5870,512,139875,273.193359
5871,512,118667,231.771484
5872,512,128083,250.162109
5873,512,116250,227.050781
5874,512,131375,256.591797
5875,512,122375,239.013672
5876,512,120292,234.945312
5877,512,118083,230.630859
5878,512,127000,248.046875
5879,512,121833,237.955078
5880,512,132167,258.138672
5881,512,119291,232.990234
5882,512,116917,228.353516
5883,512,120875,236.083984
5884,512,117083,228.677734
5885,512,134458,262.613281
5886,512,118584,231.609375
5887,512,128500,250.976562
5888,512,122750,239.746094
5889,512,127208,248.453125
5890,512,119459,233.318359
5891,512,113041,220.783203
5892,512,133542,260.824219
5893,512,119500,233.398438
5894,512,129375,252.685547
5895,512,127750,249.511719
5896,512,121958,238.199219
5897,512,121209,236.736328
5898,512,124916,243.976562
5899,512,123459,241.130859
5900,512,127750,249.511719
5901,512,145833,284.830078
5902,512,147166,287.433594
5903,512,138500,270.507812
5904,512,129250,252.441406
5905,512,129958,253.824219
5906,512,145875,284.912109
5907,512,136083,265.787109
5908,512,130667,255.208984
5909,512,147875,288.818359
5910,512,131000,255.859375
5911,512,118834,232.097656
5912,512,120083,234.537109
5913,512,122417,239.095703
5914,512,115541,225.666016
5915,512,129334,252.605469
5916,512,119375,233.154297
5917,512,127625,249.267578
5918,512,127834,249.675781
5919,512,128667,251.302734
5920,512,125458,245.035156
5921,512,124625,243.408203
5922,512,126916,247.882812
5923,512,134000,261.718750
5924,512,128042,250.082031
5925,512,131792,257.406250
5926,512,116625,227.783203
5927,512,133333,260.416016
5928,512,123708,241.617188
5929,512,127708,249.429688
5930,512,123292,240.804688
5931,512,130583,255.044922
5932,512,129041,252.033203
5933,512,131167,256.185547
5934,512,138125,269.775391
5935,512,130000,253.906250
5936,512,119334,233.074219
5937,512,125583,245.279297
5938,512,121208,236.734375
5939,512,116708,227.945312
5940,512,121709,237.712891
5941,512,125500,245.117188
5942,512,119792,233.968750
5943,512,124833,243.814453
5944,512,118833,232.095703
5945,512,119667,233.724609
5946,512,120458,235.269531
5947,512,115125,224.853516
5948,512,122583,239.419922
5949,512,132417,258.626953
5950,512,132333,258.462891
5951,512,122833,239.908203
5952,512,122625,239.501953
5953,512,117417,229.330078
5954,512,119875,234.130859
5955,512,119166,232.746094
5956,512,115042,224.691406
5957,512,122666,239.582031
5958,512,123459,241.130859
5959,512,115375,225.341797
5960,512,127375,248.779297
5961,512,118583,231.607422
5962,512,119375,233.154297
5963,512,111833,218.423828
5964,512,129709,253.337891
5965,512,140000,273.437500
5966,512,146291,285.724609
5967,512,132083,257.974609
5968,512,133709,261.150391
5969,512,142500,278.320312
5970,512,117459,229.412109
5971,512,135791,265.216797
5972,512,132500,258.789062
5973,512,125000,244.140625
5974,512,133125,260.009766
5975,512,136000,265.625000
5976,512,147583,288.248047
5977,512,128792,251.546875
5978,512,123416,241.046875
5979,512,129417,252.767578
5980,512,131542,256.917969
5981,512,122125,238.525391
5982,512,125000,244.140625
5983,512,125042,244.222656
5984,512,118166,230.792969
5985,512,122084,238.445312
5986,512,123500,241.210938
5987,512,118125,230.712891
5988,512,123459,241.130859
5989,512,123542,241.292969
5990,512,121042,236.410156
5991,512,124291,242.755859
5992,512,114792,224.203125
5993,512,121666,237.628906
5994,512,127375,248.779297
5995,512,117459,229.412109
5996,512,124916,243.976562
5997,512,121708,237.710938
5998,512,118000,230.468750
5999,512,116500,227.539062
6000,512,112917,220.541016
6001,512,121750,237.792969
6002,512,118792,232.015625
6003,512,115875,226.318359
6004,512,113708,222.085938
6005,512,115958,226.480469
6006,512,119292,232.992188
6007,512,109542,213.949219
6008,512,126500,247.070312
6009,512,115917,226.400391
6010,512,114583,223.794922
6011,512,115291,225.177734
6012,512,121667,237.630859
6013,512,113708,222.085938
6014,512,111333,217.447266
6015,512,114417,223.470703
6016,512,111208,217.203125
6017,512,111583,217.935547
6018,512,122417,239.095703
6019,512,109416,213.703125
6020,512,111167,217.123047
6021,512,117042,228.597656
6022,512,115833,226.236328
6023,512,112833,220.376953
6024,512,117208,228.921875
6025,512,104625,204.345703
6026,512,108833,212.564453
6027,512,116625,227.783203
6028,512,112000,218.750000
6029,512,108375,211.669922
6030,512,112625,219.970703
6031,512,104959,204.998047
6032,512,121584,237.468750
6033,512,112500,219.726562
6034,512,112042,218.832031
6035,512,112042,218.832031
6036,512,112916,220.539062
6037,512,107209,209.392578
6038,512,101958,199.136719
6039,512,105292,205.648438
6040,512,105459,205.974609
6041,512,110834,216.472656
6042,512,109500,213.867188
6043,512,104958,204.996094
6044,512,113709,222.087891
6045,512,119291,232.990234
6046,512,107667,210.287109
6047,512,108417,211.751953
6048,512,108333,211.587891
6049,512,108208,211.343750
6050,512,112958,220.621094
6051,512,108083,211.099609
6052,512,105334,205.730469
6053,512,104500,204.101562
6054,512,110542,215.902344
6055,512,113542,221.761719
6056,512,112708,220.132812
6057,512,120625,235.595703
6058,512,133208,260.171875
6059,512,132250,258.300781
6060,512,117083,228.677734
6061,512,118083,230.630859
6062,512,123667,241.537109
6063,512,119958,234.292969
6064,512,119958,234.292969
6065,512,119584,233.562500
6066,512,118416,231.281250
6067,512,120042,234.457031
6068,512,113416,221.515625
6069,512,112625,219.970703
6070,512,118958,232.339844
6071,512,117834,230.144531
6072,512,114125,222.900391
6073,512,116333,227.212891
6074,512,109083,213.052734
6075,512,115917,226.400391
6076,512,110750,216.308594
6077,512,110458,215.738281
6078,512,115500,225.585938
6079,512,110000,214.843750
6080,512,104500,204.101562
6081,512,109333,213.541016
6082,512,113500,221.679688
6083,512,111250,217.285156
6084,512,114417,223.470703
6085,512,116542,227.621094
6086,512,109209,213.298828
6087,512,106041,207.111328
6088,512,108417,211.751953
6089,512,109709,214.275391
6090,512,108584,212.078125
6091,512,112291,219.318359
6092,512,112792,220.296875
6093,512,113291,221.271484
6094,512,102959,201.091797
6095,512,120292,234.945312
6096,512,108500,211.914062
6097,512,119417,233.236328
6098,512,104041,203.205078
6099,512,106792,208.578125
6100,512,106750,208.496094
6101,512,102292,199.789062
6102,512,108291,211.505859
6103,512,106500,208.007812
6104,512,110209,215.251953
6105,512,105625,206.298828
6106,512,111083,216.958984
6107,512,102250,199.707031
6108,512,103708,202.554688
6109,512,101791,198.810547
6110,512,107792,210.531250
6111,512,101458,198.160156
6112,512,104500,204.101562
6113,512,108416,211.750000
6114,512,103542,202.230469
6115,512,103000,201.171875
6116,512,106125,207.275391
6117,512,110791,216.388672
6118,512,109167,213.216797
6119,512,103000,201.171875
6120,512,107875,210.693359
6121,512,114416,223.468750
6122,512,113709,222.087891
6123,512,118625,231.689453
6124,512,128833,251.626953
6125,512,160459,313.396484
6126,512,163791,319.904297
6127,512,125417,244.955078
6128,512,131375,256.591797
6129,512,120708,235.757812
6130,512,151875,296.630859
6131,512,146250,285.644531
6132,512,140542,274.496094
6133,512,131250,256.347656
6134,512,151500,295.898438
6135,512,140583,274.576172
6136,512,121875,238.037109
6137,512,131167,256.185547
6138,512,128791,251.544922
6139,512,120917,236.166016
6140,512,124000,242.187500
6141,512,121041,236.408203
6142,512,124375,242.919922
6143,512,124292,242.757812
6144,512,128250,250.488281
6145,512,130125,254.150391
6146,512,135125,263.916016
6147,512,118125,230.712891
6148,512,117292,229.085938
6149,512,118041,230.548828
6150,512,119458,233.316406
6151,512,114625,223.876953
6152,512,113292,221.273438
6153,512,117250,229.003906
6154,512,114416,223.468750
6155,512,113917,222.494141
6156,512,118000,230.468750
6157,512,116833,228.189453
6158,512,111375,217.529297
6159,512,121584,237.468750
6160,512,112375,219.482422
6161,512,117375,229.248047
6162,512,118041,230.548828
6163,512,122917,240.072266
6164,512,112333,219.400391
6165,512,121750,237.792969
6166,512,114375,223.388672
6167,512,114333,223.306641
6168,512,111167,217.123047
6169,512,116458,227.457031
6170,512,127459,248.943359
6171,512,113625,221.923828
6172,512,118667,231.771484
6173,512,113083,220.865234
6174,512,115417,225.423828
6175,512,117792,230.062500
6176,512,113666,222.003906
6177,512,115250,225.097656
6178,512,125709,245.525391
6179,512,124250,242.675781
6180,512,122666,239.582031
6181,512,121750,237.792969
6182,512,127000,248.046875
6183,512,107750,210.449219
6184,512,116500,227.539062
6185,512,127542,249.105469
6186,512,127541,249.103516
6187,512,115167,224.935547
6188,512,133083,259.927734
6189,512,126875,247.802734
6190,512,114708,224.039062
6191,512,115083,224.771484
6192,512,116292,227.132812
6193,512,116542,227.621094
6194,512,114417,223.470703
6195,512,113208,221.109375
6196,512,119000,232.421875
6197,512,118875,232.177734
6198,512,117458,229.410156
6199,512,112042,218.832031
6200,512,111708,218.179688
6201,512,110625,216.064453
6202,512,112750,220.214844
6203,512,123041,240.314453
6204,512,113792,222.250000
6205,512,110584,215.984375
6206,512,119291,232.990234
6207,512,114250,223.144531
6208,512,119584,233.562500
6209,512,108916,212.726562
6210,512,113792,222.250000
6211,512,117958,230.386719
6212,512,112250,219.238281
6213,512,110292,215.414062
6214,512,115375,225.341797
6215,512,112709,220.134766
6216,512,116583,227.701172
6217,512,123417,241.048828
6218,512,115708,225.992188
6219,512,116042,226.644531
6220,512,116166,226.886719
6221,512,113167,221.029297
6222,512,119625,233.642578
6223,512,115250,225.097656
6224,512,110291,215.412109
6225,512,110542,215.902344
6226,512,110500,215.820312
6227,512,106541,208.087891
6228,512,111125,217.041016
6229,512,114625,223.876953
6230,512,105416,205.890625
6231,512,108542,211.996094
6232,512,109750,214.355469
6233,512,106458,207.925781
6234,512,107792,210.531250
6235,512,111375,217.529297
6236,512,109042,212.972656
6237,512,109041,212.970703
6238,512,114833,224.283203
6239,512,110334,215.496094
6240,512,105833,206.705078
6241,512,110083,215.005859
6242,512,108458,211.832031
6243,512,112500,219.726562
6244,512,109542,213.949219
6245,512,109291,213.458984
6246,512,107167,209.310547
6247,512,108750,212.402344
6248,512,104958,204.996094
6249,512,109625,214.111328
6250,512,108792,212.484375
6251,512,105625,206.298828
6252,512,108125,211.181641
6253,512,113000,220.703125
6254,512,110083,215.005859
6255,512,130875,255.615234
6256,512,115208,225.015625
6257,512,109875,214.599609
6258,512,119167,232.748047
6259,512,111459,217.693359
6260,512,112625,219.970703
6261,512,125042,244.222656
6262,512,136250,266.113281
6263,512,124375,242.919922
6264,512,138250,270.019531
6265,512,142000,277.343750
6266,512,128292,250.570312
6267,512,115875,226.318359
6268,512,123625,241.455078
6269,512,127750,249.511719
6270,512,115167,224.935547
6271,512,118917,232.259766
6272,512,117875,230.224609
6273,512,113291,221.271484
6274,512,117792,230.062500
6275,512,116417,227.376953
6276,512,117125,228.759766
6277,512,113541,221.759766
6278,512,113834,222.332031
6279,512,113375,221.435547
6280,512,115791,226.154297
6281,512,113209,221.111328
6282,512,111875,218.505859
6283,512,115625,225.830078
6284,512,110208,215.250000
6285,512,112042,218.832031
6286,512,115500,225.585938
6287,512,111625,218.017578
6288,512,121709,237.712891
6289,512,113625,221.923828
6290,512,110541,215.900391
6291,512,114000,222.656250
6292,512,118667,231.771484
6293,512,106667,208.333984
6294,512,110875,216.552734
6295,512,110917,216.634766
6296,512,108583,212.076172
6297,512,108959,212.810547
6298,512,107833,210.611328
6299,512,112583,219.888672
6300,512,116959,228.435547
6301,512,109000,212.890625
6302,512,109208,213.296875
6303,512,107209,209.392578
6304,512,105833,206.705078
6305,512,105333,205.728516
6306,512,106292,207.601562
6307,512,106458,207.925781
6308,512,107666,210.285156
6309,512,110834,216.472656
6310,512,128541,251.056641
6311,512,103959,203.044922
6312,512,109625,214.111328
6313,512,107292,209.554688
6314,512,104333,203.775391
6315,512,105292,205.648438
6316,512,108459,211.833984
6317,512,101958,199.136719
6318,512,108208,211.343750
6319,512,106042,207.113281
6320,512,103750,202.636719
6321,512,106042,207.113281
6322,512,105375,205.810547
6323,512,102792,200.765625
6324,512,102000,199.218750
6325,512,98375,192.138672
6326,512,101000,197.265625
6327,512,103417,201.986328
6328,512,107250,209.472656
6329,512,102542,200.277344
6330,512,110583,215.982422
6331,512,110750,216.308594
6332,512,104208,203.531250
6333,512,103542,202.230469
6334,512,103166,201.496094
6335,512,101625,198.486328
6336,512,100792,196.859375
6337,512,105083,205.240234
6338,512,101667,198.568359
6339,512,99292,193.929688
6340,512,102500,200.195312
6341,512,104250,203.613281
6342,512,100750,196.777344
6343,512,103125,201.416016
6344,512,123792,241.781250
6345,512,118542,231.527344
6346,512,118958,232.339844
6347,512,133667,261.068359
6348,512,144667,282.552734
6349,512,115791,226.154297
6350,512,124042,242.269531
6351,512,110208,215.250000
6352,512,120750,235.839844
6353,512,129916,253.742188
6354,512,124959,244.060547
6355,512,124750,243.652344
6356,512,114166,222.980469
6357,512,105625,206.298828
6358,512,112625,219.970703
6359,512,112333,219.400391
6360,512,109375,213.623047
6361,512,108875,212.646484
6362,512,112209,219.158203
6363,512,110833,216.470703
6364,512,112625,219.970703
6365,512,119042,232.503906
6366,512,109708,214.273438
6367,512,115000,224.609375
6368,512,108125,211.181641
6369,512,108708,212.320312
6370,512,107417,209.798828
6371,512,111083,216.958984
6372,512,108250,211.425781
6373,512,110000,214.843750
6374,512,121875,238.037109
6375,512,108459,211.833984
6376,512,105666,206.378906
6377,512,108500,211.914062
6378,512,111375,217.529297
6379,512,103750,202.636719
6380,512,106750,208.496094
6381,512,104958,204.996094
6382,512,105250,205.566406
6383,512,107333,209.634766
6384,512,112375,219.482422
6385,512,101917,199.056641
6386,512,126250,246.582031
6387,512,107500,209.960938
6388,512,104542,204.183594
6389,512,106208,207.437500
6390,512,104459,204.021484
6391,512,105500,206.054688
6392,512,110125,215.087891
6393,512,106875,208.740234
6394,512,105292,205.648438
6395,512,105250,205.566406
6396,512,113208,221.109375
6397,512,103000,201.171875
6398,512,102042,199.300781
6399,512,105666,206.378906
6400,512,101792,198.812500
6401,512,103583,202.310547
6402,512,106458,207.925781
6403,512,104042,203.207031
6404,512,100417,196.126953
6405,512,104125,203.369141
6406,512,103250,201.660156
6407,512,105209,205.486328
6408,512,108208,211.343750
6409,512,105541,206.134766
6410,512,102917,201.009766
6411,512,104542,204.183594
6412,512,104000,203.125000
6413,512,102041,199.298828
6414,512,104125,203.369141
6415,512,144250,281.738281
6416,512,159250,311.035156
6417,512,116958,228.433594
6418,512,144583,282.388672
6419,512,112458,219.644531
6420,512,125000,244.140625
6421,512,113292,221.273438
6422,512,123167,240.560547
6423,512,114041,222.736328
6424,512,142292,277.914062
6425,512,144542,282.308594
6426,512,134833,263.345703
6427,512,129000,251.953125
6428,512,136917,267.416016
6429,512,123917,242.025391
6430,512,119542,233.480469
6431,512,118667,231.771484
6432,512,113250,221.191406
6433,512,117875,230.224609
6434,512,116583,227.701172
6435,512,116833,228.189453
6436,512,114250,223.144531
6437,512,116334,227.214844
6438,512,115834,226.238281
6439,512,116250,227.050781
6440,512,114791,224.201172
6441,512,125125,244.384766
6442,512,130083,254.068359
6443,512,118959,232.341797
6444,512,121500,237.304688
6445,512,121500,237.304688
6446,512,110875,216.552734
6447,512,119000,232.421875
6448,512,118083,230.630859
6449,512,116500,227.539062
6450,512,115250,225.097656
6451,512,113292,221.273438
6452,512,111125,217.041016
6453,512,111959,218.669922
6454,512,113416,221.515625
6455,512,118584,231.609375
6456,512,127333,248.697266
6457,512,113667,222.005859
6458,512,111041,216.876953
6459,512,118584,231.609375
6460,512,113375,221.435547
6461,512,116375,227.294922
6462,512,113791,222.248047
6463,512,112334,219.402344
6464,512,117375,229.248047
6465,512,115541,225.666016
6466,512,111958,218.667969
6467,512,112250,219.238281
6468,512,111375,217.529297
6469,512,112167,219.076172
6470,512,115875,226.318359
6471,512,116166,226.886719
6472,512,110667,216.146484
6473,512,115458,225.503906
6474,512,110917,216.634766
6475,512,112708,220.132812
6476,512,113042,220.785156
6477,512,114625,223.876953
6478,512,130291,254.474609
6479,512,135500,264.648438
6480,512,119375,233.154297
6481,512,119708,233.804688
6482,512,120667,235.677734
6483,512,114750,224.121094
6484,512,121584,237.468750
6485,512,120541,235.431641
6486,512,114959,224.529297
6487,512,121000,236.328125
6488,512,112166,219.074219
6489,512,112500,219.726562
6490,512,116666,227.863281
6491,512,118917,232.259766
6492,512,116417,227.376953
6493,512,120625,235.595703
6494,512,110541,215.900391
6495,512,112792,220.296875
6496,512,115375,225.341797
6497,512,114125,222.900391
6498,512,116334,227.214844
6499,512,116791,228.107422
6500,512,114125,222.900391
6501,512,124000,242.187500
6502,512,133542,260.824219
6503,512,113250,221.191406
6504,512,114042,222.738281
6505,512,122000,238.281250
6506,512,120000,234.375000
6507,512,114083,222.818359
6508,512,116458,227.457031
6509,512,111000,216.796875
6510,512,111250,217.285156
6511,512,117209,228.923828
6512,512,110125,215.087891
6513,512,114125,222.900391
6514,512,128292,250.570312
6515,512,113292,221.273438
6516,512,113541,221.759766
6517,512,117750,229.980469
6518,512,109709,214.275391
6519,512,111125,217.041016
6520,512,113541,221.759766
6521,512,107834,210.613281
6522,512,112167,219.076172
6523,512,115375,225.341797
6524,512,108667,212.240234
6525,512,113916,222.492188
6526,512,115417,225.423828
6527,512,110292,215.414062
6528,512,110166,215.167969
6529,512,109334,213.542969
6530,512,106750,208.496094
6531,512,114375,223.388672
6532,512,119250,232.910156
6533,512,111250,217.285156
6534,512,109917,214.681641
6535,512,109791,214.435547
6536,512,113167,221.029297
6537,512,114542,223.714844
6538,512,116291,227.130859
6539,512,107209,209.392578
6540,512,112292,219.320312
6541,512,122667,239.583984
6542,512,118041,230.548828
6543,512,113292,221.273438
6544,512,114208,223.062500
6545,512,116333,227.212891
6546,512,117792,230.062500
6547,512,116833,228.189453
6548,512,114250,223.144531
6549,512,116167,226.888672
6550,512,116084,226.726562
6551,512,116042,226.644531
6552,512,115125,224.853516
6553,512,114666,223.957031
6554,512,118750,231.933594
6555,512,116792,228.109375
6556,512,118583,231.607422
6557,512,114042,222.738281
6558,512,117125,228.759766
6559,512,117750,229.980469
6560,512,119959,234.294922
6561,512,120250,234.863281
6562,512,120334,235.027344
6563,512,122708,239.664062
6564,512,124291,242.755859
6565,512,163583,319.498047
6566,512,262084,511.882812
6567,512,167541,327.228516
6568,512,144917,283.041016
6569,512,152625,298.095703
6570,512,145541,284.259766
6571,512,129583,253.091797
6572,512,129458,252.847656
6573,512,125625,245.361328
6574,512,126375,246.826172
6575,512,127500,249.023438
6576,512,122792,239.828125
6577,512,124750,243.652344
6578,512,121292,236.898438
6579,512,121209,236.736328
6580,512,120666,235.675781
6581,512,116542,227.621094
6582,512,114250,223.144531
6583,512,114541,223.712891
6584,512,113167,221.029297
6585,512,114583,223.794922
6586,512,113792,222.250000
6587,512,111958,218.667969
6588,512,123250,240.722656
6589,512,119667,233.724609
6590,512,111416,217.609375
6591,512,112125,218.994141
6592,512,116625,227.783203
6593,512,111292,217.367188
6594,512,112834,220.378906
6595,512,112416,219.562500
6596,512,109459,213.787109
6597,512,110458,215.738281
6598,512,108750,212.402344
6599,512,118792,232.015625
6600,512,107625,210.205078
6601,512,108000,210.937500
6602,512,112250,219.238281
6603,512,114042,222.738281
6604,512,108625,212.158203
6605,512,113541,221.759766
6606,512,113375,221.435547
6607,512,108917,212.728516
6608,512,108833,212.564453
6609,512,107792,210.531250
6610,512,108083,211.099609
6611,512,105625,206.298828
6612,512,109209,213.298828
6613,512,114959,224.529297
6614,512,109791,214.435547
6615,512,112458,219.644531
6616,512,107459,209.880859
6617,512,107584,210.125000
6618,512,111875,218.505859
6619,512,110083,215.005859
6620,512,106791,208.576172
6621,512,106000,207.031250
6622,512,109167,213.216797
6623,512,109000,212.890625
6624,512,115125,224.853516
6625,512,109291,213.458984
6626,512,109167,213.216797
6627,512,111917,218.587891
6628,512,107542,210.042969
6629,512,120917,236.166016
6630,512,115166,224.933594
6631,512,116500,227.539062
6632,512,108916,212.726562
6633,512,131500,256.835938
6634,512,135334,264.324219
6635,512,126750,247.558594
6636,512,123042,240.316406
6637,512,126292,246.664062
6638,512,131916,257.648438
6639,512,121209,236.736328
6640,512,120917,236.166016
6641,512,121500,237.304688
6642,512,118958,232.339844
6643,512,119167,232.748047
6644,512,124875,243.896484
6645,512,118750,231.933594
6646,512,137166,267.902344
6647,512,134292,262.289062
6648,512,122042,238.363281
6649,512,123666,241.535156
6650,512,260792,509.359375
6651,512,226458,442.300781
6652,512,198167,387.044922
6653,512,188208,367.593750
6654,512,190167,371.419922
6655,512,182125,355.712891
6656,512,186416,364.093750
6657,512,186958,365.152344
6658,512,180625,352.783203
6659,512,173709,339.275391
6660,512,192208,375.406250
6661,512,175875,343.505859
6662,512,187750,366.699219
6663,512,169041,330.158203
6664,512,163208,318.765625
6665,512,170084,332.195312
6666,512,169875,331.787109
6667,512,168458,329.019531
6668,512,172167,336.263672
6669,512,178416,348.468750
6670,512,164959,322.185547
6671,512,168416,328.937500
6672,512,176542,344.808594
6673,512,246416,481.281250
6674,512,232000,453.125000
6675,512,200709,392.009766
6676,512,205208,400.796875
6677,512,208708,407.632812
6678,512,215750,421.386719
6679,512,202459,395.427734
6680,512,190334,371.746094
6681,512,179875,351.318359
6682,512,192084,375.164062
6683,512,182292,356.039062
6684,512,178875,349.365234
6685,512,176166,344.074219
6686,512,174125,340.087891
6687,512,193500,377.929688
6688,512,221208,432.046875
6689,512,214167,418.294922
6690,512,223000,435.546875
6691,512,203875,398.193359
6692,512,177583,346.841797
6693,512,172792,337.484375
6694,512,167084,326.335938
6695,512,167541,327.228516
6696,512,167042,326.253906
6697,512,159875,312.255859
6698,512,170375,332.763672
6699,512,167167,326.498047
6700,512,169334,330.730469
6701,512,156916,306.476562
6702,512,159458,311.441406
6703,512,175708,343.179688
6704,512,161250,314.941406
6705,512,166917,326.009766
6706,512,164917,322.103516
6707,512,164041,320.392578
6708,512,161625,315.673828
6709,512,159917,312.337891
6710,512,176500,344.726562
6711,512,171125,334.228516
6712,512,157959,308.513672
6713,512,160833,314.126953
6714,512,164542,321.371094
6715,512,159792,312.093750
6716,512,179875,351.318359
6717,512,179583,350.748047
6718,512,187875,366.943359
6719,512,198459,387.615234
6720,512,200583,391.763672
6721,512,200542,391.683594
6722,512,177459,346.599609
6723,512,197667,386.068359
6724,512,178208,348.062500
6725,512,180750,353.027344
6726,512,165625,323.486328
6727,512,180292,352.132812
6728,512,148542,290.121094
6729,512,159791,312.091797
6730,512,160584,313.640625
6731,512,164666,321.613281
6732,512,161792,316.000000
6733,512,161458,315.347656
6734,512,159875,312.255859
6735,512,162208,316.812500
6736,512,182292,356.039062
6737,512,173125,338.134766
6738,512,122875,239.990234
6739,512,125334,244.792969
6740,512,118333,231.119141
6741,512,120667,235.677734
6742,512,137541,268.634766
6743,512,154250,301.269531
6744,512,153584,299.968750
6745,512,152625,298.095703
6746,512,135541,264.728516
6747,512,133375,260.498047
6748,512,142458,278.238281
6749,512,155250,303.222656
6750,512,147000,287.109375
6751,512,153542,299.886719
6752,512,150875,294.677734
6753,512,146375,285.888672
6754,512,148666,290.363281
6755,512,157500,307.617188
6756,512,144250,281.738281
6757,512,114542,223.714844
6758,512,133291,260.333984
6759,512,141500,276.367188
6760,512,134542,262.777344
6761,512,134291,262.287109
6762,512,127542,249.105469
6763,512,140458,274.332031
6764,512,151500,295.898438
6765,512,140375,274.169922
6766,512,150875,294.677734
6767,512,130542,254.964844
6768,512,141792,276.937500
6769,512,137416,268.390625
6770,512,133375,260.498047
6771,512,150167,293.294922
6772,512,134250,262.207031
6773,512,143708,280.679688
6774,512,150500,293.945312
6775,512,140208,273.843750
6776,512,136000,265.625000
6777,512,133625,260.986328
6778,512,132875,259.521484
6779,512,128500,250.976562
6780,512,148166,289.386719
6781,512,137875,269.287109
6782,512,134708,263.101562
6783,512,138167,269.857422
6784,512,141166,275.714844
6785,512,130834,255.535156
6786,512,142417,278.158203
6787,512,130333,254.556641
6788,512,139250,271.972656
6789,512,144166,281.574219
6790,512,136875,267.333984
6791,512,129250,252.441406
6792,512,153042,298.910156
6793,512,141083,275.552734
6794,512,121958,238.199219
6795,512,122958,240.152344
6796,512,115792,226.156250
6797,512,118583,231.607422
6798,512,118583,231.607422
6799,512,122667,239.583984
6800,512,134708,263.101562
6801,512,123875,241.943359
6802,512,125250,244.628906
6803,512,127333,248.697266
6804,512,127792,249.593750
6805,512,121208,236.734375
6806,512,121125,236.572266
6807,512,127791,249.591797
6808,512,118292,231.039062
6809,512,117625,229.736328
6810,512,146583,286.294922
6811,512,278625,544.189453
6812,512,222625,434.814453
6813,512,204666,399.738281
6814,512,195917,382.650391
6815,512,198958,388.589844
6816,512,182917,357.259766
6817,512,190000,371.093750
6818,512,207333,404.947266
6819,512,176417,344.564453
6820,512,163791,319.904297
6821,512,178959,349.529297
6822,512,172666,337.238281
6823,512,174125,340.087891
6824,512,165458,323.160156
6825,512,182834,357.097656
6826,512,172875,337.646484
6827,512,173333,338.541016
6828,512,165875,323.974609
6829,512,178791,349.201172
6830,512,187083,365.396484
6831,512,178667,348.958984
6832,512,171958,335.855469
6833,512,181167,353.841797
6834,512,178250,348.144531
6835,512,163542,319.417969
6836,512,171541,335.041016
6837,512,180458,352.457031
6838,512,171792,335.531250
6839,512,203083,396.646484
6840,512,178209,348.064453
6841,512,183166,357.746094
6842,512,196250,383.300781
6843,512,177792,347.250000
6844,512,189250,369.628906
6845,512,249375,487.060547
6846,512,233959,456.951172
6847,512,239583,467.935547
6848,512,206875,404.052734
6849,512,182625,356.689453
6850,512,186583,364.419922
6851,512,185375,362.060547
6852,512,191083,373.208984
6853,512,175209,342.205078
6854,512,183458,358.316406
6855,512,170792,333.578125
6856,512,167833,327.798828
6857,512,160417,313.314453
6858,512,167625,327.392578
6859,512,162375,317.138672
6860,512,167166,326.496094
6861,512,164792,321.859375
6862,512,173708,339.273438
6863,512,168542,329.183594
6864,512,154166,301.105469
6865,512,169667,331.380859
6866,512,158209,309.001953
6867,512,163792,319.906250
6868,512,156416,305.500000
6869,512,148417,289.876953
6870,512,163167,318.685547
6871,512,170500,333.007812
6872,512,167667,327.474609
6873,512,172041,336.017578
6874,512,170083,332.193359
6875,512,215250,420.410156
6876,512,206667,403.646484
6877,512,187583,366.373047
6878,512,208875,407.958984
6879,512,188750,368.652344
6880,512,201333,393.228516
6881,512,183416,358.234375
6882,512,191625,374.267578
6883,512,172417,336.751953
6884,512,167292,326.742188
6885,512,166084,324.382812
6886,512,165083,322.427734
6887,512,181292,354.085938
6888,512,168291,328.693359
6889,512,168250,328.613281
6890,512,168875,329.833984
6891,512,195875,382.568359
6892,512,234333,457.681641
6893,512,196375,383.544922
6894,512,188000,367.187500
6895,512,178083,347.818359
6896,512,179709,350.994141
6897,512,170334,332.683594
6898,512,165250,322.753906
6899,512,156709,306.072266
6900,512,151042,295.003906
6901,512,156750,306.152344
6902,512,154541,301.837891
6903,512,148875,290.771484
6904,512,152167,297.201172
6905,512,140958,275.308594
6906,512,143042,279.378906
6907,512,141167,275.716797
6908,512,150208,293.375000
6909,512,153500,299.804688
6910,512,148042,289.144531
6911,512,140083,273.599609
6912,512,137750,269.042969
6913,512,132833,259.439453
6914,512,151709,296.306641
6915,512,141792,276.937500
6916,512,133167,260.091797
6917,512,145584,284.343750
6918,512,150375,293.701172
6919,512,148042,289.144531
6920,512,141875,277.099609
6921,512,147541,288.166016
6922,512,141959,277.263672
6923,512,154917,302.572266
6924,512,145042,283.285156
6925,512,125750,245.605469
6926,512,143083,279.458984
6927,512,141625,276.611328
6928,512,146209,285.564453
6929,512,140791,274.982422
6930,512,146875,286.865234
6931,512,136250,266.113281
6932,512,132417,258.626953
6933,512,135291,264.240234
6934,512,141250,275.878906
6935,512,142000,277.343750
6936,512,147458,288.003906
6937,512,143292,279.867188
6938,512,147125,287.353516
6939,512,158958,310.464844
6940,512,153166,299.152344
6941,512,166125,324.462891
6942,512,160209,312.908203
6943,512,156625,305.908203
6944,512,157416,307.453125
6945,512,179084,349.773438
6946,512,176500,344.726562
6947,512,213959,417.888672
6948,512,183334,358.074219
6949,512,186417,364.095703
6950,512,147708,288.492188
6951,512,167667,327.474609
6952,512,150375,293.701172
6953,512,151083,295.083984
6954,512,144625,282.470703
6955,512,150333,293.619141
6956,512,134500,262.695312
6957,512,139541,272.541016
6958,512,143875,281.005859
6959,512,137584,268.718750
6960,512,136791,267.169922
6961,512,133917,261.556641
6962,512,147000,287.109375
6963,512,138416,270.343750
6964,512,131125,256.103516
6965,512,132417,258.626953
6966,512,139125,271.728516
6967,512,139375,272.216797
6968,512,131959,257.732422
6969,512,152167,297.201172
6970,512,133958,261.636719
6971,512,128792,251.546875
6972,512,130250,254.394531
6973,512,131125,256.103516
6974,512,129292,252.523438
6975,512,132167,258.138672
6976,512,138375,270.263672
6977,512,127500,249.023438
6978,512,131916,257.648438
6979,512,124917,243.978516
6980,512,127958,249.917969
6981,512,133833,261.392578
6982,512,122542,239.339844
6983,512,121791,237.873047
6984,512,127834,249.675781
6985,512,127583,249.185547
6986,512,127875,249.755859
6987,512,121875,238.037109
6988,512,117625,229.736328
6989,512,133625,260.986328
6990,512,122417,239.095703
6991,512,123792,241.781250
6992,512,125750,245.605469
6993,512,133625,260.986328
6994,512,140000,273.437500
6995,512,151167,295.248047
6996,512,137292,268.148438
6997,512,152500,297.851562
6998,512,150125,293.212891
6999,512,144750,282.714844
7000,512,151875,296.630859
7001,512,156625,305.908203
7002,512,146083,285.318359
7003,512,138791,271.076172
7004,512,144459,282.146484
7005,512,140000,273.437500
7006,512,132166,258.136719
7007,512,135042,263.753906
7008,512,139167,271.810547
7009,512,131958,257.730469
7010,512,121750,237.792969
7011,512,129625,253.173828
7012,512,123250,240.722656
7013,512,123458,241.128906
7014,512,132458,258.707031
7015,512,135667,264.974609
7016,512,142583,278.482422
7017,512,123458,241.128906
7018,512,128208,250.406250
7019,512,132209,258.220703
7020,512,135625,264.892578
7021,512,126416,246.906250
7022,512,135125,263.916016
7023,512,115292,225.179688
7024,512,129542,253.011719
7025,512,125459,245.037109
7026,512,119666,233.722656
7027,512,122708,239.664062
7028,512,123250,240.722656
7029,512,118125,230.712891
7030,512,131375,256.591797
7031,512,134917,263.509766
7032,512,135583,264.810547
7033,512,125167,244.466797
7034,512,123791,241.779297
7035,512,123292,240.804688
7036,512,125541,245.197266
7037,512,113458,221.597656
7038,512,120375,235.107422
7039,512,114875,224.365234
7040,512,115417,225.423828
7041,512,126750,247.558594
7042,512,127083,248.208984
7043,512,126208,246.500000
7044,512,119000,232.421875
7045,512,122250,238.769531
7046,512,119917,234.212891
7047,512,122917,240.072266
7048,512,117416,229.328125
7049,512,129584,253.093750
7050,512,117459,229.412109
7051,512,135333,264.322266
7052,512,118458,231.363281
7053,512,112458,219.644531
7054,512,118834,232.097656
7055,512,127584,249.187500
7056,512,124000,242.187500
7057,512,131583,256.998047
7058,512,136625,266.845703
7059,512,144041,281.330078
7060,512,124542,243.246094
7061,512,142167,277.669922
7062,512,142875,279.052734
7063,512,138125,269.775391
7064,512,136375,266.357422
7065,512,138834,271.160156
7066,512,131666,257.160156
7067,512,125500,245.117188
7068,512,143583,280.435547
7069,512,133584,260.906250
7070,512,134083,261.880859
7071,512,130333,254.556641
7072,512,121833,237.955078
7073,512,137417,268.392578
7074,512,137750,269.042969
7075,512,135834,265.300781
7076,512,138709,270.916016
7077,512,131458,256.753906
7078,512,126916,247.882812
7079,512,142833,278.970703
7080,512,121792,237.875000
7081,512,139792,273.031250
7082,512,133208,260.171875
7083,512,126291,246.662109
7084,512,134209,262.126953
7085,512,120208,234.781250
7086,512,159208,310.953125
7087,512,133750,261.230469
7088,512,124917,243.978516
7089,512,120416,235.187500
7090,512,129625,253.173828
7091,512,117917,230.306641
7092,512,124917,243.978516
7093,512,115292,225.179688
7094,512,134208,262.125000
7095,512,122208,238.687500
7096,512,120375,235.107422
7097,512,121375,237.060547
7098,512,115250,225.097656
7099,512,125500,245.117188
7100,512,120792,235.921875
7101,512,140750,274.902344
7102,512,137875,269.287109
7103,512,136125,265.869141
7104,512,121000,236.328125
7105,512,120166,234.699219
7106,512,127333,248.697266
7107,512,174625,341.064453
7108,512,143750,280.761719
7109,512,139458,272.378906
7110,512,129083,252.115234
7111,512,138667,270.833984
7112,512,135375,264.404297
7113,512,136666,266.925781
7114,512,129334,252.605469
7115,512,128083,250.162109
7116,512,137416,268.390625
7117,512,125000,244.140625
7118,512,135417,264.486328
7119,512,127291,248.615234
7120,512,123542,241.292969
7121,512,138916,271.320312
7122,512,124459,243.083984
7123,512,191958,374.917969
7124,512,187542,366.292969
7125,512,177000,345.703125
7126,512,169667,331.380859
7127,512,145167,283.529297
7128,512,144250,281.738281
7129,512,156166,305.011719
7130,512,170958,333.902344
7131,512,178250,348.144531
7132,512,141208,275.796875
7133,512,154167,301.107422
7134,512,157541,307.697266
7135,512,160417,313.314453
7136,512,145625,284.423828
7137,512,164125,320.556641
7138,512,133833,261.392578
7139,512,128000,250.000000
7140,512,130458,254.800781
7141,512,125792,245.687500
7142,512,125792,245.687500
7143,512,129084,252.117188
7144,512,122542,239.339844
7145,512,123750,241.699219
7146,512,121250,236.816406
7147,512,123500,241.210938
7148,512,119875,234.130859
7149,512,120042,234.457031
7150,512,118708,231.851562
7151,512,120208,234.781250
7152,512,116750,228.027344
7153,512,116542,227.621094
7154,512,118583,231.607422
7155,512,114500,223.632812
7156,512,117416,229.328125
7157,512,118500,231.445312
7158,512,115708,225.992188
7159,512,122292,238.851562
7160,512,116000,226.562500
7161,512,115042,224.691406
7162,512,116125,226.806641
7163,512,117125,228.759766
7164,512,115500,225.585938
7165,512,112334,219.402344
7166,512,113834,222.332031
7167,512,112500,219.726562
7168,512,116166,226.886719
7169,512,112459,219.646484
7170,512,111584,217.937500
7171,512,113958,222.574219
7172,512,112250,219.238281
7173,512,113042,220.785156
7174,512,111875,218.505859
7175,512,114042,222.738281
7176,512,117208,228.921875
7177,512,111208,217.203125
7178,512,112500,219.726562
7179,512,112792,220.296875
7180,512,109750,214.355469
7181,512,112875,220.458984
7182,512,103708,202.554688
7183,512,109250,213.378906
7184,512,118125,230.712891
7185,512,116208,226.968750
7186,512,125250,244.628906
7187,512,115667,225.912109
7188,512,125583,245.279297
7189,512,138417,270.345703
7190,512,134167,262.044922
7191,512,132500,258.789062
7192,512,135042,263.753906
7193,512,125333,244.791016
7194,512,130458,254.800781
7195,512,126667,247.396484
7196,512,123166,240.558594
7197,512,123167,240.560547
7198,512,123625,241.455078
7199,512,124125,242.431641
7200,512,117459,229.412109
7201,512,124583,243.326172
7202,512,125458,245.035156
7203,512,119542,233.480469
7204,512,274416,535.968750
7205,512,280833,548.501953
7206,512,236708,462.320312
7207,512,214708,419.351562
7208,512,213208,416.421875
7209,512,184667,360.677734
7210,512,140209,273.845703
7211,512,155334,303.386719
7212,512,137584,268.718750
7213,512,153292,299.398438
7214,512,143833,280.923828
7215,512,132750,259.277344
7216,512,138208,269.937500
7217,512,130000,253.906250
7218,512,140417,274.251953
7219,512,150833,294.595703
7220,512,125041,244.220703
7221,512,130583,255.044922
7222,512,147667,288.412109
7223,512,137458,268.472656
7224,512,148291,289.630859
7225,512,139208,271.890625
7226,512,146708,286.539062
7227,512,151875,296.630859
7228,512,145375,283.935547
7229,512,138042,269.613281
7230,512,131916,257.648438
7231,512,143292,279.867188
7232,512,145417,284.017578
7233,512,156500,305.664062
7234,512,165209,322.673828
7235,512,143625,280.517578
7236,512,143708,280.679688
7237,512,156333,305.337891
7238,512,149500,291.992188
7239,512,159208,310.953125
7240,512,163417,319.173828
7241,512,161791,315.998047
7242,512,170459,332.927734
7243,512,153125,299.072266
7244,512,144875,282.958984
7245,512,142000,277.343750
7246,512,150000,292.968750
7247,512,141334,276.042969
7248,512,141750,276.855469
7249,512,138334,270.183594
7250,512,133209,260.173828
7251,512,136042,265.707031
7252,512,138583,270.669922
7253,512,212583,415.201172
7254,512,218250,426.269531
7255,512,155375,303.466797
7256,512,143000,279.296875
7257,512,139333,272.134766
7258,512,138750,270.996094
7259,512,157792,308.187500
7260,512,146417,285.970703
7261,512,136500,266.601562
7262,512,131208,256.265625
7263,512,130458,254.800781
7264,512,138625,270.751953
7265,512,136084,265.789062
7266,512,129166,252.277344
7267,512,132042,257.894531
7268,512,125000,244.140625
7269,512,158875,310.302734
7270,512,260666,509.113281
7271,512,234542,458.089844
7272,512,196541,383.869141
7273,512,232083,453.287109
7274,512,192417,375.814453
7275,512,208875,407.958984
7276,512,224875,439.208984
7277,512,229083,447.427734
7278,512,225000,439.453125
7279,512,236333,461.587891
7280,512,204833,400.064453
7281,512,204834,400.066406
7282,512,207583,405.435547
7283,512,220333,430.337891
7284,512,229125,447.509766
7285,512,238333,465.494141
7286,512,189167,369.466797
7287,512,236666,462.238281
7288,512,236167,461.263672
7289,512,233333,455.728516
7290,512,212917,415.853516
7291,512,211375,412.841797
7292,512,220042,429.769531
7293,512,213833,417.642578
7294,512,201583,393.716797
7295,512,194417,379.720703
7296,512,214208,418.375000
7297,512,254625,497.314453
7298,512,133625,260.986328
7299,512,128834,251.628906
7300,512,127416,248.859375
7301,512,129709,253.337891
7302,512,128791,251.544922
7303,512,145208,283.609375
7304,512,169625,331.298828
7305,512,145583,284.341797
7306,512,174792,341.390625
7307,512,160834,314.128906
7308,512,147416,287.921875
7309,512,152334,297.527344
7310,512,159334,311.199219
7311,512,160833,314.126953
7312,512,161916,316.242188
7313,512,160042,312.582031
7314,512,149916,292.804688
7315,512,154209,301.189453
7316,512,158666,309.894531
7317,512,116709,227.947266
7318,512,127125,248.291016
7319,512,144500,282.226562
7320,512,158667,309.896484
7321,512,112875,220.458984
7322,512,114083,222.818359
7323,512,114500,223.632812
7324,512,200417,391.439453
7325,512,249208,486.734375
7326,512,193834,378.582031
7327,512,140125,273.681641
7328,512,129500,252.929688
7329,512,133959,261.638672
7330,512,147750,288.574219
7331,512,133500,260.742188
7332,512,139792,273.031250
7333,512,148166,289.386719
7334,512,191042,373.128906
7335,512,159917,312.337891
7336,512,153125,299.072266
7337,512,163917,320.150391
7338,512,177458,346.597656
7339,512,150875,294.677734
7340,512,154208,301.187500
7341,512,200417,391.439453
7342,512,159625,311.767578
7343,512,166083,324.380859
7344,512,182209,355.876953
7345,512,140209,273.845703
7346,512,158708,309.976562
7347,512,148125,289.306641
7348,512,155833,304.361328
7349,512,151917,296.712891
7350,512,131000,255.859375
7351,512,134333,262.369141
7352,512,130125,254.150391
7353,512,126542,247.152344
7354,512,130583,255.044922
7355,512,141292,275.960938
7356,512,140125,273.681641
7357,512,128667,251.302734
7358,512,135292,264.242188
7359,512,134750,263.183594
7360,512,125334,244.792969
7361,512,126791,247.638672
7362,512,119584,233.562500
7363,512,124041,242.267578
7364,512,119250,232.910156
7365,512,121500,237.304688
7366,512,123875,241.943359
7367,512,122583,239.419922
7368,512,114625,223.876953
7369,512,122542,239.339844
7370,512,118042,230.550781
7371,512,118750,231.933594
7372,512,117583,229.654297
7373,512,120084,234.539062
7374,512,120625,235.595703
7375,512,117541,229.572266
7376,512,121292,236.898438
7377,512,116458,227.457031
7378,512,121459,237.224609
7379,512,133000,259.765625
7380,512,110333,215.494141
7381,512,114333,223.306641
7382,512,108459,211.833984
7383,512,113916,222.492188
7384,512,113292,221.273438
7385,512,111250,217.285156
7386,512,109625,214.111328
7387,512,125750,245.605469
7388,512,110333,215.494141
7389,512,111042,216.878906
7390,512,112166,219.074219
7391,512,114750,224.121094
7392,512,117208,228.921875
7393,512,118917,232.259766
7394,512,114083,222.818359
7395,512,114708,224.039062
7396,512,117208,228.921875
7397,512,110625,216.064453
7398,512,209208,408.609375
7399,512,231958,453.042969
7400,512,197917,386.556641
7401,512,203416,397.296875
7402,512,195459,381.755859
7403,512,189875,370.849609
7404,512,196708,384.195312
7405,512,183542,358.480469
7406,512,205625,401.611328
7407,512,195791,382.404297
7408,512,209709,409.587891
7409,512,211791,413.654297
7410,512,253542,495.199219
7411,512,309667,604.818359
7412,512,271791,530.841797
7413,512,231917,452.962891
7414,512,190333,371.744141
7415,512,184625,360.595703
7416,512,193458,377.847656
7417,512,193458,377.847656
7418,512,180667,352.865234
7419,512,179291,350.177734
7420,512,181125,353.759766
7421,512,166500,325.195312
7422,512,166542,325.277344
7423,512,175208,342.203125
7424,512,177084,345.867188
7425,512,167084,326.335938
7426,512,172250,336.425781
7427,512,177833,347.330078
7428,512,162667,317.708984
7429,512,166125,324.462891
7430,512,166291,324.787109
7431,512,166958,326.089844
7432,512,163167,318.685547
7433,512,160625,313.720703
7434,512,166083,324.380859
7435,512,166458,325.113281
7436,512,166625,325.439453
7437,512,157834,308.269531
7438,512,162500,317.382812
7439,512,149209,291.423828
7440,512,148916,290.851562
7441,512,154292,301.351562
7442,512,154875,302.490234
7443,512,164125,320.556641
7444,512,160208,312.906250
7445,512,143042,279.378906
7446,512,159875,312.255859
7447,512,152084,297.039062
7448,512,166125,324.462891
7449,512,164500,321.289062
7450,512,173792,339.437500
7451,512,163916,320.148438
7452,512,162500,317.382812
7453,512,160708,313.882812
7454,512,196958,384.683594
7455,512,157125,306.884766
7456,512,154000,300.781250
7457,512,159917,312.337891
7458,512,148833,290.689453
7459,512,175000,341.796875
7460,512,178333,348.306641
7461,512,185333,361.978516
7462,512,166958,326.089844
7463,512,173667,339.193359
7464,512,134541,262.775391
7465,512,134958,263.589844
7466,512,128750,251.464844
7467,512,125125,244.384766
7468,512,131292,256.429688
7469,512,124291,242.755859
7470,512,135417,264.486328
7471,512,129625,253.173828
7472,512,120000,234.375000
7473,512,123916,242.023438
7474,512,121709,237.712891
7475,512,122584,239.421875
7476,512,120166,234.699219
7477,512,116625,227.783203
7478,512,115417,225.423828
7479,512,118416,231.281250
7480,512,113875,222.412109
7481,512,119583,233.560547
7482,512,116334,227.214844
7483,512,128166,250.324219
7484,512,118750,231.933594
7485,512,121875,238.037109
7486,512,120459,235.271484
7487,512,118291,231.037109
7488,512,112709,220.134766
7489,512,110625,216.064453
7490,512,115167,224.935547
7491,512,113500,221.679688
7492,512,106750,208.496094
7493,512,112291,219.318359
7494,512,111250,217.285156
7495,512,107208,209.390625
7496,512,111042,216.878906
7497,512,109541,213.947266
7498,512,115625,225.830078
7499,512,112958,220.621094
7500,512,106792,208.578125
7501,512,108292,211.507812
7502,512,107333,209.634766
7503,512,113042,220.785156
7504,512,131917,257.650391
7505,512,121333,236.978516
7506,512,109000,212.890625
7507,512,110458,215.738281
7508,512,113084,220.867188
7509,512,109500,213.867188
7510,512,114083,222.818359
7511,512,118375,231.201172
7512,512,126458,246.988281
7513,512,145333,283.853516
7514,512,118250,230.957031
7515,512,133625,260.986328
7516,512,123250,240.722656
7517,512,129583,253.091797
7518,512,126167,246.419922
7519,512,136625,266.845703
7520,512,141334,276.042969
7521,512,167708,327.554688
7522,512,178000,347.656250
7523,512,191458,373.941406
7524,512,185834,362.957031
7525,512,187792,366.781250
7526,512,158417,309.408203
7527,512,138083,269.693359
7528,512,136708,267.007812
7529,512,136542,266.683594
7530,512,137041,267.658203
7531,512,126875,247.802734
7532,512,128084,250.164062
7533,512,135708,265.054688
7534,512,125542,245.199219
7535,512,127000,248.046875
7536,512,128041,250.080078
7537,512,121542,237.386719
7538,512,115958,226.480469
7539,512,122542,239.339844
7540,512,121459,237.224609
7541,512,124375,242.919922
7542,512,124500,243.164062
7543,512,119458,233.316406
7544,512,116792,228.109375
7545,512,125416,244.953125
7546,512,116708,227.945312
7547,512,129125,252.197266
7548,512,123834,241.863281
7549,512,112834,220.378906
7550,512,120083,234.537109
7551,512,116375,227.294922
7552,512,122500,239.257812
7553,512,116500,227.539062
7554,512,120958,236.246094
7555,512,112667,220.052734
7556,512,125417,244.955078
7557,512,124083,242.349609
7558,512,118042,230.550781
7559,512,121166,236.652344
7560,512,117208,228.921875
7561,512,109084,213.054688
7562,512,122291,238.849609
7563,512,112125,218.994141
7564,512,106375,207.763672
7565,512,110875,216.552734
7566,512,113750,222.167969
7567,512,108833,212.564453
7568,512,109084,213.054688
7569,512,112708,220.132812
7570,512,107083,209.146484
7571,512,108959,212.810547
7572,512,116500,227.539062
7573,512,105625,206.298828
7574,512,107416,209.796875
7575,512,116250,227.050781
7576,512,109417,213.705078
7577,512,119833,234.048828
7578,512,164458,321.207031
7579,512,150333,293.619141
7580,512,120000,234.375000
7581,512,122542,239.339844
7582,512,125916,245.929688
7583,512,138208,269.937500
7584,512,135250,264.160156
7585,512,129250,252.441406
7586,512,146167,285.482422
7587,512,125125,244.384766
7588,512,144042,281.332031
7589,512,147333,287.759766
7590,512,154292,301.351562
7591,512,259209,506.267578
7592,512,173291,338.458984
7593,512,144709,282.634766
7594,512,156125,304.931641
7595,512,145084,283.367188
7596,512,161541,315.509766
7597,512,167834,327.800781
7598,512,159458,311.441406
7599,512,134458,262.613281
7600,512,128375,250.732422
7601,512,128917,251.791016
7602,512,125791,245.685547
7603,512,129208,252.359375
7604,512,131083,256.021484
7605,512,138833,271.158203
7606,512,153584,299.968750
7607,512,141583,276.529297
7608,512,162458,317.300781
7609,512,136917,267.416016
7610,512,152667,298.177734
7611,512,121667,237.630859
7612,512,130541,254.962891
7613,512,157584,307.781250
7614,512,146875,286.865234
7615,512,122792,239.828125
7616,512,125625,245.361328
7617,512,126666,247.394531
7618,512,121125,236.572266
7619,512,123083,240.396484
7620,512,126833,247.720703
7621,512,117625,229.736328
7622,512,130666,255.207031
7623,512,122167,238.607422
7624,512,116958,228.433594
7625,512,126500,247.070312
7626,512,121833,237.955078
7627,512,124458,243.082031
7628,512,117958,230.386719
7629,512,118000,230.468750
7630,512,119250,232.910156
7631,512,114250,223.144531
7632,512,117083,228.677734
7633,512,118833,232.095703
7634,512,115291,225.177734
7635,512,117583,229.654297
7636,512,118875,232.177734
7637,512,114042,222.738281
7638,512,121416,237.140625
7639,512,118000,230.468750
7640,512,126292,246.664062
7641,512,128167,250.326172
7642,512,130625,255.126953
7643,512,135542,264.730469
7644,512,137083,267.740234
7645,512,121959,238.201172
7646,512,118583,231.607422
7647,512,123208,240.640625
7648,512,119666,233.722656
7649,512,119750,233.886719
7650,512,122208,238.687500
7651,512,115542,225.667969
7652,512,131541,256.916016
7653,512,120167,234.701172
7654,512,120750,235.839844
7655,512,120666,235.675781
7656,512,123125,240.478516
7657,512,125917,245.931641
7658,512,127959,249.919922
7659,512,120333,235.025391
7660,512,123167,240.560547
7661,512,121583,237.466797
7662,512,127208,248.453125
7663,512,117959,230.388672
7664,512,135375,264.404297
7665,512,121334,236.980469
7666,512,126250,246.582031
7667,512,122125,238.525391
7668,512,272708,532.632812
7669,512,248875,486.083984
7670,512,205916,402.179688
7671,512,222459,434.490234
7672,512,203791,398.029297
7673,512,202417,395.345703
7674,512,205416,401.203125
7675,512,198500,387.695312
7676,512,197375,385.498047
7677,512,182458,356.363281
7678,512,196625,384.033203
7679,512,197375,385.498047
7680,512,171125,334.228516
7681,512,198250,387.207031
7682,512,184333,360.025391
7683,512,209000,408.203125
7684,512,187375,365.966797
7685,512,205709,401.775391
7686,512,195500,381.835938
7687,512,187416,366.046875
7688,512,176333,344.400391
7689,512,175042,341.878906
7690,512,176458,344.644531
7691,512,184208,359.781250
7692,512,196833,384.439453
7693,512,170417,332.845703
7694,512,175708,343.179688
7695,512,174625,341.064453
7696,512,178667,348.958984
7697,512,162625,317.626953
7698,512,171625,335.205078
7699,512,166625,325.439453
7700,512,167375,326.904297
7701,512,168959,329.998047
7702,512,206625,403.564453
7703,512,232750,454.589844
7704,512,222583,434.732422
7705,512,215834,421.550781
7706,512,172916,337.726562
7707,512,202667,395.833984
7708,512,171958,335.855469
7709,512,175125,342.041016
7710,512,195250,381.347656
7711,512,169750,331.542969
7712,512,158583,309.732422
7713,512,168458,329.019531
7714,512,172042,336.019531
7715,512,167750,327.636719
7716,512,157084,306.804688
7717,512,163625,319.580078
7718,512,159084,310.710938
7719,512,158875,310.302734
7720,512,168166,328.449219
7721,512,166375,324.951172
7722,512,151334,295.574219
7723,512,151416,295.734375
7724,512,151209,295.330078
7725,512,146125,285.400391
7726,512,149084,291.179688
7727,512,147458,288.003906
7728,512,156292,305.257812
7729,512,146083,285.318359
7730,512,158000,308.593750
7731,512,151500,295.898438
7732,512,153209,299.236328
7733,512,150250,293.457031
7734,512,152083,297.037109
7735,512,156833,306.314453
7736,512,141542,276.449219
7737,512,150333,293.619141
7738,512,150042,293.050781
7739,512,140708,274.820312
7740,512,148208,289.468750
7741,512,147208,287.515625
7742,512,140375,274.169922
7743,512,140375,274.169922
7744,512,154500,301.757812
7745,512,155500,303.710938
7746,512,151458,295.816406
7747,512,136709,267.009766
7748,512,163666,319.660156
7749,512,140208,273.843750
7750,512,158083,308.755859
7751,512,171875,335.693359
7752,512,185667,362.630859
7753,512,208084,406.414062
7754,512,219208,428.140625
7755,512,209333,408.853516
7756,512,209959,410.076172
7757,512,177833,347.330078
7758,512,169042,330.160156
7759,512,151292,295.492188
7760,512,160083,312.662109
7761,512,149750,292.480469
7762,512,148500,290.039062
7763,512,159625,311.767578
7764,512,172542,336.996094
7765,512,150750,294.433594
7766,512,151292,295.492188
7767,512,153917,300.619141
7768,512,144708,282.632812
7769,512,148834,290.691406
7770,512,138750,270.996094
7771,512,138125,269.775391
7772,512,159709,311.931641
7773,512,144541,282.306641
7774,512,131500,256.835938
7775,512,146000,285.156250
7776,512,139542,272.542969
7777,512,149208,291.421875
7778,512,144625,282.470703
7779,512,149750,292.480469
7780,512,148167,289.388672
7781,512,150666,294.269531
7782,512,168083,328.287109
7783,512,153042,298.910156
7784,512,162041,316.486328
7785,512,161667,315.755859
7786,512,177250,346.191406
7787,512,239333,467.447266
7788,512,166917,326.009766
7789,512,177416,346.515625
7790,512,191917,374.837891
7791,512,195500,381.835938
7792,512,197166,385.089844
7793,512,202584,395.671875
7794,512,177750,347.167969
7795,512,152000,296.875000
7796,512,169375,330.810547
7797,512,161875,316.162109
7798,512,149959,292.888672
7799,512,149583,292.154297
7800,512,142125,277.587891
7801,512,147375,287.841797
7802,512,153791,300.373047
7803,512,187333,365.884766
7804,512,200167,390.951172
7805,512,203000,396.484375
7806,512,203583,397.623047
7807,512,175208,342.203125
7808,512,148084,289.226562
7809,512,169000,330.078125
7810,512,153250,299.316406
7811,512,158125,308.837891
7812,512,143916,281.085938
7813,512,147417,287.923828
7814,512,140458,274.332031
7815,512,142708,278.726562
7816,512,159334,311.199219
7817,512,150541,294.025391
7818,512,140000,273.437500
7819,512,129833,253.580078
7820,512,137709,268.962891
7821,512,147792,288.656250
7822,512,142875,279.052734
7823,512,150250,293.457031
7824,512,157791,308.185547
7825,512,140042,273.519531
7826,512,158875,310.302734
7827,512,152792,298.421875
7828,512,135500,264.648438
7829,512,150875,294.677734
7830,512,147792,288.656250
7831,512,154666,302.082031
7832,512,156042,304.769531
7833,512,141250,275.878906
7834,512,155291,303.302734
7835,512,136250,266.113281
7836,512,137250,268.066406
7837,512,133750,261.230469
7838,512,138083,269.693359
7839,512,124375,242.919922
7840,512,124958,244.058594
7841,512,128958,251.871094
7842,512,133625,260.986328
7843,512,131584,257.000000
7844,512,131541,256.916016
7845,512,122542,239.339844
7846,512,123292,240.804688
7847,512,129583,253.091797
7848,512,130833,255.533203
7849,512,121583,237.466797
7850,512,136750,267.089844
7851,512,154333,301.431641
7852,512,116333,227.212891
7853,512,139584,272.625000
7854,512,147125,287.353516
7855,512,138917,271.322266
7856,512,138959,271.404297
7857,512,137958,269.449219
7858,512,139500,272.460938
7859,512,138458,270.425781
7860,512,162917,318.197266
7861,512,188667,368.490234
7862,512,203291,397.052734
7863,512,194709,380.291016
7864,512,173875,339.599609
7865,512,144834,282.878906
7866,512,150666,294.269531
7867,512,149125,291.259766
7868,512,133125,260.009766
7869,512,139166,271.808594
7870,512,127250,248.535156
7871,512,137250,268.066406
7872,512,133834,261.394531
7873,512,126583,247.232422
7874,512,131375,256.591797
7875,512,122542,239.339844
7876,512,132125,258.056641
7877,512,125500,245.117188
7878,512,131250,256.347656
7879,512,132042,257.894531
7880,512,119250,232.910156
7881,512,134291,262.287109
7882,512,135375,264.404297
7883,512,125250,244.628906
7884,512,129334,252.605469
7885,512,130917,255.697266
7886,512,131250,256.347656
7887,512,128625,251.220703
7888,512,117375,229.248047
7889,512,116000,226.562500
7890,512,130209,254.314453
7891,512,126959,247.966797
7892,512,117125,228.759766
7893,512,123583,241.373047
7894,512,120333,235.025391
7895,512,119208,232.828125
7896,512,121333,236.978516
7897,512,118542,231.527344
7898,512,118166,230.792969
7899,512,118459,231.365234
7900,512,123166,240.558594
7901,512,114875,224.365234
7902,512,124792,243.734375
7903,512,121667,237.630859
7904,512,116250,227.050781
7905,512,113875,222.412109
7906,512,123375,240.966797
7907,512,119500,233.398438
7908,512,126625,247.314453
7909,512,140042,273.519531
7910,512,147208,287.515625
7911,512,139292,272.054688
7912,512,146292,285.726562
7913,512,142375,278.076172
7914,512,152875,298.583984
7915,512,150709,294.353516
7916,512,123084,240.398438
7917,512,132875,259.521484
7918,512,126416,246.906250
7919,512,126625,247.314453
7920,512,122125,238.525391
7921,512,129875,253.662109
7922,512,140083,273.599609
7923,512,156417,305.501953
7924,512,188875,368.896484
7925,512,184125,359.619141
7926,512,191166,373.371094
7927,512,156250,305.175781
7928,512,136167,265.951172
7929,512,125333,244.791016
7930,512,125875,245.849609
7931,512,132250,258.300781
7932,512,131292,256.429688
7933,512,137208,267.984375
7934,512,118209,230.876953
7935,512,131750,257.324219
7936,512,130958,255.777344
7937,512,122625,239.501953
7938,512,119958,234.292969
7939,512,119083,232.583984
7940,512,125292,244.710938
7941,512,131958,257.730469
7942,512,122042,238.363281
7943,512,116958,228.433594
7944,512,120916,236.164062
7945,512,113542,221.761719
7946,512,125458,245.035156
7947,512,117042,228.597656
7948,512,119083,232.583984
7949,512,119500,233.398438
7950,512,121834,237.957031
7951,512,113750,222.167969
7952,512,115916,226.398438
7953,512,116209,226.970703
7954,512,116458,227.457031
7955,512,122000,238.281250
7956,512,116042,226.644531
7957,512,122125,238.525391
7958,512,138375,270.263672
7959,512,115375,225.341797
7960,512,121167,236.654297
7961,512,113667,222.005859
7962,512,123708,241.617188
7963,512,119833,234.048828
7964,512,110708,216.226562
7965,512,114584,223.796875
7966,512,123000,240.234375
7967,512,116000,226.562500
7968,512,120500,235.351562
7969,512,112709,220.134766
7970,512,124958,244.058594
7971,512,114416,223.468750
7972,512,112334,219.402344
7973,512,122125,238.525391
7974,512,135291,264.240234
7975,512,125875,245.849609
7976,512,128500,250.976562
7977,512,124375,242.919922
7978,512,118166,230.792969
7979,512,129917,253.744141
7980,512,143292,279.867188
7981,512,140750,274.902344
7982,512,131959,257.732422
7983,512,127166,248.371094
7984,512,150250,293.457031
7985,512,132167,258.138672
7986,512,123458,241.128906
7987,512,129958,253.824219
7988,512,125625,245.361328
7989,512,127042,248.128906
7990,512,124417,243.001953
7991,512,130084,254.070312
7992,512,120834,236.003906
7993,512,124500,243.164062
7994,512,126000,246.093750
7995,512,121834,237.957031
7996,512,123250,240.722656
7997,512,123416,241.046875
7998,512,133167,260.091797
7999,512,136708,267.007812
8000,512,114916,224.445312
8001,512,117125,228.759766
8002,512,116875,228.271484
8003,512,114833,224.283203
8004,512,115834,226.238281
8005,512,126916,247.882812
8006,512,117500,229.492188
8007,512,118083,230.630859
8008,512,119334,233.074219
8009,512,117375,229.248047
8010,512,115250,225.097656
8011,512,112875,220.458984
8012,512,123500,241.210938
8013,512,116792,228.109375
8014,512,118833,232.095703
8015,512,108833,212.564453
8016,512,111125,217.041016
8017,512,116792,228.109375
8018,512,120208,234.781250
8019,512,115208,225.015625
8020,512,116625,227.783203
8021,512,107792,210.531250
8022,512,115000,224.609375
8023,512,113083,220.865234
8024,512,110209,215.251953
8025,512,110834,216.472656
8026,512,108583,212.076172
8027,512,112958,220.621094
8028,512,118292,231.039062
8029,512,110834,216.472656
8030,512,108166,211.261719
8031,512,111375,217.529297
8032,512,113834,222.332031
8033,512,109250,213.378906
8034,512,109291,213.458984
8035,512,110500,215.820312
8036,512,111583,217.935547
8037,512,110125,215.087891
8038,512,112958,220.621094
8039,512,111625,218.017578
8040,512,109791,214.435547
8041,512,117208,228.921875
8042,512,112375,219.482422
8043,512,114042,222.738281
8044,512,114833,224.283203
8045,512,161208,314.859375
8046,512,160542,313.558594
8047,512,127958,249.917969
8048,512,126708,247.476562
8049,512,133417,260.580078
8050,512,140792,274.984375
8051,512,148875,290.771484
8052,512,123541,241.291016
8053,512,131125,256.103516
8054,512,122708,239.664062
8055,512,135750,265.136719
8056,512,141208,275.796875
8057,512,144375,281.982422
8058,512,127125,248.291016
8059,512,147500,288.085938
8060,512,144167,281.576172
8061,512,133083,259.927734
8062,512,134375,262.451172
8063,512,129916,253.742188
8064,512,122792,239.828125
8065,512,193625,378.173828
8066,512,149584,292.156250
8067,512,129750,253.417969
8068,512,127958,249.917969
8069,512,124791,243.732422
8070,512,124459,243.083984
8071,512,117791,230.060547
8072,512,119084,232.585938
8073,512,114292,223.226562
8074,512,119167,232.748047
8075,512,119541,233.478516
8076,512,113125,220.947266
8077,512,115417,225.423828
8078,512,114958,224.527344
8079,512,119708,233.804688
8080,512,115750,226.074219
8081,512,113500,221.679688
8082,512,115333,225.259766
8083,512,116084,226.726562
8084,512,112958,220.621094
8085,512,113916,222.492188
8086,512,123792,241.781250
8087,512,111667,218.099609
8088,512,111458,217.691406
8089,512,111833,218.423828
8090,512,112750,220.214844
8091,512,117000,228.515625
8092,512,112084,218.914062
8093,512,109000,212.890625
8094,512,118542,231.527344
8095,512,110667,216.146484
8096,512,114125,222.900391
8097,512,114541,223.712891
8098,512,114250,223.144531
8099,512,114541,223.712891
8100,512,110334,215.496094
8101,512,112292,219.320312
8102,512,113000,220.703125
8103,512,118416,231.281250
8104,512,110917,216.634766
8105,512,110416,215.656250
8106,512,115084,224.773438
8107,512,112000,218.750000
8108,512,109167,213.216797
8109,512,113583,221.841797
8110,512,107542,210.042969
8111,512,115625,225.830078
8112,512,110250,215.332031
8113,512,114750,224.121094
8114,512,116166,226.886719
8115,512,112959,220.623047
8116,512,112917,220.541016
8117,512,126208,246.500000
8118,512,129208,252.359375
8119,512,113375,221.435547
8120,512,138833,271.158203
8121,512,129875,253.662109
8122,512,125417,244.955078
8123,512,121125,236.572266
8124,512,127125,248.291016
8125,512,125666,245.441406
8126,512,119917,234.212891
8127,512,118208,230.875000
8128,512,123416,241.046875
8129,512,116917,228.353516
8130,512,117000,228.515625
8131,512,124334,242.839844
8132,512,129958,253.824219
8133,512,144500,282.226562
8134,512,120208,234.781250
8135,512,126250,246.582031
8136,512,117125,228.759766
8137,512,121333,236.978516
8138,512,116041,226.642578
8139,512,115334,225.261719
8140,512,117833,230.142578
8141,512,121083,236.490234
8142,512,113792,222.250000
8143,512,117875,230.224609
8144,512,119375,233.154297
8145,512,114417,223.470703
8146,512,114583,223.794922
8147,512,117000,228.515625
8148,512,114167,222.982422
8149,512,114792,224.203125
8150,512,311958,609.292969
8151,512,255375,498.779297
8152,512,214375,418.701172
8153,512,223708,436.929688
8154,512,200875,392.333984
8155,512,218291,426.349609
8156,512,223250,436.035156
8157,512,192708,376.382812
8158,512,198792,388.265625
8159,512,189792,370.687500
8160,512,204250,398.925781
8161,512,221584,432.781250
8162,512,218041,425.861328
8163,512,210167,410.482422
8164,512,194917,380.697266
8165,512,201041,392.658203
8166,512,201750,394.042969
8167,512,204875,400.146484
8168,512,190667,372.396484
8169,512,194000,378.906250
8170,512,194833,380.533203
8171,512,193250,377.441406
8172,512,184042,359.457031
8173,512,189167,369.466797
8174,512,183875,359.130859
8175,512,188500,368.164062
8176,512,212042,414.144531
8177,512,231250,451.660156
8178,512,123000,240.234375
8179,512,124208,242.593750
8180,512,126500,247.070312
8181,512,121833,237.955078
8182,512,121417,237.142578
8183,512,117500,229.492188
8184,512,122667,239.583984
8185,512,120917,236.166016
8186,512,119541,233.478516
8187,512,118209,230.876953
8188,512,119334,233.074219
8189,512,113709,222.087891
8190,512,115834,226.238281
8191,512,117833,230.142578
8192,512,120875,236.083984
8193,512,113833,222.330078
8194,512,117750,229.980469
8195,512,114125,222.900391
8196,512,119542,233.480469
8197,512,116792,228.109375
8198,512,118625,231.689453
8199,512,116125,226.806641
8200,512,115708,225.992188
8201,512,112667,220.052734
8202,512,114083,222.818359
8203,512,123041,240.314453
8204,512,111959,218.669922
8205,512,124166,242.511719
8206,512,116500,227.539062
8207,512,115334,225.261719
8208,512,111500,217.773438
8209,512,114875,224.365234
8210,512,112459,219.646484
8211,512,112334,219.402344
8212,512,118542,231.527344
8213,512,176667,345.052734
8214,512,255959,499.919922
8215,512,237750,464.355469
8216,512,230708,450.601562
8217,512,241083,470.865234
8218,512,197708,386.148438
8219,512,205208,400.796875
8220,512,192167,375.326172
8221,512,215792,421.468750
8222,512,184958,361.246094
8223,512,193208,377.359375
8224,512,194834,380.535156
8225,512,185625,362.548828
8226,512,197084,384.929688
8227,512,192500,375.976562
8228,512,188625,368.408203
8229,512,222209,434.001953
8230,512,234708,458.414062
8231,512,250583,489.419922
8232,512,204542,399.496094
8233,512,140833,275.064453
8234,512,136167,265.951172
8235,512,129250,252.441406
8236,512,133625,260.986328
8237,512,130542,254.964844
8238,512,117708,229.898438
8239,512,123208,240.640625
8240,512,120417,235.189453
8241,512,127583,249.185547
8242,512,123958,242.105469
8243,512,124000,242.187500
8244,512,115917,226.400391
8245,512,127000,248.046875
8246,512,153084,298.992188
8247,512,148500,290.039062
8248,512,147708,288.492188
8249,512,128167,250.326172
8250,512,149291,291.583984
8251,512,148334,289.714844
8252,512,142375,278.076172
8253,512,151125,295.166016
8254,512,122625,239.501953
8255,512,122958,240.152344
8256,512,134750,263.183594
8257,512,147708,288.492188
8258,512,113625,221.923828
8259,512,117125,228.759766
8260,512,115042,224.691406
8261,512,110792,216.390625
8262,512,117041,228.595703
8263,512,114875,224.365234
8264,512,110167,215.169922
8265,512,114500,223.632812
8266,512,117667,229.818359
8267,512,111792,218.343750
8268,512,110875,216.552734
8269,512,108334,211.589844
8270,512,108041,211.017578
8271,512,109917,214.681641
8272,512,109250,213.378906
8273,512,108125,211.181641
8274,512,112917,220.541016
8275,512,119458,233.316406
8276,512,108458,211.832031
8277,512,110834,216.472656
8278,512,113666,222.003906
8279,512,110084,215.007812
8280,512,164916,322.101562
8281,512,373958,730.386719
8282,512,253834,495.769531
8283,512,228791,446.857422
8284,512,246167,480.794922
8285,512,223875,437.255859
8286,512,223666,436.847656
8287,512,203625,397.705078
8288,512,201333,393.228516
8289,512,263084,513.835938
8290,512,272750,532.714844
8291,512,255917,499.837891
8292,512,227250,443.847656
8293,512,200583,391.763672
8294,512,196208,383.218750
8295,512,172083,336.099609
8296,512,197084,384.929688
8297,512,188708,368.570312
8298,512,186458,364.175781
8299,512,188625,368.408203
8300,512,172000,335.937500
8301,512,186834,364.910156
8302,512,165917,324.056641
8303,512,173208,338.296875
8304,512,180625,352.783203
8305,512,197750,386.230469
8306,512,180458,352.457031
8307,512,172458,336.832031
8308,512,179958,351.480469
8309,512,163500,319.335938
8310,512,168875,329.833984
8311,512,168083,328.287109
8312,512,165917,324.056641
8313,512,176541,344.806641
8314,512,165709,323.650391
8315,512,181333,354.166016
8316,512,176000,343.750000
8317,512,174791,341.388672
8318,512,185959,363.201172
8319,512,163791,319.904297
8320,512,185750,362.792969
8321,512,183334,358.074219
8322,512,181416,354.328125
8323,512,195042,380.941406
8324,512,165916,324.054688
8325,512,163708,319.742188
8326,512,155750,304.199219
8327,512,162875,318.115234
8328,512,166833,325.845703
8329,512,160167,312.826172
8330,512,160583,313.638672
8331,512,156000,304.687500
8332,512,163584,319.500000
8333,512,153667,300.130859
8334,512,174791,341.388672
8335,512,194292,379.476562
8336,512,221375,432.373047
8337,512,203041,396.564453
8338,512,215834,421.550781
8339,512,183875,359.130859
8340,512,183334,358.074219
8341,512,172541,336.994141
8342,512,168709,329.509766
8343,512,160750,313.964844
8344,512,160542,313.558594
8345,512,163042,318.441406
8346,512,155416,303.546875
8347,512,162709,317.791016
8348,512,162458,317.300781
8349,512,144292,281.820312
8350,512,149958,292.886719
8351,512,138875,271.240234
8352,512,155792,304.281250
8353,512,154125,301.025391
8354,512,172292,336.507812
8355,512,145083,283.365234
8356,512,151041,295.001953
8357,512,149375,291.748047
8358,512,148834,290.691406
8359,512,145375,283.935547
8360,512,155833,304.361328
8361,512,164166,320.636719
8362,512,158209,309.001953
8363,512,145584,284.343750
8364,512,151750,296.386719
8365,512,148459,289.958984
8366,512,167500,327.148438
8367,512,167208,326.578125
8368,512,159250,311.035156
8369,512,171833,335.611328
8370,512,156333,305.337891
8371,512,155542,303.792969
8372,512,170500,333.007812
8373,512,149708,292.398438
8374,512,173375,338.623047
8375,512,137833,269.205078
8376,512,151708,296.304688
8377,512,151417,295.736328
8378,512,157333,307.291016
8379,512,172625,337.158203
8380,512,163125,318.603516
8381,512,164792,321.859375
8382,512,169791,331.623047
8383,512,139417,272.298828
8384,512,151083,295.083984
8385,512,147917,288.900391
8386,512,188417,368.001953
8387,512,193375,377.685547
8388,512,216250,422.363281
8389,512,181625,354.736328
8390,512,178000,347.656250
8391,512,165083,322.427734
8392,512,151167,295.248047
8393,512,149250,291.503906
8394,512,142666,278.644531
8395,512,154000,300.781250
8396,512,148084,289.226562
8397,512,155584,303.875000
8398,512,141125,275.634766
8399,512,143208,279.703125
8400,512,137916,269.367188
8401,512,137542,268.636719
8402,512,138958,271.402344
8403,512,136209,266.033203
8404,512,140041,273.517578
8405,512,136792,267.171875
8406,512,145500,284.179688
8407,512,131084,256.023438
8408,512,130917,255.697266
8409,512,139833,273.111328
8410,512,169917,331.869141
8411,512,136458,266.519531
8412,512,128583,251.138672
8413,512,128917,251.791016
8414,512,140292,274.007812
8415,512,145125,283.447266
8416,512,131875,257.568359
8417,512,141084,275.554688
8418,512,143000,279.296875
8419,512,141166,275.714844
8420,512,137834,269.207031
8421,512,134083,261.880859
8422,512,127917,249.837891
8423,512,130875,255.615234
8424,512,129500,252.929688
8425,512,125292,244.710938
8426,512,145000,283.203125
8427,512,136041,265.705078
8428,512,132250,258.300781
8429,512,140542,274.496094
8430,512,138750,270.996094
8431,512,130958,255.777344
8432,512,135417,264.486328
8433,512,126291,246.662109
8434,512,130958,255.777344
8435,512,130834,255.535156
8436,512,144167,281.576172
8437,512,131333,256.509766
8438,512,128208,250.406250
8439,512,132834,259.441406
8440,512,154583,301.919922
8441,512,143792,280.843750
8442,512,147791,288.654297
8443,512,137792,269.125000
8444,512,171000,333.984375
8445,512,175709,343.181641
8446,512,174833,341.470703
8447,512,187750,366.699219
8448,512,177292,346.273438
8449,512,151375,295.654297
8450,512,147167,287.435547
8451,512,151250,295.410156
8452,512,136875,267.333984
8453,512,141708,276.773438
8454,512,139375,272.216797
8455,512,146458,286.050781
8456,512,133875,261.474609
8457,512,135417,264.486328
8458,512,133542,260.824219
8459,512,130541,254.962891
8460,512,136250,266.113281
8461,512,130542,254.964844
8462,512,132583,258.951172
8463,512,138375,270.263672
8464,512,118125,230.712891
8465,512,133916,261.554688
8466,512,119292,232.992188
8467,512,119542,233.480469
8468,512,136875,267.333984
8469,512,141333,276.041016
8470,512,125125,244.384766
8471,512,125083,244.302734
8472,512,130209,254.314453
8473,512,136042,265.707031
8474,512,127583,249.185547
8475,512,122042,238.363281
8476,512,121041,236.408203
8477,512,121542,237.386719
8478,512,112167,219.076172
8479,512,126666,247.394531
8480,512,126208,246.500000
8481,512,113917,222.494141
8482,512,121541,237.384766
8483,512,123667,241.537109
8484,512,117583,229.654297
8485,512,117500,229.492188
8486,512,117416,229.328125
8487,512,117209,228.923828
8488,512,125250,244.628906
8489,512,128250,250.488281
8490,512,128791,251.544922
8491,512,135167,263.998047
8492,512,148291,289.630859
8493,512,179667,350.912109
8494,512,154333,301.431641
8495,512,139292,272.054688
8496,512,134166,262.042969
8497,512,165167,322.591797
8498,512,166458,325.113281
8499,512,158250,309.082031
8500,512,162917,318.197266
8501,512,160042,312.582031
8502,512,147209,287.517578
8503,512,142209,277.751953
8504,512,170333,332.681641
8505,512,179333,350.259766
8506,512,187583,366.373047
8507,512,128625,251.220703
8508,512,133917,261.556641
8509,512,133250,260.253906
8510,512,124666,243.488281
8511,512,125250,244.628906
8512,512,120625,235.595703
8513,512,163500,319.335938
8514,512,150833,294.595703
8515,512,130375,254.638672
8516,512,168459,329.021484
8517,512,159750,312.011719
8518,512,153041,298.908203
8519,512,160125,312.744141
8520,512,139667,272.787109
8521,512,156083,304.849609
8522,512,153667,300.130859
8523,512,145666,284.503906
8524,512,144000,281.250000
8525,512,140417,274.251953
8526,512,116916,228.351562
8527,512,118792,232.015625
8528,512,125041,244.220703
8529,512,150875,294.677734
8530,512,121584,237.468750
8531,512,114625,223.876953
8532,512,118667,231.771484
8533,512,115083,224.771484
8534,512,115667,225.912109
8535,512,111125,217.041016
8536,512,114500,223.632812
8537,512,111958,218.667969
8538,512,112292,219.320312
8539,512,109750,214.355469
8540,512,115541,225.666016
8541,512,116334,227.214844
8542,512,110083,215.005859
8543,512,115625,225.830078
8544,512,114333,223.306641
8545,512,114417,223.470703
8546,512,113667,222.005859
8547,512,114291,223.224609
8548,512,108833,212.564453
8549,512,127042,248.128906
8550,512,111541,217.853516
8551,512,125042,244.222656
8552,512,112375,219.482422
8553,512,118166,230.792969
8554,512,119292,232.992188
8555,512,133000,259.765625
8556,512,134875,263.427734
8557,512,136375,266.357422
8558,512,128250,250.488281
8559,512,125416,244.953125
8560,512,124292,242.757812
8561,512,123291,240.802734
8562,512,132834,259.441406
8563,512,126791,247.638672
8564,512,131875,257.568359
8565,512,122292,238.851562
8566,512,125084,244.304688
8567,512,125166,244.464844
8568,512,112458,219.644531
8569,512,112792,220.296875
8570,512,118667,231.771484
8571,512,112042,218.832031
8572,512,111708,218.179688
8573,512,114750,224.121094
8574,512,106542,208.089844
8575,512,111583,217.935547
8576,512,117500,229.492188
8577,512,129333,252.603516
8578,512,115250,225.097656
8579,512,117917,230.306641
8580,512,113416,221.515625
8581,512,114375,223.388672
8582,512,116334,227.214844
8583,512,111458,217.691406
8584,512,123625,241.455078
8585,512,113458,221.597656
8586,512,254459,496.990234
8587,512,249916,488.117188
8588,512,211750,413.574219
8589,512,197417,385.580078
8590,512,197792,386.312500
8591,512,181583,354.654297
8592,512,185208,361.734375
8593,512,201625,393.798828
8594,512,192709,376.384766
8595,512,176166,344.074219
8596,512,187250,365.722656
8597,512,173542,338.949219
8598,512,185750,362.792969
8599,512,174333,340.494141
8600,512,177291,346.271484
8601,512,182042,355.550781
8602,512,161750,315.917969
8603,512,175625,343.017578
8604,512,185583,362.466797
8605,512,170208,332.437500
8606,512,175709,343.181641
8607,512,163334,319.011719
8608,512,167458,327.066406
8609,512,164875,322.021484
8610,512,173042,337.972656
8611,512,177333,346.353516
8612,512,184416,360.187500
8613,512,193042,377.035156
8614,512,191833,374.673828
8615,512,174083,340.005859
8616,512,193333,377.603516
8617,512,171625,335.205078
8618,512,163167,318.685547
8619,512,163333,319.009766
8620,512,205250,400.878906
8621,512,246583,481.607422
8622,512,227250,443.847656
8623,512,186666,364.582031
8624,512,177667,347.005859
8625,512,173084,338.054688
8626,512,182166,355.792969
8627,512,172334,336.589844
8628,512,162875,318.115234
8629,512,164250,320.800781
8630,512,166416,325.031250
8631,512,168334,328.777344
8632,512,166166,324.542969
8633,512,166125,324.462891
8634,512,156792,306.234375
8635,512,160542,313.558594
8636,512,163375,319.091797
8637,512,158625,309.814453
8638,512,168458,329.019531
8639,512,168875,329.833984
8640,512,148375,289.794922
8641,512,167958,328.042969
8642,512,149708,292.398438
8643,512,147167,287.435547
8644,512,155875,304.443359
8645,512,137166,267.902344
8646,512,145959,285.076172
8647,512,152000,296.875000
8648,512,148875,290.771484
8649,512,165791,323.810547
8650,512,149167,291.341797
8651,512,148167,289.388672
8652,512,151708,296.304688
8653,512,153000,298.828125
8654,512,150625,294.189453
8655,512,145542,284.261719
8656,512,155167,303.060547
8657,512,154000,300.781250
8658,512,157209,307.048828
8659,512,151000,294.921875
8660,512,168083,328.287109
8661,512,168125,328.369141
8662,512,181167,353.841797
8663,512,169708,331.460938
8664,512,165791,323.810547
8665,512,178875,349.365234
8666,512,180042,351.644531
8667,512,206667,403.646484
8668,512,224750,438.964844
8669,512,207333,404.947266
8670,512,222125,433.837891
8671,512,200666,391.925781
8672,512,128000,250.000000
8673,512,145584,284.343750
8674,512,127916,249.835938
8675,512,151625,296.142578
8676,512,163833,319.986328
8677,512,159084,310.710938
8678,512,162166,316.730469
8679,512,154250,301.269531
8680,512,158625,309.814453
8681,512,152500,297.851562
8682,512,127250,248.535156
8683,512,137708,268.960938
8684,512,147959,288.982422
8685,512,161000,314.453125
8686,512,138459,270.427734
8687,512,147000,287.109375
8688,512,135416,264.484375
8689,512,151167,295.248047
8690,512,151417,295.736328
8691,512,131791,257.404297
8692,512,151042,295.003906
8693,512,159125,310.791016
8694,512,135875,265.380859
8695,512,144166,281.574219
8696,512,154959,302.654297
8697,512,134583,262.857422
8698,512,145500,284.179688
8699,512,146667,286.458984
8700,512,142208,277.750000
8701,512,140458,274.332031
8702,512,129833,253.580078
8703,512,132750,259.277344
8704,512,137125,267.822266
8705,512,138458,270.425781
8706,512,130334,254.558594
8707,512,129083,252.115234
8708,512,144417,282.064453
8709,512,136750,267.089844
8710,512,140708,274.820312
8711,512,124542,243.246094
8712,512,111917,218.587891
8713,512,108458,211.832031
8714,512,109875,214.599609
8715,512,110792,216.390625
8716,512,111834,218.425781
8717,512,110792,216.390625
8718,512,136875,267.333984
8719,512,167208,326.578125
8720,512,134083,261.880859
8721,512,118958,232.339844
8722,512,123125,240.478516
8723,512,119166,232.746094
8724,512,141000,275.390625
8725,512,118292,231.039062
8726,512,124250,242.675781
8727,512,116541,227.619141
8728,512,120084,234.539062
8729,512,118666,231.769531
8730,512,113458,221.597656
8731,512,127542,249.105469
8732,512,132541,258.869141
8733,512,138208,269.937500
8734,512,132167,258.138672
8735,512,134417,262.533203
8736,512,135666,264.972656
8737,512,145084,283.367188
8738,512,126708,247.476562
8739,512,126583,247.232422
8740,512,131958,257.730469
8741,512,126209,246.501953
8742,512,135166,263.996094
8743,512,118084,230.632812
8744,512,122375,239.013672
8745,512,122958,240.152344
8746,512,120458,235.269531
8747,512,120959,236.248047
8748,512,127833,249.673828
8749,512,131917,257.650391
8750,512,129166,252.277344
8751,512,125500,245.117188
8752,512,134833,263.345703
8753,512,121500,237.304688
8754,512,123375,240.966797
8755,512,119084,232.585938
8756,512,128833,251.626953
8757,512,120625,235.595703
8758,512,124500,243.164062
8759,512,116916,228.351562
8760,512,123333,240.884766
8761,512,114917,224.447266
8762,512,112208,219.156250
8763,512,112459,219.646484
8764,512,112250,219.238281
8765,512,112959,220.623047
8766,512,112708,220.132812
8767,512,110500,215.820312
8768,512,113208,221.109375
8769,512,108500,211.914062
8770,512,110000,214.843750
8771,512,110583,215.982422
8772,512,108625,212.158203
8773,512,120875,236.083984
8774,512,125209,244.548828
8775,512,106541,208.087891
8776,512,114167,222.982422
8777,512,109833,214.517578
8778,512,125458,245.035156
8779,512,136167,265.951172
8780,512,127250,248.535156
8781,512,144167,281.576172
8782,512,116708,227.945312
8783,512,144333,281.900391
8784,512,126583,247.232422
8785,512,117750,229.980469
8786,512,114667,223.958984
8787,512,115666,225.910156
8788,512,117667,229.818359
8789,512,118583,231.607422
8790,512,110375,215.576172
8791,512,110875,216.552734
8792,512,119708,233.804688
8793,512,117833,230.142578
8794,512,110375,215.576172
8795,512,109292,213.460938
8796,512,108542,211.996094
8797,512,107917,210.775391
8798,512,112500,219.726562
8799,512,117083,228.677734
8800,512,123542,241.292969
8801,512,115750,226.074219
8802,512,114625,223.876953
8803,512,111875,218.505859
8804,512,122125,238.525391
8805,512,112500,219.726562
8806,512,119750,233.886719
8807,512,116166,226.886719
8808,512,115750,226.074219
8809,512,112125,218.994141
8810,512,115958,226.480469
8811,512,112792,220.296875
8812,512,106500,208.007812
8813,512,112250,219.238281
8814,512,198000,386.718750
8815,512,250625,489.501953
8816,512,237167,463.216797
8817,512,214583,419.107422
8818,512,206709,403.728516
8819,512,192333,375.650391
8820,512,177583,346.841797
8821,512,184334,360.027344
8822,512,187917,367.025391
8823,512,181958,355.386719
8824,512,197750,386.230469
8825,512,194709,380.291016
8826,512,192584,376.140625
8827,512,177916,347.492188
8828,512,178708,349.039062
8829,512,189125,369.384766
8830,512,178375,348.388672
8831,512,185667,362.630859
8832,512,188208,367.593750
8833,512,171916,335.773438
8834,512,182875,357.177734
8835,512,202542,395.589844
8836,512,188208,367.593750
8837,512,176458,344.644531
8838,512,179042,349.691406
8839,512,193916,378.742188
8840,512,173708,339.273438
8841,512,170458,332.925781
8842,512,171208,334.390625
8843,512,153875,300.537109
8844,512,158292,309.164062
8845,512,168000,328.125000
8846,512,159583,311.685547
8847,512,168167,328.451172
8848,512,169083,330.240234
8849,512,167791,327.716797
8850,512,170292,332.601562
8851,512,164500,321.289062
8852,512,171625,335.205078
8853,512,164583,321.451172
8854,512,163833,319.986328
8855,512,197666,386.066406
8856,512,212250,414.550781
8857,512,208834,407.878906
8858,512,187208,365.640625
8859,512,164292,320.882812
8860,512,175250,342.285156
8861,512,161375,315.185547
8862,512,170875,333.740234
8863,512,166458,325.113281
8864,512,166667,325.521484
8865,512,172833,337.564453
8866,512,164416,321.125000
8867,512,174000,339.843750
8868,512,157125,306.884766
8869,512,164542,321.371094
8870,512,175875,343.505859
8871,512,161584,315.593750
8872,512,190833,372.720703
8873,512,172875,337.646484
8874,512,167250,326.660156
8875,512,174625,341.064453
8876,512,181584,354.656250
8877,512,169416,330.890625
8878,512,182125,355.712891
8879,512,181292,354.085938
8880,512,171209,334.392578
8881,512,172167,336.263672
8882,512,182667,356.771484
8883,512,165083,322.427734
8884,512,176125,343.994141
8885,512,173834,339.519531
8886,512,167500,327.148438
8887,512,176625,344.970703
8888,512,171292,334.554688
8889,512,163250,318.847656
8890,512,174458,340.738281
8891,512,196083,382.974609
8892,512,219167,428.060547
8893,512,177458,346.597656
8894,512,200334,391.277344
8895,512,185458,362.222656
8896,512,210833,411.783203
8897,512,216458,422.769531
8898,512,128125,250.244141
8899,512,125750,245.605469
8900,512,134250,262.207031
8901,512,130292,254.476562
8902,512,127041,248.126953
8903,512,118875,232.177734
8904,512,122125,238.525391
8905,512,122333,238.931641
8906,512,116375,227.294922
8907,512,119250,232.910156
8908,512,117583,229.654297
8909,512,115584,225.750000
8910,512,124041,242.267578
8911,512,118834,232.097656
8912,512,111000,216.796875
8913,512,121417,237.142578
8914,512,108125,211.181641
8915,512,119917,234.212891
8916,512,120458,235.269531
8917,512,116333,227.212891
8918,512,117000,228.515625
8919,512,112042,218.832031
8920,512,110500,215.820312
8921,512,113042,220.785156
8922,512,120042,234.457031
8923,512,111083,216.958984
8924,512,115666,225.910156
8925,512,126084,246.257812
8926,512,110500,215.820312
8927,512,113917,222.494141
8928,512,111916,218.585938
8929,512,108667,212.240234
8930,512,112083,218.912109
8931,512,112959,220.623047
8932,512,109084,213.054688
8933,512,112875,220.458984
8934,512,110916,216.632812
8935,512,106417,207.845703
8936,512,113458,221.597656
8937,512,112792,220.296875
8938,512,109833,214.517578
8939,512,116000,226.562500
8940,512,112375,219.482422
8941,512,107875,210.693359
8942,512,112250,219.238281
8943,512,111708,218.179688
8944,512,109208,213.296875
8945,512,110500,215.820312
8946,512,110917,216.634766
8947,512,111458,217.691406
8948,512,115083,224.771484
8949,512,109334,213.542969
8950,512,114875,224.365234
8951,512,161709,315.837891
8952,512,155917,304.525391
8953,512,121500,237.304688
8954,512,127250,248.535156
8955,512,118583,231.607422
8956,512,123500,241.210938
8957,512,118417,231.283203
8958,512,132541,258.869141
8959,512,115167,224.935547
8960,512,130250,254.394531
8961,512,116833,228.189453
8962,512,113709,222.087891
8963,512,119917,234.212891
8964,512,137542,268.636719
8965,512,130000,253.906250
8966,512,129959,253.826172
8967,512,137791,269.123047
8968,512,147625,288.330078
8969,512,124625,243.408203
8970,512,122667,239.583984
8971,512,140625,274.658203
8972,512,130625,255.126953
8973,512,123084,240.398438
8974,512,116708,227.945312
8975,512,120041,234.455078
8976,512,117917,230.306641
8977,512,121333,236.978516
8978,512,123875,241.943359
8979,512,121208,236.734375
8980,512,274500,536.132812
8981,512,256333,500.650391
8982,512,205125,400.634766
8983,512,195709,382.244141
8984,512,179834,351.238281
8985,512,206458,403.238281
8986,512,206333,402.994141
8987,512,200750,392.089844
8988,512,183875,359.130859
8989,512,199583,389.810547
8990,512,194833,380.533203
8991,512,180125,351.806641
8992,512,178542,348.714844
8993,512,212792,415.609375
8994,512,201708,393.960938
8995,512,202833,396.158203
8996,512,194167,379.232422
8997,512,192208,375.406250
8998,512,191667,374.349609
8999,512,191500,374.023438
9000,512,209250,408.691406
9001,512,191875,374.755859
9002,512,213625,417.236328
9003,512,210125,410.400391
9004,512,221125,431.884766
9005,512,216167,422.201172
9006,512,209125,408.447266
9007,512,202958,396.402344
9008,512,189083,369.302734
9009,512,178250,348.144531
9010,512,188375,367.919922
9011,512,181916,355.304688
9012,512,212917,415.853516
9013,512,251208,490.640625
9014,512,220166,430.011719
9015,512,214958,419.839844
9016,512,182250,355.957031
9017,512,222125,433.837891
9018,512,189792,370.687500
9019,512,186916,365.070312
9020,512,169083,330.240234
9021,512,174584,340.984375
9022,512,182125,355.712891
9023,512,176167,344.076172
9024,512,180250,352.050781
9025,512,169000,330.078125
9026,512,173875,339.599609
9027,512,168708,329.507812
9028,512,169917,331.869141
9029,512,244708,477.945312
9030,512,201250,393.066406
9031,512,137625,268.798828
9032,512,170916,333.820312
9033,512,142625,278.564453
9034,512,148333,289.712891
9035,512,152250,297.363281
9036,512,150000,292.968750
9037,512,205458,401.285156
9038,512,149875,292.724609
9039,512,143750,280.761719
9040,512,135167,263.998047
9041,512,151625,296.142578
9042,512,151083,295.083984
9043,512,159375,311.279297
9044,512,159208,310.953125
9045,512,209334,408.855469
9046,512,153334,299.480469
9047,512,172791,337.482422
9048,512,174125,340.087891
9049,512,205542,401.449219
9050,512,185541,362.384766
9051,512,166417,325.033203
9052,512,172708,337.320312
9053,512,185959,363.201172
9054,512,178292,348.226562
9055,512,173792,339.437500
9056,512,169458,330.972656
9057,512,155375,303.466797
9058,512,245625,479.736328
9059,512,264792,517.171875
9060,512,313708,612.710938
9061,512,214125,418.212891
9062,512,259125,506.103516
9063,512,262583,512.857422
9064,512,224666,438.800781
9065,512,196709,384.197266
9066,512,185042,361.410156
9067,512,232875,454.833984
9068,512,172417,336.751953
9069,512,171625,335.205078
9070,512,173042,337.972656
9071,512,210375,410.888672
9072,512,171000,333.984375
9073,512,162541,317.462891
9074,512,181875,355.224609
9075,512,153250,299.316406
9076,512,154167,301.107422
9077,512,183291,357.990234
9078,512,175208,342.203125
9079,512,188667,368.490234
9080,512,185708,362.710938
9081,512,248625,485.595703
9082,512,193375,377.685547
9083,512,202083,394.693359
9084,512,171542,335.042969
9085,512,171875,335.693359
9086,512,229625,448.486328
9087,512,171833,335.611328
9088,512,167041,326.251953
9089,512,155792,304.281250
9090,512,151166,295.246094
9091,512,178333,348.306641
9092,512,163583,319.498047
9093,512,148208,289.468750
9094,512,148500,290.039062
9095,512,142125,277.587891
9096,512,147000,287.109375
9097,512,134209,262.126953
9098,512,147875,288.818359
9099,512,146750,286.621094
9100,512,135917,265.462891
9101,512,131500,256.835938
9102,512,124542,243.246094
9103,512,131042,255.941406
9104,512,134791,263.263672
9105,512,155417,303.548828
9106,512,183833,359.048828
9107,512,178584,348.796875
9108,512,166875,325.927734
9109,512,144625,282.470703
9110,512,158209,309.001953
9111,512,146458,286.050781
9112,512,189542,370.199219
9113,512,180833,353.189453
9114,512,160000,312.500000
9115,512,150958,294.839844
9116,512,138542,270.589844
9117,512,138667,270.833984
9118,512,141000,275.390625
9119,512,133792,261.312500
9120,512,134750,263.183594
9121,512,156250,305.175781
9122,512,140250,273.925781
9123,512,142583,278.482422
9124,512,132958,259.683594
9125,512,128125,250.244141
9126,512,135584,264.812500
9127,512,129750,253.417969
9128,512,132000,257.812500
9129,512,143500,280.273438
9130,512,129500,252.929688
9131,512,134250,262.207031
9132,512,133500,260.742188
9133,512,127125,248.291016
9134,512,133708,261.148438
9135,512,137125,267.822266
9136,512,132625,259.033203
9137,512,164458,321.207031
9138,512,845500,1651.367188
9139,512,247333,483.072266
9140,512,294584,575.359375
9141,512,227041,443.439453
9142,512,147708,288.492188
9143,512,134000,261.718750
9144,512,143959,281.169922
9145,512,188833,368.814453
9146,512,232208,453.531250
9147,512,165375,322.998047
9148,512,210167,410.482422
9149,512,235041,459.064453
9150,512,138500,270.507812
9151,512,158459,309.490234
9152,512,154209,301.189453
9153,512,154166,301.105469
9154,512,179458,350.503906
9155,512,198709,388.103516
9156,512,207708,405.679688
9157,512,182083,355.630859
9158,512,194125,379.150391
9159,512,189500,370.117188
9160,512,169000,330.078125
9161,512,157791,308.185547
9162,512,163667,319.662109
9163,512,157250,307.128906
9164,512,149000,291.015625
9165,512,148292,289.632812
9166,512,149083,291.177734
9167,512,134875,263.427734
9168,512,138208,269.937500
9169,512,133959,261.638672
9170,512,131708,257.242188
9171,512,137500,268.554688
9172,512,132333,258.462891
9173,512,135125,263.916016
9174,512,128417,250.814453
9175,512,129750,253.417969
9176,512,133917,261.556641
9177,512,129208,252.359375
9178,512,125042,244.222656
9179,512,129875,253.662109
9180,512,131959,257.732422
9181,512,136333,266.275391
9182,512,140750,274.902344
9183,512,128958,251.871094
9184,512,124417,243.001953
9185,512,124417,243.001953
9186,512,116666,227.863281
9187,512,119917,234.212891
9188,512,119083,232.583984
9189,512,119875,234.130859
9190,512,120792,235.921875
9191,512,120166,234.699219
9192,512,117417,229.330078
9193,512,135458,264.566406
9194,512,134375,262.451172
9195,512,133042,259.847656
9196,512,134541,262.775391
9197,512,119709,233.806641
9198,512,124916,243.976562
9199,512,118417,231.283203
9200,512,122292,238.851562
9201,512,119458,233.316406
9202,512,118042,230.550781
9203,512,120208,234.781250
9204,512,134000,261.718750
9205,512,116375,227.294922
9206,512,118208,230.875000
9207,512,115708,225.992188
9208,512,118541,231.525391
9209,512,125625,245.361328
9210,512,117917,230.306641
9211,512,116375,227.294922
9212,512,121583,237.466797
9213,512,114708,224.039062
9214,512,123583,241.373047
9215,512,118084,230.632812
9216,512,115583,225.748047
9217,512,127208,248.453125
9218,512,136750,267.089844
9219,512,136000,265.625000
9220,512,123167,240.560547
9221,512,425708,831.460938
9222,512,292750,571.777344
9223,512,222625,434.814453
9224,512,170958,333.902344
9225,512,211792,413.656250
9226,512,201208,392.984375
9227,512,194792,380.453125
9228,512,205875,402.099609
9229,512,195458,381.753906
9230,512,183375,358.154297
9231,512,211375,412.841797
9232,512,174625,341.064453
9233,512,192458,375.894531
9234,512,192000,375.000000
9235,512,175875,343.505859
9236,512,176042,343.832031
9237,512,188084,367.351562
9238,512,187667,366.537109
9239,512,181167,353.841797
9240,512,174083,340.005859
9241,512,172375,336.669922
9242,512,176375,344.482422
9243,512,190500,372.070312
9244,512,179792,351.156250
9245,512,194000,378.906250
9246,512,179542,350.667969
9247,512,190250,371.582031
9248,512,180250,352.050781
9249,512,191083,373.208984
9250,512,200417,391.439453
9251,512,182750,356.933594
9252,512,193334,377.605469
9253,512,170500,333.007812
9254,512,171458,334.878906
9255,512,173791,339.435547
9256,512,166834,325.847656
9257,512,162042,316.488281
9258,512,175166,342.121094
9259,512,204709,399.822266
9260,512,129458,252.847656
9261,512,125416,244.953125
9262,512,123500,241.210938
9263,512,125084,244.304688
9264,512,124541,243.244141
9265,512,119292,232.992188
9266,512,117291,229.083984
9267,512,118084,230.632812
9268,512,133584,260.906250
9269,512,182833,357.095703
9270,512,170750,333.496094
9271,512,179042,349.691406
9272,512,159375,311.279297
9273,512,141500,276.367188
9274,512,167375,326.904297
9275,512,151250,295.410156
9276,512,197583,385.904297
9277,512,260167,508.138672
9278,512,220041,429.767578
9279,512,233917,456.869141
9280,512,199833,390.298828
9281,512,220000,429.687500
9282,512,209542,409.261719
9283,512,205125,400.634766
9284,512,209459,409.099609
9285,512,216875,423.583984
9286,512,189167,369.466797
9287,512,204666,399.738281
9288,512,188667,368.490234
9289,512,202250,395.019531
9290,512,192791,376.544922
9291,512,187167,365.560547
9292,512,191000,373.046875
9293,512,214542,419.027344
9294,512,203125,396.728516
9295,512,190875,372.802734
9296,512,192875,376.708984
9297,512,188958,369.058594
9298,512,177834,347.332031
9299,512,167375,326.904297
9300,512,177166,346.027344
9301,512,176042,343.832031
9302,512,183541,358.478516
9303,512,195625,382.080078
9304,512,177458,346.597656
9305,512,216959,423.748047
9306,512,137083,267.740234
9307,512,137542,268.636719
9308,512,130250,254.394531
9309,512,135916,265.460938
9310,512,139292,272.054688
9311,512,136708,267.007812
9312,512,160583,313.638672
9313,512,169417,330.892578
9314,512,160709,313.884766
9315,512,164541,321.369141
9316,512,150625,294.189453
9317,512,149500,291.992188
9318,512,152542,297.933594
9319,512,152041,296.955078
9320,512,149625,292.236328
9321,512,156750,306.152344
9322,512,151667,296.224609
9323,512,138084,269.695312
9324,512,155333,303.384766
9325,512,150250,293.457031
9326,512,133208,260.171875
9327,512,146083,285.318359
9328,512,144500,282.226562
9329,512,158292,309.164062
9330,512,138125,269.775391
9331,512,141875,277.099609
9332,512,143458,280.191406
9333,512,146000,285.156250
9334,512,288958,564.371094
9335,512,245459,479.412109
9336,512,212541,415.119141
9337,512,218167,426.107422
9338,512,210375,410.888672
9339,512,191500,374.023438
9340,512,189875,370.849609
9341,512,201459,393.474609
9342,512,187875,366.943359
9343,512,192291,375.568359
9344,512,187584,366.375000
9345,512,213042,416.097656
9346,512,270250,527.832031
9347,512,233083,455.240234
9348,512,226375,442.138672
9349,512,203459,397.380859
9350,512,204666,399.738281
9351,512,225167,439.779297
9352,512,250833,489.908203
9353,512,291917,570.150391
9354,512,292417,571.126953
9355,512,253083,494.302734
9356,512,221167,431.966797
9357,512,195958,382.730469
9358,512,193833,378.580078
9359,512,186709,364.666016
9360,512,182916,357.257812
9361,512,187000,365.234375
9362,512,185542,362.386719
9363,512,152333,297.525391
9364,512,170459,332.927734
9365,512,166209,324.626953
9366,512,173000,337.890625
9367,512,168750,329.589844
9368,512,165625,323.486328
9369,512,175500,342.773438
9370,512,160625,313.720703
9371,512,176875,345.458984
9372,512,175417,342.611328
9373,512,169708,331.460938
9374,512,157167,306.966797
9375,512,166958,326.089844
9376,512,174750,341.308594
9377,512,159500,311.523438
9378,512,164458,321.207031
9379,512,164167,320.638672
9380,512,155834,304.363281
9381,512,173000,337.890625
9382,512,183625,358.642578
9383,512,179459,350.505859
9384,512,173291,338.458984
9385,512,180792,353.109375
9386,512,173917,339.681641
9387,512,184500,360.351562
9388,512,170250,332.519531
9389,512,167959,328.044922
9390,512,165166,322.589844
9391,512,156875,306.396484
9392,512,163917,320.150391
9393,512,163625,319.580078
9394,512,154583,301.919922
9395,512,155208,303.140625
9396,512,167917,327.962891
9397,512,189833,370.767578
9398,512,235917,460.775391
9399,512,226750,442.871094
9400,512,201375,393.310547
9401,512,189958,371.011719
9402,512,177959,347.576172
9403,512,166333,324.869141
9404,512,148417,289.876953
9405,512,162041,316.486328
9406,512,157167,306.966797
9407,512,163833,319.986328
9408,512,156333,305.337891
9409,512,161375,315.185547
9410,512,152625,298.095703
9411,512,146042,285.238281
9412,512,150208,293.375000
9413,512,158625,309.814453
9414,512,141333,276.041016
9415,512,148542,290.121094
9416,512,142000,277.343750
9417,512,154083,300.943359
9418,512,147458,288.003906
9419,512,147292,287.679688
9420,512,138125,269.775391
9421,512,150625,294.189453
9422,512,135042,263.753906
9423,512,144625,282.470703
9424,512,134583,262.857422
9425,512,138500,270.507812
9426,512,133583,260.904297
9427,512,132208,258.218750
9428,512,132584,258.953125
9429,512,133583,260.904297
9430,512,145333,283.853516
9431,512,138083,269.693359
9432,512,133292,260.335938
9433,512,142875,279.052734
9434,512,142458,278.238281
9435,512,142791,278.888672
9436,512,139333,272.134766
9437,512,138542,270.589844
9438,512,136833,267.251953
9439,512,136125,265.869141
9440,512,136625,266.845703
9441,512,138250,270.019531
9442,512,146000,285.156250
9443,512,132500,258.789062
9444,512,145125,283.447266
9445,512,135500,264.648438
9446,512,132792,259.359375
9447,512,141333,276.041016
9448,512,134375,262.451172
9449,512,160000,312.500000
9450,512,179167,349.935547
9451,512,177792,347.250000
9452,512,146459,286.052734
9453,512,170625,333.251953
9454,512,192916,376.789062
9455,512,211542,413.167969
9456,512,138958,271.402344
9457,512,139166,271.808594
9458,512,134708,263.101562
9459,512,139042,271.566406
9460,512,180667,352.865234
9461,512,183292,357.992188
9462,512,159250,311.035156
9463,512,164083,320.474609
9464,512,272209,531.658203
9465,512,215541,420.978516
9466,512,193584,378.093750
9467,512,188750,368.652344
9468,512,184875,361.083984
9469,512,179750,351.074219
9470,512,180291,352.130859
9471,512,183917,359.212891
9472,512,195292,381.429688
9473,512,168750,329.589844
9474,512,188791,368.732422
9475,512,168334,328.777344
9476,512,175333,342.447266
9477,512,169000,330.078125
9478,512,179708,350.992188
9479,512,178875,349.365234
9480,512,173917,339.681641
9481,512,177666,347.003906
9482,512,169250,330.566406
9483,512,183625,358.642578
9484,512,168208,328.531250
9485,512,184458,360.269531
9486,512,188667,368.490234
9487,512,183750,358.886719
9488,512,183416,358.234375
9489,512,185625,362.548828
9490,512,182667,356.771484
9491,512,178917,349.447266
9492,512,192416,375.812500
9493,512,157084,306.804688
9494,512,175584,342.937500
9495,512,186709,364.666016
9496,512,158625,309.814453
9497,512,159666,311.847656
9498,512,160042,312.582031
9499,512,189583,370.279297
9500,512,199584,389.812500
9501,512,159708,311.929688
9502,512,129792,253.500000
9503,512,124125,242.431641
9504,512,120125,234.619141
9505,512,124916,243.976562
9506,512,169667,331.380859
9507,512,162708,317.789062
9508,512,169667,331.380859
9509,512,138375,270.263672
9510,512,152375,297.607422
9511,512,157291,307.208984
9512,512,154584,301.921875
9513,512,161084,314.617188
9514,512,151375,295.654297
9515,512,159959,312.419922
9516,512,134083,261.880859
9517,512,146833,286.783203
9518,512,163750,319.824219
9519,512,156750,306.152344
9520,512,147084,287.273438
9521,512,139250,271.972656
9522,512,124875,243.896484
9523,512,251708,491.617188
9524,512,248792,485.921875
9525,512,207208,404.703125
9526,512,181666,354.816406
9527,512,185625,362.548828
9528,512,179959,351.482422
9529,512,174250,340.332031
9530,512,179625,350.830078
9531,512,176625,344.970703
9532,512,185375,362.060547
9533,512,170166,332.355469
9534,512,171750,335.449219
9535,512,176167,344.076172
9536,512,170208,332.437500
9537,512,162750,317.871094
9538,512,171000,333.984375
9539,512,170208,332.437500
9540,512,205250,400.878906
9541,512,207084,404.460938
9542,512,174000,339.843750
9543,512,184417,360.189453
9544,512,184625,360.595703
9545,512,183125,357.666016
9546,512,171042,334.066406
9547,512,179459,350.505859
9548,512,168709,329.509766
9549,512,171417,334.798828
9550,512,229333,447.916016
9551,512,258834,505.535156
9552,512,247791,483.966797
9553,512,246333,481.119141
9554,512,211292,412.679688
9555,512,181875,355.224609
9556,512,176167,344.076172
9557,512,175916,343.585938
9558,512,178000,347.656250
9559,512,178834,349.285156
9560,512,185584,362.468750
9561,512,167666,327.472656
9562,512,167958,328.042969
9563,512,174375,340.576172
9564,512,162917,318.197266
9565,512,160333,313.150391
9566,512,176208,344.156250
9567,512,175375,342.529297
9568,512,162833,318.033203
9569,512,151459,295.818359
9570,512,153959,300.701172
9571,512,165791,323.810547
9572,512,165542,323.324219
9573,512,158041,308.673828
9574,512,155459,303.630859
9575,512,145875,284.912109
9576,512,167583,327.310547
9577,512,167625,327.392578
9578,512,162708,317.789062
9579,512,149334,291.667969
9580,512,152208,297.281250
9581,512,166208,324.625000
9582,512,166584,325.359375
9583,512,170291,332.599609
9584,512,163167,318.685547
9585,512,165667,323.568359
9586,512,184042,359.457031
9587,512,175834,343.425781
9588,512,166583,325.357422
9589,512,168458,329.019531
9590,512,154959,302.654297
9591,512,158875,310.302734
9592,512,165042,322.347656
9593,512,159333,311.197266
9594,512,162875,318.115234
9595,512,154541,301.837891
9596,512,147792,288.656250
9597,512,158542,309.652344
9598,512,188917,368.978516
9599,512,204917,400.228516
9600,512,212791,415.607422
9601,512,180167,351.888672
9602,512,196000,382.812500
9603,512,189000,369.140625
9604,512,168750,329.589844
9605,512,162125,316.650391
9606,512,152791,298.419922
9607,512,140750,274.902344
9608,512,152208,297.281250
9609,512,150708,294.351562
9610,512,164375,321.044922
9611,512,138042,269.613281
9612,512,145791,284.748047
9613,512,148500,290.039062
9614,512,149792,292.562500
9615,512,146167,285.482422
9616,512,141708,276.773438
9617,512,155500,303.710938
9618,512,146667,286.458984
9619,512,145333,283.853516
9620,512,137709,268.962891
9621,512,150125,293.212891
9622,512,136542,266.683594
9623,512,136125,265.869141
9624,512,142083,277.505859
9625,512,137000,267.578125
9626,512,131583,256.998047
9627,512,128708,251.382812
9628,512,134042,261.800781
9629,512,135583,264.810547
9630,512,138458,270.425781
9631,512,132417,258.626953
9632,512,130000,253.906250
9633,512,129791,253.498047
9634,512,141834,277.019531
9635,512,127500,249.023438
9636,512,132750,259.277344
9637,512,144500,282.226562
9638,512,125792,245.687500
9639,512,128167,250.326172
9640,512,121291,236.896484
9641,512,129958,253.824219
9642,512,139292,272.054688
9643,512,155292,303.304688
9644,512,144917,283.041016
9645,512,130250,254.394531
9646,512,151708,296.304688
9647,512,153625,300.048828
9648,512,154166,301.105469
9649,512,157334,307.292969
9650,512,152917,298.666016
9651,512,160375,313.232422
9652,512,135875,265.380859
9653,512,142250,277.832031
9654,512,166000,324.218750
9655,512,180166,351.886719
9656,512,208334,406.902344
9657,512,204500,399.414062
9658,512,195333,381.509766
9659,512,163834,319.988281
9660,512,160000,312.500000
9661,512,145000,283.203125
9662,512,161041,314.533203
9663,512,131834,257.488281
9664,512,140792,274.984375
9665,512,141875,277.099609
9666,512,128333,250.650391
9667,512,147458,288.003906
9668,512,134292,262.289062
9669,512,143208,279.703125
9670,512,128000,250.000000
9671,512,126958,247.964844
9672,512,133208,260.171875
9673,512,142584,278.484375
9674,512,144666,282.550781
9675,512,133209,260.173828
9676,512,130041,253.986328
9677,512,131542,256.917969
9678,512,148292,289.632812
9679,512,155875,304.443359
9680,512,129000,251.953125
9681,512,131459,256.755859
9682,512,119500,233.398438
9683,512,123542,241.292969
9684,512,136250,266.113281
9685,512,120542,235.433594
9686,512,132375,258.544922
9687,512,122625,239.501953
9688,512,124583,243.326172
9689,512,121250,236.816406
9690,512,118000,230.468750
9691,512,120958,236.246094
9692,512,124833,243.814453
9693,512,138291,270.099609
9694,512,152417,297.689453
9695,512,129291,252.521484
9696,512,150792,294.515625
9697,512,129875,253.662109
9698,512,130791,255.451172
9699,512,119334,233.074219
9700,512,131041,255.939453
9701,512,135000,263.671875
9702,512,153459,299.724609
9703,512,124291,242.755859
9704,512,126500,247.070312
9705,512,140375,274.169922
9706,512,143834,280.925781
9707,512,153792,300.375000
9708,512,149583,292.154297
9709,512,135958,265.542969
9710,512,143167,279.623047
9711,512,134750,263.183594
9712,512,142000,277.343750
9713,512,157834,308.269531
9714,512,185041,361.408203
9715,512,194000,378.906250
9716,512,193833,378.580078
9717,512,184750,360.839844
9718,512,149000,291.015625
9719,512,145292,283.773438
9720,512,158125,308.837891
9721,512,144209,281.658203
9722,512,134166,262.042969
9723,512,136875,267.333984
9724,512,143833,280.923828
9725,512,125875,245.849609
9726,512,131125,256.103516
9727,512,128875,251.708984
9728,512,121917,238.119141
9729,512,131041,255.939453
9730,512,126417,246.908203
9731,512,121166,236.652344
9732,512,134209,262.126953
9733,512,144792,282.796875
9734,512,152750,298.339844
9735,512,140541,274.494141
9736,512,135667,264.974609
9737,512,125333,244.791016
9738,512,119417,233.236328
9739,512,139917,273.275391
9740,512,130833,255.533203
9741,512,128208,250.406250
9742,512,132083,257.974609
9743,512,120125,234.619141
9744,512,157208,307.046875
9745,512,127250,248.535156
9746,512,123042,240.316406
9747,512,128625,251.220703
9748,512,139792,273.031250
9749,512,122458,239.175781
9750,512,132500,258.789062
9751,512,119208,232.828125
9752,512,127667,249.349609
9753,512,131666,257.160156
9754,512,126459,246.990234
9755,512,135792,265.218750
9756,512,120833,236.001953
9757,512,123250,240.722656
9758,512,124833,243.814453
9759,512,130375,254.638672
9760,512,141167,275.716797
9761,512,186375,364.013672
9762,512,174375,340.576172
9763,512,150083,293.130859
9764,512,147750,288.574219
9765,512,173292,338.460938
9766,512,193667,378.255859
9767,512,156959,306.560547
9768,512,178167,347.982422
9769,512,174833,341.470703
9770,512,185750,362.792969
9771,512,184250,359.863281
9772,512,243416,475.421875
9773,512,196834,384.441406
9774,512,203083,396.646484
9775,512,185750,362.792969
9776,512,159584,311.687500
9777,512,153083,298.990234
9778,512,163167,318.685547
9779,512,146500,286.132812
9780,512,145959,285.076172
9781,512,144792,282.796875
9782,512,141750,276.855469
9783,512,137708,268.960938
9784,512,130542,254.964844
9785,512,218583,426.919922
9786,512,268958,525.308594
9787,512,229792,448.812500
9788,512,228542,446.371094
9789,512,238291,465.412109
9790,512,215000,419.921875
9791,512,227875,445.068359
9792,512,204750,399.902344
9793,512,203375,397.216797
9794,512,199459,389.568359
9795,512,208375,406.982422
9796,512,210458,411.050781
9797,512,202542,395.589844
9798,512,199167,388.998047
9799,512,203041,396.564453
9800,512,194250,379.394531
9801,512,211041,412.189453
9802,512,213417,416.830078
9803,512,195250,381.347656
9804,512,219792,429.281250
9805,512,197833,386.392578
9806,512,206208,402.750000
9807,512,189250,369.628906
9808,512,183250,357.910156
9809,512,184916,361.164062
9810,512,179167,349.935547
9811,512,175792,343.343750
9812,512,179167,349.935547
9813,512,165500,323.242188
9814,512,187875,366.943359
9815,512,214625,419.189453
9816,512,225708,440.835938
9817,512,218750,427.246094
9818,512,195291,381.427734
9819,512,203167,396.810547
9820,512,204584,399.578125
9821,512,196625,384.033203
9822,512,168542,329.183594
9823,512,166458,325.113281
9824,512,180000,351.562500
9825,512,181333,354.166016
9826,512,163333,319.009766
9827,512,164584,321.453125
9828,512,168500,329.101562
9829,512,146583,286.294922
9830,512,162208,316.812500
9831,512,153000,298.828125
9832,512,161625,315.673828
9833,512,150875,294.677734
9834,512,156167,305.013672
9835,512,160792,314.046875
9836,512,172458,336.832031
9837,512,160791,314.044922
9838,512,188583,368.326172
9839,512,173750,339.355469
9840,512,176959,345.623047
9841,512,172750,337.402344
9842,512,165958,324.136719
9843,512,165917,324.056641
9844,512,145917,284.994141
9845,512,158375,309.326172
9846,512,161333,315.103516
9847,512,154292,301.351562
9848,512,164333,320.962891
9849,512,152459,297.771484
9850,512,169875,331.787109
9851,512,150209,293.376953
9852,512,162708,317.789062
9853,512,174708,341.226562
9854,512,168083,328.287109
9855,512,216292,422.445312
9856,512,192292,375.570312
9857,512,188208,367.593750
9858,512,172958,337.808594
9859,512,193584,378.093750
9860,512,162791,317.951172
9861,512,163375,319.091797
9862,512,181083,353.677734
9863,512,219167,428.060547
9864,512,231417,451.986328
9865,512,211666,413.410156
9866,512,183334,358.074219
9867,512,169666,331.378906
9868,512,158959,310.466797
9869,512,139584,272.625000
9870,512,138959,271.404297
9871,512,138833,271.158203
9872,512,148250,289.550781
9873,512,134000,261.718750
9874,512,136375,266.357422
9875,512,137292,268.148438
9876,512,127375,248.779297
9877,512,136125,265.869141
9878,512,139750,272.949219
9879,512,148584,290.203125
9880,512,144083,281.412109
9881,512,129208,252.359375
9882,512,131584,257.000000
9883,512,135750,265.136719
9884,512,143209,279.705078
9885,512,134416,262.531250
9886,512,132292,258.382812
9887,512,144250,281.738281
9888,512,135542,264.730469
9889,512,135458,264.566406
9890,512,124458,243.082031
9891,512,122625,239.501953
9892,512,133458,260.660156
9893,512,136375,266.357422
9894,512,131625,257.080078
9895,512,139250,271.972656
9896,512,135042,263.753906
9897,512,127208,248.453125
9898,512,126667,247.396484
9899,512,131459,256.755859
9900,512,131958,257.730469
9901,512,135250,264.160156
9902,512,124500,243.164062
9903,512,130666,255.207031
9904,512,147917,288.900391
9905,512,137333,268.228516
9906,512,167125,326.416016
9907,512,139875,273.193359
9908,512,148375,289.794922
9909,512,152875,298.583984
9910,512,161500,315.429688
9911,512,138625,270.751953
9912,512,140708,274.820312
9913,512,144083,281.412109
9914,512,139792,273.031250
9915,512,133333,260.416016
9916,512,128750,251.464844
9917,512,133000,259.765625
9918,512,124125,242.431641
9919,512,134958,263.589844
9920,512,155292,303.304688
9921,512,164708,321.695312
9922,512,209167,408.529297
9923,512,194542,379.964844
9924,512,162250,316.894531
9925,512,164125,320.556641
9926,512,143458,280.191406
9927,512,172625,337.158203
9928,512,155250,303.222656
9929,512,136875,267.333984
9930,512,141750,276.855469
9931,512,123625,241.455078
9932,512,134666,263.019531
9933,512,135375,264.404297
9934,512,130833,255.533203
9935,512,130292,254.476562
9936,512,123250,240.722656
9937,512,124917,243.978516
9938,512,122042,238.363281
9939,512,128458,250.894531
9940,512,120125,234.619141
9941,512,116000,226.562500
9942,512,124792,243.734375
9943,512,121958,238.199219
9944,512,125083,244.302734
9945,512,116542,227.621094
9946,512,113417,221.517578
9947,512,113333,221.353516
9948,512,115458,225.503906
9949,512,112792,220.296875
9950,512,117625,229.736328
9951,512,114417,223.470703
9952,512,110250,215.332031
9953,512,111791,218.341797
9954,512,119167,232.748047
9955,512,109500,213.867188
9956,512,111750,218.261719
9957,512,111250,217.285156
9958,512,111500,217.773438
9959,512,109042,212.972656
9960,512,115125,224.853516
9961,512,109209,213.298828
9962,512,116583,227.701172
9963,512,111375,217.529297
9964,512,109208,213.296875
9965,512,106958,208.902344
9966,512,110542,215.902344
9967,512,110500,215.820312
9968,512,110375,215.576172
9969,512,107583,210.123047
9970,512,111709,218.181641
9971,512,108958,212.808594
9972,512,110916,216.632812
9973,512,130792,255.453125
9974,512,163625,319.580078
9975,512,128583,251.138672
9976,512,124417,243.001953
9977,512,120708,235.757812
9978,512,145083,283.365234
9979,512,127500,249.023438
9980,512,136458,266.519531
9981,512,115500,225.585938
9982,512,130875,255.615234
9983,512,121458,237.222656
9984,512,121667,237.630859
9985,512,127875,249.755859
9986,512,164750,321.777344
9987,512,232917,454.916016
9988,512,162166,316.730469
9989,512,157917,308.431641
9990,512,154250,301.269531
9991,512,145875,284.912109
9992,512,164417,321.126953
9993,512,185292,361.898438
9994,512,166667,325.521484
9995,512,178375,348.388672
9996,512,168959,329.998047
9997,512,171583,335.123047
9998,512,257167,502.279297
9999,512,208042,406.332031
10000,512,214167,418.294922
10001,512,188416,368.000000
10002,512,194834,380.535156
10003,512,202458,395.425781
10004,512,207167,404.623047
10005,512,197791,386.310547
10006,512,175875,343.505859
10007,512,185583,362.466797
10008,512,185542,362.386719
10009,512,186375,364.013672
10010,512,180958,353.433594
10011,512,177833,347.330078
10012,512,191417,373.861328
10013,512,181750,354.980469
10014,512,175291,342.365234
10015,512,169958,331.949219
10016,512,192167,375.326172
10017,512,196833,384.439453
10018,512,201417,393.392578
10019,512,191791,374.591797
10020,512,188375,367.919922
10021,512,186292,363.851562
10022,512,181083,353.677734
10023,512,189542,370.199219
10024,512,177250,346.191406
10025,512,167583,327.310547
10026,512,173666,339.191406
10027,512,170125,332.275391
10028,512,163708,319.742188
10029,512,165542,323.324219
10030,512,164833,321.939453
10031,512,179917,351.400391
10032,512,219042,427.816406
10033,512,266708,520.914062
10034,512,214916,419.757812
10035,512,204500,399.414062
10036,512,199334,389.324219
10037,512,188209,367.595703
10038,512,177791,347.248047
10039,512,177584,346.843750
10040,512,156083,304.849609
10041,512,163167,318.685547
10042,512,158041,308.673828
10043,512,150292,293.539062
10044,512,156959,306.560547
10045,512,148291,289.630859
10046,512,156208,305.093750
10047,512,166084,324.382812
10048,512,152125,297.119141
10049,512,164000,320.312500
10050,512,175916,343.585938
10051,512,136084,265.789062
10052,512,143334,279.949219
10053,512,150000,292.968750
10054,512,133334,260.417969
10055,512,134625,262.939453
10056,512,207000,404.296875
10057,512,128709,251.384766
10058,512,132791,259.357422
10059,512,132458,258.707031
10060,512,119000,232.421875
10061,512,121292,236.898438
10062,512,173208,338.296875
10063,512,148083,289.224609
10064,512,141792,276.937500
10065,512,142709,278.728516
10066,512,147083,287.271484
10067,512,138000,269.531250
10068,512,148750,290.527344
10069,512,150541,294.025391
10070,512,143959,281.169922
10071,512,150000,292.968750
10072,512,153292,299.398438
10073,512,129792,253.500000
10074,512,138167,269.857422
10075,512,139042,271.566406
10076,512,129875,253.662109
10077,512,126583,247.232422
10078,512,127583,249.185547
10079,512,124125,242.431641
10080,512,120208,234.781250
10081,512,124917,243.978516
10082,512,116500,227.539062
10083,512,121166,236.652344
10084,512,124708,243.570312
10085,512,120417,235.189453
10086,512,119167,232.748047
10087,512,127875,249.755859
10088,512,121208,236.734375
10089,512,120459,235.271484
10090,512,132416,258.625000
10091,512,121417,237.142578
10092,512,126750,247.558594
10093,512,122458,239.175781
10094,512,119917,234.212891
10095,512,130333,254.556641
10096,512,124042,242.269531
10097,512,115125,224.853516
10098,512,117625,229.736328
10099,512,119917,234.212891
10100,512,121250,236.816406
10101,512,116125,226.806641
10102,512,121125,236.572266
10103,512,117208,228.921875
10104,512,118917,232.259766
10105,512,118833,232.095703
10106,512,113125,220.947266
10107,512,116667,227.865234
10108,512,118250,230.957031
10109,512,114375,223.388672
10110,512,112958,220.621094
10111,512,112750,220.214844
10112,512,115042,224.691406
10113,512,109625,214.111328
10114,512,111916,218.585938
10115,512,112459,219.646484
10116,512,111125,217.041016
10117,512,129167,252.279297
10118,512,111583,217.935547
10119,512,112250,219.238281
10120,512,112791,220.294922
10121,512,112667,220.052734
10122,512,114375,223.388672
10123,512,113833,222.330078
10124,512,115292,225.179688
10125,512,113833,222.330078
10126,512,115750,226.074219
10127,512,112542,219.808594
10128,512,114125,222.900391
10129,512,118083,230.630859
10130,512,119667,233.724609
10131,512,117083,228.677734
10132,512,122000,238.281250
10133,512,111917,218.587891
10134,512,121292,236.898438
10135,512,114791,224.201172
10136,512,118833,232.095703
10137,512,329625,643.798828
10138,512,263333,514.322266
10139,512,233917,456.869141
10140,512,256041,500.080078
10141,512,220917,431.478516
10142,512,256125,500.244141
10143,512,229916,449.054688
10144,512,204625,399.658203
10145,512,235875,460.693359
10146,512,193291,377.521484
10147,512,125542,245.199219
10148,512,131125,256.103516
10149,512,145791,284.748047
10150,512,136375,266.357422
10151,512,123791,241.779297
10152,512,114709,224.041016
10153,512,125125,244.384766
10154,512,125584,245.281250
10155,512,118209,230.876953
10156,512,120541,235.431641
10157,512,120500,235.351562
10158,512,120292,234.945312
10159,512,120750,235.839844
10160,512,115250,225.097656
10161,512,116958,228.433594
10162,512,117125,228.759766
10163,512,112292,219.320312
10164,512,113875,222.412109
10165,512,117083,228.677734
10166,512,113417,221.517578
10167,512,119417,233.236328
10168,512,112375,219.482422
10169,512,113292,221.273438
10170,512,116458,227.457031
10171,512,115541,225.666016
10172,512,110917,216.634766
10173,512,112417,219.564453
10174,512,116084,226.726562
10175,512,112875,220.458984
10176,512,115083,224.771484
10177,512,113083,220.865234
10178,512,110459,215.740234
10179,512,113709,222.087891
10180,512,112750,220.214844
10181,512,110333,215.494141
10182,512,116542,227.621094
10183,512,114833,224.283203
10184,512,113417,221.517578
10185,512,110250,215.332031
10186,512,111916,218.585938
10187,512,112042,218.832031
10188,512,110291,215.412109
10189,512,113917,222.494141
10190,512,111458,217.691406
10191,512,109667,214.193359
10192,512,107667,210.287109
10193,512,109792,214.437500
10194,512,111458,217.691406
10195,512,114875,224.365234
10196,512,112750,220.214844
10197,512,113416,221.515625
10198,512,112500,219.726562
10199,512,105792,206.625000
10200,512,107541,210.041016
10201,512,111709,218.181641
10202,512,130375,254.638672
10203,512,121917,238.119141
10204,512,127875,249.755859
10205,512,177625,346.923828
10206,512,157167,306.966797
10207,512,132000,257.812500
10208,512,137750,269.042969
10209,512,137208,267.984375
10210,512,146542,286.214844
10211,512,408375,797.607422
10212,512,315917,617.025391
10213,512,262208,512.125000
10214,512,155292,303.304688
10215,512,156875,306.396484
10216,512,151375,295.654297
10217,512,143125,279.541016
10218,512,142292,277.914062
10219,512,158375,309.326172
10220,512,149625,292.236328
10221,512,148166,289.386719
10222,512,130542,254.964844
10223,512,148416,289.875000
10224,512,146750,286.621094
10225,512,154167,301.107422
10226,512,125208,244.546875
10227,512,155875,304.443359
10228,512,142667,278.646484
10229,512,153000,298.828125
10230,512,151708,296.304688
10231,512,140667,274.740234
10232,512,136625,266.845703
10233,512,136625,266.845703
10234,512,123167,240.560547
10235,512,126125,246.337891
10236,512,121417,237.142578
10237,512,118791,232.013672
10238,512,117917,230.306641
10239,512,113417,221.517578
10240,512,115833,226.236328
10241,512,115167,224.935547
10242,512,115291,225.177734
10243,512,116959,228.435547
10244,512,119541,233.478516
10245,512,117334,229.167969
10246,512,119250,232.910156
10247,512,120959,236.248047
10248,512,117750,229.980469
10249,512,112833,220.376953
10250,512,114583,223.794922
10251,512,110042,214.925781
10252,512,113959,222.576172
10253,512,116834,228.191406
10254,512,113625,221.923828
10255,512,112500,219.726562
10256,512,113667,222.005859
10257,512,115500,225.585938
10258,512,117166,228.839844
10259,512,114834,224.285156
10260,512,123542,241.292969
10261,512,126167,246.419922
10262,512,130875,255.615234
10263,512,133375,260.498047
10264,512,127334,248.699219
10265,512,131708,257.242188
10266,512,118667,231.771484
10267,512,117250,229.003906
10268,512,121334,236.980469
10269,512,118208,230.875000
10270,512,118625,231.689453
10271,512,117708,229.898438
10272,512,114667,223.958984
10273,512,114167,222.982422
10274,512,115166,224.933594
10275,512,122417,239.095703
10276,512,122709,239.666016
10277,512,124583,243.326172
10278,512,116833,228.189453
10279,512,118084,230.632812
10280,512,118458,231.363281
10281,512,117000,228.515625
10282,512,121125,236.572266
10283,512,121709,237.712891
10284,512,120833,236.001953
10285,512,364416,711.750000
10286,512,228792,446.859375
10287,512,215291,420.490234
10288,512,195625,382.080078
10289,512,183334,358.074219
10290,512,187333,365.884766
10291,512,186167,363.607422
10292,512,178958,349.527344
10293,512,185875,363.037109
10294,512,184208,359.781250
10295,512,190708,372.476562
10296,512,178708,349.039062
10297,512,165084,322.429688
10298,512,178625,348.876953
10299,512,171875,335.693359
10300,512,182750,356.933594
10301,512,181208,353.921875
10302,512,185250,361.816406
10303,512,177750,347.167969
10304,512,178084,347.820312
10305,512,171459,334.880859
10306,512,193834,378.582031
10307,512,165666,323.566406
10308,512,186792,364.828125
10309,512,175083,341.958984
10310,512,178167,347.982422
10311,512,190625,372.314453
10312,512,167375,326.904297
10313,512,184459,360.271484
10314,512,146166,285.480469
10315,512,172875,337.646484
10316,512,172916,337.726562
10317,512,170000,332.031250
10318,512,177042,345.785156
10319,512,181166,353.839844
10320,512,174417,340.658203
10321,512,168000,328.125000
10322,512,172125,336.181641
10323,512,180292,352.132812
10324,512,176042,343.832031
10325,512,222458,434.488281
10326,512,223167,435.873047
10327,512,214000,417.968750
10328,512,180000,351.562500
10329,512,187917,367.025391
10330,512,179334,350.261719
10331,512,172834,337.566406
10332,512,172833,337.564453
10333,512,162083,316.568359
10334,512,156125,304.931641
10335,512,163875,320.068359
10336,512,166500,325.195312
10337,512,167750,327.636719
10338,512,156333,305.337891
10339,512,153292,299.398438
10340,512,149541,292.072266
10341,512,155750,304.199219
10342,512,149292,291.585938
10343,512,151708,296.304688
10344,512,152500,297.851562
10345,512,161542,315.511719
10346,512,154500,301.757812
10347,512,142333,277.994141
10348,512,149500,291.992188
10349,512,147125,287.353516
10350,512,143167,279.623047
10351,512,147584,288.250000
10352,512,149500,291.992188
10353,512,144125,281.494141
10354,512,149958,292.886719
10355,512,143750,280.761719
10356,512,151917,296.712891
10357,512,148625,290.283203
10358,512,144791,282.794922
10359,512,147750,288.574219
10360,512,146417,285.970703
10361,512,144792,282.796875
10362,512,145750,284.667969
10363,512,156375,305.419922
10364,512,136750,267.089844
10365,512,149375,291.748047
10366,512,146833,286.783203
10367,512,137167,267.904297
10368,512,145916,284.992188
10369,512,146125,285.400391
10370,512,152875,298.583984
10371,512,140125,273.681641
10372,512,148208,289.468750
10373,512,145583,284.341797
10374,512,159125,310.791016
10375,512,157959,308.513672
10376,512,149958,292.886719
10377,512,206041,402.423828
10378,512,216250,422.363281
10379,512,241583,471.841797
10380,512,202375,395.263672
10381,512,193750,378.417969
10382,512,158833,310.220703
10383,512,158959,310.466797
10384,512,174500,340.820312
10385,512,147959,288.982422
10386,512,153958,300.699219
10387,512,151958,296.792969
10388,512,159584,311.687500
10389,512,143583,280.435547
10390,512,147000,287.109375
10391,512,155000,302.734375
10392,512,144459,282.146484
10393,512,145542,284.261719
10394,512,132792,259.359375
10395,512,139417,272.298828
10396,512,139792,273.031250
10397,512,144459,282.146484
10398,512,154167,301.107422
10399,512,148083,289.224609
10400,512,142959,279.216797
10401,512,142208,277.750000
10402,512,140500,274.414062
10403,512,144958,283.121094
10404,512,139875,273.193359
10405,512,136834,267.253906
10406,512,127541,249.103516
10407,512,138750,270.996094
10408,512,134959,263.591797
10409,512,122833,239.908203
10410,512,137458,268.472656
10411,512,127375,248.779297
10412,512,128542,251.058594
10413,512,139875,273.193359
10414,512,151333,295.572266
10415,512,139458,272.378906
10416,512,145334,283.855469
10417,512,141500,276.367188
10418,512,159375,311.279297
10419,512,192750,376.464844
10420,512,178333,348.306641
10421,512,166125,324.462891
10422,512,174708,341.226562
10423,512,164209,320.720703
10424,512,167625,327.392578
10425,512,175375,342.529297
10426,512,159000,310.546875
10427,512,176750,345.214844
10428,512,186917,365.072266
10429,512,173292,338.460938
10430,512,161750,315.917969
10431,512,234958,458.902344
10432,512,204667,399.740234
10433,512,205916,402.179688
10434,512,214417,418.783203
10435,512,166500,325.195312
10436,512,150208,293.375000
10437,512,150833,294.595703
10438,512,153750,300.292969
10439,512,148333,289.712891
10440,512,146084,285.320312
10441,512,156416,305.500000
10442,512,144375,281.982422
10443,512,151917,296.712891
10444,512,144000,281.250000
10445,512,135625,264.892578
10446,512,144000,281.250000
10447,512,133958,261.636719
10448,512,149667,292.318359
10449,512,135333,264.322266
10450,512,136709,267.009766
10451,512,143250,279.785156
10452,512,133250,260.253906
10453,512,129208,252.359375
10454,512,135583,264.810547
10455,512,125792,245.687500
10456,512,141208,275.796875
10457,512,139959,273.357422
10458,512,138209,269.939453
10459,512,140292,274.007812
10460,512,140625,274.658203
10461,512,126500,247.070312
10462,512,148500,290.039062
10463,512,124708,243.570312
10464,512,147292,287.679688
10465,512,143375,280.029297
10466,512,147875,288.818359
10467,512,152000,296.875000
10468,512,135000,263.671875
10469,512,145125,283.447266
10470,512,143250,279.785156
10471,512,145417,284.017578
10472,512,139417,272.298828
10473,512,128750,251.464844
10474,512,142625,278.564453
10475,512,153958,300.699219
10476,512,133750,261.230469
10477,512,131833,257.486328
10478,512,141834,277.019531
10479,512,129916,253.742188
10480,512,141250,275.878906
10481,512,133291,260.333984
10482,512,120375,235.107422
10483,512,132209,258.220703
10484,512,127208,248.453125
10485,512,132042,257.894531
10486,512,123791,241.779297
10487,512,150542,294.027344
10488,512,160625,313.720703
10489,512,183958,359.292969
10490,512,199292,389.242188
10491,512,185542,362.386719
10492,512,120291,234.943359
10493,512,131209,256.267578
10494,512,128708,251.382812
10495,512,126667,247.396484
10496,512,127666,249.347656
10497,512,119250,232.910156
10498,512,119584,233.562500
10499,512,118000,230.468750
10500,512,127250,248.535156
10501,512,125292,244.710938
10502,512,123291,240.802734
10503,512,138875,271.240234
10504,512,112542,219.808594
10505,512,130625,255.126953
10506,512,133042,259.847656
10507,512,142333,277.994141
10508,512,143500,280.273438
10509,512,143917,281.087891
10510,512,131833,257.486328
10511,512,119500,233.398438
10512,512,133625,260.986328
10513,512,145792,284.750000
10514,512,130583,255.044922
10515,512,132667,259.115234
10516,512,141292,275.960938
10517,512,143416,280.109375
10518,512,139875,273.193359
10519,512,124041,242.267578
10520,512,144250,281.738281
10521,512,126583,247.232422
10522,512,133959,261.638672
10523,512,126416,246.906250
10524,512,130167,254.232422
10525,512,134000,261.718750
10526,512,131083,256.021484
10527,512,142542,278.402344
10528,512,132416,258.625000
10529,512,139333,272.134766
10530,512,146208,285.562500
10531,512,132000,257.812500
10532,512,128292,250.570312
10533,512,120916,236.164062
10534,512,135125,263.916016
10535,512,129292,252.523438
10536,512,135375,264.404297
10537,512,140125,273.681641
10538,512,135708,265.054688
10539,512,123333,240.884766
10540,512,118417,231.283203
10541,512,113042,220.785156
10542,512,118375,231.201172
10543,512,131375,256.591797
10544,512,129917,253.744141
10545,512,129417,252.767578
10546,512,135333,264.322266
10547,512,139375,272.216797
10548,512,141333,276.041016
10549,512,128458,250.894531
10550,512,118167,230.794922
10551,512,119291,232.990234
10552,512,122292,238.851562
10553,512,121209,236.736328
10554,512,135583,264.810547
10555,512,125542,245.199219
10556,512,115666,225.910156
10557,512,119334,233.074219
10558,512,125875,245.849609
10559,512,124166,242.511719
10560,512,117459,229.412109
10561,512,114917,224.447266
10562,512,118667,231.771484
10563,512,119208,232.828125
10564,512,115667,225.912109
10565,512,118500,231.445312
10566,512,131625,257.080078
10567,512,252125,492.431641
10568,512,227042,443.441406
10569,512,203500,397.460938
10570,512,212458,414.957031
10571,512,203000,396.484375
10572,512,190291,371.662109
10573,512,185209,361.736328
10574,512,210000,410.156250
10575,512,186417,364.095703
10576,512,189542,370.199219
10577,512,186875,364.990234
10578,512,188083,367.349609
10579,512,174500,340.820312
10580,512,182917,357.259766
10581,512,183750,358.886719
10582,512,177917,347.494141
10583,512,177375,346.435547
10584,512,184417,360.189453
10585,512,159792,312.093750
10586,512,175625,343.017578
10587,512,187583,366.373047
10588,512,184833,361.001953
10589,512,178625,348.876953
10590,512,189541,370.197266
10591,512,190250,371.582031
10592,512,206209,402.751953
10593,512,192416,375.812500
10594,512,209500,409.179688
10595,512,211542,413.167969
10596,512,189916,370.929688
10597,512,207375,405.029297
10598,512,203375,397.216797
10599,512,245459,479.412109
10600,512,271834,530.925781
10601,512,245041,478.595703
10602,512,221708,433.023438
10603,512,195709,382.244141
10604,512,208083,406.412109
10605,512,202375,395.263672
10606,512,187167,365.560547
10607,512,180708,352.945312
10608,512,174583,340.982422
10609,512,183209,357.830078
10610,512,168000,328.125000
10611,512,163292,318.929688
10612,512,173667,339.193359
10613,512,166375,324.951172
10614,512,169334,330.730469
10615,512,176208,344.156250
10616,512,177083,345.865234
10617,512,163375,319.091797
10618,512,156667,305.990234
10619,512,156292,305.257812
10620,512,164916,322.101562
10621,512,156625,305.908203
10622,512,161917,316.244141
10623,512,145500,284.179688
10624,512,150750,294.433594
10625,512,142583,278.482422
10626,512,153833,300.455078
10627,512,158250,309.082031
10628,512,161625,315.673828
10629,512,158541,309.650391
10630,512,154417,301.595703
10631,512,152500,297.851562
10632,512,151708,296.304688
10633,512,157292,307.210938
10634,512,153041,298.908203
10635,512,150917,294.759766
10636,512,142917,279.134766
10637,512,208083,406.412109
10638,512,189375,369.873047
10639,512,163791,319.904297
10640,512,157667,307.943359
10641,512,149875,292.724609
10642,512,177291,346.271484
10643,512,166875,325.927734
10644,512,153459,299.724609
10645,512,149458,291.910156
10646,512,157458,307.535156
10647,512,203875,398.193359
10648,512,215500,420.898438
10649,512,163833,319.986328
10650,512,132333,258.462891
10651,512,126250,246.582031
10652,512,128333,250.650391
10653,512,155667,304.037109
10654,512,147583,288.248047
10655,512,151875,296.630859
10656,512,157125,306.884766
10657,512,141417,276.205078
10658,512,132916,259.601562
10659,512,160417,313.314453
10660,512,148375,289.794922
10661,512,156083,304.849609
10662,512,150833,294.595703
10663,512,154375,301.513672
10664,512,142417,278.158203
10665,512,147458,288.003906
10666,512,148917,290.853516
10667,512,122333,238.931641
10668,512,115083,224.771484
10669,512,123167,240.560547
10670,512,122750,239.746094
10671,512,148792,290.609375
10672,512,123625,241.455078
10673,512,122333,238.931641
10674,512,113958,222.574219
10675,512,114084,222.820312
10676,512,110625,216.064453
10677,512,109208,213.296875
10678,512,113167,221.029297
10679,512,109625,214.111328
10680,512,109334,213.542969
10681,512,109333,213.541016
10682,512,113458,221.597656
10683,512,110292,215.414062
10684,512,111250,217.285156
10685,512,114667,223.958984
10686,512,108916,212.726562
10687,512,113500,221.679688
10688,512,115125,224.853516
10689,512,109333,213.541016
10690,512,109584,214.031250
10691,512,110167,215.169922
10692,512,109166,213.214844
10693,512,108542,211.996094
10694,512,109541,213.947266
10695,512,109875,214.599609
10696,512,108959,212.810547
10697,512,109750,214.355469
10698,512,124959,244.060547
10699,512,108375,211.669922
10700,512,118709,231.853516
10701,512,112583,219.888672
10702,512,116458,227.457031
10703,512,130792,255.453125
10704,512,130458,254.800781
10705,512,122042,238.363281
10706,512,134167,262.044922
10707,512,135166,263.996094
10708,512,115459,225.505859
10709,512,119083,232.583984
10710,512,116791,228.107422
10711,512,122708,239.664062
10712,512,118542,231.527344
10713,512,110667,216.146484
10714,512,116875,228.271484
10715,512,116958,228.433594
10716,512,112291,219.318359
10717,512,113334,221.355469
10718,512,137292,268.148438
10719,512,126333,246.744141
10720,512,123000,240.234375
10721,512,120541,235.431641
10722,512,116875,228.271484
10723,512,118583,231.607422
10724,512,117042,228.597656
10725,512,107458,209.878906
10726,512,113417,221.517578
10727,512,325833,636.392578
10728,512,249417,487.142578
10729,512,223042,435.628906
10730,512,225458,440.347656
10731,512,175542,342.855469
10732,512,203000,396.484375
10733,512,194750,380.371094
10734,512,215583,421.060547
10735,512,202875,396.240234
10736,512,217167,424.154297
10737,512,212166,414.386719
10738,512,203834,398.113281
10739,512,283459,553.630859
10740,512,224416,438.312500
10741,512,211584,413.250000
10742,512,211416,412.921875
10743,512,234042,457.113281
10744,512,235333,459.634766
10745,512,220167,430.013672
10746,512,199250,389.160156
10747,512,199083,388.833984
10748,512,194166,379.230469
10749,512,173792,339.437500
10750,512,161583,315.591797
10751,512,177000,345.703125
10752,512,210333,410.806641
10753,512,175959,343.669922
10754,512,180875,353.271484
10755,512,179500,350.585938
10756,512,170125,332.275391
10757,512,170333,332.681641
10758,512,165708,323.648438
10759,512,209625,409.423828
10760,512,214584,419.109375
10761,512,220375,430.419922
10762,512,208833,407.876953
10763,512,183500,358.398438
10764,512,169750,331.542969
10765,512,175583,342.935547
10766,512,169958,331.949219
10767,512,169917,331.869141
10768,512,165250,322.753906
10769,512,162917,318.197266
10770,512,167458,327.066406
10771,512,138208,269.937500
10772,512,169542,331.136719
10773,512,162375,317.138672
10774,512,156625,305.908203
10775,512,156541,305.744141
10776,512,159500,311.523438
10777,512,150292,293.539062
10778,512,171916,335.773438
10779,512,149584,292.156250
10780,512,163500,319.335938
10781,512,152458,297.769531
10782,512,132917,259.603516
10783,512,153750,300.292969
10784,512,133833,261.392578
10785,512,150958,294.839844
10786,512,147375,287.841797
10787,512,141958,277.261719
10788,512,151167,295.248047
10789,512,153750,300.292969
10790,512,145209,283.611328
10791,512,142625,278.564453
10792,512,145833,284.830078
10793,512,158833,310.220703
10794,512,143459,280.193359
10795,512,147500,288.085938
10796,512,159791,312.091797
10797,512,141958,277.261719
10798,512,152209,297.283203
10799,512,148666,290.363281
10800,512,151042,295.003906
10801,512,145208,283.609375
10802,512,139625,272.705078
10803,512,154250,301.269531
10804,512,149500,291.992188
10805,512,154000,300.781250
10806,512,146667,286.458984
10807,512,173958,339.761719
10808,512,162625,317.626953
10809,512,172041,336.017578
10810,512,158959,310.466797
10811,512,186792,364.828125
10812,512,216417,422.689453
10813,512,204250,398.925781
10814,512,207125,404.541016
10815,512,183500,358.398438
10816,512,162500,317.382812
10817,512,161167,314.779297
10818,512,154625,302.001953
10819,512,148042,289.144531
10820,512,152084,297.039062
10821,512,149583,292.154297
10822,512,161083,314.615234
10823,512,152708,298.257812
10824,512,138375,270.263672
10825,512,148541,290.119141
10826,512,145875,284.912109
10827,512,146208,285.562500
10828,512,140625,274.658203
10829,512,149125,291.259766
10830,512,138958,271.402344
10831,512,134667,263.021484
10832,512,152458,297.769531
10833,512,145000,283.203125
10834,512,155417,303.548828
10835,512,143625,280.517578
10836,512,135333,264.322266
10837,512,148542,290.121094
10838,512,140166,273.761719
10839,512,134750,263.183594
10840,512,130209,254.314453
10841,512,140000,273.437500
10842,512,126583,247.232422
10843,512,142542,278.402344
10844,512,136416,266.437500
10845,512,141584,276.531250
10846,512,131500,256.835938
10847,512,141209,275.798828
10848,512,136083,265.787109
10849,512,137958,269.449219
10850,512,131833,257.486328
10851,512,139625,272.705078
10852,512,145625,284.423828
10853,512,146292,285.726562
10854,512,182583,356.607422
10855,512,199833,390.298828
10856,512,145708,284.585938
10857,512,171167,334.310547
10858,512,168750,329.589844
10859,512,172708,337.320312
10860,512,166708,325.601562
10861,512,166542,325.277344
10862,512,182250,355.957031
10863,512,184959,361.248047
10864,512,160959,314.373047
10865,512,183958,359.292969
10866,512,215542,420.980469
10867,512,216666,423.175781
10868,512,196000,382.812500
10869,512,163750,319.824219
10870,512,153667,300.130859
10871,512,151833,296.548828
10872,512,144667,282.552734
10873,512,148791,290.607422
10874,512,157209,307.048828
10875,512,149791,292.560547
10876,512,160917,314.291016
10877,512,154917,302.572266
10878,512,132541,258.869141
10879,512,138708,270.914062
10880,512,139834,273.113281
10881,512,131875,257.568359
10882,512,134416,262.531250
10883,512,140333,274.087891
10884,512,144500,282.226562
10885,512,135792,265.218750
10886,512,153500,299.804688
10887,512,139250,271.972656
10888,512,145000,283.203125
10889,512,140875,275.146484
10890,512,134334,262.371094
10891,512,147000,287.109375
10892,512,149375,291.748047
10893,512,143750,280.761719
10894,512,126250,246.582031
10895,512,144709,282.634766
10896,512,133750,261.230469
10897,512,139125,271.728516
10898,512,131917,257.650391
10899,512,148042,289.144531
10900,512,140875,275.146484
10901,512,152875,298.583984
10902,512,158708,309.976562
10903,512,133875,261.474609
10904,512,142750,278.808594
10905,512,166458,325.113281
10906,512,176667,345.052734
10907,512,134958,263.589844
10908,512,144958,283.121094
10909,512,136125,265.869141
10910,512,143958,281.167969
10911,512,128417,250.814453
10912,512,137875,269.287109
10913,512,142708,278.726562
10914,512,131000,255.859375
10915,512,142500,278.320312
10916,512,140167,273.763672
10917,512,140666,274.738281
10918,512,131708,257.242188
10919,512,128250,250.488281
10920,512,123125,240.478516
10921,512,142667,278.646484
10922,512,158375,309.326172
10923,512,185625,362.548828
10924,512,191833,374.673828
10925,512,176167,344.076172
10926,512,135041,263.751953
10927,512,148750,290.527344
10928,512,123875,241.943359
10929,512,144667,282.552734
10930,512,134375,262.451172
10931,512,124959,244.060547
10932,512,127750,249.511719
10933,512,133667,261.068359
10934,512,122333,238.931641
10935,512,135792,265.218750
10936,512,130792,255.453125
10937,512,121833,237.955078
10938,512,125625,245.361328
10939,512,124750,243.652344
10940,512,112791,220.294922
10941,512,120542,235.433594
10942,512,131500,256.835938
10943,512,118041,230.548828
10944,512,124667,243.490234
10945,512,123000,240.234375
10946,512,122375,239.013672
10947,512,120375,235.107422
10948,512,121250,236.816406
10949,512,111208,217.203125
10950,512,127667,249.349609
10951,512,123167,240.560547
10952,512,118000,230.468750
10953,512,125708,245.523438
10954,512,127375,248.779297
10955,512,112625,219.970703
10956,512,109000,212.890625
10957,512,118959,232.341797
10958,512,131833,257.486328
10959,512,120792,235.921875
10960,512,117416,229.328125
10961,512,123250,240.722656
10962,512,126708,247.476562
10963,512,117584,229.656250
10964,512,126250,246.582031
10965,512,118791,232.013672
10966,512,119875,234.130859
10967,512,123375,240.966797
10968,512,119042,232.503906
10969,512,114959,224.529297
10970,512,115708,225.992188
10971,512,121167,236.654297
10972,512,116667,227.865234
10973,512,110792,216.390625
10974,512,130583,255.044922
10975,512,130250,254.394531
10976,512,131250,256.347656
10977,512,133000,259.765625
10978,512,141791,276.935547
10979,512,156125,304.931641
10980,512,125834,245.769531
10981,512,145500,284.179688
10982,512,141125,275.634766
10983,512,125125,244.384766
10984,512,125750,245.605469
10985,512,121791,237.873047
10986,512,147709,288.494141
10987,512,174334,340.496094
10988,512,185917,363.119141
10989,512,137291,268.146484
10990,512,140792,274.984375
10991,512,134958,263.589844
10992,512,123334,240.886719
10993,512,131041,255.939453
10994,512,136084,265.789062
10995,512,129041,252.033203
10996,512,126125,246.337891
10997,512,127167,248.373047
10998,512,130125,254.150391
10999,512,121083,236.490234
11000,512,127542,249.105469
11001,512,117250,229.003906
11002,512,119750,233.886719
11003,512,126959,247.966797
11004,512,116458,227.457031
11005,512,119541,233.478516
11006,512,110250,215.332031
11007,512,119000,232.421875
11008,512,118292,231.039062
11009,512,124083,242.349609
11010,512,115250,225.097656
11011,512,133042,259.847656
11012,512,128500,250.976562
11013,512,107625,210.205078
11014,512,131750,257.324219
11015,512,117417,229.330078
11016,512,109667,214.193359
11017,512,118875,232.177734
11018,512,111916,218.585938
11019,512,108709,212.322266
11020,512,117500,229.492188
11021,512,120458,235.269531
11022,512,124667,243.490234
11023,512,123958,242.105469
11024,512,112666,220.050781
11025,512,122167,238.607422
11026,512,108667,212.240234
11027,512,111542,217.855469
11028,512,112708,220.132812
11029,512,111209,217.205078
11030,512,106541,208.087891
11031,512,106917,208.822266
11032,512,105375,205.810547
11033,512,107583,210.123047
11034,512,117125,228.759766
11035,512,110125,215.087891
11036,512,114417,223.470703
11037,512,122916,240.070312
11038,512,111750,218.261719
11039,512,117500,229.492188
11040,512,128875,251.708984
11041,512,133250,260.253906
11042,512,134625,262.939453
11043,512,121917,238.119141
11044,512,117000,228.515625
11045,512,138084,269.695312
11046,512,122375,239.013672
11047,512,147834,288.738281
11048,512,130875,255.615234
11049,512,117208,228.921875
11050,512,127083,248.208984
11051,512,131334,256.511719
11052,512,128791,251.544922
11053,512,133000,259.765625
11054,512,127708,249.429688
11055,512,131959,257.732422
11056,512,123333,240.884766
11057,512,125583,245.279297
11058,512,123625,241.455078
11059,512,122166,238.605469
11060,512,121583,237.466797
11061,512,135167,263.998047
11062,512,132041,257.892578
11063,512,136792,267.171875
11064,512,114917,224.447266
11065,512,120459,235.271484
11066,512,122542,239.339844
11067,512,122833,239.908203
11068,512,114625,223.876953
11069,512,124833,243.814453
11070,512,122417,239.095703
11071,512,118458,231.363281
11072,512,123000,240.234375
11073,512,123333,240.884766
11074,512,113500,221.679688
11075,512,112708,220.132812
11076,512,111959,218.669922
11077,512,115666,225.910156
11078,512,116083,226.724609
11079,512,111417,217.611328
11080,512,117042,228.597656
11081,512,114708,224.039062
11082,512,113917,222.494141
11083,512,118500,231.445312
11084,512,116500,227.539062
11085,512,109000,212.890625
11086,512,111000,216.796875
11087,512,113125,220.947266
11088,512,107000,208.984375
11089,512,111042,216.878906
11090,512,119458,233.316406
11091,512,107167,209.310547
11092,512,112041,218.830078
11093,512,108625,212.158203
11094,512,117334,229.167969
11095,512,108542,211.996094
11096,512,110708,216.226562
11097,512,107417,209.798828
11098,512,110667,216.146484
11099,512,109291,213.458984
11100,512,104417,203.939453
11101,512,114583,223.794922
11102,512,132709,259.197266
11103,512,117250,229.003906
11104,512,120666,235.675781
11105,512,115042,224.691406
11106,512,125583,245.279297
11107,512,135042,263.753906
11108,512,180291,352.130859
11109,512,158750,310.058594
11110,512,142917,279.134766
11111,512,123875,241.943359
11112,512,135959,265.544922
11113,512,139709,272.869141
11114,512,150500,293.945312
11115,512,127792,249.593750
11116,512,138125,269.775391
11117,512,155708,304.117188
11118,512,132792,259.359375
11119,512,126083,246.255859
11120,512,134208,262.125000
11121,512,122291,238.849609
11122,512,128875,251.708984
11123,512,135709,265.056641
11124,512,125125,244.384766
11125,512,130000,253.906250
11126,512,134250,262.207031
11127,512,125333,244.791016
11128,512,123042,240.316406
11129,512,131125,256.103516
11130,512,124166,242.511719
11131,512,133958,261.636719
11132,512,120959,236.248047
11133,512,116625,227.783203
11134,512,116000,226.562500
11135,512,125834,245.769531
11136,512,124250,242.675781
11137,512,120334,235.027344
11138,512,118083,230.630859
11139,512,123583,241.373047
11140,512,120417,235.189453
11141,512,117500,229.492188
11142,512,118584,231.609375
11143,512,122166,238.605469
11144,512,120208,234.781250
11145,512,124792,243.734375
11146,512,130917,255.697266
11147,512,141167,275.716797
11148,512,147542,288.167969
11149,512,116833,228.189453
11150,512,126000,246.093750
11151,512,142625,278.564453
11152,512,122500,239.257812
11153,512,130500,254.882812
11154,512,121916,238.117188
11155,512,135584,264.812500
11156,512,121416,237.140625
11157,512,121709,237.712891
11158,512,131250,256.347656
11159,512,117125,228.759766
11160,512,123042,240.316406
11161,512,116000,226.562500
11162,512,124208,242.593750
11163,512,131083,256.021484
11164,512,129750,253.417969
11165,512,131708,257.242188
11166,512,121458,237.222656
11167,512,141375,276.123047
11168,512,130333,254.556641
11169,512,143042,279.378906
11170,512,132542,258.871094
11171,512,135583,264.810547
11172,512,124708,243.570312
11173,512,148750,290.527344
11174,512,124875,243.896484
11175,512,128125,250.244141
11176,512,131083,256.021484
11177,512,123958,242.105469
11178,512,123500,241.210938
11179,512,128417,250.814453
11180,512,116292,227.132812
11181,512,125584,245.281250
11182,512,118125,230.712891
11183,512,111208,217.203125
11184,512,118333,231.119141
11185,512,122917,240.072266
11186,512,116916,228.351562
11187,512,116667,227.865234
11188,512,120791,235.919922
11189,512,116417,227.376953
11190,512,116542,227.621094
11191,512,114625,223.876953
11192,512,125333,244.791016
11193,512,119917,234.212891
11194,512,122875,239.990234
11195,512,118875,232.177734
11196,512,126792,247.640625
11197,512,117750,229.980469
11198,512,120667,235.677734
11199,512,120166,234.699219
11200,512,116667,227.865234
11201,512,113750,222.167969
11202,512,120166,234.699219
11203,512,111042,216.878906
11204,512,114458,223.550781
11205,512,113958,222.574219
11206,512,114542,223.714844
11207,512,111125,217.041016
11208,512,118667,231.771484
11209,512,108458,211.832031
11210,512,121458,237.222656
11211,512,111459,217.693359
11212,512,113708,222.085938
11213,512,107958,210.855469
11214,512,107542,210.042969
11215,512,107334,209.636719
11216,512,117208,228.921875
11217,512,109958,214.761719
11218,512,114834,224.285156
11219,512,109500,213.867188
11220,512,107666,210.285156
11221,512,108500,211.914062
11222,512,115000,224.609375
11223,512,109459,213.787109
11224,512,117083,228.677734
11225,512,113875,222.412109
11226,512,107875,210.693359
11227,512,110833,216.470703
11228,512,113000,220.703125
11229,512,111834,218.425781
11230,512,103458,202.066406
11231,512,115291,225.177734
11232,512,115625,225.830078
11233,512,106625,208.251953
11234,512,115583,225.748047
11235,512,109250,213.378906
11236,512,109333,213.541016
11237,512,109000,212.890625
11238,512,108333,211.587891
11239,512,109125,213.134766
11240,512,109459,213.787109
11241,512,111333,217.447266
11242,512,115042,224.691406
11243,512,114584,223.796875
11244,512,112041,218.830078
11245,512,113583,221.841797
11246,512,127084,248.210938
11247,512,120709,235.759766
11248,512,132958,259.683594
11249,512,130042,253.988281
11250,512,134791,263.263672
11251,512,129833,253.580078
11252,512,140459,274.333984
11253,512,135083,263.833984
11254,512,118708,231.851562
11255,512,143458,280.191406
11256,512,134750,263.183594
11257,512,124084,242.351562
11258,512,122791,239.826172
11259,512,115792,226.156250
11260,512,117042,228.597656
11261,512,118875,232.177734
11262,512,118792,232.015625
11263,512,121875,238.037109
11264,512,121792,237.875000
11265,512,117208,228.921875
11266,512,116583,227.701172
11267,512,115333,225.259766
11268,512,126542,247.152344
11269,512,122083,238.443359
11270,512,127500,249.023438
11271,512,115125,224.853516
11272,512,116625,227.783203
11273,512,115500,225.585938
11274,512,117792,230.062500
11275,512,113584,221.843750
11276,512,115584,225.750000
11277,512,113542,221.761719
11278,512,117375,229.248047
11279,512,108625,212.158203
11280,512,119125,232.666016
11281,512,133125,260.009766
11282,512,170875,333.740234
11283,512,128375,250.732422
11284,512,134000,261.718750
11285,512,187166,365.558594
11286,512,150209,293.376953
11287,512,131459,256.755859
11288,512,131708,257.242188
11289,512,151875,296.630859
11290,512,188584,368.328125
11291,512,194250,379.394531
11292,512,163666,319.660156
11293,512,181750,354.980469
11294,512,174125,340.087891
11295,512,161334,315.105469
11296,512,163084,318.523438
11297,512,166792,325.765625
11298,512,172417,336.751953
11299,512,167292,326.742188
11300,512,161208,314.859375
11301,512,165542,323.324219
11302,512,154666,302.082031
11303,512,164084,320.476562
11304,512,115458,225.503906
11305,512,117708,229.898438
11306,512,119042,232.503906
11307,512,114625,223.876953
11308,512,118292,231.039062
11309,512,113166,221.027344
11310,512,111542,217.855469
11311,512,112042,218.832031
11312,512,112666,220.050781
11313,512,112209,219.158203
11314,512,112916,220.539062
11315,512,127542,249.105469
11316,512,123750,241.699219
11317,512,117875,230.224609
11318,512,113792,222.250000
11319,512,130041,253.986328
11320,512,153417,299.642578
11321,512,146833,286.783203
11322,512,151000,294.921875
11323,512,125958,246.011719
11324,512,122917,240.072266
11325,512,131542,256.917969
11326,512,142834,278.972656
11327,512,148291,289.630859
11328,512,142959,279.216797
11329,512,136625,266.845703
11330,512,151083,295.083984
11331,512,148958,290.933594
11332,512,135333,264.322266
11333,512,145459,284.099609
11334,512,144250,281.738281
11335,512,133875,261.474609
11336,512,141250,275.878906
11337,512,150750,294.433594
11338,512,139292,272.054688
11339,512,137666,268.878906
11340,512,146375,285.888672
11341,512,138584,270.671875
11342,512,148958,290.933594
11343,512,142333,277.994141
11344,512,116875,228.271484
11345,512,127500,249.023438
11346,512,137458,268.472656
11347,512,129083,252.115234
11348,512,119833,234.048828
11349,512,117250,229.003906
11350,512,119417,233.236328
11351,512,117041,228.595703
11352,512,112459,219.646484
11353,512,179708,350.992188
11354,512,237167,463.216797
11355,512,197792,386.312500
11356,512,190708,372.476562
11357,512,191209,373.455078
11358,512,194083,379.068359
11359,512,175042,341.878906
11360,512,257416,502.765625
11361,512,214708,419.351562
11362,512,183584,358.562500
11363,512,210000,410.156250
11364,512,228500,446.289062
11365,512,213709,417.400391
11366,512,210333,410.806641
11367,512,203458,397.378906
11368,512,178750,349.121094
11369,512,197375,385.498047
11370,512,179459,350.505859
11371,512,187458,366.128906
11372,512,178125,347.900391
11373,512,175792,343.343750
11374,512,176166,344.074219
11375,512,160750,313.964844
11376,512,165833,323.892578
11377,512,184875,361.083984
11378,512,174709,341.228516
11379,512,183500,358.398438
11380,512,170166,332.355469
11381,512,159042,310.628906
11382,512,172083,336.099609
11383,512,169459,330.974609
11384,512,151791,296.466797
11385,512,163542,319.417969
11386,512,167209,326.580078
11387,512,160541,313.556641
11388,512,157000,306.640625
11389,512,163083,318.521484
11390,512,154417,301.595703
11391,512,163542,319.417969
11392,512,166916,326.007812
11393,512,149750,292.480469
11394,512,161042,314.535156
11395,512,173917,339.681641
11396,512,163542,319.417969
11397,512,147166,287.433594
11398,512,152417,297.689453
11399,512,157250,307.128906
11400,512,161042,314.535156
11401,512,152708,298.257812
11402,512,151542,295.980469
11403,512,156167,305.013672
11404,512,155958,304.605469
11405,512,148667,290.365234
11406,512,169041,330.158203
11407,512,158209,309.001953
11408,512,155458,303.628906
11409,512,126833,247.720703
11410,512,115042,224.691406
11411,512,122833,239.908203
11412,512,187583,366.373047
11413,512,186667,364.583984
11414,512,190583,372.232422
11415,512,135250,264.160156
11416,512,149542,292.074219
11417,512,160250,312.988281
11418,512,144125,281.494141
11419,512,145125,283.447266
11420,512,139125,271.728516
11421,512,130500,254.882812
11422,512,134292,262.289062
11423,512,130459,254.802734
11424,512,128417,250.814453
11425,512,129833,253.580078
11426,512,131000,255.859375
11427,512,127792,249.593750
11428,512,128125,250.244141
11429,512,122417,239.095703
11430,512,133875,261.474609
11431,512,133166,260.089844
11432,512,133792,261.312500
11433,512,120250,234.863281
11434,512,117250,229.003906
11435,512,122459,239.177734
11436,512,122458,239.175781
11437,512,118125,230.712891
11438,512,115125,224.853516
11439,512,113708,222.085938
11440,512,111125,217.041016
11441,512,120250,234.863281
11442,512,119250,232.910156
11443,512,115292,225.179688
11444,512,113625,221.923828
11445,512,113792,222.250000
11446,512,111375,217.529297
11447,512,112583,219.888672
11448,512,116375,227.294922
11449,512,119333,233.072266
11450,512,118417,231.283203
11451,512,116750,228.027344
11452,512,109583,214.029297
11453,512,117250,229.003906
11454,512,125000,244.140625
11455,512,112625,219.970703
11456,512,109209,213.298828
11457,512,116291,227.130859
11458,512,111625,218.017578
11459,512,115250,225.097656
11460,512,122333,238.931641
11461,512,118250,230.957031
11462,512,117709,229.900391
11463,512,115709,225.994141
11464,512,122500,239.257812
11465,512,117209,228.923828
11466,512,113667,222.005859
11467,512,115333,225.259766
11468,512,113166,221.027344
11469,512,116500,227.539062
11470,512,118542,231.527344
11471,512,120791,235.919922
11472,512,113167,221.029297
11473,512,115541,225.666016
11474,512,116583,227.701172
11475,512,127875,249.755859
11476,512,122125,238.525391
11477,512,133583,260.904297
11478,512,149083,291.177734
11479,512,149084,291.179688
11480,512,157375,307.373047
11481,512,140459,274.333984
11482,512,136333,266.275391
11483,512,145292,283.773438
11484,512,140834,275.066406
11485,512,134583,262.857422
11486,512,137000,267.578125
11487,512,129166,252.277344
11488,512,123292,240.804688
11489,512,132916,259.601562
11490,512,119834,234.050781
11491,512,116541,227.619141
11492,512,119250,232.910156
11493,512,117542,229.574219
11494,512,119958,234.292969
11495,512,120041,234.455078
11496,512,118875,232.177734
11497,512,121375,237.060547
11498,512,129875,253.662109
11499,512,120958,236.246094
11500,512,116958,228.433594
11501,512,119875,234.130859
11502,512,113125,220.947266
11503,512,116833,228.189453
11504,512,117167,228.841797
11505,512,115375,225.341797
11506,512,120333,235.025391
11507,512,119833,234.048828
11508,512,115167,224.935547
11509,512,114000,222.656250
11510,512,117834,230.144531
11511,512,111542,217.855469
11512,512,113917,222.494141
11513,512,113625,221.923828
11514,512,112958,220.621094
11515,512,106625,208.251953
11516,512,107625,210.205078
11517,512,106583,208.169922
11518,512,109167,213.216797
11519,512,113792,222.250000
11520,512,107459,209.880859
11521,512,109542,213.949219
11522,512,119167,232.748047
11523,512,116458,227.457031
11524,512,110708,216.226562
11525,512,125958,246.011719
11526,512,109167,213.216797
11527,512,109833,214.517578
11528,512,109417,213.705078
11529,512,106791,208.576172
11530,512,107500,209.960938
11531,512,115709,225.994141
11532,512,115834,226.238281
11533,512,111625,218.017578
11534,512,111500,217.773438
11535,512,106625,208.251953
11536,512,110750,216.308594
11537,512,111959,218.669922
11538,512,107000,208.984375
11539,512,110583,215.982422
11540,512,111292,217.367188
11541,512,104875,204.833984
11542,512,111625,218.017578
11543,512,115417,225.423828
11544,512,108000,210.937500
11545,512,107541,210.041016
11546,512,117292,229.085938
11547,512,109458,213.785156
11548,512,139792,273.031250
11549,512,196916,384.601562
11550,512,155750,304.199219
11551,512,153458,299.722656
11552,512,142084,277.507812
11553,512,133791,261.310547
11554,512,155583,303.873047
11555,512,224333,438.150391
11556,512,182584,356.609375
11557,512,212708,415.445312
11558,512,201708,393.960938
11559,512,208500,407.226562
11560,512,204042,398.519531
11561,512,184084,359.539062
11562,512,190375,371.826172
11563,512,181542,354.574219
11564,512,176750,345.214844
11565,512,164083,320.474609
11566,512,178042,347.738281
11567,512,170666,333.332031
11568,512,161292,315.023438
11569,512,169166,330.402344
11570,512,173292,338.460938
11571,512,169500,331.054688
11572,512,167500,327.148438
11573,512,151666,296.222656
11574,512,156625,305.908203
11575,512,132042,257.894531
11576,512,149625,292.236328
11577,512,167250,326.660156
11578,512,161042,314.535156
11579,512,141291,275.958984
11580,512,154333,301.431641
11581,512,166625,325.439453
11582,512,164542,321.371094
11583,512,158709,309.978516
11584,512,132375,258.544922
11585,512,153959,300.701172
11586,512,154000,300.781250
11587,512,150834,294.597656
11588,512,160166,312.824219
11589,512,158542,309.652344
11590,512,149875,292.724609
11591,512,154458,301.675781
11592,512,163917,320.150391
11593,512,147291,287.677734
11594,512,153709,300.212891
11595,512,152333,297.525391
11596,512,143000,279.296875
11597,512,139625,272.705078
11598,512,116334,227.214844
11599,512,111125,217.041016
11600,512,110792,216.390625
11601,512,113500,221.679688
11602,512,113250,221.191406
11603,512,130333,254.556641
11604,512,170959,333.904297
11605,512,149250,291.503906
11606,512,127291,248.615234
11607,512,127000,248.046875
11608,512,121917,238.119141
11609,512,138250,270.019531
11610,512,128416,250.812500
11611,512,124500,243.164062
11612,512,131292,256.429688
11613,512,253000,494.140625
11614,512,252333,492.837891
11615,512,198333,387.369141
11616,512,228875,447.021484
11617,512,207125,404.541016
11618,512,199791,390.216797
11619,512,205375,401.123047
11620,512,186084,363.445312
11621,512,198083,386.880859
11622,512,182500,356.445312
11623,512,163667,319.662109
11624,512,173916,339.679688
11625,512,186459,364.177734
11626,512,177416,346.515625
11627,512,175000,341.796875
11628,512,180709,352.947266
11629,512,168000,328.125000
11630,512,171250,334.472656
11631,512,172791,337.482422
11632,512,185417,362.142578
11633,512,153500,299.804688
11634,512,149000,291.015625
11635,512,180542,352.621094
11636,512,174500,340.820312
11637,512,179500,350.585938
11638,512,183042,357.503906
11639,512,165917,324.056641
11640,512,168833,329.751953
11641,512,159875,312.255859
11642,512,175042,341.878906
11643,512,175583,342.935547
11644,512,170875,333.740234
11645,512,182916,357.257812
11646,512,162292,316.976562
11647,512,177958,347.574219
11648,512,184042,359.457031
11649,512,196125,383.056641
11650,512,183334,358.074219
11651,512,171083,334.146484
11652,512,177916,347.492188
11653,512,169208,330.484375
11654,512,161834,316.082031
11655,512,170666,333.332031
11656,512,158042,308.675781
11657,512,163416,319.171875
11658,512,168625,329.345703
11659,512,162333,317.056641
11660,512,150959,294.841797
11661,512,167750,327.636719
11662,512,153750,300.292969
11663,512,166666,325.519531
11664,512,163708,319.742188
11665,512,152209,297.283203
11666,512,159750,312.011719
11667,512,151459,295.818359
11668,512,148958,290.933594
11669,512,157417,307.455078
11670,512,159916,312.335938
11671,512,155667,304.037109
11672,512,156583,305.826172
11673,512,152542,297.933594
11674,512,150167,293.294922
11675,512,151917,296.712891
11676,512,162292,316.976562
11677,512,149000,291.015625
11678,512,126750,247.558594
11679,512,120875,236.083984
11680,512,119292,232.992188
11681,512,125875,245.849609
11682,512,125125,244.384766
11683,512,123417,241.048828
11684,512,149958,292.886719
11685,512,163291,318.927734
11686,512,153959,300.701172
11687,512,154917,302.572266
11688,512,158417,309.408203
11689,512,146875,286.865234
11690,512,168125,328.369141
11691,512,154834,302.410156
11692,512,160958,314.371094
11693,512,153625,300.048828
11694,512,165750,323.730469
11695,512,162334,317.058594
11696,512,153458,299.722656
11697,512,151208,295.328125
11698,512,160292,313.070312
11699,512,148375,289.794922
11700,512,158916,310.382812
11701,512,147209,287.517578
11702,512,153666,300.128906
11703,512,158667,309.896484
11704,512,137125,267.822266
11705,512,154250,301.269531
11706,512,148417,289.876953
11707,512,159875,312.255859
11708,512,159167,310.873047
11709,512,173208,338.296875
11710,512,168000,328.125000
11711,512,151667,296.224609
11712,512,177458,346.597656
11713,512,145417,284.017578
11714,512,150583,294.107422
11715,512,143708,280.679688
11716,512,147584,288.250000
11717,512,153208,299.234375
11718,512,146292,285.726562
11719,512,156000,304.687500
11720,512,153000,298.828125
11721,512,152500,297.851562
11722,512,143208,279.703125
11723,512,139375,272.216797
11724,512,133041,259.845703
11725,512,139750,272.949219
11726,512,143667,280.599609
11727,512,151500,295.898438
11728,512,132958,259.683594
11729,512,142542,278.402344
11730,512,133208,260.171875
11731,512,133083,259.927734
11732,512,137792,269.125000
11733,512,129833,253.580078
11734,512,135833,265.298828
11735,512,136459,266.521484
11736,512,135416,264.484375
11737,512,130084,254.070312
11738,512,141875,277.099609
11739,512,134708,263.101562
11740,512,127375,248.779297
11741,512,138833,271.158203
11742,512,136833,267.251953
11743,512,130959,255.779297
11744,512,129541,253.009766
11745,512,131417,256.673828
11746,512,132500,258.789062
11747,512,125166,244.464844
11748,512,119750,233.886719
11749,512,131458,256.753906
11750,512,122333,238.931641
11751,512,136375,266.357422
11752,512,134875,263.427734
11753,512,128834,251.628906
11754,512,125375,244.873047
11755,512,131833,257.486328
11756,512,131542,256.917969
11757,512,122250,238.769531
11758,512,131416,256.671875
11759,512,129500,252.929688
11760,512,124125,242.431641
11761,512,126458,246.988281
11762,512,122334,238.933594
11763,512,122500,239.257812
11764,512,113875,222.412109
11765,512,122916,240.070312
11766,512,132250,258.300781
11767,512,138708,270.914062
11768,512,133250,260.253906
11769,512,152417,297.689453
11770,512,128125,250.244141
11771,512,149625,292.236328
11772,512,145791,284.748047
11773,512,167834,327.800781
11774,512,159292,311.117188
11775,512,141958,277.261719
11776,512,145375,283.935547
11777,512,133084,259.929688
11778,512,139916,273.273438
11779,512,147417,287.923828
11780,512,138416,270.343750
11781,512,131709,257.244141
11782,512,151583,296.060547
11783,512,135000,263.671875
11784,512,136333,266.275391
11785,512,129292,252.523438
11786,512,133792,261.312500
11787,512,151375,295.654297
11788,512,129500,252.929688
11789,512,125333,244.791016
11790,512,157250,307.128906
11791,512,139041,271.564453
11792,512,141292,275.960938
11793,512,132167,258.138672
11794,512,140000,273.437500
11795,512,140875,275.146484
11796,512,131416,256.671875
11797,512,132042,257.894531
11798,512,136875,267.333984
11799,512,125000,244.140625
11800,512,131041,255.939453
11801,512,131167,256.185547
11802,512,135833,265.298828
11803,512,145167,283.529297
11804,512,148583,290.201172
11805,512,139917,273.275391
11806,512,131250,256.347656
11807,512,134750,263.183594
11808,512,137708,268.960938
11809,512,136333,266.275391
11810,512,120584,235.515625
11811,512,119209,232.830078
11812,512,129458,252.847656
11813,512,117083,228.677734
11814,512,130417,254.720703
11815,512,127167,248.373047
11816,512,117375,229.248047
11817,512,115750,226.074219
11818,512,123250,240.722656
11819,512,120458,235.269531
11820,512,124084,242.351562
11821,512,120666,235.675781
11822,512,148500,290.039062
11823,512,132083,257.974609
11824,512,139292,272.054688
11825,512,126958,247.964844
11826,512,131208,256.265625
11827,512,154333,301.431641
11828,512,190458,371.988281
11829,512,146042,285.238281
11830,512,141416,276.203125
11831,512,136167,265.951172
11832,512,172375,336.669922
11833,512,160708,313.882812
11834,512,151958,296.792969
11835,512,163834,319.988281
11836,512,153625,300.048828
11837,512,145125,283.447266
11838,512,154250,301.269531
11839,512,141000,275.390625
11840,512,137791,269.123047
11841,512,131167,256.185547
11842,512,142083,277.505859
11843,512,144250,281.738281
11844,512,143625,280.517578
11845,512,145208,283.609375
11846,512,136834,267.253906
11847,512,131375,256.591797
11848,512,125833,245.767578
11849,512,132375,258.544922
11850,512,122958,240.152344
11851,512,127584,249.187500
11852,512,127917,249.837891
11853,512,123833,241.861328
11854,512,124250,242.675781
11855,512,120042,234.457031
11856,512,132042,257.894531
11857,512,119250,232.910156
11858,512,123250,240.722656
11859,512,125958,246.011719
11860,512,127125,248.291016
11861,512,111416,217.609375
11862,512,121959,238.201172
11863,512,120833,236.001953
11864,512,128458,250.894531
11865,512,120208,234.781250
11866,512,130084,254.070312
11867,512,123334,240.886719
11868,512,129458,252.847656
11869,512,132666,259.113281
11870,512,130792,255.453125
11871,512,113125,220.947266
11872,512,125125,244.384766
11873,512,121917,238.119141
11874,512,128541,251.056641
11875,512,119917,234.212891
11876,512,113209,221.111328
11877,512,138041,269.611328
11878,512,135333,264.322266
11879,512,118709,231.853516
11880,512,127125,248.291016
11881,512,129958,253.824219
11882,512,115333,225.259766
11883,512,144417,282.064453
11884,512,132250,258.300781
11885,512,129000,251.953125
11886,512,133916,261.554688
11887,512,128458,250.894531
11888,512,124209,242.595703
11889,512,123542,241.292969
11890,512,117500,229.492188
11891,512,124042,242.269531
11892,512,125916,245.929688
11893,512,116875,228.271484
11894,512,119042,232.503906
11895,512,131375,256.591797
11896,512,122333,238.931641
11897,512,121875,238.037109
11898,512,118625,231.689453
11899,512,120084,234.539062
11900,512,122666,239.582031
11901,512,120542,235.433594
11902,512,114708,224.039062
11903,512,113209,221.111328
11904,512,125417,244.955078
11905,512,122250,238.769531
11906,512,114125,222.900391
11907,512,120000,234.375000
11908,512,119958,234.292969
11909,512,115125,224.853516
11910,512,129333,252.603516
11911,512,113209,221.111328
11912,512,123208,240.640625
11913,512,120250,234.863281
11914,512,121375,237.060547
11915,512,112625,219.970703
11916,512,124458,243.082031
11917,512,116583,227.701172
11918,512,120417,235.189453
11919,512,121458,237.222656
11920,512,111125,217.041016
11921,512,117833,230.142578
11922,512,112000,218.750000
11923,512,110667,216.146484
11924,512,112917,220.541016
11925,512,114792,224.203125
11926,512,118625,231.689453
11927,512,113000,220.703125
11928,512,109000,212.890625
11929,512,118125,230.712891
11930,512,122209,238.689453
11931,512,120416,235.187500
11932,512,118458,231.363281
11933,512,115917,226.400391
11934,512,115583,225.748047
11935,512,110584,215.984375
11936,512,110667,216.146484
11937,512,108167,211.263672
11938,512,120959,236.248047
11939,512,115333,225.259766
11940,512,111292,217.367188
11941,512,114750,224.121094
11942,512,112792,220.296875
11943,512,112000,218.750000
11944,512,121834,237.957031
11945,512,119792,233.968750
11946,512,113583,221.841797
11947,512,109834,214.519531
11948,512,119625,233.642578
11949,512,119583,233.560547
11950,512,139750,272.949219
11951,512,120750,235.839844
11952,512,116083,226.724609
11953,512,111917,218.587891
11954,512,121333,236.978516
11955,512,119125,232.666016
11956,512,120000,234.375000
11957,512,126000,246.093750
11958,512,114834,224.285156
11959,512,121666,237.628906
11960,512,125625,245.361328
11961,512,117750,229.980469
11962,512,120833,236.001953
11963,512,114000,222.656250
11964,512,119000,232.421875
11965,512,134625,262.939453
11966,512,135208,264.078125
11967,512,140875,275.146484
11968,512,150542,294.027344
11969,512,124875,243.896484
11970,512,128041,250.080078
11971,512,119750,233.886719
11972,512,126917,247.884766
11973,512,114958,224.527344
11974,512,121667,237.630859
11975,512,118708,231.851562
11976,512,122250,238.769531
11977,512,127583,249.185547
11978,512,117417,229.330078
11979,512,116333,227.212891
11980,512,121083,236.490234
11981,512,119500,233.398438
11982,512,124833,243.814453
11983,512,122167,238.607422
11984,512,121208,236.734375
11985,512,118416,231.281250
11986,512,120167,234.701172
11987,512,114208,223.062500
11988,512,116833,228.189453
11989,512,117417,229.330078
11990,512,113000,220.703125
11991,512,114292,223.226562
11992,512,112208,219.156250
11993,512,112542,219.808594
11994,512,112166,219.074219
11995,512,114959,224.529297
11996,512,117708,229.898438
11997,512,118000,230.468750
11998,512,115666,225.910156
11999,512,117375,229.248047
12000,512,119250,232.910156
12001,512,116750,228.027344
12002,512,114625,223.876953
12003,512,119125,232.666016
12004,512,113333,221.353516
12005,512,111917,218.587891
12006,512,113833,222.330078
12007,512,116292,227.132812
12008,512,114292,223.226562
12009,512,114666,223.957031
12010,512,123709,241.619141
12011,512,116208,226.968750
12012,512,124291,242.755859
12013,512,117625,229.736328
12014,512,118125,230.712891
12015,512,116042,226.644531
12016,512,115250,225.097656
12017,512,117792,230.062500
12018,512,120292,234.945312
12019,512,116792,228.109375
12020,512,118041,230.548828
12021,512,113292,221.273438
12022,512,115875,226.318359
12023,512,114542,223.714844
12024,512,117250,229.003906
12025,512,114375,223.388672
12026,512,115667,225.912109
12027,512,118250,230.957031
12028,512,117875,230.224609
12029,512,114000,222.656250
12030,512,132375,258.544922
12031,512,116958,228.433594
12032,512,123208,240.640625
12033,512,134625,262.939453
12034,512,142625,278.564453
12035,512,147458,288.003906
12036,512,160750,313.964844
12037,512,193542,378.011719
12038,512,157500,307.617188
12039,512,146583,286.294922
12040,512,152208,297.281250
12041,512,147834,288.738281
12042,512,144208,281.656250
12043,512,146083,285.318359
12044,512,146708,286.539062
12045,512,135750,265.136719
12046,512,128625,251.220703
12047,512,126625,247.314453
12048,512,130167,254.232422
12049,512,122875,239.990234
12050,512,124834,243.816406
12051,512,127542,249.105469
12052,512,124458,243.082031
12053,512,131125,256.103516
12054,512,124542,243.246094
12055,512,120916,236.164062
12056,512,126334,246.746094
12057,512,120625,235.595703
12058,512,124500,243.164062
12059,512,121250,236.816406
12060,512,119375,233.154297
12061,512,119042,232.503906
12062,512,115625,225.830078
12063,512,117542,229.574219
12064,512,120875,236.083984
12065,512,119125,232.666016
12066,512,114250,223.144531
12067,512,120916,236.164062
12068,512,117750,229.980469
12069,512,116083,226.724609
12070,512,121584,237.468750
12071,512,112959,220.623047
12072,512,115667,225.912109
12073,512,114458,223.550781
12074,512,113834,222.332031
12075,512,112083,218.912109
12076,512,113666,222.003906
12077,512,111875,218.505859
12078,512,111875,218.505859
12079,512,113959,222.576172
12080,512,111875,218.505859
12081,512,110083,215.005859
12082,512,113458,221.597656
12083,512,114334,223.308594
12084,512,111167,217.123047
12085,512,111417,217.611328
12086,512,111500,217.773438
12087,512,124792,243.734375
12088,512,111125,217.041016
12089,512,113625,221.923828
12090,512,118084,230.632812
12091,512,112583,219.888672
12092,512,129917,253.744141
12093,512,165958,324.136719
12094,512,163916,320.148438
12095,512,123792,241.781250
12096,512,121667,237.630859
12097,512,121250,236.816406
12098,512,131500,256.835938
12099,512,122459,239.177734
12100,512,129125,252.197266
12101,512,120500,235.351562
12102,512,121542,237.386719
12103,512,122000,238.281250
12104,512,122750,239.746094
12105,512,129375,252.685547
12106,512,118625,231.689453
12107,512,138667,270.833984
12108,512,132083,257.974609
12109,512,129958,253.824219
12110,512,123292,240.804688
12111,512,122958,240.152344
12112,512,127542,249.105469
12113,512,120167,234.701172
12114,512,127791,249.591797
12115,512,136792,267.171875
12116,512,137583,268.716797
12117,512,328833,642.251953
12118,512,223292,436.117188
12119,512,216458,422.769531
12120,512,180417,352.376953
12121,512,191833,374.673828
12122,512,201625,393.798828
12123,512,188125,367.431641
12124,512,191584,374.187500
12125,512,191083,373.208984
12126,512,183833,359.048828
12127,512,179875,351.318359
12128,512,187542,366.292969
12129,512,179959,351.482422
12130,512,177125,345.947266
12131,512,166834,325.847656
12132,512,163958,320.230469
12133,512,183416,358.234375
12134,512,172917,337.728516
12135,512,184833,361.001953
12136,512,170250,332.519531
12137,512,170208,332.437500
12138,512,175667,343.099609
12139,512,198583,387.857422
12140,512,184625,360.595703
12141,512,189792,370.687500
12142,512,169958,331.949219
12143,512,187458,366.128906
12144,512,173042,337.972656
12145,512,192458,375.894531
12146,512,168667,329.427734
12147,512,167541,327.228516
12148,512,167959,328.044922
12149,512,168958,329.996094
12150,512,178000,347.656250
12151,512,177667,347.005859
12152,512,167125,326.416016
12153,512,160208,312.906250
12154,512,160458,313.394531
12155,512,156000,304.687500
12156,512,175083,341.958984
12157,512,202417,395.345703
12158,512,248417,485.189453
12159,512,214250,418.457031
12160,512,210084,410.320312
12161,512,206250,402.832031
12162,512,179333,350.259766
12163,512,176333,344.400391
12164,512,177209,346.111328
12165,512,166041,324.298828
12166,512,162625,317.626953
12167,512,172250,336.425781
12168,512,170833,333.658203
12169,512,166750,325.683594
12170,512,164375,321.044922
12171,512,186084,363.445312
12172,512,163041,318.439453
12173,512,155000,302.734375
12174,512,165167,322.591797
12175,512,174500,340.820312
12176,512,163458,319.253906
12177,512,169417,330.892578
12178,512,159500,311.523438
12179,512,155750,304.199219
12180,512,170750,333.496094
12181,512,151667,296.224609
12182,512,159875,312.255859
12183,512,171000,333.984375
12184,512,160916,314.289062
12185,512,167042,326.253906
12186,512,156625,305.908203
12187,512,180958,353.433594
12188,512,171042,334.066406
12189,512,153958,300.699219
12190,512,175292,342.367188
12191,512,162375,317.138672
12192,512,178125,347.900391
12193,512,166667,325.521484
12194,512,175750,343.261719
12195,512,170500,333.007812
12196,512,180250,352.050781
12197,512,165750,323.730469
12198,512,164625,321.533203
12199,512,155584,303.875000
12200,512,162042,316.488281
12201,512,168000,328.125000
12202,512,155375,303.466797
12203,512,203792,398.031250
12204,512,230834,450.847656
12205,512,233708,456.460938
12206,512,209833,409.830078
12207,512,200708,392.007812
12208,512,181125,353.759766
12209,512,168333,328.775391
12210,512,163417,319.173828
12211,512,163791,319.904297
12212,512,176584,344.890625
12213,512,160417,313.314453
12214,512,156000,304.687500
12215,512,154333,301.431641
12216,512,166334,324.871094
12217,512,160833,314.126953
12218,512,163958,320.230469
12219,512,159667,311.849609
12220,512,153125,299.072266
12221,512,148125,289.306641
12222,512,135625,264.892578
12223,512,161208,314.859375
12224,512,161958,316.324219
12225,512,155458,303.628906
12226,512,160875,314.208984
12227,512,149250,291.503906
12228,512,143209,279.705078
12229,512,155208,303.140625
12230,512,163083,318.521484
12231,512,153042,298.910156
12232,512,151625,296.142578
12233,512,155292,303.304688
12234,512,146125,285.400391
12235,512,138042,269.613281
12236,512,146541,286.212891
12237,512,152583,298.013672
12238,512,146417,285.970703
12239,512,153750,300.292969
12240,512,149042,291.097656
12241,512,143250,279.785156
12242,512,143750,280.761719
12243,512,161375,315.185547
12244,512,150625,294.189453
12245,512,163500,319.335938
12246,512,158958,310.464844
12247,512,172583,337.076172
12248,512,174292,340.414062
12249,512,194375,379.638672
12250,512,170333,332.681641
12251,512,182375,356.201172
12252,512,162417,317.220703
12253,512,173750,339.355469
12254,512,174000,339.843750
12255,512,185542,362.386719
12256,512,212917,415.853516
12257,512,191417,373.861328
12258,512,149333,291.666016
12259,512,153292,299.398438
12260,512,152542,297.933594
12261,512,136625,266.845703
12262,512,132250,258.300781
12263,512,130500,254.882812
12264,512,127667,249.349609
12265,512,124375,242.919922
12266,512,213083,416.177734
12267,512,232750,454.589844
12268,512,223458,436.441406
12269,512,189625,370.361328
12270,512,195959,382.732422
12271,512,185750,362.792969
12272,512,185209,361.736328
12273,512,181333,354.166016
12274,512,191958,374.917969
12275,512,195792,382.406250
12276,512,182459,356.365234
12277,512,197125,385.009766
12278,512,188292,367.757812
12279,512,195208,381.265625
12280,512,193166,377.277344
12281,512,188708,368.570312
12282,512,180000,351.562500
12283,512,192875,376.708984
12284,512,187708,366.617188
12285,512,196292,383.382812
12286,512,186791,364.826172
12287,512,212042,414.144531
12288,512,278125,543.212891
12289,512,218208,426.187500
12290,512,224708,438.882812
12291,512,208292,406.820312
12292,512,224125,437.744141
12293,512,200834,392.253906
12294,512,206416,403.156250
12295,512,210834,411.785156
12296,512,201875,394.287109
12297,512,186625,364.501953
12298,512,198208,387.125000
12299,512,225792,441.000000
12300,512,213666,417.316406
12301,512,150625,294.189453
12302,512,130709,255.291016
12303,512,133708,261.148438
12304,512,145417,284.017578
12305,512,134792,263.265625
12306,512,129542,253.011719
12307,512,129459,252.849609
12308,512,132209,258.220703
12309,512,126541,247.150391
12310,512,133750,261.230469
12311,512,130375,254.638672
12312,512,125375,244.873047
12313,512,127875,249.755859
12314,512,125667,245.443359
12315,512,125833,245.767578
12316,512,121917,238.119141
12317,512,120542,235.433594
12318,512,122917,240.072266
12319,512,127959,249.919922
12320,512,119583,233.560547
12321,512,118000,230.468750
12322,512,119458,233.316406
12323,512,117333,229.166016
12324,512,241625,471.923828
12325,512,225291,440.021484
12326,512,228042,445.394531
12327,512,239834,468.425781
12328,512,219459,428.630859
12329,512,229500,448.242188
12330,512,238083,465.005859
12331,512,217333,424.478516
12332,512,212458,414.957031
12333,512,194292,379.476562
12334,512,216791,423.419922
12335,512,195042,380.941406
12336,512,226666,442.707031
12337,512,210584,411.296875
12338,512,227792,444.906250
12339,512,199125,388.916016
12340,512,189542,370.199219
12341,512,197834,386.394531
12342,512,187166,365.558594
12343,512,197834,386.394531
12344,512,168291,328.693359
12345,512,169792,331.625000
12346,512,173208,338.296875
12347,512,165583,323.404297
12348,512,191500,374.023438
12349,512,222417,434.408203
12350,512,245250,479.003906
12351,512,216875,423.583984
12352,512,204208,398.843750
12353,512,211750,413.574219
12354,512,183333,358.072266
12355,512,173417,338.705078
12356,512,171459,334.880859
12357,512,175958,343.667969
12358,512,161333,315.103516
12359,512,169959,331.951172
12360,512,165958,324.136719
12361,512,171083,334.146484
12362,512,168167,328.451172
12363,512,151916,296.710938
12364,512,160709,313.884766
12365,512,154208,301.187500
12366,512,174042,339.925781
12367,512,158208,309.000000
12368,512,161250,314.941406
12369,512,157875,308.349609
12370,512,168416,328.937500
12371,512,145250,283.691406
12372,512,149000,291.015625
12373,512,149375,291.748047
12374,512,156667,305.990234
12375,512,152875,298.583984
12376,512,152583,298.013672
12377,512,156292,305.257812
12378,512,150625,294.189453
12379,512,142833,278.970703
12380,512,141625,276.611328
12381,512,155875,304.443359
12382,512,157667,307.943359
12383,512,154083,300.943359
12384,512,151125,295.166016
12385,512,160125,312.744141
12386,512,142542,278.402344
12387,512,149958,292.886719
12388,512,147708,288.492188
12389,512,152792,298.421875
12390,512,145500,284.179688
12391,512,144375,281.982422
12392,512,160875,314.208984
12393,512,162041,316.486328
12394,512,168750,329.589844
12395,512,167750,327.636719
12396,512,159834,312.175781
12397,512,176959,345.623047
12398,512,159625,311.767578
12399,512,179166,349.933594
12400,512,209042,408.285156
12401,512,223083,435.708984
12402,512,195292,381.429688
12403,512,171834,335.613281
12404,512,162459,317.302734
12405,512,159291,311.115234
12406,512,147709,288.494141
12407,512,146459,286.052734
12408,512,148458,289.957031
12409,512,150833,294.595703
12410,512,143500,280.273438
12411,512,141666,276.691406
12412,512,149667,292.318359
12413,512,139083,271.646484
12414,512,146000,285.156250
12415,512,154042,300.863281
12416,512,147125,287.353516
12417,512,144334,281.902344
12418,512,144709,282.634766
12419,512,136875,267.333984
12420,512,152209,297.283203
12421,512,137208,267.984375
12422,512,153750,300.292969
12423,512,128250,250.488281
12424,512,127750,249.511719
12425,512,137000,267.578125
12426,512,134167,262.044922
12427,512,148250,289.550781
12428,512,149167,291.341797
12429,512,153416,299.640625
12430,512,146875,286.865234
12431,512,128125,250.244141
12432,512,153125,299.072266
12433,512,140375,274.169922
12434,512,135292,264.242188
12435,512,141333,276.041016
12436,512,129625,253.173828
12437,512,157917,308.431641
12438,512,160583,313.638672
12439,512,147458,288.003906
12440,512,160542,313.558594
12441,512,136708,267.007812
12442,512,169792,331.625000
12443,512,158250,309.082031
12444,512,150375,293.701172
12445,512,156041,304.767578
12446,512,143500,280.273438
12447,512,153125,299.072266
12448,512,142542,278.402344
12449,512,140208,273.843750
12450,512,147167,287.435547
12451,512,144541,282.306641
12452,512,125625,245.361328
12453,512,136208,266.031250
12454,512,160917,314.291016
12455,512,198583,387.857422
12456,512,184292,359.945312
12457,512,177833,347.330078
12458,512,162875,318.115234
12459,512,143250,279.785156
12460,512,157167,306.966797
12461,512,156750,306.152344
12462,512,147625,288.330078
12463,512,138542,270.589844
12464,512,139333,272.134766
12465,512,137334,268.230469
12466,512,136709,267.009766
12467,512,143667,280.599609
12468,512,147541,288.166016
12469,512,130333,254.556641
12470,512,133500,260.742188
12471,512,130333,254.556641
12472,512,136458,266.519531
12473,512,132167,258.138672
12474,512,137166,267.902344
12475,512,126959,247.966797
12476,512,122041,238.361328
12477,512,122792,239.828125
12478,512,121209,236.736328
12479,512,144791,282.794922
12480,512,125875,245.849609
12481,512,126459,246.990234
12482,512,129834,253.582031
12483,512,139250,271.972656
12484,512,146666,286.457031
12485,512,125083,244.302734
12486,512,120334,235.027344
12487,512,134250,262.207031
12488,512,121500,237.304688
12489,512,135667,264.974609
12490,512,113333,221.353516
12491,512,116542,227.621094
12492,512,116583,227.701172
12493,512,120708,235.757812
12494,512,122000,238.281250
12495,512,117250,229.003906
12496,512,119334,233.074219
12497,512,119416,233.234375
12498,512,115250,225.097656
12499,512,122292,238.851562
12500,512,129208,252.359375
12501,512,126625,247.314453
12502,512,134416,262.531250
12503,512,177333,346.353516
12504,512,182583,356.607422
12505,512,147917,288.900391
12506,512,126833,247.720703
12507,512,137750,269.042969
12508,512,145625,284.423828
12509,512,126958,247.964844
12510,512,148334,289.714844
12511,512,143500,280.273438
12512,512,160292,313.070312
12513,512,153125,299.072266
12514,512,172541,336.994141
12515,512,203709,397.869141
12516,512,171208,334.390625
12517,512,129917,253.744141
12518,512,151459,295.818359
12519,512,149750,292.480469
12520,512,136041,265.705078
12521,512,166250,324.707031
12522,512,169209,330.486328
12523,512,163333,319.009766
12524,512,158125,308.837891
12525,512,156500,305.664062
12526,512,155042,302.816406
12527,512,161500,315.429688
12528,512,167750,327.636719
12529,512,157833,308.267578
12530,512,147791,288.654297
12531,512,149459,291.912109
12532,512,154708,302.164062
12533,512,146042,285.238281
12534,512,146750,286.621094
12535,512,130000,253.906250
12536,512,127416,248.859375
12537,512,143459,280.193359
12538,512,146500,286.132812
12539,512,117166,228.839844
12540,512,113125,220.947266
12541,512,110584,215.984375
12542,512,113333,221.353516
12543,512,109875,214.599609
12544,512,111750,218.261719
12545,512,114041,222.736328
12546,512,114084,222.820312
12547,512,112666,220.050781
12548,512,109834,214.519531
12549,512,111375,217.529297
12550,512,109125,213.134766
12551,512,110416,215.656250
12552,512,113458,221.597656
12553,512,114833,224.283203
12554,512,114208,223.062500
12555,512,109542,213.949219
12556,512,110250,215.332031
12557,512,109416,213.703125
12558,512,108209,211.345703
12559,512,105958,206.949219
12560,512,107541,210.041016
12561,512,114792,224.203125
12562,512,105833,206.705078
12563,512,110375,215.576172
12564,512,125292,244.710938
12565,512,123417,241.048828
12566,512,116916,228.351562
12567,512,110000,214.843750
12568,512,137584,268.718750
12569,512,127083,248.208984
12570,512,135125,263.916016
12571,512,114583,223.794922
12572,512,131333,256.509766
12573,512,142125,277.587891
12574,512,126000,246.093750
12575,512,126875,247.802734
12576,512,131500,256.835938
12577,512,116375,227.294922
12578,512,114208,223.062500
12579,512,114542,223.714844
12580,512,113042,220.785156
12581,512,111250,217.285156
12582,512,114833,224.283203
12583,512,133375,260.498047
12584,512,121042,236.410156
12585,512,116916,228.351562
12586,512,121958,238.199219
12587,512,129584,253.093750
12588,512,118000,230.468750
12589,512,115000,224.609375
12590,512,122834,239.910156
12591,512,121666,237.628906
12592,512,121667,237.630859
12593,512,121708,237.710938
12594,512,267792,523.031250
12595,512,216041,421.955078
12596,512,208542,407.308594
12597,512,217083,423.990234
12598,512,190250,371.582031
12599,512,202791,396.076172
12600,512,191500,374.023438
12601,512,194542,379.964844
12602,512,186917,365.072266
12603,512,208375,406.982422
12604,512,192958,376.871094
12605,512,191083,373.208984
12606,512,197333,385.416016
12607,512,184125,359.619141
12608,512,184584,360.515625
12609,512,210875,411.865234
12610,512,195750,382.324219
12611,512,203417,397.298828
12612,512,193708,378.335938
12613,512,182875,357.177734
12614,512,206500,403.320312
12615,512,198375,387.451172
12616,512,182875,357.177734
12617,512,211958,413.980469
12618,512,176375,344.482422
12619,512,184000,359.375000
12620,512,177792,347.250000
12621,512,176917,345.541016
12622,512,167667,327.474609
12623,512,170000,332.031250
12624,512,165583,323.404297
12625,512,172542,336.996094
12626,512,167458,327.066406
12627,512,197709,386.150391
12628,512,228041,445.392578
12629,512,269459,526.287109
12630,512,194083,379.068359
12631,512,171958,335.855469
12632,512,186917,365.072266
12633,512,189458,370.035156
12634,512,177167,346.029297
12635,512,183583,358.560547
12636,512,166875,325.927734
12637,512,171083,334.146484
12638,512,171875,335.693359
12639,512,163209,318.767578
12640,512,166958,326.089844
12641,512,168333,328.775391
12642,512,163459,319.255859
12643,512,169666,331.378906
12644,512,156375,305.419922
12645,512,160667,313.802734
12646,512,157750,308.105469
12647,512,175167,342.123047
12648,512,155791,304.279297
12649,512,155459,303.630859
12650,512,147250,287.597656
12651,512,149416,291.828125
12652,512,150958,294.839844
12653,512,148417,289.876953
12654,512,147583,288.248047
12655,512,141584,276.531250
12656,512,146791,286.701172
12657,512,152375,297.607422
12658,512,145333,283.853516
12659,512,146625,286.376953
12660,512,151500,295.898438
12661,512,149166,291.339844
12662,512,145250,283.691406
12663,512,149500,291.992188
12664,512,148625,290.283203
12665,512,150833,294.595703
12666,512,141542,276.449219
12667,512,145792,284.750000
12668,512,146000,285.156250
12669,512,158750,310.058594
12670,512,167875,327.880859
12671,512,162083,316.568359
12672,512,174750,341.308594
12673,512,195834,382.488281
12674,512,149666,292.316406
12675,512,150584,294.109375
12676,512,170500,333.007812
12677,512,156917,306.478516
12678,512,189417,369.955078
12679,512,200500,391.601562
12680,512,220958,431.558594
12681,512,197167,385.091797
12682,512,172042,336.019531
12683,512,165417,323.080078
12684,512,166791,325.763672
12685,512,177042,345.785156
12686,512,152375,297.607422
12687,512,148625,290.283203
12688,512,152625,298.095703
12689,512,147125,287.353516
12690,512,152709,298.259766
12691,512,149916,292.804688
12692,512,147958,288.980469
12693,512,159459,311.443359
12694,512,152125,297.119141
12695,512,149250,291.503906
12696,512,144375,281.982422
12697,512,152416,297.687500
12698,512,146584,286.296875
12699,512,138250,270.019531
12700,512,181625,354.736328
12701,512,149167,291.341797
12702,512,136542,266.683594
12703,512,140000,273.437500
12704,512,143000,279.296875
12705,512,150000,292.968750
12706,512,145458,284.097656
12707,512,141583,276.529297
12708,512,138125,269.775391
12709,512,132583,258.951172
12710,512,132917,259.603516
12711,512,131458,256.753906
12712,512,139083,271.646484
12713,512,132834,259.441406
12714,512,145334,283.855469
12715,512,131541,256.916016
12716,512,123167,240.560547
12717,512,133208,260.171875
12718,512,135917,265.462891
12719,512,143334,279.949219
12720,512,146625,286.376953
12721,512,225625,440.673828
12722,512,159042,310.628906
12723,512,183959,359.294922
12724,512,152875,298.583984
12725,512,165792,323.812500
12726,512,158167,308.919922
12727,512,164583,321.451172
12728,512,170458,332.925781
12729,512,165750,323.730469
12730,512,191834,374.675781
12731,512,188500,368.164062
12732,512,194125,379.150391
12733,512,183917,359.212891
12734,512,136333,266.275391
12735,512,144792,282.796875
12736,512,133625,260.986328
12737,512,162125,316.650391
12738,512,168084,328.289062
12739,512,171416,334.796875
12740,512,158459,309.490234
12741,512,156166,305.011719
12742,512,163334,319.011719
12743,512,154166,301.105469
12744,512,253375,494.873047
12745,512,199458,389.566406
12746,512,186167,363.607422
12747,512,187125,365.478516
12748,512,179167,349.935547
12749,512,178500,348.632812
12750,512,199833,390.298828
12751,512,168416,328.937500
12752,512,187375,365.966797
12753,512,173125,338.134766
12754,512,182458,356.363281
12755,512,188084,367.351562
12756,512,177625,346.923828
12757,512,172166,336.261719
12758,512,182834,357.097656
12759,512,172458,336.832031
12760,512,171708,335.367188
12761,512,156542,305.746094
12762,512,194458,379.800781
12763,512,181958,355.386719
12764,512,188375,367.919922
12765,512,175875,343.505859
12766,512,204916,400.226562
12767,512,183334,358.074219
12768,512,189416,369.953125
12769,512,186000,363.281250
12770,512,169084,330.242188
12771,512,158291,309.162109
12772,512,165292,322.835938
12773,512,179458,350.503906
12774,512,165584,323.406250
12775,512,158375,309.326172
12776,512,152875,298.583984
12777,512,156291,305.255859
12778,512,156959,306.560547
12779,512,195791,382.404297
12780,512,214875,419.677734
12781,512,212209,414.470703
12782,512,202250,395.019531
12783,512,183833,359.048828
12784,512,178750,349.121094
12785,512,159833,312.173828
12786,512,158542,309.652344
12787,512,160083,312.662109
12788,512,149500,291.992188
12789,512,159542,311.605469
12790,512,138042,269.613281
12791,512,152041,296.955078
12792,512,156042,304.769531
12793,512,148125,289.306641
12794,512,147750,288.574219
12795,512,145666,284.503906
12796,512,152042,296.957031
12797,512,133958,261.636719
12798,512,149708,292.398438
12799,512,167542,327.230469
12800,512,133916,261.554688
12801,512,142208,277.750000
12802,512,156500,305.664062
12803,512,159750,312.011719
12804,512,133541,260.822266
12805,512,144000,281.250000
12806,512,152167,297.201172
12807,512,151125,295.166016
12808,512,157125,306.884766
12809,512,143500,280.273438
12810,512,148875,290.771484
12811,512,145458,284.097656
12812,512,161542,315.511719
12813,512,147166,287.433594
12814,512,153833,300.455078
12815,512,160375,313.232422
12816,512,142667,278.646484
12817,512,143958,281.167969
12818,512,167500,327.148438
12819,512,155375,303.466797
12820,512,165833,323.892578
12821,512,152667,298.177734
12822,512,147333,287.759766
12823,512,145833,284.830078
12824,512,142708,278.726562
12825,512,150417,293.783203
12826,512,143041,279.376953
12827,512,144042,281.332031
12828,512,140708,274.820312
12829,512,136042,265.707031
12830,512,148541,290.119141
12831,512,145625,284.423828
12832,512,140125,273.681641
12833,512,180958,353.433594
12834,512,196750,384.277344
12835,512,173875,339.599609
12836,512,200375,391.357422
12837,512,179583,350.748047
12838,512,171166,334.308594
12839,512,158667,309.896484
12840,512,144833,282.876953
12841,512,151417,295.736328
12842,512,136708,267.007812
12843,512,144875,282.958984
12844,512,143375,280.029297
12845,512,145333,283.853516
12846,512,137875,269.287109
12847,512,135334,264.324219
12848,512,132416,258.625000
12849,512,123125,240.478516
12850,512,126708,247.476562
12851,512,145875,284.912109
12852,512,129875,253.662109
12853,512,138333,270.181641
12854,512,131833,257.486328
12855,512,126625,247.314453
12856,512,141375,276.123047
12857,512,148500,290.039062
12858,512,124792,243.734375
12859,512,129292,252.523438
12860,512,124125,242.431641
12861,512,129583,253.091797
12862,512,125625,245.361328
12863,512,123542,241.292969
12864,512,118208,230.875000
12865,512,134292,262.289062
12866,512,128708,251.382812
12867,512,122958,240.152344
12868,512,136583,266.763672
12869,512,124083,242.349609
12870,512,124417,243.001953
12871,512,123417,241.048828
12872,512,114041,222.736328
12873,512,123167,240.560547
12874,512,130958,255.777344
12875,512,109333,213.541016
12876,512,128958,251.871094
12877,512,123750,241.699219
12878,512,125375,244.873047
12879,512,123958,242.105469
12880,512,127375,248.779297
12881,512,121750,237.792969
12882,512,128584,251.140625
12883,512,121750,237.792969
12884,512,143750,280.761719
12885,512,124792,243.734375
12886,512,133416,260.578125
12887,512,133209,260.173828
12888,512,167375,326.904297
12889,512,138500,270.507812
12890,512,138250,270.019531
12891,512,133375,260.498047
12892,512,135250,264.160156
12893,512,155667,304.037109
12894,512,174833,341.470703
12895,512,193541,378.009766
12896,512,186417,364.095703
12897,512,178792,349.203125
12898,512,155250,303.222656
12899,512,135666,264.972656
12900,512,144458,282.144531
12901,512,146417,285.970703
12902,512,147416,287.921875
12903,512,134209,262.126953
12904,512,127958,249.917969
12905,512,133292,260.335938
12906,512,137666,268.878906
12907,512,120875,236.083984
12908,512,114959,224.529297
12909,512,133458,260.660156
12910,512,126708,247.476562
12911,512,129500,252.929688
12912,512,129750,253.417969
12913,512,119375,233.154297
12914,512,116708,227.945312
12915,512,126166,246.417969
12916,512,133000,259.765625
12917,512,113250,221.191406
12918,512,120167,234.701172
12919,512,117458,229.410156
12920,512,121792,237.875000
12921,512,115209,225.017578
12922,512,123041,240.314453
12923,512,123292,240.804688
12924,512,129958,253.824219
12925,512,134917,263.509766
12926,512,118083,230.630859
12927,512,119334,233.074219
12928,512,123750,241.699219
12929,512,114125,222.900391
12930,512,120292,234.945312
12931,512,134250,262.207031
12932,512,133083,259.927734
12933,512,114792,224.203125
12934,512,106375,207.763672
12935,512,123375,240.966797
12936,512,117583,229.654297
12937,512,110917,216.634766
12938,512,114208,223.062500
12939,512,121750,237.792969
12940,512,115167,224.935547
12941,512,113583,221.841797
12942,512,123125,240.478516
12943,512,156000,304.687500
12944,512,199209,389.080078
12945,512,147708,288.492188
12946,512,147292,287.679688
12947,512,138000,269.531250
12948,512,138292,270.101562
12949,512,140625,274.658203
12950,512,144708,282.632812
12951,512,154000,300.781250
12952,512,150333,293.619141
12953,512,161375,315.185547
12954,512,159000,310.546875
12955,512,195083,381.021484
12956,512,182292,356.039062
12957,512,197916,386.554688
12958,512,194917,380.697266
12959,512,164166,320.636719
12960,512,164500,321.289062
12961,512,143458,280.191406
12962,512,136000,265.625000
12963,512,138125,269.775391
12964,512,130291,254.474609
12965,512,132917,259.603516
12966,512,123167,240.560547
12967,512,123125,240.478516
12968,512,126459,246.990234
12969,512,123000,240.234375
12970,512,122083,238.443359
12971,512,131625,257.080078
12972,512,129917,253.744141
12973,512,121458,237.222656
12974,512,126042,246.175781
12975,512,118666,231.769531
12976,512,120792,235.921875
12977,512,121541,237.384766
12978,512,120667,235.677734
12979,512,142417,278.158203
12980,512,113000,220.703125
12981,512,137583,268.716797
12982,512,119416,233.234375
12983,512,113500,221.679688
12984,512,129458,252.847656
12985,512,127250,248.535156
12986,512,133875,261.474609
12987,512,131084,256.023438
12988,512,127625,249.267578
12989,512,130458,254.800781
12990,512,125875,245.849609
12991,512,132292,258.382812
12992,512,123583,241.373047
12993,512,114042,222.738281
12994,512,133042,259.847656
12995,512,128792,251.546875
12996,512,141084,275.554688
12997,512,146666,286.457031
12998,512,140167,273.763672
12999,512,117708,229.898438
13000,512,143875,281.005859
13001,512,128125,250.244141
13002,512,136750,267.089844
13003,512,118750,231.933594
13004,512,148250,289.550781
13005,512,126834,247.722656
13006,512,124375,242.919922
13007,512,123542,241.292969
13008,512,119583,233.560547
13009,512,128667,251.302734
13010,512,128959,251.873047
13011,512,128125,250.244141
13012,512,115000,224.609375
13013,512,116500,227.539062
13014,512,118584,231.609375
13015,512,116375,227.294922
13016,512,118000,230.468750
13017,512,130458,254.800781
13018,512,130666,255.207031
13019,512,120709,235.759766
13020,512,114209,223.064453
13021,512,112459,219.646484
13022,512,112292,219.320312
13023,512,117667,229.818359
13024,512,120084,234.539062
13025,512,118000,230.468750
13026,512,127166,248.371094
13027,512,116709,227.947266
13028,512,127375,248.779297
13029,512,131334,256.511719
13030,512,125875,245.849609
13031,512,126417,246.908203
13032,512,122291,238.849609
13033,512,115084,224.773438
13034,512,118583,231.607422
13035,512,124125,242.431641
13036,512,118042,230.550781
13037,512,108833,212.564453
13038,512,110833,216.470703
13039,512,111250,217.285156
13040,512,111875,218.505859
13041,512,114459,223.552734
13042,512,108792,212.484375
13043,512,113833,222.330078
13044,512,118792,232.015625
13045,512,116084,226.726562
13046,512,125417,244.955078
13047,512,118792,232.015625
13048,512,108334,211.589844
13049,512,112958,220.621094
13050,512,113750,222.167969
13051,512,108208,211.343750
13052,512,116541,227.619141
13053,512,116458,227.457031
13054,512,128000,250.000000
13055,512,119250,232.910156
13056,512,120292,234.945312
13057,512,133916,261.554688
13058,512,119542,233.480469
13059,512,118166,230.792969
13060,512,115500,225.585938
13061,512,115083,224.771484
13062,512,136584,266.765625
13063,512,137000,267.578125
13064,512,121417,237.142578
13065,512,120667,235.677734
13066,512,142041,277.423828
13067,512,123417,241.048828
13068,512,129500,252.929688
13069,512,137958,269.449219
13070,512,130209,254.314453
13071,512,122666,239.582031
13072,512,129334,252.605469
13073,512,144416,282.062500
13074,512,124000,242.187500
13075,512,134042,261.800781
13076,512,120083,234.537109
13077,512,127917,249.837891
13078,512,120875,236.083984
13079,512,140500,274.414062
13080,512,130208,254.312500
13081,512,122792,239.828125
13082,512,119750,233.886719
13083,512,121333,236.978516
13084,512,117750,229.980469
13085,512,123167,240.560547
13086,512,125833,245.767578
13087,512,128708,251.382812
13088,512,129250,252.441406
13089,512,128125,250.244141
13090,512,121000,236.328125
13091,512,117542,229.574219
13092,512,122041,238.361328
13093,512,120292,234.945312
13094,512,124958,244.058594
13095,512,119833,234.048828
13096,512,121000,236.328125
13097,512,117792,230.062500
13098,512,119833,234.048828
13099,512,117833,230.142578
13100,512,122416,239.093750
13101,512,115125,224.853516
13102,512,111167,217.123047
13103,512,114958,224.527344
13104,512,112833,220.376953
13105,512,116042,226.644531
13106,512,112541,219.806641
13107,512,112750,220.214844
13108,512,107959,210.857422
13109,512,111416,217.609375
13110,512,114584,223.796875
13111,512,112041,218.830078
13112,512,113708,222.085938
13113,512,107375,209.716797
13114,512,115333,225.259766
13115,512,116083,226.724609
13116,512,105125,205.322266
13117,512,112292,219.320312
13118,512,108875,212.646484
13119,512,110500,215.820312
13120,512,106834,208.660156
13121,512,111208,217.203125
13122,512,103875,202.880859
13123,512,107250,209.472656
13124,512,106417,207.845703
13125,512,112875,220.458984
13126,512,106250,207.519531
13127,512,108500,211.914062
13128,512,108250,211.425781
13129,512,110959,216.716797
13130,512,108416,211.750000
13131,512,106583,208.169922
13132,512,106875,208.740234
13133,512,111250,217.285156
13134,512,107209,209.392578
13135,512,103916,202.960938
13136,512,110584,215.984375
13137,512,108834,212.566406
13138,512,108875,212.646484
13139,512,114625,223.876953
13140,512,103334,201.824219
13141,512,103083,201.333984
13142,512,111625,218.017578
13143,512,105791,206.623047
13144,512,103584,202.312500
13145,512,111292,217.367188
13146,512,104916,204.914062
13147,512,104417,203.939453
13148,512,106500,208.007812
13149,512,123333,240.884766
13150,512,115000,224.609375
13151,512,120042,234.457031
13152,512,127541,249.103516
13153,512,136000,265.625000
13154,512,141334,276.042969
13155,512,132166,258.136719
13156,512,115834,226.238281
13157,512,128375,250.732422
13158,512,132875,259.521484
13159,512,110709,216.228516
13160,512,115500,225.585938
13161,512,117833,230.142578
13162,512,113292,221.273438
13163,512,121500,237.304688
13164,512,111958,218.667969
13165,512,112542,219.808594
13166,512,114000,222.656250
13167,512,111166,217.121094
13168,512,113292,221.273438
13169,512,121541,237.384766
13170,512,116875,228.271484
13171,512,109250,213.378906
13172,512,114042,222.738281
13173,512,113542,221.761719
13174,512,112708,220.132812
13175,512,117541,229.572266
13176,512,110750,216.308594
13177,512,110917,216.634766
13178,512,113625,221.923828
13179,512,110084,215.007812
13180,512,118000,230.468750
13181,512,111500,217.773438
13182,512,111167,217.123047
13183,512,111166,217.121094
13184,512,111042,216.878906
13185,512,120792,235.921875
13186,512,123833,241.861328
13187,512,113583,221.841797
13188,512,109625,214.111328
13189,512,110292,215.414062
13190,512,112166,219.074219
13191,512,112459,219.646484
13192,512,103084,201.335938
13193,512,109167,213.216797
13194,512,107833,210.611328
13195,512,105375,205.810547
13196,512,111584,217.937500
13197,512,109417,213.705078
13198,512,105042,205.160156
13199,512,106375,207.763672
13200,512,104917,204.916016
13201,512,109958,214.761719
13202,512,104791,204.669922
13203,512,121917,238.119141
13204,512,114000,222.656250
13205,512,107625,210.205078
13206,512,110584,215.984375
13207,512,110958,216.714844
13208,512,105542,206.136719
13209,512,122250,238.769531
13210,512,110333,215.494141
13211,512,108209,211.345703
13212,512,108500,211.914062
13213,512,109458,213.785156
13214,512,110834,216.472656
13215,512,109375,213.623047
13216,512,109875,214.599609
13217,512,110208,215.250000
13218,512,127083,248.208984
13219,512,121167,236.654297
13220,512,122791,239.826172
13221,512,140542,274.496094
13222,512,173208,338.296875
13223,512,157916,308.429688
13224,512,128834,251.628906
13225,512,143125,279.541016
13226,512,158916,310.382812
13227,512,176167,344.076172
13228,512,128917,251.791016
13229,512,153750,300.292969
13230,512,141125,275.634766
13231,512,127875,249.755859
13232,512,232042,453.207031
13233,512,178541,348.712891
13234,512,155500,303.710938
13235,512,142792,278.890625
13236,512,129000,251.953125
13237,512,126666,247.394531
13238,512,127083,248.208984
13239,512,129584,253.093750
13240,512,123500,241.210938
13241,512,123000,240.234375
13242,512,124125,242.431641
13243,512,123292,240.804688
13244,512,123791,241.779297
13245,512,121375,237.060547
13246,512,119583,233.560547
13247,512,123667,241.537109
13248,512,114083,222.818359
13249,512,118542,231.527344
13250,512,119125,232.666016
13251,512,112833,220.376953
13252,512,116042,226.644531
13253,512,119500,233.398438
13254,512,113167,221.029297
13255,512,114833,224.283203
13256,512,116792,228.109375
13257,512,110542,215.902344
13258,512,121958,238.199219
13259,512,117583,229.654297
13260,512,114625,223.876953
13261,512,115167,224.935547
13262,512,120958,236.246094
13263,512,114125,222.900391
13264,512,115958,226.480469
13265,512,112583,219.888672
13266,512,114542,223.714844
13267,512,113833,222.330078
13268,512,117417,229.330078
13269,512,114417,223.470703
13270,512,113083,220.865234
13271,512,113542,221.761719
13272,512,113833,222.330078
13273,512,112041,218.830078
13274,512,116209,226.970703
13275,512,113083,220.865234
13276,512,109583,214.029297
13277,512,115375,225.341797
13278,512,113083,220.865234
13279,512,119834,234.050781
13280,512,112333,219.400391
13281,512,108916,212.726562
13282,512,111292,217.367188
13283,512,110791,216.388672
13284,512,109834,214.519531
13285,512,119375,233.154297
13286,512,114833,224.283203
13287,512,110083,215.005859
13288,512,114125,222.900391
13289,512,123750,241.699219
13290,512,109042,212.972656
13291,512,121167,236.654297
13292,512,120708,235.757812
13293,512,113625,221.923828
13294,512,139250,271.972656
13295,512,133750,261.230469
13296,512,132000,257.812500
13297,512,143333,279.947266
13298,512,160042,312.582031
13299,512,136750,267.089844
13300,512,154834,302.410156
13301,512,143458,280.191406
13302,512,145833,284.830078
13303,512,185791,362.873047
13304,512,128083,250.162109
13305,512,128834,251.628906
13306,512,128000,250.000000
13307,512,127500,249.023438
13308,512,125500,245.117188
13309,512,124209,242.595703
13310,512,120916,236.164062
13311,512,120000,234.375000
13312,512,121792,237.875000
13313,512,124292,242.757812
13314,512,116833,228.189453
13315,512,116208,226.968750
13316,512,118833,232.095703
13317,512,120542,235.433594
13318,512,122625,239.501953
13319,512,117583,229.654297
13320,512,111958,218.667969
13321,512,115167,224.935547
13322,512,115250,225.097656
13323,512,119083,232.583984
13324,512,117125,228.759766
13325,512,113208,221.109375
13326,512,113458,221.597656
13327,512,118167,230.794922
13328,512,113500,221.679688
13329,512,119125,232.666016
13330,512,117792,230.062500
13331,512,117208,228.921875
13332,512,118542,231.527344
13333,512,111125,217.041016
13334,512,114000,222.656250
13335,512,111666,218.097656
13336,512,112375,219.482422
13337,512,116375,227.294922
13338,512,115000,224.609375
13339,512,118542,231.527344
13340,512,111458,217.691406
13341,512,111417,217.611328
13342,512,115083,224.771484
13343,512,111000,216.796875
13344,512,116583,227.701172
13345,512,118250,230.957031
13346,512,114250,223.144531
13347,512,115416,225.421875
13348,512,118042,230.550781
13349,512,119500,233.398438
13350,512,117250,229.003906
13351,512,125083,244.302734
13352,512,123750,241.699219
13353,512,130833,255.533203
13354,512,148417,289.876953
13355,512,122542,239.339844
13356,512,143875,281.005859
13357,512,128750,251.464844
13358,512,129333,252.603516
13359,512,120792,235.921875
13360,512,122042,238.363281
13361,512,117125,228.759766
13362,512,123000,240.234375
13363,512,120792,235.921875
13364,512,116375,227.294922
13365,512,114125,222.900391
13366,512,122542,239.339844
13367,512,115750,226.074219
13368,512,121542,237.386719
13369,512,129625,253.173828
13370,512,134166,262.042969
13371,512,124084,242.351562
13372,512,127750,249.511719
13373,512,144708,282.632812
13374,512,129250,252.441406
13375,512,121333,236.978516
13376,512,125625,245.361328
13377,512,141541,276.447266
13378,512,126667,247.396484
13379,512,122541,239.337891
13380,512,122583,239.419922
13381,512,121709,237.712891
13382,512,119833,234.048828
13383,512,118833,232.095703
13384,512,119958,234.292969
13385,512,311209,607.830078
13386,512,259041,505.939453
13387,512,242500,473.632812
13388,512,176625,344.970703
13389,512,226500,442.382812
13390,512,208708,407.632812
13391,512,193750,378.417969
13392,512,181375,354.248047
13393,512,204500,399.414062
13394,512,175709,343.181641
13395,512,194791,380.451172
13396,512,173708,339.273438
13397,512,179750,351.074219
13398,512,177333,346.353516
13399,512,208875,407.958984
13400,512,218875,427.490234
13401,512,184167,359.701172
13402,512,188167,367.513672
13403,512,191292,373.617188
13404,512,191958,374.917969
13405,512,187542,366.292969
13406,512,200000,390.625000
13407,512,187167,365.560547
13408,512,183750,358.886719
13409,512,204291,399.005859
13410,512,173334,338.542969
13411,512,196250,383.300781
13412,512,202959,396.404297
13413,512,214917,419.759766
13414,512,257791,503.498047
13415,512,272625,532.470703
13416,512,296833,579.751953
13417,512,258125,504.150391
13418,512,228458,446.207031
13419,512,203083,396.646484
13420,512,187000,365.234375
13421,512,186458,364.175781
13422,512,212833,415.689453
13423,512,257250,502.441406
13424,512,251834,491.863281
13425,512,307333,600.259766
13426,512,317375,619.873047
13427,512,487958,953.042969
13428,512,439792,858.968750
13429,512,425417,830.892578
13430,512,383792,749.593750
13431,512,414500,809.570312
13432,512,372583,727.701172
13433,512,353000,689.453125
13434,512,362000,707.031250
13435,512,503000,982.421875
13436,512,445875,870.849609
13437,512,405792,792.562500
13438,512,415916,812.335938
13439,512,486917,951.009766
13440,512,537917,1050.619141
13441,512,413916,808.429688
13442,512,400750,782.714844
13443,512,418834,818.035156
13444,512,358500,700.195312
13445,512,311792,608.968750
13446,512,263208,514.078125
13447,512,263709,515.056641
13448,512,261708,511.148438
13449,512,218916,427.570312
13450,512,232583,454.263672
13451,512,234542,458.089844
13452,512,293583,573.404297
13453,512,211334,412.761719
13454,512,194750,380.371094
13455,512,191375,373.779297
13456,512,202875,396.240234
13457,512,177417,346.517578
13458,512,186083,363.443359
13459,512,185209,361.736328
13460,512,194416,379.718750
13461,512,172459,336.833984
13462,512,195750,382.324219
13463,512,169125,330.322266
13464,512,151625,296.142578
13465,512,166708,325.601562
13466,512,162167,316.732422
13467,512,151833,296.548828
13468,512,161709,315.837891
13469,512,154666,302.082031
13470,512,149542,292.074219
13471,512,137583,268.716797
13472,512,149916,292.804688
13473,512,146042,285.238281
13474,512,148000,289.062500
13475,512,160542,313.558594
13476,512,147792,288.656250
13477,512,177125,345.947266
13478,512,218000,425.781250
13479,512,200542,391.683594
13480,512,167125,326.416016
13481,512,176334,344.402344
13482,512,144792,282.796875
13483,512,158750,310.058594
13484,512,149458,291.910156
13485,512,144000,281.250000
13486,512,135167,263.998047
13487,512,141416,276.203125
13488,512,139250,271.972656
13489,512,149417,291.830078
13490,512,155042,302.816406
13491,512,135041,263.751953
13492,512,135084,263.835938
13493,512,143583,280.435547
13494,512,137458,268.472656
13495,512,142750,278.808594
13496,512,133125,260.009766
13497,512,139291,272.052734
13498,512,129750,253.417969
13499,512,134417,262.533203
13500,512,136833,267.251953
13501,512,140667,274.740234
13502,512,135750,265.136719
13503,512,130625,255.126953
13504,512,141334,276.042969
13505,512,136792,267.171875
13506,512,131083,256.021484
13507,512,131375,256.591797
13508,512,130083,254.068359
13509,512,135709,265.056641
13510,512,144458,282.144531
13511,512,135000,263.671875
13512,512,129708,253.335938
13513,512,137917,269.369141
13514,512,124958,244.058594
13515,512,136958,267.496094
13516,512,127917,249.837891
13517,512,140833,275.064453
13518,512,138125,269.775391
13519,512,146458,286.050781
13520,512,136125,265.869141
13521,512,133333,260.416016
13522,512,131583,256.998047
13523,512,124375,242.919922
13524,512,131959,257.732422
13525,512,136584,266.765625
13526,512,118416,231.281250
13527,512,138459,270.427734
13528,512,148834,290.691406
13529,512,145417,284.017578
13530,512,144708,282.632812
13531,512,140083,273.599609
13532,512,138208,269.937500
13533,512,152958,298.746094
13534,512,188625,368.408203
13535,512,174333,340.494141
13536,512,176000,343.750000
13537,512,186708,364.664062
13538,512,186542,364.339844
13539,512,167417,326.986328
13540,512,142208,277.750000
13541,512,136334,266.277344
13542,512,129583,253.091797
13543,512,138708,270.914062
13544,512,127625,249.267578
13545,512,136042,265.707031
13546,512,146916,286.945312
13547,512,147250,287.597656
13548,512,131500,256.835938
13549,512,139333,272.134766
13550,512,127417,248.861328
13551,512,137292,268.148438
13552,512,144500,282.226562
13553,512,119750,233.886719
13554,512,131291,256.427734
13555,512,124417,243.001953
13556,512,142083,277.505859
13557,512,127208,248.453125
13558,512,128083,250.162109
13559,512,136875,267.333984
13560,512,121584,237.468750
13561,512,131083,256.021484
13562,512,128458,250.894531
13563,512,135167,263.998047
13564,512,129833,253.580078
13565,512,123084,240.398438
13566,512,141125,275.634766
13567,512,133000,259.765625
13568,512,126750,247.558594
13569,512,136500,266.601562
13570,512,131042,255.941406
13571,512,124167,242.513672
13572,512,130916,255.695312
13573,512,129792,253.500000
13574,512,138708,270.914062
13575,512,122459,239.177734
13576,512,141875,277.099609
13577,512,144458,282.144531
13578,512,143750,280.761719
13579,512,119625,233.642578
13580,512,143625,280.517578
13581,512,132333,258.462891
13582,512,135708,265.054688
13583,512,138292,270.101562
13584,512,129666,253.253906
13585,512,128625,251.220703
13586,512,128250,250.488281
13587,512,130417,254.720703
13588,512,126291,246.662109
13589,512,121292,236.898438
13590,512,137417,268.392578
13591,512,116709,227.947266
13592,512,116417,227.376953
13593,512,133167,260.091797
13594,512,142583,278.482422
13595,512,162833,318.033203
13596,512,173459,338.787109
13597,512,172625,337.158203
13598,512,167625,327.392578
13599,512,164958,322.183594
13600,512,135709,265.056641
13601,512,138250,270.019531
13602,512,145084,283.367188
13603,512,136417,266.439453
13604,512,132250,258.300781
13605,512,129042,252.035156
13606,512,129542,253.011719
13607,512,128792,251.546875
13608,512,130167,254.232422
13609,512,131792,257.406250
13610,512,128125,250.244141
13611,512,123125,240.478516
13612,512,129209,252.361328
13613,512,118709,231.853516
13614,512,126666,247.394531
13615,512,119875,234.130859
13616,512,114292,223.226562
13617,512,120166,234.699219
13618,512,121417,237.142578
13619,512,115416,225.421875
13620,512,117750,229.980469
13621,512,126250,246.582031
13622,512,116125,226.806641
13623,512,131542,256.917969
13624,512,115333,225.259766
13625,512,115042,224.691406
13626,512,117375,229.248047
13627,512,120875,236.083984
13628,512,124750,243.652344
13629,512,116500,227.539062
13630,512,111542,217.855469
13631,512,114500,223.632812
13632,512,117541,229.572266
13633,512,116333,227.212891
13634,512,113875,222.412109
13635,512,117875,230.224609
13636,512,107417,209.798828
13637,512,114959,224.529297
13638,512,113458,221.597656
13639,512,113833,222.330078
13640,512,111292,217.367188
13641,512,113583,221.841797
13642,512,113958,222.574219
13643,512,120208,234.781250
13644,512,113209,221.111328
13645,512,125375,244.873047
13646,512,171584,335.125000
13647,512,160708,313.882812
13648,512,125042,244.222656
13649,512,129416,252.765625
13650,512,129875,253.662109
13651,512,127458,248.941406
13652,512,154750,302.246094
13653,512,127375,248.779297
13654,512,123209,240.642578
13655,512,123916,242.023438
13656,512,118042,230.550781
13657,512,124375,242.919922
13658,512,122667,239.583984
13659,512,144625,282.470703
13660,512,159667,311.849609
13661,512,199708,390.054688
13662,512,143833,280.923828
13663,512,134625,262.939453
13664,512,133583,260.904297
13665,512,132708,259.195312
13666,512,144084,281.414062
13667,512,172333,336.587891
13668,512,169458,330.972656
13669,512,166625,325.439453
13670,512,179292,350.179688
13671,512,162875,318.115234
13672,512,166625,325.439453
13673,512,170833,333.658203
13674,512,156583,305.826172
13675,512,155625,303.955078
13676,512,162250,316.894531
13677,512,138958,271.402344
13678,512,164167,320.638672
13679,512,161666,315.753906
13680,512,149542,292.074219
13681,512,126125,246.337891
13682,512,128375,250.732422
13683,512,157166,306.964844
13684,512,115042,224.691406
13685,512,115958,226.480469
13686,512,118709,231.853516
13687,512,118125,230.712891
13688,512,119792,233.968750
13689,512,119083,232.583984
13690,512,121375,237.060547
13691,512,113333,221.353516
13692,512,112959,220.623047
13693,512,116250,227.050781
13694,512,114042,222.738281
13695,512,118583,231.607422
13696,512,113333,221.353516
13697,512,111042,216.878906
13698,512,111125,217.041016
13699,512,113083,220.865234
13700,512,116209,226.970703
13701,512,113583,221.841797
13702,512,111208,217.203125
13703,512,114958,224.527344
13704,512,117625,229.736328
13705,512,116208,226.968750
13706,512,114708,224.039062
13707,512,116875,228.271484
13708,512,111417,217.611328
13709,512,114708,224.039062
13710,512,115667,225.912109
13711,512,116334,227.214844
13712,512,123166,240.558594
13713,512,123709,241.619141
13714,512,119667,233.724609
13715,512,128791,251.544922
13716,512,134417,262.533203
13717,512,130250,254.394531
13718,512,132416,258.625000
13719,512,124209,242.595703
13720,512,130166,254.230469
13721,512,127584,249.187500
13722,512,120000,234.375000
13723,512,123708,241.617188
13724,512,123583,241.373047
13725,512,120917,236.166016
13726,512,121250,236.816406
13727,512,120792,235.921875
13728,512,127416,248.859375
13729,512,124042,242.269531
13730,512,118541,231.525391
13731,512,119625,233.642578
13732,512,118334,231.121094
13733,512,119792,233.968750
13734,512,117292,229.085938
13735,512,116458,227.457031
13736,512,115250,225.097656
13737,512,115958,226.480469
13738,512,140916,275.226562
13739,512,271750,530.761719
13740,512,230125,449.462891
13741,512,180958,353.433594
13742,512,196709,384.197266
13743,512,197958,386.636719
13744,512,196625,384.033203
13745,512,204083,398.599609
13746,512,200583,391.763672
13747,512,193000,376.953125
13748,512,205000,400.390625
13749,512,197625,385.986328
13750,512,194250,379.394531
13751,512,199042,388.753906
13752,512,201250,393.066406
13753,512,195333,381.509766
13754,512,194833,380.533203
13755,512,196250,383.300781
13756,512,217917,425.619141
13757,512,175625,343.017578
13758,512,203834,398.113281
13759,512,192916,376.789062
13760,512,202084,394.695312
13761,512,186166,363.605469
13762,512,193667,378.255859
13763,512,176167,344.076172
13764,512,176333,344.400391
13765,512,170959,333.904297
13766,512,174708,341.226562
13767,512,171833,335.611328
13768,512,170292,332.601562
13769,512,162125,316.650391
13770,512,179500,350.585938
13771,512,184166,359.699219
13772,512,234375,457.763672
13773,512,217333,424.478516
13774,512,223000,435.546875
13775,512,194625,380.126953
13776,512,183333,358.072266
13777,512,184167,359.701172
13778,512,148291,289.630859
13779,512,177250,346.191406
13780,512,174417,340.658203
13781,512,168541,329.181641
13782,512,171417,334.798828
13783,512,163083,318.521484
13784,512,167250,326.660156
13785,512,151958,296.792969
13786,512,156042,304.769531
13787,512,164500,321.289062
13788,512,155333,303.384766
13789,512,152375,297.607422
13790,512,159500,311.523438
13791,512,161917,316.244141
13792,512,164625,321.533203
13793,512,154750,302.246094
13794,512,162959,318.279297
13795,512,166250,324.707031
13796,512,168875,329.833984
13797,512,168625,329.345703
13798,512,160333,313.150391
13799,512,168875,329.833984
13800,512,165625,323.486328
13801,512,166333,324.869141
13802,512,174041,339.923828
13803,512,165792,323.812500
13804,512,173500,338.867188
13805,512,173584,339.031250
13806,512,171792,335.531250
13807,512,175167,342.123047
13808,512,163334,319.011719
13809,512,184375,360.107422
13810,512,168083,328.287109
13811,512,157583,307.779297
13812,512,160542,313.558594
13813,512,156541,305.744141
13814,512,163792,319.906250
13815,512,172875,337.646484
13816,512,152875,298.583984
13817,512,157791,308.185547
13818,512,152958,298.746094
13819,512,153750,300.292969
13820,512,165792,323.812500
13821,512,202709,395.916016
13822,512,226166,441.730469
13823,512,195500,381.835938
13824,512,184167,359.701172
13825,512,171541,335.041016
13826,512,164709,321.697266
13827,512,165584,323.406250
13828,512,161500,315.429688
13829,512,154500,301.757812
13830,512,166000,324.218750
13831,512,161625,315.673828
13832,512,146916,286.945312
13833,512,142625,278.564453
13834,512,161834,316.082031
13835,512,152583,298.013672
13836,512,153875,300.537109
13837,512,135417,264.486328
13838,512,151500,295.898438
13839,512,136584,266.765625
13840,512,138500,270.507812
13841,512,141334,276.042969
13842,512,159541,311.603516
13843,512,165500,323.242188
13844,512,138708,270.914062
13845,512,132375,258.544922
13846,512,147750,288.574219
13847,512,151042,295.003906
13848,512,135917,265.462891
13849,512,135084,263.835938
13850,512,138500,270.507812
13851,512,129500,252.929688
13852,512,139500,272.460938
13853,512,135292,264.242188
13854,512,134083,261.880859
13855,512,140375,274.169922
13856,512,147750,288.574219
13857,512,130042,253.988281
13858,512,136666,266.925781
13859,512,148542,290.121094
13860,512,119208,232.828125
13861,512,130375,254.638672
13862,512,133667,261.068359
13863,512,126209,246.501953
13864,512,143583,280.435547
13865,512,185875,363.037109
13866,512,175750,343.261719
13867,512,156833,306.314453
13868,512,153750,300.292969
13869,512,142500,278.320312
13870,512,143459,280.193359
13871,512,142250,277.832031
13872,512,158916,310.382812
13873,512,146583,286.294922
13874,512,167500,327.148438
13875,512,186917,365.072266
13876,512,136958,267.496094
13877,512,151500,295.898438
13878,512,121667,237.630859
13879,512,145541,284.259766
13880,512,148959,290.935547
13881,512,134208,262.125000
13882,512,136792,267.171875
13883,512,127083,248.208984
13884,512,122958,240.152344
13885,512,119875,234.130859
13886,512,118125,230.712891
13887,512,119583,233.560547
13888,512,116875,228.271484
13889,512,120958,236.246094
13890,512,121083,236.490234
13891,512,255458,498.941406
13892,512,214500,418.945312
13893,512,258250,504.394531
13894,512,205458,401.285156
13895,512,204709,399.822266
13896,512,218500,426.757812
13897,512,210666,411.457031
13898,512,210375,410.888672
13899,512,186417,364.095703
13900,512,189792,370.687500
13901,512,180958,353.433594
13902,512,182083,355.630859
13903,512,181917,355.306641
13904,512,191042,373.128906
13905,512,181750,354.980469
13906,512,177708,347.085938
13907,512,169250,330.566406
13908,512,186167,363.607422
13909,512,194333,379.556641
13910,512,187333,365.884766
13911,512,200250,391.113281
13912,512,175417,342.611328
13913,512,213500,416.992188
13914,512,202834,396.160156
13915,512,194875,380.615234
13916,512,194833,380.533203
13917,512,175875,343.505859
13918,512,187958,367.105469
13919,512,171083,334.146484
13920,512,177375,346.435547
13921,512,180333,352.212891
13922,512,178375,348.388672
13923,512,175250,342.285156
13924,512,215625,421.142578
13925,512,220583,430.826172
13926,512,207416,405.109375
13927,512,185417,362.142578
13928,512,203625,397.705078
13929,512,182708,356.851562
13930,512,166916,326.007812
13931,512,166375,324.951172
13932,512,167042,326.253906
13933,512,171291,334.552734
13934,512,165042,322.347656
13935,512,161000,314.453125
13936,512,159375,311.279297
13937,512,141792,276.937500
13938,512,152000,296.875000
13939,512,150458,293.863281
13940,512,154792,302.328125
13941,512,148375,289.794922
13942,512,152125,297.119141
13943,512,140292,274.007812
13944,512,147167,287.435547
13945,512,155167,303.060547
13946,512,146417,285.970703
13947,512,150708,294.351562
13948,512,152208,297.281250
13949,512,142792,278.890625
13950,512,148333,289.712891
13951,512,152875,298.583984
13952,512,153750,300.292969
13953,512,140167,273.763672
13954,512,140125,273.681641
13955,512,133834,261.394531
13956,512,134541,262.775391
13957,512,139625,272.705078
13958,512,137333,268.228516
13959,512,138334,270.183594
13960,512,139541,272.541016
13961,512,141500,276.367188
13962,512,134750,263.183594
13963,512,148208,289.468750
13964,512,124125,242.431641
13965,512,145458,284.097656
13966,512,131084,256.023438
13967,512,151000,294.921875
13968,512,154833,302.408203
13969,512,181875,355.224609
13970,512,177583,346.841797
13971,512,178208,348.062500
13972,512,159125,310.791016
13973,512,155916,304.523438
13974,512,162834,318.035156
13975,512,151041,295.001953
13976,512,155959,304.607422
13977,512,149708,292.398438
13978,512,132500,258.789062
13979,512,147083,287.271484
13980,512,141333,276.041016
13981,512,145125,283.447266
13982,512,140208,273.843750
13983,512,150458,293.863281
13984,512,145375,283.935547
13985,512,144583,282.388672
13986,512,150292,293.539062
13987,512,150083,293.130859
13988,512,145417,284.017578
13989,512,124000,242.187500
13990,512,135958,265.542969
13991,512,132583,258.951172
13992,512,130084,254.070312
13993,512,134833,263.345703
13994,512,156500,305.664062
13995,512,148291,289.630859
13996,512,137167,267.904297
13997,512,145375,283.935547
13998,512,135375,264.404297
13999,512,140334,274.089844
14000,512,135916,265.460938
14001,512,128125,250.244141
14002,512,149000,291.015625
14003,512,137083,267.740234
14004,512,135417,264.486328
14005,512,125417,244.955078
14006,512,126625,247.314453
14007,512,128459,250.896484
14008,512,126167,246.419922
14009,512,118875,232.177734
14010,512,122083,238.443359
14011,512,123917,242.025391
14012,512,139292,272.054688
14013,512,137125,267.822266
14014,512,123708,241.617188
14015,512,124833,243.814453
14016,512,123292,240.804688
14017,512,117083,228.677734
14018,512,135417,264.486328
14019,512,131708,257.242188
14020,512,126208,246.500000
14021,512,116834,228.191406
14022,512,128041,250.080078
14023,512,135667,264.974609
14024,512,118000,230.468750
14025,512,119500,233.398438
14026,512,126167,246.419922
14027,512,110417,215.658203
14028,512,134500,262.695312
14029,512,137500,268.554688
14030,512,128917,251.791016
14031,512,141875,277.099609
14032,512,153250,299.316406
14033,512,154000,300.781250
14034,512,144334,281.902344
14035,512,158791,310.138672
14036,512,159084,310.710938
14037,512,150250,293.457031
14038,512,138250,270.019531
14039,512,127500,249.023438
14040,512,136750,267.089844
14041,512,135167,263.998047
14042,512,132666,259.113281
14043,512,134875,263.427734
14044,512,132667,259.115234
14045,512,127041,248.126953
14046,512,147209,287.517578
14047,512,147625,288.330078
14048,512,136959,267.498047
14049,512,137542,268.636719
14050,512,138417,270.345703
14051,512,132084,257.976562
14052,512,124083,242.349609
14053,512,130208,254.312500
14054,512,121750,237.792969
14055,512,130500,254.882812
14056,512,126792,247.640625
14057,512,131375,256.591797
14058,512,122834,239.910156
14059,512,123166,240.558594
14060,512,117834,230.144531
14061,512,127958,249.917969
14062,512,134500,262.695312
14063,512,123625,241.455078
14064,512,115916,226.398438
14065,512,139834,273.113281
14066,512,131042,255.941406
14067,512,121583,237.466797
14068,512,120708,235.757812
14069,512,138250,270.019531
14070,512,121667,237.630859
14071,512,124375,242.919922
14072,512,137875,269.287109
14073,512,122834,239.910156
14074,512,116791,228.107422
14075,512,118792,232.015625
14076,512,115333,225.259766
14077,512,129083,252.115234
14078,512,122000,238.281250
14079,512,116250,227.050781
14080,512,121917,238.119141
14081,512,120042,234.457031
14082,512,118167,230.794922
14083,512,118334,231.121094
14084,512,109666,214.191406
14085,512,116375,227.294922
14086,512,118292,231.039062
14087,512,118458,231.363281
14088,512,114084,222.820312
14089,512,115500,225.585938
14090,512,153042,298.910156
14091,512,172458,336.832031
14092,512,158333,309.244141
14093,512,134167,262.044922
14094,512,160000,312.500000
14095,512,145709,284.587891
14096,512,140166,273.761719
14097,512,145167,283.529297
14098,512,154000,300.781250
14099,512,148500,290.039062
14100,512,168000,328.125000
14101,512,133292,260.335938
14102,512,155792,304.281250
14103,512,152584,298.015625
14104,512,137459,268.474609
14105,512,153250,299.316406
14106,512,133916,261.554688
14107,512,131584,257.000000
14108,512,126875,247.802734
14109,512,132583,258.951172
14110,512,142375,278.076172
14111,512,132875,259.521484
14112,512,117416,229.328125
14113,512,116333,227.212891
14114,512,125584,245.281250
14115,512,125500,245.117188
14116,512,126125,246.337891
14117,512,122750,239.746094
14118,512,124000,242.187500
14119,512,119959,234.294922
14120,512,117166,228.839844
14121,512,122833,239.908203
14122,512,124167,242.513672
14123,512,120125,234.619141
14124,512,125291,244.708984
14125,512,115500,225.585938
14126,512,122000,238.281250
14127,512,126250,246.582031
14128,512,120875,236.083984
14129,512,108375,211.669922
14130,512,123958,242.105469
14131,512,119667,233.724609
14132,512,122666,239.582031
14133,512,118083,230.630859
14134,512,126000,246.093750
14135,512,118792,232.015625
14136,512,121333,236.978516
14137,512,132291,258.380859
14138,512,117084,228.679688
14139,512,115417,225.423828
14140,512,116917,228.353516
14141,512,120583,235.513672
14142,512,139500,272.460938
14143,512,129750,253.417969
14144,512,126333,246.744141
14145,512,142875,279.052734
14146,512,135458,264.566406
14147,512,112750,220.214844
14148,512,145667,284.505859
14149,512,128375,250.732422
14150,512,124541,243.244141
14151,512,123250,240.722656
14152,512,155333,303.384766
14153,512,143583,280.435547
14154,512,126375,246.826172
14155,512,124500,243.164062
14156,512,119416,233.234375
14157,512,113625,221.923828
14158,512,125375,244.873047
14159,512,120833,236.001953
14160,512,121208,236.734375
14161,512,124875,243.896484
14162,512,113750,222.167969
14163,512,118500,231.445312
14164,512,117375,229.248047
14165,512,112416,219.562500
14166,512,112417,219.564453
14167,512,118458,231.363281
14168,512,109875,214.599609
14169,512,113000,220.703125
14170,512,117458,229.410156
14171,512,113333,221.353516
14172,512,112417,219.564453
14173,512,125167,244.466797
14174,512,111750,218.261719
14175,512,111208,217.203125
14176,512,113417,221.517578
14177,512,112583,219.888672
14178,512,119459,233.318359
14179,512,117041,228.595703
14180,512,120500,235.351562
14181,512,119375,233.154297
14182,512,125208,244.546875
14183,512,114292,223.226562
14184,512,112000,218.750000
14185,512,116500,227.539062
14186,512,115916,226.398438
14187,512,114292,223.226562
14188,512,110208,215.250000
14189,512,112292,219.320312
14190,512,110833,216.470703
14191,512,109125,213.134766
14192,512,116875,228.271484
14193,512,107042,209.066406
14194,512,104750,204.589844
14195,512,107167,209.310547
14196,512,108208,211.343750
14197,512,106625,208.251953
14198,512,111833,218.423828
14199,512,105209,205.486328
14200,512,117459,229.412109
14201,512,107166,209.308594
14202,512,109167,213.216797
14203,512,116292,227.132812
14204,512,113625,221.923828
14205,512,111625,218.017578
14206,512,107209,209.392578
14207,512,109167,213.216797
14208,512,114375,223.388672
14209,512,114542,223.714844
14210,512,115166,224.933594
14211,512,110958,216.714844
14212,512,106500,208.007812
14213,512,113583,221.841797
14214,512,108667,212.240234
14215,512,114041,222.736328
14216,512,113584,221.843750
14217,512,120625,235.595703
14218,512,115250,225.097656
14219,512,114375,223.388672
14220,512,112084,218.914062
14221,512,113625,221.923828
14222,512,109709,214.275391
14223,512,112125,218.994141
14224,512,115042,224.691406
14225,512,115708,225.992188
14226,512,115500,225.585938
14227,512,106834,208.660156
14228,512,114792,224.203125
14229,512,112042,218.832031
14230,512,114083,222.818359
14231,512,116042,226.644531
14232,512,114084,222.820312
14233,512,130958,255.777344
14234,512,122833,239.908203
14235,512,123833,241.861328
14236,512,120833,236.001953
14237,512,144792,282.796875
14238,512,130458,254.800781
14239,512,118792,232.015625
14240,512,114916,224.445312
14241,512,125584,245.281250
14242,512,111583,217.935547
14243,512,123250,240.722656
14244,512,120708,235.757812
14245,512,131167,256.185547
14246,512,120833,236.001953
14247,512,117292,229.085938
14248,512,112584,219.890625
14249,512,116791,228.107422
14250,512,118000,230.468750
14251,512,113667,222.005859
14252,512,115541,225.666016
14253,512,124333,242.837891
14254,512,112750,220.214844
14255,512,109125,213.134766
14256,512,117625,229.736328
14257,512,113208,221.109375
14258,512,113250,221.191406
14259,512,121542,237.386719
14260,512,111500,217.773438
14261,512,111500,217.773438
14262,512,108791,212.482422
14263,512,107375,209.716797
14264,512,108667,212.240234
14265,512,108667,212.240234
14266,512,110542,215.902344
14267,512,107042,209.066406
14268,512,112042,218.832031
14269,512,127875,249.755859
14270,512,108875,212.646484
14271,512,112667,220.052734
14272,512,114292,223.226562
14273,512,107167,209.310547
14274,512,106625,208.251953
14275,512,109875,214.599609
14276,512,115667,225.912109
14277,512,111167,217.123047
14278,512,113958,222.574219
14279,512,117125,228.759766
14280,512,115250,225.097656
14281,512,118750,231.933594
14282,512,116625,227.783203
14283,512,109417,213.705078
14284,512,107958,210.855469
14285,512,112250,219.238281
14286,512,122625,239.501953
14287,512,127834,249.675781
14288,512,123208,240.640625
14289,512,114125,222.900391
14290,512,114833,224.283203
14291,512,122791,239.826172
14292,512,112542,219.808594
14293,512,116000,226.562500
14294,512,119875,234.130859
14295,512,123792,241.781250
14296,512,115375,225.341797
14297,512,147875,288.818359
14298,512,120958,236.246094
14299,512,113000,220.703125
14300,512,119459,233.318359
14301,512,111792,218.343750
14302,512,112083,218.912109
14303,512,117084,228.679688
14304,512,115250,225.097656
14305,512,113875,222.412109
14306,512,113958,222.574219
14307,512,115083,224.771484
14308,512,111583,217.935547
14309,512,114042,222.738281
14310,512,110750,216.308594
14311,512,115791,226.154297
14312,512,115333,225.259766
14313,512,108500,211.914062
14314,512,108666,212.238281
14315,512,115792,226.156250
14316,512,114917,224.447266
14317,512,117417,229.330078
14318,512,112750,220.214844
14319,512,109542,213.949219
14320,512,114166,222.980469
14321,512,115708,225.992188
14322,512,111417,217.611328
14323,512,110500,215.820312
14324,512,107459,209.880859
14325,512,110542,215.902344
14326,512,111375,217.529297
14327,512,109166,213.214844
14328,512,106083,207.193359
14329,512,115500,225.585938
14330,512,111542,217.855469
14331,512,108791,212.482422
14332,512,109292,213.460938
14333,512,108375,211.669922
14334,512,105458,205.972656
14335,512,107000,208.984375
14336,512,106459,207.927734
14337,512,103083,201.333984
14338,512,103833,202.798828
14339,512,104000,203.125000
14340,512,107500,209.960938
14341,512,106250,207.519531
14342,512,111667,218.099609
14343,512,103416,201.984375
14344,512,107000,208.984375
14345,512,116459,227.458984
14346,512,111666,218.097656
14347,512,104125,203.369141
14348,512,114334,223.308594
14349,512,104000,203.125000
14350,512,114709,224.041016
14351,512,106458,207.925781
14352,512,104541,204.181641
14353,512,104375,203.857422
14354,512,99417,194.173828
14355,512,107208,209.390625
14356,512,102459,200.115234
14357,512,110834,216.472656
14358,512,106708,208.414062
14359,512,104916,204.914062
14360,512,104125,203.369141
14361,512,109917,214.681641
14362,512,102250,199.707031
14363,512,101500,198.242188
14364,512,103125,201.416016
14365,512,105083,205.240234
14366,512,103084,201.335938
14367,512,99666,194.660156
14368,512,100834,196.941406
14369,512,101583,198.404297
14370,512,103042,201.253906
14371,512,108125,211.181641
14372,512,101417,198.080078
14373,512,100458,196.207031
14374,512,139333,272.134766
14375,512,162208,316.812500
14376,512,120708,235.757812
14377,512,116834,228.191406
14378,512,109584,214.031250
14379,512,111375,217.529297
14380,512,111541,217.853516
14381,512,114333,223.306641
14382,512,128709,251.384766
14383,512,115875,226.318359
14384,512,109375,213.623047
14385,512,113709,222.087891
14386,512,114416,223.468750
14387,512,111417,217.611328
14388,512,113625,221.923828
14389,512,133000,259.765625
14390,512,112833,220.376953
14391,512,120000,234.375000
14392,512,112708,220.132812
14393,512,136708,267.007812
14394,512,127459,248.943359
14395,512,134958,263.589844
14396,512,124250,242.675781
14397,512,114458,223.550781
14398,512,113625,221.923828
14399,512,130042,253.988281
14400,512,113209,221.111328
14401,512,114041,222.736328
14402,512,116917,228.353516
14403,512,110958,216.714844
14404,512,110375,215.576172
14405,512,120125,234.619141
14406,512,108459,211.833984
14407,512,108167,211.263672
14408,512,111208,217.203125
14409,512,110917,216.634766
14410,512,113458,221.597656
14411,512,113917,222.494141
14412,512,113209,221.111328
14413,512,107083,209.146484
14414,512,115417,225.423828
14415,512,113666,222.003906
14416,512,121750,237.792969
14417,512,109625,214.111328
14418,512,106667,208.333984
14419,512,106625,208.251953
14420,512,109875,214.599609
14421,512,109459,213.787109
14422,512,106875,208.740234
14423,512,112083,218.912109
14424,512,115000,224.609375
14425,512,112541,219.806641
14426,512,113917,222.494141
14427,512,119250,232.910156
14428,512,116083,226.724609
14429,512,109417,213.705078
14430,512,106750,208.496094
14431,512,106833,208.658203
14432,512,110625,216.064453
14433,512,127958,249.917969
14434,512,127375,248.779297
14435,512,121750,237.792969
14436,512,124291,242.755859
14437,512,121792,237.875000
14438,512,110542,215.902344
14439,512,123375,240.966797
14440,512,129166,252.277344
14441,512,118375,231.201172
14442,512,116625,227.783203
14443,512,107167,209.310547
14444,512,137125,267.822266
14445,512,111458,217.691406
14446,512,109250,213.378906
14447,512,117042,228.597656
14448,512,109541,213.947266
14449,512,110333,215.494141
14450,512,109750,214.355469
14451,512,116458,227.457031
14452,512,103917,202.962891
14453,512,105916,206.867188
14454,512,105917,206.869141
14455,512,107250,209.472656
14456,512,109000,212.890625
14457,512,113875,222.412109
14458,512,108709,212.322266
14459,512,109583,214.029297
14460,512,108958,212.808594
14461,512,108958,212.808594
14462,512,109958,214.761719
14463,512,112417,219.564453
14464,512,107792,210.531250
14465,512,111083,216.958984
14466,512,112333,219.400391
14467,512,112917,220.541016
14468,512,110458,215.738281
14469,512,111125,217.041016
14470,512,106958,208.902344
14471,512,111458,217.691406
14472,512,112125,218.994141
14473,512,106125,207.275391
14474,512,112917,220.541016
14475,512,110958,216.714844
14476,512,107833,210.611328
14477,512,111417,217.611328
14478,512,110958,216.714844
14479,512,110708,216.226562
14480,512,126792,247.640625
14481,512,111541,217.853516
14482,512,105209,205.486328
14483,512,106958,208.902344
14484,512,106042,207.113281
14485,512,104125,203.369141
14486,512,104542,204.183594
14487,512,105750,206.542969
14488,512,106291,207.599609
14489,512,101292,197.835938
14490,512,107625,210.205078
14491,512,107459,209.880859
14492,512,110875,216.552734
14493,512,102458,200.113281
14494,512,106833,208.658203
14495,512,104333,203.775391
14496,512,102667,200.521484
14497,512,104958,204.996094
14498,512,104375,203.857422
14499,512,110542,215.902344
14500,512,109292,213.460938
14501,512,103250,201.660156
14502,512,108000,210.937500
14503,512,106750,208.496094
14504,512,101000,197.265625
14505,512,103541,202.228516
14506,512,105959,206.951172
14507,512,104333,203.775391
14508,512,106500,208.007812
14509,512,105875,206.787109
14510,512,109417,213.705078
14511,512,103208,201.578125
14512,512,110083,215.005859
14513,512,108708,212.320312
14514,512,108250,211.425781
14515,512,108583,212.076172
14516,512,109542,213.949219
14517,512,106375,207.763672
14518,512,108166,211.261719
14519,512,107084,209.148438
14520,512,102750,200.683594
14521,512,107542,210.042969
14522,512,102625,200.439453
14523,512,123959,242.107422
14524,512,121541,237.384766
14525,512,123834,241.863281
14526,512,148209,289.470703
14527,512,109334,213.542969
14528,512,131917,257.650391
14529,512,139750,272.949219
14530,512,121875,238.037109
14531,512,123583,241.373047
14532,512,126583,247.232422
14533,512,118042,230.550781
14534,512,114459,223.552734
14535,512,113750,222.167969
14536,512,119000,232.421875
14537,512,114459,223.552734
14538,512,115459,225.505859
14539,512,122125,238.525391
14540,512,118916,232.257812
14541,512,114292,223.226562
14542,512,119375,233.154297
14543,512,117042,228.597656
14544,512,135041,263.751953
14545,512,134625,262.939453
14546,512,143083,279.458984
14547,512,114958,224.527344
14548,512,115667,225.912109
14549,512,116375,227.294922
14550,512,118416,231.281250
14551,512,117083,228.677734
14552,512,117542,229.574219
14553,512,113334,221.355469
14554,512,113291,221.271484
14555,512,115417,225.423828
14556,512,113208,221.109375
14557,512,111042,216.878906
14558,512,108959,212.810547
14559,512,113291,221.271484
14560,512,107000,208.984375
14561,512,109125,213.134766
14562,512,109000,212.890625
14563,512,112375,219.482422
14564,512,111000,216.796875
14565,512,115125,224.853516
14566,512,117125,228.759766
14567,512,109291,213.458984
14568,512,113709,222.087891
14569,512,104875,204.833984
14570,512,108417,211.751953
14571,512,106708,208.414062
14572,512,110708,216.226562
14573,512,114125,222.900391
14574,512,108625,212.158203
14575,512,106209,207.439453
14576,512,109125,213.134766
14577,512,102625,200.439453
14578,512,105584,206.218750
14579,512,105208,205.484375
14580,512,109291,213.458984
14581,512,105000,205.078125
14582,512,106416,207.843750
14583,512,110292,215.414062
14584,512,102792,200.765625
14585,512,129125,252.197266
14586,512,109333,213.541016
14587,512,117208,228.921875
14588,512,104833,204.751953
14589,512,105750,206.542969
14590,512,103292,201.742188
14591,512,109833,214.517578
14592,512,111792,218.343750
14593,512,123834,241.863281
14594,512,134459,262.615234
14595,512,108750,212.402344
14596,512,123208,240.640625
14597,512,112875,220.458984
14598,512,132292,258.382812
14599,512,126416,246.906250
14600,512,130459,254.802734
14601,512,114750,224.121094
14602,512,120334,235.027344
14603,512,131917,257.650391
14604,512,110958,216.714844
14605,512,113584,221.843750
14606,512,112167,219.076172
14607,512,113792,222.250000
14608,512,116834,228.191406
14609,512,113541,221.759766
14610,512,121375,237.060547
14611,512,113416,221.515625
14612,512,119209,232.830078
14613,512,117083,228.677734
14614,512,119708,233.804688
14615,512,116958,228.433594
14616,512,113875,222.412109
14617,512,111583,217.935547
14618,512,112333,219.400391
14619,512,109542,213.949219
14620,512,110958,216.714844
14621,512,113792,222.250000
14622,512,116125,226.806641
14623,512,112375,219.482422
14624,512,114250,223.144531
14625,512,114750,224.121094
14626,512,113250,221.191406
14627,512,114167,222.982422
14628,512,111458,217.691406
14629,512,108333,211.587891
14630,512,110292,215.414062
14631,512,110791,216.388672
14632,512,107500,209.960938
14633,512,107750,210.449219
14634,512,107208,209.390625
14635,512,106500,208.007812
14636,512,111541,217.853516
14637,512,129292,252.523438
14638,512,120625,235.595703
14639,512,113000,220.703125
14640,512,115542,225.667969
14641,512,104166,203.449219
14642,512,113167,221.029297
14643,512,106667,208.333984
14644,512,106667,208.333984
14645,512,109416,213.703125
14646,512,108042,211.019531
14647,512,109791,214.435547
14648,512,107584,210.125000
14649,512,110750,216.308594
14650,512,109542,213.949219
14651,512,110667,216.146484
14652,512,109209,213.298828
14653,512,108292,211.507812
14654,512,110333,215.494141
14655,512,112875,220.458984
14656,512,108292,211.507812
14657,512,108333,211.587891
14658,512,106208,207.437500
14659,512,105375,205.810547
14660,512,105958,206.949219
14661,512,107333,209.634766
14662,512,120042,234.457031
14663,512,111667,218.099609
14664,512,105959,206.951172
14665,512,106375,207.763672
14666,512,108125,211.181641
14667,512,104542,204.183594
14668,512,108500,211.914062
14669,512,130250,254.394531
14670,512,163667,319.662109
14671,512,145250,283.691406
14672,512,133792,261.312500
14673,512,139625,272.705078
14674,512,121416,237.140625
14675,512,118542,231.527344
14676,512,128125,250.244141
14677,512,118459,231.365234
14678,512,144083,281.412109
14679,512,136708,267.007812
14680,512,138959,271.404297
14681,512,142000,277.343750
14682,512,138292,270.101562
14683,512,144625,282.470703
14684,512,122292,238.851562
14685,512,131625,257.080078
14686,512,139209,271.892578
14687,512,127208,248.453125
14688,512,128750,251.464844
14689,512,126500,247.070312
14690,512,127000,248.046875
14691,512,126666,247.394531
14692,512,126875,247.802734
14693,512,125917,245.931641
14694,512,124792,243.734375
14695,512,136000,265.625000
14696,512,121208,236.734375
14697,512,122500,239.257812
14698,512,119792,233.968750
14699,512,118375,231.201172
14700,512,119083,232.583984
14701,512,115375,225.341797
14702,512,116334,227.214844
14703,512,120458,235.269531
14704,512,113250,221.191406
14705,512,111666,218.097656
14706,512,118000,230.468750
14707,512,125292,244.710938
14708,512,114625,223.876953
14709,512,120292,234.945312
14710,512,118375,231.201172
14711,512,116292,227.132812
14712,512,114709,224.041016
14713,512,115084,224.773438
14714,512,124000,242.187500
14715,512,120250,234.863281
14716,512,118334,231.121094
14717,512,122625,239.501953
14718,512,115750,226.074219
14719,512,123500,241.210938
14720,512,116542,227.621094
14721,512,111500,217.773438
14722,512,130208,254.312500
14723,512,134125,261.962891
14724,512,115125,224.853516
14725,512,135125,263.916016
14726,512,129583,253.091797
14727,512,109458,213.785156
14728,512,136417,266.439453
14729,512,128792,251.546875
14730,512,127208,248.453125
14731,512,120167,234.701172
14732,512,149000,291.015625
14733,512,121375,237.060547
14734,512,118875,232.177734
14735,512,124000,242.187500
14736,512,118042,230.550781
14737,512,116958,228.433594
14738,512,117167,228.841797
14739,512,116375,227.294922
14740,512,116125,226.806641
14741,512,114250,223.144531
14742,512,122375,239.013672
14743,512,113625,221.923828
14744,512,119375,233.154297
14745,512,115041,224.689453
14746,512,109417,213.705078
14747,512,114416,223.468750
14748,512,112167,219.076172
14749,512,111375,217.529297
14750,512,114042,222.738281
14751,512,113667,222.005859
14752,512,111792,218.343750
14753,512,117667,229.818359
14754,512,111000,216.796875
14755,512,110917,216.634766
14756,512,111958,218.667969
14757,512,112708,220.132812
14758,512,112959,220.623047
14759,512,115834,226.238281
14760,512,114791,224.201172
14761,512,115875,226.318359
14762,512,120208,234.781250
14763,512,110208,215.250000
14764,512,111208,217.203125
14765,512,112458,219.644531
14766,512,110542,215.902344
14767,512,109333,213.541016
14768,512,107209,209.392578
14769,512,108375,211.669922
14770,512,104958,204.996094
14771,512,111708,218.179688
14772,512,107875,210.693359
14773,512,112625,219.970703
14774,512,111667,218.099609
14775,512,111333,217.447266
14776,512,104916,204.914062
14777,512,108125,211.181641
14778,512,104417,203.939453
14779,512,107000,208.984375
14780,512,106958,208.902344
14781,512,106209,207.439453
14782,512,106458,207.925781
14783,512,113541,221.759766
14784,512,108084,211.101562
14785,512,106042,207.113281
14786,512,108667,212.240234
14787,512,106792,208.578125
14788,512,107042,209.066406
14789,512,108916,212.726562
14790,512,108584,212.078125
14791,512,106333,207.681641
14792,512,104750,204.589844
14793,512,108041,211.017578
14794,512,105542,206.136719
14795,512,107833,210.611328
14796,512,110458,215.738281
14797,512,107250,209.472656
14798,512,107125,209.228516
14799,512,107958,210.855469
14800,512,108250,211.425781
14801,512,111458,217.691406
14802,512,112416,219.562500
14803,512,109834,214.519531
14804,512,109916,214.679688
14805,512,111083,216.958984
14806,512,111084,216.960938
14807,512,107834,210.613281
14808,512,111250,217.285156
14809,512,109917,214.681641
14810,512,106042,207.113281
14811,512,111333,217.447266
14812,512,107375,209.716797
14813,512,108333,211.587891
14814,512,116334,227.214844
14815,512,108041,211.017578
14816,512,118000,230.468750
14817,512,126333,246.744141
14818,512,123042,240.316406
14819,512,120083,234.537109
14820,512,120042,234.457031
14821,512,131250,256.347656
14822,512,119416,233.234375
14823,512,116667,227.865234
14824,512,115042,224.691406
14825,512,119541,233.478516
14826,512,118167,230.794922
14827,512,126625,247.314453
14828,512,111250,217.285156
14829,512,114250,223.144531
14830,512,115958,226.480469
14831,512,118792,232.015625
14832,512,116333,227.212891
14833,512,121041,236.408203
14834,512,116084,226.726562
14835,512,109834,214.519531
14836,512,111875,218.505859
14837,512,107500,209.960938
14838,512,114250,223.144531
14839,512,114917,224.447266
14840,512,108542,211.996094
14841,512,111666,218.097656
14842,512,107792,210.531250
14843,512,109042,212.972656
14844,512,107041,209.064453
14845,512,111667,218.099609
14846,512,103333,201.822266
14847,512,109500,213.867188
14848,512,110125,215.087891
14849,512,102750,200.683594
14850,512,103209,201.580078
14851,512,110167,215.169922
14852,512,110750,216.308594
14853,512,116292,227.132812
14854,512,110292,215.414062
14855,512,106167,207.357422
14856,512,118083,230.630859
14857,512,107291,209.552734
14858,512,106209,207.439453
14859,512,107291,209.552734
14860,512,108167,211.263672
14861,512,107791,210.529297
14862,512,110667,216.146484
14863,512,115375,225.341797
14864,512,112292,219.320312
14865,512,105917,206.869141
14866,512,115584,225.750000
14867,512,110291,215.412109
14868,512,109750,214.355469
14869,512,107292,209.554688
14870,512,107458,209.878906
14871,512,120833,236.001953
14872,512,119042,232.503906
14873,512,110875,216.552734
14874,512,117375,229.248047
14875,512,121375,237.060547
14876,512,109667,214.193359
14877,512,111291,217.365234
14878,512,117333,229.166016
14879,512,115834,226.238281
14880,512,114833,224.283203
14881,512,109292,213.460938
14882,512,121625,237.548828
14883,512,128916,251.789062
14884,512,113125,220.947266
14885,512,113334,221.355469
14886,512,107208,209.390625
14887,512,111250,217.285156
14888,512,107875,210.693359
14889,512,114083,222.818359
14890,512,108625,212.158203
14891,512,107167,209.310547
14892,512,110708,216.226562
14893,512,108959,212.810547
14894,512,111458,217.691406
14895,512,108292,211.507812
14896,512,110166,215.167969
14897,512,107542,210.042969
14898,512,104041,203.205078
14899,512,114042,222.738281
14900,512,110833,216.470703
14901,512,104375,203.857422
14902,512,109625,214.111328
14903,512,109625,214.111328
14904,512,107208,209.390625
14905,512,107917,210.775391
14906,512,110792,216.390625
14907,512,107084,209.148438
14908,512,120291,234.943359
14909,512,106334,207.683594
14910,512,111958,218.667969
14911,512,110500,215.820312
14912,512,108166,211.261719
14913,512,111542,217.855469
14914,512,110042,214.925781
14915,512,110042,214.925781
14916,512,110667,216.146484
14917,512,106083,207.193359
14918,512,116417,227.376953
14919,512,104833,204.751953
14920,512,106417,207.845703
14921,512,104209,203.533203
14922,512,105917,206.869141
14923,512,107750,210.449219
14924,512,107084,209.148438
14925,512,103458,202.066406
14926,512,102833,200.845703
14927,512,105959,206.951172
14928,512,106875,208.740234
14929,512,106792,208.578125
14930,512,103042,201.253906
14931,512,113792,222.250000
14932,512,105458,205.972656
14933,512,101833,198.892578
14934,512,102083,199.380859
14935,512,102792,200.765625
14936,512,102125,199.462891
14937,512,101208,197.671875
14938,512,102375,199.951172
14939,512,101000,197.265625
14940,512,102125,199.462891
14941,512,103125,201.416016
14942,512,104750,204.589844
14943,512,104167,203.451172
14944,512,100416,196.125000
14945,512,101584,198.406250
14946,512,101250,197.753906
14947,512,100667,196.615234
14948,512,100917,197.103516
14949,512,101375,197.998047
14950,512,98000,191.406250
14951,512,100709,196.697266
14952,512,102208,199.625000
14953,512,100833,196.939453
14954,512,98875,193.115234
14955,512,102916,201.007812
14956,512,103958,203.042969
14957,512,100709,196.697266
14958,512,99625,194.580078
14959,512,102917,201.009766
14960,512,108583,212.076172
14961,512,150417,293.783203
14962,512,142042,277.425781
14963,512,135375,264.404297
14964,512,120292,234.945312
14965,512,126042,246.175781
14966,512,125791,245.685547
14967,512,112000,218.750000
14968,512,127500,249.023438
14969,512,109084,213.054688
14970,512,132500,258.789062
14971,512,130334,254.558594
14972,512,127375,248.779297
14973,512,114333,223.306641
14974,512,126208,246.500000
14975,512,140042,273.519531
14976,512,119791,233.966797
14977,512,116333,227.212891
14978,512,124292,242.757812
14979,512,119000,232.421875
14980,512,123209,240.642578
14981,512,120041,234.455078
14982,512,113625,221.923828
14983,512,114875,224.365234
14984,512,118958,232.339844
14985,512,115167,224.935547
14986,512,116833,228.189453
14987,512,129792,253.500000
14988,512,110709,216.228516
14989,512,114916,224.445312
14990,512,115042,224.691406
14991,512,106500,208.007812
14992,512,112875,220.458984
14993,512,111333,217.447266
14994,512,106625,208.251953
14995,512,119083,232.583984
14996,512,117459,229.412109
14997,512,107333,209.634766
14998,512,108125,211.181641
14999,512,111417,217.611328
15000,512,107583,210.123047
15001,512,105083,205.240234
15002,512,110875,216.552734
15003,512,104958,204.996094
15004,512,105500,206.054688
15005,512,115333,225.259766
15006,512,107042,209.066406
15007,512,105042,205.160156
15008,512,107500,209.960938
15009,512,106208,207.437500
15010,512,105792,206.625000
15011,512,104916,204.914062
15012,512,105000,205.078125
15013,512,105583,206.216797
15014,512,105917,206.869141
15015,512,108833,212.564453
15016,512,104166,203.449219
15017,512,107625,210.205078
15018,512,106584,208.171875
15019,512,103000,201.171875
15020,512,104000,203.125000
15021,512,99417,194.173828
15022,512,102875,200.927734
15023,512,103750,202.636719
15024,512,108042,211.019531
15025,512,101875,198.974609
15026,512,103042,201.253906
15027,512,105458,205.972656
15028,512,104042,203.207031
15029,512,103583,202.310547
15030,512,105125,205.322266
15031,512,106334,207.683594
15032,512,103916,202.960938
15033,512,115625,225.830078
15034,512,124334,242.839844
15035,512,124500,243.164062
15036,512,111167,217.123047
15037,512,112000,218.750000
15038,512,126375,246.826172
15039,512,108833,212.564453
15040,512,111334,217.449219
15041,512,112458,219.644531
15042,512,121708,237.710938
15043,512,114333,223.306641
15044,512,108875,212.646484
15045,512,113083,220.865234
15046,512,109583,214.029297
15047,512,110292,215.414062
15048,512,110458,215.738281
15049,512,117625,229.736328
15050,512,107875,210.693359
15051,512,110125,215.087891
15052,512,108417,211.751953
15053,512,110167,215.169922
15054,512,115083,224.771484
15055,512,112750,220.214844
15056,512,110125,215.087891
15057,512,113250,221.191406
15058,512,119042,232.503906
15059,512,114208,223.062500
15060,512,125666,245.441406
15061,512,109542,213.949219
15062,512,109375,213.623047
15063,512,107666,210.285156
15064,512,108375,211.669922
15065,512,109500,213.867188
15066,512,106875,208.740234
15067,512,109375,213.623047
15068,512,110042,214.925781
15069,512,110208,215.250000
15070,512,110208,215.250000
15071,512,109250,213.378906
15072,512,109167,213.216797
15073,512,109250,213.378906
15074,512,114042,222.738281
15075,512,102750,200.683594
15076,512,106125,207.275391
15077,512,107959,210.857422
15078,512,116500,227.539062
15079,512,121291,236.896484
15080,512,110792,216.390625
15081,512,111583,217.935547
15082,512,105417,205.892578
15083,512,103375,201.904297
15084,512,112500,219.726562
15085,512,105042,205.160156
15086,512,109250,213.378906
15087,512,107583,210.123047
15088,512,110083,215.005859
15089,512,110167,215.169922
15090,512,113166,221.027344
15091,512,105375,205.810547
15092,512,109333,213.541016
15093,512,110750,216.308594
15094,512,107459,209.880859
15095,512,113250,221.191406
15096,512,109041,212.970703
15097,512,115459,225.505859
15098,512,109750,214.355469
15099,512,109708,214.273438
15100,512,120167,234.701172
15101,512,124667,243.490234
15102,512,120000,234.375000
15103,512,121667,237.630859
15104,512,127958,249.917969
15105,512,119917,234.212891
15106,512,125250,244.628906
15107,512,120083,234.537109
15108,512,112667,220.052734
15109,512,115125,224.853516
15110,512,117791,230.060547
15111,512,113083,220.865234
15112,512,114333,223.306641
15113,512,112167,219.076172
15114,512,109458,213.785156
15115,512,111625,218.017578
15116,512,111834,218.425781
15117,512,114625,223.876953
15118,512,112000,218.750000
15119,512,109250,213.378906
15120,512,111875,218.505859
15121,512,118542,231.527344
15122,512,113958,222.574219
15123,512,110875,216.552734
15124,512,118042,230.550781
15125,512,115458,225.503906
15126,512,112375,219.482422
15127,512,112042,218.832031
15128,512,115083,224.771484
15129,512,111875,218.505859
15130,512,119167,232.748047
15131,512,116541,227.619141
15132,512,113125,220.947266
15133,512,125000,244.140625
15134,512,111542,217.855469
15135,512,113125,220.947266
15136,512,110750,216.308594
15137,512,110750,216.308594
15138,512,107417,209.798828
15139,512,112500,219.726562
15140,512,114125,222.900391
15141,512,110708,216.226562
15142,512,111375,217.529297
15143,512,111833,218.423828
15144,512,107250,209.472656
15145,512,105416,205.890625
15146,512,105834,206.707031
15147,512,104833,204.751953
15148,512,108500,211.914062
15149,512,103125,201.416016
15150,512,104791,204.669922
15151,512,103167,201.498047
15152,512,107167,209.310547
15153,512,108458,211.832031
15154,512,103625,202.392578
15155,512,102291,199.787109
15156,512,112958,220.621094
15157,512,103334,201.824219
15158,512,106416,207.843750
15159,512,101083,197.427734
15160,512,98959,193.279297
15161,512,102458,200.113281
15162,512,103250,201.660156
15163,512,101083,197.427734
15164,512,100625,196.533203
15165,512,101292,197.835938
15166,512,102375,199.951172
15167,512,103417,201.986328
15168,512,101875,198.974609
15169,512,102167,199.544922
15170,512,106291,207.599609
15171,512,105750,206.542969
15172,512,98000,191.406250
15173,512,106292,207.601562
15174,512,106208,207.437500
15175,512,100125,195.556641
15176,512,101791,198.810547
15177,512,105375,205.810547
15178,512,101708,198.648438
15179,512,102709,200.603516
15180,512,106458,207.925781
15181,512,100250,195.800781
15182,512,106166,207.355469
15183,512,103167,201.498047
15184,512,98458,192.300781
15185,512,107667,210.287109
15186,512,101250,197.753906
15187,512,99375,194.091797
15188,512,100750,196.777344
15189,512,101292,197.835938
15190,512,105667,206.380859
15191,512,111250,217.285156
15192,512,108000,210.937500
15193,512,111250,217.285156
15194,512,102291,199.787109
15195,512,133375,260.498047
15196,512,116000,226.562500
15197,512,119542,233.480469
15198,512,111250,217.285156
15199,512,127458,248.941406
15200,512,123583,241.373047
15201,512,111667,218.099609
15202,512,111416,217.609375
15203,512,108750,212.402344
15204,512,110167,215.169922
15205,512,112666,220.050781
15206,512,110792,216.390625
15207,512,108791,212.482422
15208,512,111167,217.123047
15209,512,111042,216.878906
15210,512,118500,231.445312
15211,512,114750,224.121094
15212,512,124583,243.326172
15213,512,104875,204.833984
15214,512,111042,216.878906
15215,512,113209,221.111328
15216,512,109500,213.867188
15217,512,112416,219.562500
15218,512,113417,221.517578
15219,512,104250,203.613281
15220,512,110542,215.902344
15221,512,109708,214.273438
15222,512,105417,205.892578
15223,512,107750,210.449219
15224,512,113375,221.435547
15225,512,104375,203.857422
15226,512,106916,208.820312
15227,512,109000,212.890625
15228,512,105125,205.322266
15229,512,109833,214.517578
15230,512,110584,215.984375
15231,512,102750,200.683594
15232,512,105584,206.218750
15233,512,112167,219.076172
15234,512,105042,205.160156
15235,512,105709,206.462891
15236,512,107959,210.857422
15237,512,105791,206.623047
15238,512,103875,202.880859
15239,512,105542,206.136719
15240,512,103583,202.310547
15241,512,103167,201.498047
15242,512,102416,200.031250
15243,512,104000,203.125000
15244,512,99833,194.986328
15245,512,102833,200.845703
15246,512,103167,201.498047
15247,512,103125,201.416016
15248,512,104250,203.613281
15249,512,102667,200.521484
15250,512,102958,201.089844
15251,512,104250,203.613281
15252,512,102166,199.542969
15253,512,103167,201.498047
15254,512,100292,195.882812
15255,512,102542,200.277344
15256,512,100333,195.962891
15257,512,95792,187.093750
15258,512,99916,195.148438
15259,512,100834,196.941406
15260,512,101041,197.345703
15261,512,101084,197.429688
15262,512,113708,222.085938
15263,512,139333,272.134766
15264,512,140875,275.146484
15265,512,112542,219.808594
15266,512,111291,217.365234
15267,512,115875,226.318359
15268,512,127750,249.511719
15269,512,123166,240.558594
15270,512,124875,243.896484
15271,512,114000,222.656250
15272,512,132417,258.626953
15273,512,110833,216.470703
15274,512,113958,222.574219
15275,512,122959,240.154297
15276,512,120375,235.107422
15277,512,128041,250.080078
15278,512,115709,225.994141
15279,512,125917,245.931641
15280,512,139583,272.623047
15281,512,122125,238.525391
15282,512,118583,231.607422
15283,512,119542,233.480469
15284,512,114500,223.632812
15285,512,120208,234.781250
15286,512,118250,230.957031
15287,512,136458,266.519531
15288,512,130416,254.718750
15289,512,117625,229.736328
15290,512,117167,228.841797
15291,512,116167,226.888672
15292,512,113750,222.167969
15293,512,114333,223.306641
15294,512,114917,224.447266
15295,512,110750,216.308594
15296,512,113167,221.029297
15297,512,109625,214.111328
15298,512,108750,212.402344
15299,512,112875,220.458984
15300,512,116209,226.970703
15301,512,109000,212.890625
15302,512,106625,208.251953
15303,512,114583,223.794922
15304,512,119167,232.748047
15305,512,119291,232.990234
15306,512,105667,206.380859
15307,512,118667,231.771484
15308,512,110291,215.412109
15309,512,110292,215.414062
15310,512,110292,215.414062
15311,512,108625,212.158203
15312,512,118625,231.689453
15313,512,113625,221.923828
15314,512,109583,214.029297
15315,512,115417,225.423828
15316,512,114750,224.121094
15317,512,112792,220.296875
15318,512,111000,216.796875
15319,512,106792,208.578125
15320,512,107792,210.531250
15321,512,118500,231.445312
15322,512,120875,236.083984
15323,512,128834,251.628906
15324,512,117083,228.677734
15325,512,121208,236.734375
15326,512,112208,219.156250
15327,512,104542,204.183594
15328,512,106917,208.822266
15329,512,120125,234.619141
15330,512,116041,226.642578
15331,512,114834,224.285156
15332,512,125000,244.140625
15333,512,125500,245.117188
15334,512,113042,220.785156
15335,512,114875,224.365234
15336,512,108417,211.751953
15337,512,112208,219.156250
15338,512,113333,221.353516
15339,512,107167,209.310547
15340,512,118667,231.771484
15341,512,112333,219.400391
15342,512,107833,210.611328
15343,512,111458,217.691406
15344,512,110208,215.250000
15345,512,108792,212.484375
15346,512,108208,211.343750
15347,512,107083,209.146484
15348,512,110417,215.658203
15349,512,114542,223.714844
15350,512,113292,221.273438
15351,512,105791,206.623047
15352,512,108459,211.833984
15353,512,113834,222.332031
15354,512,105208,205.484375
15355,512,109542,213.949219
15356,512,112709,220.134766
15357,512,107541,210.041016
15358,512,107875,210.693359
15359,512,112792,220.296875
15360,512,109500,213.867188
15361,512,114375,223.388672
15362,512,115084,224.773438
15363,512,106916,208.820312
15364,512,110042,214.925781
15365,512,113333,221.353516
15366,512,113042,220.785156
15367,512,105541,206.134766
15368,512,110875,216.552734
15369,512,110875,216.552734
15370,512,105792,206.625000
15371,512,109709,214.275391
15372,512,108083,211.099609
15373,512,105000,205.078125
15374,512,107708,210.367188
15375,512,108667,212.240234
15376,512,110208,215.250000
15377,512,108875,212.646484
15378,512,103375,201.904297
15379,512,105833,206.705078
15380,512,105709,206.462891
15381,512,106666,208.332031
15382,512,104750,204.589844
15383,512,103875,202.880859
15384,512,105958,206.949219
15385,512,100000,195.312500
15386,512,105541,206.134766
15387,512,109208,213.296875
15388,512,103459,202.068359
15389,512,107042,209.066406
15390,512,109333,213.541016
15391,512,101208,197.671875
15392,512,106167,207.357422
15393,512,107166,209.308594
15394,512,103959,203.044922
15395,512,106750,208.496094
15396,512,108959,212.810547
15397,512,105916,206.867188
15398,512,101667,198.568359
15399,512,102958,201.089844
15400,512,106875,208.740234
15401,512,105583,206.216797
15402,512,104500,204.101562
15403,512,106833,208.658203
15404,512,104959,204.998047
15405,512,106000,207.031250
15406,512,106708,208.414062
15407,512,102083,199.380859
15408,512,114583,223.794922
15409,512,117917,230.306641
15410,512,120875,236.083984
15411,512,121625,237.548828
15412,512,119667,233.724609
15413,512,119458,233.316406
15414,512,140458,274.332031
15415,512,121625,237.548828
15416,512,111500,217.773438
15417,512,126625,247.314453
15418,512,125333,244.791016
15419,512,114917,224.447266
15420,512,112500,219.726562
15421,512,110166,215.167969
15422,512,114167,222.982422
15423,512,114375,223.388672
15424,512,114708,224.039062
15425,512,112750,220.214844
15426,512,114750,224.121094
15427,512,116541,227.619141
15428,512,109959,214.763672
15429,512,114417,223.470703
15430,512,111833,218.423828
15431,512,113209,221.111328
15432,512,113125,220.947266
15433,512,115708,225.992188
15434,512,110083,215.005859
15435,512,109417,213.705078
15436,512,112583,219.888672
15437,512,115667,225.912109
15438,512,112583,219.888672
15439,512,118125,230.712891
15440,512,119875,234.130859
15441,512,115625,225.830078
15442,512,114084,222.820312
15443,512,112875,220.458984
15444,512,113083,220.865234
15445,512,113958,222.574219
15446,512,121708,237.710938
15447,512,123542,241.292969
15448,512,108459,211.833984
15449,512,108791,212.482422
15450,512,108208,211.343750
15451,512,105250,205.566406
15452,512,106167,207.357422
15453,512,112958,220.621094
15454,512,111417,217.611328
15455,512,107125,209.228516
15456,512,118625,231.689453
15457,512,108708,212.320312
15458,512,109292,213.460938
15459,512,110583,215.982422
15460,512,106042,207.113281
15461,512,105250,205.566406
15462,512,107375,209.716797
15463,512,106583,208.169922
15464,512,111792,218.343750
15465,512,106791,208.576172
15466,512,105083,205.240234
15467,512,108542,211.996094
15468,512,107083,209.146484
15469,512,107375,209.716797
15470,512,108375,211.669922
15471,512,106083,207.193359
15472,512,105916,206.867188
15473,512,104292,203.695312
15474,512,102333,199.869141
15475,512,100833,196.939453
15476,512,103750,202.636719
15477,512,112750,220.214844
15478,512,124792,243.734375
15479,512,111042,216.878906
15480,512,106750,208.496094
15481,512,112041,218.830078
15482,512,104042,203.207031
15483,512,110208,215.250000
15484,512,122917,240.072266
15485,512,120375,235.107422
15486,512,126500,247.070312
15487,512,119000,232.421875
15488,512,111625,218.017578
15489,512,121875,238.037109
15490,512,124458,243.082031
15491,512,119917,234.212891
15492,512,119958,234.292969
15493,512,120292,234.945312
15494,512,114459,223.552734
15495,512,135583,264.810547
15496,512,116791,228.107422
15497,512,115917,226.400391
15498,512,110833,216.470703
15499,512,108417,211.751953
15500,512,114084,222.820312
15501,512,109875,214.599609
15502,512,112667,220.052734
15503,512,113375,221.435547
15504,512,110458,215.738281
15505,512,112042,218.832031
15506,512,115166,224.933594
15507,512,113958,222.574219
15508,512,115334,225.261719
15509,512,119375,233.154297
15510,512,116916,228.351562
15511,512,120167,234.701172
15512,512,108167,211.263672
15513,512,117416,229.328125
15514,512,111458,217.691406
15515,512,110584,215.984375
15516,512,108500,211.914062
15517,512,113833,222.330078
15518,512,108542,211.996094
15519,512,111791,218.341797
15520,512,108375,211.669922
15521,512,108417,211.751953
15522,512,110791,216.388672
15523,512,105709,206.462891
15524,512,105167,205.404297
15525,512,111292,217.367188
15526,512,107334,209.636719
15527,512,109500,213.867188
15528,512,107750,210.449219
15529,512,120250,234.863281
15530,512,105333,205.728516
15531,512,109333,213.541016
15532,512,108208,211.343750
15533,512,103708,202.554688
15534,512,107084,209.148438
15535,512,108416,211.750000
15536,512,104541,204.181641
15537,512,107333,209.634766
15538,512,104334,203.777344
15539,512,104791,204.669922
15540,512,107417,209.798828
15541,512,106167,207.357422
15542,512,104875,204.833984
15543,512,105208,205.484375
15544,512,104125,203.369141
15545,512,107833,210.611328
15546,512,107375,209.716797
15547,512,114292,223.226562
15548,512,103625,202.392578
15549,512,120000,234.375000
15550,512,118125,230.712891
15551,512,115166,224.933594
15552,512,122500,239.257812
15553,512,116500,227.539062
15554,512,122375,239.013672
15555,512,135083,263.833984
15556,512,167000,326.171875
15557,512,123292,240.804688
15558,512,128417,250.814453
15559,512,121792,237.875000
15560,512,116292,227.132812
15561,512,138458,270.425781
15562,512,134208,262.125000
15563,512,141541,276.447266
15564,512,120875,236.083984
15565,512,134709,263.103516
15566,512,138417,270.345703
15567,512,126208,246.500000
15568,512,123667,241.537109
15569,512,127583,249.185547
15570,512,127291,248.615234
15571,512,123167,240.560547
15572,512,119583,233.560547
15573,512,120958,236.246094
15574,512,115584,225.750000
15575,512,116166,226.886719
15576,512,116875,228.271484
15577,512,115709,225.994141
15578,512,114666,223.957031
15579,512,117042,228.597656
15580,512,114083,222.818359
15581,512,114792,224.203125
15582,512,117750,229.980469
15583,512,120292,234.945312
15584,512,117208,228.921875
15585,512,133125,260.009766
15586,512,110542,215.902344
15587,512,114292,223.226562
15588,512,119042,232.503906
15589,512,117208,228.921875
15590,512,123458,241.128906
15591,512,114042,222.738281
15592,512,112625,219.970703
15593,512,116333,227.212891
15594,512,116917,228.353516
15595,512,126791,247.638672
15596,512,114333,223.306641
15597,512,110583,215.982422
15598,512,116875,228.271484
15599,512,128834,251.628906
15600,512,107583,210.123047
15601,512,119583,233.560547
15602,512,118583,231.607422
15603,512,113042,220.785156
15604,512,117250,229.003906
15605,512,114542,223.714844
15606,512,122083,238.443359
15607,512,114000,222.656250
15608,512,111167,217.123047
15609,512,123208,240.640625
15610,512,110917,216.634766
15611,512,110666,216.144531
15612,512,108792,212.484375
15613,512,114250,223.144531
15614,512,111625,218.017578
15615,512,122083,238.443359
15616,512,125959,246.013672
15617,512,123709,241.619141
15618,512,132792,259.359375
15619,512,132500,258.789062
15620,512,108208,211.343750
15621,512,137708,268.960938
15622,512,122375,239.013672
15623,512,120084,234.539062
15624,512,118916,232.257812
15625,512,127625,249.267578
15626,512,117083,228.677734
15627,512,122709,239.666016
15628,512,115000,224.609375
15629,512,116167,226.888672
15630,512,112875,220.458984
15631,512,110375,215.576172
15632,512,117416,229.328125
15633,512,119292,232.992188
15634,512,110459,215.740234
15635,512,111041,216.876953
15636,512,116125,226.806641
15637,512,113625,221.923828
15638,512,110000,214.843750
15639,512,111250,217.285156
15640,512,108167,211.263672
15641,512,110750,216.308594
15642,512,111541,217.853516
15643,512,108000,210.937500
15644,512,110000,214.843750
15645,512,112792,220.296875
15646,512,106000,207.031250
15647,512,110709,216.228516
15648,512,110792,216.390625
15649,512,110708,216.226562
15650,512,112625,219.970703
15651,512,110625,216.064453
15652,512,113209,221.111328
15653,512,110709,216.228516
15654,512,114291,223.224609
15655,512,114792,224.203125
15656,512,114500,223.632812
15657,512,114291,223.224609
15658,512,107917,210.775391
15659,512,109084,213.054688
15660,512,113042,220.785156
15661,512,110875,216.552734
15662,512,113166,221.027344
15663,512,115709,225.994141
15664,512,104458,204.019531
15665,512,112208,219.156250
15666,512,109042,212.972656
15667,512,107458,209.878906
15668,512,106833,208.658203
15669,512,107000,208.984375
15670,512,109500,213.867188
15671,512,108833,212.564453
15672,512,105958,206.949219
15673,512,102375,199.951172
15674,512,104375,203.857422
15675,512,108375,211.669922
15676,512,108709,212.322266
15677,512,102000,199.218750
15678,512,103375,201.904297
15679,512,104333,203.775391
15680,512,104042,203.207031
15681,512,107041,209.064453
15682,512,105709,206.462891
15683,512,106166,207.355469
15684,512,107084,209.148438
15685,512,106250,207.519531
15686,512,106667,208.333984
15687,512,106458,207.925781
15688,512,109750,214.355469
15689,512,102792,200.765625
15690,512,108208,211.343750
15691,512,106625,208.251953
15692,512,106625,208.251953
15693,512,107667,210.287109
15694,512,110667,216.146484
15695,512,108541,211.994141
15696,512,109750,214.355469
15697,512,109292,213.460938
15698,512,107083,209.146484
15699,512,107958,210.855469
15700,512,109709,214.275391
15701,512,104458,204.019531
15702,512,109167,213.216797
15703,512,114750,224.121094
15704,512,127084,248.210938
15705,512,124209,242.595703
15706,512,140667,274.740234
15707,512,124750,243.652344
15708,512,128208,250.406250
15709,512,139917,273.275391
15710,512,119042,232.503906
15711,512,114250,223.144531
15712,512,136959,267.498047
15713,512,116083,226.724609
15714,512,114958,224.527344
15715,512,121625,237.548828
15716,512,117500,229.492188
15717,512,115000,224.609375
15718,512,114541,223.712891
15719,512,111709,218.181641
15720,512,111750,218.261719
15721,512,120333,235.025391
15722,512,114125,222.900391
15723,512,112958,220.621094
15724,512,112875,220.458984
15725,512,109417,213.705078
15726,512,111208,217.203125
15727,512,108500,211.914062
15728,512,111167,217.123047
15729,512,116625,227.783203
15730,512,116791,228.107422
15731,512,124959,244.060547
15732,512,112500,219.726562
15733,512,109875,214.599609
15734,512,109250,213.378906
15735,512,109625,214.111328
15736,512,111667,218.099609
15737,512,115666,225.910156
15738,512,117167,228.841797
15739,512,139917,273.275391
15740,512,130916,255.695312
15741,512,116833,228.189453
15742,512,128500,250.976562
15743,512,120417,235.189453
15744,512,128166,250.324219
15745,512,134542,262.777344
15746,512,130542,254.964844
15747,512,120750,235.839844
15748,512,127541,249.103516
15749,512,137917,269.369141
15750,512,139833,273.111328
15751,512,142583,278.482422
15752,512,142875,279.052734
15753,512,141375,276.123047
15754,512,151916,296.710938
15755,512,126542,247.152344
15756,512,143667,280.599609
15757,512,134542,262.777344
15758,512,153666,300.128906
15759,512,139542,272.542969
15760,512,141583,276.529297
15761,512,134500,262.695312
15762,512,124083,242.349609
15763,512,116917,228.353516
15764,512,138083,269.693359
15765,512,172417,336.751953
15766,512,133083,259.927734
15767,512,139458,272.378906
15768,512,134250,262.207031
15769,512,146542,286.214844
15770,512,169958,331.949219
15771,512,146792,286.703125
15772,512,170125,332.275391
15773,512,152541,297.931641
15774,512,130083,254.068359
15775,512,140959,275.310547
15776,512,136166,265.949219
15777,512,133375,260.498047
15778,512,123542,241.292969
15779,512,125500,245.117188
15780,512,125125,244.384766
15781,512,125333,244.791016
15782,512,126792,247.640625
15783,512,132875,259.521484
15784,512,124166,242.511719
15785,512,121333,236.978516
15786,512,129084,252.117188
15787,512,120750,235.839844
15788,512,121292,236.898438
15789,512,121708,237.710938
15790,512,125667,245.443359
15791,512,135125,263.916016
15792,512,125958,246.011719
15793,512,123250,240.722656
15794,512,118875,232.177734
15795,512,120542,235.433594
15796,512,118666,231.769531
15797,512,126459,246.990234
15798,512,119250,232.910156
15799,512,115625,225.830078
15800,512,119666,233.722656
15801,512,117292,229.085938
15802,512,111583,217.935547
15803,512,112542,219.808594
15804,512,117500,229.492188
15805,512,112042,218.832031
15806,512,111916,218.585938
15807,512,109792,214.437500
15808,512,110500,215.820312
15809,512,110666,216.144531
15810,512,110542,215.902344
15811,512,123500,241.210938
15812,512,110042,214.925781
15813,512,106083,207.193359
15814,512,108208,211.343750
15815,512,113792,222.250000
15816,512,107708,210.367188
15817,512,106250,207.519531
15818,512,108209,211.345703
15819,512,106625,208.251953
15820,512,109416,213.703125
15821,512,108792,212.484375
15822,512,107917,210.775391
15823,512,111958,218.667969
15824,512,111209,217.205078
15825,512,106959,208.904297
15826,512,105541,206.134766
15827,512,107500,209.960938
15828,512,105583,206.216797
15829,512,106125,207.275391
15830,512,109542,213.949219
15831,512,105333,205.728516
15832,512,105125,205.322266
15833,512,109292,213.460938
15834,512,104125,203.369141
15835,512,106250,207.519531
15836,512,111541,217.853516
15837,512,107292,209.554688
15838,512,110875,216.552734
15839,512,143250,279.785156
15840,512,170209,332.439453
15841,512,123250,240.722656
15842,512,129667,253.255859
15843,512,118916,232.257812
15844,512,122292,238.851562
15845,512,135916,265.460938
15846,512,143334,279.949219
15847,512,116291,227.130859
15848,512,140125,273.681641
15849,512,112917,220.541016
15850,512,120500,235.351562
15851,512,133583,260.904297
15852,512,128917,251.791016
15853,512,131583,256.998047
15854,512,120583,235.513672
15855,512,131917,257.650391
15856,512,145834,284.832031
15857,512,137166,267.902344
15858,512,145834,284.832031
15859,512,133709,261.150391
15860,512,129625,253.173828
15861,512,134709,263.103516
15862,512,128167,250.326172
15863,512,122500,239.257812
15864,512,131000,255.859375
15865,512,125458,245.035156
15866,512,130792,255.453125
15867,512,126875,247.802734
15868,512,124875,243.896484
15869,512,119334,233.074219
15870,512,121125,236.572266
15871,512,125834,245.769531
15872,512,116333,227.212891
15873,512,120458,235.269531
15874,512,122833,239.908203
15875,512,113417,221.517578
15876,512,117708,229.898438
15877,512,124833,243.814453
15878,512,121375,237.060547
15879,512,118958,232.339844
15880,512,121459,237.224609
15881,512,116500,227.539062
15882,512,117959,230.388672
15883,512,116083,226.724609
15884,512,117917,230.306641
15885,512,124958,244.058594
15886,512,120166,234.699219
15887,512,112375,219.482422
15888,512,127834,249.675781
15889,512,112291,219.318359
15890,512,113542,221.761719
15891,512,114000,222.656250
15892,512,113000,220.703125
15893,512,130750,255.371094
15894,512,126416,246.906250
15895,512,123250,240.722656
15896,512,125417,244.955078
15897,512,131791,257.404297
15898,512,118125,230.712891
15899,512,137500,268.554688
15900,512,145959,285.076172
15901,512,142750,278.808594
15902,512,136708,267.007812
15903,512,159667,311.849609
15904,512,133167,260.091797
15905,512,137958,269.449219
15906,512,138834,271.160156
15907,512,141875,277.099609
15908,512,146125,285.400391
15909,512,162250,316.894531
15910,512,146125,285.400391
15911,512,143583,280.435547
15912,512,134209,262.126953
15913,512,137542,268.636719
15914,512,133208,260.171875
15915,512,134417,262.533203
15916,512,132291,258.380859
15917,512,125333,244.791016
15918,512,128042,250.082031
15919,512,123000,240.234375
15920,512,127875,249.755859
15921,512,139959,273.357422
15922,512,122542,239.339844
15923,512,123833,241.861328
15924,512,117959,230.388672
15925,512,120333,235.025391
15926,512,123417,241.048828
15927,512,120417,235.189453
15928,512,120375,235.107422
15929,512,118291,231.037109
15930,512,114709,224.041016
15931,512,118584,231.609375
15932,512,114667,223.958984
15933,512,113667,222.005859
15934,512,115791,226.154297
15935,512,117792,230.062500
15936,512,116375,227.294922
15937,512,117000,228.515625
15938,512,113584,221.843750
15939,512,113000,220.703125
15940,512,115542,225.667969
15941,512,109958,214.761719
15942,512,110667,216.146484
15943,512,110375,215.576172
15944,512,115583,225.748047
15945,512,115416,225.421875
15946,512,112542,219.808594
15947,512,110833,216.470703
15948,512,111916,218.585938
15949,512,114375,223.388672
15950,512,108459,211.833984
15951,512,107834,210.613281
15952,512,113541,221.759766
15953,512,110292,215.414062
15954,512,111333,217.447266
15955,512,116000,226.562500
15956,512,110791,216.388672
15957,512,113708,222.085938
15958,512,114625,223.876953
15959,512,110500,215.820312
15960,512,113084,220.867188
15961,512,112917,220.541016
15962,512,111542,217.855469
15963,512,116125,226.806641
15964,512,113625,221.923828
15965,512,113916,222.492188
15966,512,116834,228.191406
15967,512,121291,236.896484
15968,512,114750,224.121094
15969,512,119333,233.072266
15970,512,118000,230.468750
15971,512,115542,225.667969
15972,512,115458,225.503906
15973,512,126625,247.314453
15974,512,107166,209.308594
15975,512,112000,218.750000
15976,512,123375,240.966797
15977,512,135750,265.136719
15978,512,132500,258.789062
15979,512,133833,261.392578
15980,512,123917,242.025391
15981,512,140667,274.740234
15982,512,130875,255.615234
15983,512,135208,264.078125
15984,512,124708,243.570312
15985,512,133875,261.474609
15986,512,125500,245.117188
15987,512,124208,242.593750
15988,512,127458,248.941406
15989,512,121792,237.875000
15990,512,122750,239.746094
15991,512,126208,246.500000
15992,512,118458,231.363281
15993,512,122958,240.152344
15994,512,121875,238.037109
15995,512,127333,248.697266
15996,512,129083,252.115234
15997,512,123167,240.560547
15998,512,118792,232.015625
15999,512,113708,222.085938
16000,512,114500,223.632812
16001,512,118000,230.468750
16002,512,126333,246.744141
16003,512,135292,264.242188
16004,512,116416,227.375000
16005,512,116209,226.970703
16006,512,115166,224.933594
16007,512,116209,226.970703
16008,512,113250,221.191406
16009,512,117459,229.412109
16010,512,114416,223.468750
16011,512,114167,222.982422
16012,512,115542,225.667969
16013,512,129666,253.253906
16014,512,140584,274.578125
16015,512,116708,227.945312
16016,512,116458,227.457031
16017,512,132917,259.603516
16018,512,121708,237.710938
16019,512,127250,248.535156
16020,512,126209,246.501953
16021,512,129375,252.685547
16022,512,131500,256.835938
16023,512,122334,238.933594
16024,512,134500,262.695312
16025,512,129083,252.115234
16026,512,131167,256.185547
16027,512,141666,276.691406
16028,512,119917,234.212891
16029,512,119250,232.910156
16030,512,129834,253.582031
16031,512,142209,277.751953
16032,512,118125,230.712891
16033,512,119917,234.212891
16034,512,121792,237.875000
16035,512,145542,284.261719
16036,512,139208,271.890625
16037,512,150500,293.945312
16038,512,184292,359.945312
16039,512,148083,289.224609
16040,512,174500,340.820312
16041,512,177875,347.412109
16042,512,160416,313.312500
16043,512,151583,296.060547
16044,512,170292,332.601562
16045,512,159541,311.603516
16046,512,157792,308.187500
16047,512,163542,319.417969
16048,512,134667,263.021484
16049,512,142208,277.750000
16050,512,148875,290.771484
16051,512,153500,299.804688
16052,512,132750,259.277344
16053,512,130333,254.556641
16054,512,129708,253.335938
16055,512,137709,268.962891
16056,512,130709,255.291016
16057,512,132958,259.683594
16058,512,123875,241.943359
16059,512,121667,237.630859
16060,512,120500,235.351562
16061,512,122916,240.070312
16062,512,127792,249.593750
16063,512,121083,236.490234
16064,512,121542,237.386719
16065,512,118542,231.527344
16066,512,117458,229.410156
16067,512,122708,239.664062
16068,512,121375,237.060547
16069,512,118208,230.875000
16070,512,117250,229.003906
16071,512,114042,222.738281
16072,512,115333,225.259766
16073,512,121208,236.734375
16074,512,119750,233.886719
16075,512,116417,227.376953
16076,512,119667,233.724609
16077,512,115500,225.585938
16078,512,118958,232.339844
16079,512,115959,226.482422
16080,512,117541,229.572266
16081,512,115625,225.830078
16082,512,119959,234.294922
16083,512,114041,222.736328
16084,512,122917,240.072266
16085,512,120083,234.537109
16086,512,114583,223.794922
16087,512,118042,230.550781
16088,512,112625,219.970703
16089,512,114417,223.470703
16090,512,114209,223.064453
16091,512,117417,229.330078
16092,512,110625,216.064453
16093,512,112709,220.134766
16094,512,116542,227.621094
16095,512,111083,216.958984
16096,512,117000,228.515625
16097,512,117417,229.330078
16098,512,113875,222.412109
16099,512,114125,222.900391
16100,512,115750,226.074219
16101,512,111667,218.099609
16102,512,118041,230.548828
16103,512,115709,225.994141
16104,512,110958,216.714844
16105,512,115250,225.097656
16106,512,157250,307.128906
16107,512,168583,329.263672
16108,512,129000,251.953125
16109,512,123833,241.861328
16110,512,115167,224.935547
16111,512,120583,235.513672
16112,512,121958,238.199219
16113,512,131708,257.242188
16114,512,122125,238.525391
16115,512,136667,266.927734
16116,512,119375,233.154297
16117,512,122167,238.607422
16118,512,122666,239.582031
16119,512,117292,229.085938
16120,512,236417,461.751953
16121,512,122750,239.746094
16122,512,123500,241.210938
16123,512,139125,271.728516
16124,512,137208,267.984375
16125,512,139500,272.460938
16126,512,140041,273.517578
16127,512,136042,265.707031
16128,512,131709,257.244141
16129,512,133542,260.824219
16130,512,138208,269.937500
16131,512,129542,253.011719
16132,512,121875,238.037109
16133,512,124333,242.837891
16134,512,123083,240.396484
16135,512,119250,232.910156
16136,512,131583,256.998047
16137,512,134125,261.962891
16138,512,117667,229.818359
16139,512,119583,233.560547
16140,512,115292,225.179688
16141,512,124250,242.675781
16142,512,116708,227.945312
16143,512,115084,224.773438
16144,512,117916,230.304688
16145,512,112667,220.052734
16146,512,126166,246.417969
16147,512,113083,220.865234
16148,512,117917,230.306641
16149,512,116833,228.189453
16150,512,116750,228.027344
16151,512,113292,221.273438
16152,512,110875,216.552734
16153,512,111333,217.447266
16154,512,116833,228.189453
16155,512,112625,219.970703
16156,512,117125,228.759766
16157,512,113292,221.273438
16158,512,113000,220.703125
16159,512,128083,250.162109
16160,512,112333,219.400391
16161,512,113917,222.494141
16162,512,115833,226.236328
16163,512,112459,219.646484
16164,512,115542,225.667969
16165,512,114292,223.226562
16166,512,113166,221.027344
16167,512,114125,222.900391
16168,512,117500,229.492188
16169,512,109167,213.216797
16170,512,110083,215.005859
16171,512,111791,218.341797
16172,512,110042,214.925781
16173,512,121333,236.978516
16174,512,137333,268.228516
16175,512,129625,253.173828
16176,512,130167,254.232422
16177,512,129333,252.603516
16178,512,121292,236.898438
16179,512,134417,262.533203
16180,512,120750,235.839844
16181,512,118042,230.550781
16182,512,112958,220.621094
16183,512,111584,217.937500
16184,512,108750,212.402344
16185,512,113917,222.494141
16186,512,114667,223.958984
16187,512,112166,219.074219
16188,512,117500,229.492188
16189,512,113459,221.599609
16190,512,116000,226.562500
16191,512,120417,235.189453
16192,512,117083,228.677734
16193,512,117292,229.085938
16194,512,113958,222.574219
16195,512,112708,220.132812
16196,512,114250,223.144531
16197,512,120542,235.433594
16198,512,115166,224.933594
16199,512,114500,223.632812
16200,512,116000,226.562500
16201,512,112500,219.726562
16202,512,111083,216.958984
16203,512,310083,605.630859
16204,512,243375,475.341797
16205,512,240667,470.052734
16206,512,265625,518.798828
16207,512,135041,263.751953
16208,512,116500,227.539062
16209,512,118708,231.851562
16210,512,114250,223.144531
16211,512,116042,226.644531
16212,512,118916,232.257812
16213,512,143458,280.191406
16214,512,156334,305.339844
16215,512,154416,301.593750
16216,512,131042,255.941406
16217,512,148417,289.876953
16218,512,165667,323.568359
16219,512,139834,273.113281
16220,512,134584,262.859375
16221,512,256584,501.140625
16222,512,167500,327.148438
16223,512,143459,280.193359
16224,512,158000,308.593750
16225,512,154208,301.187500
16226,512,150666,294.269531
16227,512,162042,316.488281
16228,512,153125,299.072266
16229,512,160333,313.150391
16230,512,172542,336.996094
16231,512,162666,317.707031
16232,512,148417,289.876953
16233,512,148625,290.283203
16234,512,148458,289.957031
16235,512,159292,311.117188
16236,512,710625,1387.939453
16237,512,524083,1023.599609
16238,512,262333,512.369141
16239,512,177459,346.599609
16240,512,158250,309.082031
16241,512,182209,355.876953
16242,512,166166,324.542969
16243,512,153417,299.642578
16244,512,154750,302.246094
16245,512,155166,303.058594
16246,512,201458,393.472656
16247,512,161625,315.673828
16248,512,151708,296.304688
16249,512,157334,307.292969
16250,512,146167,285.482422
16251,512,147958,288.980469
16252,512,146542,286.214844
16253,512,149500,291.992188
16254,512,138167,269.857422
16255,512,139458,272.378906
16256,512,143083,279.458984
16257,512,148334,289.714844
16258,512,135125,263.916016
16259,512,139041,271.564453
16260,512,126167,246.419922
16261,512,126125,246.337891
16262,512,240708,470.132812
16263,512,243500,475.585938
16264,512,132375,258.544922
16265,512,135583,264.810547
16266,512,149500,291.992188
16267,512,139250,271.972656
16268,512,134250,262.207031
16269,512,135208,264.078125
16270,512,141458,276.285156
16271,512,132583,258.951172
16272,512,130583,255.044922
16273,512,136917,267.416016
16274,512,147917,288.900391
16275,512,142208,277.750000
16276,512,139458,272.378906
16277,512,150542,294.027344
16278,512,149042,291.097656
16279,512,145458,284.097656
16280,512,141791,276.935547
16281,512,136458,266.519531
16282,512,136542,266.683594
16283,512,150208,293.375000
16284,512,146166,285.480469
16285,512,146875,286.865234
16286,512,173792,339.437500
16287,512,152125,297.119141
16288,512,143375,280.029297
16289,512,143583,280.435547
16290,512,135917,265.462891
16291,512,148916,290.851562
16292,512,133375,260.498047
16293,512,133459,260.662109
16294,512,153792,300.375000
16295,512,158375,309.326172
16296,512,153125,299.072266
16297,512,141625,276.611328
16298,512,162250,316.894531
16299,512,191083,373.208984
16300,512,156250,305.175781
16301,512,147958,288.980469
16302,512,159334,311.199219
16303,512,135750,265.136719
16304,512,134500,262.695312
16305,512,138209,269.939453
16306,512,139334,272.136719
16307,512,132041,257.892578
16308,512,131334,256.511719
16309,512,133542,260.824219
16310,512,138250,270.019531
16311,512,147625,288.330078
16312,512,139584,272.625000
16313,512,129500,252.929688
16314,512,124334,242.839844
16315,512,121875,238.037109
16316,512,132333,258.462891
16317,512,120708,235.757812
16318,512,130833,255.533203
16319,512,124458,243.082031
16320,512,121750,237.792969
16321,512,125708,245.523438
16322,512,122459,239.177734
16323,512,119916,234.210938
16324,512,133542,260.824219
16325,512,122958,240.152344
16326,512,126833,247.720703
16327,512,127208,248.453125
16328,512,129250,252.441406
16329,512,124667,243.490234
16330,512,124541,243.244141
16331,512,121667,237.630859
16332,512,121292,236.898438
16333,512,181500,354.492188
16334,512,140250,273.925781
16335,512,142417,278.158203
16336,512,151625,296.142578
16337,512,129709,253.337891
16338,512,149083,291.177734
16339,512,203250,396.972656
16340,512,174708,341.226562
16341,512,149541,292.072266
16342,512,134417,262.533203
16343,512,143625,280.517578
16344,512,132208,258.218750
16345,512,138583,270.669922
16346,512,146625,286.376953
16347,512,143542,280.355469
16348,512,133458,260.660156
16349,512,144709,282.634766
16350,512,145542,284.261719
16351,512,140917,275.228516
16352,512,130833,255.533203
16353,512,137916,269.367188
16354,512,146500,286.132812
16355,512,156208,305.093750
16356,512,144333,281.900391
16357,512,141417,276.205078
16358,512,170333,332.681641
16359,512,146875,286.865234
16360,512,144458,282.144531
16361,512,138542,270.589844
16362,512,139042,271.566406
16363,512,131583,256.998047
16364,512,141042,275.472656
16365,512,133583,260.904297
16366,512,136333,266.275391
16367,512,133750,261.230469
16368,512,131625,257.080078
16369,512,128500,250.976562
16370,512,126625,247.314453
16371,512,130000,253.906250
16372,512,123416,241.046875
16373,512,127959,249.919922
16374,512,124792,243.734375
16375,512,121042,236.410156
16376,512,127041,248.126953
16377,512,120292,234.945312
16378,512,122833,239.908203
16379,512,122834,239.910156
16380,512,120042,234.457031
16381,512,122916,240.070312
16382,512,123667,241.537109
16383,512,127958,249.917969
16384,512,121542,237.386719
16385,512,121208,236.734375
16386,512,118791,232.013672
16387,512,119459,233.318359
16388,512,117709,229.900391
16389,512,116833,228.189453
16390,512,115250,225.097656
16391,512,118083,230.630859
16392,512,113459,221.599609
16393,512,118541,231.525391
16394,512,120292,234.945312
16395,512,112166,219.074219
16396,512,114500,223.632812
16397,512,115208,225.015625
16398,512,114750,224.121094
16399,512,114750,224.121094
16400,512,120583,235.513672
16401,512,125959,246.013672
16402,512,134833,263.345703
16403,512,121333,236.978516
16404,512,113917,222.494141
16405,512,116625,227.783203
16406,512,118917,232.259766
16407,512,124583,243.326172
16408,512,183084,357.585938
16409,512,346250,676.269531
16410,512,244209,476.970703
16411,512,220708,431.070312
16412,512,236916,462.726562
16413,512,124834,243.816406
16414,512,121125,236.572266
16415,512,123291,240.802734
16416,512,128542,251.058594
16417,512,129167,252.279297
16418,512,120833,236.001953
16419,512,147375,287.841797
16420,512,169625,331.298828
16421,512,133875,261.474609
16422,512,162000,316.406250
16423,512,136041,265.705078
16424,512,132042,257.894531
16425,512,137583,268.716797
16426,512,139291,272.052734
16427,512,132000,257.812500
16428,512,134875,263.427734
16429,512,132166,258.136719
16430,512,126417,246.908203
16431,512,145708,284.585938
16432,512,134583,262.857422
16433,512,125375,244.873047
16434,512,123458,241.128906
16435,512,126417,246.908203
16436,512,126791,247.638672
16437,512,127625,249.267578
16438,512,127666,249.347656
16439,512,127959,249.919922
16440,512,132542,258.871094
16441,512,125167,244.466797
16442,512,131500,256.835938
16443,512,133917,261.556641
16444,512,128041,250.080078
16445,512,136625,266.845703
16446,512,132792,259.359375
16447,512,130458,254.800781
16448,512,137125,267.822266
16449,512,127000,248.046875
16450,512,127958,249.917969
16451,512,134375,262.451172
16452,512,131375,256.591797
16453,512,119167,232.748047
16454,512,130375,254.638672
16455,512,134709,263.103516
16456,512,133334,260.417969
16457,512,124708,243.570312
16458,512,129542,253.011719
16459,512,127541,249.103516
16460,512,140834,275.066406
16461,512,132834,259.441406
16462,512,127959,249.919922
16463,512,128625,251.220703
16464,512,129792,253.500000
16465,512,137125,267.822266
16466,512,119833,234.048828
16467,512,124625,243.408203
16468,512,123708,241.617188
16469,512,129334,252.605469
16470,512,127541,249.103516
16471,512,134000,261.718750
16472,512,127291,248.615234
16473,512,135042,263.753906
16474,512,129791,253.498047
16475,512,131750,257.324219
16476,512,125125,244.384766
16477,512,140292,274.007812
16478,512,138708,270.914062
16479,512,130417,254.720703
16480,512,262791,513.263672
16481,512,338208,660.562500
16482,512,211917,413.900391
16483,512,278458,543.863281
16484,512,233583,456.216797
16485,512,199333,389.322266
16486,512,191209,373.455078
16487,512,164833,321.939453
16488,512,184708,360.757812
16489,512,192250,375.488281
16490,512,193000,376.953125
16491,512,202375,395.263672
16492,512,184583,360.513672
16493,512,189750,370.605469
16494,512,186375,364.013672
16495,512,191750,374.511719
16496,512,179042,349.691406
16497,512,168583,329.263672
16498,512,173541,338.947266
16499,512,172417,336.751953
16500,512,173625,339.111328
16501,512,167416,326.984375
16502,512,178375,348.388672
16503,512,182250,355.957031
16504,512,183834,359.050781
16505,512,165875,323.974609
16506,512,184750,360.839844
16507,512,187375,365.966797
16508,512,205750,401.855469
16509,512,210750,411.621094
16510,512,198500,387.695312
16511,512,176125,343.994141
16512,512,190000,371.093750
16513,512,175458,342.691406
16514,512,217292,424.398438
16515,512,242875,474.365234
16516,512,218541,426.837891
16517,512,222125,433.837891
16518,512,234000,457.031250
16519,512,218375,426.513672
16520,512,177125,345.947266
16521,512,168708,329.507812
16522,512,177375,346.435547
16523,512,165000,322.265625
16524,512,166584,325.359375
16525,512,156083,304.849609
16526,512,154875,302.490234
16527,512,155916,304.523438
16528,512,155084,302.898438
16529,512,158791,310.138672
16530,512,159584,311.687500
16531,512,185583,362.466797
16532,512,236583,462.076172
16533,512,226625,442.626953
16534,512,189583,370.279297
16535,512,165458,323.160156
16536,512,164667,321.615234
16537,512,143042,279.378906
16538,512,146708,286.539062
16539,512,145875,284.912109
16540,512,145875,284.912109
16541,512,158791,310.138672
16542,512,157042,306.722656
16543,512,165500,323.242188
16544,512,138917,271.322266
16545,512,138791,271.076172
16546,512,134167,262.044922
16547,512,146333,285.806641
16548,512,139709,272.869141
16549,512,139333,272.134766
16550,512,135708,265.054688
16551,512,132125,258.056641
16552,512,137709,268.962891
16553,512,132917,259.603516
16554,512,138750,270.996094
16555,512,141875,277.099609
16556,512,137500,268.554688
16557,512,141875,277.099609
16558,512,145333,283.853516
16559,512,146583,286.294922
16560,512,179625,350.830078
16561,512,236000,460.937500
16562,512,166167,324.544922
16563,512,155833,304.361328
16564,512,159500,311.523438
16565,512,177291,346.271484
16566,512,183459,358.318359
16567,512,172791,337.482422
16568,512,202625,395.751953
16569,512,200250,391.113281
16570,512,219333,428.384766
16571,512,180833,353.189453
16572,512,151583,296.060547
16573,512,143625,280.517578
16574,512,184125,359.619141
16575,512,187208,365.640625
16576,512,160917,314.291016
16577,512,175625,343.017578
16578,512,164125,320.556641
16579,512,172208,336.343750
16580,512,170000,332.031250
16581,512,161125,314.697266
16582,512,177083,345.865234
16583,512,165834,323.894531
16584,512,163292,318.929688
16585,512,162833,318.033203
16586,512,160792,314.046875
16587,512,139750,272.949219
16588,512,131750,257.324219
16589,512,134541,262.775391
16590,512,144917,283.041016
16591,512,135416,264.484375
16592,512,126583,247.232422
16593,512,123209,240.642578
16594,512,117333,229.166016
16595,512,228875,447.021484
16596,512,210417,410.970703
16597,512,225083,439.615234
16598,512,201625,393.798828
16599,512,196000,382.812500
16600,512,203875,398.193359
16601,512,209959,410.076172
16602,512,204084,398.601562
16603,512,227041,443.439453
16604,512,189292,369.710938
16605,512,215041,420.001953
16606,512,206542,403.402344
16607,512,199250,389.160156
16608,512,184750,360.839844
16609,512,217375,424.560547
16610,512,201125,392.822266
16611,512,191917,374.837891
16612,512,193542,378.011719
16613,512,201959,394.451172
16614,512,227291,443.927734
16615,512,208000,406.250000
16616,512,184208,359.781250
16617,512,151584,296.062500
16618,512,152791,298.419922
16619,512,153875,300.537109
16620,512,165042,322.347656
16621,512,159542,311.605469
16622,512,164083,320.474609
16623,512,148542,290.121094
16624,512,129625,253.173828
16625,512,135291,264.240234
16626,512,135667,264.974609
16627,512,132958,259.683594
16628,512,154750,302.246094
16629,512,146584,286.296875
16630,512,129833,253.580078
16631,512,218500,426.757812
16632,512,143666,280.597656
16633,512,130875,255.615234
16634,512,137750,269.042969
16635,512,129375,252.685547
16636,512,134333,262.369141
16637,512,137917,269.369141
16638,512,133333,260.416016
16639,512,135041,263.751953
16640,512,133125,260.009766
16641,512,127167,248.373047
16642,512,133250,260.253906
16643,512,128292,250.570312
16644,512,129916,253.742188
16645,512,129792,253.500000
16646,512,121208,236.734375
16647,512,123833,241.861328
16648,512,126792,247.640625
16649,512,118458,231.363281
16650,512,119750,233.886719
16651,512,120250,234.863281
16652,512,118625,231.689453
16653,512,122125,238.525391
16654,512,119084,232.585938
16655,512,128000,250.000000
16656,512,120458,235.269531
16657,512,269833,527.017578
16658,512,295084,576.335938
16659,512,257292,502.523438
16660,512,213000,416.015625
16661,512,259958,507.730469
16662,512,213917,417.806641
16663,512,231542,452.230469
16664,512,270167,527.669922
16665,512,263875,515.380859
16666,512,211833,413.736328
16667,512,238625,466.064453
16668,512,195625,382.080078
16669,512,189500,370.117188
16670,512,176625,344.970703
16671,512,177333,346.353516
16672,512,183083,357.583984
16673,512,180209,351.970703
16674,512,182042,355.550781
16675,512,186000,363.281250
16676,512,170833,333.658203
16677,512,167417,326.986328
16678,512,170375,332.763672
16679,512,167500,327.148438
16680,512,171125,334.228516
16681,512,163958,320.230469
16682,512,158500,309.570312
16683,512,184000,359.375000
16684,512,163041,318.439453
16685,512,155667,304.037109
16686,512,155000,302.734375
16687,512,178000,347.656250
16688,512,154500,301.757812
16689,512,152541,297.931641
16690,512,160875,314.208984
16691,512,183375,358.154297
16692,512,163458,319.253906
16693,512,178167,347.982422
16694,512,181375,354.248047
16695,512,190667,372.396484
16696,512,191042,373.128906
16697,512,190833,372.720703
16698,512,172583,337.076172
16699,512,182708,356.851562
16700,512,195000,380.859375
16701,512,198125,386.962891
16702,512,198166,387.042969
16703,512,192709,376.384766
16704,512,170416,332.843750
16705,512,188250,367.675781
16706,512,190792,372.640625
16707,512,199375,389.404297
16708,512,204375,399.169922
16709,512,214459,418.865234
16710,512,271500,530.273438
16711,512,242334,473.308594
16712,512,226000,441.406250
16713,512,208375,406.982422
16714,512,173792,339.437500
16715,512,178083,347.818359
16716,512,185000,361.328125
16717,512,189208,369.546875
16718,512,171333,334.634766
16719,512,163667,319.662109
16720,512,166625,325.439453
16721,512,169875,331.787109
16722,512,166958,326.089844
16723,512,162500,317.382812
16724,512,171042,334.066406
16725,512,164708,321.695312
16726,512,167667,327.474609
16727,512,155417,303.548828
16728,512,152708,298.257812
16729,512,158042,308.675781
16730,512,150875,294.677734
16731,512,154500,301.757812
16732,512,147042,287.191406
16733,512,156541,305.744141
16734,512,139542,272.542969
16735,512,143375,280.029297
16736,512,143666,280.597656
16737,512,146209,285.564453
16738,512,140625,274.658203
16739,512,148625,290.283203
16740,512,150167,293.294922
16741,512,128417,250.814453
16742,512,136416,266.437500
16743,512,150792,294.515625
16744,512,138000,269.531250
16745,512,137333,268.228516
16746,512,129208,252.359375
16747,512,153375,299.560547
16748,512,145125,283.447266
16749,512,142708,278.726562
16750,512,155583,303.873047
16751,512,153042,298.910156
16752,512,141041,275.470703
16753,512,205000,400.390625
16754,512,234625,458.251953
16755,512,202666,395.832031
16756,512,162667,317.708984
16757,512,177416,346.515625
16758,512,176000,343.750000
16759,512,162084,316.570312
16760,512,175083,341.958984
16761,512,170417,332.845703
16762,512,183083,357.583984
16763,512,186125,363.525391
16764,512,199834,390.300781
16765,512,254250,496.582031
16766,512,214792,419.515625
16767,512,201958,394.449219
16768,512,188375,367.919922
16769,512,160667,313.802734
16770,512,165458,323.160156
16771,512,179458,350.503906
16772,512,186250,363.769531
16773,512,162833,318.033203
16774,512,182167,355.794922
16775,512,164333,320.962891
16776,512,162084,316.570312
16777,512,173541,338.947266
16778,512,157875,308.349609
16779,512,165458,323.160156
16780,512,170000,332.031250
16781,512,158792,310.140625
16782,512,160334,313.152344
16783,512,137916,269.367188
16784,512,147542,288.167969
16785,512,166792,325.765625
16786,512,139333,272.134766
16787,512,143458,280.191406
16788,512,161833,316.080078
16789,512,149834,292.644531
16790,512,148458,289.957031
16791,512,147666,288.410156
16792,512,127750,249.511719
16793,512,159750,312.011719
16794,512,135625,264.892578
16795,512,163416,319.171875
16796,512,151875,296.630859
16797,512,134000,261.718750
16798,512,139042,271.566406
16799,512,153625,300.048828
16800,512,130625,255.126953
16801,512,161666,315.753906
16802,512,160917,314.291016
16803,512,147625,288.330078
16804,512,157542,307.699219
16805,512,156792,306.234375
16806,512,133458,260.660156
16807,512,133167,260.091797
16808,512,142291,277.912109
16809,512,146250,285.644531
16810,512,147500,288.085938
16811,512,140917,275.228516
16812,512,127791,249.591797
16813,512,136375,266.357422
16814,512,134166,262.042969
16815,512,127750,249.511719
16816,512,158417,309.408203
16817,512,185834,362.957031
16818,512,183875,359.130859
16819,512,180708,352.945312
16820,512,161417,315.267578
16821,512,165584,323.406250
16822,512,149250,291.503906
16823,512,141000,275.390625
16824,512,140916,275.226562
16825,512,143750,280.761719
16826,512,134417,262.533203
16827,512,138916,271.320312
16828,512,132542,258.871094
16829,512,128875,251.708984
16830,512,130250,254.394531
16831,512,124792,243.734375
16832,512,133791,261.310547
16833,512,122542,239.339844
16834,512,127208,248.453125
16835,512,119708,233.804688
16836,512,111625,218.017578
16837,512,123625,241.455078
16838,512,121125,236.572266
16839,512,136458,266.519531
16840,512,137875,269.287109
16841,512,121333,236.978516
16842,512,126208,246.500000
16843,512,125334,244.792969
16844,512,128041,250.080078
16845,512,127875,249.755859
16846,512,135000,263.671875
16847,512,128916,251.789062
16848,512,132250,258.300781
16849,512,135333,264.322266
16850,512,125250,244.628906
16851,512,131625,257.080078
16852,512,132875,259.521484
16853,512,150083,293.130859
16854,512,134583,262.857422
16855,512,137167,267.904297
16856,512,124542,243.246094
16857,512,152583,298.013672
16858,512,140125,273.681641
16859,512,148416,289.875000
16860,512,162125,316.650391
16861,512,149667,292.318359
16862,512,154958,302.652344
16863,512,153333,299.478516
16864,512,158125,308.837891
16865,512,166292,324.789062
16866,512,168125,328.369141
16867,512,148041,289.142578
16868,512,144792,282.796875
16869,512,152917,298.666016
16870,512,158125,308.837891
16871,512,155125,302.978516
16872,512,151291,295.490234
16873,512,143958,281.167969
16874,512,147625,288.330078
16875,512,170709,333.416016
16876,512,201750,394.042969
16877,512,192041,375.080078
16878,512,186959,365.154297
16879,512,182208,355.875000
16880,512,155250,303.222656
16881,512,137166,267.902344
16882,512,136834,267.253906
16883,512,141500,276.367188
16884,512,140625,274.658203
16885,512,137834,269.207031
16886,512,137959,269.451172
16887,512,131458,256.753906
16888,512,144583,282.388672
16889,512,145292,283.773438
16890,512,140542,274.496094
16891,512,124000,242.187500
16892,512,125083,244.302734
16893,512,127209,248.455078
16894,512,123834,241.863281
16895,512,123250,240.722656
16896,512,129791,253.498047
16897,512,137708,268.960938
16898,512,131084,256.023438
16899,512,131041,255.939453
16900,512,140250,273.925781
16901,512,135250,264.160156
16902,512,125709,245.525391
16903,512,122583,239.419922
16904,512,121208,236.734375
16905,512,120917,236.166016
16906,512,122333,238.931641
16907,512,121292,236.898438
16908,512,123292,240.804688
16909,512,120125,234.619141
16910,512,132292,258.382812
16911,512,121000,236.328125
16912,512,123416,241.046875
16913,512,120583,235.513672
16914,512,120500,235.351562
16915,512,124833,243.814453
16916,512,123792,241.781250
16917,512,128833,251.626953
16918,512,126542,247.152344
16919,512,121750,237.792969
16920,512,124541,243.244141
16921,512,120959,236.248047
16922,512,127416,248.859375
16923,512,123500,241.210938
16924,512,124917,243.978516
16925,512,124667,243.490234
16926,512,124375,242.919922
16927,512,141875,277.099609
16928,512,154208,301.187500
16929,512,174834,341.472656
16930,512,238417,465.658203
16931,512,173916,339.679688
16932,512,162375,317.138672
16933,512,168667,329.427734
16934,512,163000,318.359375
16935,512,153083,298.990234
16936,512,146167,285.482422
16937,512,147541,288.166016
16938,512,154042,300.863281
16939,512,136875,267.333984
16940,512,141333,276.041016
16941,512,128959,251.873047
16942,512,132375,258.544922
16943,512,129500,252.929688
16944,512,120250,234.863281
16945,512,128000,250.000000
16946,512,121375,237.060547
16947,512,123709,241.619141
16948,512,118625,231.689453
16949,512,121083,236.490234
16950,512,122000,238.281250
16951,512,121000,236.328125
16952,512,121916,238.117188
16953,512,117458,229.410156
16954,512,127042,248.128906
16955,512,119833,234.048828
16956,512,118459,231.365234
16957,512,122541,239.337891
16958,512,118167,230.794922
16959,512,116333,227.212891
16960,512,117875,230.224609
16961,512,120333,235.025391
16962,512,122000,238.281250
16963,512,129750,253.417969
16964,512,116667,227.865234
16965,512,114917,224.447266
16966,512,117291,229.083984
16967,512,132250,258.300781
16968,512,123625,241.455078
16969,512,118916,232.257812
16970,512,126750,247.558594
16971,512,112625,219.970703
16972,512,117667,229.818359
16973,512,115333,225.259766
16974,512,117500,229.492188
16975,512,115125,224.853516
16976,512,120625,235.595703
16977,512,136250,266.113281
16978,512,131708,257.242188
16979,512,128875,251.708984
16980,512,138750,270.996094
16981,512,170375,332.763672
16982,512,201167,392.904297
16983,512,135750,265.136719
16984,512,132916,259.601562
16985,512,129167,252.279297
16986,512,136000,265.625000
16987,512,129917,253.744141
16988,512,137208,267.984375
16989,512,139625,272.705078
16990,512,147250,287.597656
16991,512,143500,280.273438
16992,512,167750,327.636719
16993,512,149917,292.806641
16994,512,184292,359.945312
16995,512,169084,330.242188
16996,512,151584,296.062500
16997,512,145333,283.853516
16998,512,153833,300.455078
16999,512,132583,258.951172
17000,512,134334,262.371094
17001,512,134500,262.695312
17002,512,159541,311.603516
17003,512,298208,582.437500
17004,512,233084,455.242188
17005,512,238667,466.146484
17006,512,226333,442.056641
17007,512,200167,390.951172
17008,512,206541,403.400391
17009,512,188375,367.919922
17010,512,208750,407.714844
17011,512,225500,440.429688
17012,512,132458,258.707031
17013,512,129375,252.685547
17014,512,131750,257.324219
17015,512,122875,239.990234
17016,512,140208,273.843750
17017,512,128625,251.220703
17018,512,130875,255.615234
17019,512,131333,256.509766
17020,512,123416,241.046875
17021,512,126250,246.582031
17022,512,145292,283.773438
17023,512,134042,261.800781
17024,512,126417,246.908203
17025,512,125042,244.222656
17026,512,121667,237.630859
17027,512,133416,260.578125
17028,512,125750,245.605469
17029,512,123958,242.105469
17030,512,126834,247.722656
17031,512,123334,240.886719
17032,512,131833,257.486328
17033,512,133666,261.066406
17034,512,128083,250.162109
17035,512,118292,231.039062
17036,512,126375,246.826172
17037,512,122833,239.908203
17038,512,122917,240.072266
17039,512,144500,282.226562
17040,512,127292,248.617188
17041,512,149083,291.177734
17042,512,152042,296.957031
17043,512,134791,263.263672
17044,512,133750,261.230469
17045,512,148958,290.933594
17046,512,140625,274.658203
17047,512,130667,255.208984
17048,512,134084,261.882812
17049,512,140708,274.820312
17050,512,149208,291.421875
17051,512,157500,307.617188
17052,512,147625,288.330078
17053,512,174167,340.169922
17054,512,146917,286.947266
17055,512,133042,259.847656
17056,512,136416,266.437500
17057,512,131958,257.730469
17058,512,135292,264.242188
17059,512,131458,256.753906
17060,512,127208,248.453125
17061,512,128333,250.650391
17062,512,125334,244.792969
17063,512,129250,252.441406
17064,512,125542,245.199219
17065,512,125792,245.687500
17066,512,126375,246.826172
17067,512,126208,246.500000
17068,512,121667,237.630859
17069,512,124541,243.244141
17070,512,123709,241.619141
17071,512,124875,243.896484
17072,512,360250,703.613281
17073,512,257875,503.662109
17074,512,263792,515.218750
17075,512,239208,467.203125
17076,512,236417,461.751953
17077,512,223208,435.953125
17078,512,186333,363.931641
17079,512,211334,412.761719
17080,512,232375,453.857422
17081,512,247167,482.748047
17082,512,140417,274.251953
17083,512,139167,271.810547
17084,512,137416,268.390625
17085,512,132125,258.056641
17086,512,127542,249.105469
17087,512,123917,242.025391
17088,512,127250,248.535156
17089,512,140458,274.332031
17090,512,131833,257.486328
17091,512,130292,254.476562
17092,512,151500,295.898438
17093,512,142667,278.646484
17094,512,134583,262.857422
17095,512,132958,259.683594
17096,512,133666,261.066406
17097,512,141250,275.878906
17098,512,154958,302.652344
17099,512,138291,270.099609
17100,512,158375,309.326172
17101,512,143875,281.005859
17102,512,148250,289.550781
17103,512,170625,333.251953
17104,512,181750,354.980469
17105,512,180417,352.376953
17106,512,181000,353.515625
17107,512,147333,287.759766
17108,512,157625,307.861328
17109,512,213833,417.642578
17110,512,190042,371.175781
17111,512,166875,325.927734
17112,512,160167,312.826172
17113,512,155875,304.443359
17114,512,166625,325.439453
17115,512,154417,301.595703
17116,512,149041,291.095703
17117,512,142792,278.890625
17118,512,146541,286.212891
17119,512,156417,305.501953
17120,512,145500,284.179688
17121,512,147916,288.898438
17122,512,147042,287.191406
17123,512,144500,282.226562
17124,512,143916,281.085938
17125,512,138292,270.101562
17126,512,137750,269.042969
17127,512,141375,276.123047
17128,512,137583,268.716797
17129,512,135125,263.916016
17130,512,133458,260.660156
17131,512,132583,258.951172
17132,512,140875,275.146484
17133,512,413583,807.779297
17134,512,278708,544.351562
17135,512,272917,533.041016
17136,512,267750,522.949219
17137,512,236791,462.482422
17138,512,222167,433.919922
17139,512,175291,342.365234
17140,512,244458,477.457031
17141,512,225042,439.535156
17142,512,235833,460.611328
17143,512,248458,485.269531
17144,512,237333,463.541016
17145,512,210042,410.238281
17146,512,231834,452.800781
17147,512,216083,422.037109
17148,512,224042,437.582031
17149,512,217334,424.480469
17150,512,239958,468.667969
17151,512,248167,484.701172
17152,512,146792,286.703125
17153,512,156625,305.908203
17154,512,143375,280.029297
17155,512,142167,277.669922
17156,512,142125,277.587891
17157,512,140958,275.308594
17158,512,141542,276.449219
17159,512,143375,280.029297
17160,512,139500,272.460938
17161,512,139667,272.787109
17162,512,138167,269.857422
17163,512,133916,261.554688
17164,512,141334,276.042969
17165,512,138250,270.019531
17166,512,137209,267.986328
17167,512,135750,265.136719
17168,512,138084,269.695312
17169,512,135000,263.671875
17170,512,134125,261.962891
17171,512,128959,251.873047
17172,512,130208,254.312500
17173,512,131250,256.347656
17174,512,128458,250.894531
17175,512,130958,255.777344
17176,512,136541,266.681641
17177,512,127834,249.675781
17178,512,138458,270.425781
17179,512,136208,266.031250
17180,512,125584,245.281250
17181,512,129250,252.441406
17182,512,129500,252.929688
17183,512,127166,248.371094
17184,512,127292,248.617188
17185,512,125667,245.443359
17186,512,141208,275.796875
17187,512,133708,261.148438
17188,512,132792,259.359375
17189,512,133167,260.091797
17190,512,125208,244.546875
17191,512,180833,353.189453
17192,512,306125,597.900391
17193,512,242458,473.550781
17194,512,189459,370.037109
17195,512,205292,400.960938
17196,512,256458,500.894531
17197,512,239958,468.667969
17198,512,217667,425.130859
17199,512,187750,366.699219
17200,512,208292,406.820312
17201,512,213250,416.503906
17202,512,220875,431.396484
17203,512,253541,495.197266
17204,512,161500,315.429688
17205,512,143834,280.925781
17206,512,145000,283.203125
17207,512,133625,260.986328
17208,512,139792,273.031250
17209,512,177709,347.087891
17210,512,157750,308.105469
17211,512,177834,347.332031
17212,512,141166,275.714844
17213,512,127792,249.593750
17214,512,127542,249.105469
17215,512,130166,254.230469
17216,512,136917,267.416016
17217,512,133833,261.392578
17218,512,135792,265.218750
17219,512,136208,266.031250
17220,512,129458,252.847656
17221,512,129542,253.011719
17222,512,131792,257.406250
17223,512,128250,250.488281
17224,512,129833,253.580078
17225,512,132958,259.683594
17226,512,130500,254.882812
17227,512,133333,260.416016
17228,512,128209,250.408203
17229,512,124583,243.326172
17230,512,129708,253.335938
17231,512,128584,251.140625
17232,512,125208,244.546875
17233,512,130208,254.312500
17234,512,126542,247.152344
17235,512,124542,243.246094
17236,512,126083,246.255859
17237,512,124000,242.187500
17238,512,125833,245.767578
17239,512,129834,253.582031
17240,512,125792,245.687500
17241,512,121125,236.572266
17242,512,126208,246.500000
17243,512,124875,243.896484
17244,512,123208,240.640625
17245,512,121708,237.710938
17246,512,127042,248.128906
17247,512,125875,245.849609
17248,512,119500,233.398438
17249,512,128125,250.244141
17250,512,126792,247.640625
17251,512,131333,256.509766
17252,512,129167,252.279297
17253,512,141792,276.937500
17254,512,138584,270.671875
17255,512,135958,265.542969
17256,512,130125,254.150391
17257,512,134792,263.265625
17258,512,381209,744.548828
17259,512,268750,524.902344
17260,512,243083,474.771484
17261,512,236875,462.646484
17262,512,261000,509.765625
17263,512,136666,266.925781
17264,512,126250,246.582031
17265,512,123459,241.130859
17266,512,148291,289.630859
17267,512,137709,268.962891
17268,512,137708,268.960938
17269,512,156042,304.769531
17270,512,154375,301.513672
17271,512,152959,298.748047
17272,512,153625,300.048828
17273,512,142708,278.726562
17274,512,142208,277.750000
17275,512,158042,308.675781
17276,512,155083,302.896484
17277,512,138708,270.914062
17278,512,150208,293.375000
17279,512,142417,278.158203
17280,512,141333,276.041016
17281,512,120375,235.107422
17282,512,136208,266.031250
17283,512,149459,291.912109
17284,512,140750,274.902344
17285,512,121042,236.410156
17286,512,146417,285.970703
17287,512,147875,288.818359
17288,512,138208,269.937500
17289,512,141917,277.181641
17290,512,145666,284.503906
17291,512,137750,269.042969
17292,512,144417,282.064453
17293,512,130333,254.556641
17294,512,147958,288.980469
17295,512,123000,240.234375
17296,512,121834,237.957031
17297,512,128000,250.000000
17298,512,128416,250.812500
17299,512,130167,254.232422
17300,512,133959,261.638672
17301,512,135916,265.460938
17302,512,139875,273.193359
17303,512,133209,260.173828
17304,512,132541,258.869141
17305,512,133625,260.986328
17306,512,132042,257.894531
17307,512,133375,260.498047
17308,512,133833,261.392578
17309,512,127792,249.593750
17310,512,130041,253.986328
17311,512,134542,262.777344
17312,512,141291,275.958984
17313,512,170917,333.822266
17314,512,139542,272.542969
17315,512,144916,283.039062
17316,512,165125,322.509766
17317,512,142542,278.402344
17318,512,137791,269.123047
17319,512,141417,276.205078
17320,512,129584,253.093750
17321,512,136584,266.765625
17322,512,128708,251.382812
17323,512,124042,242.269531
17324,512,127000,248.046875
17325,512,265625,518.798828
17326,512,260500,508.789062
17327,512,233666,456.378906
17328,512,200750,392.089844
17329,512,202459,395.427734
17330,512,221584,432.781250
17331,512,209000,408.203125
17332,512,203166,396.808594
17333,512,210334,410.808594
17334,512,182375,356.201172
17335,512,183375,358.154297
17336,512,203167,396.810547
17337,512,209166,408.527344
17338,512,198209,387.126953
17339,512,213875,417.724609
17340,512,231541,452.228516
17341,512,247583,483.560547
17342,512,259375,506.591797
17343,512,132000,257.812500
17344,512,131792,257.406250
17345,512,134166,262.042969
17346,512,133000,259.765625
17347,512,137917,269.369141
17348,512,140667,274.740234
17349,512,129250,252.441406
17350,512,140667,274.740234
17351,512,134042,261.800781
17352,512,153292,299.398438
17353,512,205875,402.099609
17354,512,164708,321.695312
17355,512,165125,322.509766
17356,512,142625,278.564453
17357,512,171416,334.796875
17358,512,144542,282.308594
17359,512,139833,273.111328
17360,512,137375,268.310547
17361,512,147208,287.515625
17362,512,137959,269.451172
17363,512,135458,264.566406
17364,512,141041,275.470703
17365,512,140875,275.146484
17366,512,135333,264.322266
17367,512,141542,276.449219
17368,512,131750,257.324219
17369,512,131750,257.324219
17370,512,127042,248.128906
17371,512,131292,256.429688
17372,512,131291,256.427734
17373,512,135959,265.544922
17374,512,137291,268.146484
17375,512,143875,281.005859
17376,512,146417,285.970703
17377,512,138625,270.751953
17378,512,131709,257.244141
17379,512,129834,253.582031
17380,512,132875,259.521484
17381,512,127541,249.103516
17382,512,129125,252.197266
17383,512,136083,265.787109
17384,512,135625,264.892578
17385,512,141583,276.529297
17386,512,179375,350.341797
17387,512,354667,692.708984
17388,512,266125,519.775391
17389,512,262292,512.289062
17390,512,261208,510.171875
17391,512,213792,417.562500
17392,512,230500,450.195312
17393,512,189042,369.222656
17394,512,178458,348.550781
17395,512,185792,362.875000
17396,512,174042,339.925781
17397,512,178625,348.876953
17398,512,177875,347.412109
17399,512,167500,327.148438
17400,512,170375,332.763672
17401,512,172333,336.587891
17402,512,169166,330.402344
17403,512,166334,324.871094
17404,512,172292,336.507812
17405,512,176167,344.076172
17406,512,159166,310.871094
17407,512,189500,370.117188
17408,512,238542,465.902344
17409,512,185875,363.037109
17410,512,189209,369.548828
17411,512,207875,406.005859
17412,512,200625,391.845703
17413,512,206000,402.343750
17414,512,199375,389.404297
17415,512,279000,544.921875
17416,512,292542,571.371094
17417,512,265000,517.578125
17418,512,223000,435.546875
17419,512,185667,362.630859
17420,512,179625,350.830078
17421,512,178208,348.062500
17422,512,180250,352.050781
17423,512,172708,337.320312
17424,512,178000,347.656250
17425,512,170250,332.519531
17426,512,173292,338.460938
17427,512,178292,348.226562
17428,512,165916,324.054688
17429,512,165000,322.265625
17430,512,183333,358.072266
17431,512,181958,355.386719
17432,512,197917,386.556641
17433,512,186916,365.070312
17434,512,187750,366.699219
17435,512,279667,546.224609
17436,512,200000,390.625000
17437,512,201667,393.880859
17438,512,190833,372.720703
17439,512,188667,368.490234
17440,512,177333,346.353516
17441,512,187459,366.130859
17442,512,199583,389.810547
17443,512,184292,359.945312
17444,512,220209,430.095703
17445,512,186291,363.849609
17446,512,250250,488.769531
17447,512,199500,389.648438
17448,512,182750,356.933594
17449,512,174208,340.250000
17450,512,178542,348.714844
17451,512,174792,341.390625
17452,512,194625,380.126953
17453,512,164750,321.777344
17454,512,170208,332.437500
17455,512,180583,352.701172
17456,512,160708,313.882812
17457,512,168292,328.695312
17458,512,207875,406.005859
17459,512,245708,479.898438
17460,512,131875,257.568359
17461,512,132958,259.683594
17462,512,137500,268.554688
17463,512,129333,252.603516
17464,512,158041,308.673828
17465,512,174708,341.226562
17466,512,169792,331.625000
17467,512,176083,343.912109
17468,512,166042,324.300781
17469,512,171250,334.472656
17470,512,144625,282.470703
17471,512,136042,265.707031
17472,512,180208,351.968750
17473,512,174958,341.714844
17474,512,154500,301.757812
17475,512,165958,324.136719
17476,512,240667,470.052734
17477,512,188417,368.001953
17478,512,172958,337.808594
17479,512,169083,330.240234
17480,512,159959,312.419922
17481,512,168625,329.345703
17482,512,164833,321.939453
17483,512,175167,342.123047
17484,512,154125,301.025391
17485,512,168459,329.021484
17486,512,162000,316.406250
17487,512,164291,320.880859
17488,512,164625,321.533203
17489,512,158334,309.246094
17490,512,149416,291.828125
17491,512,156125,304.931641
17492,512,158917,310.384766
17493,512,149875,292.724609
17494,512,258709,505.291016
17495,512,349334,682.292969
17496,512,234041,457.111328
17497,512,216125,422.119141
17498,512,201792,394.125000
17499,512,218125,426.025391
17500,512,189958,371.011719
17501,512,209625,409.423828
17502,512,224958,439.371094
17503,512,219792,429.281250
17504,512,268916,525.226562
17505,512,287750,562.011719
17506,512,308917,603.353516
17507,512,213916,417.804688
17508,512,208834,407.878906
17509,512,204334,399.089844
17510,512,193667,378.255859
17511,512,193250,377.441406
17512,512,183333,358.072266
17513,512,198625,387.939453
17514,512,187791,366.779297
17515,512,183084,357.585938
17516,512,196917,384.603516
17517,512,175333,342.447266
17518,512,184292,359.945312
17519,512,187083,365.396484
17520,512,182250,355.957031
17521,512,172750,337.402344
17522,512,172583,337.076172
17523,512,169709,331.462891
17524,512,177125,345.947266
17525,512,175625,343.017578
17526,512,178750,349.121094
17527,512,168167,328.451172
17528,512,173208,338.296875
17529,512,173875,339.599609
17530,512,172292,336.507812
17531,512,171500,334.960938
17532,512,184250,359.863281
17533,512,171584,335.125000
17534,512,196792,384.359375
17535,512,169208,330.484375
17536,512,175542,342.855469
17537,512,181458,354.410156
17538,512,172209,336.345703
17539,512,173959,339.763672
17540,512,173500,338.867188
17541,512,150958,294.839844
17542,512,174333,340.494141
17543,512,164125,320.556641
17544,512,160417,313.314453
17545,512,167833,327.798828
17546,512,167167,326.498047
17547,512,181458,354.410156
17548,512,234792,458.578125
17549,512,237417,463.705078
17550,512,240583,469.888672
17551,512,211792,413.656250
17552,512,181791,355.060547
17553,512,178875,349.365234
17554,512,172917,337.728516
17555,512,155583,303.873047
17556,512,171750,335.449219
17557,512,156750,306.152344
17558,512,168041,328.205078
17559,512,152500,297.851562
17560,512,162125,316.650391
17561,512,160166,312.824219
17562,512,152000,296.875000
17563,512,154083,300.943359
17564,512,161917,316.244141
17565,512,155042,302.816406
17566,512,156333,305.337891
17567,512,141916,277.179688
17568,512,153125,299.072266
17569,512,152333,297.525391
17570,512,159000,310.546875
17571,512,144459,282.146484
17572,512,154000,300.781250
17573,512,153625,300.048828
17574,512,142250,277.832031
17575,512,138875,271.240234
17576,512,140750,274.902344
17577,512,143541,280.353516
17578,512,144500,282.226562
17579,512,143833,280.923828
17580,512,138583,270.669922
17581,512,236708,462.320312
17582,512,148792,290.609375
17583,512,153333,299.478516
17584,512,159000,310.546875
17585,512,151834,296.550781
17586,512,153958,300.699219
17587,512,150958,294.839844
17588,512,141959,277.263672
17589,512,133584,260.906250
17590,512,145375,283.935547
17591,512,169208,330.484375
17592,512,208334,406.902344
17593,512,182791,357.013672
17594,512,179584,350.750000
17595,512,155375,303.466797
17596,512,151333,295.572266
17597,512,190000,371.093750
17598,512,151125,295.166016
17599,512,182209,355.876953
17600,512,207041,404.376953
17601,512,161292,315.023438
17602,512,147958,288.980469
17603,512,150875,294.677734
17604,512,158584,309.734375
17605,512,179625,350.830078
17606,512,169875,331.787109
17607,512,165208,322.671875
17608,512,158792,310.140625
17609,512,138500,270.507812
17610,512,147250,287.597656
17611,512,170791,333.576172
17612,512,212584,415.203125
17613,512,234000,457.031250
17614,512,204834,400.066406
17615,512,220834,431.316406
17616,512,197917,386.556641
17617,512,203458,397.378906
17618,512,220542,430.746094
17619,512,194125,379.150391
17620,512,210916,411.945312
17621,512,205458,401.285156
17622,512,206459,403.240234
17623,512,194625,380.126953
17624,512,196875,384.521484
17625,512,198541,387.775391
17626,512,202834,396.160156
17627,512,200542,391.683594
17628,512,206917,404.134766
17629,512,213250,416.503906
17630,512,190458,371.988281
17631,512,183541,358.478516
17632,512,182459,356.365234
17633,512,179250,350.097656
17634,512,162166,316.730469
17635,512,187625,366.455078
17636,512,176167,344.076172
17637,512,160542,313.558594
17638,512,174250,340.332031
17639,512,161459,315.349609
17640,512,159750,312.011719
17641,512,165042,322.347656
17642,512,163792,319.906250
17643,512,168125,328.369141
17644,512,167667,327.474609
17645,512,180042,351.644531
17646,512,223125,435.791016
17647,512,211000,412.109375
17648,512,186083,363.443359
17649,512,208166,406.574219
17650,512,182000,355.468750
17651,512,258084,504.070312
17652,512,180000,351.562500
17653,512,170792,333.578125
17654,512,186666,364.582031
17655,512,178250,348.144531
17656,512,172334,336.589844
17657,512,173666,339.191406
17658,512,170834,333.660156
17659,512,165958,324.136719
17660,512,151167,295.248047
17661,512,166792,325.765625
17662,512,156708,306.070312
17663,512,158083,308.755859
17664,512,175709,343.181641
17665,512,164250,320.800781
17666,512,156625,305.908203
17667,512,145500,284.179688
17668,512,149792,292.562500
17669,512,141042,275.472656
17670,512,159917,312.337891
17671,512,165750,323.730469
17672,512,158958,310.464844
17673,512,143500,280.273438
17674,512,142791,278.888672
17675,512,156750,306.152344
17676,512,152625,298.095703
17677,512,246375,481.201172
17678,512,153959,300.701172
17679,512,148791,290.607422
17680,512,159917,312.337891
17681,512,171208,334.390625
17682,512,148959,290.935547
17683,512,157000,306.640625
17684,512,162167,316.732422
17685,512,147292,287.679688
17686,512,152708,298.257812
17687,512,142500,278.320312
17688,512,176250,344.238281
17689,512,156459,305.583984
17690,512,168042,328.207031
17691,512,180333,352.212891
17692,512,158542,309.652344
17693,512,163833,319.986328
17694,512,201084,392.742188
17695,512,208208,406.656250
17696,512,135000,263.671875
17697,512,136083,265.787109
17698,512,129167,252.279297
17699,512,185958,363.199219
17700,512,155625,303.955078
17701,512,222875,435.302734
17702,512,180792,353.109375
17703,512,182333,356.119141
17704,512,167250,326.660156
17705,512,176875,345.458984
17706,512,174041,339.923828
17707,512,159042,310.628906
17708,512,130625,255.126953
17709,512,131041,255.939453
17710,512,131250,256.347656
17711,512,128209,250.408203
17712,512,124625,243.408203
17713,512,126209,246.501953
17714,512,130916,255.695312
17715,512,129875,253.662109
17716,512,142000,277.343750
17717,512,139625,272.705078
17718,512,149833,292.642578
17719,512,142250,277.832031
17720,512,148250,289.550781
17721,512,149458,291.910156
17722,512,143708,280.679688
17723,512,141458,276.285156
17724,512,136500,266.601562
17725,512,143875,281.005859
17726,512,143875,281.005859
17727,512,145833,284.830078
17728,512,162333,317.056641
17729,512,127917,249.837891
17730,512,142458,278.238281
17731,512,146708,286.539062
17732,512,125583,245.279297
17733,512,129625,253.173828
17734,512,121500,237.304688
17735,512,122167,238.607422
17736,512,124750,243.652344
17737,512,132791,259.357422
17738,512,124125,242.431641
17739,512,130875,255.615234
17740,512,123167,240.560547
17741,512,125291,244.708984
17742,512,128917,251.791016
17743,512,126708,247.476562
17744,512,125750,245.605469
17745,512,127875,249.755859
17746,512,135291,264.240234
17747,512,128334,250.652344
17748,512,124750,243.652344
17749,512,141125,275.634766
17750,512,137167,267.904297
17751,512,145708,284.585938
17752,512,149584,292.156250
17753,512,140875,275.146484
17754,512,138459,270.427734
17755,512,134500,262.695312
17756,512,133208,260.171875
17757,512,126625,247.314453
17758,512,127375,248.779297
17759,512,129583,253.091797
17760,512,124167,242.513672
17761,512,126541,247.150391
17762,512,136083,265.787109
17763,512,129417,252.767578
17764,512,134708,263.101562
17765,512,129709,253.337891
17766,512,132583,258.951172
17767,512,297167,580.404297
17768,512,254916,497.882812
17769,512,259875,507.568359
17770,512,258500,504.882812
17771,512,259042,505.941406
17772,512,247708,483.804688
17773,512,249833,487.955078
17774,512,236750,462.402344
17775,512,262500,512.695312
17776,512,219084,427.898438
17777,512,345666,675.128906
17778,512,257167,502.279297
17779,512,237167,463.216797
17780,512,241791,472.248047
17781,512,162042,316.488281
17782,512,135250,264.160156
17783,512,134125,261.962891
17784,512,175916,343.585938
17785,512,163917,320.150391
17786,512,131500,256.835938
17787,512,131958,257.730469
17788,512,131542,256.917969
17789,512,130541,254.962891
17790,512,132959,259.685547
17791,512,131166,256.183594
17792,512,126000,246.093750
17793,512,125959,246.013672
17794,512,132666,259.113281
17795,512,133334,260.417969
17796,512,126875,247.802734
17797,512,131334,256.511719
17798,512,125916,245.929688
17799,512,127250,248.535156
17800,512,130500,254.882812
17801,512,121375,237.060547
17802,512,123208,240.640625
17803,512,130083,254.068359
17804,512,136917,267.416016
17805,512,149208,291.421875
17806,512,139250,271.972656
17807,512,141792,276.937500
17808,512,143417,280.111328
17809,512,134167,262.044922
17810,512,132792,259.359375
17811,512,135750,265.136719
17812,512,127792,249.593750
17813,512,126833,247.720703
17814,512,132042,257.894531
17815,512,124250,242.675781
17816,512,129958,253.824219
17817,512,134000,261.718750
17818,512,130125,254.150391
17819,512,128583,251.138672
17820,512,127709,249.431641
17821,512,123542,241.292969
17822,512,119542,233.480469
17823,512,121959,238.201172
17824,512,127541,249.103516
17825,512,129042,252.035156
17826,512,128792,251.546875
17827,512,119041,232.501953
17828,512,127250,248.535156
17829,512,162542,317.464844
17830,512,180833,353.189453
17831,512,155292,303.304688
17832,512,141875,277.099609
17833,512,140583,274.576172
17834,512,133875,261.474609
17835,512,132166,258.136719
17836,512,130667,255.208984
17837,512,128958,251.871094
17838,512,133500,260.742188
17839,512,129375,252.685547
17840,512,156500,305.664062
17841,512,176166,344.074219
17842,512,179583,350.748047
17843,512,170125,332.275391
17844,512,164542,321.371094
17845,512,179291,350.177734
17846,512,232292,453.695312
17847,512,203708,397.867188
17848,512,180334,352.214844
17849,512,176209,344.158203
17850,512,167250,326.660156
17851,512,160959,314.373047
17852,512,162875,318.115234
17853,512,177583,346.841797
17854,512,172167,336.263672
17855,512,168416,328.937500
17856,512,168542,329.183594
17857,512,155583,303.873047
17858,512,157333,307.291016
17859,512,165209,322.673828
17860,512,149125,291.259766
17861,512,152875,298.583984
17862,512,151541,295.978516
17863,512,161792,316.000000
17864,512,167833,327.798828
17865,512,169875,331.787109
17866,512,152709,298.259766
17867,512,154625,302.001953
17868,512,152958,298.746094
17869,512,148209,289.470703
17870,512,162791,317.951172
17871,512,143833,280.923828
17872,512,143000,279.296875
17873,512,153083,298.990234
17874,512,150167,293.294922
17875,512,222042,433.675781
17876,512,159084,310.710938
17877,512,163792,319.906250
17878,512,149917,292.806641
17879,512,162416,317.218750
17880,512,151709,296.306641
17881,512,159250,311.035156
17882,512,160750,313.964844
17883,512,156833,306.314453
17884,512,153375,299.560547
17885,512,155750,304.199219
17886,512,156791,306.232422
17887,512,157833,308.267578
17888,512,152375,297.607422
17889,512,148584,290.203125
17890,512,166541,325.275391
17891,512,157834,308.269531
17892,512,163166,318.683594
17893,512,156209,305.095703
17894,512,159709,311.931641
17895,512,159250,311.035156
17896,512,151500,295.898438
17897,512,164708,321.695312
17898,512,171958,335.855469
17899,512,191000,373.046875
17900,512,176834,345.378906
17901,512,173000,337.890625
17902,512,168541,329.181641
17903,512,152375,297.607422
17904,512,155167,303.060547
17905,512,153875,300.537109
17906,512,159500,311.523438
17907,512,161250,314.941406
17908,512,149417,291.830078
17909,512,148125,289.306641
17910,512,158000,308.593750
17911,512,150375,293.701172
17912,512,147000,287.109375
17913,512,153084,298.992188
17914,512,146000,285.156250
17915,512,140791,274.982422
17916,512,150875,294.677734
17917,512,163084,318.523438
17918,512,141791,276.935547
17919,512,154667,302.083984
17920,512,144666,282.550781
17921,512,133875,261.474609
17922,512,149125,291.259766
17923,512,127959,249.919922
17924,512,141250,275.878906
17925,512,143750,280.761719
17926,512,131750,257.324219
17927,512,137459,268.474609
17928,512,128084,250.164062
17929,512,132958,259.683594
17930,512,135917,265.462891
17931,512,136750,267.089844
17932,512,140667,274.740234
17933,512,148041,289.142578
17934,512,147084,287.273438
17935,512,126208,246.500000
17936,512,143333,279.947266
17937,512,155083,302.896484
17938,512,143375,280.029297
17939,512,172584,337.078125
17940,512,149333,291.666016
17941,512,144833,282.876953
17942,512,150917,294.759766
17943,512,262542,512.777344
17944,512,170041,332.111328
17945,512,179667,350.912109
17946,512,172916,337.726562
17947,512,165459,323.162109
17948,512,174625,341.064453
17949,512,205334,401.042969
17950,512,171666,335.285156
17951,512,166959,326.091797
17952,512,191750,374.511719
17953,512,164667,321.615234
17954,512,202833,396.158203
17955,512,172208,336.343750
17956,512,148584,290.203125
17957,512,153750,300.292969
17958,512,149625,292.236328
17959,512,145291,283.771484
17960,512,142667,278.646484
17961,512,138875,271.240234
17962,512,146625,286.376953
17963,512,139875,273.193359
17964,512,138750,270.996094
17965,512,143166,279.621094
17966,512,138250,270.019531
17967,512,139000,271.484375
17968,512,134292,262.289062
17969,512,130375,254.638672
17970,512,138500,270.507812
17971,512,139167,271.810547
17972,512,143250,279.785156
17973,512,152000,296.875000
17974,512,146292,285.726562
17975,512,127833,249.673828
17976,512,146666,286.457031
17977,512,175917,343.587891
17978,512,199292,389.242188
17979,512,144333,281.900391
17980,512,135042,263.753906
17981,512,129792,253.500000
17982,512,122500,239.257812
17983,512,123958,242.105469
17984,512,126292,246.664062
17985,512,133541,260.822266
17986,512,137042,267.660156
17987,512,133625,260.986328
17988,512,139208,271.890625
17989,512,123208,240.640625
17990,512,122583,239.419922
17991,512,137583,268.716797
17992,512,127542,249.105469
17993,512,135708,265.054688
17994,512,135583,264.810547
17995,512,140625,274.658203
17996,512,141500,276.367188
17997,512,144583,282.388672
17998,512,142541,278.400391
17999,512,157500,307.617188
18000,512,146041,285.236328
18001,512,160042,312.582031
18002,512,159208,310.953125
18003,512,243333,475.259766
18004,512,153042,298.910156
18005,512,143625,280.517578
18006,512,141000,275.390625
18007,512,146541,286.212891
18008,512,169292,330.648438
18009,512,152000,296.875000
18010,512,153917,300.619141
18011,512,146667,286.458984
18012,512,168667,329.427734
18013,512,165958,324.136719
18014,512,174375,340.576172
18015,512,149125,291.259766
18016,512,154708,302.164062
18017,512,145250,283.691406
18018,512,139750,272.949219
18019,512,137375,268.310547
18020,512,141417,276.205078
18021,512,137542,268.636719
18022,512,134458,262.613281
18023,512,146000,285.156250
18024,512,149875,292.724609
18025,512,144125,281.494141
18026,512,132917,259.603516
18027,512,136750,267.089844
18028,512,142959,279.216797
18029,512,127541,249.103516
18030,512,125917,245.931641
18031,512,126709,247.478516
18032,512,125833,245.767578
18033,512,127958,249.917969
18034,512,132125,258.056641
18035,512,132208,258.218750
18036,512,129167,252.279297
18037,512,123583,241.373047
18038,512,163583,319.498047
18039,512,153375,299.560547
18040,512,196625,384.033203
18041,512,122917,240.072266
18042,512,122000,238.281250
18043,512,129000,251.953125
18044,512,136041,265.705078
18045,512,133167,260.091797
18046,512,146000,285.156250
18047,512,127542,249.105469
18048,512,130833,255.533203
18049,512,129500,252.929688
18050,512,126541,247.150391
18051,512,127792,249.593750
18052,512,144958,283.121094
18053,512,141416,276.203125
18054,512,136792,267.171875
18055,512,129667,253.255859
18056,512,134792,263.265625
18057,512,227209,443.767578
18058,512,140541,274.494141
18059,512,151167,295.248047
18060,512,149250,291.503906
18061,512,161500,315.429688
18062,512,155584,303.875000
18063,512,158709,309.978516
18064,512,158042,308.675781
18065,512,159958,312.417969
18066,512,137875,269.287109
18067,512,145333,283.853516
18068,512,132250,258.300781
18069,512,134042,261.800781
18070,512,131959,257.732422
18071,512,131250,256.347656
18072,512,147959,288.982422
18073,512,134125,261.962891
18074,512,129042,252.035156
18075,512,126625,247.314453
18076,512,129917,253.744141
18077,512,143958,281.167969
18078,512,136083,265.787109
18079,512,129583,253.091797
18080,512,123292,240.804688
18081,512,129208,252.359375
18082,512,128458,250.894531
18083,512,120042,234.457031
18084,512,123625,241.455078
18085,512,136500,266.601562
18086,512,125583,245.279297
18087,512,123250,240.722656
18088,512,120083,234.537109
18089,512,124333,242.837891
18090,512,124083,242.349609
18091,512,116334,227.214844
18092,512,121375,237.060547
18093,512,120709,235.759766
18094,512,118875,232.177734
18095,512,127250,248.535156
18096,512,118250,230.957031
18097,512,122917,240.072266
18098,512,118792,232.015625
18099,512,118958,232.339844
18100,512,123083,240.396484
18101,512,126750,247.558594
18102,512,122417,239.095703
18103,512,118792,232.015625
18104,512,119166,232.746094
18105,512,123250,240.722656
18106,512,123459,241.130859
18107,512,127209,248.455078
18108,512,118500,231.445312
18109,512,120292,234.945312
18110,512,116917,228.353516
18111,512,142833,278.970703
18112,512,187125,365.478516
18113,512,126333,246.744141
18114,512,131583,256.998047
18115,512,140208,273.843750
18116,512,126209,246.501953
18117,512,127375,248.779297
18118,512,127500,249.023438
18119,512,127500,249.023438
18120,512,125959,246.013672
18121,512,124041,242.267578
18122,512,124125,242.431641
18123,512,122417,239.095703
18124,512,119125,232.666016
18125,512,126375,246.826172
18126,512,129583,253.091797
18127,512,130625,255.126953
18128,512,127584,249.187500
18129,512,125875,245.849609
18130,512,124166,242.511719
18131,512,123417,241.048828
18132,512,129958,253.824219
18133,512,122959,240.154297
18134,512,135458,264.566406
18135,512,120208,234.781250
18136,512,145542,284.261719
18137,512,148042,289.144531
18138,512,152875,298.583984
18139,512,133083,259.927734
18140,512,153583,299.966797
18141,512,158209,309.001953
18142,512,153250,299.316406
18143,512,137917,269.369141
18144,512,138541,270.587891
18145,512,143625,280.517578
18146,512,127750,249.511719
18147,512,130042,253.988281
18148,512,126667,247.396484
18149,512,130875,255.615234
18150,512,136834,267.253906
18151,512,126084,246.257812
18152,512,136375,266.357422
18153,512,220333,430.337891
18154,512,145375,283.935547
18155,512,133958,261.636719
18156,512,138625,270.751953
18157,512,129750,253.417969
18158,512,131583,256.998047
18159,512,131083,256.021484
18160,512,123250,240.722656
18161,512,123750,241.699219
18162,512,129042,252.035156
18163,512,122958,240.152344
18164,512,122375,239.013672
18165,512,124333,242.837891
18166,512,123000,240.234375
18167,512,123083,240.396484
18168,512,123750,241.699219
18169,512,119750,233.886719
18170,512,124667,243.490234
18171,512,133750,261.230469
18172,512,128958,251.871094
18173,512,130083,254.068359
18174,512,134208,262.125000
18175,512,122792,239.828125
18176,512,143000,279.296875
18177,512,126750,247.558594
18178,512,166208,324.625000
18179,512,202209,394.939453
18180,512,138459,270.427734
18181,512,140375,274.169922
18182,512,159916,312.335938
18183,512,138833,271.158203
18184,512,135917,265.462891
18185,512,132833,259.439453
18186,512,134084,261.882812
18187,512,139625,272.705078
18188,512,139708,272.867188
18189,512,134667,263.021484
18190,512,166833,325.845703
18191,512,148500,290.039062
18192,512,136708,267.007812
18193,512,134667,263.021484
18194,512,142667,278.646484
18195,512,140167,273.763672
18196,512,138041,269.611328
18197,512,136875,267.333984
18198,512,135792,265.218750
18199,512,130292,254.476562
18200,512,127500,249.023438
18201,512,127666,249.347656
18202,512,122875,239.990234
18203,512,126667,247.396484
18204,512,122917,240.072266
18205,512,123875,241.943359
18206,512,120667,235.677734
18207,512,119500,233.398438
18208,512,121542,237.386719
18209,512,131459,256.755859
18210,512,120333,235.025391
18211,512,130583,255.044922
18212,512,122167,238.607422
18213,512,117542,229.574219
18214,512,127750,249.511719
18215,512,121417,237.142578
18216,512,131833,257.486328
18217,512,118083,230.630859
18218,512,114917,224.447266
18219,512,124458,243.082031
18220,512,126125,246.337891
18221,512,117333,229.166016
18222,512,118500,231.445312
18223,512,119792,233.968750
18224,512,115458,225.503906
18225,512,119916,234.210938
18226,512,192167,375.326172
18227,512,132917,259.603516
18228,512,122916,240.070312
18229,512,131709,257.244141
18230,512,122041,238.361328
18231,512,120917,236.166016
18232,512,126791,247.638672
18233,512,125167,244.466797
18234,512,123167,240.560547
18235,512,122917,240.072266
18236,512,120958,236.246094
18237,512,141542,276.449219
18238,512,120417,235.189453
18239,512,118250,230.957031
18240,512,123416,241.046875
18241,512,123459,241.130859
18242,512,122459,239.177734
18243,512,122792,239.828125
18244,512,127292,248.617188
18245,512,117917,230.306641
18246,512,127417,248.861328
18247,512,124959,244.060547
18248,512,118333,231.119141
18249,512,123833,241.861328
18250,512,123084,240.398438
18251,512,114416,223.468750
18252,512,118292,231.039062
18253,512,117542,229.574219
18254,512,117541,229.572266
18255,512,125084,244.304688
18256,512,128084,250.164062
18257,512,126584,247.234375
18258,512,122833,239.908203
18259,512,120958,236.246094
18260,512,140250,273.925781
18261,512,128959,251.873047
18262,512,121500,237.304688
18263,512,130209,254.314453
18264,512,124416,243.000000
18265,512,169208,330.484375
18266,512,187875,366.943359
18267,512,156500,305.664062
18268,512,141500,276.367188
18269,512,150042,293.050781
18270,512,143750,280.761719
18271,512,149000,291.015625
18272,512,141792,276.937500
18273,512,153875,300.537109
18274,512,144584,282.390625
18275,512,149958,292.886719
18276,512,151583,296.060547
18277,512,150125,293.212891
18278,512,150083,293.130859
18279,512,135083,263.833984
18280,512,134125,261.962891
18281,512,140375,274.169922
18282,512,130208,254.312500
18283,512,130875,255.615234
18284,512,125333,244.791016
18285,512,130875,255.615234
18286,512,128833,251.626953
18287,512,124583,243.326172
18288,512,126417,246.908203
18289,512,125375,244.873047
18290,512,122000,238.281250
18291,512,124917,243.978516
18292,512,120167,234.701172
18293,512,126417,246.908203
18294,512,122458,239.175781
18295,512,114917,224.447266
18296,512,122875,239.990234
18297,512,136083,265.787109
18298,512,119167,232.748047
18299,512,122083,238.443359
18300,512,123709,241.619141
18301,512,124083,242.349609
18302,512,125333,244.791016
18303,512,146667,286.458984
18304,512,132541,258.869141
18305,512,139375,272.216797
18306,512,124334,242.839844
18307,512,119958,234.292969
18308,512,191875,374.755859
18309,512,167416,326.984375
18310,512,151292,295.492188
18311,512,148583,290.201172
18312,512,161959,316.326172
18313,512,142375,278.076172
18314,512,158167,308.919922
18315,512,147833,288.736328
18316,512,138791,271.076172
18317,512,132750,259.277344
18318,512,141209,275.798828
18319,512,132375,258.544922
18320,512,129125,252.197266
18321,512,127792,249.593750
18322,512,203625,397.705078
18323,512,131916,257.648438
18324,512,128375,250.732422
18325,512,132334,258.464844
18326,512,133125,260.009766
18327,512,136583,266.763672
18328,512,129125,252.197266
18329,512,133417,260.580078
18330,512,127208,248.453125
18331,512,131833,257.486328
18332,512,131500,256.835938
18333,512,129250,252.441406
18334,512,123292,240.804688
18335,512,127041,248.126953
18336,512,120958,236.246094
18337,512,119375,233.154297
18338,512,123708,241.617188
18339,512,121292,236.898438
18340,512,120958,236.246094
18341,512,125958,246.011719
18342,512,117625,229.736328
18343,512,115667,225.912109
18344,512,118125,230.712891
18345,512,120375,235.107422
18346,512,118291,231.037109
18347,512,117542,229.574219
18348,512,128166,250.324219
18349,512,119333,233.072266
18350,512,121834,237.957031
18351,512,115667,225.912109
18352,512,115541,225.666016
18353,512,123083,240.396484
18354,512,118958,232.339844
18355,512,119333,233.072266
18356,512,118875,232.177734
18357,512,112834,220.378906
18358,512,113917,222.494141
18359,512,117291,229.083984
18360,512,113667,222.005859
18361,512,117166,228.839844
18362,512,123334,240.886719
18363,512,115292,225.179688
18364,512,112875,220.458984
18365,512,115750,226.074219
18366,512,119000,232.421875
18367,512,117958,230.386719
18368,512,117250,229.003906
18369,512,114833,224.283203
18370,512,116667,227.865234
18371,512,116250,227.050781
18372,512,117083,228.677734
18373,512,123875,241.943359
18374,512,118708,231.851562
18375,512,113292,221.273438
18376,512,114708,224.039062
18377,512,115833,226.236328
18378,512,116000,226.562500
18379,512,112375,219.482422
18380,512,118417,231.283203
18381,512,117458,229.410156
18382,512,117875,230.224609
18383,512,126667,247.396484
18384,512,124791,243.732422
18385,512,120167,234.701172
18386,512,122417,239.095703
18387,512,124209,242.595703
18388,512,122458,239.175781
18389,512,150000,292.968750
18390,512,120208,234.781250
18391,512,122833,239.908203
18392,512,121917,238.119141
18393,512,123542,241.292969
18394,512,120625,235.595703
18395,512,118208,230.875000
18396,512,120958,236.246094
18397,512,134417,262.533203
18398,512,125083,244.302734
18399,512,128833,251.626953
18400,512,139292,272.054688
18401,512,138333,270.181641
18402,512,126042,246.175781
18403,512,132166,258.136719
18404,512,152750,298.339844
18405,512,128750,251.464844
18406,512,126209,246.501953
18407,512,131292,256.429688
18408,512,125916,245.929688
18409,512,136000,265.625000
18410,512,122375,239.013672
18411,512,126208,246.500000
18412,512,129208,252.359375
18413,512,121167,236.654297
18414,512,208792,407.796875
18415,512,132625,259.033203
18416,512,126583,247.232422
18417,512,128458,250.894531
18418,512,129000,251.953125
18419,512,139667,272.787109
18420,512,129041,252.033203
18421,512,122250,238.769531
18422,512,122750,239.746094
18423,512,126334,246.746094
18424,512,126958,247.964844
18425,512,117416,229.328125
18426,512,124959,244.060547
18427,512,127875,249.755859
18428,512,119459,233.318359
18429,512,116709,227.947266
18430,512,121292,236.898438
18431,512,120375,235.107422
18432,512,118166,230.792969
18433,512,126500,247.070312
18434,512,139459,272.380859
18435,512,123625,241.455078
18436,512,137583,268.716797
18437,512,202750,395.996094
18438,512,148958,290.933594
18439,512,156792,306.234375
18440,512,152500,297.851562
18441,512,137708,268.960938
18442,512,130958,255.777344
18443,512,142166,277.667969
18444,512,131209,256.267578
18445,512,138166,269.855469
18446,512,149959,292.888672
18447,512,134625,262.939453
18448,512,146292,285.726562
18449,512,144833,282.876953
18450,512,132291,258.380859
18451,512,130208,254.312500
18452,512,132750,259.277344
18453,512,130500,254.882812
18454,512,126291,246.662109
18455,512,123292,240.804688
18456,512,129000,251.953125
18457,512,147125,287.353516
18458,512,132666,259.113281
18459,512,119875,234.130859
18460,512,130709,255.291016
18461,512,123291,240.802734
18462,512,131667,257.162109
18463,512,124208,242.593750
18464,512,158792,310.140625
18465,512,132583,258.951172
18466,512,126709,247.478516
18467,512,122125,238.525391
18468,512,124875,243.896484
18469,512,124292,242.757812
18470,512,123916,242.023438
18471,512,138167,269.857422
18472,512,138000,269.531250
18473,512,149834,292.644531
18474,512,138125,269.775391
18475,512,154583,301.919922
18476,512,203291,397.052734
18477,512,141959,277.263672
18478,512,138750,270.996094
18479,512,135917,265.462891
18480,512,132291,258.380859
18481,512,131292,256.429688
18482,512,126708,247.476562
18483,512,129375,252.685547
18484,512,130667,255.208984
18485,512,127458,248.941406
18486,512,127250,248.535156
18487,512,134917,263.509766
18488,512,132709,259.197266
18489,512,124916,243.976562
18490,512,119625,233.642578
18491,512,122584,239.421875
18492,512,121791,237.873047
18493,512,123625,241.455078
18494,512,121042,236.410156
18495,512,132792,259.359375
18496,512,123125,240.478516
18497,512,121958,238.199219
18498,512,119834,234.050781
18499,512,135208,264.078125
18500,512,133333,260.416016
18501,512,140666,274.738281
18502,512,131750,257.324219
18503,512,142208,277.750000
18504,512,184667,360.677734
18505,512,174833,341.470703
18506,512,144667,282.552734
18507,512,140083,273.599609
18508,512,160875,314.208984
18509,512,140750,274.902344
18510,512,161000,314.453125
18511,512,143333,279.947266
18512,512,153750,300.292969
18513,512,156584,305.828125
18514,512,144083,281.412109
18515,512,141125,275.634766
18516,512,145000,283.203125
18517,512,135583,264.810547
18518,512,132334,258.464844
18519,512,135125,263.916016
18520,512,129583,253.091797
18521,512,128958,251.871094
18522,512,157417,307.455078
18523,512,186000,363.281250
18524,512,141541,276.447266
18525,512,136500,266.601562
18526,512,130209,254.314453
18527,512,139583,272.623047
18528,512,130666,255.207031
18529,512,125167,244.466797
18530,512,135833,265.298828
18531,512,132875,259.521484
18532,512,134750,263.183594
18533,512,143917,281.087891
18534,512,130167,254.232422
18535,512,133458,260.660156
18536,512,128625,251.220703
18537,512,124916,243.976562
18538,512,126083,246.255859
18539,512,121917,238.119141
18540,512,120042,234.457031
18541,512,116584,227.703125
18542,512,118959,232.341797
18543,512,117250,229.003906
18544,512,121583,237.466797
18545,512,119083,232.583984
18546,512,114625,223.876953
18547,512,114458,223.550781
18548,512,114833,224.283203
18549,512,117375,229.248047
18550,512,128417,250.814453
18551,512,121667,237.630859
18552,512,123000,240.234375
18553,512,119708,233.804688
18554,512,120167,234.701172
18555,512,115541,225.666016
18556,512,120292,234.945312
18557,512,133833,261.392578
18558,512,127958,249.917969
18559,512,133042,259.847656
18560,512,127333,248.697266
18561,512,127541,249.103516
18562,512,162917,318.197266
18563,512,215833,421.548828
18564,512,157000,306.640625
18565,512,178625,348.876953
18566,512,183125,357.666016
18567,512,166166,324.542969
18568,512,183167,357.748047
18569,512,155833,304.361328
18570,512,151958,296.792969
18571,512,142709,278.728516
18572,512,145541,284.259766
18573,512,142084,277.507812
18574,512,139334,272.136719
18575,512,132250,258.300781
18576,512,131417,256.673828
18577,512,133583,260.904297
18578,512,126667,247.396484
18579,512,131791,257.404297
18580,512,134042,261.800781
18581,512,125875,245.849609
18582,512,129708,253.335938
18583,512,140333,274.087891
18584,512,130958,255.777344
18585,512,132959,259.685547
18586,512,143791,280.841797
18587,512,130250,254.394531
18588,512,141250,275.878906
18589,512,125541,245.197266
18590,512,131667,257.162109
18591,512,141667,276.693359
18592,512,125250,244.628906
18593,512,122500,239.257812
18594,512,122584,239.421875
18595,512,122916,240.070312
18596,512,129000,251.953125
18597,512,130083,254.068359
18598,512,122708,239.664062
18599,512,124583,243.326172
18600,512,128750,251.464844
18601,512,126292,246.664062
18602,512,126250,246.582031
18603,512,122583,239.419922
18604,512,124750,243.652344
18605,512,125458,245.035156
18606,512,126959,247.966797
18607,512,128000,250.000000
18608,512,124291,242.755859
18609,512,133042,259.847656
18610,512,128500,250.976562
18611,512,125250,244.628906
18612,512,127458,248.941406
18613,512,122625,239.501953
18614,512,132916,259.601562
18615,512,128250,250.488281
18616,512,127667,249.349609
18617,512,127584,249.187500
18618,512,129500,252.929688
18619,512,132500,258.789062
18620,512,133584,260.906250
18621,512,127083,248.208984
18622,512,131500,256.835938
18623,512,136417,266.439453
18624,512,123958,242.105469
18625,512,142000,277.343750
18626,512,127791,249.591797
18627,512,131084,256.023438
18628,512,133250,260.253906
18629,512,130917,255.697266
18630,512,135625,264.892578
18631,512,131166,256.183594
18632,512,139708,272.867188
18633,512,141375,276.123047
18634,512,136959,267.498047
18635,512,128291,250.568359
18636,512,124459,243.083984
18637,512,124458,243.082031
18638,512,124042,242.269531
18639,512,159625,311.767578
18640,512,147958,288.980469
18641,512,138458,270.425781
18642,512,145708,284.585938
18643,512,152917,298.666016
18644,512,142958,279.214844
18645,512,137375,268.310547
18646,512,142583,278.482422
18647,512,205417,401.205078
18648,512,147417,287.923828
18649,512,139959,273.357422
18650,512,139250,271.972656
18651,512,138041,269.611328
18652,512,138209,269.939453
18653,512,134041,261.798828
18654,512,131959,257.732422
18655,512,130833,255.533203
18656,512,138708,270.914062
18657,512,141083,275.552734
18658,512,140459,274.333984
18659,512,140167,273.763672
18660,512,139625,272.705078
18661,512,136792,267.171875
18662,512,136083,265.787109
18663,512,134542,262.777344
18664,512,135208,264.078125
18665,512,129875,253.662109
18666,512,137708,268.960938
18667,512,123917,242.025391
18668,512,143292,279.867188
18669,512,136208,266.031250
18670,512,131208,256.265625
18671,512,134500,262.695312
18672,512,133042,259.847656
18673,512,131375,256.591797
18674,512,131084,256.023438
18675,512,122083,238.443359
18676,512,127667,249.349609
18677,512,127958,249.917969
18678,512,123875,241.943359
18679,512,122208,238.687500
18680,512,121417,237.142578
18681,512,129042,252.035156
18682,512,135583,264.810547
18683,512,129834,253.582031
18684,512,134459,262.615234
18685,512,129042,252.035156
18686,512,128625,251.220703
18687,512,131167,256.185547
18688,512,128792,251.546875
18689,512,140042,273.519531
18690,512,134166,262.042969
18691,512,124542,243.246094
18692,512,122125,238.525391
18693,512,121500,237.304688
18694,512,124000,242.187500
18695,512,119292,232.992188
18696,512,122625,239.501953
18697,512,137417,268.392578
18698,512,136750,267.089844
18699,512,131041,255.939453
18700,512,142125,277.587891
18701,512,146125,285.400391
18702,512,140708,274.820312
18703,512,136042,265.707031
18704,512,140333,274.087891
18705,512,131250,256.347656
18706,512,134625,262.939453
18707,512,139666,272.785156
18708,512,146333,285.806641
18709,512,135042,263.753906
18710,512,138791,271.076172
18711,512,138833,271.158203
18712,512,134625,262.939453
18713,512,131750,257.324219
18714,512,129250,252.441406
18715,512,129208,252.359375
18716,512,125042,244.222656
18717,512,124208,242.593750
18718,512,124833,243.814453
18719,512,128291,250.568359
18720,512,133583,260.904297
18721,512,127334,248.699219
18722,512,133083,259.927734
18723,512,128958,251.871094
18724,512,125083,244.302734
18725,512,121375,237.060547
18726,512,122375,239.013672
18727,512,135333,264.322266
18728,512,126416,246.906250
18729,512,120125,234.619141
18730,512,127417,248.861328
18731,512,126750,247.558594
18732,512,122625,239.501953
18733,512,129333,252.603516
18734,512,124083,242.349609
18735,512,122625,239.501953
18736,512,124625,243.408203
18737,512,132000,257.812500
18738,512,131541,256.916016
18739,512,130375,254.638672
18740,512,129250,252.441406
18741,512,129250,252.441406
18742,512,127291,248.615234
18743,512,126917,247.884766
18744,512,124458,243.082031
18745,512,133292,260.335938
18746,512,133333,260.416016
18747,512,125000,244.140625
18748,512,129833,253.580078
18749,512,129459,252.849609
18750,512,132041,257.892578
18751,512,135500,264.648438
18752,512,140542,274.496094
18753,512,132917,259.603516
18754,512,120333,235.025391
18755,512,120708,235.757812
18756,512,230250,449.707031
18757,512,156834,306.316406
18758,512,147375,287.841797
18759,512,146542,286.214844
18760,512,158375,309.326172
18761,512,150875,294.677734
18762,512,236750,462.402344
18763,512,188291,367.755859
18764,512,162292,316.976562
18765,512,160333,313.150391
18766,512,170875,333.740234
18767,512,152792,298.421875
18768,512,165458,323.160156
18769,512,155500,303.710938
18770,512,163458,319.253906
18771,512,157125,306.884766
18772,512,170041,332.111328
18773,512,170042,332.113281
18774,512,164583,321.451172
18775,512,173000,337.890625
18776,512,150417,293.783203
18777,512,140542,274.496094
18778,512,146208,285.562500
18779,512,141417,276.205078
18780,512,139416,272.296875
18781,512,141875,277.099609
18782,512,152917,298.666016
18783,512,136542,266.683594
18784,512,132791,259.357422
18785,512,127709,249.431641
18786,512,128375,250.732422
18787,512,132375,258.544922
18788,512,128583,251.138672
18789,512,129875,253.662109
18790,512,126250,246.582031
18791,512,125166,244.464844
18792,512,120208,234.781250
18793,512,127917,249.837891
18794,512,131041,255.939453
18795,512,133875,261.474609
18796,512,120292,234.945312
18797,512,125042,244.222656
18798,512,124000,242.187500
18799,512,123917,242.025391
18800,512,126083,246.255859
18801,512,119875,234.130859
18802,512,131333,256.509766
18803,512,130750,255.371094
18804,512,131000,255.859375
18805,512,131584,257.000000
18806,512,129500,252.929688
18807,512,130125,254.150391
18808,512,141833,277.017578
18809,512,135458,264.566406
18810,512,129333,252.603516
18811,512,138792,271.078125
18812,512,148583,290.201172
18813,512,128833,251.626953
18814,512,153666,300.128906
18815,512,149834,292.644531
18816,512,149792,292.562500
18817,512,142750,278.808594
18818,512,144000,281.250000
18819,512,142458,278.238281
18820,512,142750,278.808594
18821,512,136167,265.951172
18822,512,135791,265.216797
18823,512,133709,261.150391
18824,512,128791,251.544922
18825,512,144959,283.123047
18826,512,136125,265.869141
18827,512,135833,265.298828
18828,512,129750,253.417969
18829,512,125125,244.384766
18830,512,131500,256.835938
18831,512,141000,275.390625
18832,512,137959,269.451172
18833,512,136292,266.195312
18834,512,133250,260.253906
18835,512,131083,256.021484
18836,512,136625,266.845703
18837,512,138875,271.240234
18838,512,133583,260.904297
18839,512,138500,270.507812
18840,512,130792,255.453125
18841,512,130834,255.535156
18842,512,131000,255.859375
18843,512,120875,236.083984
18844,512,135208,264.078125
18845,512,128750,251.464844
18846,512,132000,257.812500
18847,512,131542,256.917969
18848,512,128250,250.488281
18849,512,129750,253.417969
18850,512,136709,267.009766
18851,512,118708,231.851562
18852,512,123125,240.478516
18853,512,122166,238.605469
18854,512,119709,233.806641
18855,512,124166,242.511719
18856,512,127000,248.046875
18857,512,141667,276.693359
18858,512,135166,263.996094
18859,512,122250,238.769531
18860,512,134167,262.044922
18861,512,133542,260.824219
18862,512,131708,257.242188
18863,512,133667,261.068359
18864,512,136708,267.007812
18865,512,128916,251.789062
18866,512,140209,273.845703
18867,512,134750,263.183594
18868,512,134792,263.265625
18869,512,130333,254.556641
18870,512,134333,262.369141
18871,512,133083,259.927734
18872,512,147500,288.085938
18873,512,138250,270.019531
18874,512,132209,258.220703
18875,512,147166,287.433594
18876,512,129583,253.091797
18877,512,145209,283.611328
18878,512,147166,287.433594
18879,512,134875,263.427734
18880,512,142375,278.076172
18881,512,138917,271.322266
18882,512,142958,279.214844
18883,512,138375,270.263672
18884,512,138250,270.019531
18885,512,137916,269.367188
18886,512,131542,256.917969
18887,512,138708,270.914062
18888,512,131375,256.591797
18889,512,128667,251.302734
18890,512,137458,268.472656
18891,512,135959,265.544922
18892,512,130625,255.126953
18893,512,126292,246.664062
18894,512,125709,245.525391
18895,512,128291,250.568359
18896,512,130083,254.068359
18897,512,129625,253.173828
18898,512,130875,255.615234
18899,512,137500,268.554688
18900,512,126209,246.501953
18901,512,133292,260.335938
18902,512,127042,248.128906
18903,512,126375,246.826172
18904,512,123958,242.105469
18905,512,118500,231.445312
18906,512,121000,236.328125
18907,512,120417,235.189453
18908,512,118750,231.933594
18909,512,127375,248.779297
18910,512,117042,228.597656
18911,512,132792,259.359375
18912,512,117000,228.515625
18913,512,120375,235.107422
18914,512,113458,221.597656
18915,512,118375,231.201172
18916,512,119459,233.318359
18917,512,118250,230.957031
18918,512,127250,248.535156
18919,512,121625,237.548828
18920,512,123166,240.558594
18921,512,121125,236.572266
18922,512,125375,244.873047
18923,512,118333,231.119141
18924,512,117875,230.224609
18925,512,114875,224.365234
18926,512,113542,221.761719
18927,512,117125,228.759766
18928,512,112708,220.132812
18929,512,117291,229.083984
18930,512,116625,227.783203
18931,512,113459,221.599609
18932,512,114416,223.468750
18933,512,120125,234.619141
18934,512,115417,225.423828
18935,512,114500,223.632812
18936,512,126583,247.232422
18937,512,119750,233.886719
18938,512,121625,237.548828
18939,512,116500,227.539062
18940,512,109750,214.355469
18941,512,115000,224.609375
18942,512,119791,233.966797
18943,512,121375,237.060547
18944,512,121584,237.468750
18945,512,126041,246.173828
18946,512,119834,234.050781
18947,512,119041,232.501953
18948,512,134958,263.589844
18949,512,130834,255.535156
18950,512,127500,249.023438
18951,512,132166,258.136719
18952,512,131750,257.324219
18953,512,130458,254.800781
18954,512,142792,278.890625
18955,512,148708,290.445312
18956,512,142959,279.216797
18957,512,137666,268.878906
18958,512,143042,279.378906
18959,512,141834,277.019531
18960,512,133209,260.173828
18961,512,134458,262.613281
18962,512,130750,255.371094
18963,512,150084,293.132812
18964,512,135833,265.298828
18965,512,135666,264.972656
18966,512,124834,243.816406
18967,512,125875,245.849609
18968,512,131875,257.568359
18969,512,128875,251.708984
18970,512,129917,253.744141
18971,512,130000,253.906250
18972,512,128792,251.546875
18973,512,126542,247.152344
18974,512,129083,252.115234
18975,512,125417,244.955078
18976,512,120583,235.513672
18977,512,125500,245.117188
18978,512,145500,284.179688
18979,512,128333,250.650391
18980,512,121584,237.468750
18981,512,121167,236.654297
18982,512,121958,238.199219
18983,512,114792,224.203125
18984,512,116125,226.806641
18985,512,118333,231.119141
18986,512,118500,231.445312
18987,512,119458,233.316406
18988,512,119625,233.642578
18989,512,112875,220.458984
18990,512,121833,237.955078
18991,512,122542,239.339844
18992,512,115416,225.421875
18993,512,115792,226.156250
18994,512,115375,225.341797
18995,512,115958,226.480469
18996,512,118459,231.365234
18997,512,117625,229.736328
18998,512,115417,225.423828
18999,512,120500,235.351562
19000,512,118042,230.550781
19001,512,117041,228.595703
19002,512,119000,232.421875
19003,512,113583,221.841797
19004,512,116500,227.539062
19005,512,119834,234.050781
19006,512,125834,245.769531
19007,512,111834,218.425781
19008,512,111791,218.341797
19009,512,116083,226.724609
19010,512,119084,232.585938
19011,512,114459,223.552734
19012,512,118792,232.015625
19013,512,113791,222.248047
19014,512,120250,234.863281
19015,512,116209,226.970703
19016,512,113666,222.003906
19017,512,112125,218.994141
19018,512,112167,219.076172
19019,512,116542,227.621094
19020,512,115584,225.750000
19021,512,165416,323.078125
19022,512,182250,355.957031
19023,512,130750,255.371094
19024,512,147166,287.433594
19025,512,141167,275.716797
19026,512,132708,259.195312
19027,512,137500,268.554688
19028,512,132417,258.626953
19029,512,146458,286.050781
19030,512,148750,290.527344
19031,512,140042,273.519531
19032,512,145375,283.935547
19033,512,147833,288.736328
19034,512,147208,287.515625
19035,512,143167,279.623047
19036,512,134250,262.207031
19037,512,138958,271.402344
19038,512,202792,396.078125
19039,512,178875,349.365234
19040,512,154542,301.839844
19041,512,147292,287.679688
19042,512,129500,252.929688
19043,512,123667,241.537109
19044,512,125125,244.384766
19045,512,130875,255.615234
19046,512,131791,257.404297
19047,512,121042,236.410156
19048,512,124167,242.513672
19049,512,120916,236.164062
19050,512,119459,233.318359
19051,512,123833,241.861328
19052,512,121292,236.898438
19053,512,123166,240.558594
19054,512,133125,260.009766
19055,512,118917,232.259766
19056,512,117875,230.224609
19057,512,115084,224.773438
19058,512,115541,225.666016
19059,512,114000,222.656250
19060,512,114375,223.388672
19061,512,115709,225.994141
19062,512,113708,222.085938
19063,512,113208,221.109375
19064,512,113042,220.785156
19065,512,122750,239.746094
19066,512,121958,238.199219
19067,512,112333,219.400391
19068,512,121500,237.304688
19069,512,119000,232.421875
19070,512,109292,213.460938
19071,512,111250,217.285156
19072,512,111292,217.367188
19073,512,107541,210.041016
19074,512,109167,213.216797
19075,512,109750,214.355469
19076,512,111458,217.691406
19077,512,110500,215.820312
19078,512,111000,216.796875
19079,512,109125,213.134766
19080,512,107292,209.554688
19081,512,107416,209.796875
19082,512,107459,209.880859
19083,512,112542,219.808594
19084,512,120500,235.351562
19085,512,128625,251.220703
19086,512,134084,261.882812
19087,512,136000,265.625000
19088,512,122333,238.931641
19089,512,129666,253.253906
19090,512,118875,232.177734
19091,512,127042,248.128906
19092,512,129333,252.603516
19093,512,126250,246.582031
19094,512,126458,246.988281
19095,512,127917,249.837891
19096,512,126333,246.744141
19097,512,132792,259.359375
19098,512,135708,265.054688
19099,512,133375,260.498047
19100,512,141625,276.611328
19101,512,159833,312.173828
19102,512,180000,351.562500
19103,512,132541,258.869141
19104,512,129958,253.824219
19105,512,128500,250.976562
19106,512,126125,246.337891
19107,512,127750,249.511719
19108,512,121291,236.896484
19109,512,120583,235.513672
19110,512,118875,232.177734
19111,512,117458,229.410156
19112,512,119958,234.292969
19113,512,118375,231.201172
19114,512,122542,239.339844
19115,512,119125,232.666016
19116,512,121041,236.408203
19117,512,119750,233.886719
19118,512,117500,229.492188
19119,512,118167,230.794922
19120,512,117750,229.980469
19121,512,127542,249.105469
19122,512,119833,234.048828
19123,512,128625,251.220703
19124,512,123292,240.804688
19125,512,117459,229.412109
19126,512,123917,242.025391
19127,512,119417,233.236328
19128,512,118208,230.875000
19129,512,144666,282.550781
19130,512,126709,247.478516
19131,512,123416,241.046875
19132,512,137042,267.660156
19133,512,214250,418.457031
19134,512,139875,273.193359
19135,512,156292,305.257812
19136,512,138917,271.322266
19137,512,133291,260.333984
19138,512,143250,279.785156
19139,512,149917,292.806641
19140,512,133542,260.824219
19141,512,138375,270.263672
19142,512,147958,288.980469
19143,512,141792,276.937500
19144,512,124959,244.060547
19145,512,128041,250.080078
19146,512,130542,254.964844
19147,512,123833,241.861328
19148,512,136417,266.439453
19149,512,129625,253.173828
19150,512,131208,256.265625
19151,512,131500,256.835938
19152,512,123250,240.722656
19153,512,126125,246.337891
19154,512,123375,240.966797
19155,512,118958,232.339844
19156,512,124334,242.839844
19157,512,120625,235.595703
19158,512,117667,229.818359
19159,512,118417,231.283203
19160,512,118959,232.341797
19161,512,117875,230.224609
19162,512,127125,248.291016
19163,512,116416,227.375000
19164,512,116125,226.806641
19165,512,121500,237.304688
19166,512,129750,253.417969
19167,512,122625,239.501953
19168,512,118958,232.339844
19169,512,112917,220.541016
19170,512,125750,245.605469
19171,512,114959,224.529297
19172,512,121000,236.328125
19173,512,117542,229.574219
19174,512,117208,228.921875
19175,512,118416,231.281250
19176,512,117167,228.841797
19177,512,117541,229.572266
19178,512,113584,221.843750
19179,512,123584,241.375000
19180,512,112625,219.970703
19181,512,114792,224.203125
19182,512,112750,220.214844
19183,512,116000,226.562500
19184,512,110750,216.308594
19185,512,115084,224.773438
19186,512,114416,223.468750
19187,512,113375,221.435547
19188,512,111792,218.343750
19189,512,118125,230.712891
19190,512,109958,214.761719
19191,512,109291,213.458984
19192,512,107459,209.880859
19193,512,110084,215.007812
19194,512,115666,225.910156
19195,512,115750,226.074219
19196,512,108958,212.808594
19197,512,108458,211.832031
19198,512,108083,211.099609
19199,512,109792,214.437500
19200,512,111167,217.123047
19201,512,111959,218.669922
19202,512,105291,205.646484
19203,512,113959,222.576172
19204,512,143458,280.191406
19205,512,112500,219.726562
19206,512,111000,216.796875
19207,512,112042,218.832031
19208,512,108125,211.181641
19209,512,109042,212.972656
19210,512,107875,210.693359
19211,512,119625,233.642578
19212,512,110834,216.472656
19213,512,115459,225.505859
19214,512,126416,246.906250
19215,512,111250,217.285156
19216,512,108500,211.914062
19217,512,112125,218.994141
19218,512,115208,225.015625
19219,512,122708,239.664062
19220,512,132542,258.871094
19221,512,122792,239.828125
19222,512,132709,259.197266
19223,512,128042,250.082031
19224,512,118750,231.933594
19225,512,127875,249.755859
19226,512,136083,265.787109
19227,512,126417,246.908203
19228,512,124000,242.187500
19229,512,137666,268.878906
19230,512,127500,249.023438
19231,512,123459,241.130859
19232,512,126959,247.966797
19233,512,127083,248.208984
19234,512,130500,254.882812
19235,512,122666,239.582031
19236,512,125125,244.384766
19237,512,126667,247.396484
19238,512,122250,238.769531
19239,512,136375,266.357422
19240,512,121833,237.955078
19241,512,118291,231.037109
19242,512,120459,235.271484
19243,512,118916,232.257812
19244,512,113417,221.517578
19245,512,121750,237.792969
19246,512,121375,237.060547
19247,512,118875,232.177734
19248,512,121541,237.384766
19249,512,116292,227.132812
19250,512,117208,228.921875
19251,512,120417,235.189453
19252,512,112541,219.806641
19253,512,113750,222.167969
19254,512,112625,219.970703
19255,512,112625,219.970703
19256,512,112916,220.539062
19257,512,115333,225.259766
19258,512,113250,221.191406
19259,512,125500,245.117188
19260,512,115958,226.480469
19261,512,107500,209.960938
19262,512,114875,224.365234
19263,512,113167,221.029297
19264,512,110000,214.843750
19265,512,111166,217.121094
19266,512,114667,223.958984
19267,512,109666,214.191406
19268,512,117583,229.654297
19269,512,110542,215.902344
19270,512,111750,218.261719
19271,512,118584,231.609375
19272,512,109542,213.949219
19273,512,111125,217.041016
19274,512,115125,224.853516
19275,512,112208,219.156250
19276,512,109875,214.599609
19277,512,115917,226.400391
19278,512,117834,230.144531
19279,512,114875,224.365234
19280,512,128042,250.082031
19281,512,126583,247.232422
19282,512,125333,244.791016
19283,512,167542,327.230469
19284,512,182791,357.013672
19285,512,137375,268.310547
19286,512,129958,253.824219
19287,512,128959,251.873047
19288,512,148917,290.853516
19289,512,140291,274.005859
19290,512,131333,256.509766
19291,512,143875,281.005859
19292,512,141000,275.390625
19293,512,169000,330.078125
19294,512,152916,298.664062
19295,512,146584,286.296875
19296,512,137500,268.554688
19297,512,135000,263.671875
19298,512,132875,259.521484
19299,512,132083,257.974609
19300,512,124750,243.652344
19301,512,133792,261.312500
19302,512,132375,258.544922
19303,512,124000,242.187500
19304,512,128250,250.488281
19305,512,134250,262.207031
19306,512,131958,257.730469
19307,512,143125,279.541016
19308,512,126416,246.906250
19309,512,120209,234.783203
19310,512,124834,243.816406
19311,512,122416,239.093750
19312,512,120542,235.433594
19313,512,122458,239.175781
19314,512,118750,231.933594
19315,512,120625,235.595703
19316,512,119541,233.478516
19317,512,125667,245.443359
19318,512,120125,234.619141
19319,512,118042,230.550781
19320,512,117209,228.923828
19321,512,116250,227.050781
19322,512,126000,246.093750
19323,512,136667,266.927734
19324,512,118500,231.445312
19325,512,112333,219.400391
19326,512,124083,242.349609
19327,512,114958,224.527344
19328,512,115542,225.667969
19329,512,112375,219.482422
19330,512,114000,222.656250
19331,512,116041,226.642578
19332,512,131750,257.324219
19333,512,137292,268.148438
19334,512,112000,218.750000
19335,512,129750,253.417969
19336,512,112333,219.400391
19337,512,113875,222.412109
19338,512,126000,246.093750
19339,512,116750,228.027344
19340,512,125875,245.849609
19341,512,121792,237.875000
19342,512,138208,269.937500
19343,512,128625,251.220703
19344,512,132792,259.359375
19345,512,121250,236.816406
19346,512,128334,250.652344
19347,512,133334,260.417969
19348,512,130291,254.474609
19349,512,126375,246.826172
19350,512,154833,302.408203
19351,512,124792,243.734375
19352,512,124875,243.896484
19353,512,123083,240.396484
19354,512,129375,252.685547
19355,512,122083,238.443359
19356,512,119625,233.642578
19357,512,124375,242.919922
19358,512,117209,228.923828
19359,512,119958,234.292969
19360,512,122000,238.281250
19361,512,119125,232.666016
19362,512,113833,222.330078
19363,512,117792,230.062500
19364,512,113958,222.574219
19365,512,121542,237.386719
19366,512,118375,231.201172
19367,512,118667,231.771484
19368,512,120000,234.375000
19369,512,131250,256.347656
19370,512,118500,231.445312
19371,512,117583,229.654297
19372,512,117583,229.654297
19373,512,116083,226.724609
19374,512,119667,233.724609
19375,512,115166,224.933594
19376,512,118625,231.689453
19377,512,123167,240.560547
19378,512,117750,229.980469
19379,512,113334,221.355469
19380,512,115083,224.771484
19381,512,111833,218.423828
19382,512,116084,226.726562
19383,512,112041,218.830078
19384,512,113458,221.597656
19385,512,111875,218.505859
19386,512,119459,233.318359
19387,512,116459,227.458984
19388,512,115000,224.609375
19389,512,120000,234.375000
19390,512,118375,231.201172
19391,512,120750,235.839844
19392,512,113417,221.517578
19393,512,108875,212.646484
19394,512,112000,218.750000
19395,512,112042,218.832031
19396,512,113208,221.109375
19397,512,113084,220.867188
19398,512,119791,233.966797
19399,512,110750,216.308594
19400,512,108916,212.726562
19401,512,114042,222.738281
19402,512,109708,214.273438
19403,512,113209,221.111328
19404,512,116291,227.130859
19405,512,113708,222.085938
19406,512,114292,223.226562
19407,512,118708,231.851562
19408,512,115833,226.236328
19409,512,114625,223.876953
19410,512,113500,221.679688
19411,512,108625,212.158203
19412,512,115334,225.261719
19413,512,112292,219.320312
19414,512,111125,217.041016
19415,512,113792,222.250000
19416,512,119625,233.642578
19417,512,114250,223.144531
19418,512,116042,226.644531
19419,512,124666,243.488281
19420,512,117875,230.224609
19421,512,116708,227.945312
19422,512,115417,225.423828
19423,512,115042,224.691406
19424,512,122708,239.664062
19425,512,137042,267.660156
19426,512,141750,276.855469
19427,512,122875,239.990234
19428,512,129750,253.417969
19429,512,150875,294.677734
19430,512,133250,260.253906
19431,512,121833,237.955078
19432,512,128666,251.300781
19433,512,123000,240.234375
19434,512,128375,250.732422
19435,512,121792,237.875000
19436,512,120292,234.945312
19437,512,122583,239.419922
19438,512,122500,239.257812
19439,512,125583,245.279297
19440,512,128250,250.488281
19441,512,138166,269.855469
19442,512,125959,246.013672
19443,512,124500,243.164062
19444,512,120958,236.246094
19445,512,117500,229.492188
19446,512,116833,228.189453
19447,512,117250,229.003906
19448,512,118375,231.201172
19449,512,114709,224.041016
19450,512,116459,227.458984
19451,512,113000,220.703125
19452,512,111292,217.367188
19453,512,119000,232.421875
19454,512,128375,250.732422
19455,512,114125,222.900391
19456,512,115000,224.609375
19457,512,112625,219.970703
19458,512,113458,221.597656
19459,512,116875,228.271484
19460,512,114000,222.656250
19461,512,117750,229.980469
19462,512,117792,230.062500
19463,512,109916,214.679688
19464,512,109250,213.378906
19465,512,111458,217.691406
19466,512,108250,211.425781
19467,512,108959,212.810547
19468,512,114542,223.714844
19469,512,107958,210.855469
19470,512,106917,208.822266
19471,512,112125,218.994141
19472,512,112417,219.564453
19473,512,111750,218.261719
19474,512,113667,222.005859
19475,512,113833,222.330078
19476,512,108250,211.425781
19477,512,109709,214.275391
19478,512,106708,208.414062
19479,512,108958,212.808594
19480,512,111458,217.691406
19481,512,113250,221.191406
19482,512,110875,216.552734
19483,512,118375,231.201172
19484,512,111000,216.796875
19485,512,110333,215.494141
19486,512,115500,225.585938
19487,512,117333,229.166016
19488,512,136375,266.357422
19489,512,124417,243.001953
19490,512,114709,224.041016
19491,512,113625,221.923828
19492,512,125167,244.466797
19493,512,131833,257.486328
19494,512,126750,247.558594
19495,512,121584,237.468750
19496,512,123583,241.373047
19497,512,122583,239.419922
19498,512,114125,222.900391
19499,512,125583,245.279297
19500,512,132458,258.707031
19501,512,125833,245.767578
19502,512,122042,238.363281
19503,512,126166,246.417969
19504,512,226417,442.220703
19505,512,173125,338.134766
19506,512,140125,273.681641
19507,512,150333,293.619141
19508,512,136542,266.683594
19509,512,128917,251.791016
19510,512,128958,251.871094
19511,512,126708,247.476562
19512,512,131167,256.185547
19513,512,123333,240.884766
19514,512,122250,238.769531
19515,512,124166,242.511719
19516,512,124334,242.839844
19517,512,122292,238.851562
19518,512,123166,240.558594
19519,512,122458,239.175781
19520,512,121250,236.816406
19521,512,118750,231.933594
19522,512,120583,235.513672
19523,512,123542,241.292969
19524,512,114458,223.550781
19525,512,117208,228.921875
19526,512,117000,228.515625
19527,512,117084,228.679688
19528,512,118959,232.341797
19529,512,112458,219.644531
19530,512,118041,230.548828
19531,128,33125,258.789062
