# Phase 4 raw batch samples. batch-normalized ns/update = elapsed_ns / batch_operations (a batch average, NOT a directly
# measured single-update latency). batch_operations is the ACTUAL op count of the batch: batch_size for every row except
# the final row when updates % batch_size is nonzero (a partial batch, which is EXCLUDED from every distribution
# metric in the summary).
# impl=map wl=A levels=1000 updates=10000000 batch_size=512 seed=407715774446 partial_rows=1
sample_index,batch_operations,elapsed_ns,normalized_ns_per_update
0,512,17416,34.015625
1,512,17500,34.179688
2,512,16625,32.470703
3,512,16708,32.632812
4,512,16834,32.878906
5,512,16500,32.226562
6,512,15917,31.087891
7,512,16750,32.714844
8,512,16458,32.144531
9,512,16625,32.470703
10,512,16375,31.982422
11,512,16083,31.412109
12,512,16208,31.656250
13,512,16250,31.738281
14,512,15625,30.517578
15,512,15500,30.273438
16,512,16084,31.414062
17,512,16583,32.388672
18,512,16458,32.144531
19,512,15917,31.087891
20,512,16542,32.308594
21,512,16667,32.552734
22,512,16667,32.552734
23,512,16708,32.632812
24,512,16625,32.470703
25,512,16875,32.958984
26,512,16292,31.820312
27,512,17041,33.283203
28,512,17125,33.447266
29,512,16916,33.039062
30,512,16458,32.144531
31,512,16917,33.041016
32,512,16375,31.982422
33,512,17375,33.935547
34,512,16500,32.226562
35,512,16875,32.958984
36,512,16834,32.878906
37,512,16291,31.818359
38,512,17000,33.203125
39,512,16000,31.250000
40,512,17000,33.203125
41,512,16667,32.552734
42,512,16667,32.552734
43,512,16958,33.121094
44,512,15958,31.167969
45,512,16333,31.900391
46,512,16708,32.632812
47,512,16500,32.226562
48,512,16500,32.226562
49,512,16417,32.064453
50,512,16125,31.494141
51,512,19209,37.517578
52,512,18833,36.783203
53,512,16750,32.714844
54,512,17625,34.423828
55,512,17500,34.179688
56,512,16375,31.982422
57,512,16709,32.634766
58,512,17042,33.285156
59,512,17333,33.853516
60,512,16417,32.064453
61,512,17625,34.423828
62,512,16542,32.308594
63,512,17750,34.667969
64,512,17166,33.527344
65,512,16750,32.714844
66,512,16375,31.982422
67,512,15875,31.005859
68,512,16667,32.552734
69,512,16833,32.876953
70,512,17625,34.423828
71,512,17250,33.691406
72,512,17000,33.203125
73,512,16041,31.330078
74,512,17375,33.935547
75,512,16458,32.144531
76,512,16833,32.876953
77,512,17084,33.367188
78,512,16541,32.306641
79,512,16584,32.390625
80,512,17041,33.283203
81,512,17167,33.529297
82,512,17500,34.179688
83,512,17375,33.935547
84,512,17000,33.203125
85,512,16541,32.306641
86,512,17417,34.017578
87,512,38834,75.847656
88,512,24625,48.095703
89,512,23250,45.410156
90,512,18417,35.970703
91,512,17791,34.748047
92,512,18334,35.808594
93,512,17791,34.748047
94,512,18958,37.027344
95,512,18542,36.214844
96,512,17750,34.667969
97,512,17959,35.076172
98,512,18250,35.644531
99,512,17708,34.585938
100,512,17459,34.099609
101,512,18333,35.806641
102,512,17792,34.750000
103,512,17833,34.830078
104,512,18417,35.970703
105,512,18125,35.400391
106,512,18625,36.376953
107,512,17792,34.750000
108,512,18709,36.541016
109,512,18166,35.480469
110,512,18209,35.564453
111,512,17750,34.667969
112,512,18250,35.644531
113,512,18958,37.027344
114,512,18125,35.400391
115,512,18000,35.156250
116,512,17417,34.017578
117,512,18125,35.400391
118,512,17958,35.074219
119,512,17709,34.587891
120,512,18291,35.724609
121,512,18167,35.482422
122,512,18583,36.294922
123,512,17750,34.667969
124,512,17667,34.505859
125,512,19125,37.353516
126,512,20750,40.527344
127,512,17875,34.912109
128,512,17875,34.912109
129,512,18209,35.564453
130,512,18209,35.564453
131,512,19041,37.189453
132,512,17917,34.994141
133,512,18291,35.724609
134,512,18417,35.970703
135,512,17958,35.074219
136,512,18333,35.806641
137,512,18167,35.482422
138,512,18625,36.376953
139,512,18875,36.865234
140,512,18958,37.027344
141,512,18583,36.294922
142,512,18667,36.458984
143,512,18708,36.539062
144,512,18417,35.970703
145,512,18666,36.457031
146,512,19125,37.353516
147,512,18584,36.296875
148,512,18292,35.726562
149,512,18333,35.806641
150,512,18417,35.970703
151,512,17417,34.017578
152,512,18375,35.888672
153,512,17875,34.912109
154,512,17750,34.667969
155,512,18458,36.050781
156,512,17875,34.912109
157,512,17917,34.994141
158,512,18125,35.400391
159,512,18125,35.400391
160,512,18292,35.726562
161,512,18500,36.132812
162,512,18292,35.726562
163,512,18166,35.480469
164,512,18000,35.156250
165,512,18042,35.238281
166,512,18000,35.156250
167,512,17625,34.423828
168,512,17500,34.179688
169,512,17834,34.832031
170,512,17666,34.503906
171,512,17250,33.691406
172,512,17458,34.097656
173,512,17333,33.853516
174,512,17792,34.750000
175,512,17667,34.505859
176,512,18416,35.968750
177,512,16708,32.632812
178,512,17417,34.017578
179,512,17750,34.667969
180,512,17542,34.261719
181,512,18583,36.294922
182,512,18125,35.400391
183,512,17708,34.585938
184,512,18125,35.400391
185,512,18417,35.970703
186,512,18167,35.482422
187,512,17542,34.261719
188,512,17959,35.076172
189,512,18208,35.562500
190,512,18292,35.726562
191,512,18667,36.458984
192,512,17833,34.830078
193,512,17667,34.505859
194,512,18083,35.318359
195,512,17583,34.341797
196,512,18333,35.806641
197,512,17250,33.691406
198,512,18250,35.644531
199,512,17917,34.994141
200,512,18334,35.808594
201,512,18584,36.296875
202,512,17625,34.423828
203,512,17750,34.667969
204,512,17708,34.585938
205,512,18083,35.318359
206,512,18167,35.482422
207,512,17791,34.748047
208,512,17959,35.076172
209,512,17791,34.748047
210,512,21375,41.748047
211,512,17917,34.994141
212,512,18833,36.783203
213,512,18208,35.562500
214,512,18291,35.724609
215,512,17792,34.750000
216,512,18958,37.027344
217,512,18167,35.482422
218,512,18250,35.644531
219,512,18166,35.480469
220,512,18000,35.156250
221,512,18833,36.783203
222,512,18042,35.238281
223,512,18166,35.480469
224,512,18375,35.888672
225,512,18333,35.806641
226,512,18250,35.644531
227,512,18167,35.482422
228,512,17916,34.992188
229,512,17792,34.750000
230,512,17375,33.935547
231,512,17625,34.423828
232,512,17792,34.750000
233,512,17917,34.994141
234,512,18041,35.236328
235,512,17500,34.179688
236,512,17750,34.667969
237,512,17750,34.667969
238,512,17708,34.585938
239,512,17917,34.994141
240,512,17250,33.691406
241,512,17916,34.992188
242,512,18250,35.644531
243,512,17875,34.912109
244,512,17208,33.609375
245,512,17708,34.585938
246,512,17792,34.750000
247,512,18208,35.562500
248,512,22084,43.132812
249,512,19584,38.250000
250,512,22583,44.107422
251,512,18583,36.294922
252,512,18208,35.562500
253,512,18542,36.214844
254,512,18833,36.783203
255,512,17792,34.750000
256,512,18417,35.970703
257,512,18041,35.236328
258,512,17875,34.912109
259,512,18167,35.482422
260,512,18041,35.236328
261,512,18750,36.621094
262,512,17750,34.667969
263,512,17792,34.750000
264,512,18375,35.888672
265,512,18250,35.644531
266,512,17833,34.830078
267,512,18500,36.132812
268,512,18041,35.236328
269,512,18500,36.132812
270,512,17750,34.667969
271,512,17834,34.832031
272,512,17666,34.503906
273,512,17917,34.994141
274,512,17541,34.259766
275,512,17334,33.855469
276,512,18042,35.238281
277,512,17542,34.261719
278,512,17500,34.179688
279,512,17916,34.992188
280,512,18167,35.482422
281,512,17625,34.423828
282,512,17208,33.609375
283,512,17500,34.179688
284,512,17708,34.585938
285,512,17667,34.505859
286,512,18166,35.480469
287,512,20500,40.039062
288,512,17958,35.074219
289,512,18209,35.564453
290,512,17500,34.179688
291,512,18000,35.156250
292,512,17834,34.832031
293,512,18125,35.400391
294,512,18416,35.968750
295,512,18000,35.156250
296,512,18625,36.376953
297,512,18500,36.132812
298,512,17584,34.343750
299,512,18459,36.052734
300,512,17416,34.015625
301,512,18417,35.970703
302,512,18250,35.644531
303,512,18166,35.480469
304,512,17750,34.667969
305,512,18500,36.132812
306,512,18000,35.156250
307,512,18084,35.320312
308,512,18417,35.970703
309,512,17833,34.830078
310,512,17334,33.855469
311,512,18041,35.236328
312,512,17667,34.505859
313,512,29708,58.023438
314,512,23167,45.248047
315,512,19500,38.085938
316,512,18291,35.724609
317,512,19417,37.923828
318,512,18625,36.376953
319,512,18583,36.294922
320,512,18792,36.703125
321,512,17791,34.748047
322,512,18042,35.238281
323,512,18500,36.132812
324,512,19333,37.759766
325,512,17875,34.912109
326,512,17167,33.529297
327,512,17917,34.994141
328,512,18292,35.726562
329,512,18166,35.480469
330,512,17834,34.832031
331,512,18125,35.400391
332,512,17959,35.076172
333,512,17250,33.691406
334,512,17334,33.855469
335,512,18625,36.376953
336,512,17916,34.992188
337,512,21959,42.888672
338,512,21750,42.480469
339,512,18500,36.132812
340,512,18625,36.376953
341,512,18750,36.621094
342,512,18958,37.027344
343,512,18833,36.783203
344,512,19375,37.841797
345,512,18125,35.400391
346,512,18000,35.156250
347,512,18500,36.132812
348,512,18791,36.701172
349,512,18000,35.156250
350,512,17417,34.017578
351,512,18750,36.621094
352,512,18417,35.970703
353,512,18958,37.027344
354,512,20833,40.689453
355,512,19083,37.271484
356,512,19542,38.167969
357,512,19125,37.353516
358,512,19000,37.109375
359,512,18792,36.703125
360,512,19000,37.109375
361,512,19542,38.167969
362,512,17666,34.503906
363,512,18625,36.376953
364,512,18583,36.294922
365,512,18500,36.132812
366,512,19333,37.759766
367,512,19709,38.494141
368,512,19209,37.517578
369,512,18833,36.783203
370,512,18750,36.621094
371,512,18292,35.726562
372,512,18167,35.482422
373,512,18625,36.376953
374,512,18125,35.400391
375,512,19208,37.515625
376,512,17667,34.505859
377,512,18208,35.562500
378,512,17875,34.912109
379,512,17833,34.830078
380,512,17792,34.750000
381,512,17625,34.423828
382,512,17583,34.341797
383,512,17834,34.832031
384,512,18542,36.214844
385,512,18250,35.644531
386,512,17541,34.259766
387,512,18209,35.564453
388,512,17791,34.748047
389,512,17958,35.074219
390,512,17542,34.261719
391,512,18000,35.156250
392,512,18083,35.318359
393,512,17375,33.935547
394,512,17625,34.423828
395,512,17917,34.994141
396,512,17709,34.587891
397,512,18333,35.806641
398,512,18167,35.482422
399,512,18208,35.562500
400,512,18083,35.318359
401,512,18541,36.212891
402,512,17375,33.935547
403,512,17250,33.691406
404,512,17083,33.365234
405,512,17584,34.343750
406,512,17042,33.285156
407,512,17083,33.365234
408,512,17875,34.912109
409,512,18125,35.400391
410,512,18292,35.726562
411,512,18000,35.156250
412,512,17250,33.691406
413,512,17958,35.074219
414,512,19042,37.191406
415,512,18833,36.783203
416,512,18750,36.621094
417,512,18750,36.621094
418,512,18750,36.621094
419,512,18709,36.541016
420,512,18041,35.236328
421,512,18375,35.888672
422,512,19042,37.191406
423,512,18750,36.621094
424,512,18459,36.052734
425,512,19208,37.515625
426,512,19375,37.841797
427,512,18500,36.132812
428,512,18500,36.132812
429,512,18750,36.621094
430,512,18334,35.808594
431,512,18458,36.050781
432,512,18833,36.783203
433,512,18250,35.644531
434,512,18709,36.541016
435,512,17750,34.667969
436,512,17958,35.074219
437,512,18333,35.806641
438,512,19208,37.515625
439,512,17792,34.750000
440,512,18291,35.724609
441,512,17375,33.935547
442,512,17750,34.667969
443,512,18083,35.318359
444,512,18084,35.320312
445,512,16916,33.039062
446,512,17792,34.750000
447,512,17416,34.015625
448,512,18459,36.052734
449,512,17334,33.855469
450,512,17791,34.748047
451,512,16833,32.876953
452,512,18125,35.400391
453,512,17958,35.074219
454,512,18042,35.238281
455,512,18167,35.482422
456,512,18208,35.562500
457,512,18333,35.806641
458,512,19542,38.167969
459,512,19209,37.517578
460,512,19334,37.761719
461,512,18958,37.027344
462,512,19708,38.492188
463,512,19292,37.679688
464,512,19042,37.191406
465,512,18791,36.701172
466,512,18583,36.294922
467,512,18208,35.562500
468,512,18750,36.621094
469,512,17750,34.667969
470,512,18500,36.132812
471,512,19166,37.433594
472,512,18625,36.376953
473,512,19500,38.085938
474,512,19375,37.841797
475,512,18834,36.785156
476,512,18875,36.865234
477,512,18791,36.701172
478,512,17667,34.505859
479,512,17750,34.667969
480,512,18167,35.482422
481,512,17917,34.994141
482,512,17916,34.992188
483,512,17792,34.750000
484,512,17500,34.179688
485,512,17542,34.261719
486,512,17958,35.074219
487,512,17750,34.667969
488,512,18375,35.888672
489,512,18250,35.644531
490,512,17542,34.261719
491,512,18250,35.644531
492,512,17541,34.259766
493,512,18083,35.318359
494,512,17708,34.585938
495,512,17875,34.912109
496,512,17542,34.261719
497,512,17625,34.423828
498,512,17250,33.691406
499,512,18250,35.644531
500,512,18875,36.865234
501,512,18708,36.539062
502,512,19500,38.085938
503,512,18542,36.214844
504,512,19208,37.515625
505,512,18417,35.970703
506,512,18667,36.458984
507,512,18958,37.027344
508,512,18375,35.888672
509,512,18209,35.564453
510,512,18708,36.539062
511,512,18500,36.132812
512,512,18208,35.562500
513,512,19209,37.517578
514,512,18750,36.621094
515,512,19625,38.330078
516,512,18291,35.724609
517,512,19459,38.005859
518,512,22250,43.457031
519,512,18791,36.701172
520,512,19125,37.353516
521,512,18333,35.806641
522,512,18084,35.320312
523,512,17833,34.830078
524,512,18000,35.156250
525,512,17916,34.992188
526,512,18167,35.482422
527,512,18209,35.564453
528,512,18000,35.156250
529,512,17625,34.423828
530,512,17208,33.609375
531,512,17875,34.912109
532,512,17875,34.912109
533,512,17959,35.076172
534,512,17666,34.503906
535,512,17709,34.587891
536,512,17958,35.074219
537,512,17875,34.912109
538,512,18083,35.318359
539,512,17833,34.830078
540,512,17833,34.830078
541,512,18083,35.318359
542,512,17500,34.179688
543,512,18416,35.968750
544,512,17834,34.832031
545,512,17083,33.365234
546,512,17375,33.935547
547,512,17209,33.611328
548,512,18166,35.480469
549,512,33375,65.185547
550,512,18416,35.968750
551,512,17459,34.099609
552,512,17250,33.691406
553,512,17167,33.529297
554,512,17458,34.097656
555,512,17792,34.750000
556,512,18375,35.888672
557,512,17208,33.609375
558,512,17250,33.691406
559,512,17750,34.667969
560,512,18250,35.644531
561,512,17875,34.912109
562,512,17750,34.667969
563,512,17500,34.179688
564,512,17833,34.830078
565,512,17500,34.179688
566,512,17750,34.667969
567,512,18167,35.482422
568,512,18583,36.294922
569,512,17667,34.505859
570,512,17458,34.097656
571,512,17833,34.830078
572,512,18000,35.156250
573,512,18000,35.156250
574,512,17667,34.505859
575,512,17416,34.015625
576,512,17042,33.285156
577,512,17958,35.074219
578,512,17833,34.830078
579,512,17500,34.179688
580,512,17542,34.261719
581,512,17750,34.667969
582,512,19458,38.003906
583,512,19208,37.515625
584,512,17667,34.505859
585,512,17625,34.423828
586,512,18416,35.968750
587,512,17709,34.587891
588,512,18375,35.888672
589,512,18459,36.052734
590,512,17750,34.667969
591,512,17708,34.585938
592,512,17625,34.423828
593,512,18167,35.482422
594,512,18166,35.480469
595,512,18250,35.644531
596,512,17833,34.830078
597,512,18000,35.156250
598,512,17458,34.097656
599,512,17792,34.750000
600,512,18250,35.644531
601,512,17416,34.015625
602,512,17584,34.343750
603,512,17875,34.912109
604,512,17542,34.261719
605,512,17375,33.935547
606,512,17792,34.750000
607,512,17167,33.529297
608,512,17708,34.585938
609,512,18084,35.320312
610,512,17916,34.992188
611,512,17500,34.179688
612,512,17208,33.609375
613,512,17625,34.423828
614,512,17291,33.771484
615,512,17667,34.505859
616,512,18000,35.156250
617,512,18000,35.156250
618,512,17667,34.505859
619,512,17625,34.423828
620,512,17708,34.585938
621,512,17042,33.285156
622,512,18167,35.482422
623,512,17167,33.529297
624,512,17542,34.261719
625,512,18000,35.156250
626,512,17458,34.097656
627,512,18000,35.156250
628,512,17959,35.076172
629,512,17625,34.423828
630,512,17500,34.179688
631,512,18458,36.050781
632,512,17458,34.097656
633,512,17167,33.529297
634,512,20375,39.794922
635,512,17584,34.343750
636,512,16375,31.982422
637,512,17292,33.773438
638,512,18250,35.644531
639,512,18125,35.400391
640,512,17083,33.365234
641,512,16959,33.123047
642,512,17584,34.343750
643,512,17500,34.179688
644,512,17625,34.423828
645,512,17291,33.771484
646,512,18250,35.644531
647,512,17625,34.423828
648,512,16958,33.121094
649,512,17416,34.015625
650,512,17333,33.853516
651,512,17125,33.447266
652,512,18042,35.238281
653,512,17166,33.527344
654,512,17625,34.423828
655,512,17250,33.691406
656,512,17541,34.259766
657,512,17625,34.423828
658,512,17500,34.179688
659,512,17959,35.076172
660,512,17250,33.691406
661,512,16958,33.121094
662,512,17333,33.853516
663,512,17208,33.609375
664,512,17500,34.179688
665,512,16792,32.796875
666,512,18041,35.236328
667,512,16917,33.041016
668,512,17750,34.667969
669,512,17625,34.423828
670,512,17208,33.609375
671,512,17625,34.423828
672,512,17417,34.017578
673,512,17750,34.667969
674,512,17209,33.611328
675,512,17375,33.935547
676,512,17750,34.667969
677,512,17458,34.097656
678,512,17959,35.076172
679,512,17583,34.341797
680,512,17250,33.691406
681,512,17083,33.365234
682,512,18042,35.238281
683,512,18083,35.318359
684,512,18333,35.806641
685,512,19625,38.330078
686,512,18459,36.052734
687,512,18250,35.644531
688,512,18709,36.541016
689,512,18625,36.376953
690,512,19167,37.435547
691,512,18250,35.644531
692,512,18166,35.480469
693,512,18209,35.564453
694,512,18750,36.621094
695,512,18417,35.970703
696,512,18167,35.482422
697,512,18209,35.564453
698,512,17958,35.074219
699,512,19042,37.191406
700,512,18291,35.724609
701,512,18334,35.808594
702,512,18458,36.050781
703,512,18708,36.539062
704,512,17958,35.074219
705,512,18167,35.482422
706,512,17875,34.912109
707,512,18834,36.785156
708,512,18375,35.888672
709,512,17709,34.587891
710,512,18250,35.644531
711,512,17750,34.667969
712,512,18125,35.400391
713,512,21250,41.503906
714,512,19041,37.189453
715,512,19167,37.435547
716,512,18916,36.945312
717,512,18750,36.621094
718,512,18667,36.458984
719,512,18625,36.376953
720,512,19250,37.597656
721,512,18875,36.865234
722,512,18875,36.865234
723,512,19083,37.271484
724,512,18916,36.945312
725,512,17625,34.423828
726,512,18500,36.132812
727,512,18375,35.888672
728,512,18750,36.621094
729,512,17833,34.830078
730,512,17917,34.994141
731,512,17666,34.503906
732,512,18333,35.806641
733,512,18292,35.726562
734,512,20542,40.121094
735,512,18750,36.621094
736,512,17625,34.423828
737,512,22292,43.539062
738,512,17750,34.667969
739,512,17667,34.505859
740,512,17667,34.505859
741,512,17791,34.748047
742,512,18459,36.052734
743,512,17375,33.935547
744,512,17791,34.748047
745,512,17792,34.750000
746,512,18209,35.564453
747,512,17875,34.912109
748,512,17917,34.994141
749,512,18041,35.236328
750,512,18667,36.458984
751,512,18166,35.480469
752,512,18334,35.808594
753,512,17709,34.587891
754,512,21667,42.318359
755,512,18083,35.318359
756,512,18250,35.644531
757,512,17916,34.992188
758,512,17834,34.832031
759,512,18750,36.621094
760,512,17834,34.832031
761,512,22542,44.027344
762,512,19917,38.900391
763,512,19416,37.921875
764,512,19750,38.574219
765,512,19667,38.412109
766,512,18708,36.539062
767,512,19042,37.191406
768,512,18917,36.947266
769,512,18750,36.621094
770,512,19083,37.271484
771,512,18667,36.458984
772,512,18333,35.806641
773,512,18208,35.562500
774,512,18000,35.156250
775,512,19417,37.923828
776,512,18458,36.050781
777,512,18375,35.888672
778,512,17416,34.015625
779,512,17917,34.994141
780,512,17750,34.667969
781,512,20375,39.794922
782,512,18041,35.236328
783,512,18209,35.564453
784,512,18291,35.724609
785,512,17875,34.912109
786,512,18459,36.052734
787,512,18375,35.888672
788,512,18292,35.726562
789,512,17583,34.341797
790,512,18167,35.482422
791,512,21500,41.992188
792,512,19083,37.271484
793,512,17917,34.994141
794,512,17750,34.667969
795,512,18459,36.052734
796,512,17291,33.771484
797,512,18792,36.703125
798,512,20375,39.794922
799,512,17709,34.587891
800,512,17416,34.015625
801,512,17667,34.505859
802,512,17250,33.691406
803,512,16333,31.900391
804,512,16750,32.714844
805,512,18042,35.238281
806,512,17625,34.423828
807,512,17041,33.283203
808,512,17583,34.341797
809,512,17334,33.855469
810,512,17292,33.773438
811,512,16792,32.796875
812,512,17583,34.341797
813,512,17166,33.527344
814,512,17500,34.179688
815,512,17500,34.179688
816,512,17750,34.667969
817,512,17208,33.609375
818,512,17250,33.691406
819,512,17208,33.609375
820,512,17125,33.447266
821,512,17083,33.365234
822,512,17417,34.017578
823,512,17125,33.447266
824,512,17958,35.074219
825,512,16458,32.144531
826,512,17041,33.283203
827,512,17209,33.611328
828,512,17416,34.015625
829,512,16834,32.878906
830,512,17250,33.691406
831,512,20667,40.365234
832,512,16625,32.470703
833,512,17208,33.609375
834,512,16833,32.876953
835,512,16834,32.878906
836,512,17167,33.529297
837,512,17125,33.447266
838,512,17167,33.529297
839,512,18208,35.562500
840,512,17458,34.097656
841,512,17042,33.285156
842,512,17542,34.261719
843,512,18042,35.238281
844,512,16625,32.470703
845,512,17500,34.179688
846,512,17084,33.367188
847,512,17250,33.691406
848,512,18042,35.238281
849,512,17875,34.912109
850,512,17250,33.691406
851,512,18208,35.562500
852,512,17666,34.503906
853,512,17042,33.285156
854,512,17916,34.992188
855,512,17792,34.750000
856,512,16708,32.632812
857,512,17583,34.341797
858,512,17958,35.074219
859,512,17542,34.261719
860,512,18041,35.236328
861,512,18042,35.238281
862,512,17833,34.830078
863,512,17500,34.179688
864,512,17791,34.748047
865,512,17375,33.935547
866,512,17667,34.505859
867,512,16917,33.041016
868,512,17500,34.179688
869,512,17500,34.179688
870,512,18000,35.156250
871,512,18041,35.236328
872,512,16584,32.390625
873,512,16625,32.470703
874,512,17042,33.285156
875,512,17167,33.529297
876,512,17416,34.015625
877,512,17750,34.667969
878,512,17208,33.609375
879,512,18000,35.156250
880,512,17416,34.015625
881,512,17667,34.505859
882,512,17542,34.261719
883,512,16958,33.121094
884,512,17333,33.853516
885,512,17334,33.855469
886,512,16708,32.632812
887,512,18125,35.400391
888,512,17500,34.179688
889,512,17375,33.935547
890,512,18084,35.320312
891,512,18041,35.236328
892,512,17125,33.447266
893,512,17750,34.667969
894,512,17292,33.773438
895,512,18000,35.156250
896,512,17292,33.773438
897,512,17333,33.853516
898,512,17500,34.179688
899,512,17333,33.853516
900,512,17208,33.609375
901,512,17834,34.832031
902,512,21500,41.992188
903,512,19500,38.085938
904,512,17792,34.750000
905,512,17916,34.992188
906,512,17334,33.855469
907,512,18291,35.724609
908,512,16875,32.958984
909,512,17292,33.773438
910,512,17541,34.259766
911,512,17209,33.611328
912,512,17875,34.912109
913,512,17334,33.855469
914,512,17834,34.832031
915,512,18083,35.318359
916,512,18250,35.644531
917,512,18000,35.156250
918,512,17291,33.771484
919,512,17292,33.773438
920,512,18208,35.562500
921,512,17209,33.611328
922,512,17708,34.585938
923,512,18083,35.318359
924,512,17833,34.830078
925,512,17792,34.750000
926,512,17250,33.691406
927,512,17458,34.097656
928,512,17500,34.179688
929,512,18042,35.238281
930,512,17458,34.097656
931,512,17459,34.099609
932,512,17875,34.912109
933,512,17791,34.748047
934,512,17500,34.179688
935,512,17667,34.505859
936,512,17459,34.099609
937,512,17416,34.015625
938,512,17292,33.773438
939,512,17208,33.609375
940,512,17875,34.912109
941,512,17125,33.447266
942,512,17292,33.773438
943,512,17041,33.283203
944,512,17833,34.830078
945,512,17083,33.365234
946,512,17500,34.179688
947,512,17916,34.992188
948,512,17709,34.587891
949,512,18000,35.156250
950,512,17416,34.015625
951,512,17459,34.099609
952,512,20500,40.039062
953,512,18500,36.132812
954,512,19167,37.435547
955,512,18958,37.027344
956,512,18167,35.482422
957,512,21666,42.316406
958,512,21459,41.912109
959,512,21416,41.828125
960,512,18125,35.400391
961,512,18167,35.482422
962,512,21500,41.992188
963,512,21666,42.316406
964,512,18250,35.644531
965,512,18250,35.644531
966,512,18041,35.236328
967,512,18542,36.214844
968,512,18959,37.029297
969,512,19584,38.250000
970,512,19416,37.921875
971,512,18750,36.621094
972,512,18500,36.132812
973,512,19125,37.353516
974,512,21917,42.806641
975,512,18500,36.132812
976,512,19209,37.517578
977,512,18917,36.947266
978,512,18917,36.947266
979,512,18791,36.701172
980,512,18334,35.808594
981,512,18583,36.294922
982,512,18042,35.238281
983,512,22417,43.783203
984,512,18042,35.238281
985,512,18834,36.785156
986,512,19000,37.109375
987,512,20708,40.445312
988,512,17667,34.505859
989,512,18333,35.806641
990,512,18333,35.806641
991,512,17709,34.587891
992,512,22625,44.189453
993,512,18292,35.726562
994,512,18209,35.564453
995,512,17625,34.423828
996,512,23125,45.166016
997,512,18583,36.294922
998,512,18083,35.318359
999,512,19000,37.109375
1000,512,19583,38.248047
1001,512,18875,36.865234
1002,512,18875,36.865234
1003,512,18125,35.400391
1004,512,18125,35.400391
1005,512,18416,35.968750
1006,512,18417,35.970703
1007,512,18250,35.644531
1008,512,17917,34.994141
1009,512,18166,35.480469
1010,512,17709,34.587891
1011,512,17875,34.912109
1012,512,18333,35.806641
1013,512,17709,34.587891
1014,512,18209,35.564453
1015,512,18125,35.400391
1016,512,17750,34.667969
1017,512,18583,36.294922
1018,512,18166,35.480469
1019,512,18125,35.400391
1020,512,17750,34.667969
1021,512,18583,36.294922
1022,512,18166,35.480469
1023,512,18250,35.644531
1024,512,18458,36.050781
1025,512,19000,37.109375
1026,512,17917,34.994141
1027,512,18750,36.621094
1028,512,17625,34.423828
1029,512,18125,35.400391
1030,512,17541,34.259766
1031,512,18209,35.564453
1032,512,17958,35.074219
1033,512,18083,35.318359
1034,512,18250,35.644531
1035,512,18333,35.806641
1036,512,18042,35.238281
1037,512,18208,35.562500
1038,512,18375,35.888672
1039,512,20625,40.283203
1040,512,19584,38.250000
1041,512,19416,37.921875
1042,512,75834,148.113281
1043,512,23958,46.792969
1044,512,16708,32.632812
1045,512,16417,32.064453
1046,512,16333,31.900391
1047,512,15917,31.087891
1048,512,16708,32.632812
1049,512,16541,32.306641
1050,512,16417,32.064453
1051,512,16125,31.494141
1052,512,16542,32.308594
1053,512,16666,32.550781
1054,512,16000,31.250000
1055,512,15458,30.191406
1056,512,15542,30.355469
1057,512,15875,31.005859
1058,512,16375,31.982422
1059,512,16000,31.250000
1060,512,16291,31.818359
1061,512,15542,30.355469
1062,512,16250,31.738281
1063,512,16375,31.982422
1064,512,16041,31.330078
1065,512,15625,30.517578
1066,512,15750,30.761719
1067,512,16291,31.818359
1068,512,15458,30.191406
1069,512,15334,29.949219
1070,512,16208,31.656250
1071,512,15750,30.761719
1072,512,16417,32.064453
1073,512,15959,31.169922
1074,512,15916,31.085938
1075,512,15459,30.193359
1076,512,16458,32.144531
1077,512,16083,31.412109
1078,512,16291,31.818359
1079,512,16250,31.738281
1080,512,16209,31.658203
1081,512,16250,31.738281
1082,512,15959,31.169922
1083,512,15625,30.517578
1084,512,15208,29.703125
1085,512,15542,30.355469
1086,512,15000,29.296875
1087,512,15750,30.761719
1088,512,15500,30.273438
1089,512,15875,31.005859
1090,512,15750,30.761719
1091,512,15291,29.865234
1092,512,15792,30.843750
1093,512,16167,31.576172
1094,512,16000,31.250000
1095,512,15875,31.005859
1096,512,15375,30.029297
1097,512,15625,30.517578
1098,512,16417,32.064453
1099,512,16083,31.412109
1100,512,15625,30.517578
1101,512,16458,32.144531
1102,512,15667,30.599609
1103,512,15916,31.085938
1104,512,16084,31.414062
1105,512,15791,30.841797
1106,512,15334,29.949219
1107,512,15959,31.169922
1108,512,16209,31.658203
1109,512,16083,31.412109
1110,512,15916,31.085938
1111,512,16125,31.494141
1112,512,15709,30.681641
1113,512,15750,30.761719
1114,512,16000,31.250000
1115,512,16417,32.064453
1116,512,15833,30.923828
1117,512,17042,33.285156
1118,512,16583,32.388672
1119,512,16708,32.632812
1120,512,16375,31.982422
1121,512,15625,30.517578
1122,512,16125,31.494141
1123,512,15625,30.517578
1124,512,16000,31.250000
1125,512,16625,32.470703
1126,512,16000,31.250000
1127,512,15750,30.761719
1128,512,15625,30.517578
1129,512,15334,29.949219
1130,512,16500,32.226562
1131,512,16500,32.226562
1132,512,16208,31.656250
1133,512,15708,30.679688
1134,512,16583,32.388672
1135,512,16041,31.330078
1136,512,16167,31.576172
1137,512,16166,31.574219
1138,512,16042,31.332031
1139,512,15500,30.273438
1140,512,15958,31.167969
1141,512,16583,32.388672
1142,512,15834,30.925781
1143,512,15959,31.169922
1144,512,15708,30.679688
1145,512,16250,31.738281
1146,512,16083,31.412109
1147,512,15542,30.355469
1148,512,16291,31.818359
1149,512,15792,30.843750
1150,512,15875,31.005859
1151,512,15459,30.193359
1152,512,15833,30.923828
1153,512,16167,31.576172
1154,512,15709,30.681641
1155,512,16000,31.250000
1156,512,16625,32.470703
1157,512,15417,30.111328
1158,512,16291,31.818359
1159,512,16292,31.820312
1160,512,16166,31.574219
1161,512,15292,29.867188
1162,512,16541,32.306641
1163,512,15875,31.005859
1164,512,15625,30.517578
1165,512,16042,31.332031
1166,512,16292,31.820312
1167,512,16083,31.412109
1168,512,16084,31.414062
1169,512,16583,32.388672
1170,512,16416,32.062500
1171,512,16584,32.390625
1172,512,15708,30.679688
1173,512,16583,32.388672
1174,512,16083,31.412109
1175,512,16542,32.308594
1176,512,16208,31.656250
1177,512,15834,30.925781
1178,512,16292,31.820312
1179,512,15833,30.923828
1180,512,16292,31.820312
1181,512,15834,30.925781
1182,512,16333,31.900391
1183,512,16292,31.820312
1184,512,16875,32.958984
1185,512,15834,30.925781
1186,512,16416,32.062500
1187,512,16958,33.121094
1188,512,15625,30.517578
1189,512,16792,32.796875
1190,512,15708,30.679688
1191,512,16083,31.412109
1192,512,16667,32.552734
1193,512,16417,32.064453
1194,512,15875,31.005859
1195,512,15916,31.085938
1196,512,15875,31.005859
1197,512,16250,31.738281
1198,512,16334,31.902344
1199,512,16666,32.550781
1200,512,16334,31.902344
1201,512,16541,32.306641
1202,512,16459,32.146484
1203,512,16167,31.576172
1204,512,16250,31.738281
1205,512,16958,33.121094
1206,512,16292,31.820312
1207,512,16291,31.818359
1208,512,16500,32.226562
1209,512,16416,32.062500
1210,512,17875,34.912109
1211,512,20417,39.876953
1212,512,17042,33.285156
1213,512,16625,32.470703
1214,512,17291,33.771484
1215,512,16667,32.552734
1216,512,17416,34.015625
1217,512,16459,32.146484
1218,512,17208,33.609375
1219,512,17208,33.609375
1220,512,16792,32.796875
1221,512,16875,32.958984
1222,512,16666,32.550781
1223,512,17542,34.261719
1224,512,17167,33.529297
1225,512,17250,33.691406
1226,512,16584,32.390625
1227,512,17000,33.203125
1228,512,17375,33.935547
1229,512,17041,33.283203
1230,512,17584,34.343750
1231,512,17375,33.935547
1232,512,17584,34.343750
1233,512,17333,33.853516
1234,512,16542,32.308594
1235,512,17625,34.423828
1236,512,16916,33.039062
1237,512,17250,33.691406
1238,512,17542,34.261719
1239,512,17708,34.585938
1240,512,17958,35.074219
1241,512,17916,34.992188
1242,512,17542,34.261719
1243,512,17500,34.179688
1244,512,17250,33.691406
1245,512,17709,34.587891
1246,512,17709,34.587891
1247,512,17333,33.853516
1248,512,17792,34.750000
1249,512,17750,34.667969
1250,512,17333,33.853516
1251,512,17292,33.773438
1252,512,17417,34.017578
1253,512,17042,33.285156
1254,512,17000,33.203125
1255,512,17459,34.099609
1256,512,17083,33.365234
1257,512,17083,33.365234
1258,512,17708,34.585938
1259,512,17375,33.935547
1260,512,18250,35.644531
1261,512,17750,34.667969
1262,512,18083,35.318359
1263,512,17125,33.447266
1264,512,17625,34.423828
1265,512,17041,33.283203
1266,512,18083,35.318359
1267,512,17375,33.935547
1268,512,17667,34.505859
1269,512,17416,34.015625
1270,512,16958,33.121094
1271,512,17292,33.773438
1272,512,16708,32.632812
1273,512,16792,32.796875
1274,512,17250,33.691406
1275,512,16958,33.121094
1276,512,17000,33.203125
1277,512,17250,33.691406
1278,512,17500,34.179688
1279,512,16750,32.714844
1280,512,16917,33.041016
1281,512,18875,36.865234
1282,512,21917,42.806641
1283,512,22042,43.050781
1284,512,19833,38.736328
1285,512,17875,34.912109
1286,512,17667,34.505859
1287,512,17166,33.527344
1288,512,17000,33.203125
1289,512,17417,34.017578
1290,512,17584,34.343750
1291,512,17708,34.585938
1292,512,16917,33.041016
1293,512,17250,33.691406
1294,512,17417,34.017578
1295,512,18042,35.238281
1296,512,17375,33.935547
1297,512,17709,34.587891
1298,512,17458,34.097656
1299,512,17541,34.259766
1300,512,17375,33.935547
1301,512,17291,33.771484
1302,512,17584,34.343750
1303,512,17000,33.203125
1304,512,16875,32.958984
1305,512,16417,32.064453
1306,512,16958,33.121094
1307,512,16458,32.144531
1308,512,17292,33.773438
1309,512,16500,32.226562
1310,512,16625,32.470703
1311,512,17459,34.099609
1312,512,17458,34.097656
1313,512,16541,32.306641
1314,512,17167,33.529297
1315,512,17667,34.505859
1316,512,17500,34.179688
1317,512,17000,33.203125
1318,512,17208,33.609375
1319,512,17250,33.691406
1320,512,17333,33.853516
1321,512,17583,34.341797
1322,512,17042,33.285156
1323,512,17583,34.341797
1324,512,17500,34.179688
1325,512,16958,33.121094
1326,512,16750,32.714844
1327,512,17583,34.341797
1328,512,16833,32.876953
1329,512,17750,34.667969
1330,512,17083,33.365234
1331,512,16792,32.796875
1332,512,17333,33.853516
1333,512,16917,33.041016
1334,512,17250,33.691406
1335,512,17042,33.285156
1336,512,17458,34.097656
1337,512,17625,34.423828
1338,512,17292,33.773438
1339,512,17833,34.830078
1340,512,17000,33.203125
1341,512,16959,33.123047
1342,512,16834,32.878906
1343,512,17125,33.447266
1344,512,17917,34.994141
1345,512,17208,33.609375
1346,512,17250,33.691406
1347,512,17250,33.691406
1348,512,17500,34.179688
1349,512,17417,34.017578
1350,512,17625,34.423828
1351,512,16708,32.632812
1352,512,16667,32.552734
1353,512,18042,35.238281
1354,512,17875,34.912109
1355,512,17583,34.341797
1356,512,17125,33.447266
1357,512,17833,34.830078
1358,512,17458,34.097656
1359,512,17792,34.750000
1360,512,16958,33.121094
1361,512,16709,32.634766
1362,512,17375,33.935547
1363,512,16666,32.550781
1364,512,16542,32.308594
1365,512,17166,33.527344
1366,512,17167,33.529297
1367,512,17375,33.935547
1368,512,16375,31.982422
1369,512,17541,34.259766
1370,512,17625,34.423828
1371,512,16875,32.958984
1372,512,17083,33.365234
1373,512,17083,33.365234
1374,512,17375,33.935547
1375,512,17750,34.667969
1376,512,17000,33.203125
1377,512,17083,33.365234
1378,512,16709,32.634766
1379,512,17084,33.367188
1380,512,17667,34.505859
1381,512,17292,33.773438
1382,512,16959,33.123047
1383,512,17500,34.179688
1384,512,17125,33.447266
1385,512,17416,34.015625
1386,512,17125,33.447266
1387,512,17042,33.285156
1388,512,17792,34.750000
1389,512,17166,33.527344
1390,512,16750,32.714844
1391,512,17375,33.935547
1392,512,17333,33.853516
1393,512,17375,33.935547
1394,512,16666,32.550781
1395,512,17084,33.367188
1396,512,16625,32.470703
1397,512,17083,33.365234
1398,512,16958,33.121094
1399,512,16875,32.958984
1400,512,17167,33.529297
1401,512,16625,32.470703
1402,512,17500,34.179688
1403,512,17292,33.773438
1404,512,17833,34.830078
1405,512,17708,34.585938
1406,512,17125,33.447266
1407,512,17000,33.203125
1408,512,17000,33.203125
1409,512,17292,33.773438
1410,512,17833,34.830078
1411,512,17459,34.099609
1412,512,16833,32.876953
1413,512,17167,33.529297
1414,512,17500,34.179688
1415,512,17583,34.341797
1416,512,17250,33.691406
1417,512,17208,33.609375
1418,512,17250,33.691406
1419,512,17167,33.529297
1420,512,17458,34.097656
1421,512,18042,35.238281
1422,512,16958,33.121094
1423,512,17000,33.203125
1424,512,16375,31.982422
1425,512,16417,32.064453
1426,512,17500,34.179688
1427,512,17500,34.179688
1428,512,17750,34.667969
1429,512,16792,32.796875
1430,512,17750,34.667969
1431,512,17416,34.015625
1432,512,17334,33.855469
1433,512,17542,34.261719
1434,512,17833,34.830078
1435,512,17334,33.855469
1436,512,16208,31.656250
1437,512,17583,34.341797
1438,512,17208,33.609375
1439,512,17042,33.285156
1440,512,16917,33.041016
1441,512,17417,34.017578
1442,512,17334,33.855469
1443,512,17042,33.285156
1444,512,16792,32.796875
1445,512,16916,33.039062
1446,512,16667,32.552734
1447,512,17083,33.365234
1448,512,17292,33.773438
1449,512,17333,33.853516
1450,512,17333,33.853516
1451,512,16958,33.121094
1452,512,16667,32.552734
1453,512,16584,32.390625
1454,512,17791,34.748047
1455,512,18083,35.318359
1456,512,17042,33.285156
1457,512,18125,35.400391
1458,512,17708,34.585938
1459,512,17542,34.261719
1460,512,16833,32.876953
1461,512,17541,34.259766
1462,512,17459,34.099609
1463,512,16958,33.121094
1464,512,17083,33.365234
1465,512,17333,33.853516
1466,512,17209,33.611328
1467,512,17208,33.609375
1468,512,17250,33.691406
1469,512,17459,34.099609
1470,512,17625,34.423828
1471,512,17417,34.017578
1472,512,17083,33.365234
1473,512,17333,33.853516
1474,512,17500,34.179688
1475,512,16875,32.958984
1476,512,17000,33.203125
1477,512,16833,32.876953
1478,512,17125,33.447266
1479,512,16875,32.958984
1480,512,17666,34.503906
1481,512,16833,32.876953
1482,512,17417,34.017578
1483,512,16791,32.794922
1484,512,17500,34.179688
1485,512,17250,33.691406
1486,512,16875,32.958984
1487,512,17375,33.935547
1488,512,17167,33.529297
1489,512,17333,33.853516
1490,512,17542,34.261719
1491,512,17000,33.203125
1492,512,17334,33.855469
1493,512,17209,33.611328
1494,512,16625,32.470703
1495,512,17458,34.097656
1496,512,17584,34.343750
1497,512,16541,32.306641
1498,512,17584,34.343750
1499,512,16958,33.121094
1500,512,17083,33.365234
1501,512,16708,32.632812
1502,512,17584,34.343750
1503,512,17584,34.343750
1504,512,17333,33.853516
1505,512,17083,33.365234
1506,512,17167,33.529297
1507,512,17000,33.203125
1508,512,17625,34.423828
1509,512,16833,32.876953
1510,512,16917,33.041016
1511,512,17250,33.691406
1512,512,18292,35.726562
1513,512,17958,35.074219
1514,512,17667,34.505859
1515,512,17166,33.527344
1516,512,17084,33.367188
1517,512,17000,33.203125
1518,512,17875,34.912109
1519,512,17209,33.611328
1520,512,17625,34.423828
1521,512,17292,33.773438
1522,512,16917,33.041016
1523,512,17292,33.773438
1524,512,16791,32.794922
1525,512,16875,32.958984
1526,512,17084,33.367188
1527,512,17666,34.503906
1528,512,16667,32.552734
1529,512,17083,33.365234
1530,512,17250,33.691406
1531,512,17458,34.097656
1532,512,16917,33.041016
1533,512,16916,33.039062
1534,512,17417,34.017578
1535,512,17667,34.505859
1536,512,17125,33.447266
1537,512,17667,34.505859
1538,512,17166,33.527344
1539,512,16750,32.714844
1540,512,17292,33.773438
1541,512,16833,32.876953
1542,512,17167,33.529297
1543,512,17209,33.611328
1544,512,17167,33.529297
1545,512,17208,33.609375
1546,512,17167,33.529297
1547,512,17209,33.611328
1548,512,18125,35.400391
1549,512,17416,34.015625
1550,512,17417,34.017578
1551,512,17083,33.365234
1552,512,17750,34.667969
1553,512,17208,33.609375
1554,512,16667,32.552734
1555,512,17500,34.179688
1556,512,17041,33.283203
1557,512,16834,32.878906
1558,512,17333,33.853516
1559,512,17083,33.365234
1560,512,16750,32.714844
1561,512,16959,33.123047
1562,512,17166,33.527344
1563,512,17292,33.773438
1564,512,17292,33.773438
1565,512,17167,33.529297
1566,512,16916,33.039062
1567,512,17459,34.099609
1568,512,17834,34.832031
1569,512,17666,34.503906
1570,512,16667,32.552734
1571,512,17250,33.691406
1572,512,16959,33.123047
1573,512,18500,36.132812
1574,512,21583,42.154297
1575,512,21041,41.095703
1576,512,16750,32.714844
1577,512,16917,33.041016
1578,512,16625,32.470703
1579,512,16708,32.632812
1580,512,17333,33.853516
1581,512,17459,34.099609
1582,512,17125,33.447266
1583,512,17125,33.447266
1584,512,17083,33.365234
1585,512,17334,33.855469
1586,512,17333,33.853516
1587,512,17042,33.285156
1588,512,17375,33.935547
1589,512,16750,32.714844
1590,512,17458,34.097656
1591,512,17458,34.097656
1592,512,17584,34.343750
1593,512,17500,34.179688
1594,512,16958,33.121094
1595,512,17041,33.283203
1596,512,17500,34.179688
1597,512,17250,33.691406
1598,512,16833,32.876953
1599,512,17042,33.285156
1600,512,16917,33.041016
1601,512,16916,33.039062
1602,512,17167,33.529297
1603,512,17333,33.853516
1604,512,16792,32.796875
1605,512,17041,33.283203
1606,512,17084,33.367188
1607,512,16250,31.738281
1608,512,17584,34.343750
1609,512,16666,32.550781
1610,512,16583,32.388672
1611,512,17125,33.447266
1612,512,17500,34.179688
1613,512,16959,33.123047
1614,512,17041,33.283203
1615,512,17292,33.773438
1616,512,17250,33.691406
1617,512,17500,34.179688
1618,512,17042,33.285156
1619,512,16959,33.123047
1620,512,17291,33.771484
1621,512,17375,33.935547
1622,512,17333,33.853516
1623,512,17542,34.261719
1624,512,17458,34.097656
1625,512,17125,33.447266
1626,512,16916,33.039062
1627,512,16834,32.878906
1628,512,50208,98.062500
1629,512,27084,52.898438
1630,512,20833,40.689453
1631,512,18583,36.294922
1632,512,20542,40.121094
1633,512,18292,35.726562
1634,512,18417,35.970703
1635,512,19458,38.003906
1636,512,19084,37.273438
1637,512,18208,35.562500
1638,512,18542,36.214844
1639,512,18083,35.318359
1640,512,18292,35.726562
1641,512,18709,36.541016
1642,512,18042,35.238281
1643,512,17958,35.074219
1644,512,19000,37.109375
1645,512,18167,35.482422
1646,512,17708,34.585938
1647,512,17625,34.423828
1648,512,18708,36.539062
1649,512,18375,35.888672
1650,512,18125,35.400391
1651,512,18334,35.808594
1652,512,18041,35.236328
1653,512,17833,34.830078
1654,512,17750,34.667969
1655,512,17958,35.074219
1656,512,18917,36.947266
1657,512,17083,33.365234
1658,512,18167,35.482422
1659,512,17875,34.912109
1660,512,18250,35.644531
1661,512,17834,34.832031
1662,512,18125,35.400391
1663,512,17209,33.611328
1664,512,17792,34.750000
1665,512,18375,35.888672
1666,512,18000,35.156250
1667,512,18833,36.783203
1668,512,18917,36.947266
1669,512,18375,35.888672
1670,512,17750,34.667969
1671,512,18459,36.052734
1672,512,18292,35.726562
1673,512,17750,34.667969
1674,512,18458,36.050781
1675,512,18042,35.238281
1676,512,17541,34.259766
1677,512,18042,35.238281
1678,512,18333,35.806641
1679,512,18458,36.050781
1680,512,17792,34.750000
1681,512,17666,34.503906
1682,512,17208,33.609375
1683,512,17167,33.529297
1684,512,17791,34.748047
1685,512,17833,34.830078
1686,512,17750,34.667969
1687,512,18042,35.238281
1688,512,17792,34.750000
1689,512,17834,34.832031
1690,512,18666,36.457031
1691,512,18209,35.564453
1692,512,17834,34.832031
1693,512,18250,35.644531
1694,512,18167,35.482422
1695,512,18000,35.156250
1696,512,16958,33.121094
1697,512,18166,35.480469
1698,512,18292,35.726562
1699,512,18042,35.238281
1700,512,17916,34.992188
1701,512,18542,36.214844
1702,512,18500,36.132812
1703,512,18125,35.400391
1704,512,18000,35.156250
1705,512,18416,35.968750
1706,512,18458,36.050781
1707,512,18125,35.400391
1708,512,18292,35.726562
1709,512,17125,33.447266
1710,512,17458,34.097656
1711,512,17667,34.505859
1712,512,17083,33.365234
1713,512,17667,34.505859
1714,512,17917,34.994141
1715,512,17958,35.074219
1716,512,17917,34.994141
1717,512,18334,35.808594
1718,512,17375,33.935547
1719,512,17875,34.912109
1720,512,17625,34.423828
1721,512,17958,35.074219
1722,512,18292,35.726562
1723,512,17417,34.017578
1724,512,18458,36.050781
1725,512,18917,36.947266
1726,512,18125,35.400391
1727,512,18000,35.156250
1728,512,17500,34.179688
1729,512,18791,36.701172
1730,512,17500,34.179688
1731,512,17458,34.097656
1732,512,17708,34.585938
1733,512,17708,34.585938
1734,512,18083,35.318359
1735,512,17875,34.912109
1736,512,18458,36.050781
1737,512,18167,35.482422
1738,512,18125,35.400391
1739,512,18000,35.156250
1740,512,17667,34.505859
1741,512,17958,35.074219
1742,512,18209,35.564453
1743,512,17500,34.179688
1744,512,17875,34.912109
1745,512,18209,35.564453
1746,512,18333,35.806641
1747,512,19125,37.353516
1748,512,19042,37.191406
1749,512,18625,36.376953
1750,512,18458,36.050781
1751,512,18000,35.156250
1752,512,17708,34.585938
1753,512,18417,35.970703
1754,512,17666,34.503906
1755,512,18584,36.296875
1756,512,18000,35.156250
1757,512,17708,34.585938
1758,512,17792,34.750000
1759,512,18167,35.482422
1760,512,17666,34.503906
1761,512,17833,34.830078
1762,512,18084,35.320312
1763,512,17750,34.667969
1764,512,17625,34.423828
1765,512,17958,35.074219
1766,512,17208,33.609375
1767,512,17917,34.994141
1768,512,18250,35.644531
1769,512,17250,33.691406
1770,512,17500,34.179688
1771,512,18875,36.865234
1772,512,18000,35.156250
1773,512,18625,36.376953
1774,512,18166,35.480469
1775,512,18583,36.294922
1776,512,17500,34.179688
1777,512,17959,35.076172
1778,512,18291,35.724609
1779,512,17833,34.830078
1780,512,17583,34.341797
1781,512,17834,34.832031
1782,512,17333,33.853516
1783,512,17750,34.667969
1784,512,18167,35.482422
1785,512,18250,35.644531
1786,512,18292,35.726562
1787,512,18333,35.806641
1788,512,17667,34.505859
1789,512,17667,34.505859
1790,512,18500,36.132812
1791,512,17916,34.992188
1792,512,17500,34.179688
1793,512,18375,35.888672
1794,512,18000,35.156250
1795,512,17917,34.994141
1796,512,17791,34.748047
1797,512,18542,36.214844
1798,512,18125,35.400391
1799,512,17625,34.423828
1800,512,17875,34.912109
1801,512,18250,35.644531
1802,512,17500,34.179688
1803,512,18500,36.132812
1804,512,18250,35.644531
1805,512,18041,35.236328
1806,512,18000,35.156250
1807,512,18041,35.236328
1808,512,17333,33.853516
1809,512,18084,35.320312
1810,512,17667,34.505859
1811,512,17958,35.074219
1812,512,18292,35.726562
1813,512,17834,34.832031
1814,512,18250,35.644531
1815,512,18709,36.541016
1816,512,17833,34.830078
1817,512,17333,33.853516
1818,512,17958,35.074219
1819,512,18125,35.400391
1820,512,17750,34.667969
1821,512,17500,34.179688
1822,512,18250,35.644531
1823,512,18167,35.482422
1824,512,17459,34.099609
1825,512,17542,34.261719
1826,512,17875,34.912109
1827,512,18125,35.400391
1828,512,18666,36.457031
1829,512,17875,34.912109
1830,512,18208,35.562500
1831,512,18792,36.703125
1832,512,18125,35.400391
1833,512,17500,34.179688
1834,512,17959,35.076172
1835,512,17375,33.935547
1836,512,18333,35.806641
1837,512,17875,34.912109
1838,512,18417,35.970703
1839,512,17791,34.748047
1840,512,18084,35.320312
1841,512,18250,35.644531
1842,512,18167,35.482422
1843,512,17708,34.585938
1844,512,17208,33.609375
1845,512,17958,35.074219
1846,512,17833,34.830078
1847,512,17583,34.341797
1848,512,17750,34.667969
1849,512,17333,33.853516
1850,512,17500,34.179688
1851,512,17541,34.259766
1852,512,17500,34.179688
1853,512,17875,34.912109
1854,512,17834,34.832031
1855,512,17959,35.076172
1856,512,17875,34.912109
1857,512,17875,34.912109
1858,512,17250,33.691406
1859,512,17459,34.099609
1860,512,17125,33.447266
1861,512,17333,33.853516
1862,512,18084,35.320312
1863,512,18292,35.726562
1864,512,17667,34.505859
1865,512,17500,34.179688
1866,512,18500,36.132812
1867,512,18000,35.156250
1868,512,18583,36.294922
1869,512,17375,33.935547
1870,512,17875,34.912109
1871,512,18125,35.400391
1872,512,17625,34.423828
1873,512,18500,36.132812
1874,512,18583,36.294922
1875,512,18208,35.562500
1876,512,17459,34.099609
1877,512,18417,35.970703
1878,512,18208,35.562500
1879,512,17917,34.994141
1880,512,18084,35.320312
1881,512,17916,34.992188
1882,512,17625,34.423828
1883,512,18125,35.400391
1884,512,17416,34.015625
1885,512,17417,34.017578
1886,512,17750,34.667969
1887,512,17833,34.830078
1888,512,18625,36.376953
1889,512,18459,36.052734
1890,512,18250,35.644531
1891,512,18000,35.156250
1892,512,17959,35.076172
1893,512,17042,33.285156
1894,512,18166,35.480469
1895,512,17917,34.994141
1896,512,17583,34.341797
1897,512,18041,35.236328
1898,512,17709,34.587891
1899,512,17625,34.423828
1900,512,18416,35.968750
1901,512,17834,34.832031
1902,512,17875,34.912109
1903,512,17625,34.423828
1904,512,17917,34.994141
1905,512,18125,35.400391
1906,512,21833,42.642578
1907,512,17917,34.994141
1908,512,19458,38.003906
1909,512,17958,35.074219
1910,512,18084,35.320312
1911,512,18209,35.564453
1912,512,18625,36.376953
1913,512,17458,34.097656
1914,512,17875,34.912109
1915,512,24417,47.689453
1916,512,18708,36.539062
1917,512,17875,34.912109
1918,512,17958,35.074219
1919,512,17917,34.994141
1920,512,18291,35.724609
1921,512,17375,33.935547
1922,512,18083,35.318359
1923,512,18208,35.562500
1924,512,19208,37.515625
1925,512,17583,34.341797
1926,512,17042,33.285156
1927,512,17667,34.505859
1928,512,17666,34.503906
1929,512,18209,35.564453
1930,512,18458,36.050781
1931,512,17708,34.585938
1932,512,17459,34.099609
1933,512,17625,34.423828
1934,512,17459,34.099609
1935,512,17667,34.505859
1936,512,20708,40.445312
1937,512,18042,35.238281
1938,512,18083,35.318359
1939,512,18250,35.644531
1940,512,17667,34.505859
1941,512,17583,34.341797
1942,512,17875,34.912109
1943,512,18000,35.156250
1944,512,17542,34.261719
1945,512,17250,33.691406
1946,512,17041,33.283203
1947,512,17875,34.912109
1948,512,18292,35.726562
1949,512,18083,35.318359
1950,512,18084,35.320312
1951,512,17083,33.365234
1952,512,18208,35.562500
1953,512,18417,35.970703
1954,512,17666,34.503906
1955,512,17792,34.750000
1956,512,18292,35.726562
1957,512,20917,40.853516
1958,512,18167,35.482422
1959,512,18291,35.724609
1960,512,18417,35.970703
1961,512,18625,36.376953
1962,512,20750,40.527344
1963,512,18500,36.132812
1964,512,17833,34.830078
1965,512,18541,36.212891
1966,512,18042,35.238281
1967,512,18167,35.482422
1968,512,17916,34.992188
1969,512,18167,35.482422
1970,512,17916,34.992188
1971,512,17958,35.074219
1972,512,18167,35.482422
1973,512,18417,35.970703
1974,512,18416,35.968750
1975,512,18375,35.888672
1976,512,17667,34.505859
1977,512,17458,34.097656
1978,512,17375,33.935547
1979,512,17500,34.179688
1980,512,18000,35.156250
1981,512,17542,34.261719
1982,512,17542,34.261719
1983,512,18000,35.156250
1984,512,17916,34.992188
1985,512,17875,34.912109
1986,512,17708,34.585938
1987,512,17667,34.505859
1988,512,17625,34.423828
1989,512,17792,34.750000
1990,512,18000,35.156250
1991,512,17959,35.076172
1992,512,17958,35.074219
1993,512,17500,34.179688
1994,512,16875,32.958984
1995,512,21166,41.339844
1996,512,18625,36.376953
1997,512,18459,36.052734
1998,512,17209,33.611328
1999,512,18333,35.806641
2000,512,18000,35.156250
2001,512,18792,36.703125
2002,512,18791,36.701172
2003,512,19083,37.271484
2004,512,18750,36.621094
2005,512,18375,35.888672
2006,512,19125,37.353516
2007,512,18292,35.726562
2008,512,20500,40.039062
2009,512,18000,35.156250
2010,512,17709,34.587891
2011,512,17958,35.074219
2012,512,18416,35.968750
2013,512,18042,35.238281
2014,512,17958,35.074219
2015,512,17834,34.832031
2016,512,18333,35.806641
2017,512,17792,34.750000
2018,512,17458,34.097656
2019,512,17875,34.912109
2020,512,18208,35.562500
2021,512,18500,36.132812
2022,512,17916,34.992188
2023,512,17709,34.587891
2024,512,17166,33.527344
2025,512,18167,35.482422
2026,512,17500,34.179688
2027,512,17541,34.259766
2028,512,17667,34.505859
2029,512,17750,34.667969
2030,512,18042,35.238281
2031,512,18125,35.400391
2032,512,17708,34.585938
2033,512,17750,34.667969
2034,512,17792,34.750000
2035,512,17916,34.992188
2036,512,17709,34.587891
2037,512,18333,35.806641
2038,512,17958,35.074219
2039,512,17958,35.074219
2040,512,18042,35.238281
2041,512,18042,35.238281
2042,512,17625,34.423828
2043,512,17750,34.667969
2044,512,17625,34.423828
2045,512,18042,35.238281
2046,512,17125,33.447266
2047,512,24042,46.957031
2048,512,17875,34.912109
2049,512,18417,35.970703
2050,512,18166,35.480469
2051,512,17209,33.611328
2052,512,18000,35.156250
2053,512,17666,34.503906
2054,512,17750,34.667969
2055,512,17417,34.017578
2056,512,17792,34.750000
2057,512,17625,34.423828
2058,512,17583,34.341797
2059,512,18125,35.400391
2060,512,17500,34.179688
2061,512,17959,35.076172
2062,512,17875,34.912109
2063,512,17959,35.076172
2064,512,17833,34.830078
2065,512,20375,39.794922
2066,512,18834,36.785156
2067,512,17750,34.667969
2068,512,17875,34.912109
2069,512,17416,34.015625
2070,512,17500,34.179688
2071,512,17958,35.074219
2072,512,17875,34.912109
2073,512,18042,35.238281
2074,512,17875,34.912109
2075,512,17833,34.830078
2076,512,17750,34.667969
2077,512,17875,34.912109
2078,512,18584,36.296875
2079,512,18583,36.294922
2080,512,18041,35.236328
2081,512,17917,34.994141
2082,512,18542,36.214844
2083,512,17916,34.992188
2084,512,17458,34.097656
2085,512,17917,34.994141
2086,512,18292,35.726562
2087,512,17416,34.015625
2088,512,17750,34.667969
2089,512,17875,34.912109
2090,512,17167,33.529297
2091,512,18209,35.564453
2092,512,17667,34.505859
2093,512,17583,34.341797
2094,512,17625,34.423828
2095,512,17666,34.503906
2096,512,17458,34.097656
2097,512,17209,33.611328
2098,512,17833,34.830078
2099,512,18042,35.238281
2100,512,18333,35.806641
2101,512,20125,39.306641
2102,512,18667,36.458984
2103,512,18458,36.050781
2104,512,18167,35.482422
2105,512,17625,34.423828
2106,512,18084,35.320312
2107,512,17833,34.830078
2108,512,17250,33.691406
2109,512,17208,33.609375
2110,512,17583,34.341797
2111,512,18667,36.458984
2112,512,17500,34.179688
2113,512,17750,34.667969
2114,512,17959,35.076172
2115,512,17791,34.748047
2116,512,17709,34.587891
2117,512,17291,33.771484
2118,512,17292,33.773438
2119,512,17916,34.992188
2120,512,17417,34.017578
2121,512,18125,35.400391
2122,512,17834,34.832031
2123,512,18333,35.806641
2124,512,18166,35.480469
2125,512,17500,34.179688
2126,512,18125,35.400391
2127,512,18750,36.621094
2128,512,17917,34.994141
2129,512,17375,33.935547
2130,512,18208,35.562500
2131,512,17458,34.097656
2132,512,17958,35.074219
2133,512,17750,34.667969
2134,512,17875,34.912109
2135,512,18500,36.132812
2136,512,17666,34.503906
2137,512,17709,34.587891
2138,512,17708,34.585938
2139,512,18667,36.458984
2140,512,17916,34.992188
2141,512,18125,35.400391
2142,512,17917,34.994141
2143,512,18667,36.458984
2144,512,18291,35.724609
2145,512,18000,35.156250
2146,512,17583,34.341797
2147,512,25500,49.804688
2148,512,18333,35.806641
2149,512,17167,33.529297
2150,512,17667,34.505859
2151,512,18084,35.320312
2152,512,17709,34.587891
2153,512,18000,35.156250
2154,512,18000,35.156250
2155,512,18167,35.482422
2156,512,18083,35.318359
2157,512,18334,35.808594
2158,512,18000,35.156250
2159,512,17541,34.259766
2160,512,18459,36.052734
2161,512,17834,34.832031
2162,512,18208,35.562500
2163,512,17083,33.365234
2164,512,17583,34.341797
2165,512,17792,34.750000
2166,512,17583,34.341797
2167,512,17917,34.994141
2168,512,17208,33.609375
2169,512,17250,33.691406
2170,512,18000,35.156250
2171,512,17333,33.853516
2172,512,17167,33.529297
2173,512,17250,33.691406
2174,512,17500,34.179688
2175,512,17041,33.283203
2176,512,17834,34.832031
2177,512,17625,34.423828
2178,512,17125,33.447266
2179,512,18000,35.156250
2180,512,20166,39.386719
2181,512,18084,35.320312
2182,512,29375,57.373047
2183,512,23125,45.166016
2184,512,19875,38.818359
2185,512,18333,35.806641
2186,512,17500,34.179688
2187,512,18875,36.865234
2188,512,18792,36.703125
2189,512,18542,36.214844
2190,512,18625,36.376953
2191,512,19125,37.353516
2192,512,18375,35.888672
2193,512,18291,35.724609
2194,512,18333,35.806641
2195,512,18334,35.808594
2196,512,18042,35.238281
2197,512,18292,35.726562
2198,512,17666,34.503906
2199,512,18250,35.644531
2200,512,18292,35.726562
2201,512,18750,36.621094
2202,512,18416,35.968750
2203,512,18459,36.052734
2204,512,18167,35.482422
2205,512,18792,36.703125
2206,512,18084,35.320312
2207,512,17625,34.423828
2208,512,17833,34.830078
2209,512,18250,35.644531
2210,512,17416,34.015625
2211,512,17625,34.423828
2212,512,16750,32.714844
2213,512,18125,35.400391
2214,512,17750,34.667969
2215,512,17625,34.423828
2216,512,17833,34.830078
2217,512,17667,34.505859
2218,512,18292,35.726562
2219,512,17958,35.074219
2220,512,17875,34.912109
2221,512,17791,34.748047
2222,512,17500,34.179688
2223,512,17042,33.285156
2224,512,17750,34.667969
2225,512,18042,35.238281
2226,512,17166,33.527344
2227,512,17542,34.261719
2228,512,17833,34.830078
2229,512,17167,33.529297
2230,512,17541,34.259766
2231,512,17959,35.076172
2232,512,18166,35.480469
2233,512,18792,36.703125
2234,512,18542,36.214844
2235,512,17958,35.074219
2236,512,17375,33.935547
2237,512,17292,33.773438
2238,512,17125,33.447266
2239,512,17333,33.853516
2240,512,26667,52.083984
2241,512,19625,38.330078
2242,512,18584,36.296875
2243,512,18458,36.050781
2244,512,18375,35.888672
2245,512,18250,35.644531
2246,512,18666,36.457031
2247,512,18500,36.132812
2248,512,17583,34.341797
2249,512,18125,35.400391
2250,512,18208,35.562500
2251,512,17542,34.261719
2252,512,17958,35.074219
2253,512,17708,34.585938
2254,512,18167,35.482422
2255,512,17833,34.830078
2256,512,18167,35.482422
2257,512,18916,36.945312
2258,512,18375,35.888672
2259,512,18167,35.482422
2260,512,18083,35.318359
2261,512,18292,35.726562
2262,512,18000,35.156250
2263,512,18125,35.400391
2264,512,17666,34.503906
2265,512,18292,35.726562
2266,512,17291,33.771484
2267,512,18375,35.888672
2268,512,17417,34.017578
2269,512,18041,35.236328
2270,512,17667,34.505859
2271,512,17459,34.099609
2272,512,17666,34.503906
2273,512,17750,34.667969
2274,512,18625,36.376953
2275,512,18375,35.888672
2276,512,17792,34.750000
2277,512,17291,33.771484
2278,512,17708,34.585938
2279,512,18209,35.564453
2280,512,18125,35.400391
2281,512,17875,34.912109
2282,512,17625,34.423828
2283,512,17833,34.830078
2284,512,17958,35.074219
2285,512,21375,41.748047
2286,512,18041,35.236328
2287,512,71792,140.218750
2288,512,28458,55.582031
2289,512,16209,31.658203
2290,512,15291,29.865234
2291,512,16625,32.470703
2292,512,15958,31.167969
2293,512,15875,31.005859
2294,512,15958,31.167969
2295,512,15959,31.169922
2296,512,16042,31.332031
2297,512,16458,32.144531
2298,512,16084,31.414062
2299,512,15500,30.273438
2300,512,16125,31.494141
2301,512,16166,31.574219
2302,512,16209,31.658203
2303,512,15250,29.785156
2304,512,15791,30.841797
2305,512,16375,31.982422
2306,512,16250,31.738281
2307,512,15958,31.167969
2308,512,16459,32.146484
2309,512,15875,31.005859
2310,512,16000,31.250000
2311,512,15791,30.841797
2312,512,15875,31.005859
2313,512,15959,31.169922
2314,512,16250,31.738281
2315,512,16833,32.876953
2316,512,16458,32.144531
2317,512,16292,31.820312
2318,512,15375,30.029297
2319,512,16000,31.250000
2320,512,15542,30.355469
2321,512,15584,30.437500
2322,512,15625,30.517578
2323,512,15875,31.005859
2324,512,15833,30.923828
2325,512,16000,31.250000
2326,512,15625,30.517578
2327,512,15375,30.029297
2328,512,15792,30.843750
2329,512,16417,32.064453
2330,512,16375,31.982422
2331,512,16084,31.414062
2332,512,16208,31.656250
2333,512,16500,32.226562
2334,512,20333,39.712891
2335,512,16666,32.550781
2336,512,16209,31.658203
2337,512,16166,31.574219
2338,512,15625,30.517578
2339,512,15917,31.087891
2340,512,16459,32.146484
2341,512,15875,31.005859
2342,512,15750,30.761719
2343,512,16583,32.388672
2344,512,15333,29.947266
2345,512,16166,31.574219
2346,512,15917,31.087891
2347,512,15625,30.517578
2348,512,16291,31.818359
2349,512,15042,29.378906
2350,512,15625,30.517578
2351,512,15458,30.191406
2352,512,15750,30.761719
2353,512,15833,30.923828
2354,512,15167,29.623047
2355,512,16250,31.738281
2356,512,16291,31.818359
2357,512,15875,31.005859
2358,512,15458,30.191406
2359,512,15750,30.761719
2360,512,15792,30.843750
2361,512,16041,31.330078
2362,512,15667,30.599609
2363,512,16250,31.738281
2364,512,16375,31.982422
2365,512,16250,31.738281
2366,512,16167,31.576172
2367,512,16458,32.144531
2368,512,16375,31.982422
2369,512,15541,30.353516
2370,512,17000,33.203125
2371,512,15959,31.169922
2372,512,16208,31.656250
2373,512,15792,30.843750
2374,512,15750,30.761719
2375,512,16125,31.494141
2376,512,15625,30.517578
2377,512,16042,31.332031
2378,512,16292,31.820312
2379,512,16250,31.738281
2380,512,15583,30.435547
2381,512,16500,32.226562
2382,512,16500,32.226562
2383,512,16125,31.494141
2384,512,16000,31.250000
2385,512,15708,30.679688
2386,512,15708,30.679688
2387,512,15875,31.005859
2388,512,16042,31.332031
2389,512,15958,31.167969
2390,512,16041,31.330078
2391,512,15875,31.005859
2392,512,16250,31.738281
2393,512,15667,30.599609
2394,512,16000,31.250000
2395,512,15417,30.111328
2396,512,15375,30.029297
2397,512,15875,31.005859
2398,512,16125,31.494141
2399,512,15958,31.167969
2400,512,16917,33.041016
2401,512,17458,34.097656
2402,512,17417,34.017578
2403,512,16916,33.039062
2404,512,16917,33.041016
2405,512,17209,33.611328
2406,512,17000,33.203125
2407,512,17250,33.691406
2408,512,17500,34.179688
2409,512,17542,34.261719
2410,512,17417,34.017578
2411,512,17291,33.771484
2412,512,17459,34.099609
2413,512,17458,34.097656
2414,512,17416,34.015625
2415,512,16625,32.470703
2416,512,17375,33.935547
2417,512,16750,32.714844
2418,512,17000,33.203125
2419,512,17042,33.285156
2420,512,16708,32.632812
2421,512,17250,33.691406
2422,512,16833,32.876953
2423,512,16667,32.552734
2424,512,16958,33.121094
2425,512,17083,33.365234
2426,512,17042,33.285156
2427,512,17084,33.367188
2428,512,16750,32.714844
2429,512,16958,33.121094
2430,512,16750,32.714844
2431,512,17000,33.203125
2432,512,17833,34.830078
2433,512,16958,33.121094
2434,512,17500,34.179688
2435,512,16666,32.550781
2436,512,16917,33.041016
2437,512,16625,32.470703
2438,512,17042,33.285156
2439,512,16541,32.306641
2440,512,17167,33.529297
2441,512,17583,34.341797
2442,512,16417,32.064453
2443,512,16625,32.470703
2444,512,16875,32.958984
2445,512,17458,34.097656
2446,512,16750,32.714844
2447,512,17125,33.447266
2448,512,16750,32.714844
2449,512,17041,33.283203
2450,512,17084,33.367188
2451,512,17209,33.611328
2452,512,16583,32.388672
2453,512,17958,35.074219
2454,512,16875,32.958984
2455,512,17542,34.261719
2456,512,17083,33.365234
2457,512,16875,32.958984
2458,512,16750,32.714844
2459,512,17500,34.179688
2460,512,17167,33.529297
2461,512,17375,33.935547
2462,512,17250,33.691406
2463,512,16542,32.308594
2464,512,16917,33.041016
2465,512,16833,32.876953
2466,512,16667,32.552734
2467,512,18084,35.320312
2468,512,17083,33.365234
2469,512,17250,33.691406
2470,512,17416,34.015625
2471,512,21417,41.830078
2472,512,17583,34.341797
2473,512,17709,34.587891
2474,512,17583,34.341797
2475,512,22750,44.433594
2476,512,21458,41.910156
2477,512,18416,35.968750
2478,512,18167,35.482422
2479,512,17750,34.667969
2480,512,18083,35.318359
2481,512,18542,36.214844
2482,512,17625,34.423828
2483,512,17791,34.748047
2484,512,18417,35.970703
2485,512,18041,35.236328
2486,512,18209,35.564453
2487,512,18333,35.806641
2488,512,18416,35.968750
2489,512,17833,34.830078
2490,512,18500,36.132812
2491,512,19125,37.353516
2492,512,18750,36.621094
2493,512,18583,36.294922
2494,512,18750,36.621094
2495,512,18292,35.726562
2496,512,17583,34.341797
2497,512,17792,34.750000
2498,512,17750,34.667969
2499,512,18666,36.457031
2500,512,17667,34.505859
2501,512,17541,34.259766
2502,512,18000,35.156250
2503,512,17667,34.505859
2504,512,17083,33.365234
2505,512,17833,34.830078
2506,512,17625,34.423828
2507,512,17834,34.832031
2508,512,17125,33.447266
2509,512,18000,35.156250
2510,512,17833,34.830078
2511,512,17458,34.097656
2512,512,18042,35.238281
2513,512,17875,34.912109
2514,512,17584,34.343750
2515,512,17708,34.585938
2516,512,17958,35.074219
2517,512,17958,35.074219
2518,512,18167,35.482422
2519,512,17625,34.423828
2520,512,17625,34.423828
2521,512,17417,34.017578
2522,512,17834,34.832031
2523,512,17916,34.992188
2524,512,16917,33.041016
2525,512,17125,33.447266
2526,512,16541,32.306641
2527,512,17417,34.017578
2528,512,17125,33.447266
2529,512,16916,33.039062
2530,512,17208,33.609375
2531,512,17375,33.935547
2532,512,17167,33.529297
2533,512,17625,34.423828
2534,512,17083,33.365234
2535,512,16792,32.796875
2536,512,17042,33.285156
2537,512,16917,33.041016
2538,512,17083,33.365234
2539,512,16583,32.388672
2540,512,17042,33.285156
2541,512,17333,33.853516
2542,512,17667,34.505859
2543,512,17083,33.365234
2544,512,16792,32.796875
2545,512,17375,33.935547
2546,512,18250,35.644531
2547,512,16834,32.878906
2548,512,17541,34.259766
2549,512,17334,33.855469
2550,512,17959,35.076172
2551,512,17500,34.179688
2552,512,17917,34.994141
2553,512,17417,34.017578
2554,512,17625,34.423828
2555,512,17250,33.691406
2556,512,17291,33.771484
2557,512,17334,33.855469
2558,512,17667,34.505859
2559,512,17417,34.017578
2560,512,16916,33.039062
2561,512,16917,33.041016
2562,512,17292,33.773438
2563,512,17750,34.667969
2564,512,17167,33.529297
2565,512,16958,33.121094
2566,512,17167,33.529297
2567,512,17666,34.503906
2568,512,17583,34.341797
2569,512,16875,32.958984
2570,512,17375,33.935547
2571,512,17708,34.585938
2572,512,16750,32.714844
2573,512,17917,34.994141
2574,512,17292,33.773438
2575,512,16625,32.470703
2576,512,17375,33.935547
2577,512,16958,33.121094
2578,512,16708,32.632812
2579,512,17084,33.367188
2580,512,17083,33.365234
2581,512,17167,33.529297
2582,512,16500,32.226562
2583,512,17333,33.853516
2584,512,17167,33.529297
2585,512,17083,33.365234
2586,512,17041,33.283203
2587,512,17000,33.203125
2588,512,17292,33.773438
2589,512,16958,33.121094
2590,512,17583,34.341797
2591,512,16833,32.876953
2592,512,17292,33.773438
2593,512,16750,32.714844
2594,512,17041,33.283203
2595,512,17792,34.750000
2596,512,17333,33.853516
2597,512,16917,33.041016
2598,512,17458,34.097656
2599,512,16584,32.390625
2600,512,16750,32.714844
2601,512,16625,32.470703
2602,512,17000,33.203125
2603,512,17125,33.447266
2604,512,17541,34.259766
2605,512,17292,33.773438
2606,512,16791,32.794922
2607,512,17583,34.341797
2608,512,17083,33.365234
2609,512,17334,33.855469
2610,512,17458,34.097656
2611,512,17167,33.529297
2612,512,17584,34.343750
2613,512,17667,34.505859
2614,512,16791,32.794922
2615,512,17667,34.505859
2616,512,17667,34.505859
2617,512,17125,33.447266
2618,512,17416,34.015625
2619,512,17959,35.076172
2620,512,17958,35.074219
2621,512,17042,33.285156
2622,512,17083,33.365234
2623,512,16917,33.041016
2624,512,17041,33.283203
2625,512,17708,34.585938
2626,512,16917,33.041016
2627,512,17292,33.773438
2628,512,18083,35.318359
2629,512,17334,33.855469
2630,512,17166,33.527344
2631,512,17083,33.365234
2632,512,17292,33.773438
2633,512,16917,33.041016
2634,512,16667,32.552734
2635,512,17125,33.447266
2636,512,16958,33.121094
2637,512,17042,33.285156
2638,512,17042,33.285156
2639,512,17583,34.341797
2640,512,17250,33.691406
2641,512,16292,31.820312
2642,512,17208,33.609375
2643,512,17583,34.341797
2644,512,17125,33.447266
2645,512,17125,33.447266
2646,512,17042,33.285156
2647,512,16666,32.550781
2648,512,16334,31.902344
2649,512,17042,33.285156
2650,512,17042,33.285156
2651,512,17125,33.447266
2652,512,17000,33.203125
2653,512,16750,32.714844
2654,512,16667,32.552734
2655,512,16917,33.041016
2656,512,17458,34.097656
2657,512,16875,32.958984
2658,512,16917,33.041016
2659,512,16750,32.714844
2660,512,17292,33.773438
2661,512,16792,32.796875
2662,512,17875,34.912109
2663,512,17083,33.365234
2664,512,17416,34.015625
2665,512,17333,33.853516
2666,512,17500,34.179688
2667,512,17417,34.017578
2668,512,17416,34.015625
2669,512,17167,33.529297
2670,512,17000,33.203125
2671,512,17125,33.447266
2672,512,17958,35.074219
2673,512,16625,32.470703
2674,512,17208,33.609375
2675,512,16750,32.714844
2676,512,17167,33.529297
2677,512,17125,33.447266
2678,512,17625,34.423828
2679,512,17375,33.935547
2680,512,17250,33.691406
2681,512,16833,32.876953
2682,512,17125,33.447266
2683,512,17500,34.179688
2684,512,16583,32.388672
2685,512,17167,33.529297
2686,512,17291,33.771484
2687,512,17042,33.285156
2688,512,16916,33.039062
2689,512,16792,32.796875
2690,512,16667,32.552734
2691,512,16584,32.390625
2692,512,17541,34.259766
2693,512,16667,32.552734
2694,512,17166,33.527344
2695,512,17250,33.691406
2696,512,17292,33.773438
2697,512,17458,34.097656
2698,512,17375,33.935547
2699,512,17292,33.773438
2700,512,16833,32.876953
2701,512,17125,33.447266
2702,512,17250,33.691406
2703,512,17584,34.343750
2704,512,17500,34.179688
2705,512,16584,32.390625
2706,512,17000,33.203125
2707,512,17916,34.992188
2708,512,16917,33.041016
2709,512,16500,32.226562
2710,512,16500,32.226562
2711,512,17750,34.667969
2712,512,17250,33.691406
2713,512,17333,33.853516
2714,512,17583,34.341797
2715,512,16875,32.958984
2716,512,17333,33.853516
2717,512,16750,32.714844
2718,512,17000,33.203125
2719,512,17083,33.365234
2720,512,17292,33.773438
2721,512,17000,33.203125
2722,512,17334,33.855469
2723,512,16750,32.714844
2724,512,17667,34.505859
2725,512,17208,33.609375
2726,512,17542,34.261719
2727,512,16458,32.144531
2728,512,17292,33.773438
2729,512,16875,32.958984
2730,512,17333,33.853516
2731,512,18042,35.238281
2732,512,17416,34.015625
2733,512,17250,33.691406
2734,512,16583,32.388672
2735,512,16958,33.121094
2736,512,17292,33.773438
2737,512,17416,34.015625
2738,512,17625,34.423828
2739,512,17209,33.611328
2740,512,16833,32.876953
2741,512,16833,32.876953
2742,512,16875,32.958984
2743,512,17000,33.203125
2744,512,16416,32.062500
2745,512,16500,32.226562
2746,512,17833,34.830078
2747,512,17292,33.773438
2748,512,16833,32.876953
2749,512,17292,33.773438
2750,512,16750,32.714844
2751,512,17208,33.609375
2752,512,17125,33.447266
2753,512,16792,32.796875
2754,512,16500,32.226562
2755,512,17166,33.527344
2756,512,17708,34.585938
2757,512,17292,33.773438
2758,512,17416,34.015625
2759,512,42375,82.763672
2760,512,20166,39.386719
2761,512,21625,42.236328
2762,512,18208,35.562500
2763,512,30333,59.244141
2764,512,27250,53.222656
2765,512,17125,33.447266
2766,512,17541,34.259766
2767,512,17000,33.203125
2768,512,16917,33.041016
2769,512,17291,33.771484
2770,512,17000,33.203125
2771,512,17375,33.935547
2772,512,17625,34.423828
2773,512,16958,33.121094
2774,512,17875,34.912109
2775,512,16916,33.039062
2776,512,16917,33.041016
2777,512,17458,34.097656
2778,512,16708,32.632812
2779,512,16667,32.552734
2780,512,17416,34.015625
2781,512,17250,33.691406
2782,512,17292,33.773438
2783,512,17000,33.203125
2784,512,17292,33.773438
2785,512,17666,34.503906
2786,512,17125,33.447266
2787,512,17292,33.773438
2788,512,17041,33.283203
2789,512,16917,33.041016
2790,512,17791,34.748047
2791,512,17750,34.667969
2792,512,17625,34.423828
2793,512,17542,34.261719
2794,512,17416,34.015625
2795,512,17042,33.285156
2796,512,16875,32.958984
2797,512,17416,34.015625
2798,512,17792,34.750000
2799,512,17958,35.074219
2800,512,17750,34.667969
2801,512,17250,33.691406
2802,512,17209,33.611328
2803,512,17125,33.447266
2804,512,17375,33.935547
2805,512,17125,33.447266
2806,512,17125,33.447266
2807,512,17625,34.423828
2808,512,17667,34.505859
2809,512,17542,34.261719
2810,512,16583,32.388672
2811,512,17625,34.423828
2812,512,17958,35.074219
2813,512,17333,33.853516
2814,512,16750,32.714844
2815,512,17541,34.259766
2816,512,17042,33.285156
2817,512,17250,33.691406
2818,512,17000,33.203125
2819,512,17750,34.667969
2820,512,17458,34.097656
2821,512,16417,32.064453
2822,512,17250,33.691406
2823,512,17084,33.367188
2824,512,17333,33.853516
2825,512,16791,32.794922
2826,512,17458,34.097656
2827,512,16958,33.121094
2828,512,16875,32.958984
2829,512,16125,31.494141
2830,512,16875,32.958984
2831,512,16708,32.632812
2832,512,17083,33.365234
2833,512,17542,34.261719
2834,512,17167,33.529297
2835,512,16916,33.039062
2836,512,17209,33.611328
2837,512,16291,31.818359
2838,512,16334,31.902344
2839,512,16958,33.121094
2840,512,17292,33.773438
2841,512,16958,33.121094
2842,512,16875,32.958984
2843,512,17042,33.285156
2844,512,17083,33.365234
2845,512,17000,33.203125
2846,512,17083,33.365234
2847,512,17417,34.017578
2848,512,16959,33.123047
2849,512,17041,33.283203
2850,512,16542,32.308594
2851,512,16834,32.878906
2852,512,16959,33.123047
2853,512,15917,31.087891
2854,512,17208,33.609375
2855,512,17166,33.527344
2856,512,16750,32.714844
2857,512,16875,32.958984
2858,512,16708,32.632812
2859,512,16542,32.308594
2860,512,16708,32.632812
2861,512,16583,32.388672
2862,512,17125,33.447266
2863,512,16875,32.958984
2864,512,17250,33.691406
2865,512,17708,34.585938
2866,512,16750,32.714844
2867,512,17667,34.505859
2868,512,17292,33.773438
2869,512,17083,33.365234
2870,512,17333,33.853516
2871,512,16708,32.632812
2872,512,16792,32.796875
2873,512,16750,32.714844
2874,512,16250,31.738281
2875,512,17334,33.855469
2876,512,17041,33.283203
2877,512,17250,33.691406
2878,512,16625,32.470703
2879,512,17375,33.935547
2880,512,16750,32.714844
2881,512,17458,34.097656
2882,512,17042,33.285156
2883,512,17042,33.285156
2884,512,16875,32.958984
2885,512,17334,33.855469
2886,512,17041,33.283203
2887,512,17209,33.611328
2888,512,17208,33.609375
2889,512,17125,33.447266
2890,512,17209,33.611328
2891,512,17416,34.015625
2892,512,17833,34.830078
2893,512,17333,33.853516
2894,512,16958,33.121094
2895,512,17375,33.935547
2896,512,16958,33.121094
2897,512,17167,33.529297
2898,512,17333,33.853516
2899,512,16625,32.470703
2900,512,17125,33.447266
2901,512,16875,32.958984
2902,512,17334,33.855469
2903,512,17541,34.259766
2904,512,17292,33.773438
2905,512,17792,34.750000
2906,512,17625,34.423828
2907,512,17166,33.527344
2908,512,17542,34.261719
2909,512,16875,32.958984
2910,512,16792,32.796875
2911,512,16916,33.039062
2912,512,16750,32.714844
2913,512,16625,32.470703
2914,512,17167,33.529297
2915,512,16125,31.494141
2916,512,17583,34.341797
2917,512,17000,33.203125
2918,512,17292,33.773438
2919,512,16958,33.121094
2920,512,16708,32.632812
2921,512,16667,32.552734
2922,512,16916,33.039062
2923,512,16459,32.146484
2924,512,16709,32.634766
2925,512,16583,32.388672
2926,512,16875,32.958984
2927,512,17500,34.179688
2928,512,17333,33.853516
2929,512,17208,33.609375
2930,512,17417,34.017578
2931,512,17292,33.773438
2932,512,17250,33.691406
2933,512,16959,33.123047
2934,512,16625,32.470703
2935,512,17042,33.285156
2936,512,17125,33.447266
2937,512,16917,33.041016
2938,512,17500,34.179688
2939,512,17208,33.609375
2940,512,17166,33.527344
2941,512,19583,38.248047
2942,512,18875,36.865234
2943,512,18125,35.400391
2944,512,18708,36.539062
2945,512,18209,35.564453
2946,512,18541,36.212891
2947,512,18083,35.318359
2948,512,17959,35.076172
2949,512,17792,34.750000
2950,512,17792,34.750000
2951,512,18083,35.318359
2952,512,18166,35.480469
2953,512,18167,35.482422
2954,512,18250,35.644531
2955,512,18958,37.027344
2956,512,18167,35.482422
2957,512,18333,35.806641
2958,512,18000,35.156250
2959,512,17584,34.343750
2960,512,18584,36.296875
2961,512,17833,34.830078
2962,512,17875,34.912109
2963,512,17750,34.667969
2964,512,18250,35.644531
2965,512,18792,36.703125
2966,512,18000,35.156250
2967,512,18208,35.562500
2968,512,18334,35.808594
2969,512,18125,35.400391
2970,512,17750,34.667969
2971,512,17791,34.748047
2972,512,17250,33.691406
2973,512,18042,35.238281
2974,512,17667,34.505859
2975,512,17709,34.587891
2976,512,17917,34.994141
2977,512,18208,35.562500
2978,512,17375,33.935547
2979,512,17791,34.748047
2980,512,17709,34.587891
2981,512,17041,33.283203
2982,512,17625,34.423828
2983,512,17292,33.773438
2984,512,17917,34.994141
2985,512,18416,35.968750
2986,512,17792,34.750000
2987,512,17917,34.994141
2988,512,17917,34.994141
2989,512,17833,34.830078
2990,512,17917,34.994141
2991,512,18209,35.564453
2992,512,18458,36.050781
2993,512,17833,34.830078
2994,512,18625,36.376953
2995,512,17916,34.992188
2996,512,17584,34.343750
2997,512,18916,36.945312
2998,512,18209,35.564453
2999,512,18083,35.318359
3000,512,18750,36.621094
3001,512,17750,34.667969
3002,512,18333,35.806641
3003,512,18375,35.888672
3004,512,17916,34.992188
3005,512,18000,35.156250
3006,512,17833,34.830078
3007,512,17500,34.179688
3008,512,23167,45.248047
3009,512,22083,43.130859
3010,512,17917,34.994141
3011,512,18500,36.132812
3012,512,18166,35.480469
3013,512,18542,36.214844
3014,512,18125,35.400391
3015,512,17917,34.994141
3016,512,18583,36.294922
3017,512,18167,35.482422
3018,512,18209,35.564453
3019,512,18291,35.724609
3020,512,18209,35.564453
3021,512,17625,34.423828
3022,512,18292,35.726562
3023,512,18333,35.806641
3024,512,18084,35.320312
3025,512,18166,35.480469
3026,512,18333,35.806641
3027,512,18250,35.644531
3028,512,18208,35.562500
3029,512,18250,35.644531
3030,512,18250,35.644531
3031,512,18166,35.480469
3032,512,18459,36.052734
3033,512,18000,35.156250
3034,512,17875,34.912109
3035,512,17625,34.423828
3036,512,17875,34.912109
3037,512,18584,36.296875
3038,512,17666,34.503906
3039,512,18000,35.156250
3040,512,17709,34.587891
3041,512,17750,34.667969
3042,512,18000,35.156250
3043,512,19666,38.410156
3044,512,17792,34.750000
3045,512,18333,35.806641
3046,512,18625,36.376953
3047,512,18916,36.945312
3048,512,17459,34.099609
3049,512,18709,36.541016
3050,512,22459,43.865234
3051,512,22458,43.863281
3052,512,18292,35.726562
3053,512,17333,33.853516
3054,512,17167,33.529297
3055,512,17791,34.748047
3056,512,17125,33.447266
3057,512,16959,33.123047
3058,512,17500,34.179688
3059,512,17375,33.935547
3060,512,16875,32.958984
3061,512,17083,33.365234
3062,512,18042,35.238281
3063,512,16792,32.796875
3064,512,17000,33.203125
3065,512,16792,32.796875
3066,512,17083,33.365234
3067,512,17042,33.285156
3068,512,17292,33.773438
3069,512,17292,33.773438
3070,512,17500,34.179688
3071,512,17625,34.423828
3072,512,16958,33.121094
3073,512,17375,33.935547
3074,512,17208,33.609375
3075,512,17250,33.691406
3076,512,17416,34.015625
3077,512,17125,33.447266
3078,512,17208,33.609375
3079,512,17834,34.832031
3080,512,17375,33.935547
3081,512,17291,33.771484
3082,512,17542,34.261719
3083,512,16875,32.958984
3084,512,16875,32.958984
3085,512,17209,33.611328
3086,512,17375,33.935547
3087,512,17125,33.447266
3088,512,17166,33.527344
3089,512,17417,34.017578
3090,512,16417,32.064453
3091,512,17375,33.935547
3092,512,17208,33.609375
3093,512,16500,32.226562
3094,512,17291,33.771484
3095,512,17542,34.261719
3096,512,17875,34.912109
3097,512,17166,33.527344
3098,512,17584,34.343750
3099,512,17166,33.527344
3100,512,17292,33.773438
3101,512,16958,33.121094
3102,512,17625,34.423828
3103,512,17542,34.261719
3104,512,17583,34.341797
3105,512,17292,33.773438
3106,512,17459,34.099609
3107,512,16791,32.794922
3108,512,16417,32.064453
3109,512,16791,32.794922
3110,512,17084,33.367188
3111,512,17875,34.912109
3112,512,20666,40.363281
3113,512,17584,34.343750
3114,512,17416,34.015625
3115,512,17084,33.367188
3116,512,21709,42.400391
3117,512,22375,43.701172
3118,512,21500,41.992188
3119,512,17167,33.529297
3120,512,16833,32.876953
3121,512,17458,34.097656
3122,512,17500,34.179688
3123,512,16625,32.470703
3124,512,16541,32.306641
3125,512,17458,34.097656
3126,512,16834,32.878906
3127,512,16958,33.121094
3128,512,17458,34.097656
3129,512,17500,34.179688
3130,512,16875,32.958984
3131,512,17250,33.691406
3132,512,17000,33.203125
3133,512,17333,33.853516
3134,512,17333,33.853516
3135,512,16792,32.796875
3136,512,17417,34.017578
3137,512,17500,34.179688
3138,512,17208,33.609375
3139,512,17792,34.750000
3140,512,17791,34.748047
3141,512,17125,33.447266
3142,512,18375,35.888672
3143,512,17417,34.017578
3144,512,17166,33.527344
3145,512,17084,33.367188
3146,512,17291,33.771484
3147,512,17334,33.855469
3148,512,16916,33.039062
3149,512,17500,34.179688
3150,512,17250,33.691406
3151,512,16958,33.121094
3152,512,17625,34.423828
3153,512,17042,33.285156
3154,512,17083,33.365234
3155,512,17250,33.691406
3156,512,17166,33.527344
3157,512,17292,33.773438
3158,512,17042,33.285156
3159,512,17500,34.179688
3160,512,16584,32.390625
3161,512,16583,32.388672
3162,512,17458,34.097656
3163,512,17000,33.203125
3164,512,17708,34.585938
3165,512,16500,32.226562
3166,512,17042,33.285156
3167,512,16750,32.714844
3168,512,16959,33.123047
3169,512,17334,33.855469
3170,512,17042,33.285156
3171,512,17250,33.691406
3172,512,17041,33.283203
3173,512,16625,32.470703
3174,512,16708,32.632812
3175,512,16667,32.552734
3176,512,17416,34.015625
3177,512,17459,34.099609
3178,512,17458,34.097656
3179,512,16542,32.308594
3180,512,16709,32.634766
3181,512,17625,34.423828
3182,512,16959,33.123047
3183,512,17375,33.935547
3184,512,17084,33.367188
3185,512,16958,33.121094
3186,512,17208,33.609375
3187,512,16833,32.876953
3188,512,16667,32.552734
3189,512,16666,32.550781
3190,512,17417,34.017578
3191,512,17208,33.609375
3192,512,17000,33.203125
3193,512,16583,32.388672
3194,512,18042,35.238281
3195,512,16833,32.876953
3196,512,17416,34.015625
3197,512,17292,33.773438
3198,512,16708,32.632812
3199,512,16500,32.226562
3200,512,17292,33.773438
3201,512,17125,33.447266
3202,512,17667,34.505859
3203,512,16959,33.123047
3204,512,17458,34.097656
3205,512,17375,33.935547
3206,512,16916,33.039062
3207,512,16709,32.634766
3208,512,17041,33.283203
3209,512,16875,32.958984
3210,512,16833,32.876953
3211,512,17125,33.447266
3212,512,17417,34.017578
3213,512,17250,33.691406
3214,512,17166,33.527344
3215,512,17042,33.285156
3216,512,16833,32.876953
3217,512,17000,33.203125
3218,512,17125,33.447266
3219,512,17958,35.074219
3220,512,17542,34.261719
3221,512,16750,32.714844
3222,512,17292,33.773438
3223,512,17000,33.203125
3224,512,17500,34.179688
3225,512,17166,33.527344
3226,512,17250,33.691406
3227,512,17750,34.667969
3228,512,16917,33.041016
3229,512,17333,33.853516
3230,512,17083,33.365234
3231,512,17084,33.367188
3232,512,16875,32.958984
3233,512,17333,33.853516
3234,512,17292,33.773438
3235,512,17000,33.203125
3236,512,17375,33.935547
3237,512,17125,33.447266
3238,512,16750,32.714844
3239,512,17542,34.261719
3240,512,17208,33.609375
3241,512,18375,35.888672
3242,512,21458,41.910156
3243,512,17541,34.259766
3244,512,17959,35.076172
3245,512,17083,33.365234
3246,512,17583,34.341797
3247,512,17416,34.015625
3248,512,17542,34.261719
3249,512,17166,33.527344
3250,512,17375,33.935547
3251,512,17375,33.935547
3252,512,17125,33.447266
3253,512,17542,34.261719
3254,512,16625,32.470703
3255,512,18000,35.156250
3256,512,18209,35.564453
3257,512,17500,34.179688
3258,512,18084,35.320312
3259,512,17416,34.015625
3260,512,17250,33.691406
3261,512,17167,33.529297
3262,512,17250,33.691406
3263,512,17250,33.691406
3264,512,17375,33.935547
3265,512,17125,33.447266
3266,512,17583,34.341797
3267,512,17750,34.667969
3268,512,17292,33.773438
3269,512,17500,34.179688
3270,512,17666,34.503906
3271,512,17917,34.994141
3272,512,16917,33.041016
3273,512,17666,34.503906
3274,512,17500,34.179688
3275,512,17042,33.285156
3276,512,17583,34.341797
3277,512,16875,32.958984
3278,512,17125,33.447266
3279,512,17416,34.015625
3280,512,16875,32.958984
3281,512,16875,32.958984
3282,512,16917,33.041016
3283,512,17000,33.203125
3284,512,17500,34.179688
3285,512,16875,32.958984
3286,512,17084,33.367188
3287,512,17708,34.585938
3288,512,17500,34.179688
3289,512,16958,33.121094
3290,512,17209,33.611328
3291,512,17541,34.259766
3292,512,17500,34.179688
3293,512,16584,32.390625
3294,512,17625,34.423828
3295,512,18667,36.458984
3296,512,17583,34.341797
3297,512,17250,33.691406
3298,512,17334,33.855469
3299,512,17209,33.611328
3300,512,16875,32.958984
3301,512,17458,34.097656
3302,512,17125,33.447266
3303,512,17125,33.447266
3304,512,17083,33.365234
3305,512,16917,33.041016
3306,512,16791,32.794922
3307,512,16833,32.876953
3308,512,17209,33.611328
3309,512,16958,33.121094
3310,512,17041,33.283203
3311,512,17459,34.099609
3312,512,17167,33.529297
3313,512,16667,32.552734
3314,512,17500,34.179688
3315,512,17000,33.203125
3316,512,17084,33.367188
3317,512,17583,34.341797
3318,512,17000,33.203125
3319,512,17417,34.017578
3320,512,16916,33.039062
3321,512,16750,32.714844
3322,512,17291,33.771484
3323,512,17292,33.773438
3324,512,16250,31.738281
3325,512,16375,31.982422
3326,512,17667,34.505859
3327,512,17208,33.609375
3328,512,16583,32.388672
3329,512,17083,33.365234
3330,512,39250,76.660156
3331,512,22959,44.841797
3332,512,22791,44.513672
3333,512,18667,36.458984
3334,512,18125,35.400391
3335,512,17584,34.343750
3336,512,17375,33.935547
3337,512,17208,33.609375
3338,512,18000,35.156250
3339,512,18209,35.564453
3340,512,17458,34.097656
3341,512,17042,33.285156
3342,512,17875,34.912109
3343,512,17708,34.585938
3344,512,17250,33.691406
3345,512,18083,35.318359
3346,512,17709,34.587891
3347,512,17375,33.935547
3348,512,17416,34.015625
3349,512,17459,34.099609
3350,512,17959,35.076172
3351,512,18291,35.724609
3352,512,17917,34.994141
3353,512,18416,35.968750
3354,512,18042,35.238281
3355,512,17542,34.261719
3356,512,17708,34.585938
3357,512,17459,34.099609
3358,512,18041,35.236328
3359,512,17792,34.750000
3360,512,17833,34.830078
3361,512,18042,35.238281
3362,512,18125,35.400391
3363,512,17500,34.179688
3364,512,31959,62.419922
3365,512,19542,38.167969
3366,512,19000,37.109375
3367,512,18958,37.027344
3368,512,18250,35.644531
3369,512,18625,36.376953
3370,512,18917,36.947266
3371,512,17958,35.074219
3372,512,18375,35.888672
3373,512,17750,34.667969
3374,512,18167,35.482422
3375,512,18666,36.457031
3376,512,17834,34.832031
3377,512,18000,35.156250
3378,512,18084,35.320312
3379,512,17875,34.912109
3380,512,18167,35.482422
3381,512,18250,35.644531
3382,512,18167,35.482422
3383,512,17875,34.912109
3384,512,18000,35.156250
3385,512,18459,36.052734
3386,512,18125,35.400391
3387,512,18250,35.644531
3388,512,17833,34.830078
3389,512,18458,36.050781
3390,512,18625,36.376953
3391,512,18083,35.318359
3392,512,18167,35.482422
3393,512,18334,35.808594
3394,512,69666,136.066406
3395,512,38958,76.089844
3396,512,17208,33.609375
3397,512,17250,33.691406
3398,512,17500,34.179688
3399,512,16834,32.878906
3400,512,17417,34.017578
3401,512,17958,35.074219
3402,512,17250,33.691406
3403,512,17208,33.609375
3404,512,17167,33.529297
3405,512,17083,33.365234
3406,512,17417,34.017578
3407,512,17500,34.179688
3408,512,17083,33.365234
3409,512,17500,34.179688
3410,512,17375,33.935547
3411,512,17542,34.261719
3412,512,17666,34.503906
3413,512,16667,32.552734
3414,512,17583,34.341797
3415,512,17292,33.773438
3416,512,17000,33.203125
3417,512,17209,33.611328
3418,512,17041,33.283203
3419,512,16542,32.308594
3420,512,17375,33.935547
3421,512,17916,34.992188
3422,512,17667,34.505859
3423,512,16917,33.041016
3424,512,17500,34.179688
3425,512,17166,33.527344
3426,512,17250,33.691406
3427,512,17667,34.505859
3428,512,17458,34.097656
3429,512,17375,33.935547
3430,512,18083,35.318359
3431,512,17542,34.261719
3432,512,16583,32.388672
3433,512,17125,33.447266
3434,512,16667,32.552734
3435,512,16458,32.144531
3436,512,17125,33.447266
3437,512,17416,34.015625
3438,512,16917,33.041016
3439,512,17208,33.609375
3440,512,17000,33.203125
3441,512,17416,34.015625
3442,512,17167,33.529297
3443,512,16708,32.632812
3444,512,17625,34.423828
3445,512,17292,33.773438
3446,512,17208,33.609375
3447,512,17000,33.203125
3448,512,17792,34.750000
3449,512,17416,34.015625
3450,512,17208,33.609375
3451,512,17834,34.832031
3452,512,16917,33.041016
3453,512,17125,33.447266
3454,512,17458,34.097656
3455,512,17167,33.529297
3456,512,17042,33.285156
3457,512,17000,33.203125
3458,512,17458,34.097656
3459,512,16750,32.714844
3460,512,16625,32.470703
3461,512,16959,33.123047
3462,512,17041,33.283203
3463,512,16500,32.226562
3464,512,17875,34.912109
3465,512,17042,33.285156
3466,512,17458,34.097656
3467,512,16959,33.123047
3468,512,16750,32.714844
3469,512,17084,33.367188
3470,512,17666,34.503906
3471,512,17584,34.343750
3472,512,17166,33.527344
3473,512,17958,35.074219
3474,512,17458,34.097656
3475,512,17250,33.691406
3476,512,17458,34.097656
3477,512,16709,32.634766
3478,512,17208,33.609375
3479,512,17417,34.017578
3480,512,17541,34.259766
3481,512,17084,33.367188
3482,512,17000,33.203125
3483,512,17291,33.771484
3484,512,17042,33.285156
3485,512,17167,33.529297
3486,512,18625,36.376953
3487,512,17417,34.017578
3488,512,16875,32.958984
3489,512,16708,32.632812
3490,512,17250,33.691406
3491,512,17250,33.691406
3492,512,17250,33.691406
3493,512,17583,34.341797
3494,512,17000,33.203125
3495,512,16792,32.796875
3496,512,17375,33.935547
3497,512,17334,33.855469
3498,512,17583,34.341797
3499,512,17333,33.853516
3500,512,16959,33.123047
3501,512,17375,33.935547
3502,512,16750,32.714844
3503,512,17416,34.015625
3504,512,17250,33.691406
3505,512,17458,34.097656
3506,512,17834,34.832031
3507,512,17333,33.853516
3508,512,16916,33.039062
3509,512,16917,33.041016
3510,512,17292,33.773438
3511,512,17291,33.771484
3512,512,17459,34.099609
3513,512,16792,32.796875
3514,512,17583,34.341797
3515,512,16750,32.714844
3516,512,16750,32.714844
3517,512,17500,34.179688
3518,512,16750,32.714844
3519,512,17375,33.935547
3520,512,16917,33.041016
3521,512,17208,33.609375
3522,512,17500,34.179688
3523,512,17250,33.691406
3524,512,17083,33.365234
3525,512,17375,33.935547
3526,512,17792,34.750000
3527,512,17709,34.587891
3528,512,17084,33.367188
3529,512,17875,34.912109
3530,512,17666,34.503906
3531,512,17125,33.447266
3532,512,16750,32.714844
3533,512,16750,32.714844
3534,512,17333,33.853516
3535,512,17917,34.994141
3536,512,17042,33.285156
3537,512,17042,33.285156
3538,512,18125,35.400391
3539,512,17292,33.773438
3540,512,17375,33.935547
3541,512,17250,33.691406
3542,512,17334,33.855469
3543,512,16250,31.738281
3544,512,17209,33.611328
3545,512,17584,34.343750
3546,512,17416,34.015625
3547,512,17125,33.447266
3548,512,17000,33.203125
3549,512,17500,34.179688
3550,512,18084,35.320312
3551,512,18000,35.156250
3552,512,17500,34.179688
3553,512,16750,32.714844
3554,512,17208,33.609375
3555,512,17209,33.611328
3556,512,17250,33.691406
3557,512,17542,34.261719
3558,512,18250,35.644531
3559,512,20041,39.142578
3560,512,18959,37.029297
3561,512,17833,34.830078
3562,512,17917,34.994141
3563,512,18042,35.238281
3564,512,21208,41.421875
3565,512,18292,35.726562
3566,512,17875,34.912109
3567,512,17542,34.261719
3568,512,17916,34.992188
3569,512,17667,34.505859
3570,512,18417,35.970703
3571,512,17583,34.341797
3572,512,17458,34.097656
3573,512,16667,32.552734
3574,512,17125,33.447266
3575,512,17208,33.609375
3576,512,17459,34.099609
3577,512,17000,33.203125
3578,512,16834,32.878906
3579,512,17125,33.447266
3580,512,17459,34.099609
3581,512,16916,33.039062
3582,512,16625,32.470703
3583,512,17292,33.773438
3584,512,16625,32.470703
3585,512,17166,33.527344
3586,512,16583,32.388672
3587,512,17250,33.691406
3588,512,16958,33.121094
3589,512,17083,33.365234
3590,512,17458,34.097656
3591,512,17292,33.773438
3592,512,17250,33.691406
3593,512,16875,32.958984
3594,512,17666,34.503906
3595,512,17250,33.691406
3596,512,17208,33.609375
3597,512,17292,33.773438
3598,512,17416,34.015625
3599,512,17625,34.423828
3600,512,17125,33.447266
3601,512,17458,34.097656
3602,512,16958,33.121094
3603,512,17584,34.343750
3604,512,16709,32.634766
3605,512,16333,31.900391
3606,512,16500,32.226562
3607,512,16667,32.552734
3608,512,17084,33.367188
3609,512,17416,34.015625
3610,512,17542,34.261719
3611,512,16875,32.958984
3612,512,17167,33.529297
3613,512,17209,33.611328
3614,512,16750,32.714844
3615,512,17167,33.529297
3616,512,16875,32.958984
3617,512,17458,34.097656
3618,512,17250,33.691406
3619,512,17542,34.261719
3620,512,17500,34.179688
3621,512,17125,33.447266
3622,512,17709,34.587891
3623,512,17250,33.691406
3624,512,17084,33.367188
3625,512,17333,33.853516
3626,512,17125,33.447266
3627,512,17750,34.667969
3628,512,17875,34.912109
3629,512,17417,34.017578
3630,512,16792,32.796875
3631,512,18042,35.238281
3632,512,16791,32.794922
3633,512,17417,34.017578
3634,512,17333,33.853516
3635,512,17583,34.341797
3636,512,17375,33.935547
3637,512,17000,33.203125
3638,512,16458,32.144531
3639,512,16709,32.634766
3640,512,16708,32.632812
3641,512,16958,33.121094
3642,512,17083,33.365234
3643,512,16750,32.714844
3644,512,16833,32.876953
3645,512,17250,33.691406
3646,512,16459,32.146484
3647,512,16500,32.226562
3648,512,17125,33.447266
3649,512,17167,33.529297
3650,512,16708,32.632812
3651,512,16917,33.041016
3652,512,16916,33.039062
3653,512,17292,33.773438
3654,512,16708,32.632812
3655,512,17042,33.285156
3656,512,17000,33.203125
3657,512,17292,33.773438
3658,512,17417,34.017578
3659,512,17125,33.447266
3660,512,16708,32.632812
3661,512,17459,34.099609
3662,512,17791,34.748047
3663,512,17084,33.367188
3664,512,16791,32.794922
3665,512,17167,33.529297
3666,512,16791,32.794922
3667,512,16708,32.632812
3668,512,16792,32.796875
3669,512,16875,32.958984
3670,512,16459,32.146484
3671,512,17000,33.203125
3672,512,17791,34.748047
3673,512,17084,33.367188
3674,512,16458,32.144531
3675,512,17125,33.447266
3676,512,17042,33.285156
3677,512,17333,33.853516
3678,512,16959,33.123047
3679,512,16959,33.123047
3680,512,17083,33.365234
3681,512,21333,41.666016
3682,512,18083,35.318359
3683,512,17125,33.447266
3684,512,18000,35.156250
3685,512,17833,34.830078
3686,512,17167,33.529297
3687,512,17292,33.773438
3688,512,17625,34.423828
3689,512,17333,33.853516
3690,512,17875,34.912109
3691,512,16875,32.958984
3692,512,16709,32.634766
3693,512,17750,34.667969
3694,512,17500,34.179688
3695,512,17583,34.341797
3696,512,17500,34.179688
3697,512,17500,34.179688
3698,512,17250,33.691406
3699,512,17125,33.447266
3700,512,17000,33.203125
3701,512,17542,34.261719
3702,512,17375,33.935547
3703,512,17292,33.773438
3704,512,17583,34.341797
3705,512,17000,33.203125
3706,512,17500,34.179688
3707,512,17250,33.691406
3708,512,17209,33.611328
3709,512,16833,32.876953
3710,512,16833,32.876953
3711,512,17959,35.076172
3712,512,17875,34.912109
3713,512,16834,32.878906
3714,512,16958,33.121094
3715,512,17541,34.259766
3716,512,18209,35.564453
3717,512,17166,33.527344
3718,512,17959,35.076172
3719,512,17958,35.074219
3720,512,17417,34.017578
3721,512,17000,33.203125
3722,512,17750,34.667969
3723,512,16417,32.064453
3724,512,16458,32.144531
3725,512,18458,36.050781
3726,512,17833,34.830078
3727,512,17625,34.423828
3728,512,16959,33.123047
3729,512,17541,34.259766
3730,512,17959,35.076172
3731,512,18042,35.238281
3732,512,17542,34.261719
3733,512,17250,33.691406
3734,512,18125,35.400391
3735,512,17666,34.503906
3736,512,16750,32.714844
3737,512,17083,33.365234
3738,512,17125,33.447266
3739,512,16833,32.876953
3740,512,17500,34.179688
3741,512,17333,33.853516
3742,512,17583,34.341797
3743,512,17125,33.447266
3744,512,17459,34.099609
3745,512,17791,34.748047
3746,512,17083,33.365234
3747,512,16833,32.876953
3748,512,17209,33.611328
3749,512,16583,32.388672
3750,512,17541,34.259766
3751,512,16584,32.390625
3752,512,17125,33.447266
3753,512,17166,33.527344
3754,512,16750,32.714844
3755,512,16750,32.714844
3756,512,16750,32.714844
3757,512,16792,32.796875
3758,512,17250,33.691406
3759,512,16500,32.226562
3760,512,17250,33.691406
3761,512,17625,34.423828
3762,512,17750,34.667969
3763,512,17291,33.771484
3764,512,16875,32.958984
3765,512,17458,34.097656
3766,512,16458,32.144531
3767,512,16917,33.041016
3768,512,16416,32.062500
3769,512,16875,32.958984
3770,512,17125,33.447266
3771,512,16917,33.041016
3772,512,17416,34.015625
3773,512,16500,32.226562
3774,512,17833,34.830078
3775,512,17167,33.529297
3776,512,17541,34.259766
3777,512,18000,35.156250
3778,512,17084,33.367188
3779,512,17834,34.832031
3780,512,16792,32.796875
3781,512,17583,34.341797
3782,512,17625,34.423828
3783,512,17375,33.935547
3784,512,17000,33.203125
3785,512,16916,33.039062
3786,512,17084,33.367188
3787,512,17042,33.285156
3788,512,17000,33.203125
3789,512,17708,34.585938
3790,512,17500,34.179688
3791,512,18000,35.156250
3792,512,17542,34.261719
3793,512,17209,33.611328
3794,512,17250,33.691406
3795,512,17333,33.853516
3796,512,16958,33.121094
3797,512,16958,33.121094
3798,512,17458,34.097656
3799,512,17125,33.447266
3800,512,17000,33.203125
3801,512,17292,33.773438
3802,512,17083,33.365234
3803,512,17375,33.935547
3804,512,16750,32.714844
3805,512,17209,33.611328
3806,512,16958,33.121094
3807,512,17666,34.503906
3808,512,16917,33.041016
3809,512,16750,32.714844
3810,512,17625,34.423828
3811,512,17125,33.447266
3812,512,16875,32.958984
3813,512,16833,32.876953
3814,512,17042,33.285156
3815,512,16542,32.308594
3816,512,16792,32.796875
3817,512,17041,33.283203
3818,512,17167,33.529297
3819,512,17000,33.203125
3820,512,17292,33.773438
3821,512,16917,33.041016
3822,512,17375,33.935547
3823,512,17083,33.365234
3824,512,17333,33.853516
3825,512,17209,33.611328
3826,512,17083,33.365234
3827,512,17458,34.097656
3828,512,17667,34.505859
3829,512,17208,33.609375
3830,512,16833,32.876953
3831,512,17083,33.365234
3832,512,17792,34.750000
3833,512,17417,34.017578
3834,512,17958,35.074219
3835,512,17708,34.585938
3836,512,17292,33.773438
3837,512,16833,32.876953
3838,512,17208,33.609375
3839,512,17417,34.017578
3840,512,17375,33.935547
3841,512,16958,33.121094
3842,512,17583,34.341797
3843,512,17375,33.935547
3844,512,17250,33.691406
3845,512,17709,34.587891
3846,512,17625,34.423828
3847,512,17667,34.505859
3848,512,16500,32.226562
3849,512,16167,31.576172
3850,512,17125,33.447266
3851,512,17416,34.015625
3852,512,17375,33.935547
3853,512,16542,32.308594
3854,512,17334,33.855469
3855,512,17250,33.691406
3856,512,17250,33.691406
3857,512,16958,33.121094
3858,512,17250,33.691406
3859,512,17000,33.203125
3860,512,17167,33.529297
3861,512,17459,34.099609
3862,512,17791,34.748047
3863,512,17417,34.017578
3864,512,17833,34.830078
3865,512,17583,34.341797
3866,512,18083,35.318359
3867,512,17458,34.097656
3868,512,17917,34.994141
3869,512,17000,33.203125
3870,512,16959,33.123047
3871,512,17625,34.423828
3872,512,17416,34.015625
3873,512,16875,32.958984
3874,512,17250,33.691406
3875,512,16292,31.820312
3876,512,17458,34.097656
3877,512,17417,34.017578
3878,512,17125,33.447266
3879,512,17334,33.855469
3880,512,16834,32.878906
3881,512,17708,34.585938
3882,512,17583,34.341797
3883,512,18000,35.156250
3884,512,17291,33.771484
3885,512,17167,33.529297
3886,512,17333,33.853516
3887,512,16916,33.039062
3888,512,17084,33.367188
3889,512,17334,33.855469
3890,512,17625,34.423828
3891,512,17042,33.285156
3892,512,17166,33.527344
3893,512,16792,32.796875
3894,512,17750,34.667969
3895,512,17250,33.691406
3896,512,16750,32.714844
3897,512,16583,32.388672
3898,512,17167,33.529297
3899,512,17333,33.853516
3900,512,17041,33.283203
3901,512,42000,82.031250
3902,512,18417,35.970703
3903,512,18333,35.806641
3904,512,17250,33.691406
3905,512,18125,35.400391
3906,512,17583,34.341797
3907,512,18458,36.050781
3908,512,18042,35.238281
3909,512,17750,34.667969
3910,512,18333,35.806641
3911,512,17958,35.074219
3912,512,18250,35.644531
3913,512,18541,36.212891
3914,512,17750,34.667969
3915,512,17959,35.076172
3916,512,17666,34.503906
3917,512,17917,34.994141
3918,512,18583,36.294922
3919,512,17750,34.667969
3920,512,17542,34.261719
3921,512,18333,35.806641
3922,512,17583,34.341797
3923,512,17917,34.994141
3924,512,17208,33.609375
3925,512,17292,33.773438
3926,512,17250,33.691406
3927,512,17792,34.750000
3928,512,17958,35.074219
3929,512,18333,35.806641
3930,512,17625,34.423828
3931,512,17292,33.773438
3932,512,17458,34.097656
3933,512,18208,35.562500
3934,512,17958,35.074219
3935,512,17125,33.447266
3936,512,18292,35.726562
3937,512,17125,33.447266
3938,512,18083,35.318359
3939,512,16583,32.388672
3940,512,17458,34.097656
3941,512,17417,34.017578
3942,512,17125,33.447266
3943,512,17167,33.529297
3944,512,18125,35.400391
3945,512,17583,34.341797
3946,512,17416,34.015625
3947,512,17542,34.261719
3948,512,17250,33.691406
3949,512,17041,33.283203
3950,512,17834,34.832031
3951,512,18500,36.132812
3952,512,17709,34.587891
3953,512,18208,35.562500
3954,512,18083,35.318359
3955,512,17417,34.017578
3956,512,17750,34.667969
3957,512,17583,34.341797
3958,512,17417,34.017578
3959,512,17542,34.261719
3960,512,17875,34.912109
3961,512,17708,34.585938
3962,512,18042,35.238281
3963,512,17458,34.097656
3964,512,17584,34.343750
3965,512,17167,33.529297
3966,512,17833,34.830078
3967,512,17416,34.015625
3968,512,17334,33.855469
3969,512,16958,33.121094
3970,512,17250,33.691406
3971,512,18333,35.806641
3972,512,18625,36.376953
3973,512,17750,34.667969
3974,512,17709,34.587891
3975,512,17833,34.830078
3976,512,18333,35.806641
3977,512,17583,34.341797
3978,512,17250,33.691406
3979,512,17541,34.259766
3980,512,17334,33.855469
3981,512,22750,44.433594
3982,512,17125,33.447266
3983,512,21167,41.341797
3984,512,17625,34.423828
3985,512,18375,35.888672
3986,512,17875,34.912109
3987,512,18500,36.132812
3988,512,22292,43.539062
3989,512,19333,37.759766
3990,512,19625,38.330078
3991,512,18708,36.539062
3992,512,18833,36.783203
3993,512,23708,46.304688
3994,512,19209,37.517578
3995,512,18916,36.945312
3996,512,18584,36.296875
3997,512,18625,36.376953
3998,512,18125,35.400391
3999,512,18167,35.482422
4000,512,18583,36.294922
4001,512,18792,36.703125
4002,512,18000,35.156250
4003,512,18250,35.644531
4004,512,21042,41.097656
4005,512,17583,34.341797
4006,512,19500,38.085938
4007,512,18417,35.970703
4008,512,20542,40.121094
4009,512,18208,35.562500
4010,512,18458,36.050781
4011,512,18667,36.458984
4012,512,18709,36.541016
4013,512,18166,35.480469
4014,512,18917,36.947266
4015,512,19000,37.109375
4016,512,22875,44.677734
4017,512,18542,36.214844
4018,512,18708,36.539062
4019,512,18167,35.482422
4020,512,18500,36.132812
4021,512,18958,37.027344
4022,512,18125,35.400391
4023,512,18166,35.480469
4024,512,20542,40.121094
4025,512,18334,35.808594
4026,512,18333,35.806641
4027,512,18416,35.968750
4028,512,18542,36.214844
4029,512,18291,35.724609
4030,512,19084,37.273438
4031,512,17750,34.667969
4032,512,17208,33.609375
4033,512,17500,34.179688
4034,512,18000,35.156250
4035,512,18166,35.480469
4036,512,17917,34.994141
4037,512,17750,34.667969
4038,512,17375,33.935547
4039,512,17333,33.853516
4040,512,18208,35.562500
4041,512,17833,34.830078
4042,512,18042,35.238281
4043,512,17958,35.074219
4044,512,18042,35.238281
4045,512,17459,34.099609
4046,512,17708,34.585938
4047,512,17875,34.912109
4048,512,18583,36.294922
4049,512,17542,34.261719
4050,512,17666,34.503906
4051,512,17875,34.912109
4052,512,17375,33.935547
4053,512,17250,33.691406
4054,512,17959,35.076172
4055,512,17750,34.667969
4056,512,18000,35.156250
4057,512,18500,36.132812
4058,512,17958,35.074219
4059,512,18500,36.132812
4060,512,18750,36.621094
4061,512,18667,36.458984
4062,512,18583,36.294922
4063,512,18167,35.482422
4064,512,18417,35.970703
4065,512,18542,36.214844
4066,512,17916,34.992188
4067,512,17625,34.423828
4068,512,17833,34.830078
4069,512,18083,35.318359
4070,512,17709,34.587891
4071,512,17500,34.179688
4072,512,17458,34.097656
4073,512,18167,35.482422
4074,512,18166,35.480469
4075,512,17875,34.912109
4076,512,17667,34.505859
4077,512,17542,34.261719
4078,512,17041,33.283203
4079,512,17959,35.076172
4080,512,17875,34.912109
4081,512,18125,35.400391
4082,512,17917,34.994141
4083,512,17500,34.179688
4084,512,17417,34.017578
4085,512,16958,33.121094
4086,512,17125,33.447266
4087,512,17750,34.667969
4088,512,17875,34.912109
4089,512,17583,34.341797
4090,512,16708,32.632812
4091,512,17167,33.529297
4092,512,17500,34.179688
4093,512,17542,34.261719
4094,512,16750,32.714844
4095,512,17625,34.423828
4096,512,17084,33.367188
4097,512,18166,35.480469
4098,512,17209,33.611328
4099,512,18083,35.318359
4100,512,17750,34.667969
4101,512,17625,34.423828
4102,512,17750,34.667969
4103,512,17292,33.773438
4104,512,17708,34.585938
4105,512,17416,34.015625
4106,512,17333,33.853516
4107,512,16834,32.878906
4108,512,17500,34.179688
4109,512,17917,34.994141
4110,512,17584,34.343750
4111,512,17250,33.691406
4112,512,18166,35.480469
4113,512,17292,33.773438
4114,512,17875,34.912109
4115,512,17291,33.771484
4116,512,17208,33.609375
4117,512,18250,35.644531
4118,512,17667,34.505859
4119,512,17209,33.611328
4120,512,17042,33.285156
4121,512,17750,34.667969
4122,512,18083,35.318359
4123,512,17833,34.830078
4124,512,17041,33.283203
4125,512,17375,33.935547
4126,512,17708,34.585938
4127,512,17625,34.423828
4128,512,17834,34.832031
4129,512,17417,34.017578
4130,512,16875,32.958984
4131,512,17958,35.074219
4132,512,18541,36.212891
4133,512,20125,39.306641
4134,512,17833,34.830078
4135,512,19833,38.736328
4136,512,17417,34.017578
4137,512,18250,35.644531
4138,512,18166,35.480469
4139,512,18292,35.726562
4140,512,18333,35.806641
4141,512,18208,35.562500
4142,512,18334,35.808594
4143,512,17709,34.587891
4144,512,17666,34.503906
4145,512,17417,34.017578
4146,512,18000,35.156250
4147,512,17375,33.935547
4148,512,18000,35.156250
4149,512,17958,35.074219
4150,512,18125,35.400391
4151,512,17583,34.341797
4152,512,17625,34.423828
4153,512,17167,33.529297
4154,512,17958,35.074219
4155,512,18125,35.400391
4156,512,16791,32.794922
4157,512,18584,36.296875
4158,512,17834,34.832031
4159,512,17958,35.074219
4160,512,18083,35.318359
4161,512,17250,33.691406
4162,512,17875,34.912109
4163,512,17792,34.750000
4164,512,16667,32.552734
4165,512,17625,34.423828
4166,512,17792,34.750000
4167,512,17417,34.017578
4168,512,18000,35.156250
4169,512,18000,35.156250
4170,512,18208,35.562500
4171,512,17333,33.853516
4172,512,16917,33.041016
4173,512,17375,33.935547
4174,512,17750,34.667969
4175,512,16667,32.552734
4176,512,18250,35.644531
4177,512,17959,35.076172
4178,512,18208,35.562500
4179,512,16958,33.121094
4180,512,17791,34.748047
4181,512,17500,34.179688
4182,512,18167,35.482422
4183,512,17416,34.015625
4184,512,17209,33.611328
4185,512,17625,34.423828
4186,512,17917,34.994141
4187,512,17583,34.341797
4188,512,17875,34.912109
4189,512,17125,33.447266
4190,512,17667,34.505859
4191,512,17625,34.423828
4192,512,17000,33.203125
4193,512,17584,34.343750
4194,512,17541,34.259766
4195,512,17125,33.447266
4196,512,17459,34.099609
4197,512,17666,34.503906
4198,512,17875,34.912109
4199,512,18041,35.236328
4200,512,17584,34.343750
4201,512,17875,34.912109
4202,512,18084,35.320312
4203,512,17958,35.074219
4204,512,17500,34.179688
4205,512,17250,33.691406
4206,512,17542,34.261719
4207,512,17750,34.667969
4208,512,17792,34.750000
4209,512,18250,35.644531
4210,512,18375,35.888672
4211,512,17917,34.994141
4212,512,17708,34.585938
4213,512,17708,34.585938
4214,512,17667,34.505859
4215,512,18167,35.482422
4216,512,18042,35.238281
4217,512,17667,34.505859
4218,512,17333,33.853516
4219,512,20333,39.712891
4220,512,19166,37.433594
4221,512,17500,34.179688
4222,512,18084,35.320312
4223,512,18041,35.236328
4224,512,18292,35.726562
4225,512,18667,36.458984
4226,512,18625,36.376953
4227,512,18542,36.214844
4228,512,18458,36.050781
4229,512,17875,34.912109
4230,512,17417,34.017578
4231,512,18250,35.644531
4232,512,17792,34.750000
4233,512,17833,34.830078
4234,512,18291,35.724609
4235,512,17875,34.912109
4236,512,18125,35.400391
4237,512,18250,35.644531
4238,512,17875,34.912109
4239,512,18250,35.644531
4240,512,17791,34.748047
4241,512,17834,34.832031
4242,512,18250,35.644531
4243,512,17500,34.179688
4244,512,18292,35.726562
4245,512,17500,34.179688
4246,512,17792,34.750000
4247,512,17958,35.074219
4248,512,18125,35.400391
4249,512,17542,34.261719
4250,512,17958,35.074219
4251,512,18625,36.376953
4252,512,18208,35.562500
4253,512,17292,33.773438
4254,512,17375,33.935547
4255,512,17042,33.285156
4256,512,18041,35.236328
4257,512,17875,34.912109
4258,512,21500,41.992188
4259,512,17875,34.912109
4260,512,18458,36.050781
4261,512,17959,35.076172
4262,512,18666,36.457031
4263,512,17500,34.179688
4264,512,17917,34.994141
4265,512,17666,34.503906
4266,512,17167,33.529297
4267,512,17875,34.912109
4268,512,17708,34.585938
4269,512,17375,33.935547
4270,512,18083,35.318359
4271,512,16875,32.958984
4272,512,17416,34.015625
4273,512,17750,34.667969
4274,512,17583,34.341797
4275,512,17583,34.341797
4276,512,17250,33.691406
4277,512,17000,33.203125
4278,512,17375,33.935547
4279,512,17167,33.529297
4280,512,18334,35.808594
4281,512,17334,33.855469
4282,512,17833,34.830078
4283,512,17708,34.585938
4284,512,18167,35.482422
4285,512,17292,33.773438
4286,512,17500,34.179688
4287,512,18458,36.050781
4288,512,17917,34.994141
4289,512,17667,34.505859
4290,512,17333,33.853516
4291,512,17834,34.832031
4292,512,17208,33.609375
4293,512,17833,34.830078
4294,512,17875,34.912109
4295,512,16875,32.958984
4296,512,17500,34.179688
4297,512,18333,35.806641
4298,512,17708,34.585938
4299,512,17625,34.423828
4300,512,17291,33.771484
4301,512,17209,33.611328
4302,512,17958,35.074219
4303,512,17583,34.341797
4304,512,17375,33.935547
4305,512,18125,35.400391
4306,512,17291,33.771484
4307,512,17334,33.855469
4308,512,18000,35.156250
4309,512,17584,34.343750
4310,512,17167,33.529297
4311,512,17667,34.505859
4312,512,21041,41.095703
4313,512,18542,36.214844
4314,512,17750,34.667969
4315,512,18417,35.970703
4316,512,17958,35.074219
4317,512,18458,36.050781
4318,512,18458,36.050781
4319,512,18292,35.726562
4320,512,17625,34.423828
4321,512,17833,34.830078
4322,512,18250,35.644531
4323,512,17583,34.341797
4324,512,18084,35.320312
4325,512,17709,34.587891
4326,512,17625,34.423828
4327,512,17375,33.935547
4328,512,18750,36.621094
4329,512,19875,38.818359
4330,512,17834,34.832031
4331,512,17000,33.203125
4332,512,17250,33.691406
4333,512,17958,35.074219
4334,512,17833,34.830078
4335,512,17834,34.832031
4336,512,17542,34.261719
4337,512,17458,34.097656
4338,512,17292,33.773438
4339,512,19250,37.597656
4340,512,19750,38.574219
4341,512,17958,35.074219
4342,512,17833,34.830078
4343,512,17708,34.585938
4344,512,18208,35.562500
4345,512,17875,34.912109
4346,512,18042,35.238281
4347,512,17917,34.994141
4348,512,17709,34.587891
4349,512,19208,37.515625
4350,512,19250,37.597656
4351,512,19458,38.003906
4352,512,18500,36.132812
4353,512,19542,38.167969
4354,512,19083,37.271484
4355,512,21292,41.585938
4356,512,23042,45.003906
4357,512,19250,37.597656
4358,512,19666,38.410156
4359,512,17875,34.912109
4360,512,18417,35.970703
4361,512,19167,37.435547
4362,512,18166,35.480469
4363,512,19208,37.515625
4364,512,19417,37.923828
4365,512,22958,44.839844
4366,512,18375,35.888672
4367,512,19542,38.167969
4368,512,18959,37.029297
4369,512,18416,35.968750
4370,512,19292,37.679688
4371,512,18750,36.621094
4372,512,18875,36.865234
4373,512,20875,40.771484
4374,512,23542,45.980469
4375,512,21583,42.154297
4376,512,19792,38.656250
4377,512,20167,39.388672
4378,512,20209,39.470703
4379,512,19750,38.574219
4380,512,18709,36.541016
4381,512,20166,39.386719
4382,512,19958,38.980469
4383,512,19292,37.679688
4384,512,18666,36.457031
4385,512,19042,37.191406
4386,512,21959,42.888672
4387,512,18583,36.294922
4388,512,18917,36.947266
4389,512,18500,36.132812
4390,512,17833,34.830078
4391,512,17708,34.585938
4392,512,17834,34.832031
4393,512,17750,34.667969
4394,512,18333,35.806641
4395,512,17958,35.074219
4396,512,18459,36.052734
4397,512,18083,35.318359
4398,512,17416,34.015625
4399,512,17417,34.017578
4400,512,17833,34.830078
4401,512,18125,35.400391
4402,512,17625,34.423828
4403,512,18166,35.480469
4404,512,17792,34.750000
4405,512,18791,36.701172
4406,512,17708,34.585938
4407,512,17667,34.505859
4408,512,18000,35.156250
4409,512,17375,33.935547
4410,512,18125,35.400391
4411,512,18000,35.156250
4412,512,18042,35.238281
4413,512,18334,35.808594
4414,512,17458,34.097656
4415,512,17875,34.912109
4416,512,18125,35.400391
4417,512,18292,35.726562
4418,512,17791,34.748047
4419,512,18584,36.296875
4420,512,18417,35.970703
4421,512,17833,34.830078
4422,512,18083,35.318359
4423,512,18083,35.318359
4424,512,18208,35.562500
4425,512,17708,34.585938
4426,512,18209,35.564453
4427,512,17458,34.097656
4428,512,18125,35.400391
4429,512,17667,34.505859
4430,512,18125,35.400391
4431,512,18000,35.156250
4432,512,17334,33.855469
4433,512,17417,34.017578
4434,512,17417,34.017578
4435,512,17750,34.667969
4436,512,17458,34.097656
4437,512,18000,35.156250
4438,512,18250,35.644531
4439,512,18250,35.644531
4440,512,18667,36.458984
4441,512,16917,33.041016
4442,512,17458,34.097656
4443,512,17625,34.423828
4444,512,17291,33.771484
4445,512,17375,33.935547
4446,512,17583,34.341797
4447,512,17959,35.076172
4448,512,16584,32.390625
4449,512,17250,33.691406
4450,512,17709,34.587891
4451,512,17709,34.587891
4452,512,18209,35.564453
4453,512,37875,73.974609
4454,512,17833,34.830078
4455,512,17167,33.529297
4456,512,16167,31.576172
4457,512,16625,32.470703
4458,512,17083,33.365234
4459,512,16625,32.470703
4460,512,15666,30.597656
4461,512,15708,30.679688
4462,512,16458,32.144531
4463,512,15459,30.193359
4464,512,16250,31.738281
4465,512,17041,33.283203
4466,512,17042,33.285156
4467,512,16167,31.576172
4468,512,16458,32.144531
4469,512,15792,30.843750
4470,512,16208,31.656250
4471,512,16000,31.250000
4472,512,16833,32.876953
4473,512,15500,30.273438
4474,512,16625,32.470703
4475,512,16291,31.818359
4476,512,16750,32.714844
4477,512,16250,31.738281
4478,512,16667,32.552734
4479,512,16625,32.470703
4480,512,16625,32.470703
4481,512,20250,39.550781
4482,512,22209,43.376953
4483,512,21000,41.015625
4484,512,17959,35.076172
4485,512,17791,34.748047
4486,512,18708,36.539062
4487,512,18667,36.458984
4488,512,19000,37.109375
4489,512,19792,38.656250
4490,512,19875,38.818359
4491,512,19375,37.841797
4492,512,19541,38.166016
4493,512,19167,37.435547
4494,512,17417,34.017578
4495,512,17291,33.771484
4496,512,17042,33.285156
4497,512,17209,33.611328
4498,512,17291,33.771484
4499,512,17167,33.529297
4500,512,18417,35.970703
4501,512,18458,36.050781
4502,512,17542,34.261719
4503,512,17834,34.832031
4504,512,18000,35.156250
4505,512,17417,34.017578
4506,512,17541,34.259766
4507,512,17542,34.261719
4508,512,17458,34.097656
4509,512,16125,31.494141
4510,512,17458,34.097656
4511,512,17125,33.447266
4512,512,17000,33.203125
4513,512,17250,33.691406
4514,512,21417,41.830078
4515,512,16666,32.550781
4516,512,17083,33.365234
4517,512,20167,39.388672
4518,512,25583,49.966797
4519,512,21625,42.236328
4520,512,21125,41.259766
4521,512,19250,37.597656
4522,512,18791,36.701172
4523,512,18959,37.029297
4524,512,19291,37.677734
4525,512,19500,38.085938
4526,512,19875,38.818359
4527,512,19750,38.574219
4528,512,19458,38.003906
4529,512,19708,38.492188
4530,512,19417,37.923828
4531,512,19291,37.677734
4532,512,19042,37.191406
4533,512,19458,38.003906
4534,512,19500,38.085938
4535,512,19291,37.677734
4536,512,18917,36.947266
4537,512,19416,37.921875
4538,512,18833,36.783203
4539,512,19500,38.085938
4540,512,18584,36.296875
4541,512,18583,36.294922
4542,512,20083,39.224609
4543,512,19500,38.085938
4544,512,19417,37.923828
4545,512,19166,37.433594
4546,512,18833,36.783203
4547,512,19250,37.597656
4548,512,19292,37.679688
4549,512,19209,37.517578
4550,512,19084,37.273438
4551,512,18666,36.457031
4552,512,18083,35.318359
4553,512,19125,37.353516
4554,512,19167,37.435547
4555,512,18917,36.947266
4556,512,18916,36.945312
4557,512,19542,38.167969
4558,512,18958,37.027344
4559,512,19542,38.167969
4560,512,19250,37.597656
4561,512,18708,36.539062
4562,512,18542,36.214844
4563,512,18916,36.945312
4564,512,19042,37.191406
4565,512,18916,36.945312
4566,512,18750,36.621094
4567,512,19125,37.353516
4568,512,18333,35.806641
4569,512,17209,33.611328
4570,512,17750,34.667969
4571,512,17458,34.097656
4572,512,17667,34.505859
4573,512,17375,33.935547
4574,512,17291,33.771484
4575,512,16709,32.634766
4576,512,16958,33.121094
4577,512,16791,32.794922
4578,512,16125,31.494141
4579,512,18125,35.400391
4580,512,20958,40.933594
4581,512,17792,34.750000
4582,512,17250,33.691406
4583,512,17250,33.691406
4584,512,17334,33.855469
4585,512,17125,33.447266
4586,512,17750,34.667969
4587,512,18042,35.238281
4588,512,17834,34.832031
4589,512,17166,33.527344
4590,512,17167,33.529297
4591,512,21125,41.259766
4592,512,18583,36.294922
4593,512,16958,33.121094
4594,512,17542,34.261719
4595,512,17500,34.179688
4596,512,17500,34.179688
4597,512,17292,33.773438
4598,512,17375,33.935547
4599,512,16959,33.123047
4600,512,21166,41.339844
4601,512,22792,44.515625
4602,512,23958,46.792969
4603,512,18917,36.947266
4604,512,19500,38.085938
4605,512,24334,47.527344
4606,512,18958,37.027344
4607,512,18833,36.783203
4608,512,19083,37.271484
4609,512,18917,36.947266
4610,512,18583,36.294922
4611,512,18333,35.806641
4612,512,17375,33.935547
4613,512,17459,34.099609
4614,512,17458,34.097656
4615,512,17333,33.853516
4616,512,16542,32.308594
4617,512,15833,30.923828
4618,512,16417,32.064453
4619,512,16709,32.634766
4620,512,17166,33.527344
4621,512,17000,33.203125
4622,512,16750,32.714844
4623,512,16292,31.820312
4624,512,16708,32.632812
4625,512,16917,33.041016
4626,512,16542,32.308594
4627,512,16208,31.656250
4628,512,16708,32.632812
4629,512,16500,32.226562
4630,512,16750,32.714844
4631,512,17292,33.773438
4632,512,16750,32.714844
4633,512,16916,33.039062
4634,512,16750,32.714844
4635,512,17250,33.691406
4636,512,17125,33.447266
4637,512,16917,33.041016
4638,512,17458,34.097656
4639,512,17375,33.935547
4640,512,16916,33.039062
4641,512,17292,33.773438
4642,512,17000,33.203125
4643,512,17125,33.447266
4644,512,16958,33.121094
4645,512,16750,32.714844
4646,512,17458,34.097656
4647,512,17417,34.017578
4648,512,17125,33.447266
4649,512,17625,34.423828
4650,512,17500,34.179688
4651,512,16833,32.876953
4652,512,16625,32.470703
4653,512,17167,33.529297
4654,512,16666,32.550781
4655,512,16709,32.634766
4656,512,17541,34.259766
4657,512,17000,33.203125
4658,512,17125,33.447266
4659,512,17417,34.017578
4660,512,16958,33.121094
4661,512,16875,32.958984
4662,512,17458,34.097656
4663,512,16917,33.041016
4664,512,16583,32.388672
4665,512,19000,37.109375
4666,512,16541,32.306641
4667,512,16750,32.714844
4668,512,17417,34.017578
4669,512,17750,34.667969
4670,512,17417,34.017578
4671,512,16208,31.656250
4672,512,20333,39.712891
4673,512,17334,33.855469
4674,512,16583,32.388672
4675,512,16125,31.494141
4676,512,16208,31.656250
4677,512,16250,31.738281
4678,512,15875,31.005859
4679,512,15500,30.273438
4680,512,16166,31.574219
4681,512,15833,30.923828
4682,512,15792,30.843750
4683,512,15375,30.029297
4684,512,16041,31.330078
4685,512,16084,31.414062
4686,512,16041,31.330078
4687,512,16042,31.332031
4688,512,15708,30.679688
4689,512,16583,32.388672
4690,512,21292,41.585938
4691,512,22084,43.132812
4692,512,19333,37.759766
4693,512,17833,34.830078
4694,512,17833,34.830078
4695,512,17834,34.832031
4696,512,17750,34.667969
4697,512,17417,34.017578
4698,512,17792,34.750000
4699,512,17709,34.587891
4700,512,17875,34.912109
4701,512,17959,35.076172
4702,512,17541,34.259766
4703,512,16709,32.634766
4704,512,16916,33.039062
4705,512,17167,33.529297
4706,512,16292,31.820312
4707,512,15875,31.005859
4708,512,16833,32.876953
4709,512,16292,31.820312
4710,512,16500,32.226562
4711,512,16458,32.144531
4712,512,16167,31.576172
4713,512,16125,31.494141
4714,512,15958,31.167969
4715,512,16167,31.576172
4716,512,15041,29.376953
4717,512,15500,30.273438
4718,512,15708,30.679688
4719,512,16000,31.250000
4720,512,16167,31.576172
4721,512,16458,32.144531
4722,512,16083,31.412109
4723,512,15708,30.679688
4724,512,15917,31.087891
4725,512,16041,31.330078
4726,512,15375,30.029297
4727,512,15833,30.923828
4728,512,15584,30.437500
4729,512,15708,30.679688
4730,512,15958,31.167969
4731,512,16042,31.332031
4732,512,16208,31.656250
4733,512,16708,32.632812
4734,512,16250,31.738281
4735,512,16042,31.332031
4736,512,15542,30.355469
4737,512,15167,29.623047
4738,512,16792,32.796875
4739,512,15791,30.841797
4740,512,16417,32.064453
4741,512,16333,31.900391
4742,512,16125,31.494141
4743,512,16458,32.144531
4744,512,18417,35.970703
4745,512,21000,41.015625
4746,512,20834,40.691406
4747,512,17291,33.771484
4748,512,16958,33.121094
4749,512,17167,33.529297
4750,512,17167,33.529297
4751,512,18083,35.318359
4752,512,17625,34.423828
4753,512,17667,34.505859
4754,512,18125,35.400391
4755,512,18166,35.480469
4756,512,19167,37.435547
4757,512,20250,39.550781
4758,512,17541,34.259766
4759,512,17667,34.505859
4760,512,17958,35.074219
4761,512,18000,35.156250
4762,512,17375,33.935547
4763,512,17959,35.076172
4764,512,17541,34.259766
4765,512,17750,34.667969
4766,512,17500,34.179688
4767,512,19625,38.330078
4768,512,21666,42.316406
4769,512,20375,39.794922
4770,512,18000,35.156250
4771,512,18291,35.724609
4772,512,18292,35.726562
4773,512,17125,33.447266
4774,512,17750,34.667969
4775,512,17542,34.261719
4776,512,18458,36.050781
4777,512,16750,32.714844
4778,512,17583,34.341797
4779,512,17000,33.203125
4780,512,16292,31.820312
4781,512,17166,33.527344
4782,512,17709,34.587891
4783,512,17458,34.097656
4784,512,18125,35.400391
4785,512,17667,34.505859
4786,512,16917,33.041016
4787,512,17375,33.935547
4788,512,17625,34.423828
4789,512,18083,35.318359
4790,512,17709,34.587891
4791,512,17667,34.505859
4792,512,17458,34.097656
4793,512,17625,34.423828
4794,512,17292,33.773438
4795,512,17541,34.259766
4796,512,17209,33.611328
4797,512,17750,34.667969
4798,512,16875,32.958984
4799,512,17125,33.447266
4800,512,17500,34.179688
4801,512,17666,34.503906
4802,512,19250,37.597656
4803,512,22250,43.457031
4804,512,18583,36.294922
4805,512,17500,34.179688
4806,512,16542,32.308594
4807,512,16750,32.714844
4808,512,17125,33.447266
4809,512,17292,33.773438
4810,512,18333,35.806641
4811,512,18000,35.156250
4812,512,17708,34.585938
4813,512,17958,35.074219
4814,512,17084,33.367188
4815,512,16583,32.388672
4816,512,16875,32.958984
4817,512,16583,32.388672
4818,512,16792,32.796875
4819,512,16834,32.878906
4820,512,19041,37.189453
4821,512,20917,40.853516
4822,512,19042,37.191406
4823,512,20500,40.039062
4824,512,18125,35.400391
4825,512,17500,34.179688
4826,512,17500,34.179688
4827,512,17959,35.076172
4828,512,17375,33.935547
4829,512,17958,35.074219
4830,512,17875,34.912109
4831,512,18334,35.808594
4832,512,18291,35.724609
4833,512,18125,35.400391
4834,512,18334,35.808594
4835,512,17459,34.099609
4836,512,17625,34.423828
4837,512,17333,33.853516
4838,512,17042,33.285156
4839,512,17542,34.261719
4840,512,17625,34.423828
4841,512,17916,34.992188
4842,512,17958,35.074219
4843,512,18042,35.238281
4844,512,17584,34.343750
4845,512,17917,34.994141
4846,512,17958,35.074219
4847,512,17667,34.505859
4848,512,17333,33.853516
4849,512,16666,32.550781
4850,512,17042,33.285156
4851,512,16250,31.738281
4852,512,17542,34.261719
4853,512,17958,35.074219
4854,512,17375,33.935547
4855,512,16666,32.550781
4856,512,18375,35.888672
4857,512,18292,35.726562
4858,512,17750,34.667969
4859,512,17875,34.912109
4860,512,17625,34.423828
4861,512,17750,34.667969
4862,512,17625,34.423828
4863,512,17125,33.447266
4864,512,17334,33.855469
4865,512,17500,34.179688
4866,512,17917,34.994141
4867,512,17208,33.609375
4868,512,17250,33.691406
4869,512,17458,34.097656
4870,512,18000,35.156250
4871,512,17459,34.099609
4872,512,17083,33.365234
4873,512,17708,34.585938
4874,512,17458,34.097656
4875,512,18083,35.318359
4876,512,17917,34.994141
4877,512,17667,34.505859
4878,512,17542,34.261719
4879,512,17958,35.074219
4880,512,17334,33.855469
4881,512,17250,33.691406
4882,512,17709,34.587891
4883,512,18541,36.212891
4884,512,17667,34.505859
4885,512,16958,33.121094
4886,512,17000,33.203125
4887,512,17000,33.203125
4888,512,16875,32.958984
4889,512,16875,32.958984
4890,512,17333,33.853516
4891,512,17042,33.285156
4892,512,17041,33.283203
4893,512,17417,34.017578
4894,512,17166,33.527344
4895,512,18334,35.808594
4896,512,17166,33.527344
4897,512,17459,34.099609
4898,512,17416,34.015625
4899,512,17333,33.853516
4900,512,17667,34.505859
4901,512,17500,34.179688
4902,512,17083,33.365234
4903,512,17250,33.691406
4904,512,17208,33.609375
4905,512,17250,33.691406
4906,512,17208,33.609375
4907,512,17208,33.609375
4908,512,17334,33.855469
4909,512,16625,32.470703
4910,512,16708,32.632812
4911,512,17583,34.341797
4912,512,17666,34.503906
4913,512,16250,31.738281
4914,512,17583,34.341797
4915,512,16875,32.958984
4916,512,17250,33.691406
4917,512,17625,34.423828
4918,512,17875,34.912109
4919,512,16625,32.470703
4920,512,17584,34.343750
4921,512,17709,34.587891
4922,512,17042,33.285156
4923,512,16875,32.958984
4924,512,16833,32.876953
4925,512,17333,33.853516
4926,512,16667,32.552734
4927,512,17000,33.203125
4928,512,17625,34.423828
4929,512,17666,34.503906
4930,512,16959,33.123047
4931,512,17833,34.830078
4932,512,17333,33.853516
4933,512,17625,34.423828
4934,512,16958,33.121094
4935,512,16959,33.123047
4936,512,17250,33.691406
4937,512,17000,33.203125
4938,512,17417,34.017578
4939,512,17125,33.447266
4940,512,16667,32.552734
4941,512,17583,34.341797
4942,512,16917,33.041016
4943,512,17083,33.365234
4944,512,17000,33.203125
4945,512,17541,34.259766
4946,512,17125,33.447266
4947,512,17333,33.853516
4948,512,16375,31.982422
4949,512,17583,34.341797
4950,512,16375,31.982422
4951,512,16959,33.123047
4952,512,16875,32.958984
4953,512,17083,33.365234
4954,512,17833,34.830078
4955,512,16625,32.470703
4956,512,17125,33.447266
4957,512,17541,34.259766
4958,512,16917,33.041016
4959,512,16625,32.470703
4960,512,16666,32.550781
4961,512,16833,32.876953
4962,512,17333,33.853516
4963,512,17708,34.585938
4964,512,17792,34.750000
4965,512,17000,33.203125
4966,512,17041,33.283203
4967,512,17084,33.367188
4968,512,17083,33.365234
4969,512,17667,34.505859
4970,512,17084,33.367188
4971,512,17000,33.203125
4972,512,16792,32.796875
4973,512,17417,34.017578
4974,512,17208,33.609375
4975,512,16917,33.041016
4976,512,17166,33.527344
4977,512,16750,32.714844
4978,512,16791,32.794922
4979,512,16667,32.552734
4980,512,16333,31.900391
4981,512,16709,32.634766
4982,512,17250,33.691406
4983,512,17458,34.097656
4984,512,16542,32.308594
4985,512,16333,31.900391
4986,512,17750,34.667969
4987,512,17542,34.261719
4988,512,17084,33.367188
4989,512,16958,33.121094
4990,512,17541,34.259766
4991,512,16917,33.041016
4992,512,16792,32.796875
4993,512,17209,33.611328
4994,512,17791,34.748047
4995,512,17709,34.587891
4996,512,16875,32.958984
4997,512,17500,34.179688
4998,512,17292,33.773438
4999,512,17666,34.503906
5000,512,17083,33.365234
5001,512,16958,33.121094
5002,512,17375,33.935547
5003,512,17042,33.285156
5004,512,20333,39.712891
5005,512,21333,41.666016
5006,512,19208,37.515625
5007,512,17500,34.179688
5008,512,17084,33.367188
5009,512,17209,33.611328
5010,512,16875,32.958984
5011,512,17417,34.017578
5012,512,17083,33.365234
5013,512,17167,33.529297
5014,512,17208,33.609375
5015,512,17208,33.609375
5016,512,16625,32.470703
5017,512,17542,34.261719
5018,512,16958,33.121094
5019,512,17167,33.529297
5020,512,28875,56.396484
5021,512,22209,43.376953
5022,512,19709,38.494141
5023,512,18417,35.970703
5024,512,18750,36.621094
5025,512,19167,37.435547
5026,512,17917,34.994141
5027,512,19166,37.433594
5028,512,18375,35.888672
5029,512,18250,35.644531
5030,512,18500,36.132812
5031,512,17750,34.667969
5032,512,18666,36.457031
5033,512,18708,36.539062
5034,512,18958,37.027344
5035,512,18417,35.970703
5036,512,18500,36.132812
5037,512,19166,37.433594
5038,512,18083,35.318359
5039,512,18584,36.296875
5040,512,17958,35.074219
5041,512,34833,68.033203
5042,512,18542,36.214844
5043,512,19417,37.923828
5044,512,18083,35.318359
5045,512,17584,34.343750
5046,512,18542,36.214844
5047,512,17792,34.750000
5048,512,19084,37.273438
5049,512,18166,35.480469
5050,512,18250,35.644531
5051,512,18500,36.132812
5052,512,17916,34.992188
5053,512,18292,35.726562
5054,512,17917,34.994141
5055,512,18083,35.318359
5056,512,18583,36.294922
5057,512,17875,34.912109
5058,512,18375,35.888672
5059,512,32166,62.824219
5060,512,22667,44.271484
5061,512,20792,40.609375
5062,512,18334,35.808594
5063,512,18459,36.052734
5064,512,17084,33.367188
5065,512,17291,33.771484
5066,512,17959,35.076172
5067,512,18041,35.236328
5068,512,17709,34.587891
5069,512,18250,35.644531
5070,512,16916,33.039062
5071,512,17667,34.505859
5072,512,16083,31.412109
5073,512,16833,32.876953
5074,512,16375,31.982422
5075,512,17750,34.667969
5076,512,21625,42.236328
5077,512,19833,38.736328
5078,512,17250,33.691406
5079,512,18083,35.318359
5080,512,17834,34.832031
5081,512,18000,35.156250
5082,512,16542,32.308594
5083,512,16583,32.388672
5084,512,16125,31.494141
5085,512,16292,31.820312
5086,512,15916,31.085938
5087,512,16375,31.982422
5088,512,16250,31.738281
5089,512,15959,31.169922
5090,512,15959,31.169922
5091,512,16458,32.144531
5092,512,18792,36.703125
5093,512,17833,34.830078
5094,512,17083,33.365234
5095,512,15625,30.517578
5096,512,16792,32.796875
5097,512,16375,31.982422
5098,512,15833,30.923828
5099,512,15833,30.923828
5100,512,15792,30.843750
5101,512,15708,30.679688
5102,512,15708,30.679688
5103,512,15125,29.541016
5104,512,19334,37.761719
5105,512,16541,32.306641
5106,512,15667,30.599609
5107,512,16166,31.574219
5108,512,15917,31.087891
5109,512,15917,31.087891
5110,512,18625,36.376953
5111,512,22083,43.130859
5112,512,18333,35.806641
5113,512,18167,35.482422
5114,512,18375,35.888672
5115,512,18042,35.238281
5116,512,17000,33.203125
5117,512,16084,31.414062
5118,512,16625,32.470703
5119,512,16250,31.738281
5120,512,16042,31.332031
5121,512,16416,32.062500
5122,512,15667,30.599609
5123,512,16333,31.900391
5124,512,15417,30.111328
5125,512,15584,30.437500
5126,512,16042,31.332031
5127,512,15875,31.005859
5128,512,15458,30.191406
5129,512,15916,31.085938
5130,512,15958,31.167969
5131,512,15667,30.599609
5132,512,16125,31.494141
5133,512,15791,30.841797
5134,512,15500,30.273438
5135,512,15375,30.029297
5136,512,16042,31.332031
5137,512,15959,31.169922
5138,512,15583,30.435547
5139,512,15750,30.761719
5140,512,15291,29.865234
5141,512,15750,30.761719
5142,512,15834,30.925781
5143,512,15833,30.923828
5144,512,15750,30.761719
5145,512,16083,31.412109
5146,512,15958,31.167969
5147,512,16042,31.332031
5148,512,15333,29.947266
5149,512,15958,31.167969
5150,512,16209,31.658203
5151,512,15750,30.761719
5152,512,16167,31.576172
5153,512,15958,31.167969
5154,512,15875,31.005859
5155,512,16208,31.656250
5156,512,16042,31.332031
5157,512,16000,31.250000
5158,512,16000,31.250000
5159,512,16166,31.574219
5160,512,16083,31.412109
5161,512,16167,31.576172
5162,512,15583,30.435547
5163,512,18250,35.644531
5164,512,18167,35.482422
5165,512,15292,29.867188
5166,512,16125,31.494141
5167,512,15833,30.923828
5168,512,16000,31.250000
5169,512,16250,31.738281
5170,512,16250,31.738281
5171,512,16167,31.576172
5172,512,16166,31.574219
5173,512,16417,32.064453
5174,512,16500,32.226562
5175,512,16417,32.064453
5176,512,16375,31.982422
5177,512,16209,31.658203
5178,512,15083,29.458984
5179,512,15583,30.435547
5180,512,15583,30.435547
5181,512,15333,29.947266
5182,512,16209,31.658203
5183,512,15875,31.005859
5184,512,15542,30.355469
5185,512,16125,31.494141
5186,512,15917,31.087891
5187,512,16083,31.412109
5188,512,15459,30.193359
5189,512,16125,31.494141
5190,512,16250,31.738281
5191,512,15792,30.843750
5192,512,16750,32.714844
5193,512,16334,31.902344
5194,512,15834,30.925781
5195,512,16125,31.494141
5196,512,16000,31.250000
5197,512,15667,30.599609
5198,512,16291,31.818359
5199,512,15875,31.005859
5200,512,16209,31.658203
5201,512,16416,32.062500
5202,512,16125,31.494141
5203,512,16209,31.658203
5204,512,16958,33.121094
5205,512,17208,33.609375
5206,512,16500,32.226562
5207,512,17208,33.609375
5208,512,16584,32.390625
5209,512,16584,32.390625
5210,512,17041,33.283203
5211,512,16958,33.121094
5212,512,17000,33.203125
5213,512,16917,33.041016
5214,512,17125,33.447266
5215,512,17083,33.365234
5216,512,16875,32.958984
5217,512,17292,33.773438
5218,512,17000,33.203125
5219,512,16833,32.876953
5220,512,16875,32.958984
5221,512,17500,34.179688
5222,512,16833,32.876953
5223,512,17125,33.447266
5224,512,16417,32.064453
5225,512,17125,33.447266
5226,512,17500,34.179688
5227,512,17000,33.203125
5228,512,16541,32.306641
5229,512,17333,33.853516
5230,512,17084,33.367188
5231,512,16834,32.878906
5232,512,17125,33.447266
5233,512,17292,33.773438
5234,512,17500,34.179688
5235,512,17042,33.285156
5236,512,16958,33.121094
5237,512,17167,33.529297
5238,512,16583,32.388672
5239,512,16917,33.041016
5240,512,17250,33.691406
5241,512,20375,39.794922
5242,512,22834,44.597656
5243,512,18958,37.027344
5244,512,17625,34.423828
5245,512,18291,35.724609
5246,512,17875,34.912109
5247,512,18042,35.238281
5248,512,17542,34.261719
5249,512,17291,33.771484
5250,512,17500,34.179688
5251,512,18167,35.482422
5252,512,16750,32.714844
5253,512,18792,36.703125
5254,512,17833,34.830078
5255,512,16959,33.123047
5256,512,17834,34.832031
5257,512,17791,34.748047
5258,512,17417,34.017578
5259,512,17416,34.015625
5260,512,17375,33.935547
5261,512,17667,34.505859
5262,512,18083,35.318359
5263,512,17792,34.750000
5264,512,17666,34.503906
5265,512,18084,35.320312
5266,512,21916,42.804688
5267,512,21334,41.667969
5268,512,21708,42.398438
5269,512,22250,43.457031
5270,512,18292,35.726562
5271,512,17666,34.503906
5272,512,17958,35.074219
5273,512,18083,35.318359
5274,512,17834,34.832031
5275,512,17959,35.076172
5276,512,17125,33.447266
5277,512,18000,35.156250
5278,512,17708,34.585938
5279,512,17542,34.261719
5280,512,18875,36.865234
5281,512,17917,34.994141
5282,512,16875,32.958984
5283,512,16917,33.041016
5284,512,19750,38.574219
5285,512,20833,40.689453
5286,512,17417,34.017578
5287,512,16875,32.958984
5288,512,17250,33.691406
5289,512,17708,34.585938
5290,512,17875,34.912109
5291,512,17208,33.609375
5292,512,16792,32.796875
5293,512,17042,33.285156
5294,512,16833,32.876953
5295,512,17083,33.365234
5296,512,16875,32.958984
5297,512,17000,33.203125
5298,512,17125,33.447266
5299,512,17167,33.529297
5300,512,19000,37.109375
5301,512,22334,43.621094
5302,512,20625,40.283203
5303,512,18333,35.806641
5304,512,18000,35.156250
5305,512,18000,35.156250
5306,512,17875,34.912109
5307,512,17917,34.994141
5308,512,17834,34.832031
5309,512,17000,33.203125
5310,512,18250,35.644531
5311,512,17500,34.179688
5312,512,17583,34.341797
5313,512,17584,34.343750
5314,512,18291,35.724609
5315,512,18333,35.806641
5316,512,18542,36.214844
5317,512,17916,34.992188
5318,512,17625,34.423828
5319,512,18375,35.888672
5320,512,18209,35.564453
5321,512,17667,34.505859
5322,512,17375,33.935547
5323,512,18166,35.480469
5324,512,17334,33.855469
5325,512,17292,33.773438
5326,512,17250,33.691406
5327,512,17041,33.283203
5328,512,17167,33.529297
5329,512,17250,33.691406
5330,512,17291,33.771484
5331,512,17750,34.667969
5332,512,17459,34.099609
5333,512,17375,33.935547
5334,512,17041,33.283203
5335,512,17292,33.773438
5336,512,17000,33.203125
5337,512,16959,33.123047
5338,512,16958,33.121094
5339,512,17666,34.503906
5340,512,16917,33.041016
5341,512,19459,38.005859
5342,512,22042,43.050781
5343,512,16666,32.550781
5344,512,17459,34.099609
5345,512,17208,33.609375
5346,512,16083,31.412109
5347,512,16958,33.121094
5348,512,21875,42.724609
5349,512,17417,34.017578
5350,512,17500,34.179688
5351,512,18584,36.296875
5352,512,18084,35.320312
5353,512,16875,32.958984
5354,512,17334,33.855469
5355,512,17167,33.529297
5356,512,17458,34.097656
5357,512,16708,32.632812
5358,512,16292,31.820312
5359,512,17083,33.365234
5360,512,17000,33.203125
5361,512,16583,32.388672
5362,512,16500,32.226562
5363,512,16083,31.412109
5364,512,17042,33.285156
5365,512,16917,33.041016
5366,512,16500,32.226562
5367,512,17166,33.527344
5368,512,16500,32.226562
5369,512,16709,32.634766
5370,512,17833,34.830078
5371,512,16541,32.306641
5372,512,16458,32.144531
5373,512,16542,32.308594
5374,512,16833,32.876953
5375,512,16542,32.308594
5376,512,16417,32.064453
5377,512,17000,33.203125
5378,512,17000,33.203125
5379,512,16542,32.308594
5380,512,16500,32.226562
5381,512,16666,32.550781
5382,512,16792,32.796875
5383,512,16833,32.876953
5384,512,16417,32.064453
5385,512,17166,33.527344
5386,512,17583,34.341797
5387,512,17250,33.691406
5388,512,17083,33.365234
5389,512,19875,38.818359
5390,512,20334,39.714844
5391,512,17083,33.365234
5392,512,17792,34.750000
5393,512,16833,32.876953
5394,512,18791,36.701172
5395,512,16833,32.876953
5396,512,17375,33.935547
5397,512,17167,33.529297
5398,512,16750,32.714844
5399,512,17375,33.935547
5400,512,17208,33.609375
5401,512,17584,34.343750
5402,512,16916,33.039062
5403,512,16125,31.494141
5404,512,16958,33.121094
5405,512,17459,34.099609
5406,512,16250,31.738281
5407,512,17083,33.365234
5408,512,16625,32.470703
5409,512,17000,33.203125
5410,512,16708,32.632812
5411,512,16667,32.552734
5412,512,17250,33.691406
5413,512,16500,32.226562
5414,512,16709,32.634766
5415,512,17000,33.203125
5416,512,16208,31.656250
5417,512,16583,32.388672
5418,512,16709,32.634766
5419,512,16666,32.550781
5420,512,16834,32.878906
5421,512,16625,32.470703
5422,512,16917,33.041016
5423,512,17208,33.609375
5424,512,16333,31.900391
5425,512,16584,32.390625
5426,512,20833,40.689453
5427,512,18458,36.050781
5428,512,17625,34.423828
5429,512,17375,33.935547
5430,512,17625,34.423828
5431,512,18084,35.320312
5432,512,17917,34.994141
5433,512,17625,34.423828
5434,512,17250,33.691406
5435,512,18333,35.806641
5436,512,17834,34.832031
5437,512,17000,33.203125
5438,512,16875,32.958984
5439,512,17250,33.691406
5440,512,17708,34.585938
5441,512,17167,33.529297
5442,512,17041,33.283203
5443,512,17875,34.912109
5444,512,16542,32.308594
5445,512,17458,34.097656
5446,512,16833,32.876953
5447,512,17083,33.365234
5448,512,17625,34.423828
5449,512,16625,32.470703
5450,512,17209,33.611328
5451,512,16958,33.121094
5452,512,17375,33.935547
5453,512,17250,33.691406
5454,512,17458,34.097656
5455,512,16625,32.470703
5456,512,17042,33.285156
5457,512,17625,34.423828
5458,512,17125,33.447266
5459,512,17584,34.343750
5460,512,21583,42.154297
5461,512,22375,43.701172
5462,512,17875,34.912109
5463,512,17666,34.503906
5464,512,17834,34.832031
5465,512,17500,34.179688
5466,512,17875,34.912109
5467,512,17791,34.748047
5468,512,17750,34.667969
5469,512,17875,34.912109
5470,512,18042,35.238281
5471,512,18208,35.562500
5472,512,17208,33.609375
5473,512,17625,34.423828
5474,512,17000,33.203125
5475,512,17542,34.261719
5476,512,17750,34.667969
5477,512,17333,33.853516
5478,512,16709,32.634766
5479,512,16459,32.146484
5480,512,16791,32.794922
5481,512,21584,42.156250
5482,512,17209,33.611328
5483,512,17458,34.097656
5484,512,18750,36.621094
5485,512,21583,42.154297
5486,512,18041,35.236328
5487,512,17709,34.587891
5488,512,17959,35.076172
5489,512,17708,34.585938
5490,512,18000,35.156250
5491,512,17875,34.912109
5492,512,17250,33.691406
5493,512,17666,34.503906
5494,512,17375,33.935547
5495,512,17042,33.285156
5496,512,17625,34.423828
5497,512,17375,33.935547
5498,512,17125,33.447266
5499,512,16958,33.121094
5500,512,17125,33.447266
5501,512,16792,32.796875
5502,512,17083,33.365234
5503,512,17208,33.609375
5504,512,17250,33.691406
5505,512,17292,33.773438
5506,512,17292,33.773438
5507,512,17000,33.203125
5508,512,17375,33.935547
5509,512,16792,32.796875
5510,512,16791,32.794922
5511,512,16917,33.041016
5512,512,17208,33.609375
5513,512,17625,34.423828
5514,512,16709,32.634766
5515,512,17250,33.691406
5516,512,17333,33.853516
5517,512,18542,36.214844
5518,512,19833,38.736328
5519,512,17542,34.261719
5520,512,16709,32.634766
5521,512,17458,34.097656
5522,512,17125,33.447266
5523,512,17125,33.447266
5524,512,17292,33.773438
5525,512,17917,34.994141
5526,512,17625,34.423828
5527,512,17167,33.529297
5528,512,16958,33.121094
5529,512,17167,33.529297
5530,512,16250,31.738281
5531,512,16250,31.738281
5532,512,16584,32.390625
5533,512,16666,32.550781
5534,512,17209,33.611328
5535,512,16625,32.470703
5536,512,16792,32.796875
5537,512,17083,33.365234
5538,512,16792,32.796875
5539,512,16333,31.900391
5540,512,16416,32.062500
5541,512,16959,33.123047
5542,512,17459,34.099609
5543,512,17417,34.017578
5544,512,16583,32.388672
5545,512,18750,36.621094
5546,512,19750,38.574219
5547,512,17167,33.529297
5548,512,17750,34.667969
5549,512,16875,32.958984
5550,512,17167,33.529297
5551,512,17166,33.527344
5552,512,17250,33.691406
5553,512,17292,33.773438
5554,512,17666,34.503906
5555,512,17084,33.367188
5556,512,17125,33.447266
5557,512,17667,34.505859
5558,512,19167,37.435547
5559,512,17875,34.912109
5560,512,16666,32.550781
5561,512,17417,34.017578
5562,512,17000,33.203125
5563,512,17500,34.179688
5564,512,17042,33.285156
5565,512,17375,33.935547
5566,512,17416,34.015625
5567,512,17209,33.611328
5568,512,16834,32.878906
5569,512,18166,35.480469
5570,512,17458,34.097656
5571,512,16917,33.041016
5572,512,17125,33.447266
5573,512,17000,33.203125
5574,512,17042,33.285156
5575,512,16583,32.388672
5576,512,16583,32.388672
5577,512,17875,34.912109
5578,512,17000,33.203125
5579,512,19375,37.841797
5580,512,18875,36.865234
5581,512,17334,33.855469
5582,512,17208,33.609375
5583,512,17583,34.341797
5584,512,17875,34.912109
5585,512,17083,33.365234
5586,512,16875,32.958984
5587,512,17917,34.994141
5588,512,17500,34.179688
5589,512,17083,33.365234
5590,512,17000,33.203125
5591,512,17000,33.203125
5592,512,16792,32.796875
5593,512,17125,33.447266
5594,512,16917,33.041016
5595,512,31916,62.335938
5596,512,23709,46.306641
5597,512,19209,37.517578
5598,512,18750,36.621094
5599,512,18708,36.539062
5600,512,22292,43.539062
5601,512,19250,37.597656
5602,512,18334,35.808594
5603,512,18000,35.156250
5604,512,19500,38.085938
5605,512,19167,37.435547
5606,512,18583,36.294922
5607,512,18958,37.027344
5608,512,19166,37.433594
5609,512,18500,36.132812
5610,512,18500,36.132812
5611,512,18709,36.541016
5612,512,17458,34.097656
5613,512,18208,35.562500
5614,512,19042,37.191406
5615,512,19291,37.677734
5616,512,19167,37.435547
5617,512,19708,38.492188
5618,512,18625,36.376953
5619,512,18291,35.724609
5620,512,18833,36.783203
5621,512,18167,35.482422
5622,512,18708,36.539062
5623,512,18042,35.238281
5624,512,18708,36.539062
5625,512,18958,37.027344
5626,512,18375,35.888672
5627,512,18209,35.564453
5628,512,17792,34.750000
5629,512,18083,35.318359
5630,512,18667,36.458984
5631,512,18875,36.865234
5632,512,19333,37.759766
5633,512,18750,36.621094
5634,512,18292,35.726562
5635,512,18833,36.783203
5636,512,18250,35.644531
5637,512,18875,36.865234
5638,512,19125,37.353516
5639,512,18709,36.541016
5640,512,18375,35.888672
5641,512,18000,35.156250
5642,512,18959,37.029297
5643,512,18833,36.783203
5644,512,18583,36.294922
5645,512,18292,35.726562
5646,512,17708,34.585938
5647,512,17667,34.505859
5648,512,17750,34.667969
5649,512,17750,34.667969
5650,512,18209,35.564453
5651,512,17667,34.505859
5652,512,17333,33.853516
5653,512,18167,35.482422
5654,512,18333,35.806641
5655,512,17542,34.261719
5656,512,17917,34.994141
5657,512,18125,35.400391
5658,512,34084,66.570312
5659,512,21209,41.423828
5660,512,18834,36.785156
5661,512,17708,34.585938
5662,512,17667,34.505859
5663,512,17750,34.667969
5664,512,19083,37.271484
5665,512,21958,42.886719
5666,512,18542,36.214844
5667,512,17375,33.935547
5668,512,17625,34.423828
5669,512,18167,35.482422
5670,512,16125,31.494141
5671,512,16333,31.900391
5672,512,16625,32.470703
5673,512,16417,32.064453
5674,512,16417,32.064453
5675,512,16625,32.470703
5676,512,16167,31.576172
5677,512,16208,31.656250
5678,512,15500,30.273438
5679,512,15583,30.435547
5680,512,15959,31.169922
5681,512,15750,30.761719
5682,512,15625,30.517578
5683,512,15833,30.923828
5684,512,17167,33.529297
5685,512,17500,34.179688
5686,512,16833,32.876953
5687,512,17000,33.203125
5688,512,16542,32.308594
5689,512,20041,39.142578
5690,512,17250,33.691406
5691,512,17167,33.529297
5692,512,17042,33.285156
5693,512,17916,34.992188
5694,512,17333,33.853516
5695,512,17250,33.691406
5696,512,16958,33.121094
5697,512,17333,33.853516
5698,512,17417,34.017578
5699,512,17417,34.017578
5700,512,17708,34.585938
5701,512,17333,33.853516
5702,512,16917,33.041016
5703,512,17500,34.179688
5704,512,16792,32.796875
5705,512,16708,32.632812
5706,512,17000,33.203125
5707,512,16917,33.041016
5708,512,17917,34.994141
5709,512,17209,33.611328
5710,512,17125,33.447266
5711,512,16458,32.144531
5712,512,16917,33.041016
5713,512,17209,33.611328
5714,512,17209,33.611328
5715,512,21333,41.666016
5716,512,17542,34.261719
5717,512,17125,33.447266
5718,512,16750,32.714844
5719,512,17375,33.935547
5720,512,16917,33.041016
5721,512,17375,33.935547
5722,512,17375,33.935547
5723,512,17167,33.529297
5724,512,17750,34.667969
5725,512,17333,33.853516
5726,512,17167,33.529297
5727,512,17125,33.447266
5728,512,16833,32.876953
5729,512,16209,31.658203
5730,512,16584,32.390625
5731,512,17167,33.529297
5732,512,19708,38.492188
5733,512,19208,37.515625
5734,512,17125,33.447266
5735,512,17584,34.343750
5736,512,17125,33.447266
5737,512,17000,33.203125
5738,512,17292,33.773438
5739,512,17250,33.691406
5740,512,16208,31.656250
5741,512,17083,33.365234
5742,512,16042,31.332031
5743,512,16750,32.714844
5744,512,17209,33.611328
5745,512,18667,36.458984
5746,512,18500,36.132812
5747,512,16750,32.714844
5748,512,16875,32.958984
5749,512,17125,33.447266
5750,512,16541,32.306641
5751,512,17084,33.367188
5752,512,16833,32.876953
5753,512,17208,33.609375
5754,512,16666,32.550781
5755,512,16500,32.226562
5756,512,17000,33.203125
5757,512,17125,33.447266
5758,512,16917,33.041016
5759,512,17000,33.203125
5760,512,17542,34.261719
5761,512,17042,33.285156
5762,512,16750,32.714844
5763,512,17375,33.935547
5764,512,16875,32.958984
5765,512,16500,32.226562
5766,512,16625,32.470703
5767,512,16417,32.064453
5768,512,17041,33.283203
5769,512,17084,33.367188
5770,512,16666,32.550781
5771,512,17125,33.447266
5772,512,20375,39.794922
5773,512,17917,34.994141
5774,512,20750,40.527344
5775,512,21083,41.177734
5776,512,19000,37.109375
5777,512,17625,34.423828
5778,512,18375,35.888672
5779,512,17541,34.259766
5780,512,17417,34.017578
5781,512,17708,34.585938
5782,512,18166,35.480469
5783,512,17667,34.505859
5784,512,17167,33.529297
5785,512,17541,34.259766
5786,512,17917,34.994141
5787,512,17458,34.097656
5788,512,17708,34.585938
5789,512,17584,34.343750
5790,512,17458,34.097656
5791,512,17792,34.750000
5792,512,18083,35.318359
5793,512,17792,34.750000
5794,512,18666,36.457031
5795,512,18792,36.703125
5796,512,18625,36.376953
5797,512,17417,34.017578
5798,512,17125,33.447266
5799,512,17417,34.017578
5800,512,17833,34.830078
5801,512,17375,33.935547
5802,512,17792,34.750000
5803,512,18166,35.480469
5804,512,17084,33.367188
5805,512,17250,33.691406
5806,512,17666,34.503906
5807,512,17333,33.853516
5808,512,17334,33.855469
5809,512,17416,34.015625
5810,512,17542,34.261719
5811,512,17375,33.935547
5812,512,17958,35.074219
5813,512,19375,37.841797
5814,512,17875,34.912109
5815,512,17125,33.447266
5816,512,17792,34.750000
5817,512,18167,35.482422
5818,512,17958,35.074219
5819,512,18333,35.806641
5820,512,17625,34.423828
5821,512,18417,35.970703
5822,512,18167,35.482422
5823,512,16792,32.796875
5824,512,17333,33.853516
5825,512,16708,32.632812
5826,512,17417,34.017578
5827,512,16875,32.958984
5828,512,16667,32.552734
5829,512,17917,34.994141
5830,512,17209,33.611328
5831,512,18042,35.238281
5832,512,21791,42.560547
5833,512,19917,38.900391
5834,512,21791,42.560547
5835,512,18292,35.726562
5836,512,18208,35.562500
5837,512,17916,34.992188
5838,512,17417,34.017578
5839,512,17166,33.527344
5840,512,17667,34.505859
5841,512,18125,35.400391
5842,512,17542,34.261719
5843,512,17708,34.585938
5844,512,17708,34.585938
5845,512,17917,34.994141
5846,512,18792,36.703125
5847,512,17416,34.015625
5848,512,17500,34.179688
5849,512,17292,33.773438
5850,512,16875,32.958984
5851,512,17625,34.423828
5852,512,17375,33.935547
5853,512,17083,33.365234
5854,512,17292,33.773438
5855,512,17542,34.261719
5856,512,17083,33.365234
5857,512,17625,34.423828
5858,512,17417,34.017578
5859,512,17500,34.179688
5860,512,17292,33.773438
5861,512,17375,33.935547
5862,512,17083,33.365234
5863,512,16708,32.632812
5864,512,17667,34.505859
5865,512,17375,33.935547
5866,512,17041,33.283203
5867,512,17042,33.285156
5868,512,17250,33.691406
5869,512,16666,32.550781
5870,512,16209,31.658203
5871,512,16750,32.714844
5872,512,17083,33.365234
5873,512,17667,34.505859
5874,512,17458,34.097656
5875,512,17000,33.203125
5876,512,16792,32.796875
5877,512,17625,34.423828
5878,512,17250,33.691406
5879,512,17917,34.994141
5880,512,17875,34.912109
5881,512,17083,33.365234
5882,512,17416,34.015625
5883,512,17334,33.855469
5884,512,17834,34.832031
5885,512,17208,33.609375
5886,512,16833,32.876953
5887,512,17792,34.750000
5888,512,17042,33.285156
5889,512,16875,32.958984
5890,512,17041,33.283203
5891,512,16709,32.634766
5892,512,16417,32.064453
5893,512,17666,34.503906
5894,512,16250,31.738281
5895,512,16000,31.250000
5896,512,16459,32.146484
5897,512,16959,33.123047
5898,512,16875,32.958984
5899,512,16583,32.388672
5900,512,16458,32.144531
5901,512,17417,34.017578
5902,512,17000,33.203125
5903,512,17084,33.367188
5904,512,16875,32.958984
5905,512,17250,33.691406
5906,512,17209,33.611328
5907,512,17167,33.529297
5908,512,16458,32.144531
5909,512,17042,33.285156
5910,512,17292,33.773438
5911,512,16792,32.796875
5912,512,16667,32.552734
5913,512,17166,33.527344
5914,512,19209,37.517578
5915,512,19208,37.515625
5916,512,17000,33.203125
5917,512,17666,34.503906
5918,512,17250,33.691406
5919,512,17667,34.505859
5920,512,17041,33.283203
5921,512,16958,33.121094
5922,512,16584,32.390625
5923,512,17375,33.935547
5924,512,17167,33.529297
5925,512,16625,32.470703
5926,512,17625,34.423828
5927,512,17458,34.097656
5928,512,16792,32.796875
5929,512,16833,32.876953
5930,512,16875,32.958984
5931,512,16917,33.041016
5932,512,17250,33.691406
5933,512,16417,32.064453
5934,512,17125,33.447266
5935,512,16625,32.470703
5936,512,16583,32.388672
5937,512,16875,32.958984
5938,512,16625,32.470703
5939,512,16208,31.656250
5940,512,17750,34.667969
5941,512,16583,32.388672
5942,512,16917,33.041016
5943,512,16750,32.714844
5944,512,16958,33.121094
5945,512,17000,33.203125
5946,512,17125,33.447266
5947,512,17125,33.447266
5948,512,17333,33.853516
5949,512,16792,32.796875
5950,512,17125,33.447266
5951,512,17458,34.097656
5952,512,17333,33.853516
5953,512,17125,33.447266
5954,512,17125,33.447266
5955,512,17167,33.529297
5956,512,17250,33.691406
5957,512,16666,32.550781
5958,512,17000,33.203125
5959,512,17459,34.099609
5960,512,17166,33.527344
5961,512,16958,33.121094
5962,512,17417,34.017578
5963,512,16583,32.388672
5964,512,17417,34.017578
5965,512,17125,33.447266
5966,512,17041,33.283203
5967,512,18250,35.644531
5968,512,21542,42.074219
5969,512,19875,38.818359
5970,512,17709,34.587891
5971,512,18084,35.320312
5972,512,17875,34.912109
5973,512,18541,36.212891
5974,512,17042,33.285156
5975,512,17791,34.748047
5976,512,17750,34.667969
5977,512,17833,34.830078
5978,512,17875,34.912109
5979,512,17625,34.423828
5980,512,17500,34.179688
5981,512,17500,34.179688
5982,512,17916,34.992188
5983,512,17417,34.017578
5984,512,17208,33.609375
5985,512,17542,34.261719
5986,512,17917,34.994141
5987,512,17208,33.609375
5988,512,17875,34.912109
5989,512,17583,34.341797
5990,512,17792,34.750000
5991,512,17375,33.935547
5992,512,17125,33.447266
5993,512,17291,33.771484
5994,512,17209,33.611328
5995,512,17666,34.503906
5996,512,17417,34.017578
5997,512,17458,34.097656
5998,512,17041,33.283203
5999,512,17000,33.203125
6000,512,17459,34.099609
6001,512,17208,33.609375
6002,512,17333,33.853516
6003,512,17250,33.691406
6004,512,17167,33.529297
6005,512,17625,34.423828
6006,512,17542,34.261719
6007,512,17166,33.527344
6008,512,17459,34.099609
6009,512,17417,34.017578
6010,512,16750,32.714844
6011,512,17000,33.203125
6012,512,17042,33.285156
6013,512,17333,33.853516
6014,512,17083,33.365234
6015,512,17042,33.285156
6016,512,16458,32.144531
6017,512,17334,33.855469
6018,512,16416,32.062500
6019,512,16709,32.634766
6020,512,16791,32.794922
6021,512,16917,33.041016
6022,512,17000,33.203125
6023,512,17208,33.609375
6024,512,16458,32.144531
6025,512,16417,32.064453
6026,512,16875,32.958984
6027,512,17583,34.341797
6028,512,16792,32.796875
6029,512,16500,32.226562
6030,512,17584,34.343750
6031,512,17666,34.503906
6032,512,16708,32.632812
6033,512,16750,32.714844
6034,512,16834,32.878906
6035,512,16667,32.552734
6036,512,16875,32.958984
6037,512,16958,33.121094
6038,512,15833,30.923828
6039,512,17667,34.505859
6040,512,16625,32.470703
6041,512,16416,32.062500
6042,512,16583,32.388672
6043,512,16125,31.494141
6044,512,16500,32.226562
6045,512,16917,33.041016
6046,512,16583,32.388672
6047,512,17500,34.179688
6048,512,17083,33.365234
6049,512,17417,34.017578
6050,512,17000,33.203125
6051,512,16917,33.041016
6052,512,17208,33.609375
6053,512,17083,33.365234
6054,512,16792,32.796875
6055,512,17042,33.285156
6056,512,16834,32.878906
6057,512,16625,32.470703
6058,512,16834,32.878906
6059,512,16958,33.121094
6060,512,16792,32.796875
6061,512,16791,32.794922
6062,512,17667,34.505859
6063,512,20833,40.689453
6064,512,17750,34.667969
6065,512,17542,34.261719
6066,512,17375,33.935547
6067,512,17083,33.365234
6068,512,17417,34.017578
6069,512,17125,33.447266
6070,512,17084,33.367188
6071,512,17208,33.609375
6072,512,17333,33.853516
6073,512,17583,34.341797
6074,512,17792,34.750000
6075,512,17375,33.935547
6076,512,17083,33.365234
6077,512,17042,33.285156
6078,512,17208,33.609375
6079,512,16917,33.041016
6080,512,20958,40.933594
6081,512,17417,34.017578
6082,512,17750,34.667969
6083,512,17459,34.099609
6084,512,16917,33.041016
6085,512,17417,34.017578
6086,512,17375,33.935547
6087,512,17167,33.529297
6088,512,17958,35.074219
6089,512,16500,32.226562
6090,512,21166,41.339844
6091,512,21375,41.748047
6092,512,17125,33.447266
6093,512,17625,34.423828
6094,512,17667,34.505859
6095,512,17167,33.529297
6096,512,17500,34.179688
6097,512,17000,33.203125
6098,512,17125,33.447266
6099,512,16667,32.552734
6100,512,17667,34.505859
6101,512,17500,34.179688
6102,512,16833,32.876953
6103,512,17167,33.529297
6104,512,17208,33.609375
6105,512,17083,33.365234
6106,512,16834,32.878906
6107,512,16833,32.876953
6108,512,16542,32.308594
6109,512,17375,33.935547
6110,512,17000,33.203125
6111,512,16917,33.041016
6112,512,16750,32.714844
6113,512,16708,32.632812
6114,512,16500,32.226562
6115,512,17167,33.529297
6116,512,16916,33.039062
6117,512,16542,32.308594
6118,512,17208,33.609375
6119,512,16875,32.958984
6120,512,16000,31.250000
6121,512,16458,32.144531
6122,512,16959,33.123047
6123,512,17041,33.283203
6124,512,17000,33.203125
6125,512,17667,34.505859
6126,512,17083,33.365234
6127,512,17000,33.203125
6128,512,17250,33.691406
6129,512,17958,35.074219
6130,512,21292,41.585938
6131,512,18750,36.621094
6132,512,17833,34.830078
6133,512,17750,34.667969
6134,512,17750,34.667969
6135,512,17416,34.015625
6136,512,17584,34.343750
6137,512,16958,33.121094
6138,512,17083,33.365234
6139,512,17375,33.935547
6140,512,17875,34.912109
6141,512,18125,35.400391
6142,512,21500,41.992188
6143,512,17917,34.994141
6144,512,17667,34.505859
6145,512,18625,36.376953
6146,512,18167,35.482422
6147,512,18291,35.724609
6148,512,18084,35.320312
6149,512,18417,35.970703
6150,512,17833,34.830078
6151,512,17708,34.585938
6152,512,18375,35.888672
6153,512,17583,34.341797
6154,512,17958,35.074219
6155,512,18084,35.320312
6156,512,17791,34.748047
6157,512,18167,35.482422
6158,512,18000,35.156250
6159,512,18750,36.621094
6160,512,18333,35.806641
6161,512,18084,35.320312
6162,512,17542,34.261719
6163,512,17541,34.259766
6164,512,39667,77.474609
6165,512,27958,54.605469
6166,512,17917,34.994141
6167,512,17667,34.505859
6168,512,18167,35.482422
6169,512,17750,34.667969
6170,512,17500,34.179688
6171,512,17625,34.423828
6172,512,18458,36.050781
6173,512,18000,35.156250
6174,512,17916,34.992188
6175,512,18125,35.400391
6176,512,18250,35.644531
6177,512,17375,33.935547
6178,512,17833,34.830078
6179,512,17500,34.179688
6180,512,18250,35.644531
6181,512,18000,35.156250
6182,512,17958,35.074219
6183,512,18125,35.400391
6184,512,17791,34.748047
6185,512,18167,35.482422
6186,512,17750,34.667969
6187,512,20000,39.062500
6188,512,19541,38.166016
6189,512,18542,36.214844
6190,512,17792,34.750000
6191,512,17959,35.076172
6192,512,17500,34.179688
6193,512,17667,34.505859
6194,512,18208,35.562500
6195,512,17500,34.179688
6196,512,17500,34.179688
6197,512,17666,34.503906
6198,512,17959,35.076172
6199,512,17875,34.912109
6200,512,17500,34.179688
6201,512,18208,35.562500
6202,512,17459,34.099609
6203,512,18084,35.320312
6204,512,18041,35.236328
6205,512,18375,35.888672
6206,512,17416,34.015625
6207,512,17375,33.935547
6208,512,17584,34.343750
6209,512,16875,32.958984
6210,512,17167,33.529297
6211,512,18417,35.970703
6212,512,19333,37.759766
6213,512,19375,37.841797
6214,512,18500,36.132812
6215,512,18167,35.482422
6216,512,17833,34.830078
6217,512,18333,35.806641
6218,512,18042,35.238281
6219,512,17958,35.074219
6220,512,17542,34.261719
6221,512,18041,35.236328
6222,512,17917,34.994141
6223,512,18208,35.562500
6224,512,18125,35.400391
6225,512,18667,36.458984
6226,512,18041,35.236328
6227,512,18625,36.376953
6228,512,17958,35.074219
6229,512,17625,34.423828
6230,512,18042,35.238281
6231,512,17042,33.285156
6232,512,18125,35.400391
6233,512,18000,35.156250
6234,512,17917,34.994141
6235,512,17208,33.609375
6236,512,18333,35.806641
6237,512,18167,35.482422
6238,512,18708,36.539062
6239,512,18250,35.644531
6240,512,18167,35.482422
6241,512,17625,34.423828
6242,512,17041,33.283203
6243,512,17500,34.179688
6244,512,18167,35.482422
6245,512,18208,35.562500
6246,512,17917,34.994141
6247,512,17708,34.585938
6248,512,18042,35.238281
6249,512,18000,35.156250
6250,512,18042,35.238281
6251,512,17375,33.935547
6252,512,17166,33.527344
6253,512,17834,34.832031
6254,512,18208,35.562500
6255,512,18583,36.294922
6256,512,18208,35.562500
6257,512,17708,34.585938
6258,512,18291,35.724609
6259,512,17958,35.074219
6260,512,17459,34.099609
6261,512,16958,33.121094
6262,512,17417,34.017578
6263,512,16959,33.123047
6264,512,17625,34.423828
6265,512,17416,34.015625
6266,512,17875,34.912109
6267,512,17917,34.994141
6268,512,18334,35.808594
6269,512,17958,35.074219
6270,512,17250,33.691406
6271,512,17416,34.015625
6272,512,17625,34.423828
6273,512,17333,33.853516
6274,512,17958,35.074219
6275,512,17042,33.285156
6276,512,18000,35.156250
6277,512,17500,34.179688
6278,512,17000,33.203125
6279,512,17916,34.992188
6280,512,17750,34.667969
6281,512,17542,34.261719
6282,512,17625,34.423828
6283,512,17916,34.992188
6284,512,17750,34.667969
6285,512,17375,33.935547
6286,512,17417,34.017578
6287,512,18167,35.482422
6288,512,17792,34.750000
6289,512,18292,35.726562
6290,512,17416,34.015625
6291,512,17917,34.994141
6292,512,17917,34.994141
6293,512,18666,36.457031
6294,512,18000,35.156250
6295,512,17667,34.505859
6296,512,19667,38.412109
6297,512,19583,38.248047
6298,512,18375,35.888672
6299,512,18667,36.458984
6300,512,17750,34.667969
6301,512,18250,35.644531
6302,512,18167,35.482422
6303,512,17542,34.261719
6304,512,17959,35.076172
6305,512,17916,34.992188
6306,512,18000,35.156250
6307,512,17959,35.076172
6308,512,18166,35.480469
6309,512,18209,35.564453
6310,512,17875,34.912109
6311,512,17916,34.992188
6312,512,18000,35.156250
6313,512,18375,35.888672
6314,512,17000,33.203125
6315,512,17708,34.585938
6316,512,17792,34.750000
6317,512,18500,36.132812
6318,512,17708,34.585938
6319,512,18083,35.318359
6320,512,17917,34.994141
6321,512,17042,33.285156
6322,512,17791,34.748047
6323,512,16917,33.041016
6324,512,17208,33.609375
6325,512,17208,33.609375
6326,512,20833,40.689453
6327,512,21459,41.912109
6328,512,17625,34.423828
6329,512,18833,36.783203
6330,512,17625,34.423828
6331,512,17375,33.935547
6332,512,17750,34.667969
6333,512,17250,33.691406
6334,512,18084,35.320312
6335,512,18000,35.156250
6336,512,18500,36.132812
6337,512,18167,35.482422
6338,512,17792,34.750000
6339,512,17625,34.423828
6340,512,18084,35.320312
6341,512,18209,35.564453
6342,512,16666,32.550781
6343,512,17375,33.935547
6344,512,17917,34.994141
6345,512,17916,34.992188
6346,512,17750,34.667969
6347,512,17500,34.179688
6348,512,17875,34.912109
6349,512,18084,35.320312
6350,512,18208,35.562500
6351,512,17542,34.261719
6352,512,18417,35.970703
6353,512,19125,37.353516
6354,512,18917,36.947266
6355,512,17708,34.585938
6356,512,18291,35.724609
6357,512,18167,35.482422
6358,512,17459,34.099609
6359,512,17375,33.935547
6360,512,18459,36.052734
6361,512,18750,36.621094
6362,512,17959,35.076172
6363,512,18250,35.644531
6364,512,18416,35.968750
6365,512,18250,35.644531
6366,512,17709,34.587891
6367,512,17875,34.912109
6368,512,17875,34.912109
6369,512,18083,35.318359
6370,512,17959,35.076172
6371,512,18041,35.236328
6372,512,19209,37.517578
6373,512,19625,38.330078
6374,512,17667,34.505859
6375,512,17958,35.074219
6376,512,17750,34.667969
6377,512,17500,34.179688
6378,512,18209,35.564453
6379,512,17375,33.935547
6380,512,18084,35.320312
6381,512,18166,35.480469
6382,512,17834,34.832031
6383,512,17292,33.773438
6384,512,17625,34.423828
6385,512,18333,35.806641
6386,512,16792,32.796875
6387,512,17958,35.074219
6388,512,16792,32.796875
6389,512,17292,33.773438
6390,512,16916,33.039062
6391,512,17292,33.773438
6392,512,17083,33.365234
6393,512,21708,42.398438
6394,512,17625,34.423828
6395,512,18834,36.785156
6396,512,19500,38.085938
6397,512,17709,34.587891
6398,512,17709,34.587891
6399,512,18000,35.156250
6400,512,17875,34.912109
6401,512,18500,36.132812
6402,512,18292,35.726562
6403,512,18208,35.562500
6404,512,18042,35.238281
6405,512,17625,34.423828
6406,512,17667,34.505859
6407,512,17750,34.667969
6408,512,17791,34.748047
6409,512,18084,35.320312
6410,512,17834,34.832031
6411,512,18500,36.132812
6412,512,18125,35.400391
6413,512,18375,35.888672
6414,512,17709,34.587891
6415,512,18250,35.644531
6416,512,17709,34.587891
6417,512,17750,34.667969
6418,512,17000,33.203125
6419,512,17208,33.609375
6420,512,20708,40.445312
6421,512,17167,33.529297
6422,512,17667,34.505859
6423,512,17291,33.771484
6424,512,17625,34.423828
6425,512,22084,43.132812
6426,512,17833,34.830078
6427,512,17417,34.017578
6428,512,17959,35.076172
6429,512,17708,34.585938
6430,512,17416,34.015625
6431,512,18125,35.400391
6432,512,17250,33.691406
6433,512,18042,35.238281
6434,512,21791,42.560547
6435,512,20584,40.203125
6436,512,18084,35.320312
6437,512,18084,35.320312
6438,512,18458,36.050781
6439,512,17958,35.074219
6440,512,18709,36.541016
6441,512,17208,33.609375
6442,512,18750,36.621094
6443,512,18000,35.156250
6444,512,18125,35.400391
6445,512,18208,35.562500
6446,512,17917,34.994141
6447,512,18083,35.318359
6448,512,17875,34.912109
6449,512,17875,34.912109
6450,512,17541,34.259766
6451,512,18292,35.726562
6452,512,18250,35.644531
6453,512,17791,34.748047
6454,512,18042,35.238281
6455,512,17625,34.423828
6456,512,17792,34.750000
6457,512,17458,34.097656
6458,512,17333,33.853516
6459,512,17541,34.259766
6460,512,17875,34.912109
6461,512,17542,34.261719
6462,512,18000,35.156250
6463,512,17541,34.259766
6464,512,18250,35.644531
6465,512,17167,33.529297
6466,512,17750,34.667969
6467,512,17041,33.283203
6468,512,17375,33.935547
6469,512,17292,33.773438
6470,512,18208,35.562500
6471,512,18291,35.724609
6472,512,17167,33.529297
6473,512,17208,33.609375
6474,512,17375,33.935547
6475,512,16750,32.714844
6476,512,17375,33.935547
6477,512,17000,33.203125
6478,512,17167,33.529297
6479,512,17500,34.179688
6480,512,18000,35.156250
6481,512,17541,34.259766
6482,512,17458,34.097656
6483,512,16875,32.958984
6484,512,17542,34.261719
6485,512,17250,33.691406
6486,512,18167,35.482422
6487,512,17333,33.853516
6488,512,17333,33.853516
6489,512,17083,33.365234
6490,512,16917,33.041016
6491,512,17541,34.259766
6492,512,17542,34.261719
6493,512,16958,33.121094
6494,512,17083,33.365234
6495,512,17083,33.365234
6496,512,17084,33.367188
6497,512,17125,33.447266
6498,512,16792,32.796875
6499,512,18000,35.156250
6500,512,17542,34.261719
6501,512,17791,34.748047
6502,512,18042,35.238281
6503,512,17291,33.771484
6504,512,16792,32.796875
6505,512,17916,34.992188
6506,512,17792,34.750000
6507,512,16791,32.794922
6508,512,17042,33.285156
6509,512,17375,33.935547
6510,512,17209,33.611328
6511,512,17250,33.691406
6512,512,17750,34.667969
6513,512,16459,32.146484
6514,512,17416,34.015625
6515,512,19750,38.574219
6516,512,19709,38.494141
6517,512,17958,35.074219
6518,512,20042,39.144531
6519,512,19083,37.271484
6520,512,18291,35.724609
6521,512,17209,33.611328
6522,512,17292,33.773438
6523,512,18333,35.806641
6524,512,18084,35.320312
6525,512,17666,34.503906
6526,512,17709,34.587891
6527,512,17833,34.830078
6528,512,17417,34.017578
6529,512,18000,35.156250
6530,512,18000,35.156250
6531,512,18584,36.296875
6532,512,18167,35.482422
6533,512,18917,36.947266
6534,512,17459,34.099609
6535,512,17708,34.585938
6536,512,17917,34.994141
6537,512,18083,35.318359
6538,512,18500,36.132812
6539,512,16584,32.390625
6540,512,17375,33.935547
6541,512,17208,33.609375
6542,512,17291,33.771484
6543,512,16542,32.308594
6544,512,17375,33.935547
6545,512,17625,34.423828
6546,512,16750,32.714844
6547,512,17000,33.203125
6548,512,17125,33.447266
6549,512,16875,32.958984
6550,512,16791,32.794922
6551,512,17000,33.203125
6552,512,17167,33.529297
6553,512,17125,33.447266
6554,512,17125,33.447266
6555,512,17000,33.203125
6556,512,17584,34.343750
6557,512,16791,32.794922
6558,512,16500,32.226562
6559,512,17208,33.609375
6560,512,16666,32.550781
6561,512,20667,40.365234
6562,512,17125,33.447266
6563,512,17167,33.529297
6564,512,17500,34.179688
6565,512,17167,33.529297
6566,512,17333,33.853516
6567,512,17583,34.341797
6568,512,17459,34.099609
6569,512,17708,34.585938
6570,512,17416,34.015625
6571,512,17042,33.285156
6572,512,17583,34.341797
6573,512,17334,33.855469
6574,512,17792,34.750000
6575,512,17500,34.179688
6576,512,17375,33.935547
6577,512,17500,34.179688
6578,512,17959,35.076172
6579,512,16958,33.121094
6580,512,16708,32.632812
6581,512,16500,32.226562
6582,512,17625,34.423828
6583,512,17209,33.611328
6584,512,17000,33.203125
6585,512,17584,34.343750
6586,512,17000,33.203125
6587,512,16916,33.039062
6588,512,16584,32.390625
6589,512,17125,33.447266
6590,512,17458,34.097656
6591,512,17250,33.691406
6592,512,16958,33.121094
6593,512,17500,34.179688
6594,512,17125,33.447266
6595,512,17500,34.179688
6596,512,16958,33.121094
6597,512,17750,34.667969
6598,512,17042,33.285156
6599,512,17125,33.447266
6600,512,17041,33.283203
6601,512,17125,33.447266
6602,512,17125,33.447266
6603,512,18000,35.156250
6604,512,16500,32.226562
6605,512,17333,33.853516
6606,512,17417,34.017578
6607,512,16583,32.388672
6608,512,16916,33.039062
6609,512,17292,33.773438
6610,512,17250,33.691406
6611,512,17459,34.099609
6612,512,17666,34.503906
6613,512,17083,33.365234
6614,512,17125,33.447266
6615,512,16708,32.632812
6616,512,17333,33.853516
6617,512,16792,32.796875
6618,512,17083,33.365234
6619,512,16875,32.958984
6620,512,17875,34.912109
6621,512,17167,33.529297
6622,512,16542,32.308594
6623,512,17458,34.097656
6624,512,17250,33.691406
6625,512,17041,33.283203
6626,512,17167,33.529297
6627,512,17792,34.750000
6628,512,17459,34.099609
6629,512,17250,33.691406
6630,512,18084,35.320312
6631,512,17959,35.076172
6632,512,17500,34.179688
6633,512,17708,34.585938
6634,512,17166,33.527344
6635,512,20167,39.388672
6636,512,19000,37.109375
6637,512,17625,34.423828
6638,512,18167,35.482422
6639,512,18500,36.132812
6640,512,20042,39.144531
6641,512,17208,33.609375
6642,512,17542,34.261719
6643,512,17083,33.365234
6644,512,17791,34.748047
6645,512,17625,34.423828
6646,512,18250,35.644531
6647,512,17917,34.994141
6648,512,17542,34.261719
6649,512,17791,34.748047
6650,512,18208,35.562500
6651,512,17667,34.505859
6652,512,17708,34.585938
6653,512,17709,34.587891
6654,512,18583,36.294922
6655,512,18458,36.050781
6656,512,17583,34.341797
6657,512,18292,35.726562
6658,512,17500,34.179688
6659,512,18917,36.947266
6660,512,18083,35.318359
6661,512,18834,36.785156
6662,512,18500,36.132812
6663,512,18250,35.644531
6664,512,17875,34.912109
6665,512,18708,36.539062
6666,512,18833,36.783203
6667,512,18000,35.156250
6668,512,17875,34.912109
6669,512,17875,34.912109
6670,512,18000,35.156250
6671,512,18166,35.480469
6672,512,17709,34.587891
6673,512,17709,34.587891
6674,512,17584,34.343750
6675,512,17625,34.423828
6676,512,18459,36.052734
6677,512,17083,33.365234
6678,512,18000,35.156250
6679,512,17500,34.179688
6680,512,17833,34.830078
6681,512,17042,33.285156
6682,512,17125,33.447266
6683,512,21250,41.503906
6684,512,17167,33.529297
6685,512,17667,34.505859
6686,512,17416,34.015625
6687,512,17792,34.750000
6688,512,18250,35.644531
6689,512,18375,35.888672
6690,512,21083,41.177734
6691,512,18125,35.400391
6692,512,17500,34.179688
6693,512,17209,33.611328
6694,512,18666,36.457031
6695,512,18417,35.970703
6696,512,18041,35.236328
6697,512,17959,35.076172
6698,512,18250,35.644531
6699,512,18542,36.214844
6700,512,18125,35.400391
6701,512,17791,34.748047
6702,512,17917,34.994141
6703,512,18041,35.236328
6704,512,18292,35.726562
6705,512,18333,35.806641
6706,512,18041,35.236328
6707,512,18250,35.644531
6708,512,17625,34.423828
6709,512,17792,34.750000
6710,512,18334,35.808594
6711,512,18084,35.320312
6712,512,19166,37.433594
6713,512,19208,37.515625
6714,512,17334,33.855469
6715,512,17292,33.773438
6716,512,17916,34.992188
6717,512,17583,34.341797
6718,512,17792,34.750000
6719,512,17958,35.074219
6720,512,17709,34.587891
6721,512,17541,34.259766
6722,512,18250,35.644531
6723,512,20583,40.201172
6724,512,18042,35.238281
6725,512,21250,41.503906
6726,512,18584,36.296875
6727,512,18250,35.644531
6728,512,18167,35.482422
6729,512,18500,36.132812
6730,512,18208,35.562500
6731,512,18542,36.214844
6732,512,18334,35.808594
6733,512,17542,34.261719
6734,512,17500,34.179688
6735,512,18000,35.156250
6736,512,17459,34.099609
6737,512,18834,36.785156
6738,512,17834,34.832031
6739,512,17958,35.074219
6740,512,17708,34.585938
6741,512,17625,34.423828
6742,512,17541,34.259766
6743,512,17792,34.750000
6744,512,18375,35.888672
6745,512,17916,34.992188
6746,512,17958,35.074219
6747,512,18500,36.132812
6748,512,18583,36.294922
6749,512,17792,34.750000
6750,512,17708,34.585938
6751,512,18167,35.482422
6752,512,18167,35.482422
6753,512,17958,35.074219
6754,512,18083,35.318359
6755,512,17500,34.179688
6756,512,18125,35.400391
6757,512,17750,34.667969
6758,512,18292,35.726562
6759,512,18167,35.482422
6760,512,18084,35.320312
6761,512,18250,35.644531
6762,512,17542,34.261719
6763,512,18583,36.294922
6764,512,17750,34.667969
6765,512,17709,34.587891
6766,512,17959,35.076172
6767,512,18750,36.621094
6768,512,17959,35.076172
6769,512,17541,34.259766
6770,512,17917,34.994141
6771,512,18250,35.644531
6772,512,18209,35.564453
6773,512,17791,34.748047
6774,512,17667,34.505859
6775,512,17958,35.074219
6776,512,19042,37.191406
6777,512,18292,35.726562
6778,512,17833,34.830078
6779,512,17500,34.179688
6780,512,21167,41.341797
6781,512,17916,34.992188
6782,512,18125,35.400391
6783,512,17875,34.912109
6784,512,18291,35.724609
6785,512,18667,36.458984
6786,512,18042,35.238281
6787,512,18125,35.400391
6788,512,18625,36.376953
6789,512,18084,35.320312
6790,512,17625,34.423828
6791,512,18083,35.318359
6792,512,17917,34.994141
6793,512,17959,35.076172
6794,512,17541,34.259766
6795,512,18292,35.726562
6796,512,18541,36.212891
6797,512,17792,34.750000
6798,512,17959,35.076172
6799,512,18000,35.156250
6800,512,18000,35.156250
6801,512,17833,34.830078
6802,512,17417,34.017578
6803,512,18500,36.132812
6804,512,18833,36.783203
6805,512,17666,34.503906
6806,512,17625,34.423828
6807,512,17416,34.015625
6808,512,18000,35.156250
6809,512,18000,35.156250
6810,512,18250,35.644531
6811,512,18375,35.888672
6812,512,18000,35.156250
6813,512,17125,33.447266
6814,512,18417,35.970703
6815,512,17667,34.505859
6816,512,17792,34.750000
6817,512,18291,35.724609
6818,512,17667,34.505859
6819,512,18208,35.562500
6820,512,18125,35.400391
6821,512,18125,35.400391
6822,512,17708,34.585938
6823,512,17750,34.667969
6824,512,17750,34.667969
6825,512,18625,36.376953
6826,512,18292,35.726562
6827,512,17917,34.994141
6828,512,17916,34.992188
6829,512,17667,34.505859
6830,512,17167,33.529297
6831,512,17208,33.609375
6832,512,17458,34.097656
6833,512,17375,33.935547
6834,512,17208,33.609375
6835,512,16958,33.121094
6836,512,17250,33.691406
6837,512,17750,34.667969
6838,512,17584,34.343750
6839,512,17250,33.691406
6840,512,17667,34.505859
6841,512,17458,34.097656
6842,512,17458,34.097656
6843,512,17792,34.750000
6844,512,18084,35.320312
6845,512,17583,34.341797
6846,512,17625,34.423828
6847,512,17167,33.529297
6848,512,18125,35.400391
6849,512,17584,34.343750
6850,512,17875,34.912109
6851,512,17000,33.203125
6852,512,17375,33.935547
6853,512,17792,34.750000
6854,512,17666,34.503906
6855,512,17125,33.447266
6856,512,17000,33.203125
6857,512,16583,32.388672
6858,512,16917,33.041016
6859,512,22709,44.353516
6860,512,22209,43.376953
6861,512,21459,41.912109
6862,512,19166,37.433594
6863,512,18292,35.726562
6864,512,18666,36.457031
6865,512,18584,36.296875
6866,512,18500,36.132812
6867,512,18625,36.376953
6868,512,18417,35.970703
6869,512,17958,35.074219
6870,512,18958,37.027344
6871,512,18042,35.238281
6872,512,18125,35.400391
6873,512,18458,36.050781
6874,512,17750,34.667969
6875,512,18041,35.236328
6876,512,18084,35.320312
6877,512,18041,35.236328
6878,512,18000,35.156250
6879,512,18333,35.806641
6880,512,17583,34.341797
6881,512,18250,35.644531
6882,512,18042,35.238281
6883,512,17750,34.667969
6884,512,17458,34.097656
6885,512,18083,35.318359
6886,512,17958,35.074219
6887,512,17917,34.994141
6888,512,17667,34.505859
6889,512,18167,35.482422
6890,512,18125,35.400391
6891,512,17792,34.750000
6892,512,17708,34.585938
6893,512,17458,34.097656
6894,512,17250,33.691406
6895,512,17917,34.994141
6896,512,17250,33.691406
6897,512,17292,33.773438
6898,512,17166,33.527344
6899,512,17334,33.855469
6900,512,17458,34.097656
6901,512,16958,33.121094
6902,512,17334,33.855469
6903,512,17375,33.935547
6904,512,17584,34.343750
6905,512,17625,34.423828
6906,512,17333,33.853516
6907,512,17792,34.750000
6908,512,17209,33.611328
6909,512,17167,33.529297
6910,512,17292,33.773438
6911,512,17791,34.748047
6912,512,17458,34.097656
6913,512,17459,34.099609
6914,512,16625,32.470703
6915,512,17625,34.423828
6916,512,16167,31.576172
6917,512,17083,33.365234
6918,512,17375,33.935547
6919,512,16791,32.794922
6920,512,16542,32.308594
6921,512,17750,34.667969
6922,512,17709,34.587891
6923,512,17042,33.285156
6924,512,17125,33.447266
6925,512,17250,33.691406
6926,512,18209,35.564453
6927,512,21917,42.806641
6928,512,19416,37.921875
6929,512,18000,35.156250
6930,512,18125,35.400391
6931,512,18000,35.156250
6932,512,18375,35.888672
6933,512,17834,34.832031
6934,512,17416,34.015625
6935,512,17875,34.912109
6936,512,17333,33.853516
6937,512,18167,35.482422
6938,512,17542,34.261719
6939,512,17625,34.423828
6940,512,18208,35.562500
6941,512,17333,33.853516
6942,512,17500,34.179688
6943,512,17792,34.750000
6944,512,18000,35.156250
6945,512,18375,35.888672
6946,512,17792,34.750000
6947,512,17666,34.503906
6948,512,17958,35.074219
6949,512,18084,35.320312
6950,512,17041,33.283203
6951,512,17583,34.341797
6952,512,17125,33.447266
6953,512,17542,34.261719
6954,512,17458,34.097656
6955,512,17500,34.179688
6956,512,17208,33.609375
6957,512,18333,35.806641
6958,512,17875,34.912109
6959,512,18125,35.400391
6960,512,18209,35.564453
6961,512,17708,34.585938
6962,512,17792,34.750000
6963,512,17375,33.935547
6964,512,21416,41.828125
6965,512,17959,35.076172
6966,512,18625,36.376953
6967,512,18083,35.318359
6968,512,19250,37.597656
6969,512,18292,35.726562
6970,512,18209,35.564453
6971,512,17833,34.830078
6972,512,18417,35.970703
6973,512,18208,35.562500
6974,512,18458,36.050781
6975,512,18500,36.132812
6976,512,18792,36.703125
6977,512,19375,37.841797
6978,512,18958,37.027344
6979,512,18125,35.400391
6980,512,17958,35.074219
6981,512,17959,35.076172
6982,512,17333,33.853516
6983,512,17500,34.179688
6984,512,17791,34.748047
6985,512,18292,35.726562
6986,512,18542,36.214844
6987,512,17833,34.830078
6988,512,17917,34.994141
6989,512,18166,35.480469
6990,512,18917,36.947266
6991,512,17708,34.585938
6992,512,18167,35.482422
6993,512,17375,33.935547
6994,512,18291,35.724609
6995,512,17625,34.423828
6996,512,17750,34.667969
6997,512,17500,34.179688
6998,512,17708,34.585938
6999,512,17333,33.853516
7000,512,17750,34.667969
7001,512,17250,33.691406
7002,512,17708,34.585938
7003,512,17792,34.750000
7004,512,17375,33.935547
7005,512,17250,33.691406
7006,512,18375,35.888672
7007,512,17916,34.992188
7008,512,18167,35.482422
7009,512,17750,34.667969
7010,512,17542,34.261719
7011,512,17750,34.667969
7012,512,17500,34.179688
7013,512,18375,35.888672
7014,512,17875,34.912109
7015,512,18208,35.562500
7016,512,18042,35.238281
7017,512,17417,34.017578
7018,512,17583,34.341797
7019,512,17500,34.179688
7020,512,18209,35.564453
7021,512,17958,35.074219
7022,512,17917,34.994141
7023,512,18208,35.562500
7024,512,17875,34.912109
7025,512,17958,35.074219
7026,512,18667,36.458984
7027,512,17875,34.912109
7028,512,17792,34.750000
7029,512,17916,34.992188
7030,512,17709,34.587891
7031,512,17583,34.341797
7032,512,18250,35.644531
7033,512,18000,35.156250
7034,512,17791,34.748047
7035,512,18292,35.726562
7036,512,18084,35.320312
7037,512,18375,35.888672
7038,512,17083,33.365234
7039,512,18125,35.400391
7040,512,18000,35.156250
7041,512,17208,33.609375
7042,512,17416,34.015625
7043,512,18042,35.238281
7044,512,17709,34.587891
7045,512,17500,34.179688
7046,512,17750,34.667969
7047,512,17375,33.935547
7048,512,17916,34.992188
7049,512,17583,34.341797
7050,512,17833,34.830078
7051,512,17459,34.099609
7052,512,17625,34.423828
7053,512,17209,33.611328
7054,512,17792,34.750000
7055,512,17833,34.830078
7056,512,17750,34.667969
7057,512,17834,34.832031
7058,512,17625,34.423828
7059,512,18292,35.726562
7060,512,17750,34.667969
7061,512,17375,33.935547
7062,512,17792,34.750000
7063,512,17333,33.853516
7064,512,17959,35.076172
7065,512,17833,34.830078
7066,512,17875,34.912109
7067,512,18041,35.236328
7068,512,17834,34.832031
7069,512,17833,34.830078
7070,512,18208,35.562500
7071,512,17667,34.505859
7072,512,18083,35.318359
7073,512,18042,35.238281
7074,512,17292,33.773438
7075,512,17375,33.935547
7076,512,17917,34.994141
7077,512,17625,34.423828
7078,512,17416,34.015625
7079,512,17834,34.832031
7080,512,17750,34.667969
7081,512,16791,32.794922
7082,512,17958,35.074219
7083,512,17209,33.611328
7084,512,16916,33.039062
7085,512,16917,33.041016
7086,512,16875,32.958984
7087,512,17542,34.261719
7088,512,17500,34.179688
7089,512,17458,34.097656
7090,512,16917,33.041016
7091,512,18208,35.562500
7092,512,16750,32.714844
7093,512,17542,34.261719
7094,512,17291,33.771484
7095,512,17125,33.447266
7096,512,17958,35.074219
7097,512,17000,33.203125
7098,512,18125,35.400391
7099,512,17208,33.609375
7100,512,17334,33.855469
7101,512,17541,34.259766
7102,512,17542,34.261719
7103,512,22250,43.457031
7104,512,22291,43.537109
7105,512,17208,33.609375
7106,512,17084,33.367188
7107,512,17291,33.771484
7108,512,17917,34.994141
7109,512,17000,33.203125
7110,512,17708,34.585938
7111,512,17375,33.935547
7112,512,16625,32.470703
7113,512,16959,33.123047
7114,512,17583,34.341797
7115,512,17417,34.017578
7116,512,17250,33.691406
7117,512,16959,33.123047
7118,512,18000,35.156250
7119,512,17667,34.505859
7120,512,17833,34.830078
7121,512,17500,34.179688
7122,512,17042,33.285156
7123,512,18041,35.236328
7124,512,17667,34.505859
7125,512,18125,35.400391
7126,512,17708,34.585938
7127,512,17750,34.667969
7128,512,17542,34.261719
7129,512,21875,42.724609
7130,512,19084,37.273438
7131,512,17666,34.503906
7132,512,16792,32.796875
7133,512,17000,33.203125
7134,512,17125,33.447266
7135,512,17709,34.587891
7136,512,17750,34.667969
7137,512,17125,33.447266
7138,512,19916,38.898438
7139,512,19875,38.818359
7140,512,18292,35.726562
7141,512,17875,34.912109
7142,512,17708,34.585938
7143,512,16708,32.632812
7144,512,21333,41.666016
7145,512,18083,35.318359
7146,512,17917,34.994141
7147,512,19125,37.353516
7148,512,21250,41.503906
7149,512,18042,35.238281
7150,512,18625,36.376953
7151,512,18625,36.376953
7152,512,18167,35.482422
7153,512,17625,34.423828
7154,512,17167,33.529297
7155,512,18250,35.644531
7156,512,17791,34.748047
7157,512,17125,33.447266
7158,512,17708,34.585938
7159,512,17208,33.609375
7160,512,17792,34.750000
7161,512,16958,33.121094
7162,512,17375,33.935547
7163,512,17333,33.853516
7164,512,17209,33.611328
7165,512,17250,33.691406
7166,512,17792,34.750000
7167,512,16792,32.796875
7168,512,17500,34.179688
7169,512,17666,34.503906
7170,512,17208,33.609375
7171,512,16584,32.390625
7172,512,17875,34.912109
7173,512,17125,33.447266
7174,512,17334,33.855469
7175,512,17791,34.748047
7176,512,17208,33.609375
7177,512,17750,34.667969
7178,512,21250,41.503906
7179,512,18500,36.132812
7180,512,18208,35.562500
7181,512,18000,35.156250
7182,512,17792,34.750000
7183,512,17916,34.992188
7184,512,17209,33.611328
7185,512,16916,33.039062
7186,512,16959,33.123047
7187,512,17167,33.529297
7188,512,17208,33.609375
7189,512,17667,34.505859
7190,512,18167,35.482422
7191,512,17333,33.853516
7192,512,18250,35.644531
7193,512,17500,34.179688
7194,512,17084,33.367188
7195,512,17041,33.283203
7196,512,17084,33.367188
7197,512,17583,34.341797
7198,512,17208,33.609375
7199,512,16875,32.958984
7200,512,17250,33.691406
7201,512,17542,34.261719
7202,512,17250,33.691406
7203,512,16833,32.876953
7204,512,16833,32.876953
7205,512,18084,35.320312
7206,512,17666,34.503906
7207,512,17167,33.529297
7208,512,17541,34.259766
7209,512,17042,33.285156
7210,512,16375,31.982422
7211,512,16584,32.390625
7212,512,17458,34.097656
7213,512,17583,34.341797
7214,512,17625,34.423828
7215,512,17417,34.017578
7216,512,17042,33.285156
7217,512,17625,34.423828
7218,512,17333,33.853516
7219,512,17375,33.935547
7220,512,16750,32.714844
7221,512,17375,33.935547
7222,512,18083,35.318359
7223,512,17125,33.447266
7224,512,16917,33.041016
7225,512,17125,33.447266
7226,512,17292,33.773438
7227,512,16958,33.121094
7228,512,17042,33.285156
7229,512,16875,32.958984
7230,512,17209,33.611328
7231,512,17833,34.830078
7232,512,17500,34.179688
7233,512,17416,34.015625
7234,512,17875,34.912109
7235,512,17667,34.505859
7236,512,16416,32.062500
7237,512,16750,32.714844
7238,512,16959,33.123047
7239,512,16875,32.958984
7240,512,17084,33.367188
7241,512,17583,34.341797
7242,512,17500,34.179688
7243,512,17208,33.609375
7244,512,17333,33.853516
7245,512,17250,33.691406
7246,512,17042,33.285156
7247,512,17500,34.179688
7248,512,17083,33.365234
7249,512,17208,33.609375
7250,512,17125,33.447266
7251,512,17958,35.074219
7252,512,17917,34.994141
7253,512,18041,35.236328
7254,512,16667,32.552734
7255,512,17458,34.097656
7256,512,17708,34.585938
7257,512,17292,33.773438
7258,512,21375,41.748047
7259,512,17834,34.832031
7260,512,18084,35.320312
7261,512,17875,34.912109
7262,512,18292,35.726562
7263,512,16875,32.958984
7264,512,17291,33.771484
7265,512,18292,35.726562
7266,512,17625,34.423828
7267,512,17958,35.074219
7268,512,17958,35.074219
7269,512,17958,35.074219
7270,512,17291,33.771484
7271,512,17958,35.074219
7272,512,16584,32.390625
7273,512,17209,33.611328
7274,512,17500,34.179688
7275,512,16833,32.876953
7276,512,21250,41.503906
7277,512,17875,34.912109
7278,512,17292,33.773438
7279,512,17541,34.259766
7280,512,18125,35.400391
7281,512,17875,34.912109
7282,512,17791,34.748047
7283,512,33292,65.023438
7284,512,19875,38.818359
7285,512,18791,36.701172
7286,512,22417,43.783203
7287,512,18791,36.701172
7288,512,18375,35.888672
7289,512,18083,35.318359
7290,512,18375,35.888672
7291,512,18459,36.052734
7292,512,18416,35.968750
7293,512,17917,34.994141
7294,512,18125,35.400391
7295,512,17875,34.912109
7296,512,18125,35.400391
7297,512,17916,34.992188
7298,512,18833,36.783203
7299,512,31000,60.546875
7300,512,20458,39.957031
7301,512,18625,36.376953
7302,512,18167,35.482422
7303,512,18083,35.318359
7304,512,18500,36.132812
7305,512,17916,34.992188
7306,512,18000,35.156250
7307,512,18250,35.644531
7308,512,18333,35.806641
7309,512,17958,35.074219
7310,512,18334,35.808594
7311,512,17125,33.447266
7312,512,17417,34.017578
7313,512,17875,34.912109
7314,512,18500,36.132812
7315,512,18083,35.318359
7316,512,17500,34.179688
7317,512,17292,33.773438
7318,512,18042,35.238281
7319,512,18250,35.644531
7320,512,19333,37.759766
7321,512,18417,35.970703
7322,512,18084,35.320312
7323,512,17625,34.423828
7324,512,17875,34.912109
7325,512,17750,34.667969
7326,512,17417,34.017578
7327,512,20542,40.121094
7328,512,17625,34.423828
7329,512,18500,36.132812
7330,512,18625,36.376953
7331,512,18709,36.541016
7332,512,18209,35.564453
7333,512,17959,35.076172
7334,512,17792,34.750000
7335,512,17708,34.585938
7336,512,18625,36.376953
7337,512,17959,35.076172
7338,512,18458,36.050781
7339,512,18208,35.562500
7340,512,17917,34.994141
7341,512,18416,35.968750
7342,512,19042,37.191406
7343,512,18208,35.562500
7344,512,19209,37.517578
7345,512,18208,35.562500
7346,512,18083,35.318359
7347,512,18292,35.726562
7348,512,18583,36.294922
7349,512,18542,36.214844
7350,512,18791,36.701172
7351,512,49083,95.865234
7352,512,27250,53.222656
7353,512,18750,36.621094
7354,512,18625,36.376953
7355,512,17875,34.912109
7356,512,18833,36.783203
7357,512,18417,35.970703
7358,512,18541,36.212891
7359,512,18334,35.808594
7360,512,18041,35.236328
7361,512,17667,34.505859
7362,512,18166,35.480469
7363,512,17500,34.179688
7364,512,17167,33.529297
7365,512,18041,35.236328
7366,512,17500,34.179688
7367,512,18208,35.562500
7368,512,18375,35.888672
7369,512,18417,35.970703
7370,512,18292,35.726562
7371,512,17791,34.748047
7372,512,17417,34.017578
7373,512,17666,34.503906
7374,512,17334,33.855469
7375,512,18500,36.132812
7376,512,17834,34.832031
7377,512,17375,33.935547
7378,512,17417,34.017578
7379,512,17375,33.935547
7380,512,17625,34.423828
7381,512,17375,33.935547
7382,512,17750,34.667969
7383,512,16834,32.878906
7384,512,17291,33.771484
7385,512,17417,34.017578
7386,512,17125,33.447266
7387,512,17875,34.912109
7388,512,17709,34.587891
7389,512,21666,42.316406
7390,512,18167,35.482422
7391,512,18458,36.050781
7392,512,18208,35.562500
7393,512,17167,33.529297
7394,512,18042,35.238281
7395,512,17833,34.830078
7396,512,18208,35.562500
7397,512,17834,34.832031
7398,512,21834,42.644531
7399,512,18000,35.156250
7400,512,18333,35.806641
7401,512,18208,35.562500
7402,512,17959,35.076172
7403,512,18625,36.376953
7404,512,19042,37.191406
7405,512,18334,35.808594
7406,512,18709,36.541016
7407,512,18250,35.644531
7408,512,18792,36.703125
7409,512,19042,37.191406
7410,512,18125,35.400391
7411,512,18500,36.132812
7412,512,18334,35.808594
7413,512,18292,35.726562
7414,512,18542,36.214844
7415,512,18625,36.376953
7416,512,22542,44.027344
7417,512,18667,36.458984
7418,512,18417,35.970703
7419,512,18959,37.029297
7420,512,18208,35.562500
7421,512,18292,35.726562
7422,512,18958,37.027344
7423,512,18375,35.888672
7424,512,20083,39.224609
7425,512,18417,35.970703
7426,512,18666,36.457031
7427,512,18500,36.132812
7428,512,18458,36.050781
7429,512,18167,35.482422
7430,512,18417,35.970703
7431,512,18125,35.400391
7432,512,18291,35.724609
7433,512,17459,34.099609
7434,512,17375,33.935547
7435,512,17958,35.074219
7436,512,18042,35.238281
7437,512,50167,97.982422
7438,512,20666,40.363281
7439,512,19375,37.841797
7440,512,35709,69.744141
7441,512,19375,37.841797
7442,512,17500,34.179688
7443,512,18750,36.621094
7444,512,31250,61.035156
7445,512,19166,37.433594
7446,512,17875,34.912109
7447,512,17042,33.285156
7448,512,18584,36.296875
7449,512,17791,34.748047
7450,512,17542,34.261719
7451,512,17833,34.830078
7452,512,18041,35.236328
7453,512,18042,35.238281
7454,512,16417,32.064453
7455,512,17708,34.585938
7456,512,17333,33.853516
7457,512,17916,34.992188
7458,512,17584,34.343750
7459,512,17916,34.992188
7460,512,17583,34.341797
7461,512,17500,34.179688
7462,512,17583,34.341797
7463,512,17792,34.750000
7464,512,17625,34.423828
7465,512,17834,34.832031
7466,512,18459,36.052734
7467,512,19125,37.353516
7468,512,19125,37.353516
7469,512,18667,36.458984
7470,512,18333,35.806641
7471,512,18167,35.482422
7472,512,18750,36.621094
7473,512,18750,36.621094
7474,512,18708,36.539062
7475,512,31417,61.361328
7476,512,82083,160.318359
7477,512,19125,37.353516
7478,512,17625,34.423828
7479,512,18083,35.318359
7480,512,18000,35.156250
7481,512,18500,36.132812
7482,512,18125,35.400391
7483,512,18333,35.806641
7484,512,18333,35.806641
7485,512,18125,35.400391
7486,512,18166,35.480469
7487,512,17750,34.667969
7488,512,17542,34.261719
7489,512,17375,33.935547
7490,512,17583,34.341797
7491,512,17375,33.935547
7492,512,18500,36.132812
7493,512,18625,36.376953
7494,512,17583,34.341797
7495,512,17667,34.505859
7496,512,17709,34.587891
7497,512,17709,34.587891
7498,512,17750,34.667969
7499,512,17917,34.994141
7500,512,18291,35.724609
7501,512,17625,34.423828
7502,512,17708,34.585938
7503,512,18042,35.238281
7504,512,18292,35.726562
7505,512,17791,34.748047
7506,512,17417,34.017578
7507,512,18375,35.888672
7508,512,17541,34.259766
7509,512,17750,34.667969
7510,512,17916,34.992188
7511,512,18209,35.564453
7512,512,18417,35.970703
7513,512,17500,34.179688
7514,512,17666,34.503906
7515,512,18000,35.156250
7516,512,17625,34.423828
7517,512,18000,35.156250
7518,512,17375,33.935547
7519,512,18542,36.214844
7520,512,18166,35.480469
7521,512,18709,36.541016
7522,512,18416,35.968750
7523,512,18167,35.482422
7524,512,17875,34.912109
7525,512,18334,35.808594
7526,512,17875,34.912109
7527,512,18083,35.318359
7528,512,17958,35.074219
7529,512,17959,35.076172
7530,512,17458,34.097656
7531,512,18708,36.539062
7532,512,17833,34.830078
7533,512,19208,37.515625
7534,512,17958,35.074219
7535,512,17750,34.667969
7536,512,17667,34.505859
7537,512,18000,35.156250
7538,512,17458,34.097656
7539,512,100083,195.474609
7540,512,49292,96.273438
7541,512,43583,85.123047
7542,512,103542,202.230469
7543,512,21291,41.583984
7544,512,50084,97.820312
7545,512,52709,102.947266
7546,512,39000,76.171875
7547,512,19084,37.273438
7548,512,18959,37.029297
7549,512,18541,36.212891
7550,512,18500,36.132812
7551,512,18125,35.400391
7552,512,74625,145.751953
7553,512,18958,37.027344
7554,512,18250,35.644531
7555,512,18083,35.318359
7556,512,18583,36.294922
7557,512,67167,131.185547
7558,512,65416,127.765625
7559,512,19042,37.191406
7560,512,18708,36.539062
7561,512,18583,36.294922
7562,512,37459,73.162109
7563,512,19166,37.433594
7564,512,44792,87.484375
7565,512,54292,106.039062
7566,512,52292,102.132812
7567,512,19125,37.353516
7568,512,74000,144.531250
7569,512,64875,126.708984
7570,512,19166,37.433594
7571,512,18500,36.132812
7572,512,18250,35.644531
7573,512,18042,35.238281
7574,512,18041,35.236328
7575,512,18458,36.050781
7576,512,18417,35.970703
7577,512,18250,35.644531
7578,512,18291,35.724609
7579,512,18542,36.214844
7580,512,17708,34.585938
7581,512,19375,37.841797
7582,512,18291,35.724609
7583,512,18000,35.156250
7584,512,70042,136.800781
7585,512,54584,106.609375
7586,512,29125,56.884766
7587,512,49500,96.679688
7588,512,40584,79.265625
7589,512,20250,39.550781
7590,512,60208,117.593750
7591,512,21917,42.806641
7592,512,19541,38.166016
7593,512,18792,36.703125
7594,512,18042,35.238281
7595,512,18292,35.726562
7596,512,17917,34.994141
7597,512,17792,34.750000
7598,512,18500,36.132812
7599,512,17791,34.748047
7600,512,18667,36.458984
7601,512,18625,36.376953
7602,512,18250,35.644531
7603,512,18541,36.212891
7604,512,18292,35.726562
7605,512,18292,35.726562
7606,512,17583,34.341797
7607,512,73333,143.228516
7608,512,19333,37.759766
7609,512,64292,125.570312
7610,512,20958,40.933594
7611,512,18166,35.480469
7612,512,17500,34.179688
7613,512,17875,34.912109
7614,512,17708,34.585938
7615,512,17708,34.585938
7616,512,30500,59.570312
7617,512,19000,37.109375
7618,512,17958,35.074219
7619,512,17959,35.076172
7620,512,28084,54.851562
7621,512,19209,37.517578
7622,512,18625,36.376953
7623,512,18709,36.541016
7624,512,18084,35.320312
7625,512,18500,36.132812
7626,512,18459,36.052734
7627,512,95250,186.035156
7628,512,41459,80.974609
7629,512,19334,37.761719
7630,512,40875,79.833984
7631,512,18292,35.726562
7632,512,18458,36.050781
7633,512,18625,36.376953
7634,512,18292,35.726562
7635,512,18583,36.294922
7636,512,18625,36.376953
7637,512,18166,35.480469
7638,512,17584,34.343750
7639,512,17458,34.097656
7640,512,17750,34.667969
7641,512,18292,35.726562
7642,512,18334,35.808594
7643,512,18250,35.644531
7644,512,73167,142.904297
7645,512,18291,35.724609
7646,512,44125,86.181641
7647,512,19958,38.980469
7648,512,18167,35.482422
7649,512,18375,35.888672
7650,512,17791,34.748047
7651,512,18583,36.294922
7652,512,18167,35.482422
7653,512,17916,34.992188
7654,512,18334,35.808594
7655,512,18375,35.888672
7656,512,18042,35.238281
7657,512,17667,34.505859
7658,512,16584,32.390625
7659,512,17417,34.017578
7660,512,17583,34.341797
7661,512,17917,34.994141
7662,512,17709,34.587891
7663,512,19458,38.003906
7664,512,19167,37.435547
7665,512,18084,35.320312
7666,512,18334,35.808594
7667,512,17958,35.074219
7668,512,18083,35.318359
7669,512,17125,33.447266
7670,512,17708,34.585938
7671,512,17125,33.447266
7672,512,17542,34.261719
7673,512,17834,34.832031
7674,512,18625,36.376953
7675,512,17875,34.912109
7676,512,18417,35.970703
7677,512,17875,34.912109
7678,512,17541,34.259766
7679,512,18167,35.482422
7680,512,18958,37.027344
7681,512,17750,34.667969
7682,512,19917,38.900391
7683,512,20042,39.144531
7684,512,18625,36.376953
7685,512,18334,35.808594
7686,512,17541,34.259766
7687,512,18334,35.808594
7688,512,25250,49.316406
7689,512,36791,71.857422
7690,512,19792,38.656250
7691,512,18625,36.376953
7692,512,17917,34.994141
7693,512,18041,35.236328
7694,512,17250,33.691406
7695,512,18375,35.888672
7696,512,18291,35.724609
7697,512,17500,34.179688
7698,512,17959,35.076172
7699,512,18125,35.400391
7700,512,18084,35.320312
7701,512,18000,35.156250
7702,512,18667,36.458984
7703,512,19000,37.109375
7704,512,17791,34.748047
7705,512,18292,35.726562
7706,512,18333,35.806641
7707,512,18625,36.376953
7708,512,17458,34.097656
7709,512,17792,34.750000
7710,512,17666,34.503906
7711,512,17583,34.341797
7712,512,17625,34.423828
7713,512,17958,35.074219
7714,512,17791,34.748047
7715,512,18250,35.644531
7716,512,17375,33.935547
7717,512,17917,34.994141
7718,512,17625,34.423828
7719,512,18333,35.806641
7720,512,17792,34.750000
7721,512,18208,35.562500
7722,512,17625,34.423828
7723,512,19292,37.679688
7724,512,18417,35.970703
7725,512,17458,34.097656
7726,512,17833,34.830078
7727,512,17334,33.855469
7728,512,17916,34.992188
7729,512,19542,38.167969
7730,512,17750,34.667969
7731,512,17958,35.074219
7732,512,17750,34.667969
7733,512,17750,34.667969
7734,512,17750,34.667969
7735,512,17875,34.912109
7736,512,18208,35.562500
7737,512,18417,35.970703
7738,512,18416,35.968750
7739,512,18667,36.458984
7740,512,18541,36.212891
7741,512,18625,36.376953
7742,512,18084,35.320312
7743,512,18166,35.480469
7744,512,17833,34.830078
7745,512,72167,140.951172
7746,512,19458,38.003906
7747,512,18167,35.482422
7748,512,18166,35.480469
7749,512,17417,34.017578
7750,512,18333,35.806641
7751,512,18333,35.806641
7752,512,17583,34.341797
7753,512,17334,33.855469
7754,512,17416,34.015625
7755,512,17542,34.261719
7756,512,18458,36.050781
7757,512,17333,33.853516
7758,512,17959,35.076172
7759,512,18417,35.970703
7760,512,17791,34.748047
7761,512,19084,37.273438
7762,512,18416,35.968750
7763,512,17417,34.017578
7764,512,17542,34.261719
7765,512,17000,33.203125
7766,512,17041,33.283203
7767,512,17875,34.912109
7768,512,17250,33.691406
7769,512,18083,35.318359
7770,512,17292,33.773438
7771,512,18250,35.644531
7772,512,57416,112.140625
7773,512,30750,60.058594
7774,512,18000,35.156250
7775,512,33833,66.080078
7776,512,29459,57.537109
7777,512,18541,36.212891
7778,512,18000,35.156250
7779,512,18500,36.132812
7780,512,17750,34.667969
7781,512,18750,36.621094
7782,512,18250,35.644531
7783,512,17458,34.097656
7784,512,18208,35.562500
7785,512,17584,34.343750
7786,512,18000,35.156250
7787,512,17792,34.750000
7788,512,18458,36.050781
7789,512,30958,60.464844
7790,512,41542,81.136719
7791,512,20083,39.224609
7792,512,18667,36.458984
7793,512,18458,36.050781
7794,512,18875,36.865234
7795,512,39458,77.066406
7796,512,18584,36.296875
7797,512,18666,36.457031
7798,512,18292,35.726562
7799,512,17875,34.912109
7800,512,17750,34.667969
7801,512,17833,34.830078
7802,512,18291,35.724609
7803,512,26750,52.246094
7804,512,19250,37.597656
7805,512,18000,35.156250
7806,512,18792,36.703125
7807,512,17458,34.097656
7808,512,18375,35.888672
7809,512,32667,63.802734
7810,512,18042,35.238281
7811,512,18459,36.052734
7812,512,18292,35.726562
7813,512,17542,34.261719
7814,512,17458,34.097656
7815,512,18458,36.050781
7816,512,17542,34.261719
7817,512,18250,35.644531
7818,512,18167,35.482422
7819,512,18042,35.238281
7820,512,17917,34.994141
7821,512,17750,34.667969
7822,512,17708,34.585938
7823,512,18000,35.156250
7824,512,17583,34.341797
7825,512,17666,34.503906
7826,512,17834,34.832031
7827,512,18084,35.320312
7828,512,17000,33.203125
7829,512,17708,34.585938
7830,512,21708,42.398438
7831,512,18667,36.458984
7832,512,18292,35.726562
7833,512,18541,36.212891
7834,512,18167,35.482422
7835,512,17833,34.830078
7836,512,18458,36.050781
7837,512,18042,35.238281
7838,512,18250,35.644531
7839,512,18416,35.968750
7840,512,18125,35.400391
7841,512,18167,35.482422
7842,512,18916,36.945312
7843,512,18250,35.644531
7844,512,18500,36.132812
7845,512,18375,35.888672
7846,512,17792,34.750000
7847,512,17833,34.830078
7848,512,17833,34.830078
7849,512,18750,36.621094
7850,512,18042,35.238281
7851,512,18708,36.539062
7852,512,18625,36.376953
7853,512,18584,36.296875
7854,512,18250,35.644531
7855,512,17750,34.667969
7856,512,17917,34.994141
7857,512,18333,35.806641
7858,512,18333,35.806641
7859,512,17917,34.994141
7860,512,17875,34.912109
7861,512,18250,35.644531
7862,512,17958,35.074219
7863,512,17708,34.585938
7864,512,17333,33.853516
7865,512,18458,36.050781
7866,512,18208,35.562500
7867,512,18292,35.726562
7868,512,18417,35.970703
7869,512,18083,35.318359
7870,512,18083,35.318359
7871,512,17792,34.750000
7872,512,17500,34.179688
7873,512,20625,40.283203
7874,512,21458,41.910156
7875,512,18042,35.238281
7876,512,17833,34.830078
7877,512,18292,35.726562
7878,512,17833,34.830078
7879,512,18375,35.888672
7880,512,18500,36.132812
7881,512,18125,35.400391
7882,512,18208,35.562500
7883,512,19167,37.435547
7884,512,19916,38.898438
7885,512,17667,34.505859
7886,512,17500,34.179688
7887,512,18167,35.482422
7888,512,18250,35.644531
7889,512,17375,33.935547
7890,512,17625,34.423828
7891,512,18125,35.400391
7892,512,18125,35.400391
7893,512,17375,33.935547
7894,512,18833,36.783203
7895,512,18250,35.644531
7896,512,18375,35.888672
7897,512,18291,35.724609
7898,512,18209,35.564453
7899,512,17750,34.667969
7900,512,17666,34.503906
7901,512,17792,34.750000
7902,512,18166,35.480469
7903,512,18334,35.808594
7904,512,18208,35.562500
7905,512,17166,33.527344
7906,512,18417,35.970703
7907,512,17667,34.505859
7908,512,17875,34.912109
7909,512,18125,35.400391
7910,512,18041,35.236328
7911,512,17333,33.853516
7912,512,18292,35.726562
7913,512,17542,34.261719
7914,512,17708,34.585938
7915,512,18041,35.236328
7916,512,17917,34.994141
7917,512,18166,35.480469
7918,512,17667,34.505859
7919,512,17750,34.667969
7920,512,18000,35.156250
7921,512,17917,34.994141
7922,512,19083,37.271484
7923,512,17875,34.912109
7924,512,18667,36.458984
7925,512,18041,35.236328
7926,512,17917,34.994141
7927,512,17917,34.994141
7928,512,17416,34.015625
7929,512,17167,33.529297
7930,512,18208,35.562500
7931,512,19667,38.412109
7932,512,53041,103.595703
7933,512,19125,37.353516
7934,512,18541,36.212891
7935,512,17958,35.074219
7936,512,34834,68.035156
7937,512,19875,38.818359
7938,512,19500,38.085938
7939,512,19292,37.679688
7940,512,18917,36.947266
7941,512,17750,34.667969
7942,512,17916,34.992188
7943,512,17959,35.076172
7944,512,17667,34.505859
7945,512,18667,36.458984
7946,512,34459,67.302734
7947,512,19875,38.818359
7948,512,17416,34.015625
7949,512,19209,37.517578
7950,512,36666,71.613281
7951,512,21292,41.585938
7952,512,19125,37.353516
7953,512,73833,144.205078
7954,512,21458,41.910156
7955,512,18709,36.541016
7956,512,18250,35.644531
7957,512,18417,35.970703
7958,512,18833,36.783203
7959,512,18334,35.808594
7960,512,18250,35.644531
7961,512,18041,35.236328
7962,512,17167,33.529297
7963,512,73625,143.798828
7964,512,18417,35.970703
7965,512,26125,51.025391
7966,512,18750,36.621094
7967,512,18000,35.156250
7968,512,17625,34.423828
7969,512,27375,53.466797
7970,512,20750,40.527344
7971,512,19083,37.271484
7972,512,19167,37.435547
7973,512,18125,35.400391
7974,512,19458,38.003906
7975,512,18708,36.539062
7976,512,18125,35.400391
7977,512,18000,35.156250
7978,512,18292,35.726562
7979,512,20625,40.283203
7980,512,19750,38.574219
7981,512,18125,35.400391
7982,512,19334,37.761719
7983,512,19166,37.433594
7984,512,18750,36.621094
7985,512,18458,36.050781
7986,512,18958,37.027344
7987,512,18584,36.296875
7988,512,25750,50.292969
7989,512,19625,38.330078
7990,512,17459,34.099609
7991,512,28084,54.851562
7992,512,20041,39.142578
7993,512,18542,36.214844
7994,512,17875,34.912109
7995,512,18625,36.376953
7996,512,18667,36.458984
7997,512,18458,36.050781
7998,512,18458,36.050781
7999,512,22083,43.130859
8000,512,17958,35.074219
8001,512,18500,36.132812
8002,512,18167,35.482422
8003,512,17708,34.585938
8004,512,18208,35.562500
8005,512,17333,33.853516
8006,512,17750,34.667969
8007,512,17375,33.935547
8008,512,28041,54.767578
8009,512,27125,52.978516
8010,512,22792,44.515625
8011,512,38417,75.033203
8012,512,22250,43.457031
8013,512,17875,34.912109
8014,512,17250,33.691406
8015,512,17542,34.261719
8016,512,17958,35.074219
8017,512,17250,33.691406
8018,512,17875,34.912109
8019,512,18583,36.294922
8020,512,18709,36.541016
8021,512,18500,36.132812
8022,512,18541,36.212891
8023,512,18334,35.808594
8024,512,17958,35.074219
8025,512,17500,34.179688
8026,512,17291,33.771484
8027,512,20042,39.144531
8028,512,18250,35.644531
8029,512,18417,35.970703
8030,512,18250,35.644531
8031,512,18291,35.724609
8032,512,18000,35.156250
8033,512,18083,35.318359
8034,512,18000,35.156250
8035,512,18333,35.806641
8036,512,18042,35.238281
8037,512,18666,36.457031
8038,512,17333,33.853516
8039,512,17792,34.750000
8040,512,17750,34.667969
8041,512,18083,35.318359
8042,512,18417,35.970703
8043,512,59417,116.048828
8044,512,21334,41.667969
8045,512,17791,34.748047
8046,512,18000,35.156250
8047,512,19000,37.109375
8048,512,18375,35.888672
8049,512,17958,35.074219
8050,512,18417,35.970703
8051,512,18333,35.806641
8052,512,18458,36.050781
8053,512,18708,36.539062
8054,512,18292,35.726562
8055,512,19083,37.271484
8056,512,18792,36.703125
8057,512,18500,36.132812
8058,512,17834,34.832031
8059,512,18000,35.156250
8060,512,18083,35.318359
8061,512,18875,36.865234
8062,512,18542,36.214844
8063,512,74041,144.611328
8064,512,44417,86.751953
8065,512,18917,36.947266
8066,512,18500,36.132812
8067,512,18583,36.294922
8068,512,18875,36.865234
8069,512,18250,35.644531
8070,512,18542,36.214844
8071,512,18333,35.806641
8072,512,18792,36.703125
8073,512,18083,35.318359
8074,512,18250,35.644531
8075,512,18500,36.132812
8076,512,17750,34.667969
8077,512,18417,35.970703
8078,512,18709,36.541016
8079,512,28667,55.990234
8080,512,19166,37.433594
8081,512,17959,35.076172
8082,512,17500,34.179688
8083,512,17000,33.203125
8084,512,112417,219.564453
8085,512,21916,42.804688
8086,512,19125,37.353516
8087,512,19167,37.435547
8088,512,18500,36.132812
8089,512,18250,35.644531
8090,512,18333,35.806641
8091,512,17875,34.912109
8092,512,20958,40.933594
8093,512,18833,36.783203
8094,512,17709,34.587891
8095,512,17833,34.830078
8096,512,18666,36.457031
8097,512,18500,36.132812
8098,512,17834,34.832031
8099,512,18708,36.539062
8100,512,18292,35.726562
8101,512,44958,87.808594
8102,512,29791,58.185547
8103,512,18792,36.703125
8104,512,19250,37.597656
8105,512,19250,37.597656
8106,512,19125,37.353516
8107,512,18416,35.968750
8108,512,18625,36.376953
8109,512,18667,36.458984
8110,512,18667,36.458984
8111,512,19042,37.191406
8112,512,18000,35.156250
8113,512,18833,36.783203
8114,512,18291,35.724609
8115,512,18167,35.482422
8116,512,18292,35.726562
8117,512,18166,35.480469
8118,512,19167,37.435547
8119,512,18583,36.294922
8120,512,21916,42.804688
8121,512,18333,35.806641
8122,512,18667,36.458984
8123,512,18250,35.644531
8124,512,18167,35.482422
8125,512,18833,36.783203
8126,512,17708,34.585938
8127,512,18917,36.947266
8128,512,18417,35.970703
8129,512,19000,37.109375
8130,512,18666,36.457031
8131,512,18292,35.726562
8132,512,17875,34.912109
8133,512,18500,36.132812
8134,512,18167,35.482422
8135,512,18125,35.400391
8136,512,18250,35.644531
8137,512,18250,35.644531
8138,512,17209,33.611328
8139,512,17875,34.912109
8140,512,17666,34.503906
8141,512,18417,35.970703
8142,512,17708,34.585938
8143,512,17583,34.341797
8144,512,17458,34.097656
8145,512,17958,35.074219
8146,512,17042,33.285156
8147,512,17792,34.750000
8148,512,18458,36.050781
8149,512,18834,36.785156
8150,512,18209,35.564453
8151,512,18375,35.888672
8152,512,18084,35.320312
8153,512,18666,36.457031
8154,512,17834,34.832031
8155,512,17666,34.503906
8156,512,17334,33.855469
8157,512,18750,36.621094
8158,512,18042,35.238281
8159,512,18166,35.480469
8160,512,18042,35.238281
8161,512,18208,35.562500
8162,512,18292,35.726562
8163,512,18333,35.806641
8164,512,18583,36.294922
8165,512,17666,34.503906
8166,512,18917,36.947266
8167,512,18458,36.050781
8168,512,17542,34.261719
8169,512,18209,35.564453
8170,512,18125,35.400391
8171,512,17834,34.832031
8172,512,18750,36.621094
8173,512,17333,33.853516
8174,512,17917,34.994141
8175,512,17750,34.667969
8176,512,17125,33.447266
8177,512,18459,36.052734
8178,512,17583,34.341797
8179,512,17875,34.912109
8180,512,18333,35.806641
8181,512,18375,35.888672
8182,512,18042,35.238281
8183,512,17917,34.994141
8184,512,17708,34.585938
8185,512,18250,35.644531
8186,512,18458,36.050781
8187,512,17834,34.832031
8188,512,17541,34.259766
8189,512,17500,34.179688
8190,512,18041,35.236328
8191,512,17958,35.074219
8192,512,17167,33.529297
8193,512,17958,35.074219
8194,512,17916,34.992188
8195,512,17375,33.935547
8196,512,17375,33.935547
8197,512,19792,38.656250
8198,512,20542,40.121094
8199,512,18084,35.320312
8200,512,18250,35.644531
8201,512,18042,35.238281
8202,512,18250,35.644531
8203,512,17916,34.992188
8204,512,17500,34.179688
8205,512,17333,33.853516
8206,512,18500,36.132812
8207,512,21416,41.828125
8208,512,17834,34.832031
8209,512,17791,34.748047
8210,512,18542,36.214844
8211,512,17583,34.341797
8212,512,17958,35.074219
8213,512,18000,35.156250
8214,512,17709,34.587891
8215,512,18500,36.132812
8216,512,18500,36.132812
8217,512,18333,35.806641
8218,512,18958,37.027344
8219,512,18375,35.888672
8220,512,17458,34.097656
8221,512,18334,35.808594
8222,512,18583,36.294922
8223,512,17541,34.259766
8224,512,18917,36.947266
8225,512,18583,36.294922
8226,512,17916,34.992188
8227,512,18708,36.539062
8228,512,19209,37.517578
8229,512,17208,33.609375
8230,512,17791,34.748047
8231,512,19708,38.492188
8232,512,19959,38.982422
8233,512,18041,35.236328
8234,512,18167,35.482422
8235,512,17875,34.912109
8236,512,21000,41.015625
8237,512,18750,36.621094
8238,512,18375,35.888672
8239,512,18125,35.400391
8240,512,18167,35.482422
8241,512,17500,34.179688
8242,512,18708,36.539062
8243,512,18000,35.156250
8244,512,18208,35.562500
8245,512,18042,35.238281
8246,512,17833,34.830078
8247,512,17917,34.994141
8248,512,17750,34.667969
8249,512,18500,36.132812
8250,512,18209,35.564453
8251,512,18000,35.156250
8252,512,19000,37.109375
8253,512,18209,35.564453
8254,512,18000,35.156250
8255,512,18042,35.238281
8256,512,18583,36.294922
8257,512,21417,41.830078
8258,512,18834,36.785156
8259,512,17333,33.853516
8260,512,18292,35.726562
8261,512,18125,35.400391
8262,512,17708,34.585938
8263,512,18417,35.970703
8264,512,18250,35.644531
8265,512,17875,34.912109
8266,512,18458,36.050781
8267,512,17791,34.748047
8268,512,17917,34.994141
8269,512,17458,34.097656
8270,512,17667,34.505859
8271,512,18500,36.132812
8272,512,18166,35.480469
8273,512,18333,35.806641
8274,512,17750,34.667969
8275,512,17375,33.935547
8276,512,18417,35.970703
8277,512,17208,33.609375
8278,512,17666,34.503906
8279,512,18459,36.052734
8280,512,18083,35.318359
8281,512,18208,35.562500
8282,512,17750,34.667969
8283,512,18084,35.320312
8284,512,18584,36.296875
8285,512,18500,36.132812
8286,512,18375,35.888672
8287,512,18166,35.480469
8288,512,17459,34.099609
8289,512,18709,36.541016
8290,512,18208,35.562500
8291,512,18375,35.888672
8292,512,17959,35.076172
8293,512,18041,35.236328
8294,512,18167,35.482422
8295,512,18125,35.400391
8296,512,18209,35.564453
8297,512,19459,38.005859
8298,512,20625,40.283203
8299,512,18417,35.970703
8300,512,18000,35.156250
8301,512,17708,34.585938
8302,512,18042,35.238281
8303,512,17833,34.830078
8304,512,17042,33.285156
8305,512,17875,34.912109
8306,512,18000,35.156250
8307,512,20167,39.388672
8308,512,18084,35.320312
8309,512,18250,35.644531
8310,512,18583,36.294922
8311,512,18417,35.970703
8312,512,18250,35.644531
8313,512,17458,34.097656
8314,512,17250,33.691406
8315,512,18292,35.726562
8316,512,18417,35.970703
8317,512,17791,34.748047
8318,512,18417,35.970703
8319,512,17958,35.074219
8320,512,17791,34.748047
8321,512,17917,34.994141
8322,512,18208,35.562500
8323,512,18292,35.726562
8324,512,17958,35.074219
8325,512,17208,33.609375
8326,512,18125,35.400391
8327,512,17333,33.853516
8328,512,17667,34.505859
8329,512,17750,34.667969
8330,512,18459,36.052734
8331,512,20375,39.794922
8332,512,19625,38.330078
8333,512,17708,34.585938
8334,512,18250,35.644531
8335,512,18417,35.970703
8336,512,19125,37.353516
8337,512,17958,35.074219
8338,512,17916,34.992188
8339,512,17959,35.076172
8340,512,17792,34.750000
8341,512,18000,35.156250
8342,512,18250,35.644531
8343,512,18000,35.156250
8344,512,18041,35.236328
8345,512,17959,35.076172
8346,512,18666,36.457031
8347,512,18584,36.296875
8348,512,17916,34.992188
8349,512,18583,36.294922
8350,512,18250,35.644531
8351,512,17667,34.505859
8352,512,17583,34.341797
8353,512,17791,34.748047
8354,512,17209,33.611328
8355,512,18375,35.888672
8356,512,18541,36.212891
8357,512,18042,35.238281
8358,512,17042,33.285156
8359,512,17500,34.179688
8360,512,17500,34.179688
8361,512,18625,36.376953
8362,512,17750,34.667969
8363,512,19000,37.109375
8364,512,17583,34.341797
8365,512,17792,34.750000
8366,512,17958,35.074219
8367,512,18166,35.480469
8368,512,16500,32.226562
8369,512,17333,33.853516
8370,512,17834,34.832031
8371,512,16834,32.878906
8372,512,17250,33.691406
8373,512,17042,33.285156
8374,512,17250,33.691406
8375,512,20584,40.203125
8376,512,18291,35.724609
8377,512,18334,35.808594
8378,512,18000,35.156250
8379,512,17625,34.423828
8380,512,17625,34.423828
8381,512,17500,34.179688
8382,512,17500,34.179688
8383,512,16875,32.958984
8384,512,18209,35.564453
8385,512,17583,34.341797
8386,512,17250,33.691406
8387,512,17750,34.667969
8388,512,17959,35.076172
8389,512,18416,35.968750
8390,512,17750,34.667969
8391,512,19833,38.736328
8392,512,22208,43.375000
8393,512,18500,36.132812
8394,512,17750,34.667969
8395,512,17208,33.609375
8396,512,17417,34.017578
8397,512,17667,34.505859
8398,512,17834,34.832031
8399,512,18125,35.400391
8400,512,18209,35.564453
8401,512,17625,34.423828
8402,512,16500,32.226562
8403,512,17292,33.773438
8404,512,17708,34.585938
8405,512,17583,34.341797
8406,512,17250,33.691406
8407,512,17750,34.667969
8408,512,17875,34.912109
8409,512,17166,33.527344
8410,512,17000,33.203125
8411,512,17042,33.285156
8412,512,17041,33.283203
8413,512,17417,34.017578
8414,512,16792,32.796875
8415,512,17333,33.853516
8416,512,16833,32.876953
8417,512,17125,33.447266
8418,512,16958,33.121094
8419,512,16333,31.900391
8420,512,16750,32.714844
8421,512,16875,32.958984
8422,512,17000,33.203125
8423,512,16791,32.794922
8424,512,17250,33.691406
8425,512,17333,33.853516
8426,512,16709,32.634766
8427,512,17250,33.691406
8428,512,17084,33.367188
8429,512,17000,33.203125
8430,512,17250,33.691406
8431,512,20125,39.306641
8432,512,21500,41.992188
8433,512,18250,35.644531
8434,512,35834,69.988281
8435,512,19083,37.271484
8436,512,19000,37.109375
8437,512,19166,37.433594
8438,512,19459,38.005859
8439,512,17583,34.341797
8440,512,18292,35.726562
8441,512,27916,54.523438
8442,512,18708,36.539062
8443,512,19500,38.085938
8444,512,18292,35.726562
8445,512,18583,36.294922
8446,512,18166,35.480469
8447,512,18334,35.808594
8448,512,17875,34.912109
8449,512,18167,35.482422
8450,512,17375,33.935547
8451,512,18208,35.562500
8452,512,17875,34.912109
8453,512,17750,34.667969
8454,512,18667,36.458984
8455,512,17958,35.074219
8456,512,20208,39.468750
8457,512,20542,40.121094
8458,512,17958,35.074219
8459,512,18125,35.400391
8460,512,18125,35.400391
8461,512,17917,34.994141
8462,512,17959,35.076172
8463,512,18416,35.968750
8464,512,19417,37.923828
8465,512,18500,36.132812
8466,512,18250,35.644531
8467,512,18708,36.539062
8468,512,18083,35.318359
8469,512,19042,37.191406
8470,512,17875,34.912109
8471,512,18375,35.888672
8472,512,18041,35.236328
8473,512,18750,36.621094
8474,512,17834,34.832031
8475,512,17458,34.097656
8476,512,18250,35.644531
8477,512,17708,34.585938
8478,512,18250,35.644531
8479,512,18208,35.562500
8480,512,18042,35.238281
8481,512,18125,35.400391
8482,512,18125,35.400391
8483,512,18041,35.236328
8484,512,18292,35.726562
8485,512,29083,56.802734
8486,512,20125,39.306641
8487,512,18417,35.970703
8488,512,17834,34.832031
8489,512,17792,34.750000
8490,512,18541,36.212891
8491,512,17917,34.994141
8492,512,18333,35.806641
8493,512,18875,36.865234
8494,512,22375,43.701172
8495,512,18792,36.703125
8496,512,18042,35.238281
8497,512,18042,35.238281
8498,512,17750,34.667969
8499,512,17750,34.667969
8500,512,17750,34.667969
8501,512,17833,34.830078
8502,512,18417,35.970703
8503,512,17708,34.585938
8504,512,21458,41.910156
8505,512,18292,35.726562
8506,512,18042,35.238281
8507,512,18791,36.701172
8508,512,18167,35.482422
8509,512,18166,35.480469
8510,512,18250,35.644531
8511,512,17583,34.341797
8512,512,17959,35.076172
8513,512,17500,34.179688
8514,512,17709,34.587891
8515,512,17916,34.992188
8516,512,17375,33.935547
8517,512,17459,34.099609
8518,512,20167,39.388672
8519,512,19333,37.759766
8520,512,18708,36.539062
8521,512,19542,38.167969
8522,512,19166,37.433594
8523,512,20125,39.306641
8524,512,19375,37.841797
8525,512,19042,37.191406
8526,512,18917,36.947266
8527,512,19250,37.597656
8528,512,19209,37.517578
8529,512,28292,55.257812
8530,512,18541,36.212891
8531,512,18458,36.050781
8532,512,19292,37.679688
8533,512,19250,37.597656
8534,512,18875,36.865234
8535,512,18208,35.562500
8536,512,19333,37.759766
8537,512,18875,36.865234
8538,512,18792,36.703125
8539,512,21541,42.072266
8540,512,18834,36.785156
8541,512,18750,36.621094
8542,512,19167,37.435547
8543,512,18833,36.783203
8544,512,18375,35.888672
8545,512,17625,34.423828
8546,512,19000,37.109375
8547,512,19084,37.273438
8548,512,19583,38.248047
8549,512,18333,35.806641
8550,512,18542,36.214844
8551,512,19333,37.759766
8552,512,18250,35.644531
8553,512,18000,35.156250
8554,512,18667,36.458984
8555,512,18334,35.808594
8556,512,17750,34.667969
8557,512,17792,34.750000
8558,512,18333,35.806641
8559,512,18167,35.482422
8560,512,17458,34.097656
8561,512,20917,40.853516
8562,512,18125,35.400391
8563,512,17625,34.423828
8564,512,18333,35.806641
8565,512,17667,34.505859
8566,512,18375,35.888672
8567,512,18041,35.236328
8568,512,18292,35.726562
8569,512,18000,35.156250
8570,512,18459,36.052734
8571,512,18375,35.888672
8572,512,18041,35.236328
8573,512,18250,35.644531
8574,512,18208,35.562500
8575,512,18083,35.318359
8576,512,18083,35.318359
8577,512,17708,34.585938
8578,512,18000,35.156250
8579,512,17750,34.667969
8580,512,18458,36.050781
8581,512,17958,35.074219
8582,512,18708,36.539062
8583,512,18584,36.296875
8584,512,17959,35.076172
8585,512,17792,34.750000
8586,512,17542,34.261719
8587,512,17750,34.667969
8588,512,17542,34.261719
8589,512,17333,33.853516
8590,512,17959,35.076172
8591,512,17500,34.179688
8592,512,17541,34.259766
8593,512,16834,32.878906
8594,512,17791,34.748047
8595,512,17542,34.261719
8596,512,17041,33.283203
8597,512,17709,34.587891
8598,512,17750,34.667969
8599,512,17917,34.994141
8600,512,18000,35.156250
8601,512,18041,35.236328
8602,512,18250,35.644531
8603,512,20667,40.365234
8604,512,19834,38.738281
8605,512,17542,34.261719
8606,512,18083,35.318359
8607,512,17083,33.365234
8608,512,17583,34.341797
8609,512,17792,34.750000
8610,512,17833,34.830078
8611,512,18625,36.376953
8612,512,16792,32.796875
8613,512,18000,35.156250
8614,512,17583,34.341797
8615,512,17792,34.750000
8616,512,18166,35.480469
8617,512,17417,34.017578
8618,512,18083,35.318359
8619,512,17875,34.912109
8620,512,17416,34.015625
8621,512,18167,35.482422
8622,512,18041,35.236328
8623,512,18000,35.156250
8624,512,17791,34.748047
8625,512,17417,34.017578
8626,512,16958,33.121094
8627,512,17375,33.935547
8628,512,17834,34.832031
8629,512,17583,34.341797
8630,512,17417,34.017578
8631,512,20500,40.039062
8632,512,17834,34.832031
8633,512,17625,34.423828
8634,512,17083,33.365234
8635,512,17750,34.667969
8636,512,17833,34.830078
8637,512,17709,34.587891
8638,512,17541,34.259766
8639,512,17208,33.609375
8640,512,18042,35.238281
8641,512,18000,35.156250
8642,512,17416,34.015625
8643,512,17333,33.853516
8644,512,17709,34.587891
8645,512,18541,36.212891
8646,512,18625,36.376953
8647,512,17625,34.423828
8648,512,16958,33.121094
8649,512,17375,33.935547
8650,512,17042,33.285156
8651,512,17875,34.912109
8652,512,17917,34.994141
8653,512,17833,34.830078
8654,512,18000,35.156250
8655,512,17958,35.074219
8656,512,17792,34.750000
8657,512,17791,34.748047
8658,512,17459,34.099609
8659,512,18042,35.238281
8660,512,17833,34.830078
8661,512,17208,33.609375
8662,512,17167,33.529297
8663,512,17042,33.285156
8664,512,16833,32.876953
8665,512,17958,35.074219
8666,512,17709,34.587891
8667,512,17959,35.076172
8668,512,17250,33.691406
8669,512,17583,34.341797
8670,512,17958,35.074219
8671,512,17417,34.017578
8672,512,17750,34.667969
8673,512,17542,34.261719
8674,512,17625,34.423828
8675,512,17917,34.994141
8676,512,18208,35.562500
8677,512,17542,34.261719
8678,512,18000,35.156250
8679,512,18041,35.236328
8680,512,18333,35.806641
8681,512,18209,35.564453
8682,512,17459,34.099609
8683,512,17917,34.994141
8684,512,18000,35.156250
8685,512,18125,35.400391
8686,512,18208,35.562500
8687,512,17500,34.179688
8688,512,18125,35.400391
8689,512,17709,34.587891
8690,512,18291,35.724609
8691,512,17167,33.529297
8692,512,18250,35.644531
8693,512,17417,34.017578
8694,512,17917,34.994141
8695,512,17542,34.261719
8696,512,17750,34.667969
8697,512,17083,33.365234
8698,512,16916,33.039062
8699,512,17667,34.505859
8700,512,18000,35.156250
8701,512,17750,34.667969
8702,512,18209,35.564453
8703,512,17709,34.587891
8704,512,17250,33.691406
8705,512,17833,34.830078
8706,512,17875,34.912109
8707,512,18417,35.970703
8708,512,18083,35.318359
8709,512,17167,33.529297
8710,512,17167,33.529297
8711,512,17500,34.179688
8712,512,18417,35.970703
8713,512,17917,34.994141
8714,512,17833,34.830078
8715,512,18209,35.564453
8716,512,18375,35.888672
8717,512,17708,34.585938
8718,512,17000,33.203125
8719,512,17875,34.912109
8720,512,17916,34.992188
8721,512,18167,35.482422
8722,512,17541,34.259766
8723,512,18542,36.214844
8724,512,17416,34.015625
8725,512,17417,34.017578
8726,512,17875,34.912109
8727,512,17791,34.748047
8728,512,17375,33.935547
8729,512,17792,34.750000
8730,512,17959,35.076172
8731,512,17917,34.994141
8732,512,17875,34.912109
8733,512,17917,34.994141
8734,512,17625,34.423828
8735,512,17166,33.527344
8736,512,17375,33.935547
8737,512,18167,35.482422
8738,512,17958,35.074219
8739,512,17375,33.935547
8740,512,17500,34.179688
8741,512,18125,35.400391
8742,512,18167,35.482422
8743,512,18084,35.320312
8744,512,18541,36.212891
8745,512,17667,34.505859
8746,512,17541,34.259766
8747,512,17250,33.691406
8748,512,17459,34.099609
8749,512,17666,34.503906
8750,512,17708,34.585938
8751,512,17792,34.750000
8752,512,17084,33.367188
8753,512,17750,34.667969
8754,512,17208,33.609375
8755,512,17417,34.017578
8756,512,17541,34.259766
8757,512,17334,33.855469
8758,512,18625,36.376953
8759,512,17291,33.771484
8760,512,17750,34.667969
8761,512,17583,34.341797
8762,512,16833,32.876953
8763,512,16709,32.634766
8764,512,17041,33.283203
8765,512,17625,34.423828
8766,512,17125,33.447266
8767,512,16708,32.632812
8768,512,17000,33.203125
8769,512,17750,34.667969
8770,512,17792,34.750000
8771,512,17541,34.259766
8772,512,17375,33.935547
8773,512,16834,32.878906
8774,512,17541,34.259766
8775,512,17292,33.773438
8776,512,17125,33.447266
8777,512,17333,33.853516
8778,512,17458,34.097656
8779,512,17334,33.855469
8780,512,16875,32.958984
8781,512,17167,33.529297
8782,512,17416,34.015625
8783,512,17250,33.691406
8784,512,16792,32.796875
8785,512,17041,33.283203
8786,512,18417,35.970703
8787,512,17208,33.609375
8788,512,17209,33.611328
8789,512,17125,33.447266
8790,512,18083,35.318359
8791,512,17208,33.609375
8792,512,17584,34.343750
8793,512,17916,34.992188
8794,512,17417,34.017578
8795,512,17750,34.667969
8796,512,18375,35.888672
8797,512,17417,34.017578
8798,512,17000,33.203125
8799,512,17500,34.179688
8800,512,20000,39.062500
8801,512,17125,33.447266
8802,512,17916,34.992188
8803,512,17167,33.529297
8804,512,17916,34.992188
8805,512,17292,33.773438
8806,512,17542,34.261719
8807,512,16916,33.039062
8808,512,17500,34.179688
8809,512,17250,33.691406
8810,512,16417,32.064453
8811,512,17666,34.503906
8812,512,16875,32.958984
8813,512,16375,31.982422
8814,512,16583,32.388672
8815,512,17375,33.935547
8816,512,16959,33.123047
8817,512,17916,34.992188
8818,512,16834,32.878906
8819,512,16959,33.123047
8820,512,16583,32.388672
8821,512,16666,32.550781
8822,512,16833,32.876953
8823,512,17083,33.365234
8824,512,17584,34.343750
8825,512,17792,34.750000
8826,512,17500,34.179688
8827,512,16875,32.958984
8828,512,17875,34.912109
8829,512,17708,34.585938
8830,512,17333,33.853516
8831,512,17333,33.853516
8832,512,17292,33.773438
8833,512,16875,32.958984
8834,512,17125,33.447266
8835,512,17541,34.259766
8836,512,17209,33.611328
8837,512,17625,34.423828
8838,512,17250,33.691406
8839,512,19375,37.841797
8840,512,17500,34.179688
8841,512,17708,34.585938
8842,512,17208,33.609375
8843,512,17000,33.203125
8844,512,16875,32.958984
8845,512,17041,33.283203
8846,512,16875,32.958984
8847,512,17375,33.935547
8848,512,17500,34.179688
8849,512,17167,33.529297
8850,512,17291,33.771484
8851,512,17417,34.017578
8852,512,17375,33.935547
8853,512,17334,33.855469
8854,512,16584,32.390625
8855,512,17041,33.283203
8856,512,17167,33.529297
8857,512,17500,34.179688
8858,512,16750,32.714844
8859,512,17042,33.285156
8860,512,17291,33.771484
8861,512,16834,32.878906
8862,512,17125,33.447266
8863,512,17541,34.259766
8864,512,17375,33.935547
8865,512,17625,34.423828
8866,512,16709,32.634766
8867,512,17459,34.099609
8868,512,17583,34.341797
8869,512,17792,34.750000
8870,512,17625,34.423828
8871,512,21125,41.259766
8872,512,16917,33.041016
8873,512,16959,33.123047
8874,512,17625,34.423828
8875,512,16917,33.041016
8876,512,16791,32.794922
8877,512,17458,34.097656
8878,512,16833,32.876953
8879,512,17125,33.447266
8880,512,16917,33.041016
8881,512,16875,32.958984
8882,512,16542,32.308594
8883,512,16625,32.470703
8884,512,17333,33.853516
8885,512,16584,32.390625
8886,512,16916,33.039062
8887,512,16792,32.796875
8888,512,16875,32.958984
8889,512,17125,33.447266
8890,512,16917,33.041016
8891,512,16917,33.041016
8892,512,17125,33.447266
8893,512,16916,33.039062
8894,512,16792,32.796875
8895,512,17000,33.203125
8896,512,17417,34.017578
8897,512,16625,32.470703
8898,512,16459,32.146484
8899,512,16666,32.550781
8900,512,16792,32.796875
8901,512,17917,34.994141
8902,512,19208,37.515625
8903,512,17083,33.365234
8904,512,16750,32.714844
8905,512,16875,32.958984
8906,512,16541,32.306641
8907,512,16417,32.064453
8908,512,16292,31.820312
8909,512,17875,34.912109
8910,512,17833,34.830078
8911,512,17209,33.611328
8912,512,17000,33.203125
8913,512,16792,32.796875
8914,512,17250,33.691406
8915,512,17792,34.750000
8916,512,16833,32.876953
8917,512,16583,32.388672
8918,512,17458,34.097656
8919,512,17292,33.773438
8920,512,16583,32.388672
8921,512,17458,34.097656
8922,512,17083,33.365234
8923,512,17125,33.447266
8924,512,16959,33.123047
8925,512,17291,33.771484
8926,512,17333,33.853516
8927,512,16917,33.041016
8928,512,16917,33.041016
8929,512,17584,34.343750
8930,512,17000,33.203125
8931,512,17084,33.367188
8932,512,16250,31.738281
8933,512,17250,33.691406
8934,512,16667,32.552734
8935,512,16916,33.039062
8936,512,17417,34.017578
8937,512,17292,33.773438
8938,512,17292,33.773438
8939,512,17042,33.285156
8940,512,16458,32.144531
8941,512,16958,33.121094
8942,512,17041,33.283203
8943,512,17542,34.261719
8944,512,17041,33.283203
8945,512,17209,33.611328
8946,512,17334,33.855469
8947,512,17416,34.015625
8948,512,17417,34.017578
8949,512,17708,34.585938
8950,512,16791,32.794922
8951,512,17709,34.587891
8952,512,16834,32.878906
8953,512,16959,33.123047
8954,512,17666,34.503906
8955,512,17625,34.423828
8956,512,17625,34.423828
8957,512,16875,32.958984
8958,512,17208,33.609375
8959,512,16959,33.123047
8960,512,17083,33.365234
8961,512,17167,33.529297
8962,512,17500,34.179688
8963,512,17459,34.099609
8964,512,16750,32.714844
8965,512,17583,34.341797
8966,512,16958,33.121094
8967,512,17459,34.099609
8968,512,18125,35.400391
8969,512,22459,43.865234
8970,512,22541,44.025391
8971,512,22334,43.621094
8972,512,19750,38.574219
8973,512,18250,35.644531
8974,512,17417,34.017578
8975,512,20375,39.794922
8976,512,22208,43.375000
8977,512,17208,33.609375
8978,512,20834,40.691406
8979,512,22584,44.109375
8980,512,19916,38.898438
8981,512,16500,32.226562
8982,512,16833,32.876953
8983,512,16458,32.144531
8984,512,17000,33.203125
8985,512,16167,31.576172
8986,512,17000,33.203125
8987,512,16750,32.714844
8988,512,16584,32.390625
8989,512,17208,33.609375
8990,512,16541,32.306641
8991,512,17167,33.529297
8992,512,16458,32.144531
8993,512,40583,79.263672
8994,512,19875,38.818359
8995,512,19041,37.189453
8996,512,17334,33.855469
8997,512,18250,35.644531
8998,512,17958,35.074219
8999,512,17750,34.667969
9000,512,17083,33.365234
9001,512,17709,34.587891
9002,512,17792,34.750000
9003,512,17500,34.179688
9004,512,17417,34.017578
9005,512,18334,35.808594
9006,512,17041,33.283203
9007,512,16833,32.876953
9008,512,17250,33.691406
9009,512,20125,39.306641
9010,512,18417,35.970703
9011,512,17542,34.261719
9012,512,17916,34.992188
9013,512,17625,34.423828
9014,512,18000,35.156250
9015,512,17292,33.773438
9016,512,17417,34.017578
9017,512,17792,34.750000
9018,512,17625,34.423828
9019,512,17708,34.585938
9020,512,17667,34.505859
9021,512,18417,35.970703
9022,512,18250,35.644531
9023,512,17833,34.830078
9024,512,17375,33.935547
9025,512,16833,32.876953
9026,512,17084,33.367188
9027,512,17625,34.423828
9028,512,17292,33.773438
9029,512,17666,34.503906
9030,512,17417,34.017578
9031,512,17667,34.505859
9032,512,17750,34.667969
9033,512,17334,33.855469
9034,512,17291,33.771484
9035,512,17625,34.423828
9036,512,16875,32.958984
9037,512,18459,36.052734
9038,512,17041,33.283203
9039,512,17875,34.912109
9040,512,17042,33.285156
9041,512,16959,33.123047
9042,512,18333,35.806641
9043,512,18167,35.482422
9044,512,17750,34.667969
9045,512,17334,33.855469
9046,512,17416,34.015625
9047,512,17375,33.935547
9048,512,18208,35.562500
9049,512,18417,35.970703
9050,512,17416,34.015625
9051,512,17750,34.667969
9052,512,21542,42.074219
9053,512,21625,42.236328
9054,512,17416,34.015625
9055,512,17250,33.691406
9056,512,17292,33.773438
9057,512,17166,33.527344
9058,512,17209,33.611328
9059,512,16916,33.039062
9060,512,18667,36.458984
9061,512,17375,33.935547
9062,512,17666,34.503906
9063,512,17709,34.587891
9064,512,17375,33.935547
9065,512,17625,34.423828
9066,512,17292,33.773438
9067,512,17708,34.585938
9068,512,17750,34.667969
9069,512,17917,34.994141
9070,512,17459,34.099609
9071,512,17334,33.855469
9072,512,18209,35.564453
9073,512,17875,34.912109
9074,512,17834,34.832031
9075,512,17458,34.097656
9076,512,17125,33.447266
9077,512,17917,34.994141
9078,512,22167,43.294922
9079,512,22458,43.863281
9080,512,20167,39.388672
9081,512,18333,35.806641
9082,512,17542,34.261719
9083,512,17958,35.074219
9084,512,18000,35.156250
9085,512,17625,34.423828
9086,512,17959,35.076172
9087,512,17750,34.667969
9088,512,18417,35.970703
9089,512,20542,40.121094
9090,512,17375,33.935547
9091,512,17584,34.343750
9092,512,17459,34.099609
9093,512,21375,41.748047
9094,512,18334,35.808594
9095,512,18041,35.236328
9096,512,22458,43.863281
9097,512,22209,43.376953
9098,512,21000,41.015625
9099,512,22833,44.595703
9100,512,20500,40.039062
9101,512,19709,38.494141
9102,512,22125,43.212891
9103,512,18000,35.156250
9104,512,17792,34.750000
9105,512,17333,33.853516
9106,512,17416,34.015625
9107,512,17542,34.261719
9108,512,17417,34.017578
9109,512,17958,35.074219
9110,512,18084,35.320312
9111,512,16375,31.982422
9112,512,18000,35.156250
9113,512,17042,33.285156
9114,512,16750,32.714844
9115,512,17292,33.773438
9116,512,17500,34.179688
9117,512,17958,35.074219
9118,512,17333,33.853516
9119,512,17167,33.529297
9120,512,17333,33.853516
9121,512,17250,33.691406
9122,512,17666,34.503906
9123,512,17542,34.261719
9124,512,17833,34.830078
9125,512,17792,34.750000
9126,512,17750,34.667969
9127,512,17542,34.261719
9128,512,17708,34.585938
9129,512,18125,35.400391
9130,512,18250,35.644531
9131,512,18042,35.238281
9132,512,18125,35.400391
9133,512,18042,35.238281
9134,512,17667,34.505859
9135,512,18375,35.888672
9136,512,17541,34.259766
9137,512,17458,34.097656
9138,512,17375,33.935547
9139,512,17042,33.285156
9140,512,17875,34.912109
9141,512,18042,35.238281
9142,512,17583,34.341797
9143,512,17708,34.585938
9144,512,17291,33.771484
9145,512,18167,35.482422
9146,512,17833,34.830078
9147,512,18333,35.806641
9148,512,18333,35.806641
9149,512,18542,36.214844
9150,512,17750,34.667969
9151,512,18208,35.562500
9152,512,17584,34.343750
9153,512,18042,35.238281
9154,512,18250,35.644531
9155,512,17458,34.097656
9156,512,18708,36.539062
9157,512,17750,34.667969
9158,512,18000,35.156250
9159,512,17709,34.587891
9160,512,18541,36.212891
9161,512,17959,35.076172
9162,512,17667,34.505859
9163,512,17416,34.015625
9164,512,18292,35.726562
9165,512,17750,34.667969
9166,512,17958,35.074219
9167,512,17125,33.447266
9168,512,18042,35.238281
9169,512,17958,35.074219
9170,512,17583,34.341797
9171,512,17250,33.691406
9172,512,18000,35.156250
9173,512,17875,34.912109
9174,512,17459,34.099609
9175,512,17916,34.992188
9176,512,17834,34.832031
9177,512,17666,34.503906
9178,512,17875,34.912109
9179,512,17417,34.017578
9180,512,18125,35.400391
9181,512,18042,35.238281
9182,512,17667,34.505859
9183,512,17625,34.423828
9184,512,17583,34.341797
9185,512,18083,35.318359
9186,512,17625,34.423828
9187,512,17250,33.691406
9188,512,17125,33.447266
9189,512,17459,34.099609
9190,512,18084,35.320312
9191,512,17916,34.992188
9192,512,17333,33.853516
9193,512,18375,35.888672
9194,512,17334,33.855469
9195,512,17500,34.179688
9196,512,17542,34.261719
9197,512,17333,33.853516
9198,512,18375,35.888672
9199,512,18084,35.320312
9200,512,18250,35.644531
9201,512,17958,35.074219
9202,512,18000,35.156250
9203,512,17667,34.505859
9204,512,18000,35.156250
9205,512,17750,34.667969
9206,512,18209,35.564453
9207,512,17958,35.074219
9208,512,17958,35.074219
9209,512,18000,35.156250
9210,512,17375,33.935547
9211,512,18125,35.400391
9212,512,18000,35.156250
9213,512,16833,32.876953
9214,512,17458,34.097656
9215,512,17542,34.261719
9216,512,17750,34.667969
9217,512,17917,34.994141
9218,512,17416,34.015625
9219,512,17792,34.750000
9220,512,18083,35.318359
9221,512,18042,35.238281
9222,512,18000,35.156250
9223,512,17583,34.341797
9224,512,17500,34.179688
9225,512,17750,34.667969
9226,512,16958,33.121094
9227,512,17292,33.773438
9228,512,18541,36.212891
9229,512,17667,34.505859
9230,512,17458,34.097656
9231,512,17750,34.667969
9232,512,17875,34.912109
9233,512,17833,34.830078
9234,512,17208,33.609375
9235,512,17875,34.912109
9236,512,17958,35.074219
9237,512,17541,34.259766
9238,512,17584,34.343750
9239,512,18041,35.236328
9240,512,18084,35.320312
9241,512,17958,35.074219
9242,512,17666,34.503906
9243,512,17625,34.423828
9244,512,16834,32.878906
9245,512,18334,35.808594
9246,512,17916,34.992188
9247,512,17292,33.773438
9248,512,17625,34.423828
9249,512,18000,35.156250
9250,512,17291,33.771484
9251,512,17708,34.585938
9252,512,17459,34.099609
9253,512,17375,33.935547
9254,512,17375,33.935547
9255,512,16958,33.121094
9256,512,17208,33.609375
9257,512,16833,32.876953
9258,512,17292,33.773438
9259,512,17750,34.667969
9260,512,17250,33.691406
9261,512,17375,33.935547
9262,512,17250,33.691406
9263,512,16958,33.121094
9264,512,17250,33.691406
9265,512,18000,35.156250
9266,512,17459,34.099609
9267,512,16917,33.041016
9268,512,17000,33.203125
9269,512,17458,34.097656
9270,512,17084,33.367188
9271,512,17333,33.853516
9272,512,17583,34.341797
9273,512,17250,33.691406
9274,512,17208,33.609375
9275,512,17667,34.505859
9276,512,17250,33.691406
9277,512,17833,34.830078
9278,512,18041,35.236328
9279,512,17583,34.341797
9280,512,18167,35.482422
9281,512,18417,35.970703
9282,512,17958,35.074219
9283,512,17750,34.667969
9284,512,17417,34.017578
9285,512,18459,36.052734
9286,512,18041,35.236328
9287,512,17625,34.423828
9288,512,17458,34.097656
9289,512,17542,34.261719
9290,512,18042,35.238281
9291,512,17333,33.853516
9292,512,17958,35.074219
9293,512,17292,33.773438
9294,512,16875,32.958984
9295,512,18125,35.400391
9296,512,17709,34.587891
9297,512,17709,34.587891
9298,512,17625,34.423828
9299,512,18416,35.968750
9300,512,18000,35.156250
9301,512,17083,33.365234
9302,512,18042,35.238281
9303,512,17625,34.423828
9304,512,17666,34.503906
9305,512,17833,34.830078
9306,512,17167,33.529297
9307,512,17542,34.261719
9308,512,17000,33.203125
9309,512,16792,32.796875
9310,512,17375,33.935547
9311,512,18000,35.156250
9312,512,17750,34.667969
9313,512,17084,33.367188
9314,512,17584,34.343750
9315,512,17291,33.771484
9316,512,17542,34.261719
9317,512,18125,35.400391
9318,512,18250,35.644531
9319,512,18000,35.156250
9320,512,17333,33.853516
9321,512,17875,34.912109
9322,512,17833,34.830078
9323,512,17500,34.179688
9324,512,17125,33.447266
9325,512,18875,36.865234
9326,512,17875,34.912109
9327,512,18542,36.214844
9328,512,17125,33.447266
9329,512,17625,34.423828
9330,512,16916,33.039062
9331,512,17917,34.994141
9332,512,17625,34.423828
9333,512,18250,35.644531
9334,512,18208,35.562500
9335,512,17458,34.097656
9336,512,17709,34.587891
9337,512,17375,33.935547
9338,512,17042,33.285156
9339,512,17458,34.097656
9340,512,18083,35.318359
9341,512,21208,41.421875
9342,512,22625,44.189453
9343,512,22500,43.945312
9344,512,17417,34.017578
9345,512,17875,34.912109
9346,512,17166,33.527344
9347,512,17625,34.423828
9348,512,17750,34.667969
9349,512,17875,34.912109
9350,512,17375,33.935547
9351,512,18083,35.318359
9352,512,17584,34.343750
9353,512,17291,33.771484
9354,512,17292,33.773438
9355,512,17542,34.261719
9356,512,17500,34.179688
9357,512,18125,35.400391
9358,512,17584,34.343750
9359,512,17416,34.015625
9360,512,21667,42.318359
9361,512,29625,57.861328
9362,512,35125,68.603516
9363,512,16541,32.306641
9364,512,16000,31.250000
9365,512,16125,31.494141
9366,512,15250,29.785156
9367,512,19250,37.597656
9368,512,19708,38.492188
9369,512,16917,33.041016
9370,512,15833,30.923828
9371,512,16292,31.820312
9372,512,16291,31.818359
9373,512,16334,31.902344
9374,512,15917,31.087891
9375,512,15833,30.923828
9376,512,15333,29.947266
9377,512,16333,31.900391
9378,512,16000,31.250000
9379,512,15833,30.923828
9380,512,16292,31.820312
9381,512,16125,31.494141
9382,512,15750,30.761719
9383,512,15917,31.087891
9384,512,15667,30.599609
9385,512,16083,31.412109
9386,512,15750,30.761719
9387,512,15708,30.679688
9388,512,15292,29.867188
9389,512,16042,31.332031
9390,512,16250,31.738281
9391,512,15875,31.005859
9392,512,15959,31.169922
9393,512,16750,32.714844
9394,512,16625,32.470703
9395,512,15666,30.597656
9396,512,14958,29.214844
9397,512,18959,37.029297
9398,512,18000,35.156250
9399,512,16334,31.902344
9400,512,16250,31.738281
9401,512,15959,31.169922
9402,512,15541,30.353516
9403,512,15542,30.355469
9404,512,15500,30.273438
9405,512,15916,31.085938
9406,512,15958,31.167969
9407,512,15750,30.761719
9408,512,15834,30.925781
9409,512,15542,30.355469
9410,512,15875,31.005859
9411,512,16125,31.494141
9412,512,15541,30.353516
9413,512,17458,34.097656
9414,512,17333,33.853516
9415,512,17542,34.261719
9416,512,16833,32.876953
9417,512,16458,32.144531
9418,512,17000,33.203125
9419,512,17791,34.748047
9420,512,16375,31.982422
9421,512,17416,34.015625
9422,512,16750,32.714844
9423,512,17000,33.203125
9424,512,16958,33.121094
9425,512,17334,33.855469
9426,512,17125,33.447266
9427,512,17125,33.447266
9428,512,16375,31.982422
9429,512,17917,34.994141
9430,512,17167,33.529297
9431,512,17166,33.527344
9432,512,16792,32.796875
9433,512,16958,33.121094
9434,512,16708,32.632812
9435,512,16917,33.041016
9436,512,17291,33.771484
9437,512,17167,33.529297
9438,512,17209,33.611328
9439,512,17375,33.935547
9440,512,17417,34.017578
9441,512,16792,32.796875
9442,512,16667,32.552734
9443,512,16500,32.226562
9444,512,16833,32.876953
9445,512,16917,33.041016
9446,512,17250,33.691406
9447,512,16666,32.550781
9448,512,17375,33.935547
9449,512,17208,33.609375
9450,512,17500,34.179688
9451,512,17125,33.447266
9452,512,17166,33.527344
9453,512,17084,33.367188
9454,512,16834,32.878906
9455,512,16916,33.039062
9456,512,17000,33.203125
9457,512,16458,32.144531
9458,512,16917,33.041016
9459,512,16833,32.876953
9460,512,16833,32.876953
9461,512,17292,33.773438
9462,512,17625,34.423828
9463,512,17209,33.611328
9464,512,17291,33.771484
9465,512,16875,32.958984
9466,512,17542,34.261719
9467,512,17625,34.423828
9468,512,17084,33.367188
9469,512,17042,33.285156
9470,512,17500,34.179688
9471,512,17042,33.285156
9472,512,17500,34.179688
9473,512,17041,33.283203
9474,512,17417,34.017578
9475,512,17541,34.259766
9476,512,17667,34.505859
9477,512,16750,32.714844
9478,512,17250,33.691406
9479,512,16959,33.123047
9480,512,16792,32.796875
9481,512,17417,34.017578
9482,512,16792,32.796875
9483,512,17083,33.365234
9484,512,16833,32.876953
9485,512,16459,32.146484
9486,512,16750,32.714844
9487,512,17084,33.367188
9488,512,17250,33.691406
9489,512,15916,31.085938
9490,512,20417,39.876953
9491,512,18417,35.970703
9492,512,18166,35.480469
9493,512,18084,35.320312
9494,512,17583,34.341797
9495,512,16708,32.632812
9496,512,17875,34.912109
9497,512,17875,34.912109
9498,512,16958,33.121094
9499,512,17416,34.015625
9500,512,17334,33.855469
9501,512,17875,34.912109
9502,512,18000,35.156250
9503,512,20750,40.527344
9504,512,17333,33.853516
9505,512,17084,33.367188
9506,512,17084,33.367188
9507,512,17208,33.609375
9508,512,16958,33.121094
9509,512,16625,32.470703
9510,512,16875,32.958984
9511,512,17875,34.912109
9512,512,16750,32.714844
9513,512,17542,34.261719
9514,512,17417,34.017578
9515,512,17166,33.527344
9516,512,16542,32.308594
9517,512,16708,32.632812
9518,512,17625,34.423828
9519,512,16667,32.552734
9520,512,16833,32.876953
9521,512,17250,33.691406
9522,512,17500,34.179688
9523,512,16625,32.470703
9524,512,17209,33.611328
9525,512,17291,33.771484
9526,512,16542,32.308594
9527,512,17208,33.609375
9528,512,16958,33.121094
9529,512,18083,35.318359
9530,512,17250,33.691406
9531,512,17125,33.447266
9532,512,16834,32.878906
9533,512,19541,38.166016
9534,512,18875,36.865234
9535,512,18000,35.156250
9536,512,17791,34.748047
9537,512,17667,34.505859
9538,512,17542,34.261719
9539,512,16791,32.794922
9540,512,17667,34.505859
9541,512,16917,33.041016
9542,512,17291,33.771484
9543,512,17334,33.855469
9544,512,17416,34.015625
9545,512,17542,34.261719
9546,512,21208,41.421875
9547,512,17542,34.261719
9548,512,18083,35.318359
9549,512,17875,34.912109
9550,512,18042,35.238281
9551,512,16833,32.876953
9552,512,17041,33.283203
9553,512,17000,33.203125
9554,512,16667,32.552734
9555,512,17875,34.912109
9556,512,16709,32.634766
9557,512,17416,34.015625
9558,512,17625,34.423828
9559,512,17083,33.365234
9560,512,40792,79.671875
9561,512,22875,44.677734
9562,512,18500,36.132812
9563,512,18250,35.644531
9564,512,18292,35.726562
9565,512,19083,37.271484
9566,512,18542,36.214844
9567,512,17875,34.912109
9568,512,17875,34.912109
9569,512,17500,34.179688
9570,512,17416,34.015625
9571,512,17833,34.830078
9572,512,17750,34.667969
9573,512,18584,36.296875
9574,512,17625,34.423828
9575,512,18375,35.888672
9576,512,17667,34.505859
9577,512,18333,35.806641
9578,512,18542,36.214844
9579,512,18083,35.318359
9580,512,17792,34.750000
9581,512,17833,34.830078
9582,512,17667,34.505859
9583,512,17375,33.935547
9584,512,17833,34.830078
9585,512,17750,34.667969
9586,512,17542,34.261719
9587,512,18291,35.724609
9588,512,17709,34.587891
9589,512,18000,35.156250
9590,512,17666,34.503906
9591,512,18167,35.482422
9592,512,17625,34.423828
9593,512,17833,34.830078
9594,512,18333,35.806641
9595,512,18208,35.562500
9596,512,18000,35.156250
9597,512,18875,36.865234
9598,512,18125,35.400391
9599,512,17459,34.099609
9600,512,18500,36.132812
9601,512,20833,40.689453
9602,512,19417,37.923828
9603,512,20667,40.365234
9604,512,23250,45.410156
9605,512,21958,42.886719
9606,512,20500,40.039062
9607,512,17334,33.855469
9608,512,17958,35.074219
9609,512,17417,34.017578
9610,512,21042,41.097656
9611,512,21750,42.480469
9612,512,21500,41.992188
9613,512,21625,42.236328
9614,512,21667,42.318359
9615,512,18291,35.724609
9616,512,21250,41.503906
9617,512,20917,40.853516
9618,512,18042,35.238281
9619,512,17916,34.992188
9620,512,17709,34.587891
9621,512,17834,34.832031
9622,512,18042,35.238281
9623,512,18000,35.156250
9624,512,18000,35.156250
9625,512,17875,34.912109
9626,512,16916,33.039062
9627,512,18375,35.888672
9628,512,18167,35.482422
9629,512,18083,35.318359
9630,512,18000,35.156250
9631,512,18250,35.644531
9632,512,17750,34.667969
9633,512,18000,35.156250
9634,512,17459,34.099609
9635,512,18041,35.236328
9636,512,18000,35.156250
9637,512,18250,35.644531
9638,512,17875,34.912109
9639,512,17583,34.341797
9640,512,17709,34.587891
9641,512,21750,42.480469
9642,512,18583,36.294922
9643,512,18125,35.400391
9644,512,18167,35.482422
9645,512,18833,36.783203
9646,512,18708,36.539062
9647,512,18292,35.726562
9648,512,18750,36.621094
9649,512,18083,35.318359
9650,512,18084,35.320312
9651,512,18291,35.724609
9652,512,18875,36.865234
9653,512,18250,35.644531
9654,512,18417,35.970703
9655,512,18125,35.400391
9656,512,18750,36.621094
9657,512,17917,34.994141
9658,512,17917,34.994141
9659,512,18417,35.970703
9660,512,18000,35.156250
9661,512,18041,35.236328
9662,512,17375,33.935547
9663,512,17958,35.074219
9664,512,17958,35.074219
9665,512,18250,35.644531
9666,512,17875,34.912109
9667,512,17834,34.832031
9668,512,17500,34.179688
9669,512,17750,34.667969
9670,512,18000,35.156250
9671,512,16625,32.470703
9672,512,17583,34.341797
9673,512,18083,35.318359
9674,512,18334,35.808594
9675,512,18708,36.539062
9676,512,17916,34.992188
9677,512,17292,33.773438
9678,512,18000,35.156250
9679,512,17666,34.503906
9680,512,17792,34.750000
9681,512,18125,35.400391
9682,512,18250,35.644531
9683,512,18417,35.970703
9684,512,17458,34.097656
9685,512,17459,34.099609
9686,512,18084,35.320312
9687,512,17292,33.773438
9688,512,18458,36.050781
9689,512,17500,34.179688
9690,512,17584,34.343750
9691,512,18291,35.724609
9692,512,17459,34.099609
9693,512,17500,34.179688
9694,512,16958,33.121094
9695,512,17958,35.074219
9696,512,18208,35.562500
9697,512,17667,34.505859
9698,512,18500,36.132812
9699,512,18167,35.482422
9700,512,18292,35.726562
9701,512,18125,35.400391
9702,512,17667,34.505859
9703,512,17625,34.423828
9704,512,17041,33.283203
9705,512,21042,41.097656
9706,512,18625,36.376953
9707,512,20125,39.306641
9708,512,21833,42.642578
9709,512,20333,39.712891
9710,512,17834,34.832031
9711,512,18209,35.564453
9712,512,17666,34.503906
9713,512,18167,35.482422
9714,512,18083,35.318359
9715,512,20542,40.121094
9716,512,22209,43.376953
9717,512,22292,43.539062
9718,512,19875,38.818359
9719,512,18375,35.888672
9720,512,17250,33.691406
9721,512,17792,34.750000
9722,512,17833,34.830078
9723,512,17167,33.529297
9724,512,18291,35.724609
9725,512,17875,34.912109
9726,512,17875,34.912109
9727,512,17625,34.423828
9728,512,17084,33.367188
9729,512,17459,34.099609
9730,512,17709,34.587891
9731,512,17334,33.855469
9732,512,17167,33.529297
9733,512,17458,34.097656
9734,512,18166,35.480469
9735,512,17834,34.832031
9736,512,18417,35.970703
9737,512,17833,34.830078
9738,512,18000,35.156250
9739,512,18208,35.562500
9740,512,17667,34.505859
9741,512,18291,35.724609
9742,512,17709,34.587891
9743,512,18125,35.400391
9744,512,17791,34.748047
9745,512,17792,34.750000
9746,512,17583,34.341797
9747,512,18083,35.318359
9748,512,17917,34.994141
9749,512,18291,35.724609
9750,512,18334,35.808594
9751,512,18459,36.052734
9752,512,18625,36.376953
9753,512,17709,34.587891
9754,512,17584,34.343750
9755,512,17917,34.994141
9756,512,17458,34.097656
9757,512,18500,36.132812
9758,512,18083,35.318359
9759,512,18292,35.726562
9760,512,17916,34.992188
9761,512,18167,35.482422
9762,512,18500,36.132812
9763,512,18125,35.400391
9764,512,17833,34.830078
9765,512,18083,35.318359
9766,512,18417,35.970703
9767,512,17833,34.830078
9768,512,17750,34.667969
9769,512,17792,34.750000
9770,512,17916,34.992188
9771,512,18250,35.644531
9772,512,17917,34.994141
9773,512,18208,35.562500
9774,512,18084,35.320312
9775,512,18291,35.724609
9776,512,17667,34.505859
9777,512,18292,35.726562
9778,512,18250,35.644531
9779,512,18500,36.132812
9780,512,17791,34.748047
9781,512,17625,34.423828
9782,512,17792,34.750000
9783,512,17667,34.505859
9784,512,18000,35.156250
9785,512,17792,34.750000
9786,512,17375,33.935547
9787,512,17625,34.423828
9788,512,18083,35.318359
9789,512,18250,35.644531
9790,512,18000,35.156250
9791,512,17666,34.503906
9792,512,17375,33.935547
9793,512,17541,34.259766
9794,512,35875,70.068359
9795,512,19041,37.189453
9796,512,18417,35.970703
9797,512,17000,33.203125
9798,512,18166,35.480469
9799,512,18083,35.318359
9800,512,18417,35.970703
9801,512,18583,36.294922
9802,512,18250,35.644531
9803,512,17708,34.585938
9804,512,17875,34.912109
9805,512,18042,35.238281
9806,512,18125,35.400391
9807,512,17917,34.994141
9808,512,18333,35.806641
9809,512,18542,36.214844
9810,512,18125,35.400391
9811,512,18250,35.644531
9812,512,17625,34.423828
9813,512,17667,34.505859
9814,512,17791,34.748047
9815,512,18542,36.214844
9816,512,17417,34.017578
9817,512,17167,33.529297
9818,512,17958,35.074219
9819,512,17750,34.667969
9820,512,17250,33.691406
9821,512,18708,36.539062
9822,512,17500,34.179688
9823,512,17083,33.365234
9824,512,17500,34.179688
9825,512,17583,34.341797
9826,512,17167,33.529297
9827,512,20417,39.876953
9828,512,22083,43.130859
9829,512,22000,42.968750
9830,512,17792,34.750000
9831,512,17459,34.099609
9832,512,17250,33.691406
9833,512,18709,36.541016
9834,512,20750,40.527344
9835,512,17500,34.179688
9836,512,18125,35.400391
9837,512,18458,36.050781
9838,512,18167,35.482422
9839,512,18166,35.480469
9840,512,17750,34.667969
9841,512,18334,35.808594
9842,512,17625,34.423828
9843,512,17875,34.912109
9844,512,17625,34.423828
9845,512,18333,35.806641
9846,512,18333,35.806641
9847,512,17750,34.667969
9848,512,18458,36.050781
9849,512,17583,34.341797
9850,512,18084,35.320312
9851,512,18000,35.156250
9852,512,17833,34.830078
9853,512,18208,35.562500
9854,512,18542,36.214844
9855,512,18625,36.376953
9856,512,18209,35.564453
9857,512,18209,35.564453
9858,512,18333,35.806641
9859,512,18167,35.482422
9860,512,17791,34.748047
9861,512,17792,34.750000
9862,512,17666,34.503906
9863,512,18333,35.806641
9864,512,18209,35.564453
9865,512,19125,37.353516
9866,512,18375,35.888672
9867,512,18958,37.027344
9868,512,17583,34.341797
9869,512,18208,35.562500
9870,512,17834,34.832031
9871,512,17959,35.076172
9872,512,17625,34.423828
9873,512,17750,34.667969
9874,512,17875,34.912109
9875,512,18167,35.482422
9876,512,17833,34.830078
9877,512,17375,33.935547
9878,512,18375,35.888672
9879,512,17375,33.935547
9880,512,18500,36.132812
9881,512,18125,35.400391
9882,512,18709,36.541016
9883,512,18250,35.644531
9884,512,18333,35.806641
9885,512,18666,36.457031
9886,512,17875,34.912109
9887,512,17417,34.017578
9888,512,17917,34.994141
9889,512,17833,34.830078
9890,512,17833,34.830078
9891,512,18875,36.865234
9892,512,17959,35.076172
9893,512,18000,35.156250
9894,512,17166,33.527344
9895,512,17917,34.994141
9896,512,18000,35.156250
9897,512,18083,35.318359
9898,512,17709,34.587891
9899,512,17583,34.341797
9900,512,17958,35.074219
9901,512,18084,35.320312
9902,512,18125,35.400391
9903,512,17583,34.341797
9904,512,17875,34.912109
9905,512,17625,34.423828
9906,512,17875,34.912109
9907,512,17750,34.667969
9908,512,18083,35.318359
9909,512,18750,36.621094
9910,512,17792,34.750000
9911,512,18916,36.945312
9912,512,17667,34.505859
9913,512,18209,35.564453
9914,512,18166,35.480469
9915,512,17584,34.343750
9916,512,17583,34.341797
9917,512,17833,34.830078
9918,512,17542,34.261719
9919,512,17875,34.912109
9920,512,17666,34.503906
9921,512,33667,65.755859
9922,512,18250,35.644531
9923,512,18041,35.236328
9924,512,18417,35.970703
9925,512,17166,33.527344
9926,512,17583,34.341797
9927,512,17792,34.750000
9928,512,17875,34.912109
9929,512,17708,34.585938
9930,512,18250,35.644531
9931,512,17375,33.935547
9932,512,17375,33.935547
9933,512,18166,35.480469
9934,512,17709,34.587891
9935,512,17084,33.367188
9936,512,17250,33.691406
9937,512,17250,33.691406
9938,512,17416,34.015625
9939,512,17833,34.830078
9940,512,17875,34.912109
9941,512,17792,34.750000
9942,512,17541,34.259766
9943,512,17375,33.935547
9944,512,17625,34.423828
9945,512,16958,33.121094
9946,512,17666,34.503906
9947,512,16792,32.796875
9948,512,17459,34.099609
9949,512,17625,34.423828
9950,512,17500,34.179688
9951,512,17375,33.935547
9952,512,17292,33.773438
9953,512,17583,34.341797
9954,512,17458,34.097656
9955,512,17167,33.529297
9956,512,17333,33.853516
9957,512,17583,34.341797
9958,512,17542,34.261719
9959,512,17250,33.691406
9960,512,17291,33.771484
9961,512,17583,34.341797
9962,512,18125,35.400391
9963,512,17500,34.179688
9964,512,17375,33.935547
9965,512,17208,33.609375
9966,512,17042,33.285156
9967,512,17834,34.832031
9968,512,17834,34.832031
9969,512,18292,35.726562
9970,512,17666,34.503906
9971,512,17625,34.423828
9972,512,17291,33.771484
9973,512,17833,34.830078
9974,512,17834,34.832031
9975,512,17750,34.667969
9976,512,17417,34.017578
9977,512,17500,34.179688
9978,512,18083,35.318359
9979,512,17333,33.853516
9980,512,17500,34.179688
9981,512,17666,34.503906
9982,512,17667,34.505859
9983,512,17583,34.341797
9984,512,17875,34.912109
9985,512,17583,34.341797
9986,512,17500,34.179688
9987,512,18084,35.320312
9988,512,18083,35.318359
9989,512,17791,34.748047
9990,512,17833,34.830078
9991,512,17875,34.912109
9992,512,17667,34.505859
9993,512,17792,34.750000
9994,512,17959,35.076172
9995,512,17750,34.667969
9996,512,17917,34.994141
9997,512,17958,35.074219
9998,512,18083,35.318359
9999,512,17500,34.179688
10000,512,18542,36.214844
10001,512,18375,35.888672
10002,512,17459,34.099609
10003,512,18416,35.968750
10004,512,17750,34.667969
10005,512,17500,34.179688
10006,512,18292,35.726562
10007,512,17416,34.015625
10008,512,17917,34.994141
10009,512,17667,34.505859
10010,512,17458,34.097656
10011,512,18250,35.644531
10012,512,17708,34.585938
10013,512,17667,34.505859
10014,512,17916,34.992188
10015,512,17750,34.667969
10016,512,17084,33.367188
10017,512,17625,34.423828
10018,512,17709,34.587891
10019,512,17916,34.992188
10020,512,18250,35.644531
10021,512,17458,34.097656
10022,512,17459,34.099609
10023,512,17791,34.748047
10024,512,17917,34.994141
10025,512,17625,34.423828
10026,512,17667,34.505859
10027,512,18333,35.806641
10028,512,18125,35.400391
10029,512,17959,35.076172
10030,512,17083,33.365234
10031,512,18000,35.156250
10032,512,17541,34.259766
10033,512,17959,35.076172
10034,512,18000,35.156250
10035,512,17458,34.097656
10036,512,17375,33.935547
10037,512,18208,35.562500
10038,512,17291,33.771484
10039,512,17458,34.097656
10040,512,17667,34.505859
10041,512,17916,34.992188
10042,512,17542,34.261719
10043,512,18167,35.482422
10044,512,17625,34.423828
10045,512,17500,34.179688
10046,512,17375,33.935547
10047,512,17458,34.097656
10048,512,17792,34.750000
10049,512,17834,34.832031
10050,512,17166,33.527344
10051,512,17042,33.285156
10052,512,17625,34.423828
10053,512,18083,35.318359
10054,512,17208,33.609375
10055,512,17916,34.992188
10056,512,17875,34.912109
10057,512,18458,36.050781
10058,512,17584,34.343750
10059,512,18209,35.564453
10060,512,17708,34.585938
10061,512,17958,35.074219
10062,512,17667,34.505859
10063,512,17625,34.423828
10064,512,17625,34.423828
10065,512,18458,36.050781
10066,512,18208,35.562500
10067,512,17625,34.423828
10068,512,17417,34.017578
10069,512,17458,34.097656
10070,512,16916,33.039062
10071,512,17375,33.935547
10072,512,17792,34.750000
10073,512,18042,35.238281
10074,512,17833,34.830078
10075,512,17916,34.992188
10076,512,17834,34.832031
10077,512,17541,34.259766
10078,512,17125,33.447266
10079,512,17667,34.505859
10080,512,18167,35.482422
10081,512,18125,35.400391
10082,512,17792,34.750000
10083,512,17750,34.667969
10084,512,17625,34.423828
10085,512,17708,34.585938
10086,512,17792,34.750000
10087,512,18250,35.644531
10088,512,17083,33.365234
10089,512,17500,34.179688
10090,512,17750,34.667969
10091,512,17750,34.667969
10092,512,18125,35.400391
10093,512,17584,34.343750
10094,512,17375,33.935547
10095,512,17666,34.503906
10096,512,17625,34.423828
10097,512,17709,34.587891
10098,512,17958,35.074219
10099,512,17833,34.830078
10100,512,17542,34.261719
10101,512,18000,35.156250
10102,512,17625,34.423828
10103,512,18375,35.888672
10104,512,18167,35.482422
10105,512,17458,34.097656
10106,512,17250,33.691406
10107,512,18292,35.726562
10108,512,17958,35.074219
10109,512,18083,35.318359
10110,512,17625,34.423828
10111,512,23208,45.328125
10112,512,18292,35.726562
10113,512,17500,34.179688
10114,512,17792,34.750000
10115,512,17583,34.341797
10116,512,17709,34.587891
10117,512,17333,33.853516
10118,512,18000,35.156250
10119,512,18042,35.238281
10120,512,18208,35.562500
10121,512,17167,33.529297
10122,512,17125,33.447266
10123,512,18125,35.400391
10124,512,17667,34.505859
10125,512,17958,35.074219
10126,512,17750,34.667969
10127,512,18167,35.482422
10128,512,18333,35.806641
10129,512,18209,35.564453
10130,512,17667,34.505859
10131,512,17542,34.261719
10132,512,17459,34.099609
10133,512,17708,34.585938
10134,512,17583,34.341797
10135,512,18084,35.320312
10136,512,18125,35.400391
10137,512,18334,35.808594
10138,512,18250,35.644531
10139,512,17917,34.994141
10140,512,17750,34.667969
10141,512,17625,34.423828
10142,512,17792,34.750000
10143,512,17542,34.261719
10144,512,17333,33.853516
10145,512,18375,35.888672
10146,512,18250,35.644531
10147,512,17792,34.750000
10148,512,17208,33.609375
10149,512,17625,34.423828
10150,512,17708,34.585938
10151,512,18042,35.238281
10152,512,16959,33.123047
10153,512,17209,33.611328
10154,512,17750,34.667969
10155,512,18167,35.482422
10156,512,18041,35.236328
10157,512,17667,34.505859
10158,512,17375,33.935547
10159,512,18417,35.970703
10160,512,18375,35.888672
10161,512,17625,34.423828
10162,512,17625,34.423828
10163,512,17666,34.503906
10164,512,18167,35.482422
10165,512,18208,35.562500
10166,512,18417,35.970703
10167,512,16916,33.039062
10168,512,17792,34.750000
10169,512,19500,38.085938
10170,512,19375,37.841797
10171,512,17917,34.994141
10172,512,17416,34.015625
10173,512,18000,35.156250
10174,512,17834,34.832031
10175,512,17250,33.691406
10176,512,18250,35.644531
10177,512,17375,33.935547
10178,512,18084,35.320312
10179,512,18250,35.644531
10180,512,17458,34.097656
10181,512,17833,34.830078
10182,512,17917,34.994141
10183,512,17708,34.585938
10184,512,18125,35.400391
10185,512,17958,35.074219
10186,512,17584,34.343750
10187,512,17291,33.771484
10188,512,17917,34.994141
10189,512,17875,34.912109
10190,512,18000,35.156250
10191,512,17750,34.667969
10192,512,17584,34.343750
10193,512,17875,34.912109
10194,512,17583,34.341797
10195,512,17292,33.773438
10196,512,17417,34.017578
10197,512,18000,35.156250
10198,512,18166,35.480469
10199,512,17584,34.343750
10200,512,18000,35.156250
10201,512,17750,34.667969
10202,512,17334,33.855469
10203,512,18375,35.888672
10204,512,17875,34.912109
10205,512,18167,35.482422
10206,512,17500,34.179688
10207,512,17958,35.074219
10208,512,18000,35.156250
10209,512,17958,35.074219
10210,512,17708,34.585938
10211,512,17584,34.343750
10212,512,18291,35.724609
10213,512,18000,35.156250
10214,512,17667,34.505859
10215,512,17666,34.503906
10216,512,18000,35.156250
10217,512,17500,34.179688
10218,512,18125,35.400391
10219,512,18042,35.238281
10220,512,18083,35.318359
10221,512,17500,34.179688
10222,512,17459,34.099609
10223,512,18750,36.621094
10224,512,18167,35.482422
10225,512,17542,34.261719
10226,512,17750,34.667969
10227,512,17417,34.017578
10228,512,17584,34.343750
10229,512,17500,34.179688
10230,512,17917,34.994141
10231,512,17542,34.261719
10232,512,17458,34.097656
10233,512,17458,34.097656
10234,512,18458,36.050781
10235,512,17625,34.423828
10236,512,17625,34.423828
10237,512,17125,33.447266
10238,512,18458,36.050781
10239,512,18166,35.480469
10240,512,18083,35.318359
10241,512,17667,34.505859
10242,512,17709,34.587891
10243,512,18458,36.050781
10244,512,18125,35.400391
10245,512,17208,33.609375
10246,512,17709,34.587891
10247,512,17958,35.074219
10248,512,16750,32.714844
10249,512,17375,33.935547
10250,512,17541,34.259766
10251,512,17917,34.994141
10252,512,17291,33.771484
10253,512,17833,34.830078
10254,512,17667,34.505859
10255,512,17875,34.912109
10256,512,18375,35.888672
10257,512,18667,36.458984
10258,512,17459,34.099609
10259,512,17750,34.667969
10260,512,16833,32.876953
10261,512,17375,33.935547
10262,512,17583,34.341797
10263,512,17292,33.773438
10264,512,17583,34.341797
10265,512,18250,35.644531
10266,512,17791,34.748047
10267,512,17500,34.179688
10268,512,17958,35.074219
10269,512,17208,33.609375
10270,512,17958,35.074219
10271,512,17958,35.074219
10272,512,17875,34.912109
10273,512,17625,34.423828
10274,512,17709,34.587891
10275,512,17459,34.099609
10276,512,17958,35.074219
10277,512,18041,35.236328
10278,512,17792,34.750000
10279,512,17416,34.015625
10280,512,17625,34.423828
10281,512,17417,34.017578
10282,512,18625,36.376953
10283,512,17250,33.691406
10284,512,18083,35.318359
10285,512,17667,34.505859
10286,512,17958,35.074219
10287,512,17458,34.097656
10288,512,17834,34.832031
10289,512,17541,34.259766
10290,512,17875,34.912109
10291,512,18125,35.400391
10292,512,19750,38.574219
10293,512,22959,44.841797
10294,512,21625,42.236328
10295,512,17916,34.992188
10296,512,17750,34.667969
10297,512,17875,34.912109
10298,512,17625,34.423828
10299,512,19583,38.248047
10300,512,19500,38.085938
10301,512,17916,34.992188
10302,512,17584,34.343750
10303,512,17792,34.750000
10304,512,17916,34.992188
10305,512,17000,33.203125
10306,512,18292,35.726562
10307,512,18000,35.156250
10308,512,17125,33.447266
10309,512,17917,34.994141
10310,512,17791,34.748047
10311,512,16959,33.123047
10312,512,18041,35.236328
10313,512,17125,33.447266
10314,512,18209,35.564453
10315,512,17625,34.423828
10316,512,18125,35.400391
10317,512,18416,35.968750
10318,512,17625,34.423828
10319,512,18500,36.132812
10320,512,18250,35.644531
10321,512,17958,35.074219
10322,512,18167,35.482422
10323,512,18167,35.482422
10324,512,18375,35.888672
10325,512,17500,34.179688
10326,512,17958,35.074219
10327,512,18041,35.236328
10328,512,17708,34.585938
10329,512,17792,34.750000
10330,512,18291,35.724609
10331,512,17417,34.017578
10332,512,18333,35.806641
10333,512,18000,35.156250
10334,512,18208,35.562500
10335,512,18375,35.888672
10336,512,17959,35.076172
10337,512,18000,35.156250
10338,512,18125,35.400391
10339,512,17625,34.423828
10340,512,17750,34.667969
10341,512,17500,34.179688
10342,512,17542,34.261719
10343,512,17166,33.527344
10344,512,17709,34.587891
10345,512,18250,35.644531
10346,512,18125,35.400391
10347,512,17708,34.585938
10348,512,18625,36.376953
10349,512,18208,35.562500
10350,512,17667,34.505859
10351,512,17708,34.585938
10352,512,17542,34.261719
10353,512,17708,34.585938
10354,512,18625,36.376953
10355,512,17458,34.097656
10356,512,17416,34.015625
10357,512,17667,34.505859
10358,512,17750,34.667969
10359,512,17958,35.074219
10360,512,18542,36.214844
10361,512,17916,34.992188
10362,512,17667,34.505859
10363,512,17791,34.748047
10364,512,18167,35.482422
10365,512,17208,33.609375
10366,512,17167,33.529297
10367,512,17500,34.179688
10368,512,17958,35.074219
10369,512,17250,33.691406
10370,512,20792,40.609375
10371,512,23166,45.246094
10372,512,21500,41.992188
10373,512,18042,35.238281
10374,512,17625,34.423828
10375,512,18000,35.156250
10376,512,18125,35.400391
10377,512,22334,43.621094
10378,512,22708,44.351562
10379,512,18041,35.236328
10380,512,17958,35.074219
10381,512,17667,34.505859
10382,512,18041,35.236328
10383,512,17333,33.853516
10384,512,17875,34.912109
10385,512,18792,36.703125
10386,512,18000,35.156250
10387,512,18666,36.457031
10388,512,18084,35.320312
10389,512,17709,34.587891
10390,512,17500,34.179688
10391,512,17000,33.203125
10392,512,17833,34.830078
10393,512,17834,34.832031
10394,512,18166,35.480469
10395,512,17875,34.912109
10396,512,18209,35.564453
10397,512,17833,34.830078
10398,512,17333,33.853516
10399,512,18083,35.318359
10400,512,18334,35.808594
10401,512,18209,35.564453
10402,512,17834,34.832031
10403,512,17667,34.505859
10404,512,17292,33.773438
10405,512,21625,42.236328
10406,512,19833,38.736328
10407,512,18250,35.644531
10408,512,17292,33.773438
10409,512,17459,34.099609
10410,512,18250,35.644531
10411,512,17541,34.259766
10412,512,18042,35.238281
10413,512,17750,34.667969
10414,512,17625,34.423828
10415,512,17833,34.830078
10416,512,17291,33.771484
10417,512,18250,35.644531
10418,512,17875,34.912109
10419,512,18167,35.482422
10420,512,18000,35.156250
10421,512,18208,35.562500
10422,512,18166,35.480469
10423,512,31958,62.417969
10424,512,17542,34.261719
10425,512,17583,34.341797
10426,512,18250,35.644531
10427,512,17750,34.667969
10428,512,17708,34.585938
10429,512,17542,34.261719
10430,512,17833,34.830078
10431,512,17292,33.773438
10432,512,18166,35.480469
10433,512,17834,34.832031
10434,512,18125,35.400391
10435,512,17792,34.750000
10436,512,17792,34.750000
10437,512,18000,35.156250
10438,512,17708,34.585938
10439,512,18125,35.400391
10440,512,17083,33.365234
10441,512,17667,34.505859
10442,512,16500,32.226562
10443,512,17125,33.447266
10444,512,17584,34.343750
10445,512,18542,36.214844
10446,512,17875,34.912109
10447,512,17792,34.750000
10448,512,17583,34.341797
10449,512,17875,34.912109
10450,512,17959,35.076172
10451,512,17791,34.748047
10452,512,17625,34.423828
10453,512,17333,33.853516
10454,512,17667,34.505859
10455,512,17458,34.097656
10456,512,18083,35.318359
10457,512,17542,34.261719
10458,512,17708,34.585938
10459,512,17417,34.017578
10460,512,24542,47.933594
10461,512,18208,35.562500
10462,512,23292,45.492188
10463,512,19625,38.330078
10464,512,17959,35.076172
10465,512,17458,34.097656
10466,512,17750,34.667969
10467,512,17834,34.832031
10468,512,17917,34.994141
10469,512,17708,34.585938
10470,512,17792,34.750000
10471,512,19375,37.841797
10472,512,21833,42.642578
10473,512,21167,41.341797
10474,512,21792,42.562500
10475,512,19708,38.492188
10476,512,23375,45.654297
10477,512,22416,43.781250
10478,512,21667,42.318359
10479,512,20583,40.201172
10480,512,17750,34.667969
10481,512,20875,40.771484
10482,512,21167,41.341797
10483,512,17917,34.994141
10484,512,18166,35.480469
10485,512,17292,33.773438
10486,512,17500,34.179688
10487,512,20167,39.388672
10488,512,22000,42.968750
10489,512,17791,34.748047
10490,512,17542,34.261719
10491,512,17125,33.447266
10492,512,17208,33.609375
10493,512,17583,34.341797
10494,512,17583,34.341797
10495,512,17334,33.855469
10496,512,17500,34.179688
10497,512,18041,35.236328
10498,512,17667,34.505859
10499,512,18333,35.806641
10500,512,17458,34.097656
10501,512,17542,34.261719
10502,512,17291,33.771484
10503,512,17833,34.830078
10504,512,18417,35.970703
10505,512,17208,33.609375
10506,512,16625,32.470703
10507,512,17833,34.830078
10508,512,20833,40.689453
10509,512,18041,35.236328
10510,512,17542,34.261719
10511,512,17625,34.423828
10512,512,17500,34.179688
10513,512,17459,34.099609
10514,512,17958,35.074219
10515,512,17750,34.667969
10516,512,18334,35.808594
10517,512,17625,34.423828
10518,512,17333,33.853516
10519,512,17209,33.611328
10520,512,17542,34.261719
10521,512,17292,33.773438
10522,512,18166,35.480469
10523,512,17125,33.447266
10524,512,17500,34.179688
10525,512,17209,33.611328
10526,512,17375,33.935547
10527,512,17041,33.283203
10528,512,17542,34.261719
10529,512,18375,35.888672
10530,512,17166,33.527344
10531,512,17750,34.667969
10532,512,18167,35.482422
10533,512,18125,35.400391
10534,512,17208,33.609375
10535,512,17333,33.853516
10536,512,17291,33.771484
10537,512,17375,33.935547
10538,512,16833,32.876953
10539,512,18000,35.156250
10540,512,17500,34.179688
10541,512,17959,35.076172
10542,512,17666,34.503906
10543,512,18042,35.238281
10544,512,17292,33.773438
10545,512,17583,34.341797
10546,512,17083,33.365234
10547,512,17542,34.261719
10548,512,17333,33.853516
10549,512,16917,33.041016
10550,512,17916,34.992188
10551,512,16500,32.226562
10552,512,17917,34.994141
10553,512,17917,34.994141
10554,512,17958,35.074219
10555,512,17833,34.830078
10556,512,17416,34.015625
10557,512,17542,34.261719
10558,512,18333,35.806641
10559,512,17791,34.748047
10560,512,18125,35.400391
10561,512,18083,35.318359
10562,512,17750,34.667969
10563,512,17500,34.179688
10564,512,18250,35.644531
10565,512,18416,35.968750
10566,512,18084,35.320312
10567,512,18458,36.050781
10568,512,17250,33.691406
10569,512,21833,42.642578
10570,512,20459,39.958984
10571,512,17750,34.667969
10572,512,18500,36.132812
10573,512,18041,35.236328
10574,512,19917,38.900391
10575,512,19209,37.517578
10576,512,17417,34.017578
10577,512,17375,33.935547
10578,512,18375,35.888672
10579,512,18084,35.320312
10580,512,18125,35.400391
10581,512,17459,34.099609
10582,512,16834,32.878906
10583,512,20458,39.957031
10584,512,21541,42.072266
10585,512,19375,37.841797
10586,512,21458,41.910156
10587,512,18917,36.947266
10588,512,17541,34.259766
10589,512,17584,34.343750
10590,512,18041,35.236328
10591,512,17459,34.099609
10592,512,18041,35.236328
10593,512,17792,34.750000
10594,512,17916,34.992188
10595,512,17334,33.855469
10596,512,18000,35.156250
10597,512,17125,33.447266
10598,512,18291,35.724609
10599,512,18167,35.482422
10600,512,17208,33.609375
10601,512,17166,33.527344
10602,512,17959,35.076172
10603,512,17541,34.259766
10604,512,17000,33.203125
10605,512,17333,33.853516
10606,512,16958,33.121094
10607,512,17583,34.341797
10608,512,18250,35.644531
10609,512,17583,34.341797
10610,512,18167,35.482422
10611,512,17625,34.423828
10612,512,17875,34.912109
10613,512,18000,35.156250
10614,512,17125,33.447266
10615,512,17584,34.343750
10616,512,18041,35.236328
10617,512,17709,34.587891
10618,512,17416,34.015625
10619,512,17709,34.587891
10620,512,17291,33.771484
10621,512,17667,34.505859
10622,512,17625,34.423828
10623,512,17791,34.748047
10624,512,18000,35.156250
10625,512,17042,33.285156
10626,512,17917,34.994141
10627,512,17750,34.667969
10628,512,18291,35.724609
10629,512,18167,35.482422
10630,512,17042,33.285156
10631,512,17166,33.527344
10632,512,17792,34.750000
10633,512,17625,34.423828
10634,512,17125,33.447266
10635,512,17584,34.343750
10636,512,17209,33.611328
10637,512,17750,34.667969
10638,512,16875,32.958984
10639,512,17083,33.365234
10640,512,30500,59.570312
10641,512,17875,34.912109
10642,512,17875,34.912109
10643,512,19834,38.738281
10644,512,18125,35.400391
10645,512,18458,36.050781
10646,512,18250,35.644531
10647,512,20458,39.957031
10648,512,17958,35.074219
10649,512,25333,49.478516
10650,512,18500,36.132812
10651,512,18084,35.320312
10652,512,17291,33.771484
10653,512,18042,35.238281
10654,512,18041,35.236328
10655,512,16792,32.796875
10656,512,17666,34.503906
10657,512,16584,32.390625
10658,512,17833,34.830078
10659,512,17500,34.179688
10660,512,16750,32.714844
10661,512,18083,35.318359
10662,512,17209,33.611328
10663,512,18166,35.480469
10664,512,18917,36.947266
10665,512,17666,34.503906
10666,512,17917,34.994141
10667,512,17875,34.912109
10668,512,22750,44.433594
10669,512,17625,34.423828
10670,512,17542,34.261719
10671,512,17625,34.423828
10672,512,18458,36.050781
10673,512,17291,33.771484
10674,512,23125,45.166016
10675,512,18667,36.458984
10676,512,18041,35.236328
10677,512,18375,35.888672
10678,512,29375,57.373047
10679,512,18042,35.238281
10680,512,17291,33.771484
10681,512,18042,35.238281
10682,512,18041,35.236328
10683,512,17542,34.261719
10684,512,17791,34.748047
10685,512,17708,34.585938
10686,512,17459,34.099609
10687,512,17417,34.017578
10688,512,17958,35.074219
10689,512,17334,33.855469
10690,512,18166,35.480469
10691,512,18000,35.156250
10692,512,16917,33.041016
10693,512,17583,34.341797
10694,512,18667,36.458984
10695,512,17416,34.015625
10696,512,17417,34.017578
10697,512,17875,34.912109
10698,512,16958,33.121094
10699,512,17958,35.074219
10700,512,17708,34.585938
10701,512,16750,32.714844
10702,512,18125,35.400391
10703,512,18167,35.482422
10704,512,17583,34.341797
10705,512,17875,34.912109
10706,512,18167,35.482422
10707,512,17708,34.585938
10708,512,17625,34.423828
10709,512,18334,35.808594
10710,512,17667,34.505859
10711,512,17917,34.994141
10712,512,17292,33.773438
10713,512,18083,35.318359
10714,512,17208,33.609375
10715,512,18333,35.806641
10716,512,18292,35.726562
10717,512,18083,35.318359
10718,512,18459,36.052734
10719,512,18041,35.236328
10720,512,17709,34.587891
10721,512,17292,33.773438
10722,512,17292,33.773438
10723,512,17958,35.074219
10724,512,20625,40.283203
10725,512,19292,37.679688
10726,512,18000,35.156250
10727,512,18417,35.970703
10728,512,18792,36.703125
10729,512,17875,34.912109
10730,512,17833,34.830078
10731,512,17875,34.912109
10732,512,18041,35.236328
10733,512,17709,34.587891
10734,512,18083,35.318359
10735,512,18041,35.236328
10736,512,18292,35.726562
10737,512,17541,34.259766
10738,512,18084,35.320312
10739,512,17291,33.771484
10740,512,17917,34.994141
10741,512,18125,35.400391
10742,512,17500,34.179688
10743,512,17917,34.994141
10744,512,26459,51.677734
10745,512,17791,34.748047
10746,512,19042,37.191406
10747,512,20625,40.283203
10748,512,18667,36.458984
10749,512,17917,34.994141
10750,512,18208,35.562500
10751,512,23042,45.003906
10752,512,20167,39.388672
10753,512,17792,34.750000
10754,512,18167,35.482422
10755,512,17291,33.771484
10756,512,17792,34.750000
10757,512,22042,43.050781
10758,512,22042,43.050781
10759,512,22833,44.595703
10760,512,19084,37.273438
10761,512,21541,42.072266
10762,512,19667,38.412109
10763,512,22792,44.515625
10764,512,19000,37.109375
10765,512,17292,33.773438
10766,512,17666,34.503906
10767,512,17792,34.750000
10768,512,17292,33.773438
10769,512,18666,36.457031
10770,512,33042,64.535156
10771,512,16334,31.902344
10772,512,15917,31.087891
10773,512,16583,32.388672
10774,512,15834,30.925781
10775,512,15667,30.599609
10776,512,15625,30.517578
10777,512,15541,30.353516
10778,512,15917,31.087891
10779,512,16000,31.250000
10780,512,15958,31.167969
10781,512,15916,31.085938
10782,512,16209,31.658203
10783,512,15709,30.681641
10784,512,16541,32.306641
10785,512,16209,31.658203
10786,512,16125,31.494141
10787,512,15583,30.435547
10788,512,16000,31.250000
10789,512,15458,30.191406
10790,512,15542,30.355469
10791,512,16208,31.656250
10792,512,15750,30.761719
10793,512,16042,31.332031
10794,512,16250,31.738281
10795,512,15834,30.925781
10796,512,16084,31.414062
10797,512,15958,31.167969
10798,512,16125,31.494141
10799,512,17667,34.505859
10800,512,17583,34.341797
10801,512,16917,33.041016
10802,512,16958,33.121094
10803,512,17167,33.529297
10804,512,17333,33.853516
10805,512,16708,32.632812
10806,512,16459,32.146484
10807,512,16792,32.796875
10808,512,16708,32.632812
10809,512,16917,33.041016
10810,512,17000,33.203125
10811,512,17250,33.691406
10812,512,17083,33.365234
10813,512,17916,34.992188
10814,512,17167,33.529297
10815,512,16958,33.121094
10816,512,17417,34.017578
10817,512,16625,32.470703
10818,512,17042,33.285156
10819,512,17083,33.365234
10820,512,16916,33.039062
10821,512,17125,33.447266
10822,512,17042,33.285156
10823,512,16791,32.794922
10824,512,16625,32.470703
10825,512,17125,33.447266
10826,512,16209,31.658203
10827,512,17625,34.423828
10828,512,16917,33.041016
10829,512,16125,31.494141
10830,512,16625,32.470703
10831,512,17459,34.099609
10832,512,17250,33.691406
10833,512,16959,33.123047
10834,512,17334,33.855469
10835,512,17167,33.529297
10836,512,17916,34.992188
10837,512,17625,34.423828
10838,512,16917,33.041016
10839,512,16583,32.388672
10840,512,16750,32.714844
10841,512,17958,35.074219
10842,512,17125,33.447266
10843,512,17333,33.853516
10844,512,17209,33.611328
10845,512,17041,33.283203
10846,512,17667,34.505859
10847,512,16458,32.144531
10848,512,16959,33.123047
10849,512,17041,33.283203
10850,512,16834,32.878906
10851,512,16625,32.470703
10852,512,16709,32.634766
10853,512,16792,32.796875
10854,512,17250,33.691406
10855,512,17208,33.609375
10856,512,16667,32.552734
10857,512,16541,32.306641
10858,512,16417,32.064453
10859,512,16834,32.878906
10860,512,16709,32.634766
10861,512,16666,32.550781
10862,512,17417,34.017578
10863,512,16625,32.470703
10864,512,16750,32.714844
10865,512,17250,33.691406
10866,512,16792,32.796875
10867,512,17000,33.203125
10868,512,17209,33.611328
10869,512,17250,33.691406
10870,512,16542,32.308594
10871,512,16542,32.308594
10872,512,17875,34.912109
10873,512,17500,34.179688
10874,512,16500,32.226562
10875,512,17250,33.691406
10876,512,16709,32.634766
10877,512,17250,33.691406
10878,512,16875,32.958984
10879,512,17125,33.447266
10880,512,16750,32.714844
10881,512,17167,33.529297
10882,512,16958,33.121094
10883,512,17167,33.529297
10884,512,17166,33.527344
10885,512,17542,34.261719
10886,512,16583,32.388672
10887,512,17208,33.609375
10888,512,17000,33.203125
10889,512,16958,33.121094
10890,512,17000,33.203125
10891,512,16917,33.041016
10892,512,17417,34.017578
10893,512,17125,33.447266
10894,512,17125,33.447266
10895,512,17084,33.367188
10896,512,17625,34.423828
10897,512,17416,34.015625
10898,512,16875,32.958984
10899,512,17500,34.179688
10900,512,17042,33.285156
10901,512,16917,33.041016
10902,512,17000,33.203125
10903,512,17500,34.179688
10904,512,17292,33.773438
10905,512,17542,34.261719
10906,512,17584,34.343750
10907,512,17875,34.912109
10908,512,17750,34.667969
10909,512,17042,33.285156
10910,512,17250,33.691406
10911,512,17125,33.447266
10912,512,18375,35.888672
10913,512,17417,34.017578
10914,512,17583,34.341797
10915,512,17000,33.203125
10916,512,17750,34.667969
10917,512,17791,34.748047
10918,512,17417,34.017578
10919,512,17291,33.771484
10920,512,17625,34.423828
10921,512,17292,33.773438
10922,512,17333,33.853516
10923,512,17375,33.935547
10924,512,17959,35.076172
10925,512,16791,32.794922
10926,512,16542,32.308594
10927,512,17084,33.367188
10928,512,16708,32.632812
10929,512,17792,34.750000
10930,512,16458,32.144531
10931,512,17250,33.691406
10932,512,17042,33.285156
10933,512,17250,33.691406
10934,512,17291,33.771484
10935,512,17333,33.853516
10936,512,17125,33.447266
10937,512,17167,33.529297
10938,512,17166,33.527344
10939,512,17250,33.691406
10940,512,17125,33.447266
10941,512,18209,35.564453
10942,512,17000,33.203125
10943,512,16417,32.064453
10944,512,16750,32.714844
10945,512,17291,33.771484
10946,512,16917,33.041016
10947,512,17250,33.691406
10948,512,16833,32.876953
10949,512,17083,33.365234
10950,512,17125,33.447266
10951,512,17334,33.855469
10952,512,17375,33.935547
10953,512,16959,33.123047
10954,512,17625,34.423828
10955,512,17583,34.341797
10956,512,16667,32.552734
10957,512,16959,33.123047
10958,512,16834,32.878906
10959,512,17291,33.771484
10960,512,16792,32.796875
10961,512,16583,32.388672
10962,512,16833,32.876953
10963,512,17291,33.771484
10964,512,17042,33.285156
10965,512,17000,33.203125
10966,512,17208,33.609375
10967,512,16667,32.552734
10968,512,16958,33.121094
10969,512,17333,33.853516
10970,512,17166,33.527344
10971,512,17250,33.691406
10972,512,16875,32.958984
10973,512,17041,33.283203
10974,512,17375,33.935547
10975,512,17584,34.343750
10976,512,16750,32.714844
10977,512,17000,33.203125
10978,512,17458,34.097656
10979,512,17208,33.609375
10980,512,16834,32.878906
10981,512,17291,33.771484
10982,512,17375,33.935547
10983,512,17541,34.259766
10984,512,17333,33.853516
10985,512,17375,33.935547
10986,512,17458,34.097656
10987,512,17625,34.423828
10988,512,17084,33.367188
10989,512,17334,33.855469
10990,512,17208,33.609375
10991,512,17458,34.097656
10992,512,17125,33.447266
10993,512,17333,33.853516
10994,512,16917,33.041016
10995,512,17292,33.773438
10996,512,16958,33.121094
10997,512,17584,34.343750
10998,512,17291,33.771484
10999,512,17625,34.423828
11000,512,17375,33.935547
11001,512,16958,33.121094
11002,512,17458,34.097656
11003,512,17500,34.179688
11004,512,16833,32.876953
11005,512,17000,33.203125
11006,512,17583,34.341797
11007,512,16959,33.123047
11008,512,16875,32.958984
11009,512,17750,34.667969
11010,512,17167,33.529297
11011,512,17166,33.527344
11012,512,16709,32.634766
11013,512,17000,33.203125
11014,512,17084,33.367188
11015,512,17084,33.367188
11016,512,17416,34.015625
11017,512,17167,33.529297
11018,512,16792,32.796875
11019,512,16875,32.958984
11020,512,16750,32.714844
11021,512,17500,34.179688
11022,512,16459,32.146484
11023,512,17083,33.365234
11024,512,16416,32.062500
11025,512,17000,33.203125
11026,512,17375,33.935547
11027,512,16875,32.958984
11028,512,16708,32.632812
11029,512,17375,33.935547
11030,512,16875,32.958984
11031,512,17000,33.203125
11032,512,17084,33.367188
11033,512,17166,33.527344
11034,512,17292,33.773438
11035,512,17708,34.585938
11036,512,22250,43.457031
11037,512,22250,43.457031
11038,512,19583,38.248047
11039,512,16958,33.121094
11040,512,16583,32.388672
11041,512,17542,34.261719
11042,512,19042,37.191406
11043,512,23042,45.003906
11044,512,19208,37.515625
11045,512,18000,35.156250
11046,512,17750,34.667969
11047,512,18166,35.480469
11048,512,18583,36.294922
11049,512,17834,34.832031
11050,512,18333,35.806641
11051,512,17958,35.074219
11052,512,18166,35.480469
11053,512,18500,36.132812
11054,512,17417,34.017578
11055,512,18333,35.806641
11056,512,21500,41.992188
11057,512,21500,41.992188
11058,512,17333,33.853516
11059,512,18459,36.052734
11060,512,17250,33.691406
11061,512,16542,32.308594
11062,512,17417,34.017578
11063,512,16250,31.738281
11064,512,16875,32.958984
11065,512,17250,33.691406
11066,512,21375,41.748047
11067,512,21708,42.398438
11068,512,17292,33.773438
11069,512,17000,33.203125
11070,512,17292,33.773438
11071,512,17833,34.830078
11072,512,17417,34.017578
11073,512,17166,33.527344
11074,512,17209,33.611328
11075,512,17500,34.179688
11076,512,17292,33.773438
11077,512,17166,33.527344
11078,512,16917,33.041016
11079,512,17208,33.609375
11080,512,17000,33.203125
11081,512,17250,33.691406
11082,512,17750,34.667969
11083,512,17166,33.527344
11084,512,17334,33.855469
11085,512,16875,32.958984
11086,512,16542,32.308594
11087,512,16750,32.714844
11088,512,17084,33.367188
11089,512,17166,33.527344
11090,512,17167,33.529297
11091,512,17667,34.505859
11092,512,17083,33.365234
11093,512,17042,33.285156
11094,512,16958,33.121094
11095,512,16833,32.876953
11096,512,17459,34.099609
11097,512,16958,33.121094
11098,512,16875,32.958984
11099,512,17125,33.447266
11100,512,17250,33.691406
11101,512,17417,34.017578
11102,512,17542,34.261719
11103,512,17791,34.748047
11104,512,16917,33.041016
11105,512,16917,33.041016
11106,512,17000,33.203125
11107,512,16625,32.470703
11108,512,16250,31.738281
11109,512,19416,37.921875
11110,512,19084,37.273438
11111,512,17375,33.935547
11112,512,17667,34.505859
11113,512,17666,34.503906
11114,512,17292,33.773438
11115,512,17333,33.853516
11116,512,17625,34.423828
11117,512,17333,33.853516
11118,512,16750,32.714844
11119,512,17417,34.017578
11120,512,17834,34.832031
11121,512,17333,33.853516
11122,512,17000,33.203125
11123,512,17042,33.285156
11124,512,17750,34.667969
11125,512,17208,33.609375
11126,512,17042,33.285156
11127,512,16333,31.900391
11128,512,17500,34.179688
11129,512,16917,33.041016
11130,512,17334,33.855469
11131,512,17500,34.179688
11132,512,17166,33.527344
11133,512,16625,32.470703
11134,512,17250,33.691406
11135,512,16666,32.550781
11136,512,16750,32.714844
11137,512,16792,32.796875
11138,512,17333,33.853516
11139,512,16666,32.550781
11140,512,17250,33.691406
11141,512,17292,33.773438
11142,512,17250,33.691406
11143,512,17334,33.855469
11144,512,16959,33.123047
11145,512,17000,33.203125
11146,512,17417,34.017578
11147,512,17166,33.527344
11148,512,16542,32.308594
11149,512,17083,33.365234
11150,512,17083,33.365234
11151,512,16917,33.041016
11152,512,17083,33.365234
11153,512,17667,34.505859
11154,512,16291,31.818359
11155,512,17083,33.365234
11156,512,17375,33.935547
11157,512,17000,33.203125
11158,512,17666,34.503906
11159,512,17542,34.261719
11160,512,17000,33.203125
11161,512,16459,32.146484
11162,512,17041,33.283203
11163,512,17375,33.935547
11164,512,17084,33.367188
11165,512,16959,33.123047
11166,512,16334,31.902344
11167,512,16459,32.146484
11168,512,16584,32.390625
11169,512,16250,31.738281
11170,512,17041,33.283203
11171,512,17209,33.611328
11172,512,17000,33.203125
11173,512,16875,32.958984
11174,512,16958,33.121094
11175,512,17333,33.853516
11176,512,17167,33.529297
11177,512,17417,34.017578
11178,512,17041,33.283203
11179,512,16917,33.041016
11180,512,17458,34.097656
11181,512,17792,34.750000
11182,512,17250,33.691406
11183,512,17084,33.367188
11184,512,17458,34.097656
11185,512,17500,34.179688
11186,512,17208,33.609375
11187,512,17500,34.179688
11188,512,17666,34.503906
11189,512,17792,34.750000
11190,512,16875,32.958984
11191,512,18708,36.539062
11192,512,22709,44.353516
11193,512,22208,43.375000
11194,512,17166,33.527344
11195,512,17333,33.853516
11196,512,17084,33.367188
11197,512,17250,33.691406
11198,512,16416,32.062500
11199,512,16833,32.876953
11200,512,20250,39.550781
11201,512,21584,42.156250
11202,512,20541,40.119141
11203,512,17334,33.855469
11204,512,17667,34.505859
11205,512,17667,34.505859
11206,512,17041,33.283203
11207,512,17209,33.611328
11208,512,21417,41.830078
11209,512,17625,34.423828
11210,512,18541,36.212891
11211,512,18000,35.156250
11212,512,17375,33.935547
11213,512,17584,34.343750
11214,512,17583,34.341797
11215,512,17667,34.505859
11216,512,20334,39.714844
11217,512,21792,42.562500
11218,512,18375,35.888672
11219,512,17916,34.992188
11220,512,17250,33.691406
11221,512,18125,35.400391
11222,512,17209,33.611328
11223,512,18250,35.644531
11224,512,17750,34.667969
11225,512,17583,34.341797
11226,512,17792,34.750000
11227,512,19583,38.248047
11228,512,22250,43.457031
11229,512,21958,42.886719
11230,512,17167,33.529297
11231,512,17834,34.832031
11232,512,17958,35.074219
11233,512,17417,34.017578
11234,512,18000,35.156250
11235,512,17083,33.365234
11236,512,16917,33.041016
11237,512,17500,34.179688
11238,512,17417,34.017578
11239,512,17583,34.341797
11240,512,17375,33.935547
11241,512,17542,34.261719
11242,512,17417,34.017578
11243,512,17333,33.853516
11244,512,17792,34.750000
11245,512,17292,33.773438
11246,512,17250,33.691406
11247,512,17750,34.667969
11248,512,17667,34.505859
11249,512,17917,34.994141
11250,512,17125,33.447266
11251,512,17250,33.691406
11252,512,17500,34.179688
11253,512,17292,33.773438
11254,512,17083,33.365234
11255,512,16958,33.121094
11256,512,16250,31.738281
11257,512,17792,34.750000
11258,512,16916,33.039062
11259,512,17209,33.611328
11260,512,17167,33.529297
11261,512,17667,34.505859
11262,512,17375,33.935547
11263,512,16834,32.878906
11264,512,17541,34.259766
11265,512,17666,34.503906
11266,512,17042,33.285156
11267,512,17916,34.992188
11268,512,17917,34.994141
11269,512,17583,34.341797
11270,512,17625,34.423828
11271,512,17292,33.773438
11272,512,17625,34.423828
11273,512,17209,33.611328
11274,512,17666,34.503906
11275,512,17584,34.343750
11276,512,17625,34.423828
11277,512,17834,34.832031
11278,512,17083,33.365234
11279,512,17167,33.529297
11280,512,17166,33.527344
11281,512,17792,34.750000
11282,512,16250,31.738281
11283,512,18167,35.482422
11284,512,17000,33.203125
11285,512,17625,34.423828
11286,512,17625,34.423828
11287,512,17083,33.365234
11288,512,18167,35.482422
11289,512,17292,33.773438
11290,512,16792,32.796875
11291,512,17458,34.097656
11292,512,17625,34.423828
11293,512,17958,35.074219
11294,512,17167,33.529297
11295,512,17250,33.691406
11296,512,18083,35.318359
11297,512,18916,36.945312
11298,512,17417,34.017578
11299,512,17625,34.423828
11300,512,21750,42.480469
11301,512,18125,35.400391
11302,512,18333,35.806641
11303,512,17000,33.203125
11304,512,16958,33.121094
11305,512,17750,34.667969
11306,512,17583,34.341797
11307,512,18000,35.156250
11308,512,17833,34.830078
11309,512,17167,33.529297
11310,512,17125,33.447266
11311,512,17541,34.259766
11312,512,17458,34.097656
11313,512,17709,34.587891
11314,512,17667,34.505859
11315,512,16917,33.041016
11316,512,17750,34.667969
11317,512,17250,33.691406
11318,512,17292,33.773438
11319,512,17625,34.423828
11320,512,17458,34.097656
11321,512,17333,33.853516
11322,512,17583,34.341797
11323,512,17334,33.855469
11324,512,17334,33.855469
11325,512,16709,32.634766
11326,512,18166,35.480469
11327,512,17125,33.447266
11328,512,17417,34.017578
11329,512,17125,33.447266
11330,512,17375,33.935547
11331,512,17167,33.529297
11332,512,17459,34.099609
11333,512,17416,34.015625
11334,512,17125,33.447266
11335,512,17125,33.447266
11336,512,16750,32.714844
11337,512,17917,34.994141
11338,512,17042,33.285156
11339,512,18083,35.318359
11340,512,16542,32.308594
11341,512,17541,34.259766
11342,512,17292,33.773438
11343,512,17667,34.505859
11344,512,18125,35.400391
11345,512,41667,81.380859
11346,512,20208,39.468750
11347,512,17875,34.912109
11348,512,19250,37.597656
11349,512,18750,36.621094
11350,512,19042,37.191406
11351,512,18917,36.947266
11352,512,19041,37.189453
11353,512,18333,35.806641
11354,512,18584,36.296875
11355,512,18958,37.027344
11356,512,18500,36.132812
11357,512,18666,36.457031
11358,512,18500,36.132812
11359,512,18708,36.539062
11360,512,18209,35.564453
11361,512,18125,35.400391
11362,512,18541,36.212891
11363,512,16875,32.958984
11364,512,17708,34.585938
11365,512,17666,34.503906
11366,512,17458,34.097656
11367,512,18375,35.888672
11368,512,20625,40.283203
11369,512,19292,37.679688
11370,512,18375,35.888672
11371,512,18542,36.214844
11372,512,18625,36.376953
11373,512,18833,36.783203
11374,512,20875,40.771484
11375,512,18875,36.865234
11376,512,18208,35.562500
11377,512,21083,41.177734
11378,512,23792,46.468750
11379,512,21875,42.724609
11380,512,23250,45.410156
11381,512,19083,37.271484
11382,512,18334,35.808594
11383,512,22708,44.351562
11384,512,20958,40.933594
11385,512,19417,37.923828
11386,512,22250,43.457031
11387,512,18625,36.376953
11388,512,18708,36.539062
11389,512,18041,35.236328
11390,512,18125,35.400391
11391,512,18209,35.564453
11392,512,18791,36.701172
11393,512,18250,35.644531
11394,512,18666,36.457031
11395,512,18625,36.376953
11396,512,18458,36.050781
11397,512,18417,35.970703
11398,512,18792,36.703125
11399,512,18250,35.644531
11400,512,18334,35.808594
11401,512,18208,35.562500
11402,512,18666,36.457031
11403,512,17875,34.912109
11404,512,17833,34.830078
11405,512,21125,41.259766
11406,512,19625,38.330078
11407,512,22250,43.457031
11408,512,23166,45.246094
11409,512,18500,36.132812
11410,512,18417,35.970703
11411,512,18833,36.783203
11412,512,18458,36.050781
11413,512,18125,35.400391
11414,512,37417,73.080078
11415,512,29875,58.349609
11416,512,22875,44.677734
11417,512,18750,36.621094
11418,512,18375,35.888672
11419,512,17458,34.097656
11420,512,17500,34.179688
11421,512,17875,34.912109
11422,512,17458,34.097656
11423,512,18125,35.400391
11424,512,17542,34.261719
11425,512,17333,33.853516
11426,512,18417,35.970703
11427,512,17084,33.367188
11428,512,17583,34.341797
11429,512,18291,35.724609
11430,512,20792,40.609375
11431,512,18084,35.320312
11432,512,17084,33.367188
11433,512,18125,35.400391
11434,512,18208,35.562500
11435,512,18167,35.482422
11436,512,18542,36.214844
11437,512,18959,37.029297
11438,512,18250,35.644531
11439,512,18625,36.376953
11440,512,17750,34.667969
11441,512,18333,35.806641
11442,512,19125,37.353516
11443,512,18875,36.865234
11444,512,18875,36.865234
11445,512,18083,35.318359
11446,512,17375,33.935547
11447,512,18000,35.156250
11448,512,18333,35.806641
11449,512,19250,37.597656
11450,512,18375,35.888672
11451,512,19292,37.679688
11452,512,18917,36.947266
11453,512,18709,36.541016
11454,512,18584,36.296875
11455,512,18292,35.726562
11456,512,18625,36.376953
11457,512,18041,35.236328
11458,512,18584,36.296875
11459,512,18333,35.806641
11460,512,18500,36.132812
11461,512,18333,35.806641
11462,512,18125,35.400391
11463,512,18666,36.457031
11464,512,19042,37.191406
11465,512,17750,34.667969
11466,512,18834,36.785156
11467,512,17667,34.505859
11468,512,17625,34.423828
11469,512,17542,34.261719
11470,512,17916,34.992188
11471,512,18000,35.156250
11472,512,17833,34.830078
11473,512,18583,36.294922
11474,512,18584,36.296875
11475,512,19750,38.574219
11476,512,23000,44.921875
11477,512,22917,44.759766
11478,512,19875,38.818359
11479,512,17916,34.992188
11480,512,18000,35.156250
11481,512,17875,34.912109
11482,512,18916,36.945312
11483,512,17875,34.912109
11484,512,17750,34.667969
11485,512,17667,34.505859
11486,512,17750,34.667969
11487,512,17959,35.076172
11488,512,17416,34.015625
11489,512,17958,35.074219
11490,512,17959,35.076172
11491,512,18042,35.238281
11492,512,17791,34.748047
11493,512,21000,41.015625
11494,512,22042,43.050781
11495,512,22667,44.271484
11496,512,25750,50.292969
11497,512,17959,35.076172
11498,512,21708,42.398438
11499,512,21625,42.236328
11500,512,17708,34.585938
11501,512,18583,36.294922
11502,512,18459,36.052734
11503,512,18333,35.806641
11504,512,21250,41.503906
11505,512,22209,43.376953
11506,512,18250,35.644531
11507,512,18417,35.970703
11508,512,17750,34.667969
11509,512,18708,36.539062
11510,512,18000,35.156250
11511,512,18042,35.238281
11512,512,17625,34.423828
11513,512,17875,34.912109
11514,512,17666,34.503906
11515,512,17083,33.365234
11516,512,18042,35.238281
11517,512,17583,34.341797
11518,512,18000,35.156250
11519,512,18583,36.294922
11520,512,18209,35.564453
11521,512,18292,35.726562
11522,512,18125,35.400391
11523,512,18000,35.156250
11524,512,18750,36.621094
11525,512,17875,34.912109
11526,512,18458,36.050781
11527,512,17750,34.667969
11528,512,18500,36.132812
11529,512,17792,34.750000
11530,512,18500,36.132812
11531,512,18417,35.970703
11532,512,18458,36.050781
11533,512,18000,35.156250
11534,512,18125,35.400391
11535,512,18458,36.050781
11536,512,18042,35.238281
11537,512,17750,34.667969
11538,512,17584,34.343750
11539,512,18500,36.132812
11540,512,17833,34.830078
11541,512,18292,35.726562
11542,512,18500,36.132812
11543,512,18084,35.320312
11544,512,18000,35.156250
11545,512,18041,35.236328
11546,512,18625,36.376953
11547,512,17792,34.750000
11548,512,17500,34.179688
11549,512,18500,36.132812
11550,512,17875,34.912109
11551,512,17417,34.017578
11552,512,17875,34.912109
11553,512,17750,34.667969
11554,512,17416,34.015625
11555,512,17375,33.935547
11556,512,18125,35.400391
11557,512,17916,34.992188
11558,512,17042,33.285156
11559,512,17791,34.748047
11560,512,17959,35.076172
11561,512,17667,34.505859
11562,512,17083,33.365234
11563,512,17125,33.447266
11564,512,17291,33.771484
11565,512,17958,35.074219
11566,512,17958,35.074219
11567,512,17834,34.832031
11568,512,17917,34.994141
11569,512,17916,34.992188
11570,512,18125,35.400391
11571,512,18042,35.238281
11572,512,18125,35.400391
11573,512,18542,36.214844
11574,512,18458,36.050781
11575,512,18208,35.562500
11576,512,18292,35.726562
11577,512,18583,36.294922
11578,512,18583,36.294922
11579,512,18125,35.400391
11580,512,17625,34.423828
11581,512,17333,33.853516
11582,512,17958,35.074219
11583,512,18250,35.644531
11584,512,17875,34.912109
11585,512,18000,35.156250
11586,512,17917,34.994141
11587,512,18167,35.482422
11588,512,17875,34.912109
11589,512,17459,34.099609
11590,512,18042,35.238281
11591,512,18667,36.458984
11592,512,17584,34.343750
11593,512,18167,35.482422
11594,512,17875,34.912109
11595,512,17791,34.748047
11596,512,17459,34.099609
11597,512,17875,34.912109
11598,512,17834,34.832031
11599,512,18042,35.238281
11600,512,18625,36.376953
11601,512,17541,34.259766
11602,512,17917,34.994141
11603,512,17625,34.423828
11604,512,18166,35.480469
11605,512,17417,34.017578
11606,512,17083,33.365234
11607,512,17834,34.832031
11608,512,18208,35.562500
11609,512,18125,35.400391
11610,512,18625,36.376953
11611,512,18084,35.320312
11612,512,17417,34.017578
11613,512,18125,35.400391
11614,512,17625,34.423828
11615,512,18167,35.482422
11616,512,18666,36.457031
11617,512,17667,34.505859
11618,512,18292,35.726562
11619,512,18333,35.806641
11620,512,18541,36.212891
11621,512,18459,36.052734
11622,512,17709,34.587891
11623,512,17750,34.667969
11624,512,17917,34.994141
11625,512,17917,34.994141
11626,512,18083,35.318359
11627,512,18333,35.806641
11628,512,18792,36.703125
11629,512,17583,34.341797
11630,512,20792,40.609375
11631,512,18166,35.480469
11632,512,18583,36.294922
11633,512,17250,33.691406
11634,512,17958,35.074219
11635,512,18208,35.562500
11636,512,17917,34.994141
11637,512,18959,37.029297
11638,512,18333,35.806641
11639,512,18708,36.539062
11640,512,18042,35.238281
11641,512,17834,34.832031
11642,512,18417,35.970703
11643,512,17708,34.585938
11644,512,18167,35.482422
11645,512,17958,35.074219
11646,512,18833,36.783203
11647,512,18667,36.458984
11648,512,17834,34.832031
11649,512,17916,34.992188
11650,512,17959,35.076172
11651,512,18583,36.294922
11652,512,18791,36.701172
11653,512,18292,35.726562
11654,512,17958,35.074219
11655,512,18625,36.376953
11656,512,17875,34.912109
11657,512,18250,35.644531
11658,512,18084,35.320312
11659,512,18125,35.400391
11660,512,18041,35.236328
11661,512,17500,34.179688
11662,512,17958,35.074219
11663,512,17875,34.912109
11664,512,17792,34.750000
11665,512,17833,34.830078
11666,512,17708,34.585938
11667,512,17666,34.503906
11668,512,18833,36.783203
11669,512,18084,35.320312
11670,512,18208,35.562500
11671,512,17667,34.505859
11672,512,17584,34.343750
11673,512,17375,33.935547
11674,512,18250,35.644531
11675,512,17875,34.912109
11676,512,17875,34.912109
11677,512,17625,34.423828
11678,512,17583,34.341797
11679,512,21459,41.912109
11680,512,41458,80.972656
11681,512,25041,48.908203
11682,512,19292,37.679688
11683,512,15792,30.843750
11684,512,17000,33.203125
11685,512,16917,33.041016
11686,512,16750,32.714844
11687,512,18083,35.318359
11688,512,19292,37.679688
11689,512,16875,32.958984
11690,512,16583,32.388672
11691,512,15917,31.087891
11692,512,15791,30.841797
11693,512,16125,31.494141
11694,512,15834,30.925781
11695,512,16333,31.900391
11696,512,15958,31.167969
11697,512,16208,31.656250
11698,512,16042,31.332031
11699,512,16334,31.902344
11700,512,16208,31.656250
11701,512,16542,32.308594
11702,512,16083,31.412109
11703,512,15542,30.355469
11704,512,15750,30.761719
11705,512,16250,31.738281
11706,512,16292,31.820312
11707,512,15250,29.785156
11708,512,16916,33.039062
11709,512,16167,31.576172
11710,512,16041,31.330078
11711,512,16542,32.308594
11712,512,15791,30.841797
11713,512,16209,31.658203
11714,512,15625,30.517578
11715,512,15792,30.843750
11716,512,16125,31.494141
11717,512,16375,31.982422
11718,512,15875,31.005859
11719,512,16208,31.656250
11720,512,15750,30.761719
11721,512,15875,31.005859
11722,512,16041,31.330078
11723,512,16250,31.738281
11724,512,15792,30.843750
11725,512,16917,33.041016
11726,512,16542,32.308594
11727,512,16250,31.738281
11728,512,15667,30.599609
11729,512,15750,30.761719
11730,512,15542,30.355469
11731,512,15791,30.841797
11732,512,15792,30.843750
11733,512,15375,30.029297
11734,512,15791,30.841797
11735,512,16042,31.332031
11736,512,16125,31.494141
11737,512,16291,31.818359
11738,512,15750,30.761719
11739,512,16166,31.574219
11740,512,15834,30.925781
11741,512,15625,30.517578
11742,512,16666,32.550781
11743,512,16333,31.900391
11744,512,15833,30.923828
11745,512,16458,32.144531
11746,512,16000,31.250000
11747,512,16875,32.958984
11748,512,16000,31.250000
11749,512,16334,31.902344
11750,512,16250,31.738281
11751,512,16583,32.388672
11752,512,16042,31.332031
11753,512,15625,30.517578
11754,512,15917,31.087891
11755,512,15584,30.437500
11756,512,16791,32.794922
11757,512,16333,31.900391
11758,512,16042,31.332031
11759,512,16458,32.144531
11760,512,15708,30.679688
11761,512,16500,32.226562
11762,512,15959,31.169922
11763,512,15541,30.353516
11764,512,16000,31.250000
11765,512,15917,31.087891
11766,512,15458,30.191406
11767,512,16166,31.574219
11768,512,15667,30.599609
11769,512,16209,31.658203
11770,512,15334,29.949219
11771,512,15416,30.109375
11772,512,15834,30.925781
11773,512,16584,32.390625
11774,512,16041,31.330078
11775,512,15917,31.087891
11776,512,16542,32.308594
11777,512,15458,30.191406
11778,512,15750,30.761719
11779,512,15709,30.681641
11780,512,15625,30.517578
11781,512,16292,31.820312
11782,512,17083,33.365234
11783,512,16833,32.876953
11784,512,17542,34.261719
11785,512,17166,33.527344
11786,512,17500,34.179688
11787,512,16958,33.121094
11788,512,17541,34.259766
11789,512,17417,34.017578
11790,512,16833,32.876953
11791,512,17625,34.423828
11792,512,17292,33.773438
11793,512,16916,33.039062
11794,512,17292,33.773438
11795,512,17333,33.853516
11796,512,17542,34.261719
11797,512,17417,34.017578
11798,512,17208,33.609375
11799,512,16709,32.634766
11800,512,16792,32.796875
11801,512,16708,32.632812
11802,512,17208,33.609375
11803,512,17583,34.341797
11804,512,16750,32.714844
11805,512,17042,33.285156
11806,512,17458,34.097656
11807,512,17542,34.261719
11808,512,17542,34.261719
11809,512,17541,34.259766
11810,512,16834,32.878906
11811,512,17291,33.771484
11812,512,17209,33.611328
11813,512,17250,33.691406
11814,512,17125,33.447266
11815,512,17125,33.447266
11816,512,17167,33.529297
11817,512,17208,33.609375
11818,512,17042,33.285156
11819,512,17334,33.855469
11820,512,17250,33.691406
11821,512,17042,33.285156
11822,512,16875,32.958984
11823,512,17125,33.447266
11824,512,16750,32.714844
11825,512,17167,33.529297
11826,512,16583,32.388672
11827,512,17250,33.691406
11828,512,17000,33.203125
11829,512,17708,34.585938
11830,512,17000,33.203125
11831,512,16958,33.121094
11832,512,17834,34.832031
11833,512,17375,33.935547
11834,512,17334,33.855469
11835,512,17250,33.691406
11836,512,17042,33.285156
11837,512,17042,33.285156
11838,512,16959,33.123047
11839,512,16625,32.470703
11840,512,16417,32.064453
11841,512,17250,33.691406
11842,512,17166,33.527344
11843,512,17375,33.935547
11844,512,17291,33.771484
11845,512,17167,33.529297
11846,512,16666,32.550781
11847,512,17000,33.203125
11848,512,16959,33.123047
11849,512,17166,33.527344
11850,512,17958,35.074219
11851,512,16667,32.552734
11852,512,17167,33.529297
11853,512,17375,33.935547
11854,512,17542,34.261719
11855,512,17791,34.748047
11856,512,17834,34.832031
11857,512,17417,34.017578
11858,512,17625,34.423828
11859,512,20750,40.527344
11860,512,22166,43.292969
11861,512,23292,45.492188
11862,512,21417,41.830078
11863,512,17958,35.074219
11864,512,16875,32.958984
11865,512,17542,34.261719
11866,512,16875,32.958984
11867,512,17667,34.505859
11868,512,16792,32.796875
11869,512,17542,34.261719
11870,512,17375,33.935547
11871,512,17000,33.203125
11872,512,17000,33.203125
11873,512,17000,33.203125
11874,512,17167,33.529297
11875,512,17041,33.283203
11876,512,17250,33.691406
11877,512,17667,34.505859
11878,512,17417,34.017578
11879,512,17041,33.283203
11880,512,17208,33.609375
11881,512,17875,34.912109
11882,512,17458,34.097656
11883,512,17084,33.367188
11884,512,17167,33.529297
11885,512,17625,34.423828
11886,512,17083,33.365234
11887,512,17500,34.179688
11888,512,17333,33.853516
11889,512,17792,34.750000
11890,512,17083,33.365234
11891,512,16875,32.958984
11892,512,17375,33.935547
11893,512,17500,34.179688
11894,512,16708,32.632812
11895,512,17041,33.283203
11896,512,17083,33.365234
11897,512,17875,34.912109
11898,512,16916,33.039062
11899,512,16834,32.878906
11900,512,17166,33.527344
11901,512,17667,34.505859
11902,512,17625,34.423828
11903,512,39958,78.042969
11904,512,23875,46.630859
11905,512,21000,41.015625
11906,512,21541,42.072266
11907,512,19125,37.353516
11908,512,18250,35.644531
11909,512,17667,34.505859
11910,512,18208,35.562500
11911,512,17500,34.179688
11912,512,18375,35.888672
11913,512,17750,34.667969
11914,512,20875,40.771484
11915,512,19625,38.330078
11916,512,18708,36.539062
11917,512,17875,34.912109
11918,512,18833,36.783203
11919,512,18250,35.644531
11920,512,17958,35.074219
11921,512,17708,34.585938
11922,512,17792,34.750000
11923,512,17667,34.505859
11924,512,17834,34.832031
11925,512,17750,34.667969
11926,512,17625,34.423828
11927,512,18375,35.888672
11928,512,17875,34.912109
11929,512,17667,34.505859
11930,512,17792,34.750000
11931,512,17833,34.830078
11932,512,18000,35.156250
11933,512,18417,35.970703
11934,512,17875,34.912109
11935,512,17792,34.750000
11936,512,17625,34.423828
11937,512,18000,35.156250
11938,512,18000,35.156250
11939,512,17291,33.771484
11940,512,17417,34.017578
11941,512,18000,35.156250
11942,512,17833,34.830078
11943,512,17833,34.830078
11944,512,18000,35.156250
11945,512,18167,35.482422
11946,512,17916,34.992188
11947,512,17958,35.074219
11948,512,18375,35.888672
11949,512,18417,35.970703
11950,512,17584,34.343750
11951,512,18250,35.644531
11952,512,17917,34.994141
11953,512,17750,34.667969
11954,512,17958,35.074219
11955,512,18334,35.808594
11956,512,19041,37.189453
11957,512,23417,45.736328
11958,512,22375,43.701172
11959,512,22416,43.781250
11960,512,19000,37.109375
11961,512,23250,45.410156
11962,512,20542,40.121094
11963,512,18625,36.376953
11964,512,17833,34.830078
11965,512,18583,36.294922
11966,512,17500,34.179688
11967,512,17375,33.935547
11968,512,18458,36.050781
11969,512,17667,34.505859
11970,512,17583,34.341797
11971,512,17750,34.667969
11972,512,18291,35.724609
11973,512,18167,35.482422
11974,512,17625,34.423828
11975,512,17833,34.830078
11976,512,18416,35.968750
11977,512,17792,34.750000
11978,512,17791,34.748047
11979,512,17709,34.587891
11980,512,18333,35.806641
11981,512,18542,36.214844
11982,512,17875,34.912109
11983,512,16959,33.123047
11984,512,18042,35.238281
11985,512,17375,33.935547
11986,512,17333,33.853516
11987,512,17375,33.935547
11988,512,17458,34.097656
11989,512,17542,34.261719
11990,512,17667,34.505859
11991,512,17666,34.503906
11992,512,17792,34.750000
11993,512,17750,34.667969
11994,512,18208,35.562500
11995,512,18084,35.320312
11996,512,17750,34.667969
11997,512,17916,34.992188
11998,512,17833,34.830078
11999,512,17833,34.830078
12000,512,18208,35.562500
12001,512,18542,36.214844
12002,512,18375,35.888672
12003,512,17834,34.832031
12004,512,18083,35.318359
12005,512,17916,34.992188
12006,512,17750,34.667969
12007,512,18125,35.400391
12008,512,17750,34.667969
12009,512,18208,35.562500
12010,512,17958,35.074219
12011,512,18167,35.482422
12012,512,18583,36.294922
12013,512,17667,34.505859
12014,512,18250,35.644531
12015,512,17959,35.076172
12016,512,18625,36.376953
12017,512,18208,35.562500
12018,512,17958,35.074219
12019,512,18167,35.482422
12020,512,18250,35.644531
12021,512,18750,36.621094
12022,512,17708,34.585938
12023,512,18417,35.970703
12024,512,17875,34.912109
12025,512,17916,34.992188
12026,512,18250,35.644531
12027,512,17500,34.179688
12028,512,17708,34.585938
12029,512,17417,34.017578
12030,512,17375,33.935547
12031,512,18500,36.132812
12032,512,17333,33.853516
12033,512,17459,34.099609
12034,512,18208,35.562500
12035,512,18291,35.724609
12036,512,18792,36.703125
12037,512,18667,36.458984
12038,512,19166,37.433594
12039,512,18125,35.400391
12040,512,17458,34.097656
12041,512,18125,35.400391
12042,512,18709,36.541016
12043,512,17291,33.771484
12044,512,17084,33.367188
12045,512,17959,35.076172
12046,512,17959,35.076172
12047,512,18166,35.480469
12048,512,18583,36.294922
12049,512,17834,34.832031
12050,512,18292,35.726562
12051,512,18167,35.482422
12052,512,18208,35.562500
12053,512,18667,36.458984
12054,512,18625,36.376953
12055,512,18375,35.888672
12056,512,18208,35.562500
12057,512,17208,33.609375
12058,512,18625,36.376953
12059,512,18083,35.318359
12060,512,17917,34.994141
12061,512,17834,34.832031
12062,512,18416,35.968750
12063,512,18459,36.052734
12064,512,18709,36.541016
12065,512,18208,35.562500
12066,512,18000,35.156250
12067,512,18333,35.806641
12068,512,17500,34.179688
12069,512,17083,33.365234
12070,512,17750,34.667969
12071,512,18333,35.806641
12072,512,18250,35.644531
12073,512,18000,35.156250
12074,512,17958,35.074219
12075,512,18667,36.458984
12076,512,18500,36.132812
12077,512,18292,35.726562
12078,512,17791,34.748047
12079,512,17917,34.994141
12080,512,19208,37.515625
12081,512,17292,33.773438
12082,512,17625,34.423828
12083,512,17375,33.935547
12084,512,17750,34.667969
12085,512,17334,33.855469
12086,512,18083,35.318359
12087,512,18250,35.644531
12088,512,17750,34.667969
12089,512,17084,33.367188
12090,512,18125,35.400391
12091,512,17208,33.609375
12092,512,18167,35.482422
12093,512,18667,36.458984
12094,512,18333,35.806641
12095,512,18000,35.156250
12096,512,18250,35.644531
12097,512,17375,33.935547
12098,512,18000,35.156250
12099,512,18083,35.318359
12100,512,17792,34.750000
12101,512,20542,40.121094
12102,512,19083,37.271484
12103,512,18708,36.539062
12104,512,17250,33.691406
12105,512,18334,35.808594
12106,512,17583,34.341797
12107,512,17958,35.074219
12108,512,18708,36.539062
12109,512,18709,36.541016
12110,512,18333,35.806641
12111,512,17875,34.912109
12112,512,17958,35.074219
12113,512,18292,35.726562
12114,512,17834,34.832031
12115,512,18125,35.400391
12116,512,17750,34.667969
12117,512,18584,36.296875
12118,512,17875,34.912109
12119,512,17875,34.912109
12120,512,17792,34.750000
12121,512,18292,35.726562
12122,512,18458,36.050781
12123,512,17833,34.830078
12124,512,17917,34.994141
12125,512,18125,35.400391
12126,512,17542,34.261719
12127,512,17791,34.748047
12128,512,18208,35.562500
12129,512,17542,34.261719
12130,512,18125,35.400391
12131,512,18542,36.214844
12132,512,18375,35.888672
12133,512,18000,35.156250
12134,512,18334,35.808594
12135,512,18000,35.156250
12136,512,17709,34.587891
12137,512,17916,34.992188
12138,512,17667,34.505859
12139,512,16875,32.958984
12140,512,17500,34.179688
12141,512,17375,33.935547
12142,512,17708,34.585938
12143,512,17667,34.505859
12144,512,17834,34.832031
12145,512,18042,35.238281
12146,512,18000,35.156250
12147,512,18000,35.156250
12148,512,18375,35.888672
12149,512,18000,35.156250
12150,512,18084,35.320312
12151,512,17834,34.832031
12152,512,37625,73.486328
12153,512,27875,54.443359
12154,512,23000,44.921875
12155,512,18542,36.214844
12156,512,21666,42.316406
12157,512,19708,38.492188
12158,512,22458,43.863281
12159,512,19708,38.492188
12160,512,17542,34.261719
12161,512,18375,35.888672
12162,512,17916,34.992188
12163,512,21833,42.642578
12164,512,20542,40.121094
12165,512,17667,34.505859
12166,512,17625,34.423828
12167,512,17792,34.750000
12168,512,16791,32.794922
12169,512,16834,32.878906
12170,512,16917,33.041016
12171,512,16666,32.550781
12172,512,16458,32.144531
12173,512,16500,32.226562
12174,512,17459,34.099609
12175,512,16959,33.123047
12176,512,16875,32.958984
12177,512,17625,34.423828
12178,512,17083,33.365234
12179,512,17417,34.017578
12180,512,17291,33.771484
12181,512,17417,34.017578
12182,512,17458,34.097656
12183,512,16833,32.876953
12184,512,17875,34.912109
12185,512,17667,34.505859
12186,512,17417,34.017578
12187,512,17333,33.853516
12188,512,17500,34.179688
12189,512,17167,33.529297
12190,512,17000,33.203125
12191,512,17584,34.343750
12192,512,17875,34.912109
12193,512,17208,33.609375
12194,512,17167,33.529297
12195,512,17708,34.585938
12196,512,17458,34.097656
12197,512,17500,34.179688
12198,512,17875,34.912109
12199,512,17500,34.179688
12200,512,17541,34.259766
12201,512,17542,34.261719
12202,512,17000,33.203125
12203,512,17166,33.527344
12204,512,17292,33.773438
12205,512,16666,32.550781
12206,512,17584,34.343750
12207,512,17416,34.015625
12208,512,18084,35.320312
12209,512,17041,33.283203
12210,512,17250,33.691406
12211,512,17584,34.343750
12212,512,17500,34.179688
12213,512,17667,34.505859
12214,512,17542,34.261719
12215,512,17375,33.935547
12216,512,18000,35.156250
12217,512,17792,34.750000
12218,512,17541,34.259766
12219,512,17625,34.423828
12220,512,17375,33.935547
12221,512,17917,34.994141
12222,512,18000,35.156250
12223,512,17250,33.691406
12224,512,17000,33.203125
12225,512,17375,33.935547
12226,512,16958,33.121094
12227,512,17333,33.853516
12228,512,16791,32.794922
12229,512,16834,32.878906
12230,512,17625,34.423828
12231,512,17750,34.667969
12232,512,17667,34.505859
12233,512,18125,35.400391
12234,512,17250,33.691406
12235,512,17584,34.343750
12236,512,16792,32.796875
12237,512,17250,33.691406
12238,512,17625,34.423828
12239,512,17500,34.179688
12240,512,17292,33.773438
12241,512,17250,33.691406
12242,512,17375,33.935547
12243,512,16833,32.876953
12244,512,17542,34.261719
12245,512,18666,36.457031
12246,512,18209,35.564453
12247,512,17000,33.203125
12248,512,17625,34.423828
12249,512,17959,35.076172
12250,512,17666,34.503906
12251,512,18042,35.238281
12252,512,17792,34.750000
12253,512,17500,34.179688
12254,512,17125,33.447266
12255,512,17416,34.015625
12256,512,17375,33.935547
12257,512,17292,33.773438
12258,512,16875,32.958984
12259,512,17417,34.017578
12260,512,17666,34.503906
12261,512,17458,34.097656
12262,512,17875,34.912109
12263,512,18417,35.970703
12264,512,17417,34.017578
12265,512,17625,34.423828
12266,512,17291,33.771484
12267,512,17083,33.365234
12268,512,17459,34.099609
12269,512,17375,33.935547
12270,512,17208,33.609375
12271,512,17083,33.365234
12272,512,17500,34.179688
12273,512,18250,35.644531
12274,512,18041,35.236328
12275,512,18125,35.400391
12276,512,17583,34.341797
12277,512,20959,40.935547
12278,512,18625,36.376953
12279,512,17709,34.587891
12280,512,18250,35.644531
12281,512,18000,35.156250
12282,512,17958,35.074219
12283,512,18667,36.458984
12284,512,17041,33.283203
12285,512,17334,33.855469
12286,512,17708,34.585938
12287,512,16958,33.121094
12288,512,17625,34.423828
12289,512,20917,40.853516
12290,512,17958,35.074219
12291,512,18459,36.052734
12292,512,21042,41.097656
12293,512,18583,36.294922
12294,512,17917,34.994141
12295,512,18042,35.238281
12296,512,17542,34.261719
12297,512,17292,33.773438
12298,512,18208,35.562500
12299,512,17208,33.609375
12300,512,17875,34.912109
12301,512,18000,35.156250
12302,512,17250,33.691406
12303,512,17375,33.935547
12304,512,17334,33.855469
12305,512,17791,34.748047
12306,512,17292,33.773438
12307,512,20041,39.142578
12308,512,20209,39.470703
12309,512,18208,35.562500
12310,512,18333,35.806641
12311,512,18167,35.482422
12312,512,17375,33.935547
12313,512,17875,34.912109
12314,512,17125,33.447266
12315,512,19375,37.841797
12316,512,19916,38.898438
12317,512,18208,35.562500
12318,512,18084,35.320312
12319,512,18375,35.888672
12320,512,17667,34.505859
12321,512,18166,35.480469
12322,512,17833,34.830078
12323,512,17917,34.994141
12324,512,17292,33.773438
12325,512,17958,35.074219
12326,512,16625,32.470703
12327,512,16958,33.121094
12328,512,17292,33.773438
12329,512,17666,34.503906
12330,512,17875,34.912109
12331,512,17375,33.935547
12332,512,19000,37.109375
12333,512,22333,43.619141
12334,512,19125,37.353516
12335,512,17209,33.611328
12336,512,17666,34.503906
12337,512,16792,32.796875
12338,512,17333,33.853516
12339,512,17250,33.691406
12340,512,17083,33.365234
12341,512,17875,34.912109
12342,512,17708,34.585938
12343,512,17458,34.097656
12344,512,17084,33.367188
12345,512,17333,33.853516
12346,512,17042,33.285156
12347,512,16750,32.714844
12348,512,17084,33.367188
12349,512,16125,31.494141
12350,512,17459,34.099609
12351,512,17416,34.015625
12352,512,17709,34.587891
12353,512,21375,41.748047
12354,512,17625,34.423828
12355,512,17792,34.750000
12356,512,21083,41.177734
12357,512,20792,40.609375
12358,512,22458,43.863281
12359,512,22875,44.677734
12360,512,23125,45.166016
12361,512,22625,44.189453
12362,512,20542,40.121094
12363,512,18083,35.318359
12364,512,17583,34.341797
12365,512,18375,35.888672
12366,512,18166,35.480469
12367,512,18000,35.156250
12368,512,17667,34.505859
12369,512,18000,35.156250
12370,512,17500,34.179688
12371,512,18125,35.400391
12372,512,18250,35.644531
12373,512,17958,35.074219
12374,512,18375,35.888672
12375,512,17500,34.179688
12376,512,17666,34.503906
12377,512,18042,35.238281
12378,512,17791,34.748047
12379,512,18750,36.621094
12380,512,19000,37.109375
12381,512,18083,35.318359
12382,512,18125,35.400391
12383,512,18042,35.238281
12384,512,18041,35.236328
12385,512,17625,34.423828
12386,512,18334,35.808594
12387,512,17792,34.750000
12388,512,17250,33.691406
12389,512,17958,35.074219
12390,512,16958,33.121094
12391,512,17208,33.609375
12392,512,17459,34.099609
12393,512,17709,34.587891
12394,512,17458,34.097656
12395,512,17958,35.074219
12396,512,16709,32.634766
12397,512,18791,36.701172
12398,512,21333,41.666016
12399,512,17792,34.750000
12400,512,18750,36.621094
12401,512,17917,34.994141
12402,512,18209,35.564453
12403,512,18125,35.400391
12404,512,18042,35.238281
12405,512,16958,33.121094
12406,512,17834,34.832031
12407,512,17791,34.748047
12408,512,17792,34.750000
12409,512,17541,34.259766
12410,512,18542,36.214844
12411,512,18209,35.564453
12412,512,20125,39.306641
12413,512,20291,39.630859
12414,512,18250,35.644531
12415,512,18292,35.726562
12416,512,17791,34.748047
12417,512,18834,36.785156
12418,512,18209,35.564453
12419,512,18042,35.238281
12420,512,17875,34.912109
12421,512,17959,35.076172
12422,512,17292,33.773438
12423,512,20916,40.851562
12424,512,21875,42.724609
12425,512,22833,44.595703
12426,512,20333,39.712891
12427,512,17875,34.912109
12428,512,18083,35.318359
12429,512,18375,35.888672
12430,512,17875,34.912109
12431,512,18041,35.236328
12432,512,18042,35.238281
12433,512,18541,36.212891
12434,512,22917,44.759766
12435,512,19667,38.412109
12436,512,18208,35.562500
12437,512,18000,35.156250
12438,512,18167,35.482422
12439,512,17750,34.667969
12440,512,17750,34.667969
12441,512,20417,39.876953
12442,512,22375,43.701172
12443,512,18333,35.806641
12444,512,17750,34.667969
12445,512,17334,33.855469
12446,512,17458,34.097656
12447,512,17542,34.261719
12448,512,22209,43.376953
12449,512,17958,35.074219
12450,512,17625,34.423828
12451,512,17375,33.935547
12452,512,17833,34.830078
12453,512,36125,70.556641
12454,512,19625,38.330078
12455,512,18917,36.947266
12456,512,17333,33.853516
12457,512,18250,35.644531
12458,512,17750,34.667969
12459,512,17291,33.771484
12460,512,18500,36.132812
12461,512,17666,34.503906
12462,512,17625,34.423828
12463,512,18542,36.214844
12464,512,18500,36.132812
12465,512,18291,35.724609
12466,512,18292,35.726562
12467,512,19250,37.597656
12468,512,20916,40.851562
12469,512,18000,35.156250
12470,512,18041,35.236328
12471,512,17750,34.667969
12472,512,18208,35.562500
12473,512,28958,56.558594
12474,512,18459,36.052734
12475,512,17750,34.667969
12476,512,18125,35.400391
12477,512,18083,35.318359
12478,512,18458,36.050781
12479,512,17292,33.773438
12480,512,17375,33.935547
12481,512,18292,35.726562
12482,512,18125,35.400391
12483,512,18625,36.376953
12484,512,18250,35.644531
12485,512,18000,35.156250
12486,512,18417,35.970703
12487,512,17833,34.830078
12488,512,17958,35.074219
12489,512,18083,35.318359
12490,512,18833,36.783203
12491,512,17917,34.994141
12492,512,18291,35.724609
12493,512,17542,34.261719
12494,512,17958,35.074219
12495,512,28833,56.314453
12496,512,18250,35.644531
12497,512,18334,35.808594
12498,512,21750,42.480469
12499,512,21750,42.480469
12500,512,25209,49.236328
12501,512,18209,35.564453
12502,512,17459,34.099609
12503,512,18375,35.888672
12504,512,17791,34.748047
12505,512,17542,34.261719
12506,512,17958,35.074219
12507,512,18375,35.888672
12508,512,18458,36.050781
12509,512,17875,34.912109
12510,512,18000,35.156250
12511,512,18500,36.132812
12512,512,18334,35.808594
12513,512,18333,35.806641
12514,512,18000,35.156250
12515,512,17666,34.503906
12516,512,18209,35.564453
12517,512,17166,33.527344
12518,512,18000,35.156250
12519,512,17875,34.912109
12520,512,18125,35.400391
12521,512,17833,34.830078
12522,512,18083,35.318359
12523,512,17666,34.503906
12524,512,17250,33.691406
12525,512,17875,34.912109
12526,512,17708,34.585938
12527,512,18208,35.562500
12528,512,17375,33.935547
12529,512,18333,35.806641
12530,512,16917,33.041016
12531,512,17708,34.585938
12532,512,17792,34.750000
12533,512,18166,35.480469
12534,512,18000,35.156250
12535,512,18375,35.888672
12536,512,17750,34.667969
12537,512,18542,36.214844
12538,512,17167,33.529297
12539,512,17084,33.367188
12540,512,17542,34.261719
12541,512,17458,34.097656
12542,512,18000,35.156250
12543,512,21583,42.154297
12544,512,19333,37.759766
12545,512,17208,33.609375
12546,512,18000,35.156250
12547,512,21292,41.585938
12548,512,17834,34.832031
12549,512,21959,42.888672
12550,512,19500,38.085938
12551,512,17750,34.667969
12552,512,17667,34.505859
12553,512,17625,34.423828
12554,512,17708,34.585938
12555,512,18875,36.865234
12556,512,18000,35.156250
12557,512,20917,40.853516
12558,512,22791,44.513672
12559,512,21667,42.318359
12560,512,20333,39.712891
12561,512,22375,43.701172
12562,512,20166,39.386719
12563,512,18459,36.052734
12564,512,17875,34.912109
12565,512,18209,35.564453
12566,512,17833,34.830078
12567,512,17625,34.423828
12568,512,18208,35.562500
12569,512,17625,34.423828
12570,512,17541,34.259766
12571,512,18083,35.318359
12572,512,18417,35.970703
12573,512,18458,36.050781
12574,512,17625,34.423828
12575,512,18542,36.214844
12576,512,17208,33.609375
12577,512,18042,35.238281
12578,512,17625,34.423828
12579,512,17250,33.691406
12580,512,17459,34.099609
12581,512,17833,34.830078
12582,512,17625,34.423828
12583,512,17083,33.365234
12584,512,18000,35.156250
12585,512,17750,34.667969
12586,512,17708,34.585938
12587,512,18041,35.236328
12588,512,17709,34.587891
12589,512,17542,34.261719
12590,512,17667,34.505859
12591,512,17791,34.748047
12592,512,18500,36.132812
12593,512,18834,36.785156
12594,512,17625,34.423828
12595,512,17208,33.609375
12596,512,18625,36.376953
12597,512,18042,35.238281
12598,512,17541,34.259766
12599,512,16833,32.876953
12600,512,17458,34.097656
12601,512,18334,35.808594
12602,512,17542,34.261719
12603,512,18125,35.400391
12604,512,18208,35.562500
12605,512,18333,35.806641
12606,512,18375,35.888672
12607,512,19750,38.574219
12608,512,20125,39.306641
12609,512,23167,45.248047
12610,512,18208,35.562500
12611,512,23250,45.410156
12612,512,19875,38.818359
12613,512,17333,33.853516
12614,512,18167,35.482422
12615,512,17584,34.343750
12616,512,17916,34.992188
12617,512,20584,40.203125
12618,512,19125,37.353516
12619,512,17583,34.341797
12620,512,18042,35.238281
12621,512,17625,34.423828
12622,512,17583,34.341797
12623,512,18375,35.888672
12624,512,17333,33.853516
12625,512,18333,35.806641
12626,512,17833,34.830078
12627,512,17750,34.667969
12628,512,17500,34.179688
12629,512,19042,37.191406
12630,512,17084,33.367188
12631,512,17334,33.855469
12632,512,18208,35.562500
12633,512,18792,36.703125
12634,512,18125,35.400391
12635,512,18250,35.644531
12636,512,17583,34.341797
12637,512,17917,34.994141
12638,512,18042,35.238281
12639,512,18125,35.400391
12640,512,18333,35.806641
12641,512,18125,35.400391
12642,512,17250,33.691406
12643,512,17167,33.529297
12644,512,18625,36.376953
12645,512,17334,33.855469
12646,512,17917,34.994141
12647,512,17791,34.748047
12648,512,17500,34.179688
12649,512,17458,34.097656
12650,512,17250,33.691406
12651,512,18250,35.644531
12652,512,18875,36.865234
12653,512,17459,34.099609
12654,512,17541,34.259766
12655,512,17875,34.912109
12656,512,18209,35.564453
12657,512,17708,34.585938
12658,512,18042,35.238281
12659,512,17416,34.015625
12660,512,18708,36.539062
12661,512,18084,35.320312
12662,512,18250,35.644531
12663,512,17542,34.261719
12664,512,17667,34.505859
12665,512,17708,34.585938
12666,512,17667,34.505859
12667,512,18292,35.726562
12668,512,17875,34.912109
12669,512,17958,35.074219
12670,512,18458,36.050781
12671,512,18000,35.156250
12672,512,17834,34.832031
12673,512,17792,34.750000
12674,512,17083,33.365234
12675,512,17125,33.447266
12676,512,17791,34.748047
12677,512,18042,35.238281
12678,512,18166,35.480469
12679,512,18250,35.644531
12680,512,17667,34.505859
12681,512,18166,35.480469
12682,512,17875,34.912109
12683,512,17958,35.074219
12684,512,17292,33.773438
12685,512,16833,32.876953
12686,512,17208,33.609375
12687,512,17666,34.503906
12688,512,18083,35.318359
12689,512,17167,33.529297
12690,512,17250,33.691406
12691,512,17166,33.527344
12692,512,17834,34.832031
12693,512,20750,40.527344
12694,512,18208,35.562500
12695,512,17958,35.074219
12696,512,17542,34.261719
12697,512,17583,34.341797
12698,512,17875,34.912109
12699,512,18458,36.050781
12700,512,17375,33.935547
12701,512,18500,36.132812
12702,512,17625,34.423828
12703,512,18084,35.320312
12704,512,18000,35.156250
12705,512,17000,33.203125
12706,512,17584,34.343750
12707,512,17541,34.259766
12708,512,18125,35.400391
12709,512,18208,35.562500
12710,512,18584,36.296875
12711,512,17417,34.017578
12712,512,17375,33.935547
12713,512,17958,35.074219
12714,512,17792,34.750000
12715,512,17375,33.935547
12716,512,17834,34.832031
12717,512,18083,35.318359
12718,512,17791,34.748047
12719,512,17458,34.097656
12720,512,18375,35.888672
12721,512,17750,34.667969
12722,512,17834,34.832031
12723,512,17583,34.341797
12724,512,17666,34.503906
12725,512,18167,35.482422
12726,512,17875,34.912109
12727,512,18083,35.318359
12728,512,18042,35.238281
12729,512,18041,35.236328
12730,512,18667,36.458984
12731,512,18708,36.539062
12732,512,18042,35.238281
12733,512,18583,36.294922
12734,512,17708,34.585938
12735,512,18750,36.621094
12736,512,17833,34.830078
12737,512,18167,35.482422
12738,512,17875,34.912109
12739,512,18541,36.212891
12740,512,18625,36.376953
12741,512,17750,34.667969
12742,512,17792,34.750000
12743,512,17583,34.341797
12744,512,18000,35.156250
12745,512,17416,34.015625
12746,512,18542,36.214844
12747,512,19417,37.923828
12748,512,23208,45.328125
12749,512,18583,36.294922
12750,512,18667,36.458984
12751,512,18750,36.621094
12752,512,18208,35.562500
12753,512,18250,35.644531
12754,512,18584,36.296875
12755,512,18791,36.701172
12756,512,18125,35.400391
12757,512,18625,36.376953
12758,512,18416,35.968750
12759,512,17917,34.994141
12760,512,18250,35.644531
12761,512,18083,35.318359
12762,512,17708,34.585938
12763,512,18292,35.726562
12764,512,18375,35.888672
12765,512,17542,34.261719
12766,512,18333,35.806641
12767,512,18042,35.238281
12768,512,17917,34.994141
12769,512,17666,34.503906
12770,512,17875,34.912109
12771,512,17750,34.667969
12772,512,17584,34.343750
12773,512,18000,35.156250
12774,512,18167,35.482422
12775,512,18042,35.238281
12776,512,17916,34.992188
12777,512,17500,34.179688
12778,512,18250,35.644531
12779,512,18083,35.318359
12780,512,18208,35.562500
12781,512,17792,34.750000
12782,512,17541,34.259766
12783,512,17792,34.750000
12784,512,17875,34.912109
12785,512,17834,34.832031
12786,512,17791,34.748047
12787,512,18083,35.318359
12788,512,17334,33.855469
12789,512,18125,35.400391
12790,512,17958,35.074219
12791,512,18250,35.644531
12792,512,18625,36.376953
12793,512,18041,35.236328
12794,512,17834,34.832031
12795,512,17833,34.830078
12796,512,17458,34.097656
12797,512,17542,34.261719
12798,512,17708,34.585938
12799,512,18209,35.564453
12800,512,17375,33.935547
12801,512,18042,35.238281
12802,512,17417,34.017578
12803,512,17500,34.179688
12804,512,17292,33.773438
12805,512,17958,35.074219
12806,512,18208,35.562500
12807,512,17459,34.099609
12808,512,17750,34.667969
12809,512,17584,34.343750
12810,512,17375,33.935547
12811,512,16959,33.123047
12812,512,17916,34.992188
12813,512,18000,35.156250
12814,512,18041,35.236328
12815,512,17625,34.423828
12816,512,16875,32.958984
12817,512,17917,34.994141
12818,512,17958,35.074219
12819,512,18208,35.562500
12820,512,17875,34.912109
12821,512,18167,35.482422
12822,512,18250,35.644531
12823,512,18000,35.156250
12824,512,18000,35.156250
12825,512,18708,36.539062
12826,512,18292,35.726562
12827,512,18458,36.050781
12828,512,17792,34.750000
12829,512,18166,35.480469
12830,512,17542,34.261719
12831,512,17583,34.341797
12832,512,17792,34.750000
12833,512,17917,34.994141
12834,512,18500,36.132812
12835,512,18208,35.562500
12836,512,18916,36.945312
12837,512,18792,36.703125
12838,512,18333,35.806641
12839,512,18750,36.621094
12840,512,17459,34.099609
12841,512,17583,34.341797
12842,512,17958,35.074219
12843,512,17792,34.750000
12844,512,18125,35.400391
12845,512,17625,34.423828
12846,512,18167,35.482422
12847,512,18208,35.562500
12848,512,17417,34.017578
12849,512,17666,34.503906
12850,512,18292,35.726562
12851,512,17875,34.912109
12852,512,17959,35.076172
12853,512,17750,34.667969
12854,512,18000,35.156250
12855,512,17375,33.935547
12856,512,18125,35.400391
12857,512,18458,36.050781
12858,512,17542,34.261719
12859,512,17875,34.912109
12860,512,17584,34.343750
12861,512,17959,35.076172
12862,512,18000,35.156250
12863,512,18000,35.156250
12864,512,18417,35.970703
12865,512,17666,34.503906
12866,512,18417,35.970703
12867,512,17666,34.503906
12868,512,18208,35.562500
12869,512,17959,35.076172
12870,512,18000,35.156250
12871,512,17917,34.994141
12872,512,17458,34.097656
12873,512,18333,35.806641
12874,512,17917,34.994141
12875,512,18084,35.320312
12876,512,17125,33.447266
12877,512,17709,34.587891
12878,512,17750,34.667969
12879,512,18583,36.294922
12880,512,17541,34.259766
12881,512,17875,34.912109
12882,512,17959,35.076172
12883,512,18250,35.644531
12884,512,18042,35.238281
12885,512,18458,36.050781
12886,512,18084,35.320312
12887,512,17917,34.994141
12888,512,18208,35.562500
12889,512,18042,35.238281
12890,512,17375,33.935547
12891,512,17583,34.341797
12892,512,18000,35.156250
12893,512,18084,35.320312
12894,512,18000,35.156250
12895,512,17833,34.830078
12896,512,18166,35.480469
12897,512,18042,35.238281
12898,512,17416,34.015625
12899,512,17959,35.076172
12900,512,17458,34.097656
12901,512,18000,35.156250
12902,512,17375,33.935547
12903,512,17708,34.585938
12904,512,18000,35.156250
12905,512,18458,36.050781
12906,512,17916,34.992188
12907,512,17875,34.912109
12908,512,17750,34.667969
12909,512,18083,35.318359
12910,512,17959,35.076172
12911,512,18416,35.968750
12912,512,17917,34.994141
12913,512,18125,35.400391
12914,512,18333,35.806641
12915,512,17750,34.667969
12916,512,17791,34.748047
12917,512,17250,33.691406
12918,512,17625,34.423828
12919,512,19000,37.109375
12920,512,18166,35.480469
12921,512,18917,36.947266
12922,512,17750,34.667969
12923,512,18625,36.376953
12924,512,17791,34.748047
12925,512,18000,35.156250
12926,512,17708,34.585938
12927,512,17959,35.076172
12928,512,18750,36.621094
12929,512,17916,34.992188
12930,512,18250,35.644531
12931,512,17958,35.074219
12932,512,18000,35.156250
12933,512,18167,35.482422
12934,512,17542,34.261719
12935,512,17875,34.912109
12936,512,17834,34.832031
12937,512,18375,35.888672
12938,512,18125,35.400391
12939,512,17834,34.832031
12940,512,18208,35.562500
12941,512,18333,35.806641
12942,512,18417,35.970703
12943,512,18167,35.482422
12944,512,17875,34.912109
12945,512,18917,36.947266
12946,512,18167,35.482422
12947,512,17500,34.179688
12948,512,18167,35.482422
12949,512,18250,35.644531
12950,512,18208,35.562500
12951,512,18542,36.214844
12952,512,18291,35.724609
12953,512,17625,34.423828
12954,512,17833,34.830078
12955,512,18166,35.480469
12956,512,17042,33.285156
12957,512,18583,36.294922
12958,512,17208,33.609375
12959,512,25292,49.398438
12960,512,20292,39.632812
12961,512,19375,37.841797
12962,512,19125,37.353516
12963,512,18083,35.318359
12964,512,18333,35.806641
12965,512,18167,35.482422
12966,512,18041,35.236328
12967,512,17792,34.750000
12968,512,17792,34.750000
12969,512,18125,35.400391
12970,512,17708,34.585938
12971,512,18000,35.156250
12972,512,17792,34.750000
12973,512,18417,35.970703
12974,512,18875,36.865234
12975,512,18083,35.318359
12976,512,17875,34.912109
12977,512,18125,35.400391
12978,512,17833,34.830078
12979,512,18125,35.400391
12980,512,17958,35.074219
12981,512,18375,35.888672
12982,512,18250,35.644531
12983,512,18250,35.644531
12984,512,18458,36.050781
12985,512,18125,35.400391
12986,512,18250,35.644531
12987,512,17917,34.994141
12988,512,18041,35.236328
12989,512,18083,35.318359
12990,512,18833,36.783203
12991,512,18833,36.783203
12992,512,18125,35.400391
12993,512,17834,34.832031
12994,512,18208,35.562500
12995,512,17916,34.992188
12996,512,18209,35.564453
12997,512,18541,36.212891
12998,512,18292,35.726562
12999,512,17541,34.259766
13000,512,18000,35.156250
13001,512,17750,34.667969
13002,512,26375,51.513672
13003,512,18791,36.701172
13004,512,18000,35.156250
13005,512,17542,34.261719
13006,512,18500,36.132812
13007,512,17375,33.935547
13008,512,17709,34.587891
13009,512,17583,34.341797
13010,512,17333,33.853516
13011,512,17833,34.830078
13012,512,16625,32.470703
13013,512,17708,34.585938
13014,512,18083,35.318359
13015,512,22542,44.027344
13016,512,19541,38.166016
13017,512,20583,40.201172
13018,512,20708,40.445312
13019,512,20959,40.935547
13020,512,18584,36.296875
13021,512,18084,35.320312
13022,512,17875,34.912109
13023,512,17125,33.447266
13024,512,18000,35.156250
13025,512,18334,35.808594
13026,512,17167,33.529297
13027,512,17792,34.750000
13028,512,17750,34.667969
13029,512,17500,34.179688
13030,512,18084,35.320312
13031,512,18000,35.156250
13032,512,17834,34.832031
13033,512,17750,34.667969
13034,512,17959,35.076172
13035,512,17791,34.748047
13036,512,17958,35.074219
13037,512,17625,34.423828
13038,512,17583,34.341797
13039,512,17709,34.587891
13040,512,17625,34.423828
13041,512,17000,33.203125
13042,512,17333,33.853516
13043,512,17083,33.365234
13044,512,17292,33.773438
13045,512,16958,33.121094
13046,512,17459,34.099609
13047,512,17500,34.179688
13048,512,17541,34.259766
13049,512,17084,33.367188
13050,512,17875,34.912109
13051,512,17667,34.505859
13052,512,18166,35.480469
13053,512,18208,35.562500
13054,512,17667,34.505859
13055,512,18083,35.318359
13056,512,17583,34.341797
13057,512,17375,33.935547
13058,512,18375,35.888672
13059,512,17500,34.179688
13060,512,17708,34.585938
13061,512,17125,33.447266
13062,512,17250,33.691406
13063,512,18000,35.156250
13064,512,17375,33.935547
13065,512,18708,36.539062
13066,512,20625,40.283203
13067,512,17875,34.912109
13068,512,17542,34.261719
13069,512,17459,34.099609
13070,512,17459,34.099609
13071,512,18166,35.480469
13072,512,17792,34.750000
13073,512,17833,34.830078
13074,512,18125,35.400391
13075,512,18416,35.968750
13076,512,18375,35.888672
13077,512,17667,34.505859
13078,512,17291,33.771484
13079,512,17500,34.179688
13080,512,18042,35.238281
13081,512,18167,35.482422
13082,512,17917,34.994141
13083,512,17500,34.179688
13084,512,17541,34.259766
13085,512,17875,34.912109
13086,512,17583,34.341797
13087,512,17417,34.017578
13088,512,17708,34.585938
13089,512,17333,33.853516
13090,512,17542,34.261719
13091,512,17958,35.074219
13092,512,17292,33.773438
13093,512,17791,34.748047
13094,512,17792,34.750000
13095,512,17292,33.773438
13096,512,16791,32.794922
13097,512,17292,33.773438
13098,512,17625,34.423828
13099,512,17250,33.691406
13100,512,18125,35.400391
13101,512,19250,37.597656
13102,512,22333,43.619141
13103,512,19084,37.273438
13104,512,17750,34.667969
13105,512,21209,41.423828
13106,512,18375,35.888672
13107,512,17959,35.076172
13108,512,18291,35.724609
13109,512,17834,34.832031
13110,512,18416,35.968750
13111,512,17958,35.074219
13112,512,17667,34.505859
13113,512,17584,34.343750
13114,512,18083,35.318359
13115,512,18167,35.482422
13116,512,17458,34.097656
13117,512,18292,35.726562
13118,512,17750,34.667969
13119,512,18708,36.539062
13120,512,17500,34.179688
13121,512,18583,36.294922
13122,512,17042,33.285156
13123,512,17375,33.935547
13124,512,18292,35.726562
13125,512,18375,35.888672
13126,512,18333,35.806641
13127,512,17416,34.015625
13128,512,17750,34.667969
13129,512,17917,34.994141
13130,512,17708,34.585938
13131,512,18125,35.400391
13132,512,17541,34.259766
13133,512,17917,34.994141
13134,512,17375,33.935547
13135,512,17875,34.912109
13136,512,18667,36.458984
13137,512,18292,35.726562
13138,512,17833,34.830078
13139,512,18292,35.726562
13140,512,18125,35.400391
13141,512,18125,35.400391
13142,512,18083,35.318359
13143,512,17917,34.994141
13144,512,18333,35.806641
13145,512,17917,34.994141
13146,512,18291,35.724609
13147,512,18000,35.156250
13148,512,18250,35.644531
13149,512,18166,35.480469
13150,512,17792,34.750000
13151,512,17750,34.667969
13152,512,17542,34.261719
13153,512,18000,35.156250
13154,512,17250,33.691406
13155,512,17167,33.529297
13156,512,17750,34.667969
13157,512,17708,34.585938
13158,512,17542,34.261719
13159,512,17583,34.341797
13160,512,18542,36.214844
13161,512,18500,36.132812
13162,512,18458,36.050781
13163,512,18083,35.318359
13164,512,17583,34.341797
13165,512,17458,34.097656
13166,512,17833,34.830078
13167,512,18042,35.238281
13168,512,17958,35.074219
13169,512,17917,34.994141
13170,512,18000,35.156250
13171,512,18083,35.318359
13172,512,17792,34.750000
13173,512,17125,33.447266
13174,512,18208,35.562500
13175,512,17083,33.365234
13176,512,17542,34.261719
13177,512,18166,35.480469
13178,512,18459,36.052734
13179,512,17625,34.423828
13180,512,18167,35.482422
13181,512,17959,35.076172
13182,512,16875,32.958984
13183,512,18583,36.294922
13184,512,17667,34.505859
13185,512,17500,34.179688
13186,512,17375,33.935547
13187,512,17583,34.341797
13188,512,17000,33.203125
13189,512,17333,33.853516
13190,512,17500,34.179688
13191,512,17792,34.750000
13192,512,17875,34.912109
13193,512,17209,33.611328
13194,512,17250,33.691406
13195,512,18292,35.726562
13196,512,18250,35.644531
13197,512,18000,35.156250
13198,512,18208,35.562500
13199,512,18666,36.457031
13200,512,18375,35.888672
13201,512,18250,35.644531
13202,512,18834,36.785156
13203,512,18083,35.318359
13204,512,18292,35.726562
13205,512,17625,34.423828
13206,512,18125,35.400391
13207,512,18833,36.783203
13208,512,17792,34.750000
13209,512,17042,33.285156
13210,512,17959,35.076172
13211,512,17541,34.259766
13212,512,17959,35.076172
13213,512,18041,35.236328
13214,512,18084,35.320312
13215,512,17667,34.505859
13216,512,17416,34.015625
13217,512,17792,34.750000
13218,512,18292,35.726562
13219,512,18042,35.238281
13220,512,17916,34.992188
13221,512,17667,34.505859
13222,512,18375,35.888672
13223,512,17667,34.505859
13224,512,17916,34.992188
13225,512,17792,34.750000
13226,512,18250,35.644531
13227,512,17959,35.076172
13228,512,18083,35.318359
13229,512,18125,35.400391
13230,512,18291,35.724609
13231,512,18042,35.238281
13232,512,17917,34.994141
13233,512,18125,35.400391
13234,512,17834,34.832031
13235,512,17709,34.587891
13236,512,17791,34.748047
13237,512,18125,35.400391
13238,512,18333,35.806641
13239,512,18417,35.970703
13240,512,18375,35.888672
13241,512,18375,35.888672
13242,512,18458,36.050781
13243,512,18250,35.644531
13244,512,18583,36.294922
13245,512,21708,42.398438
13246,512,19917,38.900391
13247,512,18916,36.945312
13248,512,17375,33.935547
13249,512,18500,36.132812
13250,512,17375,33.935547
13251,512,17959,35.076172
13252,512,17666,34.503906
13253,512,16833,32.876953
13254,512,17750,34.667969
13255,512,17875,34.912109
13256,512,17959,35.076172
13257,512,32000,62.500000
13258,512,20417,39.876953
13259,512,18083,35.318359
13260,512,18208,35.562500
13261,512,18667,36.458984
13262,512,19125,37.353516
13263,512,18291,35.724609
13264,512,17833,34.830078
13265,512,17958,35.074219
13266,512,17417,34.017578
13267,512,17584,34.343750
13268,512,17416,34.015625
13269,512,17250,33.691406
13270,512,17709,34.587891
13271,512,17375,33.935547
13272,512,17958,35.074219
13273,512,17000,33.203125
13274,512,17917,34.994141
13275,512,17250,33.691406
13276,512,17542,34.261719
13277,512,17375,33.935547
13278,512,17750,34.667969
13279,512,17959,35.076172
13280,512,16792,32.796875
13281,512,17458,34.097656
13282,512,17583,34.341797
13283,512,17458,34.097656
13284,512,17750,34.667969
13285,512,18083,35.318359
13286,512,17917,34.994141
13287,512,18375,35.888672
13288,512,17916,34.992188
13289,512,17917,34.994141
13290,512,18375,35.888672
13291,512,18125,35.400391
13292,512,17625,34.423828
13293,512,18000,35.156250
13294,512,18542,36.214844
13295,512,18375,35.888672
13296,512,18250,35.644531
13297,512,17167,33.529297
13298,512,17666,34.503906
13299,512,18375,35.888672
13300,512,17875,34.912109
13301,512,18167,35.482422
13302,512,17750,34.667969
13303,512,18167,35.482422
13304,512,18625,36.376953
13305,512,18250,35.644531
13306,512,17625,34.423828
13307,512,17667,34.505859
13308,512,18208,35.562500
13309,512,18250,35.644531
13310,512,18625,36.376953
13311,512,17958,35.074219
13312,512,18042,35.238281
13313,512,19000,37.109375
13314,512,17958,35.074219
13315,512,17417,34.017578
13316,512,18208,35.562500
13317,512,17708,34.585938
13318,512,17167,33.529297
13319,512,17292,33.773438
13320,512,17834,34.832031
13321,512,17875,34.912109
13322,512,17042,33.285156
13323,512,18375,35.888672
13324,512,17916,34.992188
13325,512,17375,33.935547
13326,512,17167,33.529297
13327,512,17416,34.015625
13328,512,17834,34.832031
13329,512,18792,36.703125
13330,512,22666,44.269531
13331,512,20583,40.201172
13332,512,18500,36.132812
13333,512,17834,34.832031
13334,512,17916,34.992188
13335,512,18084,35.320312
13336,512,16875,32.958984
13337,512,17584,34.343750
13338,512,18000,35.156250
13339,512,17500,34.179688
13340,512,18583,36.294922
13341,512,17625,34.423828
13342,512,17500,34.179688
13343,512,18042,35.238281
13344,512,17958,35.074219
13345,512,17542,34.261719
13346,512,17791,34.748047
13347,512,17667,34.505859
13348,512,17875,34.912109
13349,512,17791,34.748047
13350,512,17834,34.832031
13351,512,18375,35.888672
13352,512,17917,34.994141
13353,512,17833,34.830078
13354,512,17459,34.099609
13355,512,18041,35.236328
13356,512,17959,35.076172
13357,512,17458,34.097656
13358,512,18208,35.562500
13359,512,17750,34.667969
13360,512,18334,35.808594
13361,512,17750,34.667969
13362,512,19042,37.191406
13363,512,18375,35.888672
13364,512,18000,35.156250
13365,512,18250,35.644531
13366,512,18417,35.970703
13367,512,18458,36.050781
13368,512,17750,34.667969
13369,512,18708,36.539062
13370,512,18292,35.726562
13371,512,18250,35.644531
13372,512,17500,34.179688
13373,512,18208,35.562500
13374,512,18583,36.294922
13375,512,18250,35.644531
13376,512,18042,35.238281
13377,512,18041,35.236328
13378,512,18042,35.238281
13379,512,18583,36.294922
13380,512,18875,36.865234
13381,512,18292,35.726562
13382,512,17500,34.179688
13383,512,18167,35.482422
13384,512,18375,35.888672
13385,512,18291,35.724609
13386,512,18208,35.562500
13387,512,18167,35.482422
13388,512,17667,34.505859
13389,512,18500,36.132812
13390,512,17916,34.992188
13391,512,18375,35.888672
13392,512,17209,33.611328
13393,512,17875,34.912109
13394,512,17375,33.935547
13395,512,17916,34.992188
13396,512,17333,33.853516
13397,512,18042,35.238281
13398,512,19458,38.003906
13399,512,20958,40.933594
13400,512,22709,44.353516
13401,512,22916,44.757812
13402,512,22167,43.294922
13403,512,22125,43.212891
13404,512,22333,43.619141
13405,512,19833,38.736328
13406,512,18000,35.156250
13407,512,23000,44.921875
13408,512,22041,43.048828
13409,512,22834,44.597656
13410,512,17875,34.912109
13411,512,18083,35.318359
13412,512,18125,35.400391
13413,512,19000,37.109375
13414,512,23375,45.654297
13415,512,19292,37.679688
13416,512,18167,35.482422
13417,512,17833,34.830078
13418,512,18792,36.703125
13419,512,18125,35.400391
13420,512,17791,34.748047
13421,512,18750,36.621094
13422,512,17917,34.994141
13423,512,18083,35.318359
13424,512,18042,35.238281
13425,512,17250,33.691406
13426,512,18167,35.482422
13427,512,18208,35.562500
13428,512,18084,35.320312
13429,512,17791,34.748047
13430,512,17500,34.179688
13431,512,17541,34.259766
13432,512,18000,35.156250
13433,512,18208,35.562500
13434,512,18792,36.703125
13435,512,17833,34.830078
13436,512,17292,33.773438
13437,512,18125,35.400391
13438,512,21917,42.806641
13439,512,18375,35.888672
13440,512,18792,36.703125
13441,512,18292,35.726562
13442,512,18167,35.482422
13443,512,17667,34.505859
13444,512,18209,35.564453
13445,512,18291,35.724609
13446,512,18084,35.320312
13447,512,17875,34.912109
13448,512,17958,35.074219
13449,512,17625,34.423828
13450,512,17333,33.853516
13451,512,17708,34.585938
13452,512,17834,34.832031
13453,512,17750,34.667969
13454,512,17584,34.343750
13455,512,17500,34.179688
13456,512,18166,35.480469
13457,512,18375,35.888672
13458,512,18000,35.156250
13459,512,17792,34.750000
13460,512,17250,33.691406
13461,512,18041,35.236328
13462,512,17458,34.097656
13463,512,17625,34.423828
13464,512,17917,34.994141
13465,512,17833,34.830078
13466,512,17750,34.667969
13467,512,17041,33.283203
13468,512,18125,35.400391
13469,512,17708,34.585938
13470,512,17708,34.585938
13471,512,17500,34.179688
13472,512,17458,34.097656
13473,512,17292,33.773438
13474,512,17250,33.691406
13475,512,19667,38.412109
13476,512,20500,40.039062
13477,512,22625,44.189453
13478,512,19375,37.841797
13479,512,17625,34.423828
13480,512,17750,34.667969
13481,512,17875,34.912109
13482,512,18000,35.156250
13483,512,18167,35.482422
13484,512,16875,32.958984
13485,512,17958,35.074219
13486,512,17667,34.505859
13487,512,17708,34.585938
13488,512,17667,34.505859
13489,512,18208,35.562500
13490,512,17708,34.585938
13491,512,17709,34.587891
13492,512,18083,35.318359
13493,512,17291,33.771484
13494,512,17959,35.076172
13495,512,18334,35.808594
13496,512,17958,35.074219
13497,512,17666,34.503906
13498,512,16959,33.123047
13499,512,17167,33.529297
13500,512,17708,34.585938
13501,512,18000,35.156250
13502,512,18125,35.400391
13503,512,17792,34.750000
13504,512,17666,34.503906
13505,512,20458,39.957031
13506,512,19583,38.248047
13507,512,19042,37.191406
13508,512,20792,40.609375
13509,512,17584,34.343750
13510,512,21709,42.400391
13511,512,22750,44.433594
13512,512,18084,35.320312
13513,512,18583,36.294922
13514,512,18417,35.970703
13515,512,18000,35.156250
13516,512,17875,34.912109
13517,512,22209,43.376953
13518,512,20291,39.630859
13519,512,18500,36.132812
13520,512,18167,35.482422
13521,512,17500,34.179688
13522,512,17250,33.691406
13523,512,18167,35.482422
13524,512,18541,36.212891
13525,512,18167,35.482422
13526,512,17833,34.830078
13527,512,22375,43.701172
13528,512,21667,42.318359
13529,512,23000,44.921875
13530,512,17541,34.259766
13531,512,21500,41.992188
13532,512,20333,39.712891
13533,512,17667,34.505859
13534,512,18167,35.482422
13535,512,18333,35.806641
13536,512,18458,36.050781
13537,512,18042,35.238281
13538,512,18083,35.318359
13539,512,18417,35.970703
13540,512,17833,34.830078
13541,512,17875,34.912109
13542,512,17625,34.423828
13543,512,18500,36.132812
13544,512,18125,35.400391
13545,512,17416,34.015625
13546,512,18125,35.400391
13547,512,17791,34.748047
13548,512,17792,34.750000
13549,512,17875,34.912109
13550,512,18583,36.294922
13551,512,17750,34.667969
13552,512,18000,35.156250
13553,512,18125,35.400391
13554,512,17833,34.830078
13555,512,18834,36.785156
13556,512,18166,35.480469
13557,512,18459,36.052734
13558,512,18208,35.562500
13559,512,18083,35.318359
13560,512,18292,35.726562
13561,512,18125,35.400391
13562,512,17583,34.341797
13563,512,17792,34.750000
13564,512,17834,34.832031
13565,512,18166,35.480469
13566,512,18000,35.156250
13567,512,17292,33.773438
13568,512,18500,36.132812
13569,512,17958,35.074219
13570,512,18042,35.238281
13571,512,17958,35.074219
13572,512,17917,34.994141
13573,512,18041,35.236328
13574,512,18000,35.156250
13575,512,18167,35.482422
13576,512,17917,34.994141
13577,512,18958,37.027344
13578,512,17291,33.771484
13579,512,17709,34.587891
13580,512,18500,36.132812
13581,512,18291,35.724609
13582,512,18084,35.320312
13583,512,18541,36.212891
13584,512,18375,35.888672
13585,512,17708,34.585938
13586,512,17708,34.585938
13587,512,17542,34.261719
13588,512,17583,34.341797
13589,512,18667,36.458984
13590,512,17833,34.830078
13591,512,18083,35.318359
13592,512,17792,34.750000
13593,512,17125,33.447266
13594,512,17791,34.748047
13595,512,18000,35.156250
13596,512,17625,34.423828
13597,512,17625,34.423828
13598,512,18292,35.726562
13599,512,17917,34.994141
13600,512,17792,34.750000
13601,512,18042,35.238281
13602,512,17917,34.994141
13603,512,18709,36.541016
13604,512,17708,34.585938
13605,512,18333,35.806641
13606,512,17625,34.423828
13607,512,18125,35.400391
13608,512,17791,34.748047
13609,512,17833,34.830078
13610,512,17667,34.505859
13611,512,17375,33.935547
13612,512,18333,35.806641
13613,512,17625,34.423828
13614,512,17750,34.667969
13615,512,18208,35.562500
13616,512,17625,34.423828
13617,512,17458,34.097656
13618,512,18125,35.400391
13619,512,18208,35.562500
13620,512,18333,35.806641
13621,512,18792,36.703125
13622,512,17375,33.935547
13623,512,18000,35.156250
13624,512,17583,34.341797
13625,512,17083,33.365234
13626,512,17667,34.505859
13627,512,18250,35.644531
13628,512,17333,33.853516
13629,512,17208,33.609375
13630,512,17000,33.203125
13631,512,17875,34.912109
13632,512,18084,35.320312
13633,512,17666,34.503906
13634,512,17667,34.505859
13635,512,17583,34.341797
13636,512,18417,35.970703
13637,512,17666,34.503906
13638,512,18542,36.214844
13639,512,18125,35.400391
13640,512,17583,34.341797
13641,512,16917,33.041016
13642,512,18250,35.644531
13643,512,17458,34.097656
13644,512,17666,34.503906
13645,512,17417,34.017578
13646,512,17416,34.015625
13647,512,18667,36.458984
13648,512,17917,34.994141
13649,512,17750,34.667969
13650,512,20833,40.689453
13651,512,17958,35.074219
13652,512,18042,35.238281
13653,512,17334,33.855469
13654,512,17667,34.505859
13655,512,17292,33.773438
13656,512,17709,34.587891
13657,512,18375,35.888672
13658,512,17458,34.097656
13659,512,18000,35.156250
13660,512,17542,34.261719
13661,512,17917,34.994141
13662,512,18542,36.214844
13663,512,17708,34.585938
13664,512,17833,34.830078
13665,512,18417,35.970703
13666,512,17708,34.585938
13667,512,18542,36.214844
13668,512,17334,33.855469
13669,512,18084,35.320312
13670,512,17541,34.259766
13671,512,17959,35.076172
13672,512,17333,33.853516
13673,512,18583,36.294922
13674,512,17959,35.076172
13675,512,17458,34.097656
13676,512,17750,34.667969
13677,512,17834,34.832031
13678,512,18292,35.726562
13679,512,18458,36.050781
13680,512,17333,33.853516
13681,512,18125,35.400391
13682,512,18458,36.050781
13683,512,18000,35.156250
13684,512,17959,35.076172
13685,512,17959,35.076172
13686,512,18084,35.320312
13687,512,17541,34.259766
13688,512,17542,34.261719
13689,512,17667,34.505859
13690,512,17916,34.992188
13691,512,18500,36.132812
13692,512,18459,36.052734
13693,512,17583,34.341797
13694,512,16792,32.796875
13695,512,18041,35.236328
13696,512,17709,34.587891
13697,512,17167,33.529297
13698,512,18125,35.400391
13699,512,17875,34.912109
13700,512,18209,35.564453
13701,512,18125,35.400391
13702,512,17875,34.912109
13703,512,17667,34.505859
13704,512,17000,33.203125
13705,512,17417,34.017578
13706,512,17667,34.505859
13707,512,17875,34.912109
13708,512,17834,34.832031
13709,512,17917,34.994141
13710,512,18125,35.400391
13711,512,18916,36.945312
13712,512,17875,34.912109
13713,512,18125,35.400391
13714,512,18583,36.294922
13715,512,18167,35.482422
13716,512,17708,34.585938
13717,512,17917,34.994141
13718,512,17833,34.830078
13719,512,18083,35.318359
13720,512,18667,36.458984
13721,512,18000,35.156250
13722,512,18417,35.970703
13723,512,18125,35.400391
13724,512,18125,35.400391
13725,512,18166,35.480469
13726,512,18834,36.785156
13727,512,18250,35.644531
13728,512,18042,35.238281
13729,512,18166,35.480469
13730,512,18667,36.458984
13731,512,18417,35.970703
13732,512,18208,35.562500
13733,512,17750,34.667969
13734,512,17375,33.935547
13735,512,17667,34.505859
13736,512,17709,34.587891
13737,512,17916,34.992188
13738,512,18250,35.644531
13739,512,17708,34.585938
13740,512,17709,34.587891
13741,512,17666,34.503906
13742,512,18083,35.318359
13743,512,17583,34.341797
13744,512,17709,34.587891
13745,512,17916,34.992188
13746,512,22625,44.189453
13747,512,20833,40.689453
13748,512,17792,34.750000
13749,512,17958,35.074219
13750,512,17958,35.074219
13751,512,17458,34.097656
13752,512,17917,34.994141
13753,512,18375,35.888672
13754,512,18334,35.808594
13755,512,18250,35.644531
13756,512,18125,35.400391
13757,512,17666,34.503906
13758,512,17792,34.750000
13759,512,17709,34.587891
13760,512,17584,34.343750
13761,512,18583,36.294922
13762,512,18542,36.214844
13763,512,18250,35.644531
13764,512,18750,36.621094
13765,512,18208,35.562500
13766,512,18250,35.644531
13767,512,18625,36.376953
13768,512,18375,35.888672
13769,512,18416,35.968750
13770,512,18458,36.050781
13771,512,17667,34.505859
13772,512,17500,34.179688
13773,512,18292,35.726562
13774,512,18625,36.376953
13775,512,17791,34.748047
13776,512,18209,35.564453
13777,512,17166,33.527344
13778,512,18000,35.156250
13779,512,18042,35.238281
13780,512,18791,36.701172
13781,512,18000,35.156250
13782,512,18292,35.726562
13783,512,17583,34.341797
13784,512,17958,35.074219
13785,512,18167,35.482422
13786,512,17250,33.691406
13787,512,17917,34.994141
13788,512,18334,35.808594
13789,512,17959,35.076172
13790,512,18166,35.480469
13791,512,18125,35.400391
13792,512,17459,34.099609
13793,512,17250,33.691406
13794,512,17333,33.853516
13795,512,17792,34.750000
13796,512,18208,35.562500
13797,512,18167,35.482422
13798,512,18209,35.564453
13799,512,18083,35.318359
13800,512,18083,35.318359
13801,512,17459,34.099609
13802,512,17791,34.748047
13803,512,17625,34.423828
13804,512,18625,36.376953
13805,512,17542,34.261719
13806,512,16833,32.876953
13807,512,25042,48.910156
13808,512,17917,34.994141
13809,512,17833,34.830078
13810,512,17625,34.423828
13811,512,18417,35.970703
13812,512,17916,34.992188
13813,512,18250,35.644531
13814,512,18042,35.238281
13815,512,17750,34.667969
13816,512,17583,34.341797
13817,512,17500,34.179688
13818,512,18500,36.132812
13819,512,18000,35.156250
13820,512,17250,33.691406
13821,512,17792,34.750000
13822,512,17084,33.367188
13823,512,17334,33.855469
13824,512,17208,33.609375
13825,512,17500,34.179688
13826,512,17292,33.773438
13827,512,17625,34.423828
13828,512,17500,34.179688
13829,512,17750,34.667969
13830,512,17292,33.773438
13831,512,17625,34.423828
13832,512,18292,35.726562
13833,512,18000,35.156250
13834,512,17625,34.423828
13835,512,17666,34.503906
13836,512,17959,35.076172
13837,512,17375,33.935547
13838,512,17834,34.832031
13839,512,18708,36.539062
13840,512,18375,35.888672
13841,512,17750,34.667969
13842,512,17792,34.750000
13843,512,18250,35.644531
13844,512,17875,34.912109
13845,512,17875,34.912109
13846,512,17750,34.667969
13847,512,17500,34.179688
13848,512,17459,34.099609
13849,512,17916,34.992188
13850,512,22667,44.271484
13851,512,21333,41.666016
13852,512,17625,34.423828
13853,512,17875,34.912109
13854,512,18084,35.320312
13855,512,18000,35.156250
13856,512,17666,34.503906
13857,512,18584,36.296875
13858,512,18584,36.296875
13859,512,17375,33.935547
13860,512,18125,35.400391
13861,512,18500,36.132812
13862,512,17958,35.074219
13863,512,18166,35.480469
13864,512,18250,35.644531
13865,512,18583,36.294922
13866,512,18500,36.132812
13867,512,17917,34.994141
13868,512,17750,34.667969
13869,512,18334,35.808594
13870,512,18291,35.724609
13871,512,18334,35.808594
13872,512,18083,35.318359
13873,512,17875,34.912109
13874,512,18125,35.400391
13875,512,17750,34.667969
13876,512,17541,34.259766
13877,512,17875,34.912109
13878,512,18167,35.482422
13879,512,18375,35.888672
13880,512,18458,36.050781
13881,512,18041,35.236328
13882,512,17792,34.750000
13883,512,18167,35.482422
13884,512,18000,35.156250
13885,512,17834,34.832031
13886,512,18292,35.726562
13887,512,18083,35.318359
13888,512,17583,34.341797
13889,512,18500,36.132812
13890,512,17375,33.935547
13891,512,17042,33.285156
13892,512,18125,35.400391
13893,512,17958,35.074219
13894,512,18208,35.562500
13895,512,18083,35.318359
13896,512,17459,34.099609
13897,512,17875,34.912109
13898,512,17083,33.365234
13899,512,17458,34.097656
13900,512,17917,34.994141
13901,512,17208,33.609375
13902,512,17916,34.992188
13903,512,18250,35.644531
13904,512,18292,35.726562
13905,512,17791,34.748047
13906,512,17792,34.750000
13907,512,18417,35.970703
13908,512,17500,34.179688
13909,512,18042,35.238281
13910,512,17416,34.015625
13911,512,17792,34.750000
13912,512,18583,36.294922
13913,512,17625,34.423828
13914,512,17917,34.994141
13915,512,17250,33.691406
13916,512,17709,34.587891
13917,512,17500,34.179688
13918,512,17917,34.994141
13919,512,17833,34.830078
13920,512,17750,34.667969
13921,512,17875,34.912109
13922,512,17583,34.341797
13923,512,17500,34.179688
13924,512,18333,35.806641
13925,512,18250,35.644531
13926,512,18167,35.482422
13927,512,18291,35.724609
13928,512,17583,34.341797
13929,512,18125,35.400391
13930,512,17959,35.076172
13931,512,17583,34.341797
13932,512,17375,33.935547
13933,512,18333,35.806641
13934,512,17417,34.017578
13935,512,17292,33.773438
13936,512,18166,35.480469
13937,512,18834,36.785156
13938,512,17625,34.423828
13939,512,17833,34.830078
13940,512,17625,34.423828
13941,512,17584,34.343750
13942,512,17750,34.667969
13943,512,17791,34.748047
13944,512,17375,33.935547
13945,512,17792,34.750000
13946,512,17916,34.992188
13947,512,17667,34.505859
13948,512,17833,34.830078
13949,512,17708,34.585938
13950,512,19000,37.109375
13951,512,18292,35.726562
13952,512,17625,34.423828
13953,512,18208,35.562500
13954,512,18083,35.318359
13955,512,18375,35.888672
13956,512,18333,35.806641
13957,512,17625,34.423828
13958,512,17250,33.691406
13959,512,17791,34.748047
13960,512,16834,32.878906
13961,512,17625,34.423828
13962,512,17375,33.935547
13963,512,17958,35.074219
13964,512,18167,35.482422
13965,512,17541,34.259766
13966,512,18083,35.318359
13967,512,17584,34.343750
13968,512,16917,33.041016
13969,512,17458,34.097656
13970,512,16834,32.878906
13971,512,17625,34.423828
13972,512,17417,34.017578
13973,512,17667,34.505859
13974,512,17542,34.261719
13975,512,17875,34.912109
13976,512,17667,34.505859
13977,512,17500,34.179688
13978,512,17250,33.691406
13979,512,17250,33.691406
13980,512,17417,34.017578
13981,512,17083,33.365234
13982,512,17333,33.853516
13983,512,17334,33.855469
13984,512,17042,33.285156
13985,512,17916,34.992188
13986,512,17209,33.611328
13987,512,17916,34.992188
13988,512,18292,35.726562
13989,512,22541,44.025391
13990,512,22167,43.294922
13991,512,21833,42.642578
13992,512,18500,36.132812
13993,512,22625,44.189453
13994,512,19333,37.759766
13995,512,17833,34.830078
13996,512,18500,36.132812
13997,512,17084,33.367188
13998,512,17083,33.365234
13999,512,18083,35.318359
14000,512,16709,32.634766
14001,512,18000,35.156250
14002,512,18000,35.156250
14003,512,17583,34.341797
14004,512,18459,36.052734
14005,512,18166,35.480469
14006,512,18334,35.808594
14007,512,17334,33.855469
14008,512,18041,35.236328
14009,512,17500,34.179688
14010,512,18167,35.482422
14011,512,18416,35.968750
14012,512,18334,35.808594
14013,512,17334,33.855469
14014,512,17541,34.259766
14015,512,18417,35.970703
14016,512,17666,34.503906
14017,512,18042,35.238281
14018,512,17917,34.994141
14019,512,18041,35.236328
14020,512,18209,35.564453
14021,512,17458,34.097656
14022,512,18125,35.400391
14023,512,18750,36.621094
14024,512,17541,34.259766
14025,512,17084,33.367188
14026,512,16750,32.714844
14027,512,18000,35.156250
14028,512,17250,33.691406
14029,512,17458,34.097656
14030,512,17584,34.343750
14031,512,17459,34.099609
14032,512,17834,34.832031
14033,512,18083,35.318359
14034,512,18000,35.156250
14035,512,17583,34.341797
14036,512,17625,34.423828
14037,512,18375,35.888672
14038,512,17459,34.099609
14039,512,16958,33.121094
14040,512,17833,34.830078
14041,512,17834,34.832031
14042,512,17750,34.667969
14043,512,17292,33.773438
14044,512,17792,34.750000
14045,512,17667,34.505859
14046,512,17291,33.771484
14047,512,18167,35.482422
14048,512,17750,34.667969
14049,512,17958,35.074219
14050,512,17125,33.447266
14051,512,17417,34.017578
14052,512,16792,32.796875
14053,512,17250,33.691406
14054,512,17292,33.773438
14055,512,20417,39.876953
14056,512,18166,35.480469
14057,512,17542,34.261719
14058,512,17291,33.771484
14059,512,17959,35.076172
14060,512,17334,33.855469
14061,512,17500,34.179688
14062,512,17709,34.587891
14063,512,17750,34.667969
14064,512,17459,34.099609
14065,512,16834,32.878906
14066,512,17500,34.179688
14067,512,20083,39.224609
14068,512,17792,34.750000
14069,512,18916,36.945312
14070,512,21375,41.748047
14071,512,21000,41.015625
14072,512,20833,40.689453
14073,512,18250,35.644531
14074,512,18083,35.318359
14075,512,17167,33.529297
14076,512,17125,33.447266
14077,512,17333,33.853516
14078,512,28750,56.152344
14079,512,17417,34.017578
14080,512,17333,33.853516
14081,512,17542,34.261719
14082,512,17000,33.203125
14083,512,17542,34.261719
14084,512,27541,53.791016
14085,512,19084,37.273438
14086,512,18291,35.724609
14087,512,21250,41.503906
14088,512,17917,34.994141
14089,512,19375,37.841797
14090,512,22708,44.351562
14091,512,21375,41.748047
14092,512,17375,33.935547
14093,512,20250,39.550781
14094,512,17916,34.992188
14095,512,18500,36.132812
14096,512,17500,34.179688
14097,512,17417,34.017578
14098,512,17375,33.935547
14099,512,17833,34.830078
14100,512,18042,35.238281
14101,512,17834,34.832031
14102,512,17667,34.505859
14103,512,17917,34.994141
14104,512,17834,34.832031
14105,512,17334,33.855469
14106,512,18625,36.376953
14107,512,18167,35.482422
14108,512,17792,34.750000
14109,512,18125,35.400391
14110,512,17667,34.505859
14111,512,18333,35.806641
14112,512,18333,35.806641
14113,512,24500,47.851562
14114,512,17584,34.343750
14115,512,17834,34.832031
14116,512,17583,34.341797
14117,512,18000,35.156250
14118,512,18042,35.238281
14119,512,17791,34.748047
14120,512,17625,34.423828
14121,512,18417,35.970703
14122,512,18125,35.400391
14123,512,17334,33.855469
14124,512,18541,36.212891
14125,512,17000,33.203125
14126,512,18000,35.156250
14127,512,17375,33.935547
14128,512,18042,35.238281
14129,512,18250,35.644531
14130,512,17959,35.076172
14131,512,17750,34.667969
14132,512,19000,37.109375
14133,512,17542,34.261719
14134,512,18000,35.156250
14135,512,18500,36.132812
14136,512,17500,34.179688
14137,512,17750,34.667969
14138,512,18125,35.400391
14139,512,18333,35.806641
14140,512,17791,34.748047
14141,512,18209,35.564453
14142,512,17417,34.017578
14143,512,18167,35.482422
14144,512,18083,35.318359
14145,512,18083,35.318359
14146,512,17292,33.773438
14147,512,17958,35.074219
14148,512,17542,34.261719
14149,512,17708,34.585938
14150,512,18083,35.318359
14151,512,18042,35.238281
14152,512,17416,34.015625
14153,512,17542,34.261719
14154,512,17875,34.912109
14155,512,17708,34.585938
14156,512,17833,34.830078
14157,512,17292,33.773438
14158,512,18083,35.318359
14159,512,17958,35.074219
14160,512,17334,33.855469
14161,512,17625,34.423828
14162,512,17625,34.423828
14163,512,21000,41.015625
14164,512,19125,37.353516
14165,512,19333,37.759766
14166,512,21875,42.724609
14167,512,20833,40.689453
14168,512,17583,34.341797
14169,512,17625,34.423828
14170,512,18125,35.400391
14171,512,18250,35.644531
14172,512,20167,39.388672
14173,512,23166,45.246094
14174,512,22000,42.968750
14175,512,21167,41.341797
14176,512,17167,33.529297
14177,512,18333,35.806641
14178,512,18917,36.947266
14179,512,22833,44.595703
14180,512,18375,35.888672
14181,512,18459,36.052734
14182,512,17958,35.074219
14183,512,17625,34.423828
14184,512,18333,35.806641
14185,512,17625,34.423828
14186,512,18166,35.480469
14187,512,18125,35.400391
14188,512,18167,35.482422
14189,512,18000,35.156250
14190,512,17958,35.074219
14191,512,17583,34.341797
14192,512,17750,34.667969
14193,512,17375,33.935547
14194,512,20542,40.121094
14195,512,20083,39.224609
14196,512,22666,44.269531
14197,512,18000,35.156250
14198,512,18084,35.320312
14199,512,17666,34.503906
14200,512,17333,33.853516
14201,512,17500,34.179688
14202,512,18042,35.238281
14203,512,17708,34.585938
14204,512,18125,35.400391
14205,512,18209,35.564453
14206,512,17584,34.343750
14207,512,17417,34.017578
14208,512,17791,34.748047
14209,512,18208,35.562500
14210,512,16750,32.714844
14211,512,17667,34.505859
14212,512,17208,33.609375
14213,512,17500,34.179688
14214,512,17500,34.179688
14215,512,17875,34.912109
14216,512,17417,34.017578
14217,512,18250,35.644531
14218,512,18000,35.156250
14219,512,19667,38.412109
14220,512,18875,36.865234
14221,512,18709,36.541016
14222,512,17916,34.992188
14223,512,18000,35.156250
14224,512,18250,35.644531
14225,512,17792,34.750000
14226,512,17583,34.341797
14227,512,18375,35.888672
14228,512,18500,36.132812
14229,512,17250,33.691406
14230,512,17750,34.667969
14231,512,17375,33.935547
14232,512,18125,35.400391
14233,512,21750,42.480469
14234,512,18208,35.562500
14235,512,17667,34.505859
14236,512,17000,33.203125
14237,512,18000,35.156250
14238,512,17958,35.074219
14239,512,17959,35.076172
14240,512,18292,35.726562
14241,512,17166,33.527344
14242,512,17084,33.367188
14243,512,17584,34.343750
14244,512,17333,33.853516
14245,512,17791,34.748047
14246,512,17417,34.017578
14247,512,17292,33.773438
14248,512,18250,35.644531
14249,512,19917,38.900391
14250,512,22292,43.539062
14251,512,17667,34.505859
14252,512,17417,34.017578
14253,512,17708,34.585938
14254,512,17417,34.017578
14255,512,18500,36.132812
14256,512,18000,35.156250
14257,512,19167,37.435547
14258,512,20292,39.632812
14259,512,17583,34.341797
14260,512,17959,35.076172
14261,512,17417,34.017578
14262,512,20500,40.039062
14263,512,24916,48.664062
14264,512,18459,36.052734
14265,512,17750,34.667969
14266,512,20208,39.468750
14267,512,19792,38.656250
14268,512,17833,34.830078
14269,512,21291,41.583984
14270,512,18458,36.050781
14271,512,18125,35.400391
14272,512,18209,35.564453
14273,512,17875,34.912109
14274,512,18375,35.888672
14275,512,26750,52.246094
14276,512,21083,41.177734
14277,512,22792,44.515625
14278,512,34416,67.218750
14279,512,25500,49.804688
14280,512,20083,39.224609
14281,512,17708,34.585938
14282,512,17375,33.935547
14283,512,21333,41.666016
14284,512,18500,36.132812
14285,512,18625,36.376953
14286,512,18416,35.968750
14287,512,18334,35.808594
14288,512,18375,35.888672
14289,512,17583,34.341797
14290,512,18292,35.726562
14291,512,18000,35.156250
14292,512,18708,36.539062
14293,512,17417,34.017578
14294,512,17333,33.853516
14295,512,18250,35.644531
14296,512,17083,33.365234
14297,512,17500,34.179688
14298,512,17917,34.994141
14299,512,17625,34.423828
14300,512,21833,42.642578
14301,512,17375,33.935547
14302,512,18125,35.400391
14303,512,17500,34.179688
14304,512,17541,34.259766
14305,512,17958,35.074219
14306,512,16917,33.041016
14307,512,17333,33.853516
14308,512,17292,33.773438
14309,512,18000,35.156250
14310,512,18792,36.703125
14311,512,20833,40.689453
14312,512,17375,33.935547
14313,512,17958,35.074219
14314,512,18458,36.050781
14315,512,20958,40.933594
14316,512,20833,40.689453
14317,512,18125,35.400391
14318,512,17959,35.076172
14319,512,17209,33.611328
14320,512,17666,34.503906
14321,512,17750,34.667969
14322,512,17959,35.076172
14323,512,17875,34.912109
14324,512,18083,35.318359
14325,512,17750,34.667969
14326,512,17125,33.447266
14327,512,18125,35.400391
14328,512,18584,36.296875
14329,512,18375,35.888672
14330,512,18291,35.724609
14331,512,18417,35.970703
14332,512,17666,34.503906
14333,512,18042,35.238281
14334,512,17625,34.423828
14335,512,17833,34.830078
14336,512,17500,34.179688
14337,512,17875,34.912109
14338,512,17625,34.423828
14339,512,18250,35.644531
14340,512,17708,34.585938
14341,512,17208,33.609375
14342,512,17500,34.179688
14343,512,17208,33.609375
14344,512,17500,34.179688
14345,512,17834,34.832031
14346,512,18708,36.539062
14347,512,17292,33.773438
14348,512,17666,34.503906
14349,512,17792,34.750000
14350,512,18042,35.238281
14351,512,17375,33.935547
14352,512,18458,36.050781
14353,512,17875,34.912109
14354,512,17833,34.830078
14355,512,17667,34.505859
14356,512,17750,34.667969
14357,512,17416,34.015625
14358,512,17542,34.261719
14359,512,17291,33.771484
14360,512,17208,33.609375
14361,512,17458,34.097656
14362,512,17000,33.203125
14363,512,17958,35.074219
14364,512,17834,34.832031
14365,512,17209,33.611328
14366,512,17667,34.505859
14367,512,17083,33.365234
14368,512,17625,34.423828
14369,512,17791,34.748047
14370,512,17834,34.832031
14371,512,17584,34.343750
14372,512,18083,35.318359
14373,512,17292,33.773438
14374,512,17542,34.261719
14375,512,17583,34.341797
14376,512,17708,34.585938
14377,512,18000,35.156250
14378,512,18375,35.888672
14379,512,17417,34.017578
14380,512,17875,34.912109
14381,512,17916,34.992188
14382,512,17125,33.447266
14383,512,17916,34.992188
14384,512,17334,33.855469
14385,512,17917,34.994141
14386,512,17583,34.341797
14387,512,18084,35.320312
14388,512,17875,34.912109
14389,512,17333,33.853516
14390,512,17208,33.609375
14391,512,18042,35.238281
14392,512,22125,43.212891
14393,512,19416,37.921875
14394,512,17500,34.179688
14395,512,17833,34.830078
14396,512,20500,40.039062
14397,512,19792,38.656250
14398,512,18542,36.214844
14399,512,17958,35.074219
14400,512,17917,34.994141
14401,512,17250,33.691406
14402,512,17834,34.832031
14403,512,18000,35.156250
14404,512,17833,34.830078
14405,512,18000,35.156250
14406,512,18167,35.482422
14407,512,17250,33.691406
14408,512,17625,34.423828
14409,512,18333,35.806641
14410,512,17584,34.343750
14411,512,17958,35.074219
14412,512,17500,34.179688
14413,512,17875,34.912109
14414,512,19250,37.597656
14415,512,19916,38.898438
14416,512,17500,34.179688
14417,512,18333,35.806641
14418,512,17542,34.261719
14419,512,17458,34.097656
14420,512,18500,36.132812
14421,512,18500,36.132812
14422,512,17541,34.259766
14423,512,18000,35.156250
14424,512,17708,34.585938
14425,512,17250,33.691406
14426,512,17750,34.667969
14427,512,17917,34.994141
14428,512,17500,34.179688
14429,512,17833,34.830078
14430,512,17708,34.585938
14431,512,17875,34.912109
14432,512,18000,35.156250
14433,512,16917,33.041016
14434,512,17791,34.748047
14435,512,18709,36.541016
14436,512,17750,34.667969
14437,512,17584,34.343750
14438,512,18333,35.806641
14439,512,17291,33.771484
14440,512,17500,34.179688
14441,512,17958,35.074219
14442,512,17750,34.667969
14443,512,17875,34.912109
14444,512,17709,34.587891
14445,512,22541,44.025391
14446,512,22792,44.515625
14447,512,22916,44.757812
14448,512,18625,36.376953
14449,512,21250,41.503906
14450,512,21625,42.236328
14451,512,17959,35.076172
14452,512,18041,35.236328
14453,512,18250,35.644531
14454,512,18334,35.808594
14455,512,17417,34.017578
14456,512,18250,35.644531
14457,512,17708,34.585938
14458,512,18416,35.968750
14459,512,18208,35.562500
14460,512,17417,34.017578
14461,512,17250,33.691406
14462,512,17291,33.771484
14463,512,17792,34.750000
14464,512,17208,33.609375
14465,512,17709,34.587891
14466,512,17167,33.529297
14467,512,18500,36.132812
14468,512,17541,34.259766
14469,512,18000,35.156250
14470,512,18209,35.564453
14471,512,18333,35.806641
14472,512,18250,35.644531
14473,512,18667,36.458984
14474,512,17916,34.992188
14475,512,18375,35.888672
14476,512,18208,35.562500
14477,512,17917,34.994141
14478,512,17167,33.529297
14479,512,18000,35.156250
14480,512,18250,35.644531
14481,512,17833,34.830078
14482,512,18083,35.318359
14483,512,18500,36.132812
14484,512,17250,33.691406
14485,512,18708,36.539062
14486,512,17709,34.587891
14487,512,18375,35.888672
14488,512,18209,35.564453
14489,512,17667,34.505859
14490,512,17500,34.179688
14491,512,17959,35.076172
14492,512,17834,34.832031
14493,512,17625,34.423828
14494,512,18625,36.376953
14495,512,18041,35.236328
14496,512,18542,36.214844
14497,512,17833,34.830078
14498,512,17542,34.261719
14499,512,17833,34.830078
14500,512,17625,34.423828
14501,512,17708,34.585938
14502,512,18125,35.400391
14503,512,17375,33.935547
14504,512,17958,35.074219
14505,512,17625,34.423828
14506,512,18083,35.318359
14507,512,17583,34.341797
14508,512,17083,33.365234
14509,512,17875,34.912109
14510,512,18042,35.238281
14511,512,18625,36.376953
14512,512,18500,36.132812
14513,512,17958,35.074219
14514,512,18000,35.156250
14515,512,17834,34.832031
14516,512,17416,34.015625
14517,512,17792,34.750000
14518,512,18542,36.214844
14519,512,18166,35.480469
14520,512,18334,35.808594
14521,512,18167,35.482422
14522,512,18333,35.806641
14523,512,17917,34.994141
14524,512,17500,34.179688
14525,512,18208,35.562500
14526,512,18000,35.156250
14527,512,17875,34.912109
14528,512,17791,34.748047
14529,512,18750,36.621094
14530,512,18583,36.294922
14531,512,18542,36.214844
14532,512,17959,35.076172
14533,512,18542,36.214844
14534,512,17458,34.097656
14535,512,18875,36.865234
14536,512,17875,34.912109
14537,512,17958,35.074219
14538,512,17958,35.074219
14539,512,18292,35.726562
14540,512,16958,33.121094
14541,512,16584,32.390625
14542,512,18041,35.236328
14543,512,17708,34.585938
14544,512,17667,34.505859
14545,512,16958,33.121094
14546,512,18125,35.400391
14547,512,17208,33.609375
14548,512,17209,33.611328
14549,512,17459,34.099609
14550,512,17541,34.259766
14551,512,17709,34.587891
14552,512,17000,33.203125
14553,512,17875,34.912109
14554,512,18084,35.320312
14555,512,17000,33.203125
14556,512,17625,34.423828
14557,512,17750,34.667969
14558,512,17584,34.343750
14559,512,18084,35.320312
14560,512,19041,37.189453
14561,512,17875,34.912109
14562,512,17334,33.855469
14563,512,18042,35.238281
14564,512,17417,34.017578
14565,512,17459,34.099609
14566,512,17042,33.285156
14567,512,17458,34.097656
14568,512,17917,34.994141
14569,512,17500,34.179688
14570,512,17500,34.179688
14571,512,17500,34.179688
14572,512,17708,34.585938
14573,512,18000,35.156250
14574,512,18458,36.050781
14575,512,17750,34.667969
14576,512,17625,34.423828
14577,512,18125,35.400391
14578,512,18125,35.400391
14579,512,17792,34.750000
14580,512,17875,34.912109
14581,512,18125,35.400391
14582,512,17375,33.935547
14583,512,17792,34.750000
14584,512,17375,33.935547
14585,512,17459,34.099609
14586,512,17916,34.992188
14587,512,17792,34.750000
14588,512,17916,34.992188
14589,512,18250,35.644531
14590,512,17833,34.830078
14591,512,17958,35.074219
14592,512,17417,34.017578
14593,512,17875,34.912109
14594,512,17458,34.097656
14595,512,17834,34.832031
14596,512,17208,33.609375
14597,512,17292,33.773438
14598,512,17833,34.830078
14599,512,17292,33.773438
14600,512,17792,34.750000
14601,512,16958,33.121094
14602,512,17459,34.099609
14603,512,18041,35.236328
14604,512,18417,35.970703
14605,512,18750,36.621094
14606,512,17917,34.994141
14607,512,18125,35.400391
14608,512,17292,33.773438
14609,512,18041,35.236328
14610,512,17542,34.261719
14611,512,17625,34.423828
14612,512,17584,34.343750
14613,512,17375,33.935547
14614,512,17792,34.750000
14615,512,17708,34.585938
14616,512,17959,35.076172
14617,512,17625,34.423828
14618,512,16709,32.634766
14619,512,17834,34.832031
14620,512,18416,35.968750
14621,512,17875,34.912109
14622,512,18042,35.238281
14623,512,18083,35.318359
14624,512,17583,34.341797
14625,512,21792,42.562500
14626,512,18583,36.294922
14627,512,17833,34.830078
14628,512,17917,34.994141
14629,512,17834,34.832031
14630,512,17875,34.912109
14631,512,20959,40.935547
14632,512,22459,43.865234
14633,512,21542,42.074219
14634,512,18458,36.050781
14635,512,18333,35.806641
14636,512,17667,34.505859
14637,512,17708,34.585938
14638,512,18292,35.726562
14639,512,18541,36.212891
14640,512,17583,34.341797
14641,512,17834,34.832031
14642,512,17584,34.343750
14643,512,18000,35.156250
14644,512,18166,35.480469
14645,512,18209,35.564453
14646,512,17875,34.912109
14647,512,17584,34.343750
14648,512,17791,34.748047
14649,512,18375,35.888672
14650,512,18042,35.238281
14651,512,17875,34.912109
14652,512,17875,34.912109
14653,512,17625,34.423828
14654,512,17000,33.203125
14655,512,18167,35.482422
14656,512,17750,34.667969
14657,512,17916,34.992188
14658,512,17042,33.285156
14659,512,17500,34.179688
14660,512,17583,34.341797
14661,512,18084,35.320312
14662,512,17625,34.423828
14663,512,18084,35.320312
14664,512,17083,33.365234
14665,512,18167,35.482422
14666,512,17916,34.992188
14667,512,18000,35.156250
14668,512,17542,34.261719
14669,512,17833,34.830078
14670,512,17792,34.750000
14671,512,17334,33.855469
14672,512,17083,33.365234
14673,512,23667,46.224609
14674,512,17375,33.935547
14675,512,22000,42.968750
14676,512,19084,37.273438
14677,512,21000,41.015625
14678,512,17625,34.423828
14679,512,17042,33.285156
14680,512,17917,34.994141
14681,512,18167,35.482422
14682,512,17375,33.935547
14683,512,17333,33.853516
14684,512,17334,33.855469
14685,512,17583,34.341797
14686,512,17958,35.074219
14687,512,17583,34.341797
14688,512,17834,34.832031
14689,512,17833,34.830078
14690,512,17292,33.773438
14691,512,17291,33.771484
14692,512,17584,34.343750
14693,512,17458,34.097656
14694,512,17416,34.015625
14695,512,17042,33.285156
14696,512,17666,34.503906
14697,512,17042,33.285156
14698,512,17333,33.853516
14699,512,16791,32.794922
14700,512,17250,33.691406
14701,512,17792,34.750000
14702,512,17375,33.935547
14703,512,17625,34.423828
14704,512,18000,35.156250
14705,512,18209,35.564453
14706,512,17625,34.423828
14707,512,17666,34.503906
14708,512,17917,34.994141
14709,512,17583,34.341797
14710,512,17583,34.341797
14711,512,18125,35.400391
14712,512,17917,34.994141
14713,512,17750,34.667969
14714,512,17792,34.750000
14715,512,17167,33.529297
14716,512,17167,33.529297
14717,512,17375,33.935547
14718,512,18292,35.726562
14719,512,18166,35.480469
14720,512,17708,34.585938
14721,512,17625,34.423828
14722,512,17417,34.017578
14723,512,17750,34.667969
14724,512,17625,34.423828
14725,512,18250,35.644531
14726,512,18000,35.156250
14727,512,17541,34.259766
14728,512,18334,35.808594
14729,512,17583,34.341797
14730,512,17792,34.750000
14731,512,17542,34.261719
14732,512,17708,34.585938
14733,512,17750,34.667969
14734,512,17917,34.994141
14735,512,17250,33.691406
14736,512,17584,34.343750
14737,512,17709,34.587891
14738,512,18541,36.212891
14739,512,18209,35.564453
14740,512,17750,34.667969
14741,512,18167,35.482422
14742,512,17708,34.585938
14743,512,18083,35.318359
14744,512,18334,35.808594
14745,512,18416,35.968750
14746,512,18334,35.808594
14747,512,18000,35.156250
14748,512,17833,34.830078
14749,512,17916,34.992188
14750,512,18084,35.320312
14751,512,17791,34.748047
14752,512,18375,35.888672
14753,512,18084,35.320312
14754,512,18500,36.132812
14755,512,17792,34.750000
14756,512,18208,35.562500
14757,512,17625,34.423828
14758,512,17958,35.074219
14759,512,17667,34.505859
14760,512,18209,35.564453
14761,512,17916,34.992188
14762,512,17500,34.179688
14763,512,17625,34.423828
14764,512,17875,34.912109
14765,512,18000,35.156250
14766,512,18000,35.156250
14767,512,17500,34.179688
14768,512,18041,35.236328
14769,512,17500,34.179688
14770,512,18459,36.052734
14771,512,17875,34.912109
14772,512,16959,33.123047
14773,512,18333,35.806641
14774,512,17625,34.423828
14775,512,17958,35.074219
14776,512,17834,34.832031
14777,512,18209,35.564453
14778,512,17583,34.341797
14779,512,18292,35.726562
14780,512,17709,34.587891
14781,512,17875,34.912109
14782,512,17625,34.423828
14783,512,17209,33.611328
14784,512,18334,35.808594
14785,512,17958,35.074219
14786,512,17875,34.912109
14787,512,18250,35.644531
14788,512,19334,37.761719
14789,512,20709,40.447266
14790,512,18291,35.724609
14791,512,21250,41.503906
14792,512,18375,35.888672
14793,512,17125,33.447266
14794,512,17625,34.423828
14795,512,18125,35.400391
14796,512,17292,33.773438
14797,512,18208,35.562500
14798,512,18250,35.644531
14799,512,18542,36.214844
14800,512,18208,35.562500
14801,512,17708,34.585938
14802,512,17792,34.750000
14803,512,17958,35.074219
14804,512,17959,35.076172
14805,512,18459,36.052734
14806,512,17750,34.667969
14807,512,17791,34.748047
14808,512,18417,35.970703
14809,512,17375,33.935547
14810,512,18000,35.156250
14811,512,17917,34.994141
14812,512,17917,34.994141
14813,512,17416,34.015625
14814,512,17542,34.261719
14815,512,17583,34.341797
14816,512,18167,35.482422
14817,512,17916,34.992188
14818,512,17167,33.529297
14819,512,17583,34.341797
14820,512,17625,34.423828
14821,512,17000,33.203125
14822,512,17917,34.994141
14823,512,17833,34.830078
14824,512,17459,34.099609
14825,512,17791,34.748047
14826,512,17708,34.585938
14827,512,17542,34.261719
14828,512,17625,34.423828
14829,512,17083,33.365234
14830,512,17042,33.285156
14831,512,17792,34.750000
14832,512,17541,34.259766
14833,512,20834,40.691406
14834,512,17583,34.341797
14835,512,18458,36.050781
14836,512,18167,35.482422
14837,512,16959,33.123047
14838,512,17792,34.750000
14839,512,17708,34.585938
14840,512,18167,35.482422
14841,512,18500,36.132812
14842,512,18334,35.808594
14843,512,18292,35.726562
14844,512,18875,36.865234
14845,512,17833,34.830078
14846,512,18083,35.318359
14847,512,16667,32.552734
14848,512,18416,35.968750
14849,512,18375,35.888672
14850,512,21292,41.585938
14851,512,21292,41.585938
14852,512,18959,37.029297
14853,512,17959,35.076172
14854,512,18166,35.480469
14855,512,17917,34.994141
14856,512,18000,35.156250
14857,512,17500,34.179688
14858,512,18000,35.156250
14859,512,20250,39.550781
14860,512,20459,39.958984
14861,512,18416,35.968750
14862,512,17792,34.750000
14863,512,17417,34.017578
14864,512,18416,35.968750
14865,512,20250,39.550781
14866,512,18083,35.318359
14867,512,18083,35.318359
14868,512,18500,36.132812
14869,512,18000,35.156250
14870,512,17834,34.832031
14871,512,17917,34.994141
14872,512,17917,34.994141
14873,512,18125,35.400391
14874,512,18292,35.726562
14875,512,18542,36.214844
14876,512,17834,34.832031
14877,512,17708,34.585938
14878,512,17875,34.912109
14879,512,18042,35.238281
14880,512,17375,33.935547
14881,512,17500,34.179688
14882,512,17500,34.179688
14883,512,17667,34.505859
14884,512,18000,35.156250
14885,512,17500,34.179688
14886,512,17834,34.832031
14887,512,17666,34.503906
14888,512,17834,34.832031
14889,512,18208,35.562500
14890,512,17833,34.830078
14891,512,17917,34.994141
14892,512,18000,35.156250
14893,512,18000,35.156250
14894,512,17875,34.912109
14895,512,17500,34.179688
14896,512,18041,35.236328
14897,512,17667,34.505859
14898,512,18167,35.482422
14899,512,18083,35.318359
14900,512,17708,34.585938
14901,512,18459,36.052734
14902,512,18042,35.238281
14903,512,17833,34.830078
14904,512,18375,35.888672
14905,512,18291,35.724609
14906,512,18417,35.970703
14907,512,17708,34.585938
14908,512,17917,34.994141
14909,512,18042,35.238281
14910,512,17875,34.912109
14911,512,17750,34.667969
14912,512,17666,34.503906
14913,512,17917,34.994141
14914,512,17958,35.074219
14915,512,18084,35.320312
14916,512,18333,35.806641
14917,512,17458,34.097656
14918,512,17917,34.994141
14919,512,17875,34.912109
14920,512,17250,33.691406
14921,512,20708,40.445312
14922,512,19083,37.271484
14923,512,22291,43.537109
14924,512,23709,46.306641
14925,512,19958,38.980469
14926,512,18458,36.050781
14927,512,17791,34.748047
14928,512,18000,35.156250
14929,512,18208,35.562500
14930,512,22708,44.351562
14931,512,22167,43.294922
14932,512,19875,38.818359
14933,512,17750,34.667969
14934,512,17584,34.343750
14935,512,17583,34.341797
14936,512,18083,35.318359
14937,512,22792,44.515625
14938,512,22708,44.351562
14939,512,19000,37.109375
14940,512,17583,34.341797
14941,512,18583,36.294922
14942,512,18334,35.808594
14943,512,17375,33.935547
14944,512,17084,33.367188
14945,512,17125,33.447266
14946,512,17416,34.015625
14947,512,18167,35.482422
14948,512,17125,33.447266
14949,512,16875,32.958984
14950,512,17209,33.611328
14951,512,17667,34.505859
14952,512,17458,34.097656
14953,512,17542,34.261719
14954,512,17417,34.017578
14955,512,17250,33.691406
14956,512,16833,32.876953
14957,512,17083,33.365234
14958,512,17458,34.097656
14959,512,17291,33.771484
14960,512,16834,32.878906
14961,512,17208,33.609375
14962,512,17250,33.691406
14963,512,17375,33.935547
14964,512,17083,33.365234
14965,512,17792,34.750000
14966,512,17375,33.935547
14967,512,17375,33.935547
14968,512,17375,33.935547
14969,512,17292,33.773438
14970,512,17208,33.609375
14971,512,17542,34.261719
14972,512,17916,34.992188
14973,512,17542,34.261719
14974,512,18083,35.318359
14975,512,17292,33.773438
14976,512,18083,35.318359
14977,512,17625,34.423828
14978,512,17375,33.935547
14979,512,17917,34.994141
14980,512,17458,34.097656
14981,512,17167,33.529297
14982,512,17416,34.015625
14983,512,17584,34.343750
14984,512,16916,33.039062
14985,512,17459,34.099609
14986,512,16959,33.123047
14987,512,16667,32.552734
14988,512,16583,32.388672
14989,512,17625,34.423828
14990,512,17500,34.179688
14991,512,17041,33.283203
14992,512,17250,33.691406
14993,512,16833,32.876953
14994,512,17458,34.097656
14995,512,17459,34.099609
14996,512,17375,33.935547
14997,512,17542,34.261719
14998,512,17250,33.691406
14999,512,17292,33.773438
15000,512,17167,33.529297
15001,512,17958,35.074219
15002,512,17041,33.283203
15003,512,17250,33.691406
15004,512,17167,33.529297
15005,512,17458,34.097656
15006,512,17083,33.365234
15007,512,17458,34.097656
15008,512,16959,33.123047
15009,512,17250,33.691406
15010,512,17958,35.074219
15011,512,16833,32.876953
15012,512,17500,34.179688
15013,512,17333,33.853516
15014,512,17250,33.691406
15015,512,16875,32.958984
15016,512,17000,33.203125
15017,512,17166,33.527344
15018,512,17500,34.179688
15019,512,17709,34.587891
15020,512,17250,33.691406
15021,512,16708,32.632812
15022,512,17500,34.179688
15023,512,17000,33.203125
15024,512,16958,33.121094
15025,512,17000,33.203125
15026,512,17750,34.667969
15027,512,17208,33.609375
15028,512,17000,33.203125
15029,512,16792,32.796875
15030,512,16958,33.121094
15031,512,17542,34.261719
15032,512,17208,33.609375
15033,512,18042,35.238281
15034,512,17541,34.259766
15035,512,17625,34.423828
15036,512,17459,34.099609
15037,512,17250,33.691406
15038,512,17458,34.097656
15039,512,16875,32.958984
15040,512,17083,33.365234
15041,512,17583,34.341797
15042,512,17584,34.343750
15043,512,17750,34.667969
15044,512,18042,35.238281
15045,512,17667,34.505859
15046,512,17125,33.447266
15047,512,17250,33.691406
15048,512,17125,33.447266
15049,512,16750,32.714844
15050,512,17416,34.015625
15051,512,17708,34.585938
15052,512,16917,33.041016
15053,512,18375,35.888672
15054,512,17042,33.285156
15055,512,16875,32.958984
15056,512,18000,35.156250
15057,512,20167,39.388672
15058,512,17750,34.667969
15059,512,17166,33.527344
15060,512,16750,32.714844
15061,512,17542,34.261719
15062,512,17084,33.367188
15063,512,17041,33.283203
15064,512,16750,32.714844
15065,512,17292,33.773438
15066,512,18791,36.701172
15067,512,17625,34.423828
15068,512,17292,33.773438
15069,512,17583,34.341797
15070,512,17416,34.015625
15071,512,17417,34.017578
15072,512,17083,33.365234
15073,512,17708,34.585938
15074,512,17917,34.994141
15075,512,17375,33.935547
15076,512,17292,33.773438
15077,512,17375,33.935547
15078,512,17375,33.935547
15079,512,17750,34.667969
15080,512,17792,34.750000
15081,512,16750,32.714844
15082,512,16708,32.632812
15083,512,16833,32.876953
15084,512,17208,33.609375
15085,512,17208,33.609375
15086,512,16875,32.958984
15087,512,17375,33.935547
15088,512,19917,38.900391
15089,512,20208,39.468750
15090,512,17792,34.750000
15091,512,17334,33.855469
15092,512,17416,34.015625
15093,512,17042,33.285156
15094,512,19250,37.597656
15095,512,19125,37.353516
15096,512,17834,34.832031
15097,512,19625,38.330078
15098,512,22500,43.945312
15099,512,20666,40.363281
15100,512,17042,33.285156
15101,512,16916,33.039062
15102,512,17417,34.017578
15103,512,16959,33.123047
15104,512,17500,34.179688
15105,512,16625,32.470703
15106,512,17458,34.097656
15107,512,17584,34.343750
15108,512,16708,32.632812
15109,512,17208,33.609375
15110,512,17500,34.179688
15111,512,17333,33.853516
15112,512,17375,33.935547
15113,512,17084,33.367188
15114,512,17667,34.505859
15115,512,17708,34.585938
15116,512,17125,33.447266
15117,512,17875,34.912109
15118,512,17708,34.585938
15119,512,17584,34.343750
15120,512,17334,33.855469
15121,512,17250,33.691406
15122,512,17291,33.771484
15123,512,17333,33.853516
15124,512,17333,33.853516
15125,512,18250,35.644531
15126,512,17250,33.691406
15127,512,17583,34.341797
15128,512,21708,42.398438
15129,512,17958,35.074219
15130,512,18083,35.318359
15131,512,18708,36.539062
15132,512,17834,34.832031
15133,512,16833,32.876953
15134,512,18166,35.480469
15135,512,17625,34.423828
15136,512,20667,40.365234
15137,512,22500,43.945312
15138,512,18500,36.132812
15139,512,18375,35.888672
15140,512,18000,35.156250
15141,512,18500,36.132812
15142,512,17458,34.097656
15143,512,17125,33.447266
15144,512,17458,34.097656
15145,512,17417,34.017578
15146,512,17792,34.750000
15147,512,17583,34.341797
15148,512,17958,35.074219
15149,512,17209,33.611328
15150,512,16917,33.041016
15151,512,16875,32.958984
15152,512,17208,33.609375
15153,512,17541,34.259766
15154,512,16917,33.041016
15155,512,17166,33.527344
15156,512,17542,34.261719
15157,512,17084,33.367188
15158,512,16750,32.714844
15159,512,16875,32.958984
15160,512,17334,33.855469
15161,512,17041,33.283203
15162,512,17250,33.691406
15163,512,16958,33.121094
15164,512,17292,33.773438
15165,512,17833,34.830078
15166,512,17666,34.503906
15167,512,18125,35.400391
15168,512,18042,35.238281
15169,512,17500,34.179688
15170,512,17792,34.750000
15171,512,17333,33.853516
15172,512,17417,34.017578
15173,512,17875,34.912109
15174,512,18041,35.236328
15175,512,17834,34.832031
15176,512,17209,33.611328
15177,512,17541,34.259766
15178,512,17334,33.855469
15179,512,17000,33.203125
15180,512,17833,34.830078
15181,512,17042,33.285156
15182,512,17333,33.853516
15183,512,17167,33.529297
15184,512,16917,33.041016
15185,512,17250,33.691406
15186,512,17250,33.691406
15187,512,17667,34.505859
15188,512,17125,33.447266
15189,512,18292,35.726562
15190,512,17500,34.179688
15191,512,17458,34.097656
15192,512,17583,34.341797
15193,512,17250,33.691406
15194,512,17417,34.017578
15195,512,17125,33.447266
15196,512,17250,33.691406
15197,512,17250,33.691406
15198,512,17500,34.179688
15199,512,16625,32.470703
15200,512,16625,32.470703
15201,512,16958,33.121094
15202,512,16875,32.958984
15203,512,16833,32.876953
15204,512,17417,34.017578
15205,512,17250,33.691406
15206,512,17458,34.097656
15207,512,17292,33.773438
15208,512,16541,32.306641
15209,512,17542,34.261719
15210,512,17375,33.935547
15211,512,17500,34.179688
15212,512,16750,32.714844
15213,512,16708,32.632812
15214,512,18042,35.238281
15215,512,17709,34.587891
15216,512,16750,32.714844
15217,512,17584,34.343750
15218,512,17416,34.015625
15219,512,17542,34.261719
15220,512,16791,32.794922
15221,512,17375,33.935547
15222,512,17459,34.099609
15223,512,17084,33.367188
15224,512,17250,33.691406
15225,512,17792,34.750000
15226,512,18167,35.482422
15227,512,17583,34.341797
15228,512,17250,33.691406
15229,512,16875,32.958984
15230,512,17041,33.283203
15231,512,17084,33.367188
15232,512,17500,34.179688
15233,512,17167,33.529297
15234,512,18083,35.318359
15235,512,17250,33.691406
15236,512,17458,34.097656
15237,512,17667,34.505859
15238,512,16917,33.041016
15239,512,17708,34.585938
15240,512,17250,33.691406
15241,512,17167,33.529297
15242,512,17541,34.259766
15243,512,17375,33.935547
15244,512,17375,33.935547
15245,512,17459,34.099609
15246,512,17000,33.203125
15247,512,17084,33.367188
15248,512,17875,34.912109
15249,512,17417,34.017578
15250,512,17375,33.935547
15251,512,17667,34.505859
15252,512,17584,34.343750
15253,512,16791,32.794922
15254,512,17167,33.529297
15255,512,17541,34.259766
15256,512,17292,33.773438
15257,512,17500,34.179688
15258,512,17000,33.203125
15259,512,16584,32.390625
15260,512,16666,32.550781
15261,512,17334,33.855469
15262,512,17250,33.691406
15263,512,17417,34.017578
15264,512,17375,33.935547
15265,512,17250,33.691406
15266,512,16875,32.958984
15267,512,17542,34.261719
15268,512,17125,33.447266
15269,512,17916,34.992188
15270,512,16792,32.796875
15271,512,17375,33.935547
15272,512,17500,34.179688
15273,512,17250,33.691406
15274,512,16917,33.041016
15275,512,17791,34.748047
15276,512,17250,33.691406
15277,512,17000,33.203125
15278,512,17333,33.853516
15279,512,17542,34.261719
15280,512,17042,33.285156
15281,512,17292,33.773438
15282,512,16750,32.714844
15283,512,17792,34.750000
15284,512,17875,34.912109
15285,512,17041,33.283203
15286,512,18000,35.156250
15287,512,17583,34.341797
15288,512,17333,33.853516
15289,512,16958,33.121094
15290,512,17292,33.773438
15291,512,17958,35.074219
15292,512,17542,34.261719
15293,512,18166,35.480469
15294,512,17167,33.529297
15295,512,17500,34.179688
15296,512,17708,34.585938
15297,512,18042,35.238281
15298,512,17541,34.259766
15299,512,17334,33.855469
15300,512,18000,35.156250
15301,512,18125,35.400391
15302,512,17709,34.587891
15303,512,17334,33.855469
15304,512,17208,33.609375
15305,512,17125,33.447266
15306,512,17584,34.343750
15307,512,17125,33.447266
15308,512,18125,35.400391
15309,512,16917,33.041016
15310,512,17083,33.365234
15311,512,17333,33.853516
15312,512,16583,32.388672
15313,512,16833,32.876953
15314,512,16833,32.876953
15315,512,17209,33.611328
15316,512,16125,31.494141
15317,512,17167,33.529297
15318,512,16291,31.818359
15319,512,17125,33.447266
15320,512,16875,32.958984
15321,512,16792,32.796875
15322,512,17458,34.097656
15323,512,17292,33.773438
15324,512,16708,32.632812
15325,512,16666,32.550781
15326,512,20667,40.365234
15327,512,18958,37.027344
15328,512,17459,34.099609
15329,512,17750,34.667969
15330,512,17208,33.609375
15331,512,17208,33.609375
15332,512,17583,34.341797
15333,512,17333,33.853516
15334,512,17459,34.099609
15335,512,17166,33.527344
15336,512,17750,34.667969
15337,512,17833,34.830078
15338,512,17500,34.179688
15339,512,16792,32.796875
15340,512,17209,33.611328
15341,512,17000,33.203125
15342,512,17625,34.423828
15343,512,17000,33.203125
15344,512,17792,34.750000
15345,512,17250,33.691406
15346,512,17500,34.179688
15347,512,16291,31.818359
15348,512,18042,35.238281
15349,512,17083,33.365234
15350,512,17166,33.527344
15351,512,17375,33.935547
15352,512,17375,33.935547
15353,512,18083,35.318359
15354,512,17333,33.853516
15355,512,17084,33.367188
15356,512,16375,31.982422
15357,512,17458,34.097656
15358,512,17125,33.447266
15359,512,17167,33.529297
15360,512,17333,33.853516
15361,512,18083,35.318359
15362,512,17625,34.423828
15363,512,17208,33.609375
15364,512,17042,33.285156
15365,512,16916,33.039062
15366,512,17709,34.587891
15367,512,17291,33.771484
15368,512,16500,32.226562
15369,512,17750,34.667969
15370,512,17583,34.341797
15371,512,17209,33.611328
15372,512,17583,34.341797
15373,512,16458,32.144531
15374,512,17167,33.529297
15375,512,16917,33.041016
15376,512,17416,34.015625
15377,512,17375,33.935547
15378,512,17834,34.832031
15379,512,17542,34.261719
15380,512,16708,32.632812
15381,512,21667,42.318359
15382,512,16792,32.796875
15383,512,17541,34.259766
15384,512,17875,34.912109
15385,512,17167,33.529297
15386,512,17750,34.667969
15387,512,17875,34.912109
15388,512,17834,34.832031
15389,512,17917,34.994141
15390,512,17708,34.585938
15391,512,17708,34.585938
15392,512,17625,34.423828
15393,512,17875,34.912109
15394,512,17375,33.935547
15395,512,17459,34.099609
15396,512,17250,33.691406
15397,512,17209,33.611328
15398,512,17375,33.935547
15399,512,19916,38.898438
15400,512,16917,33.041016
15401,512,17500,34.179688
15402,512,17333,33.853516
15403,512,17417,34.017578
15404,512,17166,33.527344
15405,512,17417,34.017578
15406,512,17541,34.259766
15407,512,17667,34.505859
15408,512,17167,33.529297
15409,512,16792,32.796875
15410,512,17541,34.259766
15411,512,17333,33.853516
15412,512,16792,32.796875
15413,512,17500,34.179688
15414,512,16750,32.714844
15415,512,16500,32.226562
15416,512,16750,32.714844
15417,512,17125,33.447266
15418,512,17208,33.609375
15419,512,17125,33.447266
15420,512,17167,33.529297
15421,512,17375,33.935547
15422,512,18375,35.888672
15423,512,17375,33.935547
15424,512,17584,34.343750
15425,512,17666,34.503906
15426,512,17125,33.447266
15427,512,17333,33.853516
15428,512,17375,33.935547
15429,512,17750,34.667969
15430,512,17250,33.691406
15431,512,17042,33.285156
15432,512,17667,34.505859
15433,512,17833,34.830078
15434,512,17959,35.076172
15435,512,16708,32.632812
15436,512,17583,34.341797
15437,512,17750,34.667969
15438,512,17625,34.423828
15439,512,17125,33.447266
15440,512,18084,35.320312
15441,512,17333,33.853516
15442,512,16458,32.144531
15443,512,17333,33.853516
15444,512,17458,34.097656
15445,512,17167,33.529297
15446,512,16792,32.796875
15447,512,16916,33.039062
15448,512,17542,34.261719
15449,512,17667,34.505859
15450,512,17459,34.099609
15451,512,17625,34.423828
15452,512,17416,34.015625
15453,512,17500,34.179688
15454,512,17000,33.203125
15455,512,16875,32.958984
15456,512,17125,33.447266
15457,512,17083,33.365234
15458,512,16875,32.958984
15459,512,17375,33.935547
15460,512,17750,34.667969
15461,512,17500,34.179688
15462,512,17375,33.935547
15463,512,17542,34.261719
15464,512,17375,33.935547
15465,512,16834,32.878906
15466,512,17375,33.935547
15467,512,17875,34.912109
15468,512,17084,33.367188
15469,512,17333,33.853516
15470,512,17291,33.771484
15471,512,17542,34.261719
15472,512,18125,35.400391
15473,512,17125,33.447266
15474,512,16916,33.039062
15475,512,17375,33.935547
15476,512,16916,33.039062
15477,512,17000,33.203125
15478,512,16333,31.900391
15479,512,16750,32.714844
15480,512,16791,32.794922
15481,512,17459,34.099609
15482,512,16834,32.878906
15483,512,16958,33.121094
15484,512,17083,33.365234
15485,512,17083,33.365234
15486,512,17208,33.609375
15487,512,17167,33.529297
15488,512,17167,33.529297
15489,512,17542,34.261719
15490,512,17333,33.853516
15491,512,17333,33.853516
15492,512,17334,33.855469
15493,512,16791,32.794922
15494,512,17625,34.423828
15495,512,18125,35.400391
15496,512,17209,33.611328
15497,512,16500,32.226562
15498,512,17541,34.259766
15499,512,17709,34.587891
15500,512,17125,33.447266
15501,512,16750,32.714844
15502,512,17459,34.099609
15503,512,17042,33.285156
15504,512,17500,34.179688
15505,512,16916,33.039062
15506,512,18125,35.400391
15507,512,17417,34.017578
15508,512,17000,33.203125
15509,512,17667,34.505859
15510,512,17417,34.017578
15511,512,17166,33.527344
15512,512,16667,32.552734
15513,512,16875,32.958984
15514,512,17208,33.609375
15515,512,17708,34.585938
15516,512,17417,34.017578
15517,512,17083,33.365234
15518,512,17417,34.017578
15519,512,18042,35.238281
15520,512,17250,33.691406
15521,512,16834,32.878906
15522,512,16916,33.039062
15523,512,16875,32.958984
15524,512,17083,33.365234
15525,512,17458,34.097656
15526,512,16917,33.041016
15527,512,17417,34.017578
15528,512,17333,33.853516
15529,512,16833,32.876953
15530,512,17125,33.447266
15531,512,17542,34.261719
15532,512,16666,32.550781
15533,512,16708,32.632812
15534,512,16875,32.958984
15535,512,17292,33.773438
15536,512,16958,33.121094
15537,512,17042,33.285156
15538,512,17333,33.853516
15539,512,17625,34.423828
15540,512,17209,33.611328
15541,512,17083,33.365234
15542,512,17375,33.935547
15543,512,16708,32.632812
15544,512,17042,33.285156
15545,512,17291,33.771484
15546,512,16417,32.064453
15547,512,17167,33.529297
15548,512,16958,33.121094
15549,512,17583,34.341797
15550,512,16750,32.714844
15551,512,17750,34.667969
15552,512,16667,32.552734
15553,512,17333,33.853516
15554,512,16958,33.121094
15555,512,17542,34.261719
15556,512,17333,33.853516
15557,512,21542,42.074219
15558,512,21084,41.179688
15559,512,18791,36.701172
15560,512,21375,41.748047
15561,512,17542,34.261719
15562,512,17666,34.503906
15563,512,18625,36.376953
15564,512,17458,34.097656
15565,512,22750,44.433594
15566,512,22083,43.130859
15567,512,18333,35.806641
15568,512,18083,35.318359
15569,512,18000,35.156250
15570,512,18792,36.703125
15571,512,18125,35.400391
15572,512,18208,35.562500
15573,512,18333,35.806641
15574,512,18167,35.482422
15575,512,18208,35.562500
15576,512,18625,36.376953
15577,512,18291,35.724609
15578,512,18625,36.376953
15579,512,18834,36.785156
15580,512,18166,35.480469
15581,512,18834,36.785156
15582,512,21250,41.503906
15583,512,17500,34.179688
15584,512,18375,35.888672
15585,512,19125,37.353516
15586,512,17791,34.748047
15587,512,17417,34.017578
15588,512,18041,35.236328
15589,512,18292,35.726562
15590,512,18125,35.400391
15591,512,17750,34.667969
15592,512,20708,40.445312
15593,512,20375,39.794922
15594,512,17666,34.503906
15595,512,17375,33.935547
15596,512,17542,34.261719
15597,512,18000,35.156250
15598,512,17250,33.691406
15599,512,18209,35.564453
15600,512,18041,35.236328
15601,512,16209,31.658203
15602,512,17625,34.423828
15603,512,20750,40.527344
15604,512,17666,34.503906
15605,512,20875,40.771484
15606,512,17375,33.935547
15607,512,17875,34.912109
15608,512,17584,34.343750
15609,512,17209,33.611328
15610,512,16959,33.123047
15611,512,16708,32.632812
15612,512,16833,32.876953
15613,512,16667,32.552734
15614,512,18166,35.480469
15615,512,16417,32.064453
15616,512,17333,33.853516
15617,512,16292,31.820312
15618,512,17083,33.365234
15619,512,17208,33.609375
15620,512,17334,33.855469
15621,512,16334,31.902344
15622,512,16834,32.878906
15623,512,16666,32.550781
15624,512,17250,33.691406
15625,512,17458,34.097656
15626,512,17542,34.261719
15627,512,17833,34.830078
15628,512,17167,33.529297
15629,512,17375,33.935547
15630,512,17375,33.935547
15631,512,17833,34.830078
15632,512,17208,33.609375
15633,512,17000,33.203125
15634,512,17791,34.748047
15635,512,17167,33.529297
15636,512,17750,34.667969
15637,512,17167,33.529297
15638,512,17000,33.203125
15639,512,17875,34.912109
15640,512,17750,34.667969
15641,512,17709,34.587891
15642,512,17041,33.283203
15643,512,17000,33.203125
15644,512,17542,34.261719
15645,512,17875,34.912109
15646,512,17291,33.771484
15647,512,17167,33.529297
15648,512,17791,34.748047
15649,512,16584,32.390625
15650,512,17041,33.283203
15651,512,17250,33.691406
15652,512,17459,34.099609
15653,512,17042,33.285156
15654,512,17458,34.097656
15655,512,17750,34.667969
15656,512,17792,34.750000
15657,512,16333,31.900391
15658,512,16375,31.982422
15659,512,16750,32.714844
15660,512,17709,34.587891
15661,512,17083,33.365234
15662,512,17125,33.447266
15663,512,17250,33.691406
15664,512,16875,32.958984
15665,512,16917,33.041016
15666,512,17625,34.423828
15667,512,16875,32.958984
15668,512,16958,33.121094
15669,512,17666,34.503906
15670,512,17625,34.423828
15671,512,17125,33.447266
15672,512,17209,33.611328
15673,512,17458,34.097656
15674,512,16958,33.121094
15675,512,16958,33.121094
15676,512,17792,34.750000
15677,512,17625,34.423828
15678,512,17625,34.423828
15679,512,17250,33.691406
15680,512,17125,33.447266
15681,512,16875,32.958984
15682,512,17083,33.365234
15683,512,16625,32.470703
15684,512,16958,33.121094
15685,512,16875,32.958984
15686,512,17625,34.423828
15687,512,16875,32.958984
15688,512,16500,32.226562
15689,512,16917,33.041016
15690,512,17750,34.667969
15691,512,18500,36.132812
15692,512,17042,33.285156
15693,512,16500,32.226562
15694,512,17584,34.343750
15695,512,17250,33.691406
15696,512,17167,33.529297
15697,512,17375,33.935547
15698,512,17208,33.609375
15699,512,16917,33.041016
15700,512,17209,33.611328
15701,512,17291,33.771484
15702,512,17875,34.912109
15703,512,21542,42.074219
15704,512,18458,36.050781
15705,512,17083,33.365234
15706,512,17208,33.609375
15707,512,21083,41.177734
15708,512,17625,34.423828
15709,512,17459,34.099609
15710,512,18375,35.888672
15711,512,17500,34.179688
15712,512,17167,33.529297
15713,512,17542,34.261719
15714,512,16833,32.876953
15715,512,17208,33.609375
15716,512,17125,33.447266
15717,512,17459,34.099609
15718,512,16625,32.470703
15719,512,17834,34.832031
15720,512,17084,33.367188
15721,512,17292,33.773438
15722,512,16708,32.632812
15723,512,16375,31.982422
15724,512,17166,33.527344
15725,512,17584,34.343750
15726,512,17166,33.527344
15727,512,18042,35.238281
15728,512,19000,37.109375
15729,512,19833,38.736328
15730,512,17917,34.994141
15731,512,17125,33.447266
15732,512,17125,33.447266
15733,512,17500,34.179688
15734,512,17667,34.505859
15735,512,17084,33.367188
15736,512,17416,34.015625
15737,512,16708,32.632812
15738,512,17500,34.179688
15739,512,17542,34.261719
15740,512,17000,33.203125
15741,512,17416,34.015625
15742,512,17542,34.261719
15743,512,17041,33.283203
15744,512,17959,35.076172
15745,512,16875,32.958984
15746,512,17000,33.203125
15747,512,17000,33.203125
15748,512,18167,35.482422
15749,512,17583,34.341797
15750,512,17208,33.609375
15751,512,17250,33.691406
15752,512,16959,33.123047
15753,512,17500,34.179688
15754,512,17750,34.667969
15755,512,17416,34.015625
15756,512,18000,35.156250
15757,512,17292,33.773438
15758,512,17958,35.074219
15759,512,17292,33.773438
15760,512,17709,34.587891
15761,512,17250,33.691406
15762,512,17000,33.203125
15763,512,17167,33.529297
15764,512,19791,38.654297
15765,512,19167,37.435547
15766,512,17667,34.505859
15767,512,17583,34.341797
15768,512,21292,41.585938
15769,512,18041,35.236328
15770,512,18500,36.132812
15771,512,18042,35.238281
15772,512,17083,33.365234
15773,512,16917,33.041016
15774,512,16750,32.714844
15775,512,17167,33.529297
15776,512,17250,33.691406
15777,512,17375,33.935547
15778,512,17416,34.015625
15779,512,17417,34.017578
15780,512,17375,33.935547
15781,512,17750,34.667969
15782,512,16417,32.064453
15783,512,16750,32.714844
15784,512,17208,33.609375
15785,512,17250,33.691406
15786,512,16917,33.041016
15787,512,17166,33.527344
15788,512,17125,33.447266
15789,512,16834,32.878906
15790,512,17041,33.283203
15791,512,17334,33.855469
15792,512,17083,33.365234
15793,512,16500,32.226562
15794,512,17417,34.017578
15795,512,16958,33.121094
15796,512,17292,33.773438
15797,512,17083,33.365234
15798,512,16833,32.876953
15799,512,17166,33.527344
15800,512,17709,34.587891
15801,512,19083,37.271484
15802,512,21791,42.560547
15803,512,18667,36.458984
15804,512,17584,34.343750
15805,512,17333,33.853516
15806,512,17000,33.203125
15807,512,17042,33.285156
15808,512,16750,32.714844
15809,512,17166,33.527344
15810,512,17000,33.203125
15811,512,17542,34.261719
15812,512,17833,34.830078
15813,512,17583,34.341797
15814,512,16875,32.958984
15815,512,17542,34.261719
15816,512,17084,33.367188
15817,512,16584,32.390625
15818,512,17125,33.447266
15819,512,16959,33.123047
15820,512,17083,33.365234
15821,512,17042,33.285156
15822,512,17416,34.015625
15823,512,17583,34.341797
15824,512,17417,34.017578
15825,512,16750,32.714844
15826,512,17375,33.935547
15827,512,17292,33.773438
15828,512,17875,34.912109
15829,512,17875,34.912109
15830,512,17125,33.447266
15831,512,17250,33.691406
15832,512,16792,32.796875
15833,512,17292,33.773438
15834,512,17041,33.283203
15835,512,17334,33.855469
15836,512,16958,33.121094
15837,512,17208,33.609375
15838,512,17292,33.773438
15839,512,17125,33.447266
15840,512,17417,34.017578
15841,512,17208,33.609375
15842,512,17209,33.611328
15843,512,17791,34.748047
15844,512,17459,34.099609
15845,512,17541,34.259766
15846,512,17417,34.017578
15847,512,17792,34.750000
15848,512,17709,34.587891
15849,512,17584,34.343750
15850,512,17916,34.992188
15851,512,18709,36.541016
15852,512,19875,38.818359
15853,512,17750,34.667969
15854,512,17708,34.585938
15855,512,17583,34.341797
15856,512,17833,34.830078
15857,512,18125,35.400391
15858,512,18167,35.482422
15859,512,17958,35.074219
15860,512,17333,33.853516
15861,512,17459,34.099609
15862,512,17083,33.365234
15863,512,17541,34.259766
15864,512,17417,34.017578
15865,512,17208,33.609375
15866,512,17834,34.832031
15867,512,17250,33.691406
15868,512,17084,33.367188
15869,512,17416,34.015625
15870,512,18125,35.400391
15871,512,17292,33.773438
15872,512,17625,34.423828
15873,512,16959,33.123047
15874,512,16958,33.121094
15875,512,17417,34.017578
15876,512,17333,33.853516
15877,512,16792,32.796875
15878,512,17000,33.203125
15879,512,16750,32.714844
15880,512,16667,32.552734
15881,512,16292,31.820312
15882,512,16666,32.550781
15883,512,17500,34.179688
15884,512,17208,33.609375
15885,512,17500,34.179688
15886,512,16583,32.388672
15887,512,16459,32.146484
15888,512,17625,34.423828
15889,512,17500,34.179688
15890,512,17000,33.203125
15891,512,16958,33.121094
15892,512,16625,32.470703
15893,512,16917,33.041016
15894,512,17041,33.283203
15895,512,17250,33.691406
15896,512,16708,32.632812
15897,512,18042,35.238281
15898,512,16750,32.714844
15899,512,16917,33.041016
15900,512,17000,33.203125
15901,512,16458,32.144531
15902,512,17167,33.529297
15903,512,16750,32.714844
15904,512,18000,35.156250
15905,512,17042,33.285156
15906,512,17250,33.691406
15907,512,17833,34.830078
15908,512,17792,34.750000
15909,512,17417,34.017578
15910,512,17041,33.283203
15911,512,17417,34.017578
15912,512,16666,32.550781
15913,512,17167,33.529297
15914,512,17166,33.527344
15915,512,24459,47.771484
15916,512,20417,39.876953
15917,512,17708,34.585938
15918,512,18458,36.050781
15919,512,17500,34.179688
15920,512,16750,32.714844
15921,512,16916,33.039062
15922,512,17042,33.285156
15923,512,17125,33.447266
15924,512,17250,33.691406
15925,512,20917,40.853516
15926,512,17708,34.585938
15927,512,17250,33.691406
15928,512,17792,34.750000
15929,512,17709,34.587891
15930,512,17625,34.423828
15931,512,18041,35.236328
15932,512,17167,33.529297
15933,512,17666,34.503906
15934,512,17750,34.667969
15935,512,18083,35.318359
15936,512,17792,34.750000
15937,512,17584,34.343750
15938,512,17708,34.585938
15939,512,17333,33.853516
15940,512,18083,35.318359
15941,512,17542,34.261719
15942,512,17708,34.585938
15943,512,16709,32.634766
15944,512,17291,33.771484
15945,512,16959,33.123047
15946,512,17375,33.935547
15947,512,17875,34.912109
15948,512,17583,34.341797
15949,512,16792,32.796875
15950,512,17417,34.017578
15951,512,16750,32.714844
15952,512,21458,41.910156
15953,512,17042,33.285156
15954,512,17875,34.912109
15955,512,17750,34.667969
15956,512,17125,33.447266
15957,512,17500,34.179688
15958,512,17417,34.017578
15959,512,17334,33.855469
15960,512,17208,33.609375
15961,512,16750,32.714844
15962,512,17250,33.691406
15963,512,17625,34.423828
15964,512,16750,32.714844
15965,512,17458,34.097656
15966,512,18042,35.238281
15967,512,17250,33.691406
15968,512,18000,35.156250
15969,512,17333,33.853516
15970,512,19125,37.353516
15971,512,17875,34.912109
15972,512,17542,34.261719
15973,512,17083,33.365234
15974,512,17292,33.773438
15975,512,17541,34.259766
15976,512,20750,40.527344
15977,512,18125,35.400391
15978,512,17500,34.179688
15979,512,17084,33.367188
15980,512,17500,34.179688
15981,512,17833,34.830078
15982,512,17667,34.505859
15983,512,17083,33.365234
15984,512,17333,33.853516
15985,512,17375,33.935547
15986,512,17041,33.283203
15987,512,16875,32.958984
15988,512,17042,33.285156
15989,512,17125,33.447266
15990,512,17625,34.423828
15991,512,17125,33.447266
15992,512,17166,33.527344
15993,512,17292,33.773438
15994,512,16750,32.714844
15995,512,17084,33.367188
15996,512,17292,33.773438
15997,512,16916,33.039062
15998,512,17584,34.343750
15999,512,17209,33.611328
16000,512,17458,34.097656
16001,512,17583,34.341797
16002,512,16958,33.121094
16003,512,16958,33.121094
16004,512,16667,32.552734
16005,512,17000,33.203125
16006,512,17125,33.447266
16007,512,17125,33.447266
16008,512,17583,34.341797
16009,512,17583,34.341797
16010,512,18042,35.238281
16011,512,17667,34.505859
16012,512,17875,34.912109
16013,512,17958,35.074219
16014,512,17042,33.285156
16015,512,17875,34.912109
16016,512,17458,34.097656
16017,512,17541,34.259766
16018,512,17292,33.773438
16019,512,17416,34.015625
16020,512,17167,33.529297
16021,512,16791,32.794922
16022,512,17667,34.505859
16023,512,17583,34.341797
16024,512,16708,32.632812
16025,512,16875,32.958984
16026,512,20833,40.689453
16027,512,17541,34.259766
16028,512,17583,34.341797
16029,512,17542,34.261719
16030,512,17583,34.341797
16031,512,17875,34.912109
16032,512,17750,34.667969
16033,512,17500,34.179688
16034,512,17375,33.935547
16035,512,17750,34.667969
16036,512,17417,34.017578
16037,512,17541,34.259766
16038,512,17125,33.447266
16039,512,17083,33.365234
16040,512,17791,34.748047
16041,512,17375,33.935547
16042,512,17583,34.341797
16043,512,17125,33.447266
16044,512,17209,33.611328
16045,512,16750,32.714844
16046,512,17583,34.341797
16047,512,21708,42.398438
16048,512,21042,41.097656
16049,512,17833,34.830078
16050,512,17625,34.423828
16051,512,17625,34.423828
16052,512,17875,34.912109
16053,512,17333,33.853516
16054,512,17792,34.750000
16055,512,17666,34.503906
16056,512,17917,34.994141
16057,512,16959,33.123047
16058,512,17291,33.771484
16059,512,17459,34.099609
16060,512,16959,33.123047
16061,512,17375,33.935547
16062,512,17959,35.076172
16063,512,18041,35.236328
16064,512,17167,33.529297
16065,512,18042,35.238281
16066,512,17416,34.015625
16067,512,18417,35.970703
16068,512,17291,33.771484
16069,512,17458,34.097656
16070,512,18167,35.482422
16071,512,18250,35.644531
16072,512,17708,34.585938
16073,512,17958,35.074219
16074,512,18000,35.156250
16075,512,17541,34.259766
16076,512,17209,33.611328
16077,512,17375,33.935547
16078,512,21666,42.316406
16079,512,20417,39.876953
16080,512,17500,34.179688
16081,512,17958,35.074219
16082,512,17417,34.017578
16083,512,17292,33.773438
16084,512,18166,35.480469
16085,512,17167,33.529297
16086,512,17333,33.853516
16087,512,18083,35.318359
16088,512,17375,33.935547
16089,512,17625,34.423828
16090,512,17042,33.285156
16091,512,17166,33.527344
16092,512,17542,34.261719
16093,512,17250,33.691406
16094,512,17042,33.285156
16095,512,17708,34.585938
16096,512,21666,42.316406
16097,512,18084,35.320312
16098,512,18333,35.806641
16099,512,17667,34.505859
16100,512,17750,34.667969
16101,512,17250,33.691406
16102,512,17042,33.285156
16103,512,16792,32.796875
16104,512,17250,33.691406
16105,512,17708,34.585938
16106,512,17458,34.097656
16107,512,17042,33.285156
16108,512,17667,34.505859
16109,512,17417,34.017578
16110,512,20125,39.306641
16111,512,19417,37.923828
16112,512,17958,35.074219
16113,512,17875,34.912109
16114,512,18458,36.050781
16115,512,17333,33.853516
16116,512,17917,34.994141
16117,512,17416,34.015625
16118,512,17042,33.285156
16119,512,17083,33.365234
16120,512,18000,35.156250
16121,512,17083,33.365234
16122,512,17708,34.585938
16123,512,17958,35.074219
16124,512,17750,34.667969
16125,512,18000,35.156250
16126,512,17666,34.503906
16127,512,16958,33.121094
16128,512,17750,34.667969
16129,512,18292,35.726562
16130,512,17250,33.691406
16131,512,17792,34.750000
16132,512,18500,36.132812
16133,512,17917,34.994141
16134,512,17541,34.259766
16135,512,18084,35.320312
16136,512,22000,42.968750
16137,512,20583,40.201172
16138,512,17584,34.343750
16139,512,17750,34.667969
16140,512,16834,32.878906
16141,512,17333,33.853516
16142,512,17416,34.015625
16143,512,17792,34.750000
16144,512,17500,34.179688
16145,512,16750,32.714844
16146,512,17375,33.935547
16147,512,17083,33.365234
16148,512,17792,34.750000
16149,512,17416,34.015625
16150,512,17875,34.912109
16151,512,17958,35.074219
16152,512,18042,35.238281
16153,512,18000,35.156250
16154,512,20333,39.712891
16155,512,22042,43.050781
16156,512,21833,42.642578
16157,512,23958,46.792969
16158,512,18917,36.947266
16159,512,19917,38.900391
16160,512,17292,33.773438
16161,512,16916,33.039062
16162,512,18000,35.156250
16163,512,17750,34.667969
16164,512,16959,33.123047
16165,512,17458,34.097656
16166,512,17083,33.365234
16167,512,20333,39.712891
16168,512,17750,34.667969
16169,512,17792,34.750000
16170,512,17666,34.503906
16171,512,17792,34.750000
16172,512,17500,34.179688
16173,512,17042,33.285156
16174,512,17583,34.341797
16175,512,18084,35.320312
16176,512,17500,34.179688
16177,512,18375,35.888672
16178,512,17083,33.365234
16179,512,17459,34.099609
16180,512,17708,34.585938
16181,512,17250,33.691406
16182,512,17042,33.285156
16183,512,17583,34.341797
16184,512,17500,34.179688
16185,512,17125,33.447266
16186,512,16958,33.121094
16187,512,16917,33.041016
16188,512,17416,34.015625
16189,512,17500,34.179688
16190,512,16834,32.878906
16191,512,18041,35.236328
16192,512,17209,33.611328
16193,512,17959,35.076172
16194,512,17083,33.365234
16195,512,17667,34.505859
16196,512,20708,40.445312
16197,512,19042,37.191406
16198,512,18125,35.400391
16199,512,16792,32.796875
16200,512,17500,34.179688
16201,512,17500,34.179688
16202,512,17459,34.099609
16203,512,16625,32.470703
16204,512,17291,33.771484
16205,512,16917,33.041016
16206,512,17250,33.691406
16207,512,16875,32.958984
16208,512,17042,33.285156
16209,512,17209,33.611328
16210,512,16875,32.958984
16211,512,17125,33.447266
16212,512,17875,34.912109
16213,512,17541,34.259766
16214,512,16875,32.958984
16215,512,17208,33.609375
16216,512,16750,32.714844
16217,512,17083,33.365234
16218,512,16917,33.041016
16219,512,16541,32.306641
16220,512,16667,32.552734
16221,512,17083,33.365234
16222,512,17333,33.853516
16223,512,17417,34.017578
16224,512,17375,33.935547
16225,512,17792,34.750000
16226,512,17209,33.611328
16227,512,17416,34.015625
16228,512,17625,34.423828
16229,512,16542,32.308594
16230,512,17375,33.935547
16231,512,18084,35.320312
16232,512,17750,34.667969
16233,512,17416,34.015625
16234,512,17417,34.017578
16235,512,17458,34.097656
16236,512,17166,33.527344
16237,512,17667,34.505859
16238,512,17250,33.691406
16239,512,17458,34.097656
16240,512,16792,32.796875
16241,512,17000,33.203125
16242,512,17250,33.691406
16243,512,17791,34.748047
16244,512,18292,35.726562
16245,512,17458,34.097656
16246,512,16833,32.876953
16247,512,17292,33.773438
16248,512,17042,33.285156
16249,512,17041,33.283203
16250,512,17125,33.447266
16251,512,17417,34.017578
16252,512,18458,36.050781
16253,512,20209,39.470703
16254,512,17333,33.853516
16255,512,17958,35.074219
16256,512,17000,33.203125
16257,512,18458,36.050781
16258,512,17042,33.285156
16259,512,17125,33.447266
16260,512,17583,34.341797
16261,512,17750,34.667969
16262,512,17375,33.935547
16263,512,18333,35.806641
16264,512,18334,35.808594
16265,512,17167,33.529297
16266,512,17875,34.912109
16267,512,17542,34.261719
16268,512,18125,35.400391
16269,512,17000,33.203125
16270,512,18334,35.808594
16271,512,17084,33.367188
16272,512,16667,32.552734
16273,512,17333,33.853516
16274,512,21250,41.503906
16275,512,22833,44.595703
16276,512,18041,35.236328
16277,512,16833,32.876953
16278,512,17750,34.667969
16279,512,17750,34.667969
16280,512,17166,33.527344
16281,512,16959,33.123047
16282,512,18125,35.400391
16283,512,16708,32.632812
16284,512,16958,33.121094
16285,512,16958,33.121094
16286,512,16500,32.226562
16287,512,17875,34.912109
16288,512,17333,33.853516
16289,512,17500,34.179688
16290,512,17708,34.585938
16291,512,17166,33.527344
16292,512,17334,33.855469
16293,512,17500,34.179688
16294,512,17084,33.367188
16295,512,17791,34.748047
16296,512,17209,33.611328
16297,512,16708,32.632812
16298,512,17583,34.341797
16299,512,17167,33.529297
16300,512,17667,34.505859
16301,512,17291,33.771484
16302,512,17083,33.365234
16303,512,17250,33.691406
16304,512,17333,33.853516
16305,512,17250,33.691406
16306,512,17667,34.505859
16307,512,16833,32.876953
16308,512,17209,33.611328
16309,512,17375,33.935547
16310,512,17416,34.015625
16311,512,17417,34.017578
16312,512,17500,34.179688
16313,512,17167,33.529297
16314,512,17750,34.667969
16315,512,17083,33.365234
16316,512,17083,33.365234
16317,512,16792,32.796875
16318,512,17250,33.691406
16319,512,17208,33.609375
16320,512,16917,33.041016
16321,512,16625,32.470703
16322,512,16583,32.388672
16323,512,17625,34.423828
16324,512,17250,33.691406
16325,512,21209,41.423828
16326,512,18000,35.156250
16327,512,17625,34.423828
16328,512,17042,33.285156
16329,512,17375,33.935547
16330,512,17625,34.423828
16331,512,18000,35.156250
16332,512,17958,35.074219
16333,512,19333,37.759766
16334,512,22542,44.027344
16335,512,17375,33.935547
16336,512,17417,34.017578
16337,512,18291,35.724609
16338,512,20125,39.306641
16339,512,17708,34.585938
16340,512,18125,35.400391
16341,512,17292,33.773438
16342,512,17667,34.505859
16343,512,17875,34.912109
16344,512,17416,34.015625
16345,512,17458,34.097656
16346,512,17208,33.609375
16347,512,17459,34.099609
16348,512,17708,34.585938
16349,512,17541,34.259766
16350,512,17000,33.203125
16351,512,17292,33.773438
16352,512,16916,33.039062
16353,512,16959,33.123047
16354,512,17000,33.203125
16355,512,17041,33.283203
16356,512,17209,33.611328
16357,512,17500,34.179688
16358,512,17417,34.017578
16359,512,17209,33.611328
16360,512,17375,33.935547
16361,512,17416,34.015625
16362,512,16917,33.041016
16363,512,17792,34.750000
16364,512,16792,32.796875
16365,512,17125,33.447266
16366,512,17417,34.017578
16367,512,17042,33.285156
16368,512,17333,33.853516
16369,512,16791,32.794922
16370,512,16542,32.308594
16371,512,17291,33.771484
16372,512,17917,34.994141
16373,512,17125,33.447266
16374,512,17333,33.853516
16375,512,17375,33.935547
16376,512,17208,33.609375
16377,512,17792,34.750000
16378,512,17250,33.691406
16379,512,17167,33.529297
16380,512,17125,33.447266
16381,512,17416,34.015625
16382,512,17334,33.855469
16383,512,17333,33.853516
16384,512,16875,32.958984
16385,512,17000,33.203125
16386,512,17959,35.076172
16387,512,16167,31.576172
16388,512,17708,34.585938
16389,512,16750,32.714844
16390,512,17333,33.853516
16391,512,17584,34.343750
16392,512,17000,33.203125
16393,512,17166,33.527344
16394,512,17000,33.203125
16395,512,17584,34.343750
16396,512,17375,33.935547
16397,512,16917,33.041016
16398,512,17667,34.505859
16399,512,21416,41.828125
16400,512,17917,34.994141
16401,512,17500,34.179688
16402,512,17042,33.285156
16403,512,17625,34.423828
16404,512,18334,35.808594
16405,512,17125,33.447266
16406,512,17333,33.853516
16407,512,17375,33.935547
16408,512,16875,32.958984
16409,512,17750,34.667969
16410,512,17750,34.667969
16411,512,16584,32.390625
16412,512,17334,33.855469
16413,512,17333,33.853516
16414,512,17083,33.365234
16415,512,17042,33.285156
16416,512,17708,34.585938
16417,512,17000,33.203125
16418,512,18042,35.238281
16419,512,16958,33.121094
16420,512,16792,32.796875
16421,512,16958,33.121094
16422,512,17292,33.773438
16423,512,17375,33.935547
16424,512,17500,34.179688
16425,512,17584,34.343750
16426,512,17333,33.853516
16427,512,17666,34.503906
16428,512,17375,33.935547
16429,512,17625,34.423828
16430,512,16916,33.039062
16431,512,18042,35.238281
16432,512,16750,32.714844
16433,512,16875,32.958984
16434,512,16958,33.121094
16435,512,21333,41.666016
16436,512,18917,36.947266
16437,512,18625,36.376953
16438,512,17791,34.748047
16439,512,17459,34.099609
16440,512,16958,33.121094
16441,512,16958,33.121094
16442,512,17250,33.691406
16443,512,17000,33.203125
16444,512,16833,32.876953
16445,512,17292,33.773438
16446,512,17084,33.367188
16447,512,18000,35.156250
16448,512,17792,34.750000
16449,512,17500,34.179688
16450,512,16958,33.121094
16451,512,17084,33.367188
16452,512,17208,33.609375
16453,512,16750,32.714844
16454,512,17000,33.203125
16455,512,17417,34.017578
16456,512,17125,33.447266
16457,512,16875,32.958984
16458,512,17042,33.285156
16459,512,16917,33.041016
16460,512,16875,32.958984
16461,512,17084,33.367188
16462,512,16708,32.632812
16463,512,17083,33.365234
16464,512,17459,34.099609
16465,512,17042,33.285156
16466,512,17167,33.529297
16467,512,17500,34.179688
16468,512,17625,34.423828
16469,512,17000,33.203125
16470,512,17750,34.667969
16471,512,22000,42.968750
16472,512,17458,34.097656
16473,512,17625,34.423828
16474,512,17250,33.691406
16475,512,18333,35.806641
16476,512,17875,34.912109
16477,512,17750,34.667969
16478,512,17166,33.527344
16479,512,17500,34.179688
16480,512,17875,34.912109
16481,512,17417,34.017578
16482,512,17875,34.912109
16483,512,18084,35.320312
16484,512,17958,35.074219
16485,512,18208,35.562500
16486,512,18083,35.318359
16487,512,17625,34.423828
16488,512,17959,35.076172
16489,512,22959,44.841797
16490,512,18125,35.400391
16491,512,17416,34.015625
16492,512,18125,35.400391
16493,512,17417,34.017578
16494,512,17833,34.830078
16495,512,17500,34.179688
16496,512,17958,35.074219
16497,512,17500,34.179688
16498,512,17875,34.912109
16499,512,17208,33.609375
16500,512,17959,35.076172
16501,512,17833,34.830078
16502,512,17875,34.912109
16503,512,17541,34.259766
16504,512,17917,34.994141
16505,512,17583,34.341797
16506,512,17417,34.017578
16507,512,17916,34.992188
16508,512,17375,33.935547
16509,512,17250,33.691406
16510,512,17667,34.505859
16511,512,17667,34.505859
16512,512,17584,34.343750
16513,512,20000,39.062500
16514,512,23000,44.921875
16515,512,17500,34.179688
16516,512,18125,35.400391
16517,512,16958,33.121094
16518,512,17625,34.423828
16519,512,17458,34.097656
16520,512,19500,38.085938
16521,512,20333,39.712891
16522,512,18750,36.621094
16523,512,18042,35.238281
16524,512,18166,35.480469
16525,512,18917,36.947266
16526,512,20792,40.609375
16527,512,18917,36.947266
16528,512,17083,33.365234
16529,512,17417,34.017578
16530,512,17250,33.691406
16531,512,17834,34.832031
16532,512,17541,34.259766
16533,512,17625,34.423828
16534,512,17625,34.423828
16535,512,23291,45.490234
16536,512,17584,34.343750
16537,512,16958,33.121094
16538,512,17625,34.423828
16539,512,17292,33.773438
16540,512,17250,33.691406
16541,512,17125,33.447266
16542,512,17375,33.935547
16543,512,17167,33.529297
16544,512,17333,33.853516
16545,512,17750,34.667969
16546,512,17208,33.609375
16547,512,17959,35.076172
16548,512,17250,33.691406
16549,512,17250,33.691406
16550,512,17416,34.015625
16551,512,17417,34.017578
16552,512,17375,33.935547
16553,512,16875,32.958984
16554,512,17875,34.912109
16555,512,18042,35.238281
16556,512,17459,34.099609
16557,512,18292,35.726562
16558,512,17667,34.505859
16559,512,17666,34.503906
16560,512,17292,33.773438
16561,512,16375,31.982422
16562,512,17459,34.099609
16563,512,17583,34.341797
16564,512,17875,34.912109
16565,512,18291,35.724609
16566,512,17000,33.203125
16567,512,17167,33.529297
16568,512,17708,34.585938
16569,512,17500,34.179688
16570,512,17250,33.691406
16571,512,17667,34.505859
16572,512,18375,35.888672
16573,512,17666,34.503906
16574,512,18084,35.320312
16575,512,17125,33.447266
16576,512,18125,35.400391
16577,512,17500,34.179688
16578,512,17750,34.667969
16579,512,18292,35.726562
16580,512,18292,35.726562
16581,512,17417,34.017578
16582,512,17583,34.341797
16583,512,17959,35.076172
16584,512,18000,35.156250
16585,512,17417,34.017578
16586,512,17583,34.341797
16587,512,17000,33.203125
16588,512,17083,33.365234
16589,512,16959,33.123047
16590,512,16875,32.958984
16591,512,16834,32.878906
16592,512,17583,34.341797
16593,512,17292,33.773438
16594,512,16750,32.714844
16595,512,16833,32.876953
16596,512,17541,34.259766
16597,512,16667,32.552734
16598,512,16791,32.794922
16599,512,17375,33.935547
16600,512,17250,33.691406
16601,512,17792,34.750000
16602,512,17042,33.285156
16603,512,17083,33.365234
16604,512,17292,33.773438
16605,512,17083,33.365234
16606,512,16917,33.041016
16607,512,16916,33.039062
16608,512,17334,33.855469
16609,512,17125,33.447266
16610,512,17125,33.447266
16611,512,17833,34.830078
16612,512,17500,34.179688
16613,512,17834,34.832031
16614,512,17250,33.691406
16615,512,17542,34.261719
16616,512,16875,32.958984
16617,512,16666,32.550781
16618,512,17125,33.447266
16619,512,17750,34.667969
16620,512,17750,34.667969
16621,512,17417,34.017578
16622,512,16083,31.412109
16623,512,16584,32.390625
16624,512,17583,34.341797
16625,512,16917,33.041016
16626,512,17083,33.365234
16627,512,16833,32.876953
16628,512,16750,32.714844
16629,512,17250,33.691406
16630,512,16750,32.714844
16631,512,17250,33.691406
16632,512,17333,33.853516
16633,512,17209,33.611328
16634,512,17375,33.935547
16635,512,16458,32.144531
16636,512,17250,33.691406
16637,512,17708,34.585938
16638,512,17000,33.203125
16639,512,17500,34.179688
16640,512,17625,34.423828
16641,512,17167,33.529297
16642,512,17500,34.179688
16643,512,17250,33.691406
16644,512,17709,34.587891
16645,512,17708,34.585938
16646,512,18125,35.400391
16647,512,17375,33.935547
16648,512,16875,32.958984
16649,512,17292,33.773438
16650,512,17333,33.853516
16651,512,17583,34.341797
16652,512,17000,33.203125
16653,512,16625,32.470703
16654,512,17666,34.503906
16655,512,17042,33.285156
16656,512,16917,33.041016
16657,512,17083,33.365234
16658,512,17291,33.771484
16659,512,20542,40.121094
16660,512,17917,34.994141
16661,512,17250,33.691406
16662,512,18042,35.238281
16663,512,21042,41.097656
16664,512,18583,36.294922
16665,512,17292,33.773438
16666,512,18042,35.238281
16667,512,18584,36.296875
16668,512,17166,33.527344
16669,512,17584,34.343750
16670,512,17250,33.691406
16671,512,18000,35.156250
16672,512,18334,35.808594
16673,512,17958,35.074219
16674,512,22875,44.677734
16675,512,20250,39.550781
16676,512,21250,41.503906
16677,512,19750,38.574219
16678,512,17083,33.365234
16679,512,17250,33.691406
16680,512,17334,33.855469
16681,512,17083,33.365234
16682,512,16791,32.794922
16683,512,18125,35.400391
16684,512,21959,42.888672
16685,512,18000,35.156250
16686,512,18000,35.156250
16687,512,22541,44.025391
16688,512,18833,36.783203
16689,512,17333,33.853516
16690,512,17667,34.505859
16691,512,18125,35.400391
16692,512,17625,34.423828
16693,512,16917,33.041016
16694,512,17291,33.771484
16695,512,17084,33.367188
16696,512,17500,34.179688
16697,512,17208,33.609375
16698,512,16958,33.121094
16699,512,16709,32.634766
16700,512,17834,34.832031
16701,512,17708,34.585938
16702,512,17291,33.771484
16703,512,17834,34.832031
16704,512,17416,34.015625
16705,512,17959,35.076172
16706,512,17459,34.099609
16707,512,17500,34.179688
16708,512,17250,33.691406
16709,512,18042,35.238281
16710,512,17250,33.691406
16711,512,16958,33.121094
16712,512,17292,33.773438
16713,512,17958,35.074219
16714,512,17667,34.505859
16715,512,17333,33.853516
16716,512,16875,32.958984
16717,512,17458,34.097656
16718,512,17333,33.853516
16719,512,16792,32.796875
16720,512,17583,34.341797
16721,512,17250,33.691406
16722,512,17375,33.935547
16723,512,17583,34.341797
16724,512,17459,34.099609
16725,512,17416,34.015625
16726,512,17333,33.853516
16727,512,17250,33.691406
16728,512,17166,33.527344
16729,512,17792,34.750000
16730,512,16500,32.226562
16731,512,17125,33.447266
16732,512,17333,33.853516
16733,512,16709,32.634766
16734,512,16667,32.552734
16735,512,17416,34.015625
16736,512,16875,32.958984
16737,512,17083,33.365234
16738,512,17500,34.179688
16739,512,17583,34.341797
16740,512,17500,34.179688
16741,512,17875,34.912109
16742,512,25459,49.724609
16743,512,22792,44.515625
16744,512,17875,34.912109
16745,512,17541,34.259766
16746,512,21208,41.421875
16747,512,20833,40.689453
16748,512,16959,33.123047
16749,512,17459,34.099609
16750,512,17334,33.855469
16751,512,17708,34.585938
16752,512,17583,34.341797
16753,512,17209,33.611328
16754,512,17959,35.076172
16755,512,17416,34.015625
16756,512,17459,34.099609
16757,512,17333,33.853516
16758,512,17042,33.285156
16759,512,17250,33.691406
16760,512,16791,32.794922
16761,512,17333,33.853516
16762,512,16750,32.714844
16763,512,16833,32.876953
16764,512,17125,33.447266
16765,512,17959,35.076172
16766,512,17583,34.341797
16767,512,17875,34.912109
16768,512,17208,33.609375
16769,512,17500,34.179688
16770,512,17833,34.830078
16771,512,17250,33.691406
16772,512,16917,33.041016
16773,512,17584,34.343750
16774,512,17125,33.447266
16775,512,17709,34.587891
16776,512,17875,34.912109
16777,512,17208,33.609375
16778,512,17541,34.259766
16779,512,18334,35.808594
16780,512,17250,33.691406
16781,512,17666,34.503906
16782,512,18084,35.320312
16783,512,17375,33.935547
16784,512,17416,34.015625
16785,512,17792,34.750000
16786,512,17792,34.750000
16787,512,17708,34.585938
16788,512,17125,33.447266
16789,512,17834,34.832031
16790,512,16791,32.794922
16791,512,17209,33.611328
16792,512,17541,34.259766
16793,512,17334,33.855469
16794,512,17667,34.505859
16795,512,17375,33.935547
16796,512,21208,41.421875
16797,512,18625,36.376953
16798,512,17417,34.017578
16799,512,17791,34.748047
16800,512,17625,34.423828
16801,512,17500,34.179688
16802,512,17500,34.179688
16803,512,17708,34.585938
16804,512,17291,33.771484
16805,512,17792,34.750000
16806,512,17291,33.771484
16807,512,18250,35.644531
16808,512,18208,35.562500
16809,512,18042,35.238281
16810,512,17250,33.691406
16811,512,17625,34.423828
16812,512,17709,34.587891
16813,512,17625,34.423828
16814,512,17667,34.505859
16815,512,17792,34.750000
16816,512,17708,34.585938
16817,512,16417,32.064453
16818,512,17208,33.609375
16819,512,17750,34.667969
16820,512,18167,35.482422
16821,512,17916,34.992188
16822,512,18000,35.156250
16823,512,18000,35.156250
16824,512,17459,34.099609
16825,512,18917,36.947266
16826,512,21416,41.828125
16827,512,21375,41.748047
16828,512,17417,34.017578
16829,512,17708,34.585938
16830,512,17542,34.261719
16831,512,17041,33.283203
16832,512,17167,33.529297
16833,512,16708,32.632812
16834,512,17500,34.179688
16835,512,17500,34.179688
16836,512,18042,35.238281
16837,512,17208,33.609375
16838,512,17583,34.341797
16839,512,17583,34.341797
16840,512,17208,33.609375
16841,512,16834,32.878906
16842,512,17583,34.341797
16843,512,17875,34.912109
16844,512,17083,33.365234
16845,512,16792,32.796875
16846,512,17292,33.773438
16847,512,17208,33.609375
16848,512,17583,34.341797
16849,512,17667,34.505859
16850,512,17417,34.017578
16851,512,17208,33.609375
16852,512,17083,33.365234
16853,512,17292,33.773438
16854,512,17750,34.667969
16855,512,17333,33.853516
16856,512,17334,33.855469
16857,512,16750,32.714844
16858,512,16584,32.390625
16859,512,16666,32.550781
16860,512,17375,33.935547
16861,512,17042,33.285156
16862,512,16292,31.820312
16863,512,17750,34.667969
16864,512,17250,33.691406
16865,512,17542,34.261719
16866,512,17209,33.611328
16867,512,17542,34.261719
16868,512,17167,33.529297
16869,512,16500,32.226562
16870,512,16959,33.123047
16871,512,17041,33.283203
16872,512,17458,34.097656
16873,512,17042,33.285156
16874,512,17333,33.853516
16875,512,17291,33.771484
16876,512,17542,34.261719
16877,512,16833,32.876953
16878,512,17458,34.097656
16879,512,17334,33.855469
16880,512,17334,33.855469
16881,512,17000,33.203125
16882,512,17250,33.691406
16883,512,17250,33.691406
16884,512,17000,33.203125
16885,512,16917,33.041016
16886,512,17417,34.017578
16887,512,17500,34.179688
16888,512,18000,35.156250
16889,512,17334,33.855469
16890,512,17666,34.503906
16891,512,17209,33.611328
16892,512,17625,34.423828
16893,512,17542,34.261719
16894,512,17500,34.179688
16895,512,16625,32.470703
16896,512,17333,33.853516
16897,512,16917,33.041016
16898,512,17125,33.447266
16899,512,17291,33.771484
16900,512,16625,32.470703
16901,512,17583,34.341797
16902,512,17500,34.179688
16903,512,21042,41.097656
16904,512,17709,34.587891
16905,512,17458,34.097656
16906,512,17916,34.992188
16907,512,20875,40.771484
16908,512,19167,37.435547
16909,512,17666,34.503906
16910,512,18250,35.644531
16911,512,17000,33.203125
16912,512,16792,32.796875
16913,512,17458,34.097656
16914,512,17500,34.179688
16915,512,18083,35.318359
16916,512,17500,34.179688
16917,512,17542,34.261719
16918,512,17459,34.099609
16919,512,17834,34.832031
16920,512,17084,33.367188
16921,512,17167,33.529297
16922,512,17416,34.015625
16923,512,17042,33.285156
16924,512,17875,34.912109
16925,512,19958,38.980469
16926,512,17666,34.503906
16927,512,17500,34.179688
16928,512,16959,33.123047
16929,512,17334,33.855469
16930,512,17583,34.341797
16931,512,16958,33.121094
16932,512,17084,33.367188
16933,512,16834,32.878906
16934,512,16416,32.062500
16935,512,17500,34.179688
16936,512,17750,34.667969
16937,512,16917,33.041016
16938,512,16750,32.714844
16939,512,16792,32.796875
16940,512,17208,33.609375
16941,512,16708,32.632812
16942,512,17375,33.935547
16943,512,16750,32.714844
16944,512,17291,33.771484
16945,512,17459,34.099609
16946,512,17042,33.285156
16947,512,16541,32.306641
16948,512,16750,32.714844
16949,512,16709,32.634766
16950,512,17375,33.935547
16951,512,17917,34.994141
16952,512,17958,35.074219
16953,512,17208,33.609375
16954,512,16750,32.714844
16955,512,16875,32.958984
16956,512,16709,32.634766
16957,512,16750,32.714844
16958,512,17500,34.179688
16959,512,17208,33.609375
16960,512,17042,33.285156
16961,512,17583,34.341797
16962,512,17417,34.017578
16963,512,17625,34.423828
16964,512,17125,33.447266
16965,512,16916,33.039062
16966,512,17167,33.529297
16967,512,17458,34.097656
16968,512,17583,34.341797
16969,512,16459,32.146484
16970,512,17041,33.283203
16971,512,16959,33.123047
16972,512,18250,35.644531
16973,512,17083,33.365234
16974,512,17208,33.609375
16975,512,17291,33.771484
16976,512,17792,34.750000
16977,512,17042,33.285156
16978,512,16250,31.738281
16979,512,17250,33.691406
16980,512,16958,33.121094
16981,512,17417,34.017578
16982,512,17416,34.015625
16983,512,17584,34.343750
16984,512,22125,43.212891
16985,512,18375,35.888672
16986,512,17500,34.179688
16987,512,17083,33.365234
16988,512,17209,33.611328
16989,512,19709,38.494141
16990,512,18584,36.296875
16991,512,17625,34.423828
16992,512,21916,42.804688
16993,512,21625,42.236328
16994,512,18208,35.562500
16995,512,16625,32.470703
16996,512,17500,34.179688
16997,512,17167,33.529297
16998,512,17250,33.691406
16999,512,16959,33.123047
17000,512,17500,34.179688
17001,512,17500,34.179688
17002,512,17042,33.285156
17003,512,17125,33.447266
17004,512,17375,33.935547
17005,512,17041,33.283203
17006,512,16584,32.390625
17007,512,16666,32.550781
17008,512,16917,33.041016
17009,512,16958,33.121094
17010,512,17042,33.285156
17011,512,18042,35.238281
17012,512,17166,33.527344
17013,512,17292,33.773438
17014,512,17083,33.365234
17015,512,17917,34.994141
17016,512,17166,33.527344
17017,512,16875,32.958984
17018,512,17458,34.097656
17019,512,17709,34.587891
17020,512,17125,33.447266
17021,512,16458,32.144531
17022,512,17292,33.773438
17023,512,17750,34.667969
17024,512,17500,34.179688
17025,512,17666,34.503906
17026,512,17084,33.367188
17027,512,17166,33.527344
17028,512,16917,33.041016
17029,512,17750,34.667969
17030,512,17000,33.203125
17031,512,16792,32.796875
17032,512,17208,33.609375
17033,512,17916,34.992188
17034,512,17959,35.076172
17035,512,18209,35.564453
17036,512,17500,34.179688
17037,512,17791,34.748047
17038,512,17959,35.076172
17039,512,17333,33.853516
17040,512,17667,34.505859
17041,512,17375,33.935547
17042,512,17083,33.365234
17043,512,17417,34.017578
17044,512,16667,32.552734
17045,512,17083,33.365234
17046,512,17417,34.017578
17047,512,16833,32.876953
17048,512,17292,33.773438
17049,512,17500,34.179688
17050,512,17708,34.585938
17051,512,21875,42.724609
17052,512,20959,40.935547
17053,512,17500,34.179688
17054,512,17542,34.261719
17055,512,18000,35.156250
17056,512,18250,35.644531
17057,512,17750,34.667969
17058,512,17208,33.609375
17059,512,17542,34.261719
17060,512,17375,33.935547
17061,512,16417,32.064453
17062,512,17458,34.097656
17063,512,17417,34.017578
17064,512,17208,33.609375
17065,512,17625,34.423828
17066,512,17375,33.935547
17067,512,17250,33.691406
17068,512,17625,34.423828
17069,512,17000,33.203125
17070,512,17042,33.285156
17071,512,17459,34.099609
17072,512,17166,33.527344
17073,512,17209,33.611328
17074,512,17209,33.611328
17075,512,17125,33.447266
17076,512,16916,33.039062
17077,512,17458,34.097656
17078,512,16958,33.121094
17079,512,17167,33.529297
17080,512,17083,33.365234
17081,512,16875,32.958984
17082,512,16541,32.306641
17083,512,17000,33.203125
17084,512,16625,32.470703
17085,512,17208,33.609375
17086,512,17250,33.691406
17087,512,17084,33.367188
17088,512,17541,34.259766
17089,512,17000,33.203125
17090,512,16750,32.714844
17091,512,16666,32.550781
17092,512,17084,33.367188
17093,512,17166,33.527344
17094,512,16500,32.226562
17095,512,17167,33.529297
17096,512,16958,33.121094
17097,512,16875,32.958984
17098,512,17125,33.447266
17099,512,16875,32.958984
17100,512,17375,33.935547
17101,512,16750,32.714844
17102,512,17250,33.691406
17103,512,17459,34.099609
17104,512,17333,33.853516
17105,512,27750,54.199219
17106,512,17000,33.203125
17107,512,17334,33.855469
17108,512,17125,33.447266
17109,512,17041,33.283203
17110,512,17542,34.261719
17111,512,16375,31.982422
17112,512,16750,32.714844
17113,512,16709,32.634766
17114,512,16541,32.306641
17115,512,16958,33.121094
17116,512,17959,35.076172
17117,512,17083,33.365234
17118,512,17166,33.527344
17119,512,16833,32.876953
17120,512,16584,32.390625
17121,512,18125,35.400391
17122,512,17125,33.447266
17123,512,16334,31.902344
17124,512,16792,32.796875
17125,512,16958,33.121094
17126,512,17250,33.691406
17127,512,17708,34.585938
17128,512,17625,34.423828
17129,512,17125,33.447266
17130,512,17709,34.587891
17131,512,16833,32.876953
17132,512,17625,34.423828
17133,512,16958,33.121094
17134,512,17833,34.830078
17135,512,16792,32.796875
17136,512,17291,33.771484
17137,512,16792,32.796875
17138,512,17417,34.017578
17139,512,17417,34.017578
17140,512,17250,33.691406
17141,512,16500,32.226562
17142,512,17292,33.773438
17143,512,17000,33.203125
17144,512,16834,32.878906
17145,512,16583,32.388672
17146,512,16583,32.388672
17147,512,16500,32.226562
17148,512,17333,33.853516
17149,512,16583,32.388672
17150,512,17167,33.529297
17151,512,17667,34.505859
17152,512,16583,32.388672
17153,512,17291,33.771484
17154,512,17250,33.691406
17155,512,17333,33.853516
17156,512,17083,33.365234
17157,512,17292,33.773438
17158,512,17458,34.097656
17159,512,17208,33.609375
17160,512,17834,34.832031
17161,512,17292,33.773438
17162,512,17083,33.365234
17163,512,16625,32.470703
17164,512,17000,33.203125
17165,512,16750,32.714844
17166,512,17750,34.667969
17167,512,16875,32.958984
17168,512,17166,33.527344
17169,512,17125,33.447266
17170,512,17250,33.691406
17171,512,17417,34.017578
17172,512,17333,33.853516
17173,512,17917,34.994141
17174,512,17916,34.992188
17175,512,17292,33.773438
17176,512,17042,33.285156
17177,512,17459,34.099609
17178,512,17333,33.853516
17179,512,18125,35.400391
17180,512,16833,32.876953
17181,512,17500,34.179688
17182,512,17167,33.529297
17183,512,16250,31.738281
17184,512,17250,33.691406
17185,512,16583,32.388672
17186,512,16916,33.039062
17187,512,17167,33.529297
17188,512,21875,42.724609
17189,512,17459,34.099609
17190,512,16834,32.878906
17191,512,17083,33.365234
17192,512,16791,32.794922
17193,512,16875,32.958984
17194,512,17209,33.611328
17195,512,17083,33.365234
17196,512,17083,33.365234
17197,512,17375,33.935547
17198,512,17042,33.285156
17199,512,16750,32.714844
17200,512,17292,33.773438
17201,512,16916,33.039062
17202,512,17208,33.609375
17203,512,16875,32.958984
17204,512,17583,34.341797
17205,512,17042,33.285156
17206,512,17084,33.367188
17207,512,17083,33.365234
17208,512,17042,33.285156
17209,512,16875,32.958984
17210,512,16834,32.878906
17211,512,16084,31.414062
17212,512,17541,34.259766
17213,512,16750,32.714844
17214,512,16875,32.958984
17215,512,16833,32.876953
17216,512,17458,34.097656
17217,512,16500,32.226562
17218,512,16791,32.794922
17219,512,16833,32.876953
17220,512,17250,33.691406
17221,512,17125,33.447266
17222,512,17958,35.074219
17223,512,18125,35.400391
17224,512,20625,40.283203
17225,512,20500,40.039062
17226,512,16916,33.039062
17227,512,17125,33.447266
17228,512,17500,34.179688
17229,512,17333,33.853516
17230,512,17125,33.447266
17231,512,17875,34.912109
17232,512,16958,33.121094
17233,512,17584,34.343750
17234,512,17583,34.341797
17235,512,17541,34.259766
17236,512,18042,35.238281
17237,512,17750,34.667969
17238,512,17250,33.691406
17239,512,16959,33.123047
17240,512,17250,33.691406
17241,512,17959,35.076172
17242,512,17083,33.365234
17243,512,17166,33.527344
17244,512,16875,32.958984
17245,512,17791,34.748047
17246,512,17208,33.609375
17247,512,17250,33.691406
17248,512,17125,33.447266
17249,512,17625,34.423828
17250,512,17625,34.423828
17251,512,17291,33.771484
17252,512,16750,32.714844
17253,512,16750,32.714844
17254,512,17666,34.503906
17255,512,17167,33.529297
17256,512,17250,33.691406
17257,512,17209,33.611328
17258,512,16958,33.121094
17259,512,17542,34.261719
17260,512,16708,32.632812
17261,512,16708,32.632812
17262,512,17250,33.691406
17263,512,17542,34.261719
17264,512,17167,33.529297
17265,512,17125,33.447266
17266,512,17125,33.447266
17267,512,16917,33.041016
17268,512,17875,34.912109
17269,512,17167,33.529297
17270,512,17625,34.423828
17271,512,17250,33.691406
17272,512,16834,32.878906
17273,512,17208,33.609375
17274,512,19083,37.271484
17275,512,19333,37.759766
17276,512,18125,35.400391
17277,512,17459,34.099609
17278,512,17666,34.503906
17279,512,16958,33.121094
17280,512,17792,34.750000
17281,512,17500,34.179688
17282,512,17333,33.853516
17283,512,17416,34.015625
17284,512,17458,34.097656
17285,512,17792,34.750000
17286,512,18333,35.806641
17287,512,17125,33.447266
17288,512,17708,34.585938
17289,512,18083,35.318359
17290,512,18333,35.806641
17291,512,16584,32.390625
17292,512,17959,35.076172
17293,512,17625,34.423828
17294,512,17667,34.505859
17295,512,17791,34.748047
17296,512,17459,34.099609
17297,512,17500,34.179688
17298,512,18000,35.156250
17299,512,17625,34.423828
17300,512,16750,32.714844
17301,512,16875,32.958984
17302,512,17833,34.830078
17303,512,17583,34.341797
17304,512,17959,35.076172
17305,512,17167,33.529297
17306,512,17208,33.609375
17307,512,17625,34.423828
17308,512,17708,34.585938
17309,512,18042,35.238281
17310,512,17625,34.423828
17311,512,18209,35.564453
17312,512,18208,35.562500
17313,512,17916,34.992188
17314,512,18542,36.214844
17315,512,17375,33.935547
17316,512,17416,34.015625
17317,512,17833,34.830078
17318,512,17292,33.773438
17319,512,17250,33.691406
17320,512,17042,33.285156
17321,512,16791,32.794922
17322,512,17125,33.447266
17323,512,17083,33.365234
17324,512,17792,34.750000
17325,512,17333,33.853516
17326,512,17125,33.447266
17327,512,17583,34.341797
17328,512,17500,34.179688
17329,512,16708,32.632812
17330,512,17208,33.609375
17331,512,16917,33.041016
17332,512,17250,33.691406
17333,512,17417,34.017578
17334,512,17041,33.283203
17335,512,17084,33.367188
17336,512,17208,33.609375
17337,512,17625,34.423828
17338,512,17958,35.074219
17339,512,17458,34.097656
17340,512,17292,33.773438
17341,512,18291,35.724609
17342,512,17250,33.691406
17343,512,17792,34.750000
17344,512,16791,32.794922
17345,512,17167,33.529297
17346,512,17417,34.017578
17347,512,16709,32.634766
17348,512,16917,33.041016
17349,512,16791,32.794922
17350,512,17167,33.529297
17351,512,17541,34.259766
17352,512,17375,33.935547
17353,512,16792,32.796875
17354,512,17167,33.529297
17355,512,17208,33.609375
17356,512,17750,34.667969
17357,512,17417,34.017578
17358,512,17333,33.853516
17359,512,16625,32.470703
17360,512,17542,34.261719
17361,512,16334,31.902344
17362,512,17209,33.611328
17363,512,17250,33.691406
17364,512,17500,34.179688
17365,512,17292,33.773438
17366,512,17750,34.667969
17367,512,17375,33.935547
17368,512,17667,34.505859
17369,512,17666,34.503906
17370,512,17542,34.261719
17371,512,17500,34.179688
17372,512,17083,33.365234
17373,512,17292,33.773438
17374,512,17625,34.423828
17375,512,17209,33.611328
17376,512,17917,34.994141
17377,512,17625,34.423828
17378,512,17333,33.853516
17379,512,17167,33.529297
17380,512,16958,33.121094
17381,512,18000,35.156250
17382,512,17292,33.773438
17383,512,17834,34.832031
17384,512,17250,33.691406
17385,512,17166,33.527344
17386,512,17084,33.367188
17387,512,17125,33.447266
17388,512,17500,34.179688
17389,512,17750,34.667969
17390,512,17375,33.935547
17391,512,17417,34.017578
17392,512,17500,34.179688
17393,512,17583,34.341797
17394,512,17125,33.447266
17395,512,17458,34.097656
17396,512,17333,33.853516
17397,512,17042,33.285156
17398,512,17542,34.261719
17399,512,17292,33.773438
17400,512,17333,33.853516
17401,512,16625,32.470703
17402,512,17458,34.097656
17403,512,17125,33.447266
17404,512,17167,33.529297
17405,512,17417,34.017578
17406,512,18041,35.236328
17407,512,16959,33.123047
17408,512,17833,34.830078
17409,512,17709,34.587891
17410,512,17250,33.691406
17411,512,16500,32.226562
17412,512,17459,34.099609
17413,512,17083,33.365234
17414,512,16917,33.041016
17415,512,17500,34.179688
17416,512,17500,34.179688
17417,512,17041,33.283203
17418,512,17584,34.343750
17419,512,20083,39.224609
17420,512,16917,33.041016
17421,512,20583,40.201172
17422,512,19500,38.085938
17423,512,18250,35.644531
17424,512,17875,34.912109
17425,512,18250,35.644531
17426,512,21292,41.585938
17427,512,18166,35.480469
17428,512,18584,36.296875
17429,512,17209,33.611328
17430,512,17458,34.097656
17431,512,17167,33.529297
17432,512,16750,32.714844
17433,512,17500,34.179688
17434,512,17292,33.773438
17435,512,17375,33.935547
17436,512,17375,33.935547
17437,512,17541,34.259766
17438,512,17042,33.285156
17439,512,18125,35.400391
17440,512,17166,33.527344
17441,512,17292,33.773438
17442,512,16791,32.794922
17443,512,17084,33.367188
17444,512,17416,34.015625
17445,512,17417,34.017578
17446,512,17625,34.423828
17447,512,17584,34.343750
17448,512,17458,34.097656
17449,512,16958,33.121094
17450,512,16875,32.958984
17451,512,17333,33.853516
17452,512,17500,34.179688
17453,512,17250,33.691406
17454,512,16750,32.714844
17455,512,17500,34.179688
17456,512,17125,33.447266
17457,512,17291,33.771484
17458,512,17584,34.343750
17459,512,17125,33.447266
17460,512,17541,34.259766
17461,512,20167,39.388672
17462,512,22375,43.701172
17463,512,18500,36.132812
17464,512,17583,34.341797
17465,512,17250,33.691406
17466,512,17042,33.285156
17467,512,16625,32.470703
17468,512,16916,33.039062
17469,512,17292,33.773438
17470,512,16792,32.796875
17471,512,16541,32.306641
17472,512,17334,33.855469
17473,512,17208,33.609375
17474,512,16833,32.876953
17475,512,17000,33.203125
17476,512,16917,33.041016
17477,512,17125,33.447266
17478,512,17250,33.691406
17479,512,17000,33.203125
17480,512,17000,33.203125
17481,512,17625,34.423828
17482,512,16916,33.039062
17483,512,17167,33.529297
17484,512,16875,32.958984
17485,512,16917,33.041016
17486,512,17584,34.343750
17487,512,17083,33.365234
17488,512,17291,33.771484
17489,512,17042,33.285156
17490,512,17083,33.365234
17491,512,17083,33.365234
17492,512,17375,33.935547
17493,512,17292,33.773438
17494,512,16791,32.794922
17495,512,17584,34.343750
17496,512,17666,34.503906
17497,512,16792,32.796875
17498,512,17708,34.585938
17499,512,17375,33.935547
17500,512,17375,33.935547
17501,512,17541,34.259766
17502,512,17042,33.285156
17503,512,16917,33.041016
17504,512,17541,34.259766
17505,512,16708,32.632812
17506,512,17792,34.750000
17507,512,17875,34.912109
17508,512,17209,33.611328
17509,512,18250,35.644531
17510,512,17625,34.423828
17511,512,17667,34.505859
17512,512,18083,35.318359
17513,512,17209,33.611328
17514,512,17375,33.935547
17515,512,17208,33.609375
17516,512,17666,34.503906
17517,512,16542,32.308594
17518,512,17708,34.585938
17519,512,17041,33.283203
17520,512,17125,33.447266
17521,512,17333,33.853516
17522,512,16917,33.041016
17523,512,17208,33.609375
17524,512,16625,32.470703
17525,512,16875,32.958984
17526,512,16666,32.550781
17527,512,16833,32.876953
17528,512,17084,33.367188
17529,512,17291,33.771484
17530,512,17292,33.773438
17531,512,16708,32.632812
17532,512,16833,32.876953
17533,512,16750,32.714844
17534,512,17500,34.179688
17535,512,17250,33.691406
17536,512,17250,33.691406
17537,512,17584,34.343750
17538,512,16750,32.714844
17539,512,16917,33.041016
17540,512,17375,33.935547
17541,512,17375,33.935547
17542,512,16792,32.796875
17543,512,17000,33.203125
17544,512,17042,33.285156
17545,512,17291,33.771484
17546,512,17000,33.203125
17547,512,17292,33.773438
17548,512,17125,33.447266
17549,512,17125,33.447266
17550,512,17500,34.179688
17551,512,17500,34.179688
17552,512,18209,35.564453
17553,512,18333,35.806641
17554,512,17292,33.773438
17555,512,17500,34.179688
17556,512,16834,32.878906
17557,512,17250,33.691406
17558,512,17208,33.609375
17559,512,18000,35.156250
17560,512,17292,33.773438
17561,512,16917,33.041016
17562,512,16708,32.632812
17563,512,17667,34.505859
17564,512,17458,34.097656
17565,512,16958,33.121094
17566,512,21208,41.421875
17567,512,17416,34.015625
17568,512,18000,35.156250
17569,512,16917,33.041016
17570,512,16666,32.550781
17571,512,17250,33.691406
17572,512,17125,33.447266
17573,512,17500,34.179688
17574,512,17292,33.773438
17575,512,17167,33.529297
17576,512,17334,33.855469
17577,512,16959,33.123047
17578,512,17458,34.097656
17579,512,17083,33.365234
17580,512,17167,33.529297
17581,512,18083,35.318359
17582,512,17167,33.529297
17583,512,18208,35.562500
17584,512,17458,34.097656
17585,512,16875,32.958984
17586,512,17750,34.667969
17587,512,17500,34.179688
17588,512,18292,35.726562
17589,512,17709,34.587891
17590,512,17584,34.343750
17591,512,17542,34.261719
17592,512,17917,34.994141
17593,512,17083,33.365234
17594,512,17791,34.748047
17595,512,17667,34.505859
17596,512,17583,34.341797
17597,512,17667,34.505859
17598,512,17167,33.529297
17599,512,17750,34.667969
17600,512,17375,33.935547
17601,512,17209,33.611328
17602,512,16750,32.714844
17603,512,17042,33.285156
17604,512,17709,34.587891
17605,512,17791,34.748047
17606,512,17542,34.261719
17607,512,17208,33.609375
17608,512,17208,33.609375
17609,512,17417,34.017578
17610,512,17375,33.935547
17611,512,17166,33.527344
17612,512,16875,32.958984
17613,512,17625,34.423828
17614,512,17667,34.505859
17615,512,17417,34.017578
17616,512,17000,33.203125
17617,512,16541,32.306641
17618,512,17000,33.203125
17619,512,16959,33.123047
17620,512,16584,32.390625
17621,512,17042,33.285156
17622,512,17041,33.283203
17623,512,17667,34.505859
17624,512,17333,33.853516
17625,512,17875,34.912109
17626,512,17959,35.076172
17627,512,17083,33.365234
17628,512,17083,33.365234
17629,512,17833,34.830078
17630,512,17250,33.691406
17631,512,17750,34.667969
17632,512,17333,33.853516
17633,512,17625,34.423828
17634,512,17292,33.773438
17635,512,16625,32.470703
17636,512,17125,33.447266
17637,512,17167,33.529297
17638,512,17000,33.203125
17639,512,17417,34.017578
17640,512,16834,32.878906
17641,512,17084,33.367188
17642,512,16875,32.958984
17643,512,17667,34.505859
17644,512,17458,34.097656
17645,512,17750,34.667969
17646,512,17584,34.343750
17647,512,17041,33.283203
17648,512,17584,34.343750
17649,512,17041,33.283203
17650,512,17084,33.367188
17651,512,17458,34.097656
17652,512,17167,33.529297
17653,512,17209,33.611328
17654,512,18375,35.888672
17655,512,17792,34.750000
17656,512,18083,35.318359
17657,512,17542,34.261719
17658,512,16958,33.121094
17659,512,17292,33.773438
17660,512,17208,33.609375
17661,512,17625,34.423828
17662,512,17459,34.099609
17663,512,18042,35.238281
17664,512,17583,34.341797
17665,512,17750,34.667969
17666,512,17875,34.912109
17667,512,17625,34.423828
17668,512,17708,34.585938
17669,512,17417,34.017578
17670,512,18041,35.236328
17671,512,16917,33.041016
17672,512,17083,33.365234
17673,512,17666,34.503906
17674,512,17542,34.261719
17675,512,16416,32.062500
17676,512,17084,33.367188
17677,512,17500,34.179688
17678,512,17333,33.853516
17679,512,23292,45.492188
17680,512,18083,35.318359
17681,512,17291,33.771484
17682,512,17375,33.935547
17683,512,18084,35.320312
17684,512,17250,33.691406
17685,512,17791,34.748047
17686,512,17042,33.285156
17687,512,17208,33.609375
17688,512,16917,33.041016
17689,512,17541,34.259766
17690,512,17709,34.587891
17691,512,17416,34.015625
17692,512,17125,33.447266
17693,512,17667,34.505859
17694,512,17458,34.097656
17695,512,16542,32.308594
17696,512,16833,32.876953
17697,512,16708,32.632812
17698,512,17125,33.447266
17699,512,17917,34.994141
17700,512,17916,34.992188
17701,512,22125,43.212891
17702,512,21042,41.097656
17703,512,17666,34.503906
17704,512,17667,34.505859
17705,512,17375,33.935547
17706,512,17500,34.179688
17707,512,17250,33.691406
17708,512,17167,33.529297
17709,512,17667,34.505859
17710,512,17250,33.691406
17711,512,16666,32.550781
17712,512,17875,34.912109
17713,512,17083,33.365234
17714,512,17292,33.773438
17715,512,17000,33.203125
17716,512,17667,34.505859
17717,512,16875,32.958984
17718,512,16792,32.796875
17719,512,17125,33.447266
17720,512,17375,33.935547
17721,512,16708,32.632812
17722,512,17792,34.750000
17723,512,17417,34.017578
17724,512,17208,33.609375
17725,512,17041,33.283203
17726,512,17625,34.423828
17727,512,17625,34.423828
17728,512,16583,32.388672
17729,512,17625,34.423828
17730,512,17917,34.994141
17731,512,17750,34.667969
17732,512,16792,32.796875
17733,512,17041,33.283203
17734,512,16834,32.878906
17735,512,17625,34.423828
17736,512,17208,33.609375
17737,512,17750,34.667969
17738,512,17375,33.935547
17739,512,17125,33.447266
17740,512,17708,34.585938
17741,512,17625,34.423828
17742,512,17542,34.261719
17743,512,17500,34.179688
17744,512,16958,33.121094
17745,512,17542,34.261719
17746,512,16833,32.876953
17747,512,16916,33.039062
17748,512,17500,34.179688
17749,512,17000,33.203125
17750,512,16583,32.388672
17751,512,19458,38.003906
17752,512,19667,38.412109
17753,512,17416,34.015625
17754,512,16958,33.121094
17755,512,17125,33.447266
17756,512,17416,34.015625
17757,512,17542,34.261719
17758,512,18500,36.132812
17759,512,18125,35.400391
17760,512,18041,35.236328
17761,512,17542,34.261719
17762,512,17584,34.343750
17763,512,17750,34.667969
17764,512,17958,35.074219
17765,512,17333,33.853516
17766,512,17667,34.505859
17767,512,16625,32.470703
17768,512,17167,33.529297
17769,512,17334,33.855469
17770,512,17416,34.015625
17771,512,17208,33.609375
17772,512,17334,33.855469
17773,512,17583,34.341797
17774,512,18083,35.318359
17775,512,16209,31.658203
17776,512,17416,34.015625
17777,512,17667,34.505859
17778,512,17375,33.935547
17779,512,17959,35.076172
17780,512,17625,34.423828
17781,512,17416,34.015625
17782,512,17792,34.750000
17783,512,16917,33.041016
17784,512,17416,34.015625
17785,512,17667,34.505859
17786,512,17542,34.261719
17787,512,17459,34.099609
17788,512,17625,34.423828
17789,512,17333,33.853516
17790,512,17250,33.691406
17791,512,16708,32.632812
17792,512,17208,33.609375
17793,512,16500,32.226562
17794,512,17334,33.855469
17795,512,17583,34.341797
17796,512,17458,34.097656
17797,512,17208,33.609375
17798,512,17375,33.935547
17799,512,17375,33.935547
17800,512,17417,34.017578
17801,512,17166,33.527344
17802,512,18042,35.238281
17803,512,17292,33.773438
17804,512,17500,34.179688
17805,512,17541,34.259766
17806,512,16834,32.878906
17807,512,17125,33.447266
17808,512,17334,33.855469
17809,512,17708,34.585938
17810,512,17625,34.423828
17811,512,17708,34.585938
17812,512,17417,34.017578
17813,512,17208,33.609375
17814,512,18000,35.156250
17815,512,17583,34.341797
17816,512,17167,33.529297
17817,512,17166,33.527344
17818,512,17167,33.529297
17819,512,16917,33.041016
17820,512,17666,34.503906
17821,512,17375,33.935547
17822,512,17625,34.423828
17823,512,18209,35.564453
17824,512,17208,33.609375
17825,512,17500,34.179688
17826,512,17458,34.097656
17827,512,17417,34.017578
17828,512,17834,34.832031
17829,512,17042,33.285156
17830,512,17125,33.447266
17831,512,17083,33.365234
17832,512,17167,33.529297
17833,512,17375,33.935547
17834,512,17750,34.667969
17835,512,17209,33.611328
17836,512,17416,34.015625
17837,512,17334,33.855469
17838,512,17041,33.283203
17839,512,17500,34.179688
17840,512,17208,33.609375
17841,512,17834,34.832031
17842,512,17375,33.935547
17843,512,17125,33.447266
17844,512,17500,34.179688
17845,512,17292,33.773438
17846,512,16292,31.820312
17847,512,17625,34.423828
17848,512,16458,32.144531
17849,512,17208,33.609375
17850,512,17750,34.667969
17851,512,17125,33.447266
17852,512,16958,33.121094
17853,512,17042,33.285156
17854,512,17333,33.853516
17855,512,16917,33.041016
17856,512,17417,34.017578
17857,512,16875,32.958984
17858,512,17208,33.609375
17859,512,17125,33.447266
17860,512,17750,34.667969
17861,512,20625,40.283203
17862,512,17584,34.343750
17863,512,16791,32.794922
17864,512,16709,32.634766
17865,512,16708,32.632812
17866,512,16625,32.470703
17867,512,16250,31.738281
17868,512,17500,34.179688
17869,512,16625,32.470703
17870,512,16875,32.958984
17871,512,16750,32.714844
17872,512,16584,32.390625
17873,512,17709,34.587891
17874,512,17292,33.773438
17875,512,16708,32.632812
17876,512,17083,33.365234
17877,512,17167,33.529297
17878,512,17083,33.365234
17879,512,17708,34.585938
17880,512,20458,39.957031
17881,512,19125,37.353516
17882,512,17500,34.179688
17883,512,18083,35.318359
17884,512,17333,33.853516
17885,512,17958,35.074219
17886,512,17709,34.587891
17887,512,17667,34.505859
17888,512,17583,34.341797
17889,512,17583,34.341797
17890,512,17625,34.423828
17891,512,17875,34.912109
17892,512,17042,33.285156
17893,512,17416,34.015625
17894,512,17750,34.667969
17895,512,17042,33.285156
17896,512,17875,34.912109
17897,512,18083,35.318359
17898,512,17375,33.935547
17899,512,17291,33.771484
17900,512,17792,34.750000
17901,512,17208,33.609375
17902,512,16584,32.390625
17903,512,17209,33.611328
17904,512,16875,32.958984
17905,512,16791,32.794922
17906,512,17459,34.099609
17907,512,17000,33.203125
17908,512,17834,34.832031
17909,512,17917,34.994141
17910,512,17125,33.447266
17911,512,17250,33.691406
17912,512,16417,32.064453
17913,512,16792,32.796875
17914,512,16750,32.714844
17915,512,17833,34.830078
17916,512,17583,34.341797
17917,512,16750,32.714844
17918,512,17375,33.935547
17919,512,16750,32.714844
17920,512,17083,33.365234
17921,512,16667,32.552734
17922,512,17583,34.341797
17923,512,17417,34.017578
17924,512,17625,34.423828
17925,512,17375,33.935547
17926,512,16708,32.632812
17927,512,17917,34.994141
17928,512,17666,34.503906
17929,512,16834,32.878906
17930,512,17167,33.529297
17931,512,17000,33.203125
17932,512,17625,34.423828
17933,512,17584,34.343750
17934,512,17042,33.285156
17935,512,16917,33.041016
17936,512,17792,34.750000
17937,512,17458,34.097656
17938,512,17417,34.017578
17939,512,17625,34.423828
17940,512,19750,38.574219
17941,512,21459,41.912109
17942,512,18708,36.539062
17943,512,17625,34.423828
17944,512,17625,34.423828
17945,512,16959,33.123047
17946,512,17000,33.203125
17947,512,16667,32.552734
17948,512,16958,33.121094
17949,512,17750,34.667969
17950,512,17250,33.691406
17951,512,17625,34.423828
17952,512,17291,33.771484
17953,512,17042,33.285156
17954,512,17292,33.773438
17955,512,17500,34.179688
17956,512,17375,33.935547
17957,512,17208,33.609375
17958,512,18375,35.888672
17959,512,17375,33.935547
17960,512,16875,32.958984
17961,512,17209,33.611328
17962,512,17333,33.853516
17963,512,17500,34.179688
17964,512,17125,33.447266
17965,512,17625,34.423828
17966,512,18000,35.156250
17967,512,17000,33.203125
17968,512,17500,34.179688
17969,512,21625,42.236328
17970,512,17834,34.832031
17971,512,18208,35.562500
17972,512,17792,34.750000
17973,512,17792,34.750000
17974,512,18500,36.132812
17975,512,17875,34.912109
17976,512,18209,35.564453
17977,512,18583,36.294922
17978,512,18167,35.482422
17979,512,17833,34.830078
17980,512,17917,34.994141
17981,512,17958,35.074219
17982,512,18167,35.482422
17983,512,17542,34.261719
17984,512,17750,34.667969
17985,512,17750,34.667969
17986,512,17417,34.017578
17987,512,17958,35.074219
17988,512,17292,33.773438
17989,512,18417,35.970703
17990,512,17833,34.830078
17991,512,18333,35.806641
17992,512,17625,34.423828
17993,512,18125,35.400391
17994,512,17833,34.830078
17995,512,17917,34.994141
17996,512,17875,34.912109
17997,512,17541,34.259766
17998,512,18167,35.482422
17999,512,19209,37.517578
18000,512,20875,40.771484
18001,512,18459,36.052734
18002,512,19334,37.761719
18003,512,17834,34.832031
18004,512,17291,33.771484
18005,512,17584,34.343750
18006,512,18083,35.318359
18007,512,18208,35.562500
18008,512,18083,35.318359
18009,512,17708,34.585938
18010,512,18167,35.482422
18011,512,17208,33.609375
18012,512,17916,34.992188
18013,512,18125,35.400391
18014,512,16875,32.958984
18015,512,17750,34.667969
18016,512,17917,34.994141
18017,512,18125,35.400391
18018,512,16458,32.144531
18019,512,17458,34.097656
18020,512,17750,34.667969
18021,512,17667,34.505859
18022,512,17541,34.259766
18023,512,17250,33.691406
18024,512,17417,34.017578
18025,512,17791,34.748047
18026,512,17959,35.076172
18027,512,17541,34.259766
18028,512,18208,35.562500
18029,512,17625,34.423828
18030,512,17625,34.423828
18031,512,17583,34.341797
18032,512,18000,35.156250
18033,512,17792,34.750000
18034,512,17875,34.912109
18035,512,18584,36.296875
18036,512,16959,33.123047
18037,512,18500,36.132812
18038,512,17917,34.994141
18039,512,20541,40.119141
18040,512,23084,45.085938
18041,512,17875,34.912109
18042,512,17500,34.179688
18043,512,18083,35.318359
18044,512,17958,35.074219
18045,512,17709,34.587891
18046,512,17709,34.587891
18047,512,17708,34.585938
18048,512,17792,34.750000
18049,512,18042,35.238281
18050,512,18042,35.238281
18051,512,17625,34.423828
18052,512,17917,34.994141
18053,512,18875,36.865234
18054,512,37708,73.648438
18055,512,22583,44.107422
18056,512,32667,63.802734
18057,512,22125,43.212891
18058,512,18250,35.644531
18059,512,17417,34.017578
18060,512,18291,35.724609
18061,512,18000,35.156250
18062,512,17250,33.691406
18063,512,16125,31.494141
18064,512,27667,54.037109
18065,512,21458,41.910156
18066,512,18750,36.621094
18067,512,17958,35.074219
18068,512,17208,33.609375
18069,512,18334,35.808594
18070,512,17750,34.667969
18071,512,17250,33.691406
18072,512,17375,33.935547
18073,512,17709,34.587891
18074,512,18416,35.968750
18075,512,17125,33.447266
18076,512,16958,33.121094
18077,512,16917,33.041016
18078,512,23625,46.142578
18079,512,16958,33.121094
18080,512,17458,34.097656
18081,512,17667,34.505859
18082,512,17959,35.076172
18083,512,17666,34.503906
18084,512,17167,33.529297
18085,512,17542,34.261719
18086,512,17709,34.587891
18087,512,17417,34.017578
18088,512,17750,34.667969
18089,512,17833,34.830078
18090,512,24583,48.013672
18091,512,25875,50.537109
18092,512,17459,34.099609
18093,512,21083,41.177734
18094,512,17375,33.935547
18095,512,18916,36.945312
18096,512,26000,50.781250
18097,512,17291,33.771484
18098,512,16958,33.121094
18099,512,17250,33.691406
18100,512,16875,32.958984
18101,512,17292,33.773438
18102,512,16958,33.121094
18103,512,17208,33.609375
18104,512,16166,31.574219
18105,512,16792,32.796875
18106,512,17208,33.609375
18107,512,17333,33.853516
18108,512,17209,33.611328
18109,512,17583,34.341797
18110,512,17083,33.365234
18111,512,17292,33.773438
18112,512,17000,33.203125
18113,512,16917,33.041016
18114,512,16917,33.041016
18115,512,17750,34.667969
18116,512,16833,32.876953
18117,512,16333,31.900391
18118,512,17375,33.935547
18119,512,17958,35.074219
18120,512,17042,33.285156
18121,512,16708,32.632812
18122,512,17583,34.341797
18123,512,17500,34.179688
18124,512,17125,33.447266
18125,512,16958,33.121094
18126,512,17875,34.912109
18127,512,17375,33.935547
18128,512,17708,34.585938
18129,512,18209,35.564453
18130,512,17791,34.748047
18131,512,17125,33.447266
18132,512,16875,32.958984
18133,512,17500,34.179688
18134,512,17584,34.343750
18135,512,17916,34.992188
18136,512,17584,34.343750
18137,512,17917,34.994141
18138,512,17500,34.179688
18139,512,17917,34.994141
18140,512,17666,34.503906
18141,512,17417,34.017578
18142,512,17709,34.587891
18143,512,16792,32.796875
18144,512,17708,34.585938
18145,512,17625,34.423828
18146,512,16542,32.308594
18147,512,17083,33.365234
18148,512,17333,33.853516
18149,512,17875,34.912109
18150,512,17500,34.179688
18151,512,17084,33.367188
18152,512,17584,34.343750
18153,512,17208,33.609375
18154,512,17625,34.423828
18155,512,17208,33.609375
18156,512,17084,33.367188
18157,512,17791,34.748047
18158,512,17667,34.505859
18159,512,17541,34.259766
18160,512,17584,34.343750
18161,512,17958,35.074219
18162,512,17500,34.179688
18163,512,17333,33.853516
18164,512,17542,34.261719
18165,512,17417,34.017578
18166,512,16500,32.226562
18167,512,17667,34.505859
18168,512,17167,33.529297
18169,512,16750,32.714844
18170,512,16750,32.714844
18171,512,21250,41.503906
18172,512,18000,35.156250
18173,512,17375,33.935547
18174,512,17709,34.587891
18175,512,17541,34.259766
18176,512,18125,35.400391
18177,512,17625,34.423828
18178,512,17083,33.365234
18179,512,17209,33.611328
18180,512,17500,34.179688
18181,512,17542,34.261719
18182,512,18250,35.644531
18183,512,17333,33.853516
18184,512,17792,34.750000
18185,512,17125,33.447266
18186,512,17416,34.015625
18187,512,18000,35.156250
18188,512,17666,34.503906
18189,512,17834,34.832031
18190,512,17584,34.343750
18191,512,17208,33.609375
18192,512,17125,33.447266
18193,512,16875,32.958984
18194,512,17709,34.587891
18195,512,17250,33.691406
18196,512,17458,34.097656
18197,512,17625,34.423828
18198,512,18000,35.156250
18199,512,17834,34.832031
18200,512,17084,33.367188
18201,512,18208,35.562500
18202,512,17833,34.830078
18203,512,17500,34.179688
18204,512,18042,35.238281
18205,512,17625,34.423828
18206,512,17500,34.179688
18207,512,18500,36.132812
18208,512,17250,33.691406
18209,512,17209,33.611328
18210,512,17000,33.203125
18211,512,17208,33.609375
18212,512,17042,33.285156
18213,512,17250,33.691406
18214,512,17750,34.667969
18215,512,17750,34.667969
18216,512,18167,35.482422
18217,512,17459,34.099609
18218,512,17625,34.423828
18219,512,17875,34.912109
18220,512,19708,38.492188
18221,512,20167,39.388672
18222,512,17667,34.505859
18223,512,17958,35.074219
18224,512,18792,36.703125
18225,512,18333,35.806641
18226,512,19958,38.980469
18227,512,22917,44.759766
18228,512,19041,37.189453
18229,512,18167,35.482422
18230,512,17500,34.179688
18231,512,17958,35.074219
18232,512,17750,34.667969
18233,512,17958,35.074219
18234,512,17417,34.017578
18235,512,17958,35.074219
18236,512,18250,35.644531
18237,512,18000,35.156250
18238,512,18500,36.132812
18239,512,22583,44.107422
18240,512,22250,43.457031
18241,512,21166,41.339844
18242,512,17375,33.935547
18243,512,17542,34.261719
18244,512,17167,33.529297
18245,512,17791,34.748047
18246,512,18084,35.320312
18247,512,17916,34.992188
18248,512,17042,33.285156
18249,512,17458,34.097656
18250,512,17625,34.423828
18251,512,16917,33.041016
18252,512,17750,34.667969
18253,512,18042,35.238281
18254,512,16833,32.876953
18255,512,17334,33.855469
18256,512,17333,33.853516
18257,512,17500,34.179688
18258,512,17500,34.179688
18259,512,16917,33.041016
18260,512,16875,32.958984
18261,512,17375,33.935547
18262,512,18084,35.320312
18263,512,17417,34.017578
18264,512,17417,34.017578
18265,512,16584,32.390625
18266,512,16875,32.958984
18267,512,17625,34.423828
18268,512,18000,35.156250
18269,512,17958,35.074219
18270,512,17666,34.503906
18271,512,16292,31.820312
18272,512,17833,34.830078
18273,512,17292,33.773438
18274,512,17084,33.367188
18275,512,17250,33.691406
18276,512,17625,34.423828
18277,512,16833,32.876953
18278,512,18375,35.888672
18279,512,17250,33.691406
18280,512,17042,33.285156
18281,512,17000,33.203125
18282,512,17084,33.367188
18283,512,17083,33.365234
18284,512,17916,34.992188
18285,512,17334,33.855469
18286,512,16958,33.121094
18287,512,17375,33.935547
18288,512,17375,33.935547
18289,512,17625,34.423828
18290,512,17417,34.017578
18291,512,17500,34.179688
18292,512,17792,34.750000
18293,512,17583,34.341797
18294,512,16792,32.796875
18295,512,16958,33.121094
18296,512,17667,34.505859
18297,512,17916,34.992188
18298,512,17500,34.179688
18299,512,17459,34.099609
18300,512,17458,34.097656
18301,512,17875,34.912109
18302,512,17167,33.529297
18303,512,17334,33.855469
18304,512,17291,33.771484
18305,512,17375,33.935547
18306,512,18209,35.564453
18307,512,17625,34.423828
18308,512,17709,34.587891
18309,512,17625,34.423828
18310,512,17959,35.076172
18311,512,17625,34.423828
18312,512,17042,33.285156
18313,512,17625,34.423828
18314,512,17291,33.771484
18315,512,17083,33.365234
18316,512,17917,34.994141
18317,512,17583,34.341797
18318,512,17541,34.259766
18319,512,17083,33.365234
18320,512,17792,34.750000
18321,512,17333,33.853516
18322,512,17625,34.423828
18323,512,18000,35.156250
18324,512,18208,35.562500
18325,512,17750,34.667969
18326,512,18292,35.726562
18327,512,18000,35.156250
18328,512,16708,32.632812
18329,512,17625,34.423828
18330,512,17333,33.853516
18331,512,17375,33.935547
18332,512,17750,34.667969
18333,512,17375,33.935547
18334,512,17167,33.529297
18335,512,17375,33.935547
18336,512,17417,34.017578
18337,512,18084,35.320312
18338,512,17875,34.912109
18339,512,17917,34.994141
18340,512,16958,33.121094
18341,512,17542,34.261719
18342,512,17083,33.365234
18343,512,17542,34.261719
18344,512,17042,33.285156
18345,512,17125,33.447266
18346,512,17333,33.853516
18347,512,17416,34.015625
18348,512,16834,32.878906
18349,512,17666,34.503906
18350,512,18083,35.318359
18351,512,17709,34.587891
18352,512,18125,35.400391
18353,512,17500,34.179688
18354,512,17167,33.529297
18355,512,17083,33.365234
18356,512,17583,34.341797
18357,512,17500,34.179688
18358,512,17458,34.097656
18359,512,17542,34.261719
18360,512,17000,33.203125
18361,512,16792,32.796875
18362,512,17667,34.505859
18363,512,17917,34.994141
18364,512,17250,33.691406
18365,512,17167,33.529297
18366,512,17583,34.341797
18367,512,17167,33.529297
18368,512,17375,33.935547
18369,512,17209,33.611328
18370,512,17833,34.830078
18371,512,16542,32.308594
18372,512,17208,33.609375
18373,512,16917,33.041016
18374,512,17125,33.447266
18375,512,16791,32.794922
18376,512,17083,33.365234
18377,512,17459,34.099609
18378,512,16833,32.876953
18379,512,17083,33.365234
18380,512,17500,34.179688
18381,512,16875,32.958984
18382,512,17500,34.179688
18383,512,17417,34.017578
18384,512,17208,33.609375
18385,512,17834,34.832031
18386,512,17500,34.179688
18387,512,17917,34.994141
18388,512,17500,34.179688
18389,512,17958,35.074219
18390,512,17959,35.076172
18391,512,17375,33.935547
18392,512,17750,34.667969
18393,512,16958,33.121094
18394,512,17667,34.505859
18395,512,17458,34.097656
18396,512,17792,34.750000
18397,512,17083,33.365234
18398,512,17583,34.341797
18399,512,16750,32.714844
18400,512,17167,33.529297
18401,512,16333,31.900391
18402,512,16792,32.796875
18403,512,17666,34.503906
18404,512,17334,33.855469
18405,512,17541,34.259766
18406,512,17000,33.203125
18407,512,21667,42.318359
18408,512,18375,35.888672
18409,512,16459,32.146484
18410,512,17291,33.771484
18411,512,16708,32.632812
18412,512,17334,33.855469
18413,512,17709,34.587891
18414,512,17125,33.447266
18415,512,17375,33.935547
18416,512,17209,33.611328
18417,512,16917,33.041016
18418,512,17042,33.285156
18419,512,17083,33.365234
18420,512,16375,31.982422
18421,512,17667,34.505859
18422,512,16958,33.121094
18423,512,16417,32.064453
18424,512,17167,33.529297
18425,512,21083,41.177734
18426,512,16792,32.796875
18427,512,19291,37.677734
18428,512,21292,41.585938
18429,512,18125,35.400391
18430,512,17750,34.667969
18431,512,18292,35.726562
18432,512,17250,33.691406
18433,512,17708,34.585938
18434,512,17667,34.505859
18435,512,17458,34.097656
18436,512,17208,33.609375
18437,512,17458,34.097656
18438,512,18250,35.644531
18439,512,18333,35.806641
18440,512,17500,34.179688
18441,512,17375,33.935547
18442,512,17875,34.912109
18443,512,17333,33.853516
18444,512,17083,33.365234
18445,512,17167,33.529297
18446,512,17583,34.341797
18447,512,16958,33.121094
18448,512,17458,34.097656
18449,512,17958,35.074219
18450,512,17417,34.017578
18451,512,17125,33.447266
18452,512,17500,34.179688
18453,512,16875,32.958984
18454,512,17375,33.935547
18455,512,17250,33.691406
18456,512,17625,34.423828
18457,512,17042,33.285156
18458,512,17041,33.283203
18459,512,17292,33.773438
18460,512,16833,32.876953
18461,512,17125,33.447266
18462,512,16875,32.958984
18463,512,17709,34.587891
18464,512,17625,34.423828
18465,512,17417,34.017578
18466,512,17500,34.179688
18467,512,17084,33.367188
18468,512,17459,34.099609
18469,512,17417,34.017578
18470,512,17250,33.691406
18471,512,17083,33.365234
18472,512,17416,34.015625
18473,512,17000,33.203125
18474,512,17125,33.447266
18475,512,16875,32.958984
18476,512,17458,34.097656
18477,512,17083,33.365234
18478,512,17000,33.203125
18479,512,17000,33.203125
18480,512,17292,33.773438
18481,512,17583,34.341797
18482,512,16500,32.226562
18483,512,17375,33.935547
18484,512,17708,34.585938
18485,512,17167,33.529297
18486,512,16791,32.794922
18487,512,17417,34.017578
18488,512,17542,34.261719
18489,512,16958,33.121094
18490,512,17458,34.097656
18491,512,17958,35.074219
18492,512,17000,33.203125
18493,512,17291,33.771484
18494,512,17875,34.912109
18495,512,17875,34.912109
18496,512,17125,33.447266
18497,512,17667,34.505859
18498,512,17375,33.935547
18499,512,17000,33.203125
18500,512,16958,33.121094
18501,512,17542,34.261719
18502,512,16959,33.123047
18503,512,16916,33.039062
18504,512,17542,34.261719
18505,512,17125,33.447266
18506,512,16542,32.308594
18507,512,16916,33.039062
18508,512,17625,34.423828
18509,512,16958,33.121094
18510,512,17083,33.365234
18511,512,16709,32.634766
18512,512,17458,34.097656
18513,512,16750,32.714844
18514,512,16583,32.388672
18515,512,17208,33.609375
18516,512,17334,33.855469
18517,512,17708,34.585938
18518,512,16958,33.121094
18519,512,16958,33.121094
18520,512,16292,31.820312
18521,512,16958,33.121094
18522,512,17000,33.203125
18523,512,17125,33.447266
18524,512,17375,33.935547
18525,512,17625,34.423828
18526,512,17250,33.691406
18527,512,17541,34.259766
18528,512,16875,32.958984
18529,512,17500,34.179688
18530,512,19334,37.761719
18531,512,19959,38.982422
18532,512,17917,34.994141
18533,512,17333,33.853516
18534,512,17333,33.853516
18535,512,17333,33.853516
18536,512,17625,34.423828
18537,512,17333,33.853516
18538,512,17625,34.423828
18539,512,16750,32.714844
18540,512,17333,33.853516
18541,512,17125,33.447266
18542,512,18167,35.482422
18543,512,17417,34.017578
18544,512,18750,36.621094
18545,512,20041,39.142578
18546,512,17792,34.750000
18547,512,17041,33.283203
18548,512,17959,35.076172
18549,512,17250,33.691406
18550,512,17875,34.912109
18551,512,18208,35.562500
18552,512,17125,33.447266
18553,512,17833,34.830078
18554,512,17375,33.935547
18555,512,18000,35.156250
18556,512,17083,33.365234
18557,512,17750,34.667969
18558,512,17292,33.773438
18559,512,17750,34.667969
18560,512,17792,34.750000
18561,512,17500,34.179688
18562,512,18083,35.318359
18563,512,17542,34.261719
18564,512,18250,35.644531
18565,512,18209,35.564453
18566,512,21500,41.992188
18567,512,17667,34.505859
18568,512,18458,36.050781
18569,512,19042,37.191406
18570,512,18333,35.806641
18571,512,17875,34.912109
18572,512,17750,34.667969
18573,512,18209,35.564453
18574,512,18041,35.236328
18575,512,17084,33.367188
18576,512,18291,35.724609
18577,512,18292,35.726562
18578,512,17792,34.750000
18579,512,18000,35.156250
18580,512,17750,34.667969
18581,512,17792,34.750000
18582,512,17250,33.691406
18583,512,17750,34.667969
18584,512,17583,34.341797
18585,512,17334,33.855469
18586,512,17708,34.585938
18587,512,17416,34.015625
18588,512,17834,34.832031
18589,512,18208,35.562500
18590,512,17958,35.074219
18591,512,17542,34.261719
18592,512,18000,35.156250
18593,512,17708,34.585938
18594,512,18333,35.806641
18595,512,17709,34.587891
18596,512,18125,35.400391
18597,512,22459,43.865234
18598,512,19416,37.921875
18599,512,17667,34.505859
18600,512,17916,34.992188
18601,512,17792,34.750000
18602,512,17750,34.667969
18603,512,17667,34.505859
18604,512,17250,33.691406
18605,512,17708,34.585938
18606,512,17541,34.259766
18607,512,17292,33.773438
18608,512,17166,33.527344
18609,512,16959,33.123047
18610,512,16875,32.958984
18611,512,17334,33.855469
18612,512,17083,33.365234
18613,512,17708,34.585938
18614,512,17167,33.529297
18615,512,16750,32.714844
18616,512,16500,32.226562
18617,512,24083,47.037109
18618,512,16875,32.958984
18619,512,17666,34.503906
18620,512,20125,39.306641
18621,512,17458,34.097656
18622,512,17750,34.667969
18623,512,18125,35.400391
18624,512,17458,34.097656
18625,512,18000,35.156250
18626,512,17875,34.912109
18627,512,18500,36.132812
18628,512,17917,34.994141
18629,512,17584,34.343750
18630,512,17708,34.585938
18631,512,17250,33.691406
18632,512,17250,33.691406
18633,512,17667,34.505859
18634,512,17625,34.423828
18635,512,17625,34.423828
18636,512,16750,32.714844
18637,512,17542,34.261719
18638,512,16833,32.876953
18639,512,17375,33.935547
18640,512,17583,34.341797
18641,512,16625,32.470703
18642,512,16334,31.902344
18643,512,21166,41.339844
18644,512,20292,39.632812
18645,512,16666,32.550781
18646,512,17375,33.935547
18647,512,16833,32.876953
18648,512,16667,32.552734
18649,512,16542,32.308594
18650,512,16709,32.634766
18651,512,17750,34.667969
18652,512,16875,32.958984
18653,512,17125,33.447266
18654,512,17042,33.285156
18655,512,17542,34.261719
18656,512,17125,33.447266
18657,512,17375,33.935547
18658,512,17000,33.203125
18659,512,17125,33.447266
18660,512,18000,35.156250
18661,512,17834,34.832031
18662,512,16584,32.390625
18663,512,17750,34.667969
18664,512,18041,35.236328
18665,512,17459,34.099609
18666,512,17250,33.691406
18667,512,17541,34.259766
18668,512,16875,32.958984
18669,512,17917,34.994141
18670,512,17541,34.259766
18671,512,17334,33.855469
18672,512,17541,34.259766
18673,512,17292,33.773438
18674,512,16958,33.121094
18675,512,16625,32.470703
18676,512,17416,34.015625
18677,512,17375,33.935547
18678,512,17375,33.935547
18679,512,17667,34.505859
18680,512,17125,33.447266
18681,512,17041,33.283203
18682,512,17417,34.017578
18683,512,17458,34.097656
18684,512,17542,34.261719
18685,512,17584,34.343750
18686,512,16833,32.876953
18687,512,17375,33.935547
18688,512,17250,33.691406
18689,512,16542,32.308594
18690,512,17833,34.830078
18691,512,17333,33.853516
18692,512,17042,33.285156
18693,512,20292,39.632812
18694,512,18666,36.457031
18695,512,17417,34.017578
18696,512,17208,33.609375
18697,512,18167,35.482422
18698,512,16708,32.632812
18699,512,17166,33.527344
18700,512,17667,34.505859
18701,512,17292,33.773438
18702,512,17375,33.935547
18703,512,17583,34.341797
18704,512,18042,35.238281
18705,512,17375,33.935547
18706,512,17666,34.503906
18707,512,17459,34.099609
18708,512,17459,34.099609
18709,512,16625,32.470703
18710,512,17292,33.773438
18711,512,17250,33.691406
18712,512,20333,39.712891
18713,512,21958,42.886719
18714,512,19834,38.738281
18715,512,17666,34.503906
18716,512,17292,33.773438
18717,512,17458,34.097656
18718,512,17167,33.529297
18719,512,17083,33.365234
18720,512,17250,33.691406
18721,512,17708,34.585938
18722,512,17000,33.203125
18723,512,17709,34.587891
18724,512,17167,33.529297
18725,512,16875,32.958984
18726,512,16750,32.714844
18727,512,17458,34.097656
18728,512,17000,33.203125
18729,512,16834,32.878906
18730,512,16875,32.958984
18731,512,17292,33.773438
18732,512,17208,33.609375
18733,512,15875,31.005859
18734,512,17667,34.505859
18735,512,17291,33.771484
18736,512,17125,33.447266
18737,512,17459,34.099609
18738,512,18125,35.400391
18739,512,17250,33.691406
18740,512,17417,34.017578
18741,512,17833,34.830078
18742,512,17375,33.935547
18743,512,17459,34.099609
18744,512,17875,34.912109
18745,512,17500,34.179688
18746,512,17375,33.935547
18747,512,17083,33.365234
18748,512,17042,33.285156
18749,512,17083,33.365234
18750,512,17209,33.611328
18751,512,17500,34.179688
18752,512,16916,33.039062
18753,512,17875,34.912109
18754,512,17541,34.259766
18755,512,17334,33.855469
18756,512,17583,34.341797
18757,512,17875,34.912109
18758,512,17167,33.529297
18759,512,17708,34.585938
18760,512,17708,34.585938
18761,512,17000,33.203125
18762,512,16416,32.062500
18763,512,17125,33.447266
18764,512,16833,32.876953
18765,512,16500,32.226562
18766,512,16916,33.039062
18767,512,17292,33.773438
18768,512,16500,32.226562
18769,512,16375,31.982422
18770,512,17000,33.203125
18771,512,17292,33.773438
18772,512,17166,33.527344
18773,512,17750,34.667969
18774,512,17417,34.017578
18775,512,17333,33.853516
18776,512,16917,33.041016
18777,512,17417,34.017578
18778,512,17250,33.691406
18779,512,17000,33.203125
18780,512,17125,33.447266
18781,512,17375,33.935547
18782,512,17375,33.935547
18783,512,17166,33.527344
18784,512,16792,32.796875
18785,512,17041,33.283203
18786,512,16750,32.714844
18787,512,17250,33.691406
18788,512,17208,33.609375
18789,512,16750,32.714844
18790,512,16750,32.714844
18791,512,17833,34.830078
18792,512,17250,33.691406
18793,512,17292,33.773438
18794,512,17416,34.015625
18795,512,17417,34.017578
18796,512,17458,34.097656
18797,512,16792,32.796875
18798,512,17584,34.343750
18799,512,17083,33.365234
18800,512,17166,33.527344
18801,512,17375,33.935547
18802,512,16959,33.123047
18803,512,16834,32.878906
18804,512,17000,33.203125
18805,512,17500,34.179688
18806,512,18000,35.156250
18807,512,17500,34.179688
18808,512,17834,34.832031
18809,512,16833,32.876953
18810,512,16667,32.552734
18811,512,16209,31.658203
18812,512,17125,33.447266
18813,512,17459,34.099609
18814,512,17709,34.587891
18815,512,17584,34.343750
18816,512,17750,34.667969
18817,512,17333,33.853516
18818,512,17583,34.341797
18819,512,17292,33.773438
18820,512,17084,33.367188
18821,512,16875,32.958984
18822,512,17541,34.259766
18823,512,16833,32.876953
18824,512,17209,33.611328
18825,512,17791,34.748047
18826,512,17042,33.285156
18827,512,18583,36.294922
18828,512,16958,33.121094
18829,512,17625,34.423828
18830,512,17167,33.529297
18831,512,17792,34.750000
18832,512,17500,34.179688
18833,512,17417,34.017578
18834,512,17917,34.994141
18835,512,17000,33.203125
18836,512,17417,34.017578
18837,512,17666,34.503906
18838,512,18042,35.238281
18839,512,17625,34.423828
18840,512,17000,33.203125
18841,512,17500,34.179688
18842,512,16833,32.876953
18843,512,17584,34.343750
18844,512,16875,32.958984
18845,512,16583,32.388672
18846,512,16792,32.796875
18847,512,17125,33.447266
18848,512,16500,32.226562
18849,512,17791,34.748047
18850,512,17292,33.773438
18851,512,16458,32.144531
18852,512,17417,34.017578
18853,512,16666,32.550781
18854,512,17000,33.203125
18855,512,16958,33.121094
18856,512,16792,32.796875
18857,512,17042,33.285156
18858,512,16375,31.982422
18859,512,17042,33.285156
18860,512,16417,32.064453
18861,512,16875,32.958984
18862,512,16792,32.796875
18863,512,17416,34.015625
18864,512,17000,33.203125
18865,512,17375,33.935547
18866,512,16958,33.121094
18867,512,17459,34.099609
18868,512,17708,34.585938
18869,512,16417,32.064453
18870,512,17750,34.667969
18871,512,17541,34.259766
18872,512,16625,32.470703
18873,512,16708,32.632812
18874,512,17417,34.017578
18875,512,16500,32.226562
18876,512,17250,33.691406
18877,512,16709,32.634766
18878,512,17584,34.343750
18879,512,17375,33.935547
18880,512,16750,32.714844
18881,512,16584,32.390625
18882,512,17042,33.285156
18883,512,20583,40.201172
18884,512,19250,37.597656
18885,512,16833,32.876953
18886,512,16584,32.390625
18887,512,16250,31.738281
18888,512,17125,33.447266
18889,512,17791,34.748047
18890,512,20083,39.224609
18891,512,18792,36.703125
18892,512,19375,37.841797
18893,512,22666,44.269531
18894,512,20709,40.447266
18895,512,17334,33.855469
18896,512,16916,33.039062
18897,512,17000,33.203125
18898,512,18292,35.726562
18899,512,17000,33.203125
18900,512,17208,33.609375
18901,512,17500,34.179688
18902,512,17250,33.691406
18903,512,17625,34.423828
18904,512,16917,33.041016
18905,512,17458,34.097656
18906,512,17000,33.203125
18907,512,17375,33.935547
18908,512,17625,34.423828
18909,512,17084,33.367188
18910,512,17500,34.179688
18911,512,17167,33.529297
18912,512,16917,33.041016
18913,512,16833,32.876953
18914,512,18000,35.156250
18915,512,17667,34.505859
18916,512,16916,33.039062
18917,512,16875,32.958984
18918,512,17125,33.447266
18919,512,17166,33.527344
18920,512,17375,33.935547
18921,512,17709,34.587891
18922,512,17500,34.179688
18923,512,18208,35.562500
18924,512,17083,33.365234
18925,512,17583,34.341797
18926,512,16625,32.470703
18927,512,17000,33.203125
18928,512,16833,32.876953
18929,512,16917,33.041016
18930,512,16959,33.123047
18931,512,17166,33.527344
18932,512,17000,33.203125
18933,512,17209,33.611328
18934,512,17042,33.285156
18935,512,18083,35.318359
18936,512,17459,34.099609
18937,512,17667,34.505859
18938,512,17292,33.773438
18939,512,17458,34.097656
18940,512,17333,33.853516
18941,512,17042,33.285156
18942,512,17250,33.691406
18943,512,17125,33.447266
18944,512,17416,34.015625
18945,512,17334,33.855469
18946,512,17708,34.585938
18947,512,16958,33.121094
18948,512,17333,33.853516
18949,512,16750,32.714844
18950,512,17000,33.203125
18951,512,17291,33.771484
18952,512,17542,34.261719
18953,512,17167,33.529297
18954,512,17208,33.609375
18955,512,17292,33.773438
18956,512,17167,33.529297
18957,512,16958,33.121094
18958,512,17375,33.935547
18959,512,17375,33.935547
18960,512,17500,34.179688
18961,512,17458,34.097656
18962,512,17667,34.505859
18963,512,17625,34.423828
18964,512,16792,32.796875
18965,512,17791,34.748047
18966,512,16834,32.878906
18967,512,17125,33.447266
18968,512,17750,34.667969
18969,512,17084,33.367188
18970,512,17250,33.691406
18971,512,16417,32.064453
18972,512,17042,33.285156
18973,512,16666,32.550781
18974,512,16958,33.121094
18975,512,16917,33.041016
18976,512,16750,32.714844
18977,512,17208,33.609375
18978,512,16709,32.634766
18979,512,17250,33.691406
18980,512,17042,33.285156
18981,512,17125,33.447266
18982,512,16625,32.470703
18983,512,17625,34.423828
18984,512,17000,33.203125
18985,512,17042,33.285156
18986,512,17208,33.609375
18987,512,17875,34.912109
18988,512,17708,34.585938
18989,512,17583,34.341797
18990,512,17459,34.099609
18991,512,17166,33.527344
18992,512,17250,33.691406
18993,512,17041,33.283203
18994,512,17375,33.935547
18995,512,17417,34.017578
18996,512,17458,34.097656
18997,512,18208,35.562500
18998,512,17625,34.423828
18999,512,17209,33.611328
19000,512,17125,33.447266
19001,512,17208,33.609375
19002,512,17292,33.773438
19003,512,17750,34.667969
19004,512,17625,34.423828
19005,512,17334,33.855469
19006,512,17000,33.203125
19007,512,17583,34.341797
19008,512,17458,34.097656
19009,512,17667,34.505859
19010,512,17292,33.773438
19011,512,17625,34.423828
19012,512,17334,33.855469
19013,512,16500,32.226562
19014,512,17500,34.179688
19015,512,17875,34.912109
19016,512,17209,33.611328
19017,512,17291,33.771484
19018,512,17292,33.773438
19019,512,17208,33.609375
19020,512,17417,34.017578
19021,512,17791,34.748047
19022,512,17584,34.343750
19023,512,16833,32.876953
19024,512,17083,33.365234
19025,512,17125,33.447266
19026,512,17792,34.750000
19027,512,17167,33.529297
19028,512,16583,32.388672
19029,512,17167,33.529297
19030,512,16750,32.714844
19031,512,17250,33.691406
19032,512,17000,33.203125
19033,512,17875,34.912109
19034,512,17500,34.179688
19035,512,17083,33.365234
19036,512,17666,34.503906
19037,512,17042,33.285156
19038,512,17542,34.261719
19039,512,17625,34.423828
19040,512,17334,33.855469
19041,512,16708,32.632812
19042,512,17333,33.853516
19043,512,16958,33.121094
19044,512,17833,34.830078
19045,512,17167,33.529297
19046,512,17666,34.503906
19047,512,17042,33.285156
19048,512,17458,34.097656
19049,512,17584,34.343750
19050,512,17417,34.017578
19051,512,16833,32.876953
19052,512,17542,34.261719
19053,512,17125,33.447266
19054,512,17167,33.529297
19055,512,17041,33.283203
19056,512,16750,32.714844
19057,512,17083,33.365234
19058,512,17125,33.447266
19059,512,17250,33.691406
19060,512,17250,33.691406
19061,512,17292,33.773438
19062,512,17125,33.447266
19063,512,17958,35.074219
19064,512,16458,32.144531
19065,512,16583,32.388672
19066,512,16833,32.876953
19067,512,17167,33.529297
19068,512,16917,33.041016
19069,512,17250,33.691406
19070,512,17666,34.503906
19071,512,17083,33.365234
19072,512,17542,34.261719
19073,512,16792,32.796875
19074,512,17416,34.015625
19075,512,17458,34.097656
19076,512,17125,33.447266
19077,512,17584,34.343750
19078,512,17834,34.832031
19079,512,17291,33.771484
19080,512,17542,34.261719
19081,512,16958,33.121094
19082,512,17291,33.771484
19083,512,17459,34.099609
19084,512,17334,33.855469
19085,512,17625,34.423828
19086,512,17209,33.611328
19087,512,17791,34.748047
19088,512,18417,35.970703
19089,512,18291,35.724609
19090,512,17250,33.691406
19091,512,17375,33.935547
19092,512,17625,34.423828
19093,512,17625,34.423828
19094,512,16750,32.714844
19095,512,17167,33.529297
19096,512,17375,33.935547
19097,512,16958,33.121094
19098,512,17000,33.203125
19099,512,17541,34.259766
19100,512,17709,34.587891
19101,512,17542,34.261719
19102,512,16875,32.958984
19103,512,17333,33.853516
19104,512,17209,33.611328
19105,512,17334,33.855469
19106,512,17375,33.935547
19107,512,16917,33.041016
19108,512,17000,33.203125
19109,512,17083,33.365234
19110,512,16625,32.470703
19111,512,17583,34.341797
19112,512,17500,34.179688
19113,512,17416,34.015625
19114,512,16792,32.796875
19115,512,17417,34.017578
19116,512,16834,32.878906
19117,512,17459,34.099609
19118,512,17125,33.447266
19119,512,16833,32.876953
19120,512,16708,32.632812
19121,512,17041,33.283203
19122,512,16792,32.796875
19123,512,20791,40.607422
19124,512,20667,40.365234
19125,512,17584,34.343750
19126,512,16459,32.146484
19127,512,16958,33.121094
19128,512,16708,32.632812
19129,512,16917,33.041016
19130,512,17000,33.203125
19131,512,17208,33.609375
19132,512,17167,33.529297
19133,512,17291,33.771484
19134,512,17250,33.691406
19135,512,17208,33.609375
19136,512,16875,32.958984
19137,512,17209,33.611328
19138,512,17333,33.853516
19139,512,17042,33.285156
19140,512,17791,34.748047
19141,512,16667,32.552734
19142,512,17208,33.609375
19143,512,21208,41.421875
19144,512,20041,39.142578
19145,512,20875,40.771484
19146,512,21708,42.398438
19147,512,17750,34.667969
19148,512,17542,34.261719
19149,512,17000,33.203125
19150,512,16708,32.632812
19151,512,17042,33.285156
19152,512,17292,33.773438
19153,512,16875,32.958984
19154,512,17375,33.935547
19155,512,17500,34.179688
19156,512,15875,31.005859
19157,512,17167,33.529297
19158,512,17000,33.203125
19159,512,17125,33.447266
19160,512,16375,31.982422
19161,512,16917,33.041016
19162,512,17875,34.912109
19163,512,17583,34.341797
19164,512,17000,33.203125
19165,512,16625,32.470703
19166,512,18000,35.156250
19167,512,17666,34.503906
19168,512,16958,33.121094
19169,512,17000,33.203125
19170,512,17000,33.203125
19171,512,17209,33.611328
19172,512,16875,32.958984
19173,512,19834,38.738281
19174,512,19041,37.189453
19175,512,17542,34.261719
19176,512,17833,34.830078
19177,512,17958,35.074219
19178,512,17250,33.691406
19179,512,17250,33.691406
19180,512,17375,33.935547
19181,512,17584,34.343750
19182,512,17083,33.365234
19183,512,17208,33.609375
19184,512,17375,33.935547
19185,512,17792,34.750000
19186,512,16583,32.388672
19187,512,18250,35.644531
19188,512,17083,33.365234
19189,512,17125,33.447266
19190,512,16958,33.121094
19191,512,16792,32.796875
19192,512,22792,44.515625
19193,512,17833,34.830078
19194,512,16750,32.714844
19195,512,16583,32.388672
19196,512,17292,33.773438
19197,512,17542,34.261719
19198,512,17541,34.259766
19199,512,16792,32.796875
19200,512,17583,34.341797
19201,512,17416,34.015625
19202,512,17709,34.587891
19203,512,16875,32.958984
19204,512,17458,34.097656
19205,512,17459,34.099609
19206,512,18541,36.212891
19207,512,20500,40.039062
19208,512,17709,34.587891
19209,512,16458,32.144531
19210,512,17875,34.912109
19211,512,16750,32.714844
19212,512,16542,32.308594
19213,512,17458,34.097656
19214,512,17208,33.609375
19215,512,17125,33.447266
19216,512,17167,33.529297
19217,512,16666,32.550781
19218,512,17500,34.179688
19219,512,17167,33.529297
19220,512,17333,33.853516
19221,512,17250,33.691406
19222,512,16250,31.738281
19223,512,16542,32.308594
19224,512,17375,33.935547
19225,512,18166,35.480469
19226,512,17250,33.691406
19227,512,17125,33.447266
19228,512,17333,33.853516
19229,512,17125,33.447266
19230,512,17334,33.855469
19231,512,17500,34.179688
19232,512,17541,34.259766
19233,512,17542,34.261719
19234,512,17417,34.017578
19235,512,17167,33.529297
19236,512,18292,35.726562
19237,512,17209,33.611328
19238,512,17625,34.423828
19239,512,16416,32.062500
19240,512,17417,34.017578
19241,512,17708,34.585938
19242,512,17167,33.529297
19243,512,17167,33.529297
19244,512,16667,32.552734
19245,512,17583,34.341797
19246,512,17583,34.341797
19247,512,16958,33.121094
19248,512,17125,33.447266
19249,512,17917,34.994141
19250,512,16667,32.552734
19251,512,16959,33.123047
19252,512,17000,33.203125
19253,512,17042,33.285156
19254,512,17583,34.341797
19255,512,17333,33.853516
19256,512,16917,33.041016
19257,512,16875,32.958984
19258,512,17208,33.609375
19259,512,16875,32.958984
19260,512,17000,33.203125
19261,512,17833,34.830078
19262,512,16958,33.121094
19263,512,16792,32.796875
19264,512,16666,32.550781
19265,512,17375,33.935547
19266,512,17583,34.341797
19267,512,17417,34.017578
19268,512,17125,33.447266
19269,512,17292,33.773438
19270,512,19583,38.248047
19271,512,19167,37.435547
19272,512,17583,34.341797
19273,512,17750,34.667969
19274,512,21292,41.585938
19275,512,18792,36.703125
19276,512,19375,37.841797
19277,512,18541,36.212891
19278,512,17750,34.667969
19279,512,16917,33.041016
19280,512,17417,34.017578
19281,512,17000,33.203125
19282,512,17333,33.853516
19283,512,17542,34.261719
19284,512,17166,33.527344
19285,512,17042,33.285156
19286,512,17500,34.179688
19287,512,17333,33.853516
19288,512,16958,33.121094
19289,512,17334,33.855469
19290,512,17334,33.855469
19291,512,17375,33.935547
19292,512,17125,33.447266
19293,512,17250,33.691406
19294,512,16834,32.878906
19295,512,17333,33.853516
19296,512,17417,34.017578
19297,512,18084,35.320312
19298,512,17833,34.830078
19299,512,17167,33.529297
19300,512,17750,34.667969
19301,512,17459,34.099609
19302,512,17208,33.609375
19303,512,17500,34.179688
19304,512,18000,35.156250
19305,512,17167,33.529297
19306,512,17500,34.179688
19307,512,17625,34.423828
19308,512,17125,33.447266
19309,512,16958,33.121094
19310,512,16333,31.900391
19311,512,17000,33.203125
19312,512,17792,34.750000
19313,512,17583,34.341797
19314,512,16375,31.982422
19315,512,16708,32.632812
19316,512,17459,34.099609
19317,512,17834,34.832031
19318,512,17375,33.935547
19319,512,16709,32.634766
19320,512,16875,32.958984
19321,512,17125,33.447266
19322,512,17125,33.447266
19323,512,17541,34.259766
19324,512,17292,33.773438
19325,512,16750,32.714844
19326,512,17167,33.529297
19327,512,17166,33.527344
19328,512,17709,34.587891
19329,512,17250,33.691406
19330,512,16750,32.714844
19331,512,17167,33.529297
19332,512,17625,34.423828
19333,512,16708,32.632812
19334,512,16792,32.796875
19335,512,17041,33.283203
19336,512,17083,33.365234
19337,512,17083,33.365234
19338,512,17417,34.017578
19339,512,16958,33.121094
19340,512,17292,33.773438
19341,512,17458,34.097656
19342,512,17083,33.365234
19343,512,17334,33.855469
19344,512,18000,35.156250
19345,512,16625,32.470703
19346,512,17791,34.748047
19347,512,17917,34.994141
19348,512,17500,34.179688
19349,512,17167,33.529297
19350,512,17458,34.097656
19351,512,17167,33.529297
19352,512,17625,34.423828
19353,512,17333,33.853516
19354,512,17167,33.529297
19355,512,17167,33.529297
19356,512,16500,32.226562
19357,512,16458,32.144531
19358,512,16917,33.041016
19359,512,16625,32.470703
19360,512,17542,34.261719
19361,512,16666,32.550781
19362,512,20917,40.853516
19363,512,18083,35.318359
19364,512,17458,34.097656
19365,512,17500,34.179688
19366,512,17208,33.609375
19367,512,16583,32.388672
19368,512,17000,33.203125
19369,512,16625,32.470703
19370,512,16917,33.041016
19371,512,17500,34.179688
19372,512,16709,32.634766
19373,512,16917,33.041016
19374,512,17333,33.853516
19375,512,17041,33.283203
19376,512,17417,34.017578
19377,512,16792,32.796875
19378,512,17375,33.935547
19379,512,17292,33.773438
19380,512,17041,33.283203
19381,512,16459,32.146484
19382,512,16458,32.144531
19383,512,17042,33.285156
19384,512,16584,32.390625
19385,512,16750,32.714844
19386,512,16875,32.958984
19387,512,16958,33.121094
19388,512,16875,32.958984
19389,512,16500,32.226562
19390,512,17125,33.447266
19391,512,17167,33.529297
19392,512,17083,33.365234
19393,512,17042,33.285156
19394,512,17292,33.773438
19395,512,16792,32.796875
19396,512,16875,32.958984
19397,512,17250,33.691406
19398,512,16334,31.902344
19399,512,16708,32.632812
19400,512,16625,32.470703
19401,512,16667,32.552734
19402,512,16708,32.632812
19403,512,16291,31.818359
19404,512,16958,33.121094
19405,512,17292,33.773438
19406,512,17750,34.667969
19407,512,17500,34.179688
19408,512,16791,32.794922
19409,512,16917,33.041016
19410,512,17000,33.203125
19411,512,16875,32.958984
19412,512,17042,33.285156
19413,512,17208,33.609375
19414,512,17083,33.365234
19415,512,17750,34.667969
19416,512,17250,33.691406
19417,512,17500,34.179688
19418,512,17625,34.423828
19419,512,17291,33.771484
19420,512,17625,34.423828
19421,512,17333,33.853516
19422,512,17042,33.285156
19423,512,16958,33.121094
19424,512,16542,32.308594
19425,512,17458,34.097656
19426,512,17666,34.503906
19427,512,17542,34.261719
19428,512,17667,34.505859
19429,512,17000,33.203125
19430,512,17333,33.853516
19431,512,17208,33.609375
19432,512,17708,34.585938
19433,512,17167,33.529297
19434,512,16958,33.121094
19435,512,16708,32.632812
19436,512,17334,33.855469
19437,512,17458,34.097656
19438,512,17292,33.773438
19439,512,17083,33.365234
19440,512,17208,33.609375
19441,512,17500,34.179688
19442,512,17375,33.935547
19443,512,16833,32.876953
19444,512,17250,33.691406
19445,512,17250,33.691406
19446,512,17750,34.667969
19447,512,17459,34.099609
19448,512,17583,34.341797
19449,512,16541,32.306641
19450,512,17250,33.691406
19451,512,16833,32.876953
19452,512,16667,32.552734
19453,512,17041,33.283203
19454,512,17250,33.691406
19455,512,17375,33.935547
19456,512,17000,33.203125
19457,512,18083,35.318359
19458,512,17250,33.691406
19459,512,17292,33.773438
19460,512,17041,33.283203
19461,512,17417,34.017578
19462,512,16583,32.388672
19463,512,16958,33.121094
19464,512,17333,33.853516
19465,512,17708,34.585938
19466,512,16791,32.794922
19467,512,17333,33.853516
19468,512,17542,34.261719
19469,512,16875,32.958984
19470,512,17583,34.341797
19471,512,17125,33.447266
19472,512,17417,34.017578
19473,512,17458,34.097656
19474,512,17500,34.179688
19475,512,17709,34.587891
19476,512,17208,33.609375
19477,512,16458,32.144531
19478,512,16792,32.796875
19479,512,16959,33.123047
19480,512,16708,32.632812
19481,512,17458,34.097656
19482,512,17125,33.447266
19483,512,17125,33.447266
19484,512,17834,34.832031
19485,512,16667,32.552734
19486,512,16750,32.714844
19487,512,17250,33.691406
19488,512,16917,33.041016
19489,512,16875,32.958984
19490,512,17333,33.853516
19491,512,17458,34.097656
19492,512,17084,33.367188
19493,512,16916,33.039062
19494,512,17583,34.341797
19495,512,17209,33.611328
19496,512,17209,33.611328
19497,512,17875,34.912109
19498,512,17708,34.585938
19499,512,17584,34.343750
19500,512,18125,35.400391
19501,512,16916,33.039062
19502,512,17083,33.365234
19503,512,17333,33.853516
19504,512,17083,33.365234
19505,512,17000,33.203125
19506,512,18209,35.564453
19507,512,17709,34.587891
19508,512,17375,33.935547
19509,512,17667,34.505859
19510,512,17292,33.773438
19511,512,17333,33.853516
19512,512,16833,32.876953
19513,512,17250,33.691406
19514,512,16709,32.634766
19515,512,16750,32.714844
19516,512,17792,34.750000
19517,512,17167,33.529297
19518,512,17709,34.587891
19519,512,17750,34.667969
19520,512,18542,36.214844
19521,512,16917,33.041016
19522,512,17125,33.447266
19523,512,17375,33.935547
19524,512,17667,34.505859
19525,512,17167,33.529297
19526,512,17417,34.017578
19527,512,17000,33.203125
19528,512,17541,34.259766
19529,512,16792,32.796875
19530,512,16916,33.039062
19531,128,5041,39.382812
