# Phase 4 raw batch samples. batch-normalized ns/update = elapsed_ns / batch_operations (a batch average, NOT a directly
# measured single-update latency). batch_operations is the ACTUAL op count of the batch: batch_size for every row except
# the final row when updates % batch_size is nonzero (a partial batch, which is EXCLUDED from every distribution
# metric in the summary).
# impl=map wl=C levels=1000000 updates=10000000 batch_size=512 seed=407715774446 partial_rows=1
sample_index,batch_operations,elapsed_ns,normalized_ns_per_update
0,512,46541,90.900391
1,512,39709,77.556641
2,512,43333,84.634766
3,512,42125,82.275391
4,512,38750,75.683594
5,512,38583,75.357422
6,512,39167,76.498047
7,512,37750,73.730469
8,512,39542,77.230469
9,512,40125,78.369141
10,512,38584,75.359375
11,512,36250,70.800781
12,512,36500,71.289062
13,512,35458,69.253906
14,512,37125,72.509766
15,512,37375,72.998047
16,512,35917,70.150391
17,512,40292,78.695312
18,512,37500,73.242188
19,512,37250,72.753906
20,512,36916,72.101562
21,512,35917,70.150391
22,512,37500,73.242188
23,512,38708,75.601562
24,512,37000,72.265625
25,512,35791,69.904297
26,512,36292,70.882812
27,512,37250,72.753906
28,512,37166,72.589844
29,512,36167,70.638672
30,512,36250,70.800781
31,512,35583,69.498047
32,512,37292,72.835938
33,512,36000,70.312500
34,512,38000,74.218750
35,512,36083,70.474609
36,512,35833,69.986328
37,512,34917,68.197266
38,512,36375,71.044922
39,512,35458,69.253906
40,512,35333,69.009766
41,512,36000,70.312500
42,512,36625,71.533203
43,512,35292,68.929688
44,512,37625,73.486328
45,512,35625,69.580078
46,512,36625,71.533203
47,512,34625,67.626953
48,512,36208,70.718750
49,512,35791,69.904297
50,512,36375,71.044922
51,512,36375,71.044922
52,512,34292,66.976562
53,512,35041,68.439453
54,512,35917,70.150391
55,512,36000,70.312500
56,512,35042,68.441406
57,512,35625,69.580078
58,512,37833,73.892578
59,512,36250,70.800781
60,512,35875,70.068359
61,512,39833,77.798828
62,512,37250,72.753906
63,512,35584,69.500000
64,512,34125,66.650391
65,512,35250,68.847656
66,512,34541,67.462891
67,512,36458,71.207031
68,512,34792,67.953125
69,512,35875,70.068359
70,512,34750,67.871094
71,512,34917,68.197266
72,512,35584,69.500000
73,512,35625,69.580078
74,512,37292,72.835938
75,512,37500,73.242188
76,512,39292,76.742188
77,512,39708,77.554688
78,512,38583,75.357422
79,512,37833,73.892578
80,512,39792,77.718750
81,512,36875,72.021484
82,512,39209,76.580078
83,512,37917,74.056641
84,512,38417,75.033203
85,512,37458,73.160156
86,512,37917,74.056641
87,512,37916,74.054688
88,512,38625,75.439453
89,512,37666,73.566406
90,512,36833,71.939453
91,512,36625,71.533203
92,512,37875,73.974609
93,512,37000,72.265625
94,512,37875,73.974609
95,512,37000,72.265625
96,512,37791,73.810547
97,512,35667,69.662109
98,512,37583,73.404297
99,512,37916,74.054688
100,512,37625,73.486328
101,512,36292,70.882812
102,512,36166,70.636719
103,512,37292,72.835938
104,512,36000,70.312500
105,512,36459,71.208984
106,512,37875,73.974609
107,512,36708,71.695312
108,512,35541,69.416016
109,512,35833,69.986328
110,512,35042,68.441406
111,512,36666,71.613281
112,512,37208,72.671875
113,512,35084,68.523438
114,512,35792,69.906250
115,512,36042,70.394531
116,512,35916,70.148438
117,512,34125,66.650391
118,512,37333,72.916016
119,512,35584,69.500000
120,512,35375,69.091797
121,512,36334,70.964844
122,512,35459,69.255859
123,512,36750,71.777344
124,512,36834,71.941406
125,512,39209,76.580078
126,512,34750,67.871094
127,512,36125,70.556641
128,512,35125,68.603516
129,512,36167,70.638672
130,512,36375,71.044922
131,512,39750,77.636719
132,512,36250,70.800781
133,512,35958,70.230469
134,512,35750,69.824219
135,512,36917,72.103516
136,512,36125,70.556641
137,512,36500,71.289062
138,512,38459,75.115234
139,512,36083,70.474609
140,512,36125,70.556641
141,512,35708,69.742188
142,512,35458,69.253906
143,512,37083,72.427734
144,512,36458,71.207031
145,512,37250,72.753906
146,512,35375,69.091797
147,512,38292,74.789062
148,512,39250,76.660156
149,512,43250,84.472656
150,512,44375,86.669922
151,512,37625,73.486328
152,512,40292,78.695312
153,512,40334,78.777344
154,512,38916,76.007812
155,512,42792,83.578125
156,512,39167,76.498047
157,512,40083,78.287109
158,512,38708,75.601562
159,512,39584,77.312500
160,512,38916,76.007812
161,512,39792,77.718750
162,512,46875,91.552734
163,512,41542,81.136719
164,512,40250,78.613281
165,512,40542,79.183594
166,512,39500,77.148438
167,512,38125,74.462891
168,512,38125,74.462891
169,512,38250,74.707031
170,512,38125,74.462891
171,512,37750,73.730469
172,512,38125,74.462891
173,512,36958,72.183594
174,512,37875,73.974609
175,512,37166,72.589844
176,512,37500,73.242188
177,512,36709,71.697266
178,512,39458,77.066406
179,512,36708,71.695312
180,512,37500,73.242188
181,512,38625,75.439453
182,512,37917,74.056641
183,512,37709,73.650391
184,512,39083,76.333984
185,512,38375,74.951172
186,512,37958,74.136719
187,512,37583,73.404297
188,512,37209,72.673828
189,512,37583,73.404297
190,512,37208,72.671875
191,512,38250,74.707031
192,512,38625,75.439453
193,512,37458,73.160156
194,512,37125,72.509766
195,512,35958,70.230469
196,512,36792,71.859375
197,512,40500,79.101562
198,512,38000,74.218750
199,512,36542,71.371094
200,512,36792,71.859375
201,512,37375,72.998047
202,512,37625,73.486328
203,512,35833,69.986328
204,512,37208,72.671875
205,512,36584,71.453125
206,512,37917,74.056641
207,512,39458,77.066406
208,512,36875,72.021484
209,512,37792,73.812500
210,512,38416,75.031250
211,512,38750,75.683594
212,512,38625,75.439453
213,512,38250,74.707031
214,512,37542,73.324219
215,512,36625,71.533203
216,512,38000,74.218750
217,512,37750,73.730469
218,512,36750,71.777344
219,512,36875,72.021484
220,512,36750,71.777344
221,512,38208,74.625000
222,512,37208,72.671875
223,512,36375,71.044922
224,512,37583,73.404297
225,512,37958,74.136719
226,512,37958,74.136719
227,512,36417,71.126953
228,512,38583,75.357422
229,512,39750,77.636719
230,512,37333,72.916016
231,512,37375,72.998047
232,512,37083,72.427734
233,512,37167,72.591797
234,512,39375,76.904297
235,512,36125,70.556641
236,512,37542,73.324219
237,512,37458,73.160156
238,512,37000,72.265625
239,512,36834,71.941406
240,512,39000,76.171875
241,512,38959,76.091797
242,512,36791,71.857422
243,512,36834,71.941406
244,512,37541,73.322266
245,512,36000,70.312500
246,512,35417,69.173828
247,512,36542,71.371094
248,512,37250,72.753906
249,512,36750,71.777344
250,512,37166,72.589844
251,512,35417,69.173828
252,512,37583,73.404297
253,512,37000,72.265625
254,512,35709,69.744141
255,512,36916,72.101562
256,512,37584,73.406250
257,512,38375,74.951172
258,512,38250,74.707031
259,512,38250,74.707031
260,512,37291,72.833984
261,512,37458,73.160156
262,512,36792,71.859375
263,512,37583,73.404297
264,512,37000,72.265625
265,512,35833,69.986328
266,512,38208,74.625000
267,512,37834,73.894531
268,512,37333,72.916016
269,512,37375,72.998047
270,512,36625,71.533203
271,512,38791,75.763672
272,512,36833,71.939453
273,512,36917,72.103516
274,512,36833,71.939453
275,512,38125,74.462891
276,512,36458,71.207031
277,512,36334,70.964844
278,512,36917,72.103516
279,512,35417,69.173828
280,512,36584,71.453125
281,512,35500,69.335938
282,512,38167,74.544922
283,512,36875,72.021484
284,512,37375,72.998047
285,512,37917,74.056641
286,512,37416,73.078125
287,512,36375,71.044922
288,512,38667,75.521484
289,512,36500,71.289062
290,512,36250,70.800781
291,512,37083,72.427734
292,512,36083,70.474609
293,512,37584,73.406250
294,512,36375,71.044922
295,512,37042,72.347656
296,512,36417,71.126953
297,512,36833,71.939453
298,512,37792,73.812500
299,512,37291,72.833984
300,512,36750,71.777344
301,512,34583,67.544922
302,512,36750,71.777344
303,512,36667,71.615234
304,512,36041,70.392578
305,512,35125,68.603516
306,512,38708,75.601562
307,512,37958,74.136719
308,512,39084,76.335938
309,512,38209,74.626953
310,512,37459,73.162109
311,512,37416,73.078125
312,512,36667,71.615234
313,512,38042,74.300781
314,512,37834,73.894531
315,512,36542,71.371094
316,512,36792,71.859375
317,512,37375,72.998047
318,512,36125,70.556641
319,512,35958,70.230469
320,512,37291,72.833984
321,512,36708,71.695312
322,512,37375,72.998047
323,512,36500,71.289062
324,512,37084,72.429688
325,512,37541,73.322266
326,512,35625,69.580078
327,512,36500,71.289062
328,512,34917,68.197266
329,512,35917,70.150391
330,512,35208,68.765625
331,512,36958,72.183594
332,512,37083,72.427734
333,512,37250,72.753906
334,512,36709,71.697266
335,512,37583,73.404297
336,512,39291,76.740234
337,512,38542,75.277344
338,512,38166,74.542969
339,512,36667,71.615234
340,512,37875,73.974609
341,512,37041,72.345703
342,512,36833,71.939453
343,512,35792,69.906250
344,512,35708,69.742188
345,512,36667,71.615234
346,512,37125,72.509766
347,512,39667,77.474609
348,512,36333,70.962891
349,512,36792,71.859375
350,512,37708,73.648438
351,512,36125,70.556641
352,512,35791,69.904297
353,512,37167,72.591797
354,512,38750,75.683594
355,512,38833,75.845703
356,512,37250,72.753906
357,512,37583,73.404297
358,512,36458,71.207031
359,512,36542,71.371094
360,512,37333,72.916016
361,512,37292,72.835938
362,512,37000,72.265625
363,512,35292,68.929688
364,512,37208,72.671875
365,512,36709,71.697266
366,512,35375,69.091797
367,512,35375,69.091797
368,512,36000,70.312500
369,512,34750,67.871094
370,512,37875,73.974609
371,512,35292,68.929688
372,512,36167,70.638672
373,512,38291,74.787109
374,512,37542,73.324219
375,512,37792,73.812500
376,512,39083,76.333984
377,512,36125,70.556641
378,512,36500,71.289062
379,512,36875,72.021484
380,512,37667,73.568359
381,512,36750,71.777344
382,512,36208,70.718750
383,512,35917,70.150391
384,512,36375,71.044922
385,512,39875,77.880859
386,512,35833,69.986328
387,512,37125,72.509766
388,512,36709,71.697266
389,512,37500,73.242188
390,512,37708,73.648438
391,512,36667,71.615234
392,512,35667,69.662109
393,512,36250,70.800781
394,512,38250,74.707031
395,512,38042,74.300781
396,512,37666,73.566406
397,512,38167,74.544922
398,512,42875,83.740234
399,512,38166,74.542969
400,512,44125,86.181641
401,512,36959,72.185547
402,512,36666,71.613281
403,512,38334,74.871094
404,512,38041,74.298828
405,512,36917,72.103516
406,512,35875,70.068359
407,512,38833,75.845703
408,512,39750,77.636719
409,512,36541,71.369141
410,512,38459,75.115234
411,512,36583,71.451172
412,512,37083,72.427734
413,512,37583,73.404297
414,512,35417,69.173828
415,512,37250,72.753906
416,512,36792,71.859375
417,512,36167,70.638672
418,512,36041,70.392578
419,512,35542,69.417969
420,512,35750,69.824219
421,512,36958,72.183594
422,512,36292,70.882812
423,512,38459,75.115234
424,512,36583,71.451172
425,512,35958,70.230469
426,512,38625,75.439453
427,512,37667,73.568359
428,512,39709,77.556641
429,512,39791,77.716797
430,512,37667,73.568359
431,512,37000,72.265625
432,512,37083,72.427734
433,512,36917,72.103516
434,512,38250,74.707031
435,512,37209,72.673828
436,512,39125,76.416016
437,512,38417,75.033203
438,512,38083,74.380859
439,512,38000,74.218750
440,512,37500,73.242188
441,512,36458,71.207031
442,512,37708,73.648438
443,512,35917,70.150391
444,512,36500,71.289062
445,512,36708,71.695312
446,512,36000,70.312500
447,512,36375,71.044922
448,512,35833,69.986328
449,512,38750,75.683594
450,512,39542,77.230469
451,512,41958,81.949219
452,512,38083,74.380859
453,512,36958,72.183594
454,512,38500,75.195312
455,512,39333,76.822266
456,512,37750,73.730469
457,512,37167,72.591797
458,512,37042,72.347656
459,512,37416,73.078125
460,512,36208,70.718750
461,512,36500,71.289062
462,512,38083,74.380859
463,512,36083,70.474609
464,512,37917,74.056641
465,512,37500,73.242188
466,512,44125,86.181641
467,512,41167,80.404297
468,512,35583,69.498047
469,512,35458,69.253906
470,512,34667,67.708984
471,512,36708,71.695312
472,512,36458,71.207031
473,512,36834,71.941406
474,512,36834,71.941406
475,512,36291,70.880859
476,512,38542,75.277344
477,512,37333,72.916016
478,512,37083,72.427734
479,512,37083,72.427734
480,512,38000,74.218750
481,512,36667,71.615234
482,512,37125,72.509766
483,512,35459,69.255859
484,512,36750,71.777344
485,512,37292,72.835938
486,512,37292,72.835938
487,512,36666,71.613281
488,512,35625,69.580078
489,512,40042,78.207031
490,512,38541,75.275391
491,512,35292,68.929688
492,512,37041,72.345703
493,512,36750,71.777344
494,512,38583,75.357422
495,512,36084,70.476562
496,512,36625,71.533203
497,512,35208,68.765625
498,512,34458,67.300781
499,512,38792,75.765625
500,512,38375,74.951172
501,512,37709,73.650391
502,512,37041,72.345703
503,512,36792,71.859375
504,512,37000,72.265625
505,512,38333,74.869141
506,512,37500,73.242188
507,512,36542,71.371094
508,512,36750,71.777344
509,512,35375,69.091797
510,512,34916,68.195312
511,512,37583,73.404297
512,512,38542,75.277344
513,512,38375,74.951172
514,512,36042,70.394531
515,512,37250,72.753906
516,512,37459,73.162109
517,512,39084,76.335938
518,512,37250,72.753906
519,512,35584,69.500000
520,512,36417,71.126953
521,512,35916,70.148438
522,512,39583,77.310547
523,512,37459,73.162109
524,512,35917,70.150391
525,512,37708,73.648438
526,512,36459,71.208984
527,512,34584,67.546875
528,512,36250,70.800781
529,512,35792,69.906250
530,512,37125,72.509766
531,512,34417,67.220703
532,512,36291,70.880859
533,512,37167,72.591797
534,512,37208,72.671875
535,512,36292,70.882812
536,512,35875,70.068359
537,512,36000,70.312500
538,512,37000,72.265625
539,512,37375,72.998047
540,512,36959,72.185547
541,512,36167,70.638672
542,512,37750,73.730469
543,512,37916,74.054688
544,512,36125,70.556641
545,512,36167,70.638672
546,512,35833,69.986328
547,512,35542,69.417969
548,512,35750,69.824219
549,512,36875,72.021484
550,512,38791,75.763672
551,512,35125,68.603516
552,512,38417,75.033203
553,512,37916,74.054688
554,512,40000,78.125000
555,512,36500,71.289062
556,512,35375,69.091797
557,512,35792,69.906250
558,512,38042,74.300781
559,512,37084,72.429688
560,512,35166,68.683594
561,512,35042,68.441406
562,512,37166,72.589844
563,512,36125,70.556641
564,512,35750,69.824219
565,512,36041,70.392578
566,512,37334,72.917969
567,512,37666,73.566406
568,512,36834,71.941406
569,512,35792,69.906250
570,512,34708,67.789062
571,512,36458,71.207031
572,512,36375,71.044922
573,512,35875,70.068359
574,512,38625,75.439453
575,512,36750,71.777344
576,512,35458,69.253906
577,512,36375,71.044922
578,512,37542,73.324219
579,512,35958,70.230469
580,512,36208,70.718750
581,512,35833,69.986328
582,512,36584,71.453125
583,512,36291,70.880859
584,512,38667,75.521484
585,512,39042,76.253906
586,512,37708,73.648438
587,512,37083,72.427734
588,512,36667,71.615234
589,512,35708,69.742188
590,512,35875,70.068359
591,512,38458,75.113281
592,512,37000,72.265625
593,512,35333,69.009766
594,512,35167,68.685547
595,512,37416,73.078125
596,512,36292,70.882812
597,512,38416,75.031250
598,512,36750,71.777344
599,512,34958,68.277344
600,512,35000,68.359375
601,512,37292,72.835938
602,512,36708,71.695312
603,512,36000,70.312500
604,512,36167,70.638672
605,512,36667,71.615234
606,512,36916,72.101562
607,512,37917,74.056641
608,512,36625,71.533203
609,512,37000,72.265625
610,512,36208,70.718750
611,512,36375,71.044922
612,512,37541,73.322266
613,512,37542,73.324219
614,512,36917,72.103516
615,512,37041,72.345703
616,512,36417,71.126953
617,512,38167,74.544922
618,512,38375,74.951172
619,512,35667,69.662109
620,512,38375,74.951172
621,512,37042,72.347656
622,512,36709,71.697266
623,512,37250,72.753906
624,512,38334,74.871094
625,512,38916,76.007812
626,512,37667,73.568359
627,512,36416,71.125000
628,512,38334,74.871094
629,512,37334,72.917969
630,512,36750,71.777344
631,512,36542,71.371094
632,512,36167,70.638672
633,512,34959,68.279297
634,512,34708,67.789062
635,512,37083,72.427734
636,512,37833,73.892578
637,512,36625,71.533203
638,512,37083,72.427734
639,512,37459,73.162109
640,512,37750,73.730469
641,512,37583,73.404297
642,512,37291,72.833984
643,512,39292,76.742188
644,512,36833,71.939453
645,512,36750,71.777344
646,512,37625,73.486328
647,512,35333,69.009766
648,512,36708,71.695312
649,512,35458,69.253906
650,512,38208,74.625000
651,512,36834,71.941406
652,512,37541,73.322266
653,512,38459,75.115234
654,512,35334,69.011719
655,512,35750,69.824219
656,512,35083,68.521484
657,512,37958,74.136719
658,512,37458,73.160156
659,512,38250,74.707031
660,512,37416,73.078125
661,512,36459,71.208984
662,512,40042,78.207031
663,512,38125,74.462891
664,512,37708,73.648438
665,512,36000,70.312500
666,512,35291,68.927734
667,512,36833,71.939453
668,512,39167,76.498047
669,512,36125,70.556641
670,512,36500,71.289062
671,512,35500,69.335938
672,512,37709,73.650391
673,512,38541,75.275391
674,512,37917,74.056641
675,512,36958,72.183594
676,512,38125,74.462891
677,512,35542,69.417969
678,512,37459,73.162109
679,512,37208,72.671875
680,512,37541,73.322266
681,512,35667,69.662109
682,512,38042,74.300781
683,512,40250,78.613281
684,512,35917,70.150391
685,512,36208,70.718750
686,512,35167,68.685547
687,512,36333,70.962891
688,512,37500,73.242188
689,512,35625,69.580078
690,512,37708,73.648438
691,512,38708,75.601562
692,512,39042,76.253906
693,512,35542,69.417969
694,512,37417,73.080078
695,512,36916,72.101562
696,512,36000,70.312500
697,512,37625,73.486328
698,512,38917,76.009766
699,512,40084,78.289062
700,512,35041,68.439453
701,512,37709,73.650391
702,512,37875,73.974609
703,512,46250,90.332031
704,512,37334,72.917969
705,512,36917,72.103516
706,512,36541,71.369141
707,512,36417,71.126953
708,512,37667,73.568359
709,512,37583,73.404297
710,512,37416,73.078125
711,512,37042,72.347656
712,512,38375,74.951172
713,512,36708,71.695312
714,512,38458,75.113281
715,512,38000,74.218750
716,512,39625,77.392578
717,512,40042,78.207031
718,512,38875,75.927734
719,512,36208,70.718750
720,512,36583,71.451172
721,512,36542,71.371094
722,512,38583,75.357422
723,512,37500,73.242188
724,512,38375,74.951172
725,512,37333,72.916016
726,512,36750,71.777344
727,512,36625,71.533203
728,512,35333,69.009766
729,512,39250,76.660156
730,512,35875,70.068359
731,512,36166,70.636719
732,512,36459,71.208984
733,512,35333,69.009766
734,512,35250,68.847656
735,512,38542,75.277344
736,512,37166,72.589844
737,512,36000,70.312500
738,512,36417,71.126953
739,512,35750,69.824219
740,512,35084,68.523438
741,512,37000,72.265625
742,512,36375,71.044922
743,512,34792,67.953125
744,512,38833,75.845703
745,512,39375,76.904297
746,512,37084,72.429688
747,512,38542,75.277344
748,512,36375,71.044922
749,512,36708,71.695312
750,512,35750,69.824219
751,512,40416,78.937500
752,512,35584,69.500000
753,512,36542,71.371094
754,512,40041,78.205078
755,512,39334,76.824219
756,512,39250,76.660156
757,512,38167,74.544922
758,512,38042,74.300781
759,512,36000,70.312500
760,512,38583,75.357422
761,512,37666,73.566406
762,512,35084,68.523438
763,512,37041,72.345703
764,512,38375,74.951172
765,512,36375,71.044922
766,512,37333,72.916016
767,512,37875,73.974609
768,512,37292,72.835938
769,512,35459,69.255859
770,512,37417,73.080078
771,512,38625,75.439453
772,512,37458,73.160156
773,512,35291,68.927734
774,512,37500,73.242188
775,512,37792,73.812500
776,512,39250,76.660156
777,512,37000,72.265625
778,512,37042,72.347656
779,512,39083,76.333984
780,512,37542,73.324219
781,512,40125,78.369141
782,512,38916,76.007812
783,512,38584,75.359375
784,512,42250,82.519531
785,512,37667,73.568359
786,512,38875,75.927734
787,512,35834,69.988281
788,512,36750,71.777344
789,512,37709,73.650391
790,512,38125,74.462891
791,512,36083,70.474609
792,512,35125,68.603516
793,512,35375,69.091797
794,512,38041,74.298828
795,512,38208,74.625000
796,512,39042,76.253906
797,512,37125,72.509766
798,512,37209,72.673828
799,512,36625,71.533203
800,512,37542,73.324219
801,512,42708,83.414062
802,512,37292,72.835938
803,512,36584,71.453125
804,512,37584,73.406250
805,512,36583,71.451172
806,512,35958,70.230469
807,512,35000,68.359375
808,512,38583,75.357422
809,512,37083,72.427734
810,512,35708,69.742188
811,512,34208,66.812500
812,512,37583,73.404297
813,512,39042,76.253906
814,512,38417,75.033203
815,512,36500,71.289062
816,512,37875,73.974609
817,512,36875,72.021484
818,512,35125,68.603516
819,512,38750,75.683594
820,512,37500,73.242188
821,512,38917,76.009766
822,512,38041,74.298828
823,512,36333,70.962891
824,512,36625,71.533203
825,512,36958,72.183594
826,512,40042,78.207031
827,512,36583,71.451172
828,512,37708,73.648438
829,512,36208,70.718750
830,512,37458,73.160156
831,512,36542,71.371094
832,512,35875,70.068359
833,512,36125,70.556641
834,512,33208,64.859375
835,512,37000,72.265625
836,512,36125,70.556641
837,512,38125,74.462891
838,512,39250,76.660156
839,512,34708,67.789062
840,512,36750,71.777344
841,512,37500,73.242188
842,512,41417,80.892578
843,512,40541,79.181641
844,512,39250,76.660156
845,512,38000,74.218750
846,512,39083,76.333984
847,512,36083,70.474609
848,512,37750,73.730469
849,512,37917,74.056641
850,512,37166,72.589844
851,512,36750,71.777344
852,512,35292,68.929688
853,512,37834,73.894531
854,512,37167,72.591797
855,512,36625,71.533203
856,512,36417,71.126953
857,512,36375,71.044922
858,512,41666,81.378906
859,512,35709,69.744141
860,512,35209,68.767578
861,512,38875,75.927734
862,512,38375,74.951172
863,512,37250,72.753906
864,512,37208,72.671875
865,512,37667,73.568359
866,512,37167,72.591797
867,512,36250,70.800781
868,512,39875,77.880859
869,512,38667,75.521484
870,512,35750,69.824219
871,512,36625,71.533203
872,512,37916,74.054688
873,512,36625,71.533203
874,512,39625,77.392578
875,512,37833,73.892578
876,512,36417,71.126953
877,512,37416,73.078125
878,512,36375,71.044922
879,512,39917,77.962891
880,512,35875,70.068359
881,512,36042,70.394531
882,512,36708,71.695312
883,512,36542,71.371094
884,512,42916,83.820312
885,512,35625,69.580078
886,512,36459,71.208984
887,512,36208,70.718750
888,512,39917,77.962891
889,512,36416,71.125000
890,512,37417,73.080078
891,512,38458,75.113281
892,512,38917,76.009766
893,512,36042,70.394531
894,512,36500,71.289062
895,512,37875,73.974609
896,512,37792,73.812500
897,512,34875,68.115234
898,512,37166,72.589844
899,512,37792,73.812500
900,512,38000,74.218750
901,512,37958,74.136719
902,512,34833,68.033203
903,512,35833,69.986328
904,512,39167,76.498047
905,512,36416,71.125000
906,512,37292,72.835938
907,512,37250,72.753906
908,512,40500,79.101562
909,512,38625,75.439453
910,512,37625,73.486328
911,512,36500,71.289062
912,512,37042,72.347656
913,512,36667,71.615234
914,512,39375,76.904297
915,512,38333,74.869141
916,512,36208,70.718750
917,512,34959,68.279297
918,512,38292,74.789062
919,512,38166,74.542969
920,512,36209,70.720703
921,512,38041,74.298828
922,512,35459,69.255859
923,512,38083,74.380859
924,512,37042,72.347656
925,512,36916,72.101562
926,512,36792,71.859375
927,512,37583,73.404297
928,512,35375,69.091797
929,512,36500,71.289062
930,512,35666,69.660156
931,512,37167,72.591797
932,512,37833,73.892578
933,512,37958,74.136719
934,512,40209,78.533203
935,512,40083,78.287109
936,512,37958,74.136719
937,512,35083,68.521484
938,512,39708,77.554688
939,512,36959,72.185547
940,512,37166,72.589844
941,512,35583,69.498047
942,512,37375,72.998047
943,512,38083,74.380859
944,512,35667,69.662109
945,512,36000,70.312500
946,512,35875,70.068359
947,512,36625,71.533203
948,512,36792,71.859375
949,512,36500,71.289062
950,512,39916,77.960938
951,512,37209,72.673828
952,512,38833,75.845703
953,512,39875,77.880859
954,512,40583,79.263672
955,512,37542,73.324219
956,512,36166,70.636719
957,512,40084,78.289062
958,512,39584,77.312500
959,512,36959,72.185547
960,512,36750,71.777344
961,512,37459,73.162109
962,512,37042,72.347656
963,512,37833,73.892578
964,512,35917,70.150391
965,512,38250,74.707031
966,512,35750,69.824219
967,512,41125,80.322266
968,512,39459,77.068359
969,512,37333,72.916016
970,512,37000,72.265625
971,512,38875,75.927734
972,512,36666,71.613281
973,512,38292,74.789062
974,512,36792,71.859375
975,512,42834,83.660156
976,512,38334,74.871094
977,512,36833,71.939453
978,512,36708,71.695312
979,512,35875,70.068359
980,512,36333,70.962891
981,512,38209,74.626953
982,512,36541,71.369141
983,512,36917,72.103516
984,512,36583,71.451172
985,512,36667,71.615234
986,512,36834,71.941406
987,512,35584,69.500000
988,512,38625,75.439453
989,512,37292,72.835938
990,512,37125,72.509766
991,512,38084,74.382812
992,512,37334,72.917969
993,512,38791,75.763672
994,512,38834,75.847656
995,512,38375,74.951172
996,512,36000,70.312500
997,512,39625,77.392578
998,512,35958,70.230469
999,512,37375,72.998047
1000,512,37041,72.345703
1001,512,37167,72.591797
1002,512,36958,72.183594
1003,512,35709,69.744141
1004,512,35250,68.847656
1005,512,36334,70.964844
1006,512,38041,74.298828
1007,512,37583,73.404297
1008,512,36750,71.777344
1009,512,38167,74.544922
1010,512,37000,72.265625
1011,512,36833,71.939453
1012,512,35750,69.824219
1013,512,35042,68.441406
1014,512,36875,72.021484
1015,512,35333,69.009766
1016,512,37209,72.673828
1017,512,39291,76.740234
1018,512,36250,70.800781
1019,512,38375,74.951172
1020,512,35125,68.603516
1021,512,39542,77.230469
1022,512,43083,84.146484
1023,512,40458,79.019531
1024,512,39917,77.962891
1025,512,38125,74.462891
1026,512,37666,73.566406
1027,512,36417,71.126953
1028,512,38375,74.951172
1029,512,36792,71.859375
1030,512,36500,71.289062
1031,512,37291,72.833984
1032,512,39000,76.171875
1033,512,37958,74.136719
1034,512,37000,72.265625
1035,512,38125,74.462891
1036,512,39250,76.660156
1037,512,38083,74.380859
1038,512,36584,71.453125
1039,512,36750,71.777344
1040,512,37667,73.568359
1041,512,36166,70.636719
1042,512,37292,72.835938
1043,512,36333,70.962891
1044,512,37834,73.894531
1045,512,37042,72.347656
1046,512,40458,79.019531
1047,512,37000,72.265625
1048,512,37792,73.812500
1049,512,36584,71.453125
1050,512,38167,74.544922
1051,512,38167,74.544922
1052,512,37583,73.404297
1053,512,37500,73.242188
1054,512,38042,74.300781
1055,512,37417,73.080078
1056,512,39333,76.822266
1057,512,37875,73.974609
1058,512,38833,75.845703
1059,512,40042,78.207031
1060,512,37875,73.974609
1061,512,39166,76.496094
1062,512,38042,74.300781
1063,512,36875,72.021484
1064,512,35250,68.847656
1065,512,36417,71.126953
1066,512,38291,74.787109
1067,512,38792,75.765625
1068,512,38041,74.298828
1069,512,35709,69.744141
1070,512,36833,71.939453
1071,512,36625,71.533203
1072,512,37333,72.916016
1073,512,38083,74.380859
1074,512,38083,74.380859
1075,512,37167,72.591797
1076,512,38333,74.869141
1077,512,38250,74.707031
1078,512,36625,71.533203
1079,512,37375,72.998047
1080,512,35875,70.068359
1081,512,36500,71.289062
1082,512,38125,74.462891
1083,512,36875,72.021484
1084,512,36167,70.638672
1085,512,36041,70.392578
1086,512,38042,74.300781
1087,512,36917,72.103516
1088,512,38708,75.601562
1089,512,37542,73.324219
1090,512,37208,72.671875
1091,512,35875,70.068359
1092,512,37083,72.427734
1093,512,40959,79.998047
1094,512,38791,75.763672
1095,512,38250,74.707031
1096,512,36667,71.615234
1097,512,36333,70.962891
1098,512,36042,70.394531
1099,512,37291,72.833984
1100,512,40042,78.207031
1101,512,45166,88.214844
1102,512,39667,77.474609
1103,512,35917,70.150391
1104,512,37750,73.730469
1105,512,36125,70.556641
1106,512,37250,72.753906
1107,512,35208,68.765625
1108,512,37500,73.242188
1109,512,37583,73.404297
1110,512,38375,74.951172
1111,512,38500,75.195312
1112,512,38000,74.218750
1113,512,34750,67.871094
1114,512,36250,70.800781
1115,512,37083,72.427734
1116,512,38250,74.707031
1117,512,38250,74.707031
1118,512,37584,73.406250
1119,512,37959,74.138672
1120,512,37250,72.753906
1121,512,37167,72.591797
1122,512,37542,73.324219
1123,512,37917,74.056641
1124,512,37708,73.648438
1125,512,36125,70.556641
1126,512,38833,75.845703
1127,512,42083,82.193359
1128,512,36958,72.183594
1129,512,36000,70.312500
1130,512,38291,74.787109
1131,512,36333,70.962891
1132,512,38833,75.845703
1133,512,37959,74.138672
1134,512,34708,67.789062
1135,512,37417,73.080078
1136,512,39834,77.800781
1137,512,38458,75.113281
1138,512,38666,75.519531
1139,512,36917,72.103516
1140,512,36416,71.125000
1141,512,35167,68.685547
1142,512,37958,74.136719
1143,512,39833,77.798828
1144,512,39375,76.904297
1145,512,38083,74.380859
1146,512,39042,76.253906
1147,512,35875,70.068359
1148,512,38042,74.300781
1149,512,37833,73.892578
1150,512,37292,72.835938
1151,512,38916,76.007812
1152,512,40000,78.125000
1153,512,37292,72.835938
1154,512,37875,73.974609
1155,512,37334,72.917969
1156,512,37459,73.162109
1157,512,38666,75.519531
1158,512,38417,75.033203
1159,512,39541,77.228516
1160,512,41000,80.078125
1161,512,38333,74.869141
1162,512,37042,72.347656
1163,512,38416,75.031250
1164,512,38292,74.789062
1165,512,39417,76.986328
1166,512,38458,75.113281
1167,512,41041,80.158203
1168,512,37375,72.998047
1169,512,38042,74.300781
1170,512,36125,70.556641
1171,512,36459,71.208984
1172,512,38125,74.462891
1173,512,36792,71.859375
1174,512,37541,73.322266
1175,512,37209,72.673828
1176,512,38875,75.927734
1177,512,36292,70.882812
1178,512,37000,72.265625
1179,512,37166,72.589844
1180,512,38250,74.707031
1181,512,36334,70.964844
1182,512,38875,75.927734
1183,512,36084,70.476562
1184,512,37000,72.265625
1185,512,35791,69.904297
1186,512,39375,76.904297
1187,512,37708,73.648438
1188,512,36750,71.777344
1189,512,36583,71.451172
1190,512,38292,74.789062
1191,512,38792,75.765625
1192,512,36958,72.183594
1193,512,38083,74.380859
1194,512,36167,70.638672
1195,512,35541,69.416016
1196,512,38375,74.951172
1197,512,37209,72.673828
1198,512,38459,75.115234
1199,512,38000,74.218750
1200,512,36833,71.939453
1201,512,35084,68.523438
1202,512,35291,68.927734
1203,512,35250,68.847656
1204,512,41583,81.216797
1205,512,38250,74.707031
1206,512,35500,69.335938
1207,512,37417,73.080078
1208,512,36166,70.636719
1209,512,36875,72.021484
1210,512,38292,74.789062
1211,512,36625,71.533203
1212,512,37458,73.160156
1213,512,37167,72.591797
1214,512,37250,72.753906
1215,512,36125,70.556641
1216,512,38125,74.462891
1217,512,37625,73.486328
1218,512,36708,71.695312
1219,512,36083,70.474609
1220,512,37792,73.812500
1221,512,38583,75.357422
1222,512,37166,72.589844
1223,512,38750,75.683594
1224,512,38792,75.765625
1225,512,38125,74.462891
1226,512,38750,75.683594
1227,512,37042,72.347656
1228,512,35917,70.150391
1229,512,35875,70.068359
1230,512,37458,73.160156
1231,512,35042,68.441406
1232,512,35500,69.335938
1233,512,35084,68.523438
1234,512,35375,69.091797
1235,512,36584,71.453125
1236,512,34375,67.138672
1237,512,35708,69.742188
1238,512,37417,73.080078
1239,512,36750,71.777344
1240,512,36208,70.718750
1241,512,36417,71.126953
1242,512,36583,71.451172
1243,512,36167,70.638672
1244,512,36333,70.962891
1245,512,38458,75.113281
1246,512,36250,70.800781
1247,512,36916,72.101562
1248,512,37667,73.568359
1249,512,35375,69.091797
1250,512,38292,74.789062
1251,512,35458,69.253906
1252,512,34833,68.033203
1253,512,38250,74.707031
1254,512,37334,72.917969
1255,512,37916,74.054688
1256,512,37459,73.162109
1257,512,37958,74.136719
1258,512,38042,74.300781
1259,512,37375,72.998047
1260,512,36000,70.312500
1261,512,35625,69.580078
1262,512,38375,74.951172
1263,512,36958,72.183594
1264,512,36625,71.533203
1265,512,37209,72.673828
1266,512,38083,74.380859
1267,512,37208,72.671875
1268,512,35542,69.417969
1269,512,34250,66.894531
1270,512,35666,69.660156
1271,512,36750,71.777344
1272,512,37375,72.998047
1273,512,39833,77.798828
1274,512,36125,70.556641
1275,512,37833,73.892578
1276,512,36792,71.859375
1277,512,36333,70.962891
1278,512,37209,72.673828
1279,512,37750,73.730469
1280,512,37625,73.486328
1281,512,36375,71.044922
1282,512,42333,82.681641
1283,512,41917,81.869141
1284,512,40459,79.021484
1285,512,37667,73.568359
1286,512,37208,72.671875
1287,512,37084,72.429688
1288,512,37916,74.054688
1289,512,38000,74.218750
1290,512,37250,72.753906
1291,512,36709,71.697266
1292,512,38750,75.683594
1293,512,35791,69.904297
1294,512,38708,75.601562
1295,512,37209,72.673828
1296,512,37833,73.892578
1297,512,38042,74.300781
1298,512,38084,74.382812
1299,512,36250,70.800781
1300,512,37416,73.078125
1301,512,40083,78.287109
1302,512,38750,75.683594
1303,512,38791,75.763672
1304,512,37042,72.347656
1305,512,36625,71.533203
1306,512,38083,74.380859
1307,512,39292,76.742188
1308,512,36791,71.857422
1309,512,36875,72.021484
1310,512,34750,67.871094
1311,512,38167,74.544922
1312,512,35833,69.986328
1313,512,36459,71.208984
1314,512,34917,68.197266
1315,512,36042,70.394531
1316,512,37167,72.591797
1317,512,36291,70.880859
1318,512,37542,73.324219
1319,512,37041,72.345703
1320,512,37042,72.347656
1321,512,35375,69.091797
1322,512,37333,72.916016
1323,512,36375,71.044922
1324,512,35292,68.929688
1325,512,36542,71.371094
1326,512,36459,71.208984
1327,512,38166,74.542969
1328,512,37709,73.650391
1329,512,37625,73.486328
1330,512,39459,77.068359
1331,512,39917,77.962891
1332,512,36208,70.718750
1333,512,36750,71.777344
1334,512,37333,72.916016
1335,512,37416,73.078125
1336,512,38209,74.626953
1337,512,39084,76.335938
1338,512,36291,70.880859
1339,512,38209,74.626953
1340,512,39750,77.636719
1341,512,37166,72.589844
1342,512,36334,70.964844
1343,512,36708,71.695312
1344,512,35916,70.148438
1345,512,35625,69.580078
1346,512,35458,69.253906
1347,512,37833,73.892578
1348,512,37417,73.080078
1349,512,37333,72.916016
1350,512,41250,80.566406
1351,512,38167,74.544922
1352,512,38083,74.380859
1353,512,36750,71.777344
1354,512,43500,84.960938
1355,512,37417,73.080078
1356,512,37584,73.406250
1357,512,37375,72.998047
1358,512,36959,72.185547
1359,512,37500,73.242188
1360,512,36834,71.941406
1361,512,35083,68.521484
1362,512,35333,69.009766
1363,512,36125,70.556641
1364,512,36416,71.125000
1365,512,38750,75.683594
1366,512,39834,77.800781
1367,512,37250,72.753906
1368,512,36417,71.126953
1369,512,38583,75.357422
1370,512,37625,73.486328
1371,512,37041,72.345703
1372,512,36042,70.394531
1373,512,37458,73.160156
1374,512,36250,70.800781
1375,512,39542,77.230469
1376,512,36666,71.613281
1377,512,37375,72.998047
1378,512,36917,72.103516
1379,512,38334,74.871094
1380,512,37917,74.056641
1381,512,36917,72.103516
1382,512,35750,69.824219
1383,512,38667,75.521484
1384,512,36375,71.044922
1385,512,35875,70.068359
1386,512,37208,72.671875
1387,512,37792,73.812500
1388,512,37833,73.892578
1389,512,35875,70.068359
1390,512,36500,71.289062
1391,512,39042,76.253906
1392,512,36083,70.474609
1393,512,36042,70.394531
1394,512,35458,69.253906
1395,512,36500,71.289062
1396,512,37458,73.160156
1397,512,38417,75.033203
1398,512,41041,80.158203
1399,512,39125,76.416016
1400,512,35542,69.417969
1401,512,38541,75.275391
1402,512,37209,72.673828
1403,512,38709,75.603516
1404,512,38250,74.707031
1405,512,37250,72.753906
1406,512,37416,73.078125
1407,512,37167,72.591797
1408,512,38583,75.357422
1409,512,37916,74.054688
1410,512,36584,71.453125
1411,512,35250,68.847656
1412,512,35875,70.068359
1413,512,42292,82.601562
1414,512,42541,83.087891
1415,512,42959,83.904297
1416,512,36584,71.453125
1417,512,37500,73.242188
1418,512,40125,78.369141
1419,512,37417,73.080078
1420,512,38208,74.625000
1421,512,37959,74.138672
1422,512,37416,73.078125
1423,512,36458,71.207031
1424,512,37333,72.916016
1425,512,37750,73.730469
1426,512,37417,73.080078
1427,512,37000,72.265625
1428,512,37958,74.136719
1429,512,37208,72.671875
1430,512,37750,73.730469
1431,512,37542,73.324219
1432,512,38166,74.542969
1433,512,38834,75.847656
1434,512,40583,79.263672
1435,512,40042,78.207031
1436,512,38333,74.869141
1437,512,36708,71.695312
1438,512,36458,71.207031
1439,512,37834,73.894531
1440,512,36291,70.880859
1441,512,37000,72.265625
1442,512,37417,73.080078
1443,512,36416,71.125000
1444,512,37667,73.568359
1445,512,37125,72.509766
1446,512,40083,78.287109
1447,512,37208,72.671875
1448,512,37917,74.056641
1449,512,36250,70.800781
1450,512,43458,84.878906
1451,512,35792,69.906250
1452,512,48333,94.400391
1453,512,35375,69.091797
1454,512,36459,71.208984
1455,512,36791,71.857422
1456,512,36875,72.021484
1457,512,36042,70.394531
1458,512,35041,68.439453
1459,512,38208,74.625000
1460,512,38875,75.927734
1461,512,36416,71.125000
1462,512,38917,76.009766
1463,512,36250,70.800781
1464,512,36667,71.615234
1465,512,37167,72.591797
1466,512,36250,70.800781
1467,512,37417,73.080078
1468,512,37833,73.892578
1469,512,35167,68.685547
1470,512,40625,79.345703
1471,512,37250,72.753906
1472,512,36750,71.777344
1473,512,36584,71.453125
1474,512,36333,70.962891
1475,512,38542,75.277344
1476,512,38958,76.089844
1477,512,39167,76.498047
1478,512,37583,73.404297
1479,512,37958,74.136719
1480,512,36625,71.533203
1481,512,37958,74.136719
1482,512,36917,72.103516
1483,512,37417,73.080078
1484,512,37041,72.345703
1485,512,36875,72.021484
1486,512,39042,76.253906
1487,512,36250,70.800781
1488,512,36250,70.800781
1489,512,36875,72.021484
1490,512,36708,71.695312
1491,512,36458,71.207031
1492,512,35417,69.173828
1493,512,37541,73.322266
1494,512,36584,71.453125
1495,512,39416,76.984375
1496,512,39125,76.416016
1497,512,37458,73.160156
1498,512,50209,98.064453
1499,512,34916,68.195312
1500,512,37125,72.509766
1501,512,40083,78.287109
1502,512,37500,73.242188
1503,512,35666,69.660156
1504,512,36417,71.126953
1505,512,37250,72.753906
1506,512,38750,75.683594
1507,512,38708,75.601562
1508,512,39458,77.066406
1509,512,37292,72.835938
1510,512,36000,70.312500
1511,512,37750,73.730469
1512,512,38417,75.033203
1513,512,37791,73.810547
1514,512,37584,73.406250
1515,512,36750,71.777344
1516,512,37125,72.509766
1517,512,37709,73.650391
1518,512,38208,74.625000
1519,512,36042,70.394531
1520,512,36708,71.695312
1521,512,53541,104.572266
1522,512,36708,71.695312
1523,512,37250,72.753906
1524,512,37125,72.509766
1525,512,37708,73.648438
1526,512,37500,73.242188
1527,512,35250,68.847656
1528,512,35833,69.986328
1529,512,34167,66.732422
1530,512,39834,77.800781
1531,512,38375,74.951172
1532,512,36916,72.101562
1533,512,38500,75.195312
1534,512,36542,71.371094
1535,512,36000,70.312500
1536,512,34542,67.464844
1537,512,37833,73.892578
1538,512,35875,70.068359
1539,512,37417,73.080078
1540,512,38167,74.544922
1541,512,37417,73.080078
1542,512,37041,72.345703
1543,512,39167,76.498047
1544,512,40375,78.857422
1545,512,35042,68.441406
1546,512,38041,74.298828
1547,512,35084,68.523438
1548,512,35708,69.742188
1549,512,35500,69.335938
1550,512,38208,74.625000
1551,512,37292,72.835938
1552,512,36500,71.289062
1553,512,38750,75.683594
1554,512,41000,80.078125
1555,512,35250,68.847656
1556,512,37292,72.835938
1557,512,35042,68.441406
1558,512,36666,71.613281
1559,512,39250,76.660156
1560,512,38250,74.707031
1561,512,36000,70.312500
1562,512,36958,72.183594
1563,512,34250,66.894531
1564,512,35584,69.500000
1565,512,37000,72.265625
1566,512,37791,73.810547
1567,512,37708,73.648438
1568,512,37584,73.406250
1569,512,33375,65.185547
1570,512,39959,78.044922
1571,512,36209,70.720703
1572,512,38292,74.789062
1573,512,37625,73.486328
1574,512,36625,71.533203
1575,512,38292,74.789062
1576,512,38166,74.542969
1577,512,36750,71.777344
1578,512,39541,77.228516
1579,512,41959,81.951172
1580,512,36375,71.044922
1581,512,38334,74.871094
1582,512,37500,73.242188
1583,512,36541,71.369141
1584,512,38667,75.521484
1585,512,36083,70.474609
1586,512,36459,71.208984
1587,512,37459,73.162109
1588,512,38000,74.218750
1589,512,40333,78.775391
1590,512,39041,76.251953
1591,512,38209,74.626953
1592,512,38916,76.007812
1593,512,39459,77.068359
1594,512,38250,74.707031
1595,512,37000,72.265625
1596,512,35834,69.988281
1597,512,36125,70.556641
1598,512,35833,69.986328
1599,512,36958,72.183594
1600,512,37500,73.242188
1601,512,38667,75.521484
1602,512,37125,72.509766
1603,512,35708,69.742188
1604,512,37375,72.998047
1605,512,40291,78.693359
1606,512,37167,72.591797
1607,512,36458,71.207031
1608,512,38000,74.218750
1609,512,36500,71.289062
1610,512,37542,73.324219
1611,512,36833,71.939453
1612,512,37583,73.404297
1613,512,36791,71.857422
1614,512,37667,73.568359
1615,512,36291,70.880859
1616,512,37875,73.974609
1617,512,37333,72.916016
1618,512,38750,75.683594
1619,512,37250,72.753906
1620,512,40583,79.263672
1621,512,39416,76.984375
1622,512,37584,73.406250
1623,512,37416,73.078125
1624,512,36375,71.044922
1625,512,37500,73.242188
1626,512,37250,72.753906
1627,512,34625,67.626953
1628,512,35750,69.824219
1629,512,38541,75.275391
1630,512,35209,68.767578
1631,512,38041,74.298828
1632,512,38709,75.603516
1633,512,37541,73.322266
1634,512,39583,77.310547
1635,512,40125,78.369141
1636,512,37750,73.730469
1637,512,36959,72.185547
1638,512,44416,86.750000
1639,512,38709,75.603516
1640,512,37041,72.345703
1641,512,34834,68.035156
1642,512,36833,71.939453
1643,512,39042,76.253906
1644,512,36833,71.939453
1645,512,37917,74.056641
1646,512,37292,72.835938
1647,512,36750,71.777344
1648,512,39666,77.472656
1649,512,38584,75.359375
1650,512,35500,69.335938
1651,512,36500,71.289062
1652,512,41375,80.810547
1653,512,34750,67.871094
1654,512,35167,68.685547
1655,512,36084,70.476562
1656,512,36584,71.453125
1657,512,38375,74.951172
1658,512,37542,73.324219
1659,512,35750,69.824219
1660,512,35791,69.904297
1661,512,35250,68.847656
1662,512,35791,69.904297
1663,512,36917,72.103516
1664,512,38250,74.707031
1665,512,38250,74.707031
1666,512,36333,70.962891
1667,512,37042,72.347656
1668,512,37916,74.054688
1669,512,37250,72.753906
1670,512,36500,71.289062
1671,512,35875,70.068359
1672,512,35166,68.683594
1673,512,38125,74.462891
1674,512,37625,73.486328
1675,512,35000,68.359375
1676,512,36125,70.556641
1677,512,37333,72.916016
1678,512,36458,71.207031
1679,512,36041,70.392578
1680,512,35917,70.150391
1681,512,35792,69.906250
1682,512,37166,72.589844
1683,512,37250,72.753906
1684,512,39667,77.474609
1685,512,37083,72.427734
1686,512,38208,74.625000
1687,512,38208,74.625000
1688,512,40500,79.101562
1689,512,36834,71.941406
1690,512,40375,78.857422
1691,512,40000,78.125000
1692,512,41833,81.705078
1693,512,39083,76.333984
1694,512,38958,76.089844
1695,512,38625,75.439453
1696,512,37542,73.324219
1697,512,38583,75.357422
1698,512,38083,74.380859
1699,512,38292,74.789062
1700,512,36625,71.533203
1701,512,39417,76.986328
1702,512,39833,77.798828
1703,512,40458,79.019531
1704,512,40541,79.181641
1705,512,37875,73.974609
1706,512,42041,82.111328
1707,512,37083,72.427734
1708,512,41459,80.974609
1709,512,37000,72.265625
1710,512,38833,75.845703
1711,512,38750,75.683594
1712,512,38833,75.845703
1713,512,38917,76.009766
1714,512,39625,77.392578
1715,512,41916,81.867188
1716,512,38917,76.009766
1717,512,38333,74.869141
1718,512,39042,76.253906
1719,512,39625,77.392578
1720,512,38875,75.927734
1721,512,43666,85.285156
1722,512,37792,73.812500
1723,512,37208,72.671875
1724,512,37916,74.054688
1725,512,37417,73.080078
1726,512,38625,75.439453
1727,512,49834,97.332031
1728,512,40333,78.775391
1729,512,37542,73.324219
1730,512,40041,78.205078
1731,512,38792,75.765625
1732,512,38916,76.007812
1733,512,37667,73.568359
1734,512,38375,74.951172
1735,512,41250,80.566406
1736,512,39459,77.068359
1737,512,38583,75.357422
1738,512,39875,77.880859
1739,512,35667,69.662109
1740,512,39166,76.496094
1741,512,38584,75.359375
1742,512,36750,71.777344
1743,512,38917,76.009766
1744,512,36333,70.962891
1745,512,38833,75.845703
1746,512,37375,72.998047
1747,512,39166,76.496094
1748,512,37042,72.347656
1749,512,37042,72.347656
1750,512,36709,71.697266
1751,512,38666,75.519531
1752,512,38417,75.033203
1753,512,37000,72.265625
1754,512,40250,78.613281
1755,512,38416,75.031250
1756,512,37417,73.080078
1757,512,36917,72.103516
1758,512,36208,70.718750
1759,512,39791,77.716797
1760,512,38250,74.707031
1761,512,41334,80.730469
1762,512,38375,74.951172
1763,512,39333,76.822266
1764,512,35083,68.521484
1765,512,34917,68.197266
1766,512,38167,74.544922
1767,512,37417,73.080078
1768,512,37083,72.427734
1769,512,37625,73.486328
1770,512,38125,74.462891
1771,512,37500,73.242188
1772,512,36667,71.615234
1773,512,37000,72.265625
1774,512,38458,75.113281
1775,512,36583,71.451172
1776,512,39000,76.171875
1777,512,36959,72.185547
1778,512,35125,68.603516
1779,512,36083,70.474609
1780,512,36750,71.777344
1781,512,35708,69.742188
1782,512,34917,68.197266
1783,512,35916,70.148438
1784,512,38333,74.869141
1785,512,36584,71.453125
1786,512,37291,72.833984
1787,512,38000,74.218750
1788,512,35875,70.068359
1789,512,37250,72.753906
1790,512,35333,69.009766
1791,512,37708,73.648438
1792,512,35709,69.744141
1793,512,37250,72.753906
1794,512,36625,71.533203
1795,512,36916,72.101562
1796,512,37875,73.974609
1797,512,35792,69.906250
1798,512,37291,72.833984
1799,512,34333,67.056641
1800,512,37959,74.138672
1801,512,45208,88.296875
1802,512,42292,82.601562
1803,512,36083,70.474609
1804,512,37875,73.974609
1805,512,39125,76.416016
1806,512,37125,72.509766
1807,512,38375,74.951172
1808,512,39666,77.472656
1809,512,38167,74.544922
1810,512,38083,74.380859
1811,512,37875,73.974609
1812,512,36750,71.777344
1813,512,36666,71.613281
1814,512,37375,72.998047
1815,512,35834,69.988281
1816,512,38916,76.007812
1817,512,36667,71.615234
1818,512,38417,75.033203
1819,512,36167,70.638672
1820,512,38625,75.439453
1821,512,36541,71.369141
1822,512,37625,73.486328
1823,512,37458,73.160156
1824,512,37667,73.568359
1825,512,38375,74.951172
1826,512,37375,72.998047
1827,512,37125,72.509766
1828,512,39667,77.474609
1829,512,37208,72.671875
1830,512,36292,70.882812
1831,512,38417,75.033203
1832,512,38125,74.462891
1833,512,36625,71.533203
1834,512,37208,72.671875
1835,512,37917,74.056641
1836,512,36583,71.451172
1837,512,38042,74.300781
1838,512,38750,75.683594
1839,512,37833,73.892578
1840,512,37250,72.753906
1841,512,38459,75.115234
1842,512,38959,76.091797
1843,512,39125,76.416016
1844,512,37208,72.671875
1845,512,36292,70.882812
1846,512,37416,73.078125
1847,512,36750,71.777344
1848,512,37542,73.324219
1849,512,34750,67.871094
1850,512,35500,69.335938
1851,512,37500,73.242188
1852,512,35125,68.603516
1853,512,39791,77.716797
1854,512,39250,76.660156
1855,512,37917,74.056641
1856,512,38291,74.787109
1857,512,36000,70.312500
1858,512,35875,70.068359
1859,512,37958,74.136719
1860,512,38083,74.380859
1861,512,37166,72.589844
1862,512,37083,72.427734
1863,512,39334,76.824219
1864,512,38041,74.298828
1865,512,39792,77.718750
1866,512,37291,72.833984
1867,512,36083,70.474609
1868,512,38834,75.847656
1869,512,38416,75.031250
1870,512,36042,70.394531
1871,512,36958,72.183594
1872,512,39125,76.416016
1873,512,39375,76.904297
1874,512,37000,72.265625
1875,512,37166,72.589844
1876,512,36917,72.103516
1877,512,37083,72.427734
1878,512,38250,74.707031
1879,512,36208,70.718750
1880,512,36125,70.556641
1881,512,39167,76.498047
1882,512,39500,77.148438
1883,512,39250,76.660156
1884,512,37792,73.812500
1885,512,37541,73.322266
1886,512,37542,73.324219
1887,512,36917,72.103516
1888,512,38875,75.927734
1889,512,35125,68.603516
1890,512,43959,85.857422
1891,512,38416,75.031250
1892,512,37875,73.974609
1893,512,38042,74.300781
1894,512,36750,71.777344
1895,512,35625,69.580078
1896,512,37333,72.916016
1897,512,37375,72.998047
1898,512,37875,73.974609
1899,512,37583,73.404297
1900,512,39167,76.498047
1901,512,38166,74.542969
1902,512,38583,75.357422
1903,512,35584,69.500000
1904,512,36083,70.474609
1905,512,35958,70.230469
1906,512,35792,69.906250
1907,512,35708,69.742188
1908,512,41583,81.216797
1909,512,38667,75.521484
1910,512,37041,72.345703
1911,512,36917,72.103516
1912,512,36458,71.207031
1913,512,36042,70.394531
1914,512,36250,70.800781
1915,512,34625,67.626953
1916,512,36500,71.289062
1917,512,37083,72.427734
1918,512,37334,72.917969
1919,512,37291,72.833984
1920,512,38667,75.521484
1921,512,38166,74.542969
1922,512,36000,70.312500
1923,512,35958,70.230469
1924,512,36792,71.859375
1925,512,36625,71.533203
1926,512,36375,71.044922
1927,512,36583,71.451172
1928,512,36917,72.103516
1929,512,36292,70.882812
1930,512,37375,72.998047
1931,512,36167,70.638672
1932,512,37583,73.404297
1933,512,37375,72.998047
1934,512,36875,72.021484
1935,512,38042,74.300781
1936,512,40291,78.693359
1937,512,37292,72.835938
1938,512,38125,74.462891
1939,512,37500,73.242188
1940,512,36750,71.777344
1941,512,37417,73.080078
1942,512,37167,72.591797
1943,512,37084,72.429688
1944,512,36417,71.126953
1945,512,36083,70.474609
1946,512,36667,71.615234
1947,512,37500,73.242188
1948,512,42042,82.113281
1949,512,35375,69.091797
1950,512,36042,70.394531
1951,512,37125,72.509766
1952,512,37791,73.810547
1953,512,37000,72.265625
1954,512,36208,70.718750
1955,512,37792,73.812500
1956,512,38333,74.869141
1957,512,37292,72.835938
1958,512,37417,73.080078
1959,512,35125,68.603516
1960,512,37125,72.509766
1961,512,38292,74.789062
1962,512,37667,73.568359
1963,512,37125,72.509766
1964,512,37208,72.671875
1965,512,38750,75.683594
1966,512,40875,79.833984
1967,512,37000,72.265625
1968,512,36125,70.556641
1969,512,38458,75.113281
1970,512,38833,75.845703
1971,512,41708,81.460938
1972,512,36542,71.371094
1973,512,36334,70.964844
1974,512,38500,75.195312
1975,512,36959,72.185547
1976,512,37916,74.054688
1977,512,36625,71.533203
1978,512,38375,74.951172
1979,512,38958,76.089844
1980,512,38500,75.195312
1981,512,41541,81.134766
1982,512,39042,76.253906
1983,512,37666,73.566406
1984,512,37417,73.080078
1985,512,41875,81.787109
1986,512,38125,74.462891
1987,512,38333,74.869141
1988,512,36208,70.718750
1989,512,39458,77.066406
1990,512,37750,73.730469
1991,512,37542,73.324219
1992,512,38166,74.542969
1993,512,35792,69.906250
1994,512,36666,71.613281
1995,512,38333,74.869141
1996,512,36250,70.800781
1997,512,37375,72.998047
1998,512,37167,72.591797
1999,512,35833,69.986328
2000,512,36708,71.695312
2001,512,36416,71.125000
2002,512,38667,75.521484
2003,512,36542,71.371094
2004,512,39000,76.171875
2005,512,36292,70.882812
2006,512,36958,72.183594
2007,512,39167,76.498047
2008,512,39041,76.251953
2009,512,37125,72.509766
2010,512,37000,72.265625
2011,512,37833,73.892578
2012,512,38125,74.462891
2013,512,37666,73.566406
2014,512,35750,69.824219
2015,512,37875,73.974609
2016,512,38000,74.218750
2017,512,38625,75.439453
2018,512,38125,74.462891
2019,512,36458,71.207031
2020,512,38375,74.951172
2021,512,37083,72.427734
2022,512,38458,75.113281
2023,512,37042,72.347656
2024,512,39791,77.716797
2025,512,38834,75.847656
2026,512,37416,73.078125
2027,512,38542,75.277344
2028,512,42084,82.195312
2029,512,40916,79.914062
2030,512,38709,75.603516
2031,512,37833,73.892578
2032,512,36583,71.451172
2033,512,38167,74.544922
2034,512,37709,73.650391
2035,512,37334,72.917969
2036,512,38958,76.089844
2037,512,36083,70.474609
2038,512,37459,73.162109
2039,512,40166,78.449219
2040,512,37292,72.835938
2041,512,38000,74.218750
2042,512,38250,74.707031
2043,512,38959,76.091797
2044,512,37417,73.080078
2045,512,37375,72.998047
2046,512,35625,69.580078
2047,512,37708,73.648438
2048,512,41750,81.542969
2049,512,39500,77.148438
2050,512,38791,75.763672
2051,512,36917,72.103516
2052,512,39458,77.066406
2053,512,38167,74.544922
2054,512,37375,72.998047
2055,512,39333,76.822266
2056,512,36125,70.556641
2057,512,42417,82.845703
2058,512,38875,75.927734
2059,512,38167,74.544922
2060,512,37125,72.509766
2061,512,40292,78.695312
2062,512,39167,76.498047
2063,512,41125,80.322266
2064,512,36375,71.044922
2065,512,36625,71.533203
2066,512,39500,77.148438
2067,512,38375,74.951172
2068,512,36542,71.371094
2069,512,38750,75.683594
2070,512,38625,75.439453
2071,512,38666,75.519531
2072,512,43209,84.392578
2073,512,36042,70.394531
2074,512,38625,75.439453
2075,512,36625,71.533203
2076,512,38417,75.033203
2077,512,37709,73.650391
2078,512,36084,70.476562
2079,512,37375,72.998047
2080,512,37416,73.078125
2081,512,36750,71.777344
2082,512,38834,75.847656
2083,512,38084,74.382812
2084,512,38333,74.869141
2085,512,37625,73.486328
2086,512,38333,74.869141
2087,512,55917,109.212891
2088,512,45458,88.785156
2089,512,37208,72.671875
2090,512,38833,75.845703
2091,512,39209,76.580078
2092,512,37417,73.080078
2093,512,37000,72.265625
2094,512,38250,74.707031
2095,512,37125,72.509766
2096,512,44208,86.343750
2097,512,38458,75.113281
2098,512,37209,72.673828
2099,512,36291,70.880859
2100,512,35792,69.906250
2101,512,37541,73.322266
2102,512,36000,70.312500
2103,512,35417,69.173828
2104,512,38958,76.089844
2105,512,36583,71.451172
2106,512,38250,74.707031
2107,512,37625,73.486328
2108,512,39000,76.171875
2109,512,36958,72.183594
2110,512,37500,73.242188
2111,512,40334,78.777344
2112,512,38666,75.519531
2113,512,37667,73.568359
2114,512,37333,72.916016
2115,512,37084,72.429688
2116,512,37541,73.322266
2117,512,36417,71.126953
2118,512,37125,72.509766
2119,512,38292,74.789062
2120,512,36584,71.453125
2121,512,37041,72.345703
2122,512,37792,73.812500
2123,512,36458,71.207031
2124,512,37709,73.650391
2125,512,39459,77.068359
2126,512,37958,74.136719
2127,512,36750,71.777344
2128,512,36208,70.718750
2129,512,36583,71.451172
2130,512,36667,71.615234
2131,512,35834,69.988281
2132,512,37041,72.345703
2133,512,38667,75.521484
2134,512,35792,69.906250
2135,512,36166,70.636719
2136,512,38500,75.195312
2137,512,39500,77.148438
2138,512,38084,74.382812
2139,512,36042,70.394531
2140,512,37541,73.322266
2141,512,36542,71.371094
2142,512,35583,69.498047
2143,512,37000,72.265625
2144,512,36375,71.044922
2145,512,37083,72.427734
2146,512,38500,75.195312
2147,512,36125,70.556641
2148,512,37000,72.265625
2149,512,35750,69.824219
2150,512,36917,72.103516
2151,512,37917,74.056641
2152,512,37583,73.404297
2153,512,36417,71.126953
2154,512,37083,72.427734
2155,512,36500,71.289062
2156,512,40750,79.589844
2157,512,37000,72.265625
2158,512,43417,84.798828
2159,512,36458,71.207031
2160,512,35833,69.986328
2161,512,37584,73.406250
2162,512,35708,69.742188
2163,512,36542,71.371094
2164,512,36167,70.638672
2165,512,37750,73.730469
2166,512,36292,70.882812
2167,512,36625,71.533203
2168,512,36375,71.044922
2169,512,35542,69.417969
2170,512,36416,71.125000
2171,512,38334,74.871094
2172,512,36458,71.207031
2173,512,36791,71.857422
2174,512,36125,70.556641
2175,512,36750,71.777344
2176,512,37000,72.265625
2177,512,36750,71.777344
2178,512,36792,71.859375
2179,512,38167,74.544922
2180,512,38000,74.218750
2181,512,36458,71.207031
2182,512,37875,73.974609
2183,512,36500,71.289062
2184,512,36625,71.533203
2185,512,37625,73.486328
2186,512,36583,71.451172
2187,512,36292,70.882812
2188,512,37208,72.671875
2189,512,37333,72.916016
2190,512,38292,74.789062
2191,512,37125,72.509766
2192,512,36500,71.289062
2193,512,35667,69.662109
2194,512,36041,70.392578
2195,512,36792,71.859375
2196,512,36083,70.474609
2197,512,38459,75.115234
2198,512,37209,72.673828
2199,512,34875,68.115234
2200,512,38250,74.707031
2201,512,38459,75.115234
2202,512,37916,74.054688
2203,512,36792,71.859375
2204,512,37291,72.833984
2205,512,37375,72.998047
2206,512,35417,69.173828
2207,512,38625,75.439453
2208,512,40500,79.101562
2209,512,37417,73.080078
2210,512,38041,74.298828
2211,512,37917,74.056641
2212,512,38667,75.521484
2213,512,40209,78.533203
2214,512,37708,73.648438
2215,512,38875,75.927734
2216,512,38416,75.031250
2217,512,37667,73.568359
2218,512,37750,73.730469
2219,512,37042,72.347656
2220,512,37208,72.671875
2221,512,37792,73.812500
2222,512,37625,73.486328
2223,512,38125,74.462891
2224,512,38167,74.544922
2225,512,37500,73.242188
2226,512,36458,71.207031
2227,512,36208,70.718750
2228,512,37292,72.835938
2229,512,38583,75.357422
2230,512,37708,73.648438
2231,512,37125,72.509766
2232,512,37292,72.835938
2233,512,37042,72.347656
2234,512,37833,73.892578
2235,512,44250,86.425781
2236,512,40208,78.531250
2237,512,36375,71.044922
2238,512,35875,70.068359
2239,512,36500,71.289062
2240,512,38333,74.869141
2241,512,36958,72.183594
2242,512,40292,78.695312
2243,512,38041,74.298828
2244,512,38667,75.521484
2245,512,38084,74.382812
2246,512,36834,71.941406
2247,512,39250,76.660156
2248,512,39375,76.904297
2249,512,37667,73.568359
2250,512,38584,75.359375
2251,512,37458,73.160156
2252,512,37125,72.509766
2253,512,40292,78.695312
2254,512,39083,76.333984
2255,512,38208,74.625000
2256,512,36792,71.859375
2257,512,38416,75.031250
2258,512,36292,70.882812
2259,512,36833,71.939453
2260,512,36875,72.021484
2261,512,39750,77.636719
2262,512,36834,71.941406
2263,512,36792,71.859375
2264,512,37625,73.486328
2265,512,39000,76.171875
2266,512,39250,76.660156
2267,512,37917,74.056641
2268,512,35792,69.906250
2269,512,35791,69.904297
2270,512,37834,73.894531
2271,512,37416,73.078125
2272,512,37375,72.998047
2273,512,36583,71.451172
2274,512,38292,74.789062
2275,512,36292,70.882812
2276,512,37166,72.589844
2277,512,38584,75.359375
2278,512,36541,71.369141
2279,512,37792,73.812500
2280,512,37708,73.648438
2281,512,37125,72.509766
2282,512,37875,73.974609
2283,512,37709,73.650391
2284,512,37708,73.648438
2285,512,38125,74.462891
2286,512,36208,70.718750
2287,512,37750,73.730469
2288,512,37667,73.568359
2289,512,38875,75.927734
2290,512,39458,77.066406
2291,512,39125,76.416016
2292,512,36375,71.044922
2293,512,38500,75.195312
2294,512,38375,74.951172
2295,512,37750,73.730469
2296,512,37584,73.406250
2297,512,37042,72.347656
2298,512,36791,71.857422
2299,512,37875,73.974609
2300,512,36625,71.533203
2301,512,37584,73.406250
2302,512,37500,73.242188
2303,512,39208,76.578125
2304,512,37917,74.056641
2305,512,39500,77.148438
2306,512,39291,76.740234
2307,512,38417,75.033203
2308,512,38083,74.380859
2309,512,37708,73.648438
2310,512,37375,72.998047
2311,512,37583,73.404297
2312,512,36292,70.882812
2313,512,39458,77.066406
2314,512,41417,80.892578
2315,512,39958,78.042969
2316,512,37333,72.916016
2317,512,37125,72.509766
2318,512,38042,74.300781
2319,512,48958,95.621094
2320,512,37917,74.056641
2321,512,39459,77.068359
2322,512,37375,72.998047
2323,512,39084,76.335938
2324,512,41417,80.892578
2325,512,40167,78.451172
2326,512,40959,79.998047
2327,512,39833,77.798828
2328,512,39125,76.416016
2329,512,39583,77.310547
2330,512,38042,74.300781
2331,512,37917,74.056641
2332,512,38583,75.357422
2333,512,38750,75.683594
2334,512,39000,76.171875
2335,512,40458,79.019531
2336,512,37958,74.136719
2337,512,37500,73.242188
2338,512,36917,72.103516
2339,512,38333,74.869141
2340,512,38875,75.927734
2341,512,37792,73.812500
2342,512,38416,75.031250
2343,512,37417,73.080078
2344,512,40833,79.751953
2345,512,38083,74.380859
2346,512,38250,74.707031
2347,512,38000,74.218750
2348,512,35583,69.498047
2349,512,36750,71.777344
2350,512,36917,72.103516
2351,512,36708,71.695312
2352,512,36333,70.962891
2353,512,37959,74.138672
2354,512,35584,69.500000
2355,512,38625,75.439453
2356,512,36333,70.962891
2357,512,40000,78.125000
2358,512,40375,78.857422
2359,512,38500,75.195312
2360,512,38417,75.033203
2361,512,37750,73.730469
2362,512,38667,75.521484
2363,512,40375,78.857422
2364,512,39000,76.171875
2365,512,36708,71.695312
2366,512,37417,73.080078
2367,512,36917,72.103516
2368,512,37250,72.753906
2369,512,40042,78.207031
2370,512,35875,70.068359
2371,512,36708,71.695312
2372,512,38375,74.951172
2373,512,36167,70.638672
2374,512,36417,71.126953
2375,512,37375,72.998047
2376,512,37875,73.974609
2377,512,35083,68.521484
2378,512,38625,75.439453
2379,512,36750,71.777344
2380,512,36791,71.857422
2381,512,37625,73.486328
2382,512,37708,73.648438
2383,512,35666,69.660156
2384,512,38167,74.544922
2385,512,36833,71.939453
2386,512,36792,71.859375
2387,512,38500,75.195312
2388,512,37375,72.998047
2389,512,37000,72.265625
2390,512,35791,69.904297
2391,512,36083,70.474609
2392,512,37875,73.974609
2393,512,35417,69.173828
2394,512,38458,75.113281
2395,512,38542,75.277344
2396,512,38458,75.113281
2397,512,37083,72.427734
2398,512,37958,74.136719
2399,512,37959,74.138672
2400,512,36791,71.857422
2401,512,37167,72.591797
2402,512,46083,90.005859
2403,512,42875,83.740234
2404,512,37084,72.429688
2405,512,36416,71.125000
2406,512,38084,74.382812
2407,512,38000,74.218750
2408,512,37708,73.648438
2409,512,35917,70.150391
2410,512,38542,75.277344
2411,512,36292,70.882812
2412,512,37250,72.753906
2413,512,37917,74.056641
2414,512,37958,74.136719
2415,512,37625,73.486328
2416,512,36208,70.718750
2417,512,43208,84.390625
2418,512,38917,76.009766
2419,512,37125,72.509766
2420,512,37292,72.835938
2421,512,35541,69.416016
2422,512,37292,72.835938
2423,512,37416,73.078125
2424,512,38042,74.300781
2425,512,37375,72.998047
2426,512,37000,72.265625
2427,512,37375,72.998047
2428,512,39292,76.742188
2429,512,36666,71.613281
2430,512,38709,75.603516
2431,512,37709,73.650391
2432,512,37208,72.671875
2433,512,36708,71.695312
2434,512,36125,70.556641
2435,512,39000,76.171875
2436,512,38084,74.382812
2437,512,38375,74.951172
2438,512,37500,73.242188
2439,512,38667,75.521484
2440,512,39208,76.578125
2441,512,37000,72.265625
2442,512,41125,80.322266
2443,512,39500,77.148438
2444,512,37333,72.916016
2445,512,36084,70.476562
2446,512,38417,75.033203
2447,512,37292,72.835938
2448,512,37333,72.916016
2449,512,36125,70.556641
2450,512,36208,70.718750
2451,512,37250,72.753906
2452,512,36375,71.044922
2453,512,36667,71.615234
2454,512,36291,70.880859
2455,512,36417,71.126953
2456,512,37542,73.324219
2457,512,36500,71.289062
2458,512,35500,69.335938
2459,512,39083,76.333984
2460,512,36041,70.392578
2461,512,36334,70.964844
2462,512,34791,67.951172
2463,512,37208,72.671875
2464,512,38792,75.765625
2465,512,38208,74.625000
2466,512,37000,72.265625
2467,512,35625,69.580078
2468,512,36333,70.962891
2469,512,36500,71.289062
2470,512,42125,82.275391
2471,512,37125,72.509766
2472,512,38417,75.033203
2473,512,36625,71.533203
2474,512,37208,72.671875
2475,512,37500,73.242188
2476,512,36875,72.021484
2477,512,39917,77.962891
2478,512,36292,70.882812
2479,512,38375,74.951172
2480,512,39834,77.800781
2481,512,39875,77.880859
2482,512,40291,78.693359
2483,512,38000,74.218750
2484,512,38542,75.277344
2485,512,37083,72.427734
2486,512,38750,75.683594
2487,512,38666,75.519531
2488,512,37125,72.509766
2489,512,37292,72.835938
2490,512,36583,71.451172
2491,512,39542,77.230469
2492,512,38708,75.601562
2493,512,37833,73.892578
2494,512,38333,74.869141
2495,512,39792,77.718750
2496,512,37708,73.648438
2497,512,38666,75.519531
2498,512,35917,70.150391
2499,512,36583,71.451172
2500,512,38042,74.300781
2501,512,36750,71.777344
2502,512,37084,72.429688
2503,512,37959,74.138672
2504,512,39916,77.960938
2505,512,36833,71.939453
2506,512,43000,83.984375
2507,512,37750,73.730469
2508,512,38750,75.683594
2509,512,38291,74.787109
2510,512,39167,76.498047
2511,512,40375,78.857422
2512,512,37958,74.136719
2513,512,41625,81.298828
2514,512,38875,75.927734
2515,512,36917,72.103516
2516,512,36458,71.207031
2517,512,38208,74.625000
2518,512,35583,69.498047
2519,512,39375,76.904297
2520,512,39292,76.742188
2521,512,38333,74.869141
2522,512,38125,74.462891
2523,512,37333,72.916016
2524,512,36792,71.859375
2525,512,39250,76.660156
2526,512,38375,74.951172
2527,512,38917,76.009766
2528,512,38958,76.089844
2529,512,36834,71.941406
2530,512,36458,71.207031
2531,512,37958,74.136719
2532,512,38542,75.277344
2533,512,37291,72.833984
2534,512,37583,73.404297
2535,512,35292,68.929688
2536,512,37458,73.160156
2537,512,37166,72.589844
2538,512,36834,71.941406
2539,512,37166,72.589844
2540,512,38167,74.544922
2541,512,39792,77.718750
2542,512,38833,75.845703
2543,512,37333,72.916016
2544,512,39084,76.335938
2545,512,37166,72.589844
2546,512,37084,72.429688
2547,512,37250,72.753906
2548,512,36708,71.695312
2549,512,38292,74.789062
2550,512,36250,70.800781
2551,512,37750,73.730469
2552,512,36375,71.044922
2553,512,38000,74.218750
2554,512,36542,71.371094
2555,512,36291,70.880859
2556,512,38709,75.603516
2557,512,38334,74.871094
2558,512,37125,72.509766
2559,512,37125,72.509766
2560,512,37209,72.673828
2561,512,37459,73.162109
2562,512,37625,73.486328
2563,512,36625,71.533203
2564,512,38375,74.951172
2565,512,38250,74.707031
2566,512,37834,73.894531
2567,512,37625,73.486328
2568,512,38125,74.462891
2569,512,36250,70.800781
2570,512,39542,77.230469
2571,512,37333,72.916016
2572,512,37084,72.429688
2573,512,38125,74.462891
2574,512,36917,72.103516
2575,512,38041,74.298828
2576,512,37417,73.080078
2577,512,38417,75.033203
2578,512,37208,72.671875
2579,512,36958,72.183594
2580,512,37959,74.138672
2581,512,37500,73.242188
2582,512,39041,76.251953
2583,512,34750,67.871094
2584,512,36833,71.939453
2585,512,40375,78.857422
2586,512,36917,72.103516
2587,512,36584,71.453125
2588,512,37125,72.509766
2589,512,37208,72.671875
2590,512,37875,73.974609
2591,512,38292,74.789062
2592,512,37375,72.998047
2593,512,38292,74.789062
2594,512,36250,70.800781
2595,512,36458,71.207031
2596,512,35167,68.685547
2597,512,36833,71.939453
2598,512,36208,70.718750
2599,512,38666,75.519531
2600,512,37000,72.265625
2601,512,38500,75.195312
2602,512,38792,75.765625
2603,512,37250,72.753906
2604,512,38084,74.382812
2605,512,36791,71.857422
2606,512,37500,73.242188
2607,512,36959,72.185547
2608,512,37208,72.671875
2609,512,36542,71.371094
2610,512,36500,71.289062
2611,512,39208,76.578125
2612,512,35000,68.359375
2613,512,37292,72.835938
2614,512,37041,72.345703
2615,512,36667,71.615234
2616,512,34625,67.626953
2617,512,35791,69.904297
2618,512,36292,70.882812
2619,512,35584,69.500000
2620,512,36291,70.880859
2621,512,36542,71.371094
2622,512,38417,75.033203
2623,512,37459,73.162109
2624,512,34083,66.568359
2625,512,35666,69.660156
2626,512,35250,68.847656
2627,512,37125,72.509766
2628,512,36750,71.777344
2629,512,35833,69.986328
2630,512,38833,75.845703
2631,512,35250,68.847656
2632,512,38500,75.195312
2633,512,38833,75.845703
2634,512,38417,75.033203
2635,512,37667,73.568359
2636,512,39458,77.066406
2637,512,39000,76.171875
2638,512,37500,73.242188
2639,512,37500,73.242188
2640,512,35291,68.927734
2641,512,36250,70.800781
2642,512,37125,72.509766
2643,512,35459,69.255859
2644,512,36041,70.392578
2645,512,36750,71.777344
2646,512,39208,76.578125
2647,512,38375,74.951172
2648,512,36584,71.453125
2649,512,37125,72.509766
2650,512,36417,71.126953
2651,512,35333,69.009766
2652,512,35917,70.150391
2653,512,35375,69.091797
2654,512,35833,69.986328
2655,512,35917,70.150391
2656,512,38083,74.380859
2657,512,37500,73.242188
2658,512,36750,71.777344
2659,512,36542,71.371094
2660,512,34833,68.033203
2661,512,37291,72.833984
2662,512,37208,72.671875
2663,512,36084,70.476562
2664,512,35833,69.986328
2665,512,36750,71.777344
2666,512,38833,75.845703
2667,512,37458,73.160156
2668,512,37333,72.916016
2669,512,39667,77.474609
2670,512,38125,74.462891
2671,512,37375,72.998047
2672,512,38000,74.218750
2673,512,36000,70.312500
2674,512,37500,73.242188
2675,512,38167,74.544922
2676,512,35375,69.091797
2677,512,36750,71.777344
2678,512,36542,71.371094
2679,512,36791,71.857422
2680,512,37667,73.568359
2681,512,38750,75.683594
2682,512,36875,72.021484
2683,512,38333,74.869141
2684,512,38000,74.218750
2685,512,36042,70.394531
2686,512,36333,70.962891
2687,512,35250,68.847656
2688,512,37000,72.265625
2689,512,37042,72.347656
2690,512,34916,68.195312
2691,512,33708,65.835938
2692,512,37167,72.591797
2693,512,38667,75.521484
2694,512,40125,78.369141
2695,512,38125,74.462891
2696,512,36334,70.964844
2697,512,39375,76.904297
2698,512,38542,75.277344
2699,512,36458,71.207031
2700,512,37292,72.835938
2701,512,36416,71.125000
2702,512,38209,74.626953
2703,512,37958,74.136719
2704,512,38125,74.462891
2705,512,36167,70.638672
2706,512,35417,69.173828
2707,512,37750,73.730469
2708,512,36375,71.044922
2709,512,35042,68.441406
2710,512,38167,74.544922
2711,512,35666,69.660156
2712,512,36417,71.126953
2713,512,35833,69.986328
2714,512,40583,79.263672
2715,512,36792,71.859375
2716,512,38708,75.601562
2717,512,36458,71.207031
2718,512,38916,76.007812
2719,512,48042,93.832031
2720,512,39583,77.310547
2721,512,36292,70.882812
2722,512,37583,73.404297
2723,512,35375,69.091797
2724,512,35958,70.230469
2725,512,39208,76.578125
2726,512,37208,72.671875
2727,512,39875,77.880859
2728,512,38625,75.439453
2729,512,36625,71.533203
2730,512,39834,77.800781
2731,512,38625,75.439453
2732,512,37917,74.056641
2733,512,38000,74.218750
2734,512,35708,69.742188
2735,512,37667,73.568359
2736,512,37375,72.998047
2737,512,39416,76.984375
2738,512,36875,72.021484
2739,512,41917,81.869141
2740,512,37541,73.322266
2741,512,37750,73.730469
2742,512,36208,70.718750
2743,512,40875,79.833984
2744,512,37375,72.998047
2745,512,38208,74.625000
2746,512,38166,74.542969
2747,512,40250,78.613281
2748,512,38959,76.091797
2749,512,39041,76.251953
2750,512,41500,81.054688
2751,512,37333,72.916016
2752,512,37875,73.974609
2753,512,37875,73.974609
2754,512,36166,70.636719
2755,512,38000,74.218750
2756,512,37334,72.917969
2757,512,37333,72.916016
2758,512,38333,74.869141
2759,512,35583,69.498047
2760,512,37125,72.509766
2761,512,35500,69.335938
2762,512,38750,75.683594
2763,512,36375,71.044922
2764,512,37083,72.427734
2765,512,39000,76.171875
2766,512,38833,75.845703
2767,512,38000,74.218750
2768,512,37792,73.812500
2769,512,38667,75.521484
2770,512,41875,81.787109
2771,512,37375,72.998047
2772,512,37125,72.509766
2773,512,34709,67.791016
2774,512,44916,87.726562
2775,512,38417,75.033203
2776,512,44417,86.751953
2777,512,39834,77.800781
2778,512,39750,77.636719
2779,512,38792,75.765625
2780,512,37291,72.833984
2781,512,38959,76.091797
2782,512,39333,76.822266
2783,512,38417,75.033203
2784,512,39125,76.416016
2785,512,39291,76.740234
2786,512,37875,73.974609
2787,512,36875,72.021484
2788,512,36666,71.613281
2789,512,37792,73.812500
2790,512,36625,71.533203
2791,512,37125,72.509766
2792,512,36375,71.044922
2793,512,38333,74.869141
2794,512,41250,80.566406
2795,512,40666,79.425781
2796,512,37042,72.347656
2797,512,38375,74.951172
2798,512,38792,75.765625
2799,512,39833,77.798828
2800,512,36500,71.289062
2801,512,37166,72.589844
2802,512,37625,73.486328
2803,512,38083,74.380859
2804,512,38542,75.277344
2805,512,36666,71.613281
2806,512,39834,77.800781
2807,512,39500,77.148438
2808,512,40209,78.533203
2809,512,36958,72.183594
2810,512,38667,75.521484
2811,512,39375,76.904297
2812,512,36666,71.613281
2813,512,38667,75.521484
2814,512,37792,73.812500
2815,512,37750,73.730469
2816,512,37625,73.486328
2817,512,37292,72.835938
2818,512,38458,75.113281
2819,512,36500,71.289062
2820,512,37541,73.322266
2821,512,38458,75.113281
2822,512,38375,74.951172
2823,512,38541,75.275391
2824,512,36542,71.371094
2825,512,36917,72.103516
2826,512,37375,72.998047
2827,512,37416,73.078125
2828,512,38250,74.707031
2829,512,38083,74.380859
2830,512,36250,70.800781
2831,512,36583,71.451172
2832,512,37125,72.509766
2833,512,39125,76.416016
2834,512,41625,81.298828
2835,512,40750,79.589844
2836,512,37916,74.054688
2837,512,38709,75.603516
2838,512,40000,78.125000
2839,512,38167,74.544922
2840,512,37916,74.054688
2841,512,38084,74.382812
2842,512,37791,73.810547
2843,512,35625,69.580078
2844,512,35750,69.824219
2845,512,37417,73.080078
2846,512,37084,72.429688
2847,512,37291,72.833984
2848,512,37209,72.673828
2849,512,37917,74.056641
2850,512,36958,72.183594
2851,512,36209,70.720703
2852,512,36458,71.207031
2853,512,36042,70.394531
2854,512,36042,70.394531
2855,512,35917,70.150391
2856,512,36375,71.044922
2857,512,37250,72.753906
2858,512,37375,72.998047
2859,512,36916,72.101562
2860,512,36000,70.312500
2861,512,36333,70.962891
2862,512,38125,74.462891
2863,512,39250,76.660156
2864,512,37833,73.892578
2865,512,37334,72.917969
2866,512,38167,74.544922
2867,512,38250,74.707031
2868,512,37250,72.753906
2869,512,37625,73.486328
2870,512,36708,71.695312
2871,512,36791,71.857422
2872,512,36667,71.615234
2873,512,37666,73.566406
2874,512,37500,73.242188
2875,512,40292,78.695312
2876,512,37417,73.080078
2877,512,38667,75.521484
2878,512,37458,73.160156
2879,512,36000,70.312500
2880,512,36917,72.103516
2881,512,36667,71.615234
2882,512,36125,70.556641
2883,512,35959,70.232422
2884,512,37500,73.242188
2885,512,37459,73.162109
2886,512,38125,74.462891
2887,512,35125,68.603516
2888,512,37667,73.568359
2889,512,37458,73.160156
2890,512,38084,74.382812
2891,512,35667,69.662109
2892,512,36625,71.533203
2893,512,36834,71.941406
2894,512,39167,76.498047
2895,512,34166,66.730469
2896,512,40875,79.833984
2897,512,37167,72.591797
2898,512,37916,74.054688
2899,512,36917,72.103516
2900,512,36791,71.857422
2901,512,36458,71.207031
2902,512,36084,70.476562
2903,512,36000,70.312500
2904,512,36583,71.451172
2905,512,36250,70.800781
2906,512,35542,69.417969
2907,512,39542,77.230469
2908,512,36375,71.044922
2909,512,37042,72.347656
2910,512,37375,72.998047
2911,512,38292,74.789062
2912,512,35791,69.904297
2913,512,36750,71.777344
2914,512,35959,70.232422
2915,512,38041,74.298828
2916,512,34458,67.300781
2917,512,35833,69.986328
2918,512,37250,72.753906
2919,512,35750,69.824219
2920,512,37708,73.648438
2921,512,36500,71.289062
2922,512,38834,75.847656
2923,512,36750,71.777344
2924,512,36292,70.882812
2925,512,37125,72.509766
2926,512,37417,73.080078
2927,512,37500,73.242188
2928,512,36416,71.125000
2929,512,35709,69.744141
2930,512,36583,71.451172
2931,512,35458,69.253906
2932,512,35292,68.929688
2933,512,37875,73.974609
2934,512,37250,72.753906
2935,512,39250,76.660156
2936,512,36959,72.185547
2937,512,36541,71.369141
2938,512,40084,78.289062
2939,512,37459,73.162109
2940,512,35792,69.906250
2941,512,35875,70.068359
2942,512,37458,73.160156
2943,512,36875,72.021484
2944,512,37667,73.568359
2945,512,36625,71.533203
2946,512,36834,71.941406
2947,512,37208,72.671875
2948,512,35041,68.439453
2949,512,34917,68.197266
2950,512,36917,72.103516
2951,512,38083,74.380859
2952,512,37042,72.347656
2953,512,35541,69.416016
2954,512,38334,74.871094
2955,512,35708,69.742188
2956,512,37541,73.322266
2957,512,35625,69.580078
2958,512,40292,78.695312
2959,512,36375,71.044922
2960,512,38208,74.625000
2961,512,37666,73.566406
2962,512,38417,75.033203
2963,512,37458,73.160156
2964,512,35958,70.230469
2965,512,36750,71.777344
2966,512,37375,72.998047
2967,512,38250,74.707031
2968,512,38708,75.601562
2969,512,37458,73.160156
2970,512,36667,71.615234
2971,512,38083,74.380859
2972,512,38167,74.544922
2973,512,39166,76.496094
2974,512,39459,77.068359
2975,512,38750,75.683594
2976,512,37625,73.486328
2977,512,37250,72.753906
2978,512,35875,70.068359
2979,512,37208,72.671875
2980,512,38125,74.462891
2981,512,37708,73.648438
2982,512,37208,72.671875
2983,512,36209,70.720703
2984,512,36750,71.777344
2985,512,37792,73.812500
2986,512,38833,75.845703
2987,512,39834,77.800781
2988,512,38666,75.519531
2989,512,36917,72.103516
2990,512,37500,73.242188
2991,512,36500,71.289062
2992,512,37167,72.591797
2993,512,38375,74.951172
2994,512,37250,72.753906
2995,512,36625,71.533203
2996,512,39042,76.253906
2997,512,36917,72.103516
2998,512,38458,75.113281
2999,512,38458,75.113281
3000,512,36000,70.312500
3001,512,39000,76.171875
3002,512,36166,70.636719
3003,512,37917,74.056641
3004,512,38250,74.707031
3005,512,35875,70.068359
3006,512,37583,73.404297
3007,512,38292,74.789062
3008,512,36166,70.636719
3009,512,39000,76.171875
3010,512,37458,73.160156
3011,512,38417,75.033203
3012,512,39167,76.498047
3013,512,37500,73.242188
3014,512,36291,70.880859
3015,512,38084,74.382812
3016,512,37292,72.835938
3017,512,37042,72.347656
3018,512,37375,72.998047
3019,512,37584,73.406250
3020,512,36833,71.939453
3021,512,37917,74.056641
3022,512,36709,71.697266
3023,512,39250,76.660156
3024,512,39041,76.251953
3025,512,38833,75.845703
3026,512,37917,74.056641
3027,512,37334,72.917969
3028,512,49625,96.923828
3029,512,45292,88.460938
3030,512,39708,77.554688
3031,512,36083,70.474609
3032,512,39625,77.392578
3033,512,38875,75.927734
3034,512,39625,77.392578
3035,512,38709,75.603516
3036,512,37916,74.054688
3037,512,38667,75.521484
3038,512,40291,78.693359
3039,512,40000,78.125000
3040,512,40834,79.753906
3041,512,38208,74.625000
3042,512,38291,74.787109
3043,512,40584,79.265625
3044,512,37541,73.322266
3045,512,39042,76.253906
3046,512,38291,74.787109
3047,512,38417,75.033203
3048,512,39666,77.472656
3049,512,45834,89.519531
3050,512,37792,73.812500
3051,512,38916,76.007812
3052,512,38792,75.765625
3053,512,38416,75.031250
3054,512,37542,73.324219
3055,512,37833,73.892578
3056,512,37167,72.591797
3057,512,39791,77.716797
3058,512,40042,78.207031
3059,512,37500,73.242188
3060,512,37875,73.974609
3061,512,38542,75.277344
3062,512,40250,78.613281
3063,512,40417,78.939453
3064,512,37541,73.322266
3065,512,36958,72.183594
3066,512,36834,71.941406
3067,512,37500,73.242188
3068,512,34875,68.115234
3069,512,35791,69.904297
3070,512,38917,76.009766
3071,512,40167,78.451172
3072,512,38708,75.601562
3073,512,38250,74.707031
3074,512,37792,73.812500
3075,512,36541,71.369141
3076,512,40500,79.101562
3077,512,47333,92.447266
3078,512,39583,77.310547
3079,512,38458,75.113281
3080,512,37292,72.835938
3081,512,41583,81.216797
3082,512,39208,76.578125
3083,512,35875,70.068359
3084,512,37000,72.265625
3085,512,38917,76.009766
3086,512,36333,70.962891
3087,512,36000,70.312500
3088,512,36875,72.021484
3089,512,36542,71.371094
3090,512,38084,74.382812
3091,512,37708,73.648438
3092,512,38500,75.195312
3093,512,37250,72.753906
3094,512,37417,73.080078
3095,512,37166,72.589844
3096,512,36917,72.103516
3097,512,37083,72.427734
3098,512,39875,77.880859
3099,512,38375,74.951172
3100,512,35375,69.091797
3101,512,36958,72.183594
3102,512,35125,68.603516
3103,512,35000,68.359375
3104,512,36750,71.777344
3105,512,35333,69.009766
3106,512,36458,71.207031
3107,512,46834,91.472656
3108,512,40541,79.181641
3109,512,36334,70.964844
3110,512,37291,72.833984
3111,512,37084,72.429688
3112,512,35917,70.150391
3113,512,36708,71.695312
3114,512,35333,69.009766
3115,512,35292,68.929688
3116,512,34250,66.894531
3117,512,38500,75.195312
3118,512,35125,68.603516
3119,512,38459,75.115234
3120,512,37791,73.810547
3121,512,37000,72.265625
3122,512,36875,72.021484
3123,512,36000,70.312500
3124,512,36792,71.859375
3125,512,36833,71.939453
3126,512,37292,72.835938
3127,512,36458,71.207031
3128,512,36542,71.371094
3129,512,35959,70.232422
3130,512,38541,75.275391
3131,512,36959,72.185547
3132,512,37291,72.833984
3133,512,37084,72.429688
3134,512,36291,70.880859
3135,512,39917,77.962891
3136,512,38375,74.951172
3137,512,37916,74.054688
3138,512,36209,70.720703
3139,512,37708,73.648438
3140,512,38417,75.033203
3141,512,38166,74.542969
3142,512,37625,73.486328
3143,512,36958,72.183594
3144,512,36125,70.556641
3145,512,36875,72.021484
3146,512,36875,72.021484
3147,512,37292,72.835938
3148,512,37958,74.136719
3149,512,39250,76.660156
3150,512,38709,75.603516
3151,512,36875,72.021484
3152,512,37250,72.753906
3153,512,38459,75.115234
3154,512,35875,70.068359
3155,512,36625,71.533203
3156,512,36250,70.800781
3157,512,35291,68.927734
3158,512,37083,72.427734
3159,512,36917,72.103516
3160,512,36791,71.857422
3161,512,38834,75.847656
3162,512,39584,77.312500
3163,512,38000,74.218750
3164,512,37375,72.998047
3165,512,38417,75.033203
3166,512,37541,73.322266
3167,512,38292,74.789062
3168,512,38041,74.298828
3169,512,37125,72.509766
3170,512,35917,70.150391
3171,512,35166,68.683594
3172,512,36167,70.638672
3173,512,34583,67.544922
3174,512,36000,70.312500
3175,512,35625,69.580078
3176,512,38958,76.089844
3177,512,36042,70.394531
3178,512,36792,71.859375
3179,512,37916,74.054688
3180,512,35709,69.744141
3181,512,39416,76.984375
3182,512,37792,73.812500
3183,512,36333,70.962891
3184,512,35208,68.765625
3185,512,36041,70.392578
3186,512,36334,70.964844
3187,512,34708,67.789062
3188,512,37333,72.916016
3189,512,37458,73.160156
3190,512,36542,71.371094
3191,512,37125,72.509766
3192,512,37125,72.509766
3193,512,38209,74.626953
3194,512,37375,72.998047
3195,512,36792,71.859375
3196,512,35750,69.824219
3197,512,37625,73.486328
3198,512,37458,73.160156
3199,512,37750,73.730469
3200,512,45125,88.134766
3201,512,36250,70.800781
3202,512,37875,73.974609
3203,512,37208,72.671875
3204,512,36750,71.777344
3205,512,47792,93.343750
3206,512,37291,72.833984
3207,512,37750,73.730469
3208,512,38542,75.277344
3209,512,37583,73.404297
3210,512,36875,72.021484
3211,512,37417,73.080078
3212,512,36125,70.556641
3213,512,36667,71.615234
3214,512,37208,72.671875
3215,512,39042,76.253906
3216,512,43292,84.554688
3217,512,42333,82.681641
3218,512,38250,74.707031
3219,512,37417,73.080078
3220,512,38292,74.789062
3221,512,37791,73.810547
3222,512,38334,74.871094
3223,512,37000,72.265625
3224,512,36625,71.533203
3225,512,38208,74.625000
3226,512,37458,73.160156
3227,512,45667,89.193359
3228,512,38292,74.789062
3229,512,38875,75.927734
3230,512,36708,71.695312
3231,512,38083,74.380859
3232,512,36500,71.289062
3233,512,36917,72.103516
3234,512,37916,74.054688
3235,512,40417,78.939453
3236,512,38833,75.845703
3237,512,40042,78.207031
3238,512,38000,74.218750
3239,512,39167,76.498047
3240,512,38083,74.380859
3241,512,35750,69.824219
3242,512,39417,76.986328
3243,512,39292,76.742188
3244,512,39583,77.310547
3245,512,37542,73.324219
3246,512,38708,75.601562
3247,512,38208,74.625000
3248,512,36959,72.185547
3249,512,38125,74.462891
3250,512,37917,74.056641
3251,512,37209,72.673828
3252,512,39500,77.148438
3253,512,37917,74.056641
3254,512,39417,76.986328
3255,512,39667,77.474609
3256,512,39708,77.554688
3257,512,37542,73.324219
3258,512,38916,76.007812
3259,512,40292,78.695312
3260,512,43167,84.310547
3261,512,47750,93.261719
3262,512,38000,74.218750
3263,512,37667,73.568359
3264,512,38208,74.625000
3265,512,38417,75.033203
3266,512,37084,72.429688
3267,512,40333,78.775391
3268,512,39958,78.042969
3269,512,38791,75.763672
3270,512,38292,74.789062
3271,512,38833,75.845703
3272,512,38750,75.683594
3273,512,38958,76.089844
3274,512,38375,74.951172
3275,512,45000,87.890625
3276,512,37375,72.998047
3277,512,36000,70.312500
3278,512,39125,76.416016
3279,512,40166,78.449219
3280,512,36875,72.021484
3281,512,37958,74.136719
3282,512,38792,75.765625
3283,512,39041,76.251953
3284,512,40209,78.533203
3285,512,38541,75.275391
3286,512,37542,73.324219
3287,512,38250,74.707031
3288,512,38041,74.298828
3289,512,37125,72.509766
3290,512,36792,71.859375
3291,512,36791,71.857422
3292,512,38959,76.091797
3293,512,36625,71.533203
3294,512,39250,76.660156
3295,512,43875,85.693359
3296,512,37625,73.486328
3297,512,38458,75.113281
3298,512,38375,74.951172
3299,512,36375,71.044922
3300,512,39000,76.171875
3301,512,41708,81.460938
3302,512,37625,73.486328
3303,512,37000,72.265625
3304,512,41667,81.380859
3305,512,40458,79.019531
3306,512,40375,78.857422
3307,512,37750,73.730469
3308,512,37292,72.835938
3309,512,37792,73.812500
3310,512,37292,72.835938
3311,512,38916,76.007812
3312,512,40875,79.833984
3313,512,40625,79.345703
3314,512,36917,72.103516
3315,512,39333,76.822266
3316,512,39458,77.066406
3317,512,38209,74.626953
3318,512,38583,75.357422
3319,512,36958,72.183594
3320,512,37375,72.998047
3321,512,37500,73.242188
3322,512,36625,71.533203
3323,512,37167,72.591797
3324,512,34500,67.382812
3325,512,36583,71.451172
3326,512,39750,77.636719
3327,512,36583,71.451172
3328,512,37167,72.591797
3329,512,37166,72.589844
3330,512,36542,71.371094
3331,512,36541,71.369141
3332,512,36750,71.777344
3333,512,47083,91.958984
3334,512,46750,91.308594
3335,512,36958,72.183594
3336,512,37375,72.998047
3337,512,40500,79.101562
3338,512,42542,83.089844
3339,512,44125,86.181641
3340,512,38500,75.195312
3341,512,37834,73.894531
3342,512,37833,73.892578
3343,512,39042,76.253906
3344,512,37583,73.404297
3345,512,37458,73.160156
3346,512,39167,76.498047
3347,512,38791,75.763672
3348,512,37625,73.486328
3349,512,36750,71.777344
3350,512,37208,72.671875
3351,512,39625,77.392578
3352,512,39875,77.880859
3353,512,36750,71.777344
3354,512,38333,74.869141
3355,512,35958,70.230469
3356,512,37959,74.138672
3357,512,37709,73.650391
3358,512,37875,73.974609
3359,512,37125,72.509766
3360,512,36500,71.289062
3361,512,37291,72.833984
3362,512,36625,71.533203
3363,512,36667,71.615234
3364,512,37500,73.242188
3365,512,37500,73.242188
3366,512,39209,76.580078
3367,512,35500,69.335938
3368,512,37084,72.429688
3369,512,39125,76.416016
3370,512,38667,75.521484
3371,512,37709,73.650391
3372,512,38250,74.707031
3373,512,39458,77.066406
3374,512,38125,74.462891
3375,512,37250,72.753906
3376,512,37791,73.810547
3377,512,35750,69.824219
3378,512,38000,74.218750
3379,512,35959,70.232422
3380,512,36000,70.312500
3381,512,36334,70.964844
3382,512,35916,70.148438
3383,512,35833,69.986328
3384,512,34625,67.626953
3385,512,40459,79.021484
3386,512,38375,74.951172
3387,512,39333,76.822266
3388,512,38167,74.544922
3389,512,36916,72.101562
3390,512,38875,75.927734
3391,512,37833,73.892578
3392,512,37459,73.162109
3393,512,36833,71.939453
3394,512,37458,73.160156
3395,512,36542,71.371094
3396,512,39875,77.880859
3397,512,38167,74.544922
3398,512,37250,72.753906
3399,512,38458,75.113281
3400,512,36833,71.939453
3401,512,36417,71.126953
3402,512,37125,72.509766
3403,512,39167,76.498047
3404,512,37667,73.568359
3405,512,37416,73.078125
3406,512,37334,72.917969
3407,512,38417,75.033203
3408,512,38791,75.763672
3409,512,36584,71.453125
3410,512,40666,79.425781
3411,512,39083,76.333984
3412,512,37875,73.974609
3413,512,36125,70.556641
3414,512,36083,70.474609
3415,512,37625,73.486328
3416,512,39583,77.310547
3417,512,37125,72.509766
3418,512,36042,70.394531
3419,512,38833,75.845703
3420,512,38167,74.544922
3421,512,37166,72.589844
3422,512,37209,72.673828
3423,512,38709,75.603516
3424,512,36833,71.939453
3425,512,36708,71.695312
3426,512,34833,68.033203
3427,512,35875,70.068359
3428,512,36417,71.126953
3429,512,37708,73.648438
3430,512,37500,73.242188
3431,512,36208,70.718750
3432,512,35459,69.255859
3433,512,34958,68.277344
3434,512,36375,71.044922
3435,512,37417,73.080078
3436,512,35958,70.230469
3437,512,37750,73.730469
3438,512,36209,70.720703
3439,512,38209,74.626953
3440,512,36000,70.312500
3441,512,37250,72.753906
3442,512,37250,72.753906
3443,512,36417,71.126953
3444,512,38375,74.951172
3445,512,40541,79.181641
3446,512,37750,73.730469
3447,512,37666,73.566406
3448,512,40417,78.939453
3449,512,35291,68.927734
3450,512,37083,72.427734
3451,512,34708,67.789062
3452,512,37417,73.080078
3453,512,37375,72.998047
3454,512,38875,75.927734
3455,512,35750,69.824219
3456,512,35875,70.068359
3457,512,37459,73.162109
3458,512,36459,71.208984
3459,512,37375,72.998047
3460,512,38792,75.765625
3461,512,35833,69.986328
3462,512,36792,71.859375
3463,512,38584,75.359375
3464,512,38208,74.625000
3465,512,36000,70.312500
3466,512,39000,76.171875
3467,512,37833,73.892578
3468,512,39333,76.822266
3469,512,37375,72.998047
3470,512,39250,76.660156
3471,512,36584,71.453125
3472,512,37041,72.345703
3473,512,36167,70.638672
3474,512,36917,72.103516
3475,512,39084,76.335938
3476,512,38750,75.683594
3477,512,36459,71.208984
3478,512,40041,78.205078
3479,512,38667,75.521484
3480,512,36750,71.777344
3481,512,38542,75.277344
3482,512,37208,72.671875
3483,512,39375,76.904297
3484,512,35459,69.255859
3485,512,39541,77.228516
3486,512,37000,72.265625
3487,512,37417,73.080078
3488,512,39458,77.066406
3489,512,47583,92.935547
3490,512,42375,82.763672
3491,512,46166,90.167969
3492,512,36625,71.533203
3493,512,38875,75.927734
3494,512,36250,70.800781
3495,512,37250,72.753906
3496,512,37625,73.486328
3497,512,36917,72.103516
3498,512,38125,74.462891
3499,512,37250,72.753906
3500,512,38041,74.298828
3501,512,38334,74.871094
3502,512,35750,69.824219
3503,512,36375,71.044922
3504,512,39417,76.986328
3505,512,36959,72.185547
3506,512,37000,72.265625
3507,512,35416,69.171875
3508,512,37250,72.753906
3509,512,38750,75.683594
3510,512,37166,72.589844
3511,512,38584,75.359375
3512,512,37167,72.591797
3513,512,37583,73.404297
3514,512,42000,82.031250
3515,512,39042,76.253906
3516,512,39208,76.578125
3517,512,37667,73.568359
3518,512,37375,72.998047
3519,512,38375,74.951172
3520,512,39833,77.798828
3521,512,36958,72.183594
3522,512,37792,73.812500
3523,512,36667,71.615234
3524,512,36959,72.185547
3525,512,41125,80.322266
3526,512,38625,75.439453
3527,512,38584,75.359375
3528,512,38792,75.765625
3529,512,40666,79.425781
3530,512,39834,77.800781
3531,512,37958,74.136719
3532,512,37375,72.998047
3533,512,36041,70.392578
3534,512,37625,73.486328
3535,512,43167,84.310547
3536,512,40209,78.533203
3537,512,37584,73.406250
3538,512,45875,89.599609
3539,512,37084,72.429688
3540,512,37250,72.753906
3541,512,36333,70.962891
3542,512,38708,75.601562
3543,512,40083,78.287109
3544,512,39459,77.068359
3545,512,38083,74.380859
3546,512,38292,74.789062
3547,512,37416,73.078125
3548,512,36708,71.695312
3549,512,36709,71.697266
3550,512,39625,77.392578
3551,512,43125,84.228516
3552,512,37875,73.974609
3553,512,36375,71.044922
3554,512,39042,76.253906
3555,512,37083,72.427734
3556,512,38292,74.789062
3557,512,41375,80.810547
3558,512,40458,79.019531
3559,512,38333,74.869141
3560,512,37250,72.753906
3561,512,36083,70.474609
3562,512,37833,73.892578
3563,512,38167,74.544922
3564,512,37083,72.427734
3565,512,37250,72.753906
3566,512,36833,71.939453
3567,512,44292,86.507812
3568,512,36458,71.207031
3569,512,37167,72.591797
3570,512,36958,72.183594
3571,512,38708,75.601562
3572,512,37084,72.429688
3573,512,40291,78.693359
3574,512,37959,74.138672
3575,512,37459,73.162109
3576,512,38875,75.927734
3577,512,39250,76.660156
3578,512,36125,70.556641
3579,512,38375,74.951172
3580,512,38917,76.009766
3581,512,39708,77.554688
3582,512,39625,77.392578
3583,512,38584,75.359375
3584,512,37625,73.486328
3585,512,37917,74.056641
3586,512,38042,74.300781
3587,512,38334,74.871094
3588,512,39041,76.251953
3589,512,38208,74.625000
3590,512,38125,74.462891
3591,512,37167,72.591797
3592,512,39666,77.472656
3593,512,37750,73.730469
3594,512,43375,84.716797
3595,512,38250,74.707031
3596,512,35792,69.906250
3597,512,36375,71.044922
3598,512,35792,69.906250
3599,512,38208,74.625000
3600,512,38375,74.951172
3601,512,36167,70.638672
3602,512,37583,73.404297
3603,512,38333,74.869141
3604,512,39000,76.171875
3605,512,37459,73.162109
3606,512,36041,70.392578
3607,512,38709,75.603516
3608,512,37292,72.835938
3609,512,36333,70.962891
3610,512,36583,71.451172
3611,512,36459,71.208984
3612,512,38959,76.091797
3613,512,36166,70.636719
3614,512,36708,71.695312
3615,512,38625,75.439453
3616,512,37500,73.242188
3617,512,37083,72.427734
3618,512,37875,73.974609
3619,512,36500,71.289062
3620,512,37125,72.509766
3621,512,35625,69.580078
3622,512,37375,72.998047
3623,512,36833,71.939453
3624,512,36666,71.613281
3625,512,37459,73.162109
3626,512,37875,73.974609
3627,512,37000,72.265625
3628,512,38416,75.031250
3629,512,35875,70.068359
3630,512,36417,71.126953
3631,512,37792,73.812500
3632,512,35500,69.335938
3633,512,38875,75.927734
3634,512,36125,70.556641
3635,512,38208,74.625000
3636,512,41167,80.404297
3637,512,37000,72.265625
3638,512,38833,75.845703
3639,512,37500,73.242188
3640,512,38250,74.707031
3641,512,34958,68.277344
3642,512,36000,70.312500
3643,512,38333,74.869141
3644,512,38709,75.603516
3645,512,35666,69.660156
3646,512,36750,71.777344
3647,512,39625,77.392578
3648,512,36208,70.718750
3649,512,34875,68.115234
3650,512,34167,66.732422
3651,512,37833,73.892578
3652,512,36375,71.044922
3653,512,38459,75.115234
3654,512,36958,72.183594
3655,512,38500,75.195312
3656,512,36917,72.103516
3657,512,36666,71.613281
3658,512,37542,73.324219
3659,512,36458,71.207031
3660,512,35958,70.230469
3661,512,36625,71.533203
3662,512,36375,71.044922
3663,512,38583,75.357422
3664,512,38875,75.927734
3665,512,37209,72.673828
3666,512,37375,72.998047
3667,512,36709,71.697266
3668,512,35250,68.847656
3669,512,38416,75.031250
3670,512,34708,67.789062
3671,512,39000,76.171875
3672,512,37334,72.917969
3673,512,35291,68.927734
3674,512,39042,76.253906
3675,512,38625,75.439453
3676,512,40958,79.996094
3677,512,37958,74.136719
3678,512,37542,73.324219
3679,512,39667,77.474609
3680,512,38375,74.951172
3681,512,37583,73.404297
3682,512,36333,70.962891
3683,512,35916,70.148438
3684,512,39084,76.335938
3685,512,34166,66.730469
3686,512,36750,71.777344
3687,512,39000,76.171875
3688,512,37709,73.650391
3689,512,35666,69.660156
3690,512,40292,78.695312
3691,512,36750,71.777344
3692,512,36083,70.474609
3693,512,38500,75.195312
3694,512,39959,78.044922
3695,512,38083,74.380859
3696,512,37041,72.345703
3697,512,41750,81.542969
3698,512,37375,72.998047
3699,512,48583,94.888672
3700,512,37542,73.324219
3701,512,37458,73.160156
3702,512,36166,70.636719
3703,512,36333,70.962891
3704,512,39334,76.824219
3705,512,37041,72.345703
3706,512,37708,73.648438
3707,512,36750,71.777344
3708,512,37708,73.648438
3709,512,37292,72.835938
3710,512,38667,75.521484
3711,512,37000,72.265625
3712,512,36375,71.044922
3713,512,39083,76.333984
3714,512,36792,71.859375
3715,512,36666,71.613281
3716,512,40792,79.671875
3717,512,36083,70.474609
3718,512,37208,72.671875
3719,512,37583,73.404297
3720,512,36584,71.453125
3721,512,41208,80.484375
3722,512,40583,79.263672
3723,512,39708,77.554688
3724,512,38917,76.009766
3725,512,37541,73.322266
3726,512,36250,70.800781
3727,512,37292,72.835938
3728,512,38750,75.683594
3729,512,38667,75.521484
3730,512,40458,79.019531
3731,512,35917,70.150391
3732,512,36334,70.964844
3733,512,38959,76.091797
3734,512,37334,72.917969
3735,512,37541,73.322266
3736,512,39542,77.230469
3737,512,38958,76.089844
3738,512,37584,73.406250
3739,512,38208,74.625000
3740,512,36583,71.451172
3741,512,38167,74.544922
3742,512,37500,73.242188
3743,512,40875,79.833984
3744,512,36916,72.101562
3745,512,36792,71.859375
3746,512,34916,68.195312
3747,512,38334,74.871094
3748,512,37750,73.730469
3749,512,37750,73.730469
3750,512,37084,72.429688
3751,512,38000,74.218750
3752,512,37292,72.835938
3753,512,38250,74.707031
3754,512,38542,75.277344
3755,512,37417,73.080078
3756,512,37875,73.974609
3757,512,41416,80.890625
3758,512,37500,73.242188
3759,512,38208,74.625000
3760,512,37459,73.162109
3761,512,38125,74.462891
3762,512,37292,72.835938
3763,512,38916,76.007812
3764,512,46125,90.087891
3765,512,40709,79.509766
3766,512,39333,76.822266
3767,512,36500,71.289062
3768,512,36208,70.718750
3769,512,36375,71.044922
3770,512,37625,73.486328
3771,512,37959,74.138672
3772,512,39458,77.066406
3773,512,39708,77.554688
3774,512,39791,77.716797
3775,512,38750,75.683594
3776,512,39042,76.253906
3777,512,41750,81.542969
3778,512,37959,74.138672
3779,512,38708,75.601562
3780,512,36958,72.183594
3781,512,36500,71.289062
3782,512,36750,71.777344
3783,512,36333,70.962891
3784,512,36792,71.859375
3785,512,37625,73.486328
3786,512,39541,77.228516
3787,512,38209,74.626953
3788,512,37583,73.404297
3789,512,38042,74.300781
3790,512,40583,79.263672
3791,512,39708,77.554688
3792,512,38917,76.009766
3793,512,35834,69.988281
3794,512,36541,71.369141
3795,512,36083,70.474609
3796,512,36334,70.964844
3797,512,38125,74.462891
3798,512,38458,75.113281
3799,512,37500,73.242188
3800,512,37583,73.404297
3801,512,36500,71.289062
3802,512,36292,70.882812
3803,512,37708,73.648438
3804,512,36500,71.289062
3805,512,36667,71.615234
3806,512,37208,72.671875
3807,512,38208,74.625000
3808,512,38458,75.113281
3809,512,36667,71.615234
3810,512,37875,73.974609
3811,512,40333,78.775391
3812,512,37167,72.591797
3813,512,35958,70.230469
3814,512,36750,71.777344
3815,512,38875,75.927734
3816,512,37709,73.650391
3817,512,40417,78.939453
3818,512,39791,77.716797
3819,512,38000,74.218750
3820,512,38084,74.382812
3821,512,39000,76.171875
3822,512,42291,82.599609
3823,512,38250,74.707031
3824,512,39667,77.474609
3825,512,38041,74.298828
3826,512,36959,72.185547
3827,512,37333,72.916016
3828,512,37833,73.892578
3829,512,37584,73.406250
3830,512,39166,76.496094
3831,512,36959,72.185547
3832,512,37792,73.812500
3833,512,36750,71.777344
3834,512,39541,77.228516
3835,512,38500,75.195312
3836,512,41333,80.728516
3837,512,36959,72.185547
3838,512,37292,72.835938
3839,512,37333,72.916016
3840,512,37542,73.324219
3841,512,38167,74.544922
3842,512,36500,71.289062
3843,512,37166,72.589844
3844,512,38667,75.521484
3845,512,36166,70.636719
3846,512,37917,74.056641
3847,512,35875,70.068359
3848,512,35833,69.986328
3849,512,36750,71.777344
3850,512,38250,74.707031
3851,512,37291,72.833984
3852,512,41125,80.322266
3853,512,34584,67.546875
3854,512,38291,74.787109
3855,512,36167,70.638672
3856,512,39416,76.984375
3857,512,37167,72.591797
3858,512,37750,73.730469
3859,512,37542,73.324219
3860,512,37833,73.892578
3861,512,36459,71.208984
3862,512,36125,70.556641
3863,512,36625,71.533203
3864,512,38000,74.218750
3865,512,36667,71.615234
3866,512,37125,72.509766
3867,512,36416,71.125000
3868,512,36375,71.044922
3869,512,36708,71.695312
3870,512,37750,73.730469
3871,512,39083,76.333984
3872,512,38583,75.357422
3873,512,35250,68.847656
3874,512,37333,72.916016
3875,512,36125,70.556641
3876,512,37166,72.589844
3877,512,37084,72.429688
3878,512,40417,78.939453
3879,512,36625,71.533203
3880,512,38750,75.683594
3881,512,39792,77.718750
3882,512,39917,77.962891
3883,512,38125,74.462891
3884,512,37791,73.810547
3885,512,36292,70.882812
3886,512,37041,72.345703
3887,512,37459,73.162109
3888,512,35833,69.986328
3889,512,36750,71.777344
3890,512,36750,71.777344
3891,512,36333,70.962891
3892,512,36167,70.638672
3893,512,37791,73.810547
3894,512,37209,72.673828
3895,512,36708,71.695312
3896,512,37458,73.160156
3897,512,37750,73.730469
3898,512,37167,72.591797
3899,512,34333,67.056641
3900,512,37709,73.650391
3901,512,35708,69.742188
3902,512,40791,79.669922
3903,512,36584,71.453125
3904,512,46334,90.496094
3905,512,37041,72.345703
3906,512,38542,75.277344
3907,512,37125,72.509766
3908,512,36833,71.939453
3909,512,38000,74.218750
3910,512,38583,75.357422
3911,512,37000,72.265625
3912,512,37292,72.835938
3913,512,35375,69.091797
3914,512,38125,74.462891
3915,512,36792,71.859375
3916,512,40166,78.449219
3917,512,38625,75.439453
3918,512,38375,74.951172
3919,512,37291,72.833984
3920,512,35625,69.580078
3921,512,38167,74.544922
3922,512,40375,78.857422
3923,512,36334,70.964844
3924,512,35625,69.580078
3925,512,37541,73.322266
3926,512,39500,77.148438
3927,512,39084,76.335938
3928,512,35291,68.927734
3929,512,35875,70.068359
3930,512,35667,69.662109
3931,512,40791,79.669922
3932,512,37584,73.406250
3933,512,38000,74.218750
3934,512,38000,74.218750
3935,512,36000,70.312500
3936,512,38125,74.462891
3937,512,35667,69.662109
3938,512,37250,72.753906
3939,512,36625,71.533203
3940,512,36750,71.777344
3941,512,36458,71.207031
3942,512,36208,70.718750
3943,512,36084,70.476562
3944,512,35709,69.744141
3945,512,36375,71.044922
3946,512,37625,73.486328
3947,512,36833,71.939453
3948,512,37291,72.833984
3949,512,38250,74.707031
3950,512,35833,69.986328
3951,512,36833,71.939453
3952,512,36334,70.964844
3953,512,38208,74.625000
3954,512,35792,69.906250
3955,512,36542,71.371094
3956,512,36625,71.533203
3957,512,35166,68.683594
3958,512,36875,72.021484
3959,512,38292,74.789062
3960,512,36333,70.962891
3961,512,36333,70.962891
3962,512,36209,70.720703
3963,512,36500,71.289062
3964,512,39834,77.800781
3965,512,38792,75.765625
3966,512,37625,73.486328
3967,512,35958,70.230469
3968,512,36500,71.289062
3969,512,38916,76.007812
3970,512,36750,71.777344
3971,512,37375,72.998047
3972,512,37375,72.998047
3973,512,38000,74.218750
3974,512,39500,77.148438
3975,512,38458,75.113281
3976,512,37500,73.242188
3977,512,37709,73.650391
3978,512,37959,74.138672
3979,512,37042,72.347656
3980,512,38625,75.439453
3981,512,37709,73.650391
3982,512,37417,73.080078
3983,512,36791,71.857422
3984,512,51834,101.238281
3985,512,35959,70.232422
3986,512,37458,73.160156
3987,512,39167,76.498047
3988,512,38958,76.089844
3989,512,39041,76.251953
3990,512,38042,74.300781
3991,512,38042,74.300781
3992,512,37334,72.917969
3993,512,38250,74.707031
3994,512,39541,77.228516
3995,512,37709,73.650391
3996,512,39042,76.253906
3997,512,37083,72.427734
3998,512,37667,73.568359
3999,512,37083,72.427734
4000,512,38292,74.789062
4001,512,36958,72.183594
4002,512,38250,74.707031
4003,512,38625,75.439453
4004,512,37333,72.916016
4005,512,39750,77.636719
4006,512,56625,110.595703
4007,512,45333,88.541016
4008,512,40167,78.451172
4009,512,39000,76.171875
4010,512,38416,75.031250
4011,512,40542,79.183594
4012,512,41583,81.216797
4013,512,37167,72.591797
4014,512,37458,73.160156
4015,512,35791,69.904297
4016,512,35917,70.150391
4017,512,39292,76.742188
4018,512,37417,73.080078
4019,512,36083,70.474609
4020,512,38000,74.218750
4021,512,39583,77.310547
4022,512,38875,75.927734
4023,512,38583,75.357422
4024,512,36375,71.044922
4025,512,39167,76.498047
4026,512,36375,71.044922
4027,512,36750,71.777344
4028,512,36750,71.777344
4029,512,37042,72.347656
4030,512,37458,73.160156
4031,512,37667,73.568359
4032,512,37292,72.835938
4033,512,36375,71.044922
4034,512,38291,74.787109
4035,512,36625,71.533203
4036,512,36875,72.021484
4037,512,37375,72.998047
4038,512,36084,70.476562
4039,512,37416,73.078125
4040,512,38167,74.544922
4041,512,39708,77.554688
4042,512,38042,74.300781
4043,512,36708,71.695312
4044,512,37208,72.671875
4045,512,38750,75.683594
4046,512,38541,75.275391
4047,512,37292,72.835938
4048,512,39625,77.392578
4049,512,39041,76.251953
4050,512,38750,75.683594
4051,512,37709,73.650391
4052,512,36916,72.101562
4053,512,38542,75.277344
4054,512,38667,75.521484
4055,512,37916,74.054688
4056,512,36833,71.939453
4057,512,37042,72.347656
4058,512,37208,72.671875
4059,512,36708,71.695312
4060,512,37042,72.347656
4061,512,36958,72.183594
4062,512,38875,75.927734
4063,512,40625,79.345703
4064,512,38333,74.869141
4065,512,38833,75.845703
4066,512,39125,76.416016
4067,512,36583,71.451172
4068,512,39083,76.333984
4069,512,36334,70.964844
4070,512,37625,73.486328
4071,512,37458,73.160156
4072,512,38208,74.625000
4073,512,38834,75.847656
4074,512,38833,75.845703
4075,512,39292,76.742188
4076,512,37334,72.917969
4077,512,38959,76.091797
4078,512,35875,70.068359
4079,512,36500,71.289062
4080,512,39041,76.251953
4081,512,39917,77.962891
4082,512,38583,75.357422
4083,512,36584,71.453125
4084,512,39125,76.416016
4085,512,36125,70.556641
4086,512,37666,73.566406
4087,512,37500,73.242188
4088,512,37542,73.324219
4089,512,36958,72.183594
4090,512,39084,76.335938
4091,512,36458,71.207031
4092,512,39292,76.742188
4093,512,38875,75.927734
4094,512,38792,75.765625
4095,512,38833,75.845703
4096,512,38292,74.789062
4097,512,39333,76.822266
4098,512,38917,76.009766
4099,512,34750,67.871094
4100,512,38125,74.462891
4101,512,38458,75.113281
4102,512,38417,75.033203
4103,512,38625,75.439453
4104,512,40209,78.533203
4105,512,36000,70.312500
4106,512,36541,71.369141
4107,512,38209,74.626953
4108,512,38584,75.359375
4109,512,37834,73.894531
4110,512,37791,73.810547
4111,512,40042,78.207031
4112,512,39958,78.042969
4113,512,39000,76.171875
4114,512,37834,73.894531
4115,512,38459,75.115234
4116,512,37584,73.406250
4117,512,39042,76.253906
4118,512,40125,78.369141
4119,512,39083,76.333984
4120,512,40791,79.669922
4121,512,39667,77.474609
4122,512,38833,75.845703
4123,512,39166,76.496094
4124,512,39667,77.474609
4125,512,39083,76.333984
4126,512,38542,75.277344
4127,512,39333,76.822266
4128,512,38667,75.521484
4129,512,38000,74.218750
4130,512,38292,74.789062
4131,512,37916,74.054688
4132,512,39417,76.986328
4133,512,39125,76.416016
4134,512,40750,79.589844
4135,512,38542,75.277344
4136,512,38667,75.521484
4137,512,38833,75.845703
4138,512,38167,74.544922
4139,512,37166,72.589844
4140,512,37208,72.671875
4141,512,39000,76.171875
4142,512,40458,79.019531
4143,512,39209,76.580078
4144,512,39625,77.392578
4145,512,36666,71.613281
4146,512,39167,76.498047
4147,512,39833,77.798828
4148,512,39542,77.230469
4149,512,39375,76.904297
4150,512,39167,76.498047
4151,512,37792,73.812500
4152,512,38750,75.683594
4153,512,39041,76.251953
4154,512,38000,74.218750
4155,512,38292,74.789062
4156,512,37083,72.427734
4157,512,37625,73.486328
4158,512,36709,71.697266
4159,512,39250,76.660156
4160,512,37167,72.591797
4161,512,36000,70.312500
4162,512,38708,75.601562
4163,512,37542,73.324219
4164,512,37833,73.892578
4165,512,37958,74.136719
4166,512,38334,74.871094
4167,512,38458,75.113281
4168,512,37250,72.753906
4169,512,38041,74.298828
4170,512,38958,76.089844
4171,512,36625,71.533203
4172,512,38958,76.089844
4173,512,37458,73.160156
4174,512,37458,73.160156
4175,512,38875,75.927734
4176,512,39084,76.335938
4177,512,36666,71.613281
4178,512,38000,74.218750
4179,512,37167,72.591797
4180,512,37042,72.347656
4181,512,37875,73.974609
4182,512,37375,72.998047
4183,512,37625,73.486328
4184,512,38458,75.113281
4185,512,38458,75.113281
4186,512,39542,77.230469
4187,512,38667,75.521484
4188,512,37541,73.322266
4189,512,37250,72.753906
4190,512,37458,73.160156
4191,512,37625,73.486328
4192,512,35917,70.150391
4193,512,38167,74.544922
4194,512,36791,71.857422
4195,512,38583,75.357422
4196,512,39250,76.660156
4197,512,37917,74.056641
4198,512,37250,72.753906
4199,512,37166,72.589844
4200,512,38792,75.765625
4201,512,38375,74.951172
4202,512,36833,71.939453
4203,512,38917,76.009766
4204,512,37709,73.650391
4205,512,38291,74.787109
4206,512,37083,72.427734
4207,512,34917,68.197266
4208,512,36542,71.371094
4209,512,37583,73.404297
4210,512,35083,68.521484
4211,512,39833,77.798828
4212,512,39459,77.068359
4213,512,38875,75.927734
4214,512,39917,77.962891
4215,512,37458,73.160156
4216,512,37208,72.671875
4217,512,38334,74.871094
4218,512,38542,75.277344
4219,512,36125,70.556641
4220,512,37041,72.345703
4221,512,38292,74.789062
4222,512,36292,70.882812
4223,512,37542,73.324219
4224,512,36000,70.312500
4225,512,38292,74.789062
4226,512,38125,74.462891
4227,512,40041,78.205078
4228,512,38250,74.707031
4229,512,38584,75.359375
4230,512,35458,69.253906
4231,512,36625,71.533203
4232,512,38459,75.115234
4233,512,37500,73.242188
4234,512,36750,71.777344
4235,512,38875,75.927734
4236,512,39250,76.660156
4237,512,38333,74.869141
4238,512,38667,75.521484
4239,512,38125,74.462891
4240,512,39667,77.474609
4241,512,36208,70.718750
4242,512,35959,70.232422
4243,512,39041,76.251953
4244,512,37750,73.730469
4245,512,37250,72.753906
4246,512,37042,72.347656
4247,512,38916,76.007812
4248,512,36834,71.941406
4249,512,38916,76.007812
4250,512,38208,74.625000
4251,512,38584,75.359375
4252,512,39708,77.554688
4253,512,37666,73.566406
4254,512,36375,71.044922
4255,512,37167,72.591797
4256,512,38167,74.544922
4257,512,37583,73.404297
4258,512,37750,73.730469
4259,512,38375,74.951172
4260,512,39459,77.068359
4261,512,38625,75.439453
4262,512,38375,74.951172
4263,512,39542,77.230469
4264,512,40917,79.916016
4265,512,37708,73.648438
4266,512,37875,73.974609
4267,512,37666,73.566406
4268,512,40584,79.265625
4269,512,39417,76.986328
4270,512,37042,72.347656
4271,512,38917,76.009766
4272,512,39625,77.392578
4273,512,39333,76.822266
4274,512,38083,74.380859
4275,512,38292,74.789062
4276,512,37250,72.753906
4277,512,38042,74.300781
4278,512,36834,71.941406
4279,512,38334,74.871094
4280,512,40292,78.695312
4281,512,38083,74.380859
4282,512,40250,78.613281
4283,512,40125,78.369141
4284,512,39541,77.228516
4285,512,38167,74.544922
4286,512,38042,74.300781
4287,512,37375,72.998047
4288,512,39000,76.171875
4289,512,37417,73.080078
4290,512,35667,69.662109
4291,512,36041,70.392578
4292,512,38750,75.683594
4293,512,40833,79.751953
4294,512,39042,76.253906
4295,512,40125,78.369141
4296,512,37708,73.648438
4297,512,38584,75.359375
4298,512,38041,74.298828
4299,512,36958,72.183594
4300,512,39167,76.498047
4301,512,40208,78.531250
4302,512,42041,82.111328
4303,512,37500,73.242188
4304,512,40500,79.101562
4305,512,38250,74.707031
4306,512,39084,76.335938
4307,512,38584,75.359375
4308,512,39041,76.251953
4309,512,37542,73.324219
4310,512,38708,75.601562
4311,512,40292,78.695312
4312,512,39208,76.578125
4313,512,38709,75.603516
4314,512,39250,76.660156
4315,512,45125,88.134766
4316,512,41000,80.078125
4317,512,38917,76.009766
4318,512,41750,81.542969
4319,512,37750,73.730469
4320,512,37333,72.916016
4321,512,38000,74.218750
4322,512,36458,71.207031
4323,512,39833,77.798828
4324,512,42625,83.251953
4325,512,39042,76.253906
4326,512,38459,75.115234
4327,512,36958,72.183594
4328,512,37708,73.648438
4329,512,35292,68.929688
4330,512,39833,77.798828
4331,512,37000,72.265625
4332,512,40583,79.263672
4333,512,40375,78.857422
4334,512,37708,73.648438
4335,512,38000,74.218750
4336,512,39542,77.230469
4337,512,41584,81.218750
4338,512,39166,76.496094
4339,512,39667,77.474609
4340,512,39417,76.986328
4341,512,39334,76.824219
4342,512,38084,74.382812
4343,512,36541,71.369141
4344,512,36917,72.103516
4345,512,39167,76.498047
4346,512,40125,78.369141
4347,512,40334,78.777344
4348,512,38750,75.683594
4349,512,37084,72.429688
4350,512,40917,79.916016
4351,512,39041,76.251953
4352,512,39625,77.392578
4353,512,37792,73.812500
4354,512,40333,78.775391
4355,512,37833,73.892578
4356,512,38292,74.789062
4357,512,37666,73.566406
4358,512,38792,75.765625
4359,512,36750,71.777344
4360,512,36708,71.695312
4361,512,36875,72.021484
4362,512,38708,75.601562
4363,512,37750,73.730469
4364,512,36584,71.453125
4365,512,36167,70.638672
4366,512,34833,68.033203
4367,512,36417,71.126953
4368,512,36375,71.044922
4369,512,36916,72.101562
4370,512,37459,73.162109
4371,512,37833,73.892578
4372,512,38333,74.869141
4373,512,37459,73.162109
4374,512,35959,70.232422
4375,512,36166,70.636719
4376,512,36125,70.556641
4377,512,37250,72.753906
4378,512,41250,80.566406
4379,512,35750,69.824219
4380,512,38583,75.357422
4381,512,37000,72.265625
4382,512,37708,73.648438
4383,512,40125,78.369141
4384,512,38791,75.763672
4385,512,37292,72.835938
4386,512,40291,78.693359
4387,512,37625,73.486328
4388,512,37916,74.054688
4389,512,37500,73.242188
4390,512,38084,74.382812
4391,512,36875,72.021484
4392,512,39791,77.716797
4393,512,38084,74.382812
4394,512,40541,79.181641
4395,512,36875,72.021484
4396,512,38000,74.218750
4397,512,38334,74.871094
4398,512,38125,74.462891
4399,512,38708,75.601562
4400,512,38417,75.033203
4401,512,37250,72.753906
4402,512,38625,75.439453
4403,512,37334,72.917969
4404,512,37750,73.730469
4405,512,38459,75.115234
4406,512,38250,74.707031
4407,512,37041,72.345703
4408,512,37500,73.242188
4409,512,36458,71.207031
4410,512,38667,75.521484
4411,512,36458,71.207031
4412,512,37166,72.589844
4413,512,36834,71.941406
4414,512,39000,76.171875
4415,512,37167,72.591797
4416,512,35833,69.986328
4417,512,36375,71.044922
4418,512,35583,69.498047
4419,512,41000,80.078125
4420,512,39833,77.798828
4421,512,41417,80.892578
4422,512,37791,73.810547
4423,512,38667,75.521484
4424,512,37708,73.648438
4425,512,39417,76.986328
4426,512,41083,80.240234
4427,512,38750,75.683594
4428,512,39542,77.230469
4429,512,37459,73.162109
4430,512,38083,74.380859
4431,512,38792,75.765625
4432,512,40250,78.613281
4433,512,38917,76.009766
4434,512,39000,76.171875
4435,512,37708,73.648438
4436,512,38625,75.439453
4437,512,39333,76.822266
4438,512,37792,73.812500
4439,512,39792,77.718750
4440,512,38292,74.789062
4441,512,39292,76.742188
4442,512,39125,76.416016
4443,512,39000,76.171875
4444,512,38375,74.951172
4445,512,36667,71.615234
4446,512,36583,71.451172
4447,512,39792,77.718750
4448,512,40625,79.345703
4449,512,38083,74.380859
4450,512,41708,81.460938
4451,512,38542,75.277344
4452,512,40625,79.345703
4453,512,39834,77.800781
4454,512,39500,77.148438
4455,512,39083,76.333984
4456,512,37708,73.648438
4457,512,38625,75.439453
4458,512,39666,77.472656
4459,512,38833,75.845703
4460,512,37459,73.162109
4461,512,39541,77.228516
4462,512,38417,75.033203
4463,512,38708,75.601562
4464,512,39959,78.044922
4465,512,37209,72.673828
4466,512,41000,80.078125
4467,512,39583,77.310547
4468,512,39417,76.986328
4469,512,39041,76.251953
4470,512,38625,75.439453
4471,512,38042,74.300781
4472,512,37750,73.730469
4473,512,38333,74.869141
4474,512,39417,76.986328
4475,512,37709,73.650391
4476,512,36875,72.021484
4477,512,38417,75.033203
4478,512,39583,77.310547
4479,512,40167,78.451172
4480,512,41083,80.240234
4481,512,38708,75.601562
4482,512,37292,72.835938
4483,512,39666,77.472656
4484,512,38458,75.113281
4485,512,38792,75.765625
4486,512,38791,75.763672
4487,512,39750,77.636719
4488,512,39625,77.392578
4489,512,39208,76.578125
4490,512,38958,76.089844
4491,512,37708,73.648438
4492,512,39667,77.474609
4493,512,39583,77.310547
4494,512,39000,76.171875
4495,512,40333,78.775391
4496,512,38833,75.845703
4497,512,36958,72.183594
4498,512,38375,74.951172
4499,512,40292,78.695312
4500,512,40291,78.693359
4501,512,38792,75.765625
4502,512,39666,77.472656
4503,512,37083,72.427734
4504,512,37959,74.138672
4505,512,37875,73.974609
4506,512,37417,73.080078
4507,512,37041,72.345703
4508,512,38625,75.439453
4509,512,38417,75.033203
4510,512,40125,78.369141
4511,512,38625,75.439453
4512,512,39167,76.498047
4513,512,38416,75.031250
4514,512,40167,78.451172
4515,512,38542,75.277344
4516,512,39083,76.333984
4517,512,41458,80.972656
4518,512,39042,76.253906
4519,512,39291,76.740234
4520,512,38000,74.218750
4521,512,38375,74.951172
4522,512,39417,76.986328
4523,512,37875,73.974609
4524,512,37583,73.404297
4525,512,37583,73.404297
4526,512,38125,74.462891
4527,512,38833,75.845703
4528,512,39833,77.798828
4529,512,38625,75.439453
4530,512,38125,74.462891
4531,512,39208,76.578125
4532,512,37375,72.998047
4533,512,37833,73.892578
4534,512,38417,75.033203
4535,512,38042,74.300781
4536,512,39000,76.171875
4537,512,42458,82.925781
4538,512,39542,77.230469
4539,512,38333,74.869141
4540,512,39125,76.416016
4541,512,38542,75.277344
4542,512,38333,74.869141
4543,512,37750,73.730469
4544,512,38666,75.519531
4545,512,40417,78.939453
4546,512,38708,75.601562
4547,512,38167,74.544922
4548,512,39041,76.251953
4549,512,41834,81.707031
4550,512,39125,76.416016
4551,512,40417,78.939453
4552,512,37625,73.486328
4553,512,39166,76.496094
4554,512,40417,78.939453
4555,512,40208,78.531250
4556,512,39708,77.554688
4557,512,45125,88.134766
4558,512,39750,77.636719
4559,512,42875,83.740234
4560,512,38750,75.683594
4561,512,38416,75.031250
4562,512,38750,75.683594
4563,512,37625,73.486328
4564,512,37958,74.136719
4565,512,40041,78.205078
4566,512,38459,75.115234
4567,512,38375,74.951172
4568,512,45792,89.437500
4569,512,39917,77.962891
4570,512,38791,75.763672
4571,512,37500,73.242188
4572,512,38875,75.927734
4573,512,40875,79.833984
4574,512,38292,74.789062
4575,512,38834,75.847656
4576,512,42750,83.496094
4577,512,41250,80.566406
4578,512,42750,83.496094
4579,512,36584,71.453125
4580,512,37875,73.974609
4581,512,36459,71.208984
4582,512,39291,76.740234
4583,512,39209,76.580078
4584,512,37125,72.509766
4585,512,36666,71.613281
4586,512,39750,77.636719
4587,512,38042,74.300781
4588,512,38083,74.380859
4589,512,37875,73.974609
4590,512,43458,84.878906
4591,512,43750,85.449219
4592,512,40541,79.181641
4593,512,39375,76.904297
4594,512,38083,74.380859
4595,512,39042,76.253906
4596,512,38250,74.707031
4597,512,38667,75.521484
4598,512,39084,76.335938
4599,512,39750,77.636719
4600,512,37708,73.648438
4601,512,37208,72.671875
4602,512,38459,75.115234
4603,512,37041,72.345703
4604,512,38542,75.277344
4605,512,39041,76.251953
4606,512,36083,70.474609
4607,512,38833,75.845703
4608,512,37209,72.673828
4609,512,37166,72.589844
4610,512,38292,74.789062
4611,512,37416,73.078125
4612,512,39375,76.904297
4613,512,40208,78.531250
4614,512,37042,72.347656
4615,512,39167,76.498047
4616,512,36833,71.939453
4617,512,40292,78.695312
4618,512,38375,74.951172
4619,512,39083,76.333984
4620,512,39458,77.066406
4621,512,38458,75.113281
4622,512,36083,70.474609
4623,512,47667,93.099609
4624,512,36958,72.183594
4625,512,39708,77.554688
4626,512,39500,77.148438
4627,512,37333,72.916016
4628,512,38709,75.603516
4629,512,37666,73.566406
4630,512,36834,71.941406
4631,512,38916,76.007812
4632,512,36375,71.044922
4633,512,40458,79.019531
4634,512,39834,77.800781
4635,512,40208,78.531250
4636,512,44375,86.669922
4637,512,38500,75.195312
4638,512,36292,70.882812
4639,512,38833,75.845703
4640,512,39250,76.660156
4641,512,37417,73.080078
4642,512,38041,74.298828
4643,512,43584,85.125000
4644,512,42916,83.820312
4645,512,39792,77.718750
4646,512,36791,71.857422
4647,512,36917,72.103516
4648,512,41208,80.484375
4649,512,38458,75.113281
4650,512,38583,75.357422
4651,512,37333,72.916016
4652,512,40959,79.998047
4653,512,38083,74.380859
4654,512,39542,77.230469
4655,512,38709,75.603516
4656,512,38250,74.707031
4657,512,38375,74.951172
4658,512,39000,76.171875
4659,512,38500,75.195312
4660,512,37584,73.406250
4661,512,39250,76.660156
4662,512,37375,72.998047
4663,512,38541,75.275391
4664,512,37583,73.404297
4665,512,37792,73.812500
4666,512,39625,77.392578
4667,512,37750,73.730469
4668,512,38917,76.009766
4669,512,38417,75.033203
4670,512,38750,75.683594
4671,512,40500,79.101562
4672,512,38584,75.359375
4673,512,39625,77.392578
4674,512,38250,74.707031
4675,512,36834,71.941406
4676,512,38166,74.542969
4677,512,38917,76.009766
4678,512,41042,80.160156
4679,512,39375,76.904297
4680,512,40625,79.345703
4681,512,41041,80.158203
4682,512,40750,79.589844
4683,512,39500,77.148438
4684,512,39167,76.498047
4685,512,39500,77.148438
4686,512,40041,78.205078
4687,512,40084,78.289062
4688,512,39250,76.660156
4689,512,40000,78.125000
4690,512,38542,75.277344
4691,512,40083,78.287109
4692,512,36917,72.103516
4693,512,38375,74.951172
4694,512,35583,69.498047
4695,512,37625,73.486328
4696,512,38625,75.439453
4697,512,38459,75.115234
4698,512,39250,76.660156
4699,512,40375,78.857422
4700,512,38041,74.298828
4701,512,38625,75.439453
4702,512,39167,76.498047
4703,512,37083,72.427734
4704,512,38375,74.951172
4705,512,38500,75.195312
4706,512,38875,75.927734
4707,512,37084,72.429688
4708,512,40333,78.775391
4709,512,37917,74.056641
4710,512,38500,75.195312
4711,512,39041,76.251953
4712,512,38959,76.091797
4713,512,42042,82.113281
4714,512,40667,79.427734
4715,512,37834,73.894531
4716,512,37250,72.753906
4717,512,39916,77.960938
4718,512,38250,74.707031
4719,512,38916,76.007812
4720,512,37834,73.894531
4721,512,37458,73.160156
4722,512,38667,75.521484
4723,512,39875,77.880859
4724,512,39125,76.416016
4725,512,40833,79.751953
4726,512,39625,77.392578
4727,512,37209,72.673828
4728,512,38041,74.298828
4729,512,37625,73.486328
4730,512,41625,81.298828
4731,512,39167,76.498047
4732,512,38416,75.031250
4733,512,37042,72.347656
4734,512,36125,70.556641
4735,512,39958,78.042969
4736,512,41292,80.648438
4737,512,37333,72.916016
4738,512,37667,73.568359
4739,512,40000,78.125000
4740,512,40333,78.775391
4741,512,39333,76.822266
4742,512,41334,80.730469
4743,512,37959,74.138672
4744,512,38542,75.277344
4745,512,38666,75.519531
4746,512,38542,75.277344
4747,512,38750,75.683594
4748,512,37792,73.812500
4749,512,40625,79.345703
4750,512,41375,80.810547
4751,512,39916,77.960938
4752,512,39459,77.068359
4753,512,37458,73.160156
4754,512,38791,75.763672
4755,512,37958,74.136719
4756,512,37125,72.509766
4757,512,40666,79.425781
4758,512,39917,77.962891
4759,512,41333,80.728516
4760,512,43541,85.041016
4761,512,45709,89.275391
4762,512,43208,84.390625
4763,512,39541,77.228516
4764,512,42833,83.658203
4765,512,38500,75.195312
4766,512,42375,82.763672
4767,512,39875,77.880859
4768,512,39333,76.822266
4769,512,38875,75.927734
4770,512,38917,76.009766
4771,512,38875,75.927734
4772,512,37667,73.568359
4773,512,40250,78.613281
4774,512,39708,77.554688
4775,512,37917,74.056641
4776,512,38208,74.625000
4777,512,38583,75.357422
4778,512,40041,78.205078
4779,512,39625,77.392578
4780,512,37584,73.406250
4781,512,39291,76.740234
4782,512,37208,72.671875
4783,512,39209,76.580078
4784,512,40709,79.509766
4785,512,38834,75.847656
4786,512,37958,74.136719
4787,512,38917,76.009766
4788,512,35208,68.765625
4789,512,36875,72.021484
4790,512,39000,76.171875
4791,512,39750,77.636719
4792,512,38042,74.300781
4793,512,38625,75.439453
4794,512,39667,77.474609
4795,512,38000,74.218750
4796,512,38084,74.382812
4797,512,36666,71.613281
4798,512,39708,77.554688
4799,512,39125,76.416016
4800,512,38667,75.521484
4801,512,40291,78.693359
4802,512,37459,73.162109
4803,512,40292,78.695312
4804,512,37625,73.486328
4805,512,37458,73.160156
4806,512,39458,77.066406
4807,512,38875,75.927734
4808,512,38667,75.521484
4809,512,38791,75.763672
4810,512,39958,78.042969
4811,512,37042,72.347656
4812,512,39500,77.148438
4813,512,41000,80.078125
4814,512,38834,75.847656
4815,512,39750,77.636719
4816,512,39541,77.228516
4817,512,38917,76.009766
4818,512,38250,74.707031
4819,512,40916,79.914062
4820,512,37750,73.730469
4821,512,40292,78.695312
4822,512,40958,79.996094
4823,512,39083,76.333984
4824,512,38958,76.089844
4825,512,39875,77.880859
4826,512,38584,75.359375
4827,512,40250,78.613281
4828,512,37834,73.894531
4829,512,39500,77.148438
4830,512,39125,76.416016
4831,512,39292,76.742188
4832,512,37916,74.054688
4833,512,40042,78.207031
4834,512,38750,75.683594
4835,512,38000,74.218750
4836,512,39166,76.496094
4837,512,39375,76.904297
4838,512,39167,76.498047
4839,512,45125,88.134766
4840,512,39292,76.742188
4841,512,40583,79.263672
4842,512,40958,79.996094
4843,512,37917,74.056641
4844,512,38625,75.439453
4845,512,40959,79.998047
4846,512,36291,70.880859
4847,512,39167,76.498047
4848,512,38083,74.380859
4849,512,37542,73.324219
4850,512,39000,76.171875
4851,512,38334,74.871094
4852,512,38791,75.763672
4853,512,39833,77.798828
4854,512,39334,76.824219
4855,512,41083,80.240234
4856,512,40000,78.125000
4857,512,39791,77.716797
4858,512,38584,75.359375
4859,512,37584,73.406250
4860,512,36208,70.718750
4861,512,43208,84.390625
4862,512,38375,74.951172
4863,512,39583,77.310547
4864,512,39375,76.904297
4865,512,39000,76.171875
4866,512,38417,75.033203
4867,512,39166,76.496094
4868,512,38375,74.951172
4869,512,39750,77.636719
4870,512,37750,73.730469
4871,512,37417,73.080078
4872,512,41750,81.542969
4873,512,39416,76.984375
4874,512,39875,77.880859
4875,512,39042,76.253906
4876,512,38375,74.951172
4877,512,38125,74.462891
4878,512,37208,72.671875
4879,512,35666,69.660156
4880,512,38292,74.789062
4881,512,40792,79.671875
4882,512,39833,77.798828
4883,512,36667,71.615234
4884,512,36709,71.697266
4885,512,38666,75.519531
4886,512,37709,73.650391
4887,512,39583,77.310547
4888,512,36833,71.939453
4889,512,38542,75.277344
4890,512,37667,73.568359
4891,512,37417,73.080078
4892,512,35916,70.148438
4893,512,37375,72.998047
4894,512,39083,76.333984
4895,512,37792,73.812500
4896,512,38541,75.275391
4897,512,41875,81.787109
4898,512,36709,71.697266
4899,512,36792,71.859375
4900,512,38416,75.031250
4901,512,40000,78.125000
4902,512,39291,76.740234
4903,512,37708,73.648438
4904,512,39542,77.230469
4905,512,40791,79.669922
4906,512,39208,76.578125
4907,512,39625,77.392578
4908,512,39500,77.148438
4909,512,36583,71.451172
4910,512,39834,77.800781
4911,512,42500,83.007812
4912,512,39333,76.822266
4913,512,36500,71.289062
4914,512,40625,79.345703
4915,512,39875,77.880859
4916,512,37084,72.429688
4917,512,37959,74.138672
4918,512,37334,72.917969
4919,512,39375,76.904297
4920,512,38459,75.115234
4921,512,38750,75.683594
4922,512,41584,81.218750
4923,512,49875,97.412109
4924,512,40458,79.019531
4925,512,38833,75.845703
4926,512,38750,75.683594
4927,512,39042,76.253906
4928,512,41750,81.542969
4929,512,39792,77.718750
4930,512,38167,74.544922
4931,512,38708,75.601562
4932,512,38667,75.521484
4933,512,37417,73.080078
4934,512,37708,73.648438
4935,512,37417,73.080078
4936,512,37208,72.671875
4937,512,39333,76.822266
4938,512,40167,78.451172
4939,512,39541,77.228516
4940,512,38958,76.089844
4941,512,39208,76.578125
4942,512,38709,75.603516
4943,512,39250,76.660156
4944,512,40167,78.451172
4945,512,40750,79.589844
4946,512,40916,79.914062
4947,512,39792,77.718750
4948,512,36625,71.533203
4949,512,38542,75.277344
4950,512,38333,74.869141
4951,512,39917,77.962891
4952,512,38791,75.763672
4953,512,40334,78.777344
4954,512,36125,70.556641
4955,512,38417,75.033203
4956,512,38917,76.009766
4957,512,37375,72.998047
4958,512,38875,75.927734
4959,512,38875,75.927734
4960,512,39167,76.498047
4961,512,37541,73.322266
4962,512,36625,71.533203
4963,512,34833,68.033203
4964,512,38417,75.033203
4965,512,40334,78.777344
4966,512,37000,72.265625
4967,512,45917,89.681641
4968,512,40917,79.916016
4969,512,39166,76.496094
4970,512,40250,78.613281
4971,512,38833,75.845703
4972,512,38584,75.359375
4973,512,36875,72.021484
4974,512,50625,98.876953
4975,512,35208,68.765625
4976,512,38417,75.033203
4977,512,37541,73.322266
4978,512,36209,70.720703
4979,512,36666,71.613281
4980,512,38542,75.277344
4981,512,36583,71.451172
4982,512,37042,72.347656
4983,512,37208,72.671875
4984,512,42541,83.087891
4985,512,38750,75.683594
4986,512,48792,95.296875
4987,512,41875,81.787109
4988,512,41958,81.949219
4989,512,38708,75.601562
4990,512,37667,73.568359
4991,512,38084,74.382812
4992,512,36459,71.208984
4993,512,40208,78.531250
4994,512,37792,73.812500
4995,512,40125,78.369141
4996,512,37083,72.427734
4997,512,38875,75.927734
4998,512,36583,71.451172
4999,512,36834,71.941406
5000,512,37541,73.322266
5001,512,39459,77.068359
5002,512,39291,76.740234
5003,512,40083,78.287109
5004,512,37875,73.974609
5005,512,37875,73.974609
5006,512,38667,75.521484
5007,512,37917,74.056641
5008,512,37791,73.810547
5009,512,36708,71.695312
5010,512,40250,78.613281
5011,512,38833,75.845703
5012,512,39000,76.171875
5013,512,44750,87.402344
5014,512,37292,72.835938
5015,512,36834,71.941406
5016,512,36709,71.697266
5017,512,37000,72.265625
5018,512,37458,73.160156
5019,512,39292,76.742188
5020,512,38416,75.031250
5021,512,36875,72.021484
5022,512,37250,72.753906
5023,512,38375,74.951172
5024,512,37166,72.589844
5025,512,36667,71.615234
5026,512,36708,71.695312
5027,512,37208,72.671875
5028,512,38125,74.462891
5029,512,37792,73.812500
5030,512,40542,79.183594
5031,512,37333,72.916016
5032,512,37500,73.242188
5033,512,34667,67.708984
5034,512,39375,76.904297
5035,512,38458,75.113281
5036,512,36875,72.021484
5037,512,38083,74.380859
5038,512,36875,72.021484
5039,512,37792,73.812500
5040,512,39667,77.474609
5041,512,40667,79.427734
5042,512,36625,71.533203
5043,512,36166,70.636719
5044,512,38250,74.707031
5045,512,36709,71.697266
5046,512,36500,71.289062
5047,512,38375,74.951172
5048,512,37709,73.650391
5049,512,37958,74.136719
5050,512,37541,73.322266
5051,512,37750,73.730469
5052,512,38459,75.115234
5053,512,37666,73.566406
5054,512,38542,75.277344
5055,512,39333,76.822266
5056,512,37958,74.136719
5057,512,37458,73.160156
5058,512,38125,74.462891
5059,512,38250,74.707031
5060,512,37625,73.486328
5061,512,36875,72.021484
5062,512,36583,71.451172
5063,512,37792,73.812500
5064,512,37916,74.054688
5065,512,38292,74.789062
5066,512,39375,76.904297
5067,512,37333,72.916016
5068,512,38250,74.707031
5069,512,36542,71.371094
5070,512,38958,76.089844
5071,512,38291,74.787109
5072,512,37584,73.406250
5073,512,37333,72.916016
5074,512,35833,69.986328
5075,512,35917,70.150391
5076,512,37334,72.917969
5077,512,36625,71.533203
5078,512,37166,72.589844
5079,512,36709,71.697266
5080,512,36834,71.941406
5081,512,36542,71.371094
5082,512,35583,69.498047
5083,512,37667,73.568359
5084,512,38000,74.218750
5085,512,37166,72.589844
5086,512,37000,72.265625
5087,512,37958,74.136719
5088,512,38750,75.683594
5089,512,37375,72.998047
5090,512,38375,74.951172
5091,512,40417,78.939453
5092,512,38875,75.927734
5093,512,37542,73.324219
5094,512,38667,75.521484
5095,512,37541,73.322266
5096,512,37959,74.138672
5097,512,37917,74.056641
5098,512,40416,78.937500
5099,512,35917,70.150391
5100,512,37458,73.160156
5101,512,37042,72.347656
5102,512,38375,74.951172
5103,512,39292,76.742188
5104,512,36666,71.613281
5105,512,36000,70.312500
5106,512,38042,74.300781
5107,512,37666,73.566406
5108,512,35625,69.580078
5109,512,38958,76.089844
5110,512,35292,68.929688
5111,512,38792,75.765625
5112,512,36083,70.474609
5113,512,38250,74.707031
5114,512,38958,76.089844
5115,512,37708,73.648438
5116,512,36667,71.615234
5117,512,37666,73.566406
5118,512,40667,79.427734
5119,512,37583,73.404297
5120,512,38125,74.462891
5121,512,39875,77.880859
5122,512,39625,77.392578
5123,512,39042,76.253906
5124,512,39667,77.474609
5125,512,38458,75.113281
5126,512,37375,72.998047
5127,512,39000,76.171875
5128,512,38167,74.544922
5129,512,37208,72.671875
5130,512,39541,77.228516
5131,512,38083,74.380859
5132,512,39500,77.148438
5133,512,37500,73.242188
5134,512,37000,72.265625
5135,512,38875,75.927734
5136,512,37875,73.974609
5137,512,39167,76.498047
5138,512,37250,72.753906
5139,512,37250,72.753906
5140,512,37916,74.054688
5141,512,38250,74.707031
5142,512,38125,74.462891
5143,512,37334,72.917969
5144,512,38209,74.626953
5145,512,36750,71.777344
5146,512,36042,70.394531
5147,512,37583,73.404297
5148,512,38042,74.300781
5149,512,37916,74.054688
5150,512,36875,72.021484
5151,512,36875,72.021484
5152,512,37541,73.322266
5153,512,37083,72.427734
5154,512,37958,74.136719
5155,512,38083,74.380859
5156,512,37709,73.650391
5157,512,39291,76.740234
5158,512,38417,75.033203
5159,512,37000,72.265625
5160,512,39542,77.230469
5161,512,37708,73.648438
5162,512,37584,73.406250
5163,512,38625,75.439453
5164,512,38833,75.845703
5165,512,38833,75.845703
5166,512,37833,73.892578
5167,512,36208,70.718750
5168,512,38042,74.300781
5169,512,37792,73.812500
5170,512,38708,75.601562
5171,512,36458,71.207031
5172,512,36917,72.103516
5173,512,36667,71.615234
5174,512,38792,75.765625
5175,512,38041,74.298828
5176,512,38834,75.847656
5177,512,39792,77.718750
5178,512,37792,73.812500
5179,512,38334,74.871094
5180,512,37250,72.753906
5181,512,38458,75.113281
5182,512,38000,74.218750
5183,512,44625,87.158203
5184,512,37500,73.242188
5185,512,38250,74.707031
5186,512,38333,74.869141
5187,512,37334,72.917969
5188,512,37291,72.833984
5189,512,43334,84.636719
5190,512,39625,77.392578
5191,512,38375,74.951172
5192,512,38542,75.277344
5193,512,38791,75.763672
5194,512,40625,79.345703
5195,512,43292,84.554688
5196,512,36750,71.777344
5197,512,40917,79.916016
5198,512,38375,74.951172
5199,512,37166,72.589844
5200,512,40875,79.833984
5201,512,42750,83.496094
5202,512,43750,85.449219
5203,512,47750,93.261719
5204,512,44916,87.726562
5205,512,35958,70.230469
5206,512,35875,70.068359
5207,512,35875,70.068359
5208,512,36959,72.185547
5209,512,37333,72.916016
5210,512,36708,71.695312
5211,512,37625,73.486328
5212,512,37625,73.486328
5213,512,37041,72.345703
5214,512,37708,73.648438
5215,512,36709,71.697266
5216,512,39375,76.904297
5217,512,38375,74.951172
5218,512,37500,73.242188
5219,512,36458,71.207031
5220,512,37583,73.404297
5221,512,37667,73.568359
5222,512,39125,76.416016
5223,512,38083,74.380859
5224,512,37583,73.404297
5225,512,37084,72.429688
5226,512,38542,75.277344
5227,512,40208,78.531250
5228,512,37083,72.427734
5229,512,36875,72.021484
5230,512,38000,74.218750
5231,512,37250,72.753906
5232,512,38541,75.275391
5233,512,37750,73.730469
5234,512,37959,74.138672
5235,512,36125,70.556641
5236,512,36958,72.183594
5237,512,36958,72.183594
5238,512,38000,74.218750
5239,512,38000,74.218750
5240,512,38625,75.439453
5241,512,40375,78.857422
5242,512,40333,78.775391
5243,512,36375,71.044922
5244,512,36667,71.615234
5245,512,37166,72.589844
5246,512,38417,75.033203
5247,512,36583,71.451172
5248,512,36958,72.183594
5249,512,37208,72.671875
5250,512,38250,74.707031
5251,512,38292,74.789062
5252,512,38166,74.542969
5253,512,38209,74.626953
5254,512,37291,72.833984
5255,512,37208,72.671875
5256,512,37875,73.974609
5257,512,37459,73.162109
5258,512,38459,75.115234
5259,512,38833,75.845703
5260,512,36750,71.777344
5261,512,39750,77.636719
5262,512,36791,71.857422
5263,512,39000,76.171875
5264,512,39083,76.333984
5265,512,38542,75.277344
5266,512,38000,74.218750
5267,512,37833,73.892578
5268,512,40000,78.125000
5269,512,36000,70.312500
5270,512,35959,70.232422
5271,512,36500,71.289062
5272,512,36959,72.185547
5273,512,38083,74.380859
5274,512,39000,76.171875
5275,512,36666,71.613281
5276,512,37042,72.347656
5277,512,36875,72.021484
5278,512,36084,70.476562
5279,512,36375,71.044922
5280,512,37583,73.404297
5281,512,37958,74.136719
5282,512,37958,74.136719
5283,512,37500,73.242188
5284,512,42667,83.333984
5285,512,44625,87.158203
5286,512,37666,73.566406
5287,512,35709,69.744141
5288,512,38209,74.626953
5289,512,37459,73.162109
5290,512,38916,76.007812
5291,512,37083,72.427734
5292,512,36417,71.126953
5293,512,38000,74.218750
5294,512,38334,74.871094
5295,512,39959,78.044922
5296,512,37334,72.917969
5297,512,38084,74.382812
5298,512,37625,73.486328
5299,512,37333,72.916016
5300,512,38083,74.380859
5301,512,36125,70.556641
5302,512,37917,74.056641
5303,512,41333,80.728516
5304,512,39125,76.416016
5305,512,35792,69.906250
5306,512,37125,72.509766
5307,512,38292,74.789062
5308,512,37333,72.916016
5309,512,38583,75.357422
5310,512,36250,70.800781
5311,512,37167,72.591797
5312,512,37500,73.242188
5313,512,36625,71.533203
5314,512,38042,74.300781
5315,512,36125,70.556641
5316,512,38500,75.195312
5317,512,38542,75.277344
5318,512,37917,74.056641
5319,512,37542,73.324219
5320,512,37542,73.324219
5321,512,38333,74.869141
5322,512,36292,70.882812
5323,512,37333,72.916016
5324,512,36000,70.312500
5325,512,38416,75.031250
5326,512,37834,73.894531
5327,512,38958,76.089844
5328,512,37958,74.136719
5329,512,37250,72.753906
5330,512,37959,74.138672
5331,512,37166,72.589844
5332,512,37834,73.894531
5333,512,37209,72.673828
5334,512,38416,75.031250
5335,512,37334,72.917969
5336,512,39208,76.578125
5337,512,38000,74.218750
5338,512,37458,73.160156
5339,512,36459,71.208984
5340,512,35833,69.986328
5341,512,35958,70.230469
5342,512,37708,73.648438
5343,512,38792,75.765625
5344,512,37292,72.835938
5345,512,39375,76.904297
5346,512,38709,75.603516
5347,512,36834,71.941406
5348,512,37000,72.265625
5349,512,41334,80.730469
5350,512,37375,72.998047
5351,512,37750,73.730469
5352,512,38500,75.195312
5353,512,39083,76.333984
5354,512,38292,74.789062
5355,512,36792,71.859375
5356,512,38584,75.359375
5357,512,37541,73.322266
5358,512,36709,71.697266
5359,512,37792,73.812500
5360,512,35750,69.824219
5361,512,42292,82.601562
5362,512,38709,75.603516
5363,512,40291,78.693359
5364,512,37292,72.835938
5365,512,38166,74.542969
5366,512,36959,72.185547
5367,512,36291,70.880859
5368,512,38875,75.927734
5369,512,37083,72.427734
5370,512,36125,70.556641
5371,512,37667,73.568359
5372,512,38500,75.195312
5373,512,37500,73.242188
5374,512,36583,71.451172
5375,512,37083,72.427734
5376,512,37500,73.242188
5377,512,36792,71.859375
5378,512,39459,77.068359
5379,512,39334,76.824219
5380,512,39875,77.880859
5381,512,38958,76.089844
5382,512,38750,75.683594
5383,512,39042,76.253906
5384,512,38125,74.462891
5385,512,38917,76.009766
5386,512,39166,76.496094
5387,512,36125,70.556641
5388,512,37833,73.892578
5389,512,37042,72.347656
5390,512,36584,71.453125
5391,512,39291,76.740234
5392,512,37042,72.347656
5393,512,38000,74.218750
5394,512,37791,73.810547
5395,512,37333,72.916016
5396,512,38333,74.869141
5397,512,35625,69.580078
5398,512,36000,70.312500
5399,512,37750,73.730469
5400,512,38917,76.009766
5401,512,39667,77.474609
5402,512,39750,77.636719
5403,512,39291,76.740234
5404,512,40583,79.263672
5405,512,38250,74.707031
5406,512,39375,76.904297
5407,512,37375,72.998047
5408,512,37291,72.833984
5409,512,37917,74.056641
5410,512,37625,73.486328
5411,512,37917,74.056641
5412,512,37083,72.427734
5413,512,37250,72.753906
5414,512,38208,74.625000
5415,512,36584,71.453125
5416,512,37458,73.160156
5417,512,37375,72.998047
5418,512,36916,72.101562
5419,512,37375,72.998047
5420,512,37833,73.892578
5421,512,40292,78.695312
5422,512,45875,89.599609
5423,512,46875,91.552734
5424,512,39917,77.962891
5425,512,37417,73.080078
5426,512,36542,71.371094
5427,512,36584,71.453125
5428,512,39125,76.416016
5429,512,39041,76.251953
5430,512,39583,77.310547
5431,512,36875,72.021484
5432,512,38709,75.603516
5433,512,35833,69.986328
5434,512,36958,72.183594
5435,512,36666,71.613281
5436,512,36834,71.941406
5437,512,38708,75.601562
5438,512,36125,70.556641
5439,512,37375,72.998047
5440,512,41333,80.728516
5441,512,38750,75.683594
5442,512,37500,73.242188
5443,512,35792,69.906250
5444,512,39125,76.416016
5445,512,37208,72.671875
5446,512,38250,74.707031
5447,512,37042,72.347656
5448,512,37125,72.509766
5449,512,37375,72.998047
5450,512,37834,73.894531
5451,512,37125,72.509766
5452,512,35750,69.824219
5453,512,36916,72.101562
5454,512,35500,69.335938
5455,512,38000,74.218750
5456,512,38709,75.603516
5457,512,36459,71.208984
5458,512,37333,72.916016
5459,512,35375,69.091797
5460,512,39750,77.636719
5461,512,37500,73.242188
5462,512,37041,72.345703
5463,512,37375,72.998047
5464,512,35750,69.824219
5465,512,37250,72.753906
5466,512,41125,80.322266
5467,512,38167,74.544922
5468,512,44583,87.076172
5469,512,38417,75.033203
5470,512,35875,70.068359
5471,512,37750,73.730469
5472,512,39334,76.824219
5473,512,39833,77.798828
5474,512,38917,76.009766
5475,512,37375,72.998047
5476,512,36708,71.695312
5477,512,37042,72.347656
5478,512,37959,74.138672
5479,512,36709,71.697266
5480,512,36333,70.962891
5481,512,36000,70.312500
5482,512,39542,77.230469
5483,512,37333,72.916016
5484,512,36208,70.718750
5485,512,36875,72.021484
5486,512,36125,70.556641
5487,512,36208,70.718750
5488,512,37958,74.136719
5489,512,38208,74.625000
5490,512,39042,76.253906
5491,512,39792,77.718750
5492,512,37417,73.080078
5493,512,36750,71.777344
5494,512,37375,72.998047
5495,512,39542,77.230469
5496,512,41792,81.625000
5497,512,36208,70.718750
5498,512,37958,74.136719
5499,512,37250,72.753906
5500,512,55875,109.130859
5501,512,36416,71.125000
5502,512,36875,72.021484
5503,512,36542,71.371094
5504,512,38000,74.218750
5505,512,37708,73.648438
5506,512,36917,72.103516
5507,512,38208,74.625000
5508,512,36125,70.556641
5509,512,39291,76.740234
5510,512,37334,72.917969
5511,512,37708,73.648438
5512,512,37625,73.486328
5513,512,37208,72.671875
5514,512,38084,74.382812
5515,512,38916,76.007812
5516,512,39458,77.066406
5517,512,39625,77.392578
5518,512,38417,75.033203
5519,512,37833,73.892578
5520,512,37417,73.080078
5521,512,38583,75.357422
5522,512,38500,75.195312
5523,512,37417,73.080078
5524,512,36583,71.451172
5525,512,37542,73.324219
5526,512,37166,72.589844
5527,512,37500,73.242188
5528,512,37625,73.486328
5529,512,37292,72.835938
5530,512,39584,77.312500
5531,512,35958,70.230469
5532,512,36833,71.939453
5533,512,38125,74.462891
5534,512,36750,71.777344
5535,512,36958,72.183594
5536,512,37917,74.056641
5537,512,37916,74.054688
5538,512,36667,71.615234
5539,512,38000,74.218750
5540,512,38167,74.544922
5541,512,37917,74.056641
5542,512,37792,73.812500
5543,512,37542,73.324219
5544,512,38875,75.927734
5545,512,36500,71.289062
5546,512,37958,74.136719
5547,512,37167,72.591797
5548,512,39375,76.904297
5549,512,38125,74.462891
5550,512,36500,71.289062
5551,512,38625,75.439453
5552,512,37250,72.753906
5553,512,36125,70.556641
5554,512,37250,72.753906
5555,512,35834,69.988281
5556,512,37375,72.998047
5557,512,36000,70.312500
5558,512,36333,70.962891
5559,512,37584,73.406250
5560,512,38167,74.544922
5561,512,38916,76.007812
5562,512,36167,70.638672
5563,512,37083,72.427734
5564,512,38458,75.113281
5565,512,36334,70.964844
5566,512,38209,74.626953
5567,512,38958,76.089844
5568,512,38875,75.927734
5569,512,38500,75.195312
5570,512,37792,73.812500
5571,512,36833,71.939453
5572,512,36708,71.695312
5573,512,36875,72.021484
5574,512,38083,74.380859
5575,512,37833,73.892578
5576,512,39458,77.066406
5577,512,37250,72.753906
5578,512,39125,76.416016
5579,512,38000,74.218750
5580,512,38166,74.542969
5581,512,38875,75.927734
5582,512,38417,75.033203
5583,512,35459,69.255859
5584,512,37833,73.892578
5585,512,40166,78.449219
5586,512,38084,74.382812
5587,512,38125,74.462891
5588,512,37667,73.568359
5589,512,47458,92.691406
5590,512,37917,74.056641
5591,512,38333,74.869141
5592,512,37167,72.591797
5593,512,37333,72.916016
5594,512,37958,74.136719
5595,512,42667,83.333984
5596,512,38458,75.113281
5597,512,48375,94.482422
5598,512,40292,78.695312
5599,512,36375,71.044922
5600,512,37333,72.916016
5601,512,38042,74.300781
5602,512,37375,72.998047
5603,512,37792,73.812500
5604,512,38541,75.275391
5605,512,38375,74.951172
5606,512,37958,74.136719
5607,512,36750,71.777344
5608,512,37208,72.671875
5609,512,36792,71.859375
5610,512,38542,75.277344
5611,512,42250,82.519531
5612,512,40125,78.369141
5613,512,37417,73.080078
5614,512,39000,76.171875
5615,512,35709,69.744141
5616,512,39875,77.880859
5617,512,37334,72.917969
5618,512,36791,71.857422
5619,512,38084,74.382812
5620,512,38458,75.113281
5621,512,39000,76.171875
5622,512,38250,74.707031
5623,512,40666,79.425781
5624,512,39208,76.578125
5625,512,38958,76.089844
5626,512,37334,72.917969
5627,512,40041,78.205078
5628,512,40459,79.021484
5629,512,36750,71.777344
5630,512,42500,83.007812
5631,512,43792,85.531250
5632,512,38750,75.683594
5633,512,37625,73.486328
5634,512,37041,72.345703
5635,512,38084,74.382812
5636,512,37208,72.671875
5637,512,36625,71.533203
5638,512,38250,74.707031
5639,512,43333,84.634766
5640,512,43584,85.125000
5641,512,46041,89.923828
5642,512,43458,84.878906
5643,512,36833,71.939453
5644,512,37750,73.730469
5645,512,36959,72.185547
5646,512,37458,73.160156
5647,512,36291,70.880859
5648,512,37208,72.671875
5649,512,36875,72.021484
5650,512,37583,73.404297
5651,512,38333,74.869141
5652,512,37500,73.242188
5653,512,37792,73.812500
5654,512,37625,73.486328
5655,512,36750,71.777344
5656,512,35375,69.091797
5657,512,36875,72.021484
5658,512,36625,71.533203
5659,512,36833,71.939453
5660,512,37292,72.835938
5661,512,36125,70.556641
5662,512,37458,73.160156
5663,512,35708,69.742188
5664,512,39375,76.904297
5665,512,37125,72.509766
5666,512,38417,75.033203
5667,512,38041,74.298828
5668,512,36542,71.371094
5669,512,37083,72.427734
5670,512,38375,74.951172
5671,512,39916,77.960938
5672,512,39334,76.824219
5673,512,38500,75.195312
5674,512,40167,78.451172
5675,512,37208,72.671875
5676,512,36583,71.451172
5677,512,37000,72.265625
5678,512,38417,75.033203
5679,512,36209,70.720703
5680,512,38208,74.625000
5681,512,36583,71.451172
5682,512,37333,72.916016
5683,512,38209,74.626953
5684,512,36625,71.533203
5685,512,36625,71.533203
5686,512,35500,69.335938
5687,512,37750,73.730469
5688,512,37208,72.671875
5689,512,36125,70.556641
5690,512,37000,72.265625
5691,512,36125,70.556641
5692,512,36125,70.556641
5693,512,34792,67.953125
5694,512,36709,71.697266
5695,512,34625,67.626953
5696,512,40250,78.613281
5697,512,37375,72.998047
5698,512,35709,69.744141
5699,512,37292,72.835938
5700,512,37292,72.835938
5701,512,37500,73.242188
5702,512,37958,74.136719
5703,512,37625,73.486328
5704,512,36250,70.800781
5705,512,36916,72.101562
5706,512,39375,76.904297
5707,512,36375,71.044922
5708,512,36375,71.044922
5709,512,37208,72.671875
5710,512,37792,73.812500
5711,512,36833,71.939453
5712,512,36292,70.882812
5713,512,39541,77.228516
5714,512,37375,72.998047
5715,512,38333,74.869141
5716,512,38208,74.625000
5717,512,37750,73.730469
5718,512,36250,70.800781
5719,512,41792,81.625000
5720,512,36042,70.394531
5721,512,36917,72.103516
5722,512,37583,73.404297
5723,512,39125,76.416016
5724,512,39417,76.986328
5725,512,39500,77.148438
5726,512,38875,75.927734
5727,512,40584,79.265625
5728,512,40875,79.833984
5729,512,35500,69.335938
5730,512,38750,75.683594
5731,512,36917,72.103516
5732,512,40000,78.125000
5733,512,39083,76.333984
5734,512,36250,70.800781
5735,512,36542,71.371094
5736,512,38583,75.357422
5737,512,36333,70.962891
5738,512,37708,73.648438
5739,512,37042,72.347656
5740,512,37666,73.566406
5741,512,39042,76.253906
5742,512,34833,68.033203
5743,512,39166,76.496094
5744,512,37792,73.812500
5745,512,38541,75.275391
5746,512,38000,74.218750
5747,512,36042,70.394531
5748,512,36750,71.777344
5749,512,38208,74.625000
5750,512,37750,73.730469
5751,512,40208,78.531250
5752,512,38708,75.601562
5753,512,36125,70.556641
5754,512,36292,70.882812
5755,512,36917,72.103516
5756,512,39417,76.986328
5757,512,40292,78.695312
5758,512,38208,74.625000
5759,512,38167,74.544922
5760,512,37542,73.324219
5761,512,38500,75.195312
5762,512,38209,74.626953
5763,512,38583,75.357422
5764,512,35958,70.230469
5765,512,36667,71.615234
5766,512,40000,78.125000
5767,512,38625,75.439453
5768,512,36500,71.289062
5769,512,36333,70.962891
5770,512,37959,74.138672
5771,512,37209,72.673828
5772,512,37041,72.345703
5773,512,38500,75.195312
5774,512,38625,75.439453
5775,512,37167,72.591797
5776,512,36291,70.880859
5777,512,37542,73.324219
5778,512,38625,75.439453
5779,512,38500,75.195312
5780,512,37083,72.427734
5781,512,38375,74.951172
5782,512,38125,74.462891
5783,512,37958,74.136719
5784,512,41042,80.160156
5785,512,42083,82.193359
5786,512,35583,69.498047
5787,512,37334,72.917969
5788,512,37334,72.917969
5789,512,37916,74.054688
5790,512,39084,76.335938
5791,512,40250,78.613281
5792,512,38334,74.871094
5793,512,36666,71.613281
5794,512,38292,74.789062
5795,512,39291,76.740234
5796,512,39292,76.742188
5797,512,40208,78.531250
5798,512,38625,75.439453
5799,512,38250,74.707031
5800,512,39250,76.660156
5801,512,41041,80.158203
5802,512,40625,79.345703
5803,512,37459,73.162109
5804,512,37250,72.753906
5805,512,37291,72.833984
5806,512,39959,78.044922
5807,512,36750,71.777344
5808,512,36959,72.185547
5809,512,37083,72.427734
5810,512,37375,72.998047
5811,512,37833,73.892578
5812,512,37500,73.242188
5813,512,38500,75.195312
5814,512,40333,78.775391
5815,512,39209,76.580078
5816,512,38042,74.300781
5817,512,38000,74.218750
5818,512,37292,72.835938
5819,512,38042,74.300781
5820,512,38041,74.298828
5821,512,40542,79.183594
5822,512,38417,75.033203
5823,512,38875,75.927734
5824,512,38791,75.763672
5825,512,37542,73.324219
5826,512,35083,68.521484
5827,512,38750,75.683594
5828,512,41083,80.240234
5829,512,36250,70.800781
5830,512,36750,71.777344
5831,512,37625,73.486328
5832,512,38167,74.544922
5833,512,40041,78.205078
5834,512,39375,76.904297
5835,512,36625,71.533203
5836,512,37750,73.730469
5837,512,39917,77.962891
5838,512,37708,73.648438
5839,512,37750,73.730469
5840,512,37125,72.509766
5841,512,39125,76.416016
5842,512,37667,73.568359
5843,512,39292,76.742188
5844,512,39250,76.660156
5845,512,38750,75.683594
5846,512,38333,74.869141
5847,512,39167,76.498047
5848,512,38791,75.763672
5849,512,36959,72.185547
5850,512,36875,72.021484
5851,512,37000,72.265625
5852,512,36292,70.882812
5853,512,40459,79.021484
5854,512,37625,73.486328
5855,512,36458,71.207031
5856,512,38083,74.380859
5857,512,37792,73.812500
5858,512,40500,79.101562
5859,512,39167,76.498047
5860,512,47250,92.285156
5861,512,49417,96.517578
5862,512,38250,74.707031
5863,512,38958,76.089844
5864,512,38542,75.277344
5865,512,37167,72.591797
5866,512,39333,76.822266
5867,512,37458,73.160156
5868,512,40292,78.695312
5869,512,37292,72.835938
5870,512,36917,72.103516
5871,512,39250,76.660156
5872,512,36959,72.185547
5873,512,38708,75.601562
5874,512,38875,75.927734
5875,512,38625,75.439453
5876,512,38500,75.195312
5877,512,36791,71.857422
5878,512,37917,74.056641
5879,512,36791,71.857422
5880,512,36292,70.882812
5881,512,37625,73.486328
5882,512,39042,76.253906
5883,512,38625,75.439453
5884,512,37000,72.265625
5885,512,34792,67.953125
5886,512,38459,75.115234
5887,512,35750,69.824219
5888,512,36542,71.371094
5889,512,38041,74.298828
5890,512,39542,77.230469
5891,512,35500,69.335938
5892,512,39459,77.068359
5893,512,37125,72.509766
5894,512,37041,72.345703
5895,512,37209,72.673828
5896,512,37333,72.916016
5897,512,37500,73.242188
5898,512,39166,76.496094
5899,512,36459,71.208984
5900,512,38917,76.009766
5901,512,37333,72.916016
5902,512,37500,73.242188
5903,512,37291,72.833984
5904,512,38209,74.626953
5905,512,40166,78.449219
5906,512,37750,73.730469
5907,512,37542,73.324219
5908,512,39417,76.986328
5909,512,42834,83.660156
5910,512,44375,86.669922
5911,512,37750,73.730469
5912,512,36959,72.185547
5913,512,40416,78.937500
5914,512,38042,74.300781
5915,512,39875,77.880859
5916,512,39042,76.253906
5917,512,37750,73.730469
5918,512,38625,75.439453
5919,512,40042,78.207031
5920,512,38875,75.927734
5921,512,37583,73.404297
5922,512,35542,69.417969
5923,512,38416,75.031250
5924,512,37667,73.568359
5925,512,37625,73.486328
5926,512,37959,74.138672
5927,512,38875,75.927734
5928,512,38584,75.359375
5929,512,37584,73.406250
5930,512,40125,78.369141
5931,512,37917,74.056641
5932,512,41083,80.240234
5933,512,36583,71.451172
5934,512,37333,72.916016
5935,512,37125,72.509766
5936,512,37417,73.080078
5937,512,35875,70.068359
5938,512,35292,68.929688
5939,512,36958,72.183594
5940,512,38416,75.031250
5941,512,39417,76.986328
5942,512,37166,72.589844
5943,512,38667,75.521484
5944,512,39000,76.171875
5945,512,40167,78.451172
5946,512,39167,76.498047
5947,512,39208,76.578125
5948,512,38167,74.544922
5949,512,38959,76.091797
5950,512,38834,75.847656
5951,512,38625,75.439453
5952,512,38083,74.380859
5953,512,35917,70.150391
5954,512,37750,73.730469
5955,512,38291,74.787109
5956,512,38208,74.625000
5957,512,39125,76.416016
5958,512,38875,75.927734
5959,512,40292,78.695312
5960,512,37208,72.671875
5961,512,37875,73.974609
5962,512,38541,75.275391
5963,512,38000,74.218750
5964,512,38458,75.113281
5965,512,37875,73.974609
5966,512,40500,79.101562
5967,512,38083,74.380859
5968,512,37250,72.753906
5969,512,37209,72.673828
5970,512,37083,72.427734
5971,512,36000,70.312500
5972,512,37791,73.810547
5973,512,38250,74.707031
5974,512,39625,77.392578
5975,512,38833,75.845703
5976,512,37625,73.486328
5977,512,37458,73.160156
5978,512,38334,74.871094
5979,512,39916,77.960938
5980,512,37958,74.136719
5981,512,36625,71.533203
5982,512,40250,78.613281
5983,512,39292,76.742188
5984,512,37667,73.568359
5985,512,39083,76.333984
5986,512,37167,72.591797
5987,512,36917,72.103516
5988,512,38208,74.625000
5989,512,39459,77.068359
5990,512,39500,77.148438
5991,512,37042,72.347656
5992,512,38833,75.845703
5993,512,37500,73.242188
5994,512,39042,76.253906
5995,512,36791,71.857422
5996,512,37542,73.324219
5997,512,37667,73.568359
5998,512,38333,74.869141
5999,512,39000,76.171875
6000,512,37750,73.730469
6001,512,37334,72.917969
6002,512,37542,73.324219
6003,512,38791,75.763672
6004,512,39250,76.660156
6005,512,37417,73.080078
6006,512,37000,72.265625
6007,512,40166,78.449219
6008,512,38917,76.009766
6009,512,36708,71.695312
6010,512,38167,74.544922
6011,512,38500,75.195312
6012,512,38209,74.626953
6013,512,37209,72.673828
6014,512,38084,74.382812
6015,512,37917,74.056641
6016,512,37250,72.753906
6017,512,38417,75.033203
6018,512,38166,74.542969
6019,512,37834,73.894531
6020,512,36292,70.882812
6021,512,38958,76.089844
6022,512,38292,74.789062
6023,512,39250,76.660156
6024,512,36708,71.695312
6025,512,38208,74.625000
6026,512,39083,76.333984
6027,512,37541,73.322266
6028,512,37292,72.835938
6029,512,37292,72.835938
6030,512,40125,78.369141
6031,512,38000,74.218750
6032,512,37375,72.998047
6033,512,38041,74.298828
6034,512,38417,75.033203
6035,512,38041,74.298828
6036,512,37042,72.347656
6037,512,38750,75.683594
6038,512,38042,74.300781
6039,512,37208,72.671875
6040,512,38292,74.789062
6041,512,37750,73.730469
6042,512,37917,74.056641
6043,512,37083,72.427734
6044,512,36875,72.021484
6045,512,38333,74.869141
6046,512,40458,79.019531
6047,512,41625,81.298828
6048,512,41584,81.218750
6049,512,39166,76.496094
6050,512,39625,77.392578
6051,512,37167,72.591797
6052,512,38750,75.683594
6053,512,37250,72.753906
6054,512,39042,76.253906
6055,512,36833,71.939453
6056,512,36542,71.371094
6057,512,37750,73.730469
6058,512,40125,78.369141
6059,512,36125,70.556641
6060,512,37750,73.730469
6061,512,37875,73.974609
6062,512,39542,77.230469
6063,512,38666,75.519531
6064,512,39250,76.660156
6065,512,39375,76.904297
6066,512,40709,79.509766
6067,512,39541,77.228516
6068,512,47417,92.611328
6069,512,38125,74.462891
6070,512,36458,71.207031
6071,512,39083,76.333984
6072,512,38125,74.462891
6073,512,37708,73.648438
6074,512,37208,72.671875
6075,512,37083,72.427734
6076,512,41042,80.160156
6077,512,44500,86.914062
6078,512,47333,92.447266
6079,512,38833,75.845703
6080,512,38208,74.625000
6081,512,37250,72.753906
6082,512,39500,77.148438
6083,512,39333,76.822266
6084,512,38250,74.707031
6085,512,36708,71.695312
6086,512,37500,73.242188
6087,512,38541,75.275391
6088,512,37500,73.242188
6089,512,40625,79.345703
6090,512,38458,75.113281
6091,512,37875,73.974609
6092,512,38375,74.951172
6093,512,36833,71.939453
6094,512,39417,76.986328
6095,512,40166,78.449219
6096,512,40125,78.369141
6097,512,37041,72.345703
6098,512,37458,73.160156
6099,512,37542,73.324219
6100,512,37833,73.892578
6101,512,37208,72.671875
6102,512,39250,76.660156
6103,512,36750,71.777344
6104,512,37958,74.136719
6105,512,36167,70.638672
6106,512,38500,75.195312
6107,512,38708,75.601562
6108,512,36917,72.103516
6109,512,36833,71.939453
6110,512,36792,71.859375
6111,512,37875,73.974609
6112,512,35875,70.068359
6113,512,33667,65.755859
6114,512,36833,71.939453
6115,512,36625,71.533203
6116,512,38208,74.625000
6117,512,36416,71.125000
6118,512,34667,67.708984
6119,512,36458,71.207031
6120,512,36500,71.289062
6121,512,36875,72.021484
6122,512,36208,70.718750
6123,512,37125,72.509766
6124,512,36208,70.718750
6125,512,38333,74.869141
6126,512,37834,73.894531
6127,512,36250,70.800781
6128,512,36209,70.720703
6129,512,38458,75.113281
6130,512,37292,72.835938
6131,512,40084,78.289062
6132,512,38166,74.542969
6133,512,37375,72.998047
6134,512,37500,73.242188
6135,512,37167,72.591797
6136,512,35625,69.580078
6137,512,37542,73.324219
6138,512,37083,72.427734
6139,512,38333,74.869141
6140,512,37125,72.509766
6141,512,37875,73.974609
6142,512,37000,72.265625
6143,512,37208,72.671875
6144,512,37791,73.810547
6145,512,36459,71.208984
6146,512,38625,75.439453
6147,512,36875,72.021484
6148,512,37834,73.894531
6149,512,37584,73.406250
6150,512,37417,73.080078
6151,512,38708,75.601562
6152,512,37500,73.242188
6153,512,38083,74.380859
6154,512,38125,74.462891
6155,512,37792,73.812500
6156,512,36625,71.533203
6157,512,36791,71.857422
6158,512,37625,73.486328
6159,512,38041,74.298828
6160,512,37458,73.160156
6161,512,37833,73.892578
6162,512,38333,74.869141
6163,512,38625,75.439453
6164,512,42208,82.437500
6165,512,37042,72.347656
6166,512,36667,71.615234
6167,512,41000,80.078125
6168,512,38209,74.626953
6169,512,38791,75.763672
6170,512,36833,71.939453
6171,512,37875,73.974609
6172,512,39042,76.253906
6173,512,41500,81.054688
6174,512,42458,82.925781
6175,512,38167,74.544922
6176,512,37041,72.345703
6177,512,36375,71.044922
6178,512,38500,75.195312
6179,512,38334,74.871094
6180,512,37083,72.427734
6181,512,38417,75.033203
6182,512,37208,72.671875
6183,512,37291,72.833984
6184,512,37334,72.917969
6185,512,36250,70.800781
6186,512,38500,75.195312
6187,512,38542,75.277344
6188,512,36792,71.859375
6189,512,39125,76.416016
6190,512,37916,74.054688
6191,512,39167,76.498047
6192,512,38708,75.601562
6193,512,39416,76.984375
6194,512,36917,72.103516
6195,512,38083,74.380859
6196,512,37708,73.648438
6197,512,37708,73.648438
6198,512,38167,74.544922
6199,512,37167,72.591797
6200,512,38750,75.683594
6201,512,36667,71.615234
6202,512,37708,73.648438
6203,512,37667,73.568359
6204,512,37667,73.568359
6205,512,37416,73.078125
6206,512,37292,72.835938
6207,512,37541,73.322266
6208,512,37542,73.324219
6209,512,38125,74.462891
6210,512,37875,73.974609
6211,512,38250,74.707031
6212,512,37416,73.078125
6213,512,36500,71.289062
6214,512,37291,72.833984
6215,512,35875,70.068359
6216,512,40334,78.777344
6217,512,37833,73.892578
6218,512,38500,75.195312
6219,512,37417,73.080078
6220,512,40125,78.369141
6221,512,47875,93.505859
6222,512,41750,81.542969
6223,512,38083,74.380859
6224,512,37250,72.753906
6225,512,38417,75.033203
6226,512,36917,72.103516
6227,512,38292,74.789062
6228,512,37958,74.136719
6229,512,38500,75.195312
6230,512,40666,79.425781
6231,512,36875,72.021484
6232,512,38458,75.113281
6233,512,38125,74.462891
6234,512,43417,84.798828
6235,512,38667,75.521484
6236,512,37083,72.427734
6237,512,37500,73.242188
6238,512,37916,74.054688
6239,512,37084,72.429688
6240,512,37042,72.347656
6241,512,38917,76.009766
6242,512,38250,74.707031
6243,512,38000,74.218750
6244,512,40667,79.427734
6245,512,38208,74.625000
6246,512,37250,72.753906
6247,512,36584,71.453125
6248,512,37791,73.810547
6249,512,38208,74.625000
6250,512,41208,80.484375
6251,512,37250,72.753906
6252,512,37583,73.404297
6253,512,37750,73.730469
6254,512,39375,76.904297
6255,512,37416,73.078125
6256,512,38292,74.789062
6257,512,37208,72.671875
6258,512,39792,77.718750
6259,512,38417,75.033203
6260,512,39250,76.660156
6261,512,37500,73.242188
6262,512,37167,72.591797
6263,512,40417,78.939453
6264,512,40708,79.507812
6265,512,37583,73.404297
6266,512,37750,73.730469
6267,512,39333,76.822266
6268,512,39541,77.228516
6269,512,38500,75.195312
6270,512,39458,77.066406
6271,512,37250,72.753906
6272,512,39000,76.171875
6273,512,37791,73.810547
6274,512,37334,72.917969
6275,512,38167,74.544922
6276,512,38833,75.845703
6277,512,39750,77.636719
6278,512,38625,75.439453
6279,512,38958,76.089844
6280,512,40625,79.345703
6281,512,38500,75.195312
6282,512,40750,79.589844
6283,512,37333,72.916016
6284,512,37958,74.136719
6285,512,40625,79.345703
6286,512,39875,77.880859
6287,512,40459,79.021484
6288,512,38958,76.089844
6289,512,39167,76.498047
6290,512,36708,71.695312
6291,512,39916,77.960938
6292,512,39709,77.556641
6293,512,40834,79.753906
6294,512,41750,81.542969
6295,512,44834,87.566406
6296,512,47000,91.796875
6297,512,40125,78.369141
6298,512,41709,81.462891
6299,512,40791,79.669922
6300,512,39042,76.253906
6301,512,39959,78.044922
6302,512,37542,73.324219
6303,512,39292,76.742188
6304,512,40708,79.507812
6305,512,39083,76.333984
6306,512,39292,76.742188
6307,512,39791,77.716797
6308,512,40500,79.101562
6309,512,41667,81.380859
6310,512,38958,76.089844
6311,512,40542,79.183594
6312,512,36750,71.777344
6313,512,39791,77.716797
6314,512,38833,75.845703
6315,512,39833,77.798828
6316,512,37750,73.730469
6317,512,37459,73.162109
6318,512,37750,73.730469
6319,512,38792,75.765625
6320,512,38917,76.009766
6321,512,39959,78.044922
6322,512,41416,80.890625
6323,512,38917,76.009766
6324,512,38208,74.625000
6325,512,38958,76.089844
6326,512,39708,77.554688
6327,512,39042,76.253906
6328,512,36875,72.021484
6329,512,38875,75.927734
6330,512,35958,70.230469
6331,512,37917,74.056641
6332,512,38500,75.195312
6333,512,39375,76.904297
6334,512,39167,76.498047
6335,512,40375,78.857422
6336,512,38541,75.275391
6337,512,39292,76.742188
6338,512,41625,81.298828
6339,512,37167,72.591797
6340,512,38791,75.763672
6341,512,38500,75.195312
6342,512,38625,75.439453
6343,512,38125,74.462891
6344,512,39709,77.556641
6345,512,39291,76.740234
6346,512,38292,74.789062
6347,512,38958,76.089844
6348,512,39417,76.986328
6349,512,38041,74.298828
6350,512,37292,72.835938
6351,512,39333,76.822266
6352,512,39709,77.556641
6353,512,39542,77.230469
6354,512,41375,80.810547
6355,512,41875,81.787109
6356,512,40208,78.531250
6357,512,37291,72.833984
6358,512,37958,74.136719
6359,512,39209,76.580078
6360,512,38250,74.707031
6361,512,39209,76.580078
6362,512,38042,74.300781
6363,512,39291,76.740234
6364,512,39292,76.742188
6365,512,37166,72.589844
6366,512,38542,75.277344
6367,512,37792,73.812500
6368,512,37958,74.136719
6369,512,40958,79.996094
6370,512,38083,74.380859
6371,512,36334,70.964844
6372,512,36750,71.777344
6373,512,36083,70.474609
6374,512,39208,76.578125
6375,512,40208,78.531250
6376,512,39500,77.148438
6377,512,37417,73.080078
6378,512,39250,76.660156
6379,512,37375,72.998047
6380,512,37250,72.753906
6381,512,38750,75.683594
6382,512,35666,69.660156
6383,512,39625,77.392578
6384,512,37833,73.892578
6385,512,39042,76.253906
6386,512,40417,78.939453
6387,512,37833,73.892578
6388,512,39500,77.148438
6389,512,37542,73.324219
6390,512,37875,73.974609
6391,512,37500,73.242188
6392,512,37375,72.998047
6393,512,37084,72.429688
6394,512,40916,79.914062
6395,512,39083,76.333984
6396,512,39333,76.822266
6397,512,37083,72.427734
6398,512,35625,69.580078
6399,512,37167,72.591797
6400,512,35916,70.148438
6401,512,36834,71.941406
6402,512,38125,74.462891
6403,512,38166,74.542969
6404,512,37834,73.894531
6405,512,38750,75.683594
6406,512,40459,79.021484
6407,512,39375,76.904297
6408,512,41083,80.240234
6409,512,37125,72.509766
6410,512,38542,75.277344
6411,512,41041,80.158203
6412,512,38959,76.091797
6413,512,39000,76.171875
6414,512,37292,72.835938
6415,512,36333,70.962891
6416,512,37583,73.404297
6417,512,38334,74.871094
6418,512,37291,72.833984
6419,512,38584,75.359375
6420,512,38458,75.113281
6421,512,43042,84.066406
6422,512,39708,77.554688
6423,512,37041,72.345703
6424,512,40083,78.287109
6425,512,36750,71.777344
6426,512,40542,79.183594
6427,512,38917,76.009766
6428,512,37791,73.810547
6429,512,37334,72.917969
6430,512,39458,77.066406
6431,512,38291,74.787109
6432,512,38292,74.789062
6433,512,37583,73.404297
6434,512,37375,72.998047
6435,512,38500,75.195312
6436,512,37542,73.324219
6437,512,36166,70.636719
6438,512,38625,75.439453
6439,512,37208,72.671875
6440,512,37750,73.730469
6441,512,38125,74.462891
6442,512,39333,76.822266
6443,512,38458,75.113281
6444,512,38042,74.300781
6445,512,38375,74.951172
6446,512,39250,76.660156
6447,512,38250,74.707031
6448,512,37916,74.054688
6449,512,37334,72.917969
6450,512,38584,75.359375
6451,512,39125,76.416016
6452,512,37709,73.650391
6453,512,37250,72.753906
6454,512,41709,81.462891
6455,512,39458,77.066406
6456,512,38708,75.601562
6457,512,39292,76.742188
6458,512,38583,75.357422
6459,512,38500,75.195312
6460,512,38333,74.869141
6461,512,38083,74.380859
6462,512,38000,74.218750
6463,512,37542,73.324219
6464,512,38791,75.763672
6465,512,36625,71.533203
6466,512,36708,71.695312
6467,512,36959,72.185547
6468,512,37333,72.916016
6469,512,38916,76.007812
6470,512,38208,74.625000
6471,512,38500,75.195312
6472,512,44417,86.751953
6473,512,40500,79.101562
6474,512,44167,86.263672
6475,512,37917,74.056641
6476,512,40333,78.775391
6477,512,39083,76.333984
6478,512,36583,71.451172
6479,512,37417,73.080078
6480,512,39792,77.718750
6481,512,36833,71.939453
6482,512,38000,74.218750
6483,512,38417,75.033203
6484,512,37375,72.998047
6485,512,37667,73.568359
6486,512,38750,75.683594
6487,512,37916,74.054688
6488,512,37792,73.812500
6489,512,39458,77.066406
6490,512,39500,77.148438
6491,512,39000,76.171875
6492,512,37667,73.568359
6493,512,39291,76.740234
6494,512,41167,80.404297
6495,512,36583,71.451172
6496,512,37334,72.917969
6497,512,38042,74.300781
6498,512,38625,75.439453
6499,512,36958,72.183594
6500,512,38417,75.033203
6501,512,37916,74.054688
6502,512,39083,76.333984
6503,512,39583,77.310547
6504,512,40125,78.369141
6505,512,39000,76.171875
6506,512,39500,77.148438
6507,512,39125,76.416016
6508,512,41166,80.402344
6509,512,41792,81.625000
6510,512,39875,77.880859
6511,512,38833,75.845703
6512,512,38542,75.277344
6513,512,39125,76.416016
6514,512,37958,74.136719
6515,512,37916,74.054688
6516,512,38084,74.382812
6517,512,38250,74.707031
6518,512,39500,77.148438
6519,512,40584,79.265625
6520,512,38542,75.277344
6521,512,38708,75.601562
6522,512,37792,73.812500
6523,512,37875,73.974609
6524,512,37458,73.160156
6525,512,39958,78.042969
6526,512,40708,79.507812
6527,512,48083,93.912109
6528,512,47167,92.123047
6529,512,39750,77.636719
6530,512,37875,73.974609
6531,512,38541,75.275391
6532,512,38209,74.626953
6533,512,39292,76.742188
6534,512,36625,71.533203
6535,512,37208,72.671875
6536,512,39209,76.580078
6537,512,39958,78.042969
6538,512,38375,74.951172
6539,512,38958,76.089844
6540,512,41042,80.160156
6541,512,40083,78.287109
6542,512,37958,74.136719
6543,512,37792,73.812500
6544,512,38750,75.683594
6545,512,40250,78.613281
6546,512,40166,78.449219
6547,512,39250,76.660156
6548,512,38375,74.951172
6549,512,37500,73.242188
6550,512,38458,75.113281
6551,512,38167,74.544922
6552,512,40375,78.857422
6553,512,38541,75.275391
6554,512,39292,76.742188
6555,512,39584,77.312500
6556,512,41000,80.078125
6557,512,40542,79.183594
6558,512,38458,75.113281
6559,512,38542,75.277344
6560,512,39000,76.171875
6561,512,38000,74.218750
6562,512,38667,75.521484
6563,512,37541,73.322266
6564,512,40417,78.939453
6565,512,39500,77.148438
6566,512,37417,73.080078
6567,512,40083,78.287109
6568,512,39083,76.333984
6569,512,36500,71.289062
6570,512,38625,75.439453
6571,512,37667,73.568359
6572,512,38958,76.089844
6573,512,39333,76.822266
6574,512,37542,73.324219
6575,512,39292,76.742188
6576,512,38958,76.089844
6577,512,39875,77.880859
6578,512,40667,79.427734
6579,512,39958,78.042969
6580,512,40167,78.451172
6581,512,39917,77.962891
6582,512,39583,77.310547
6583,512,38417,75.033203
6584,512,40916,79.914062
6585,512,39250,76.660156
6586,512,38791,75.763672
6587,512,38917,76.009766
6588,512,37125,72.509766
6589,512,36958,72.183594
6590,512,37167,72.591797
6591,512,38417,75.033203
6592,512,38042,74.300781
6593,512,39916,77.960938
6594,512,37167,72.591797
6595,512,38333,74.869141
6596,512,38875,75.927734
6597,512,37542,73.324219
6598,512,40583,79.263672
6599,512,39208,76.578125
6600,512,39167,76.498047
6601,512,38959,76.091797
6602,512,38333,74.869141
6603,512,38416,75.031250
6604,512,38625,75.439453
6605,512,36875,72.021484
6606,512,38416,75.031250
6607,512,39375,76.904297
6608,512,40042,78.207031
6609,512,38000,74.218750
6610,512,36458,71.207031
6611,512,38458,75.113281
6612,512,37833,73.892578
6613,512,37333,72.916016
6614,512,39084,76.335938
6615,512,38500,75.195312
6616,512,36625,71.533203
6617,512,39042,76.253906
6618,512,37917,74.056641
6619,512,38208,74.625000
6620,512,36417,71.126953
6621,512,35708,69.742188
6622,512,38625,75.439453
6623,512,37042,72.347656
6624,512,38125,74.462891
6625,512,37833,73.892578
6626,512,37625,73.486328
6627,512,37250,72.753906
6628,512,37875,73.974609
6629,512,36916,72.101562
6630,512,37292,72.835938
6631,512,36042,70.394531
6632,512,37208,72.671875
6633,512,37250,72.753906
6634,512,38208,74.625000
6635,512,37625,73.486328
6636,512,36375,71.044922
6637,512,37166,72.589844
6638,512,36917,72.103516
6639,512,39292,76.742188
6640,512,39042,76.253906
6641,512,36209,70.720703
6642,512,37791,73.810547
6643,512,37584,73.406250
6644,512,36500,71.289062
6645,512,36959,72.185547
6646,512,37167,72.591797
6647,512,37666,73.566406
6648,512,37334,72.917969
6649,512,37875,73.974609
6650,512,37333,72.916016
6651,512,37250,72.753906
6652,512,39041,76.251953
6653,512,37292,72.835938
6654,512,37709,73.650391
6655,512,38125,74.462891
6656,512,37292,72.835938
6657,512,40167,78.451172
6658,512,39250,76.660156
6659,512,38417,75.033203
6660,512,39125,76.416016
6661,512,38958,76.089844
6662,512,35458,69.253906
6663,512,37292,72.835938
6664,512,37458,73.160156
6665,512,38375,74.951172
6666,512,38958,76.089844
6667,512,36667,71.615234
6668,512,36959,72.185547
6669,512,35584,69.500000
6670,512,38166,74.542969
6671,512,38167,74.544922
6672,512,36916,72.101562
6673,512,40167,78.451172
6674,512,37291,72.833984
6675,512,36417,71.126953
6676,512,37334,72.917969
6677,512,35541,69.416016
6678,512,38292,74.789062
6679,512,38250,74.707031
6680,512,39916,77.960938
6681,512,37459,73.162109
6682,512,38416,75.031250
6683,512,38542,75.277344
6684,512,36375,71.044922
6685,512,37875,73.974609
6686,512,37459,73.162109
6687,512,37334,72.917969
6688,512,37625,73.486328
6689,512,38625,75.439453
6690,512,39000,76.171875
6691,512,38333,74.869141
6692,512,37542,73.324219
6693,512,37542,73.324219
6694,512,37416,73.078125
6695,512,35917,70.150391
6696,512,35291,68.927734
6697,512,37000,72.265625
6698,512,39041,76.251953
6699,512,37792,73.812500
6700,512,36541,71.369141
6701,512,37042,72.347656
6702,512,39291,76.740234
6703,512,37334,72.917969
6704,512,37500,73.242188
6705,512,35666,69.660156
6706,512,37042,72.347656
6707,512,37291,72.833984
6708,512,37833,73.892578
6709,512,40000,78.125000
6710,512,39250,76.660156
6711,512,38209,74.626953
6712,512,37000,72.265625
6713,512,38333,74.869141
6714,512,37292,72.835938
6715,512,39125,76.416016
6716,512,37667,73.568359
6717,512,37083,72.427734
6718,512,36125,70.556641
6719,512,38291,74.787109
6720,512,37250,72.753906
6721,512,37209,72.673828
6722,512,37041,72.345703
6723,512,38958,76.089844
6724,512,36208,70.718750
6725,512,36834,71.941406
6726,512,37375,72.998047
6727,512,37750,73.730469
6728,512,39458,77.066406
6729,512,38167,74.544922
6730,512,39833,77.798828
6731,512,37042,72.347656
6732,512,37875,73.974609
6733,512,38042,74.300781
6734,512,37291,72.833984
6735,512,38417,75.033203
6736,512,37291,72.833984
6737,512,38042,74.300781
6738,512,36042,70.394531
6739,512,37958,74.136719
6740,512,38708,75.601562
6741,512,37291,72.833984
6742,512,37000,72.265625
6743,512,35833,69.986328
6744,512,38583,75.357422
6745,512,38084,74.382812
6746,512,37291,72.833984
6747,512,38625,75.439453
6748,512,39292,76.742188
6749,512,40250,78.613281
6750,512,38000,74.218750
6751,512,38459,75.115234
6752,512,40625,79.345703
6753,512,38875,75.927734
6754,512,38209,74.626953
6755,512,38000,74.218750
6756,512,37791,73.810547
6757,512,38709,75.603516
6758,512,39500,77.148438
6759,512,39083,76.333984
6760,512,39833,77.798828
6761,512,38209,74.626953
6762,512,39416,76.984375
6763,512,38584,75.359375
6764,512,40083,78.287109
6765,512,39500,77.148438
6766,512,39416,76.984375
6767,512,39250,76.660156
6768,512,39375,76.904297
6769,512,38667,75.521484
6770,512,39000,76.171875
6771,512,38916,76.007812
6772,512,38208,74.625000
6773,512,38167,74.544922
6774,512,37125,72.509766
6775,512,37459,73.162109
6776,512,38208,74.625000
6777,512,38917,76.009766
6778,512,39375,76.904297
6779,512,39000,76.171875
6780,512,38083,74.380859
6781,512,36666,71.613281
6782,512,39292,76.742188
6783,512,40833,79.751953
6784,512,39667,77.474609
6785,512,38875,75.927734
6786,512,37917,74.056641
6787,512,40834,79.753906
6788,512,38875,75.927734
6789,512,39875,77.880859
6790,512,38417,75.033203
6791,512,39708,77.554688
6792,512,39000,76.171875
6793,512,38042,74.300781
6794,512,39917,77.962891
6795,512,38208,74.625000
6796,512,39917,77.962891
6797,512,40416,78.937500
6798,512,39709,77.556641
6799,512,38041,74.298828
6800,512,39292,76.742188
6801,512,37583,73.404297
6802,512,37708,73.648438
6803,512,38667,75.521484
6804,512,38083,74.380859
6805,512,35917,70.150391
6806,512,37834,73.894531
6807,512,38375,74.951172
6808,512,38459,75.115234
6809,512,40083,78.287109
6810,512,39875,77.880859
6811,512,38083,74.380859
6812,512,40750,79.589844
6813,512,37500,73.242188
6814,512,38583,75.357422
6815,512,37208,72.671875
6816,512,38625,75.439453
6817,512,39292,76.742188
6818,512,39125,76.416016
6819,512,39375,76.904297
6820,512,38375,74.951172
6821,512,38500,75.195312
6822,512,38500,75.195312
6823,512,39417,76.986328
6824,512,37667,73.568359
6825,512,40500,79.101562
6826,512,40291,78.693359
6827,512,39417,76.986328
6828,512,40000,78.125000
6829,512,38709,75.603516
6830,512,38542,75.277344
6831,512,40792,79.671875
6832,512,40458,79.019531
6833,512,40625,79.345703
6834,512,40667,79.427734
6835,512,38292,74.789062
6836,512,38500,75.195312
6837,512,50125,97.900391
6838,512,38250,74.707031
6839,512,40250,78.613281
6840,512,38750,75.683594
6841,512,37625,73.486328
6842,512,39125,76.416016
6843,512,40542,79.183594
6844,512,40458,79.019531
6845,512,37958,74.136719
6846,512,39209,76.580078
6847,512,40458,79.019531
6848,512,37875,73.974609
6849,512,41208,80.484375
6850,512,40791,79.669922
6851,512,39292,76.742188
6852,512,38250,74.707031
6853,512,37375,72.998047
6854,512,38458,75.113281
6855,512,38208,74.625000
6856,512,39417,76.986328
6857,512,37625,73.486328
6858,512,38833,75.845703
6859,512,36542,71.371094
6860,512,39583,77.310547
6861,512,40208,78.531250
6862,512,39667,77.474609
6863,512,39125,76.416016
6864,512,38625,75.439453
6865,512,35834,69.988281
6866,512,37875,73.974609
6867,512,39166,76.496094
6868,512,36959,72.185547
6869,512,37583,73.404297
6870,512,37500,73.242188
6871,512,37000,72.265625
6872,512,37875,73.974609
6873,512,39417,76.986328
6874,512,37958,74.136719
6875,512,38250,74.707031
6876,512,38375,74.951172
6877,512,38875,75.927734
6878,512,39083,76.333984
6879,512,37875,73.974609
6880,512,38083,74.380859
6881,512,36541,71.369141
6882,512,38542,75.277344
6883,512,38375,74.951172
6884,512,38208,74.625000
6885,512,38292,74.789062
6886,512,37916,74.054688
6887,512,41667,81.380859
6888,512,37666,73.566406
6889,512,38417,75.033203
6890,512,38292,74.789062
6891,512,37542,73.324219
6892,512,37834,73.894531
6893,512,38750,75.683594
6894,512,37375,72.998047
6895,512,38125,74.462891
6896,512,39291,76.740234
6897,512,39750,77.636719
6898,512,38958,76.089844
6899,512,38958,76.089844
6900,512,40250,78.613281
6901,512,38083,74.380859
6902,512,39750,77.636719
6903,512,39375,76.904297
6904,512,38875,75.927734
6905,512,39375,76.904297
6906,512,38833,75.845703
6907,512,37958,74.136719
6908,512,38792,75.765625
6909,512,40000,78.125000
6910,512,38750,75.683594
6911,512,38542,75.277344
6912,512,38541,75.275391
6913,512,39167,76.498047
6914,512,37791,73.810547
6915,512,36625,71.533203
6916,512,38125,74.462891
6917,512,37458,73.160156
6918,512,37917,74.056641
6919,512,41334,80.730469
6920,512,42791,83.576172
6921,512,39958,78.042969
6922,512,40125,78.369141
6923,512,37791,73.810547
6924,512,38334,74.871094
6925,512,40208,78.531250
6926,512,39458,77.066406
6927,512,38875,75.927734
6928,512,37291,72.833984
6929,512,39792,77.718750
6930,512,37041,72.345703
6931,512,37542,73.324219
6932,512,37541,73.322266
6933,512,37250,72.753906
6934,512,37417,73.080078
6935,512,39250,76.660156
6936,512,37458,73.160156
6937,512,38625,75.439453
6938,512,37333,72.916016
6939,512,36667,71.615234
6940,512,37750,73.730469
6941,512,39708,77.554688
6942,512,42000,82.031250
6943,512,38333,74.869141
6944,512,39042,76.253906
6945,512,38041,74.298828
6946,512,37292,72.835938
6947,512,38125,74.462891
6948,512,39208,76.578125
6949,512,38334,74.871094
6950,512,38791,75.763672
6951,512,37584,73.406250
6952,512,38291,74.787109
6953,512,38958,76.089844
6954,512,39667,77.474609
6955,512,37542,73.324219
6956,512,38209,74.626953
6957,512,37250,72.753906
6958,512,37125,72.509766
6959,512,38917,76.009766
6960,512,38750,75.683594
6961,512,37666,73.566406
6962,512,36959,72.185547
6963,512,37291,72.833984
6964,512,38417,75.033203
6965,512,36208,70.718750
6966,512,39375,76.904297
6967,512,37459,73.162109
6968,512,35625,69.580078
6969,512,37458,73.160156
6970,512,37291,72.833984
6971,512,38292,74.789062
6972,512,47292,92.367188
6973,512,41292,80.648438
6974,512,40541,79.181641
6975,512,38125,74.462891
6976,512,36500,71.289062
6977,512,37500,73.242188
6978,512,37917,74.056641
6979,512,38917,76.009766
6980,512,39583,77.310547
6981,512,37792,73.812500
6982,512,37375,72.998047
6983,512,37792,73.812500
6984,512,39125,76.416016
6985,512,40542,79.183594
6986,512,40292,78.695312
6987,512,38083,74.380859
6988,512,38125,74.462891
6989,512,39875,77.880859
6990,512,39584,77.312500
6991,512,39625,77.392578
6992,512,38292,74.789062
6993,512,39292,76.742188
6994,512,37958,74.136719
6995,512,38583,75.357422
6996,512,38125,74.462891
6997,512,39709,77.556641
6998,512,38417,75.033203
6999,512,39458,77.066406
7000,512,38000,74.218750
7001,512,38500,75.195312
7002,512,38625,75.439453
7003,512,38416,75.031250
7004,512,38125,74.462891
7005,512,38208,74.625000
7006,512,39833,77.798828
7007,512,39709,77.556641
7008,512,38625,75.439453
7009,512,39000,76.171875
7010,512,41709,81.462891
7011,512,39750,77.636719
7012,512,39959,78.044922
7013,512,38000,74.218750
7014,512,40667,79.427734
7015,512,37750,73.730469
7016,512,36541,71.369141
7017,512,38542,75.277344
7018,512,39875,77.880859
7019,512,38792,75.765625
7020,512,37625,73.486328
7021,512,38583,75.357422
7022,512,39708,77.554688
7023,512,40583,79.263672
7024,512,36000,70.312500
7025,512,37500,73.242188
7026,512,39250,76.660156
7027,512,40000,78.125000
7028,512,37958,74.136719
7029,512,38917,76.009766
7030,512,37500,73.242188
7031,512,39542,77.230469
7032,512,44416,86.750000
7033,512,39792,77.718750
7034,512,37792,73.812500
7035,512,38958,76.089844
7036,512,39708,77.554688
7037,512,40500,79.101562
7038,512,40583,79.263672
7039,512,39667,77.474609
7040,512,37500,73.242188
7041,512,38041,74.298828
7042,512,38584,75.359375
7043,512,37958,74.136719
7044,512,38375,74.951172
7045,512,38750,75.683594
7046,512,38459,75.115234
7047,512,38500,75.195312
7048,512,37833,73.892578
7049,512,39042,76.253906
7050,512,39541,77.228516
7051,512,37417,73.080078
7052,512,39500,77.148438
7053,512,39917,77.962891
7054,512,39958,78.042969
7055,512,38083,74.380859
7056,512,39583,77.310547
7057,512,40084,78.289062
7058,512,38833,75.845703
7059,512,37625,73.486328
7060,512,37375,72.998047
7061,512,39125,76.416016
7062,512,39417,76.986328
7063,512,41125,80.322266
7064,512,40792,79.671875
7065,512,38333,74.869141
7066,512,39542,77.230469
7067,512,39667,77.474609
7068,512,39916,77.960938
7069,512,40125,78.369141
7070,512,42625,83.251953
7071,512,39584,77.312500
7072,512,40458,79.019531
7073,512,41167,80.404297
7074,512,39208,76.578125
7075,512,37208,72.671875
7076,512,39125,76.416016
7077,512,38583,75.357422
7078,512,37792,73.812500
7079,512,37291,72.833984
7080,512,37834,73.894531
7081,512,37875,73.974609
7082,512,39459,77.068359
7083,512,37459,73.162109
7084,512,36583,71.451172
7085,512,38083,74.380859
7086,512,37375,72.998047
7087,512,38125,74.462891
7088,512,38792,75.765625
7089,512,39125,76.416016
7090,512,39834,77.800781
7091,512,38875,75.927734
7092,512,39125,76.416016
7093,512,38000,74.218750
7094,512,38250,74.707031
7095,512,38500,75.195312
7096,512,38250,74.707031
7097,512,38500,75.195312
7098,512,39250,76.660156
7099,512,39791,77.716797
7100,512,37167,72.591797
7101,512,38750,75.683594
7102,512,37958,74.136719
7103,512,38917,76.009766
7104,512,40083,78.287109
7105,512,38250,74.707031
7106,512,39875,77.880859
7107,512,39500,77.148438
7108,512,37666,73.566406
7109,512,38375,74.951172
7110,512,38583,75.357422
7111,512,37583,73.404297
7112,512,38334,74.871094
7113,512,39042,76.253906
7114,512,39083,76.333984
7115,512,43125,84.228516
7116,512,39500,77.148438
7117,512,38375,74.951172
7118,512,38750,75.683594
7119,512,37791,73.810547
7120,512,39084,76.335938
7121,512,39000,76.171875
7122,512,39208,76.578125
7123,512,36708,71.695312
7124,512,38292,74.789062
7125,512,39042,76.253906
7126,512,37708,73.648438
7127,512,37292,72.835938
7128,512,36625,71.533203
7129,512,38125,74.462891
7130,512,37917,74.056641
7131,512,38166,74.542969
7132,512,39458,77.066406
7133,512,37125,72.509766
7134,512,37042,72.347656
7135,512,40000,78.125000
7136,512,38917,76.009766
7137,512,39583,77.310547
7138,512,38958,76.089844
7139,512,39959,78.044922
7140,512,38083,74.380859
7141,512,38958,76.089844
7142,512,46750,91.308594
7143,512,39417,76.986328
7144,512,44000,85.937500
7145,512,40917,79.916016
7146,512,39917,77.962891
7147,512,37583,73.404297
7148,512,39500,77.148438
7149,512,35958,70.230469
7150,512,37833,73.892578
7151,512,38791,75.763672
7152,512,38167,74.544922
7153,512,36958,72.183594
7154,512,39209,76.580078
7155,512,40000,78.125000
7156,512,41625,81.298828
7157,512,40709,79.509766
7158,512,37625,73.486328
7159,512,38416,75.031250
7160,512,37167,72.591797
7161,512,37916,74.054688
7162,512,37709,73.650391
7163,512,36708,71.695312
7164,512,38458,75.113281
7165,512,39958,78.042969
7166,512,39083,76.333984
7167,512,36625,71.533203
7168,512,39042,76.253906
7169,512,38792,75.765625
7170,512,38166,74.542969
7171,512,37334,72.917969
7172,512,37625,73.486328
7173,512,41709,81.462891
7174,512,42500,83.007812
7175,512,38500,75.195312
7176,512,39500,77.148438
7177,512,38042,74.300781
7178,512,40708,79.507812
7179,512,39625,77.392578
7180,512,38750,75.683594
7181,512,37125,72.509766
7182,512,41792,81.625000
7183,512,46291,90.412109
7184,512,39084,76.335938
7185,512,42208,82.437500
7186,512,38750,75.683594
7187,512,38833,75.845703
7188,512,39250,76.660156
7189,512,40125,78.369141
7190,512,41666,81.378906
7191,512,40417,78.939453
7192,512,41583,81.216797
7193,512,39708,77.554688
7194,512,39584,77.312500
7195,512,38417,75.033203
7196,512,40125,78.369141
7197,512,38458,75.113281
7198,512,39708,77.554688
7199,512,38875,75.927734
7200,512,37458,73.160156
7201,512,39042,76.253906
7202,512,37875,73.974609
7203,512,38542,75.277344
7204,512,42333,82.681641
7205,512,40375,78.857422
7206,512,39458,77.066406
7207,512,37667,73.568359
7208,512,38958,76.089844
7209,512,39667,77.474609
7210,512,39833,77.798828
7211,512,39667,77.474609
7212,512,37167,72.591797
7213,512,40250,78.613281
7214,512,39834,77.800781
7215,512,38417,75.033203
7216,512,38458,75.113281
7217,512,40209,78.533203
7218,512,39166,76.496094
7219,512,37792,73.812500
7220,512,39667,77.474609
7221,512,39667,77.474609
7222,512,37708,73.648438
7223,512,40834,79.753906
7224,512,39125,76.416016
7225,512,36167,70.638672
7226,512,38041,74.298828
7227,512,38958,76.089844
7228,512,38333,74.869141
7229,512,43375,84.716797
7230,512,42208,82.437500
7231,512,38292,74.789062
7232,512,39250,76.660156
7233,512,37541,73.322266
7234,512,37000,72.265625
7235,512,38333,74.869141
7236,512,40125,78.369141
7237,512,40042,78.207031
7238,512,39666,77.472656
7239,512,38208,74.625000
7240,512,39958,78.042969
7241,512,41625,81.298828
7242,512,41333,80.728516
7243,512,39708,77.554688
7244,512,38042,74.300781
7245,512,39500,77.148438
7246,512,37083,72.427734
7247,512,36500,71.289062
7248,512,38416,75.031250
7249,512,37125,72.509766
7250,512,37500,73.242188
7251,512,38667,75.521484
7252,512,37542,73.324219
7253,512,37083,72.427734
7254,512,38791,75.763672
7255,512,37834,73.894531
7256,512,40250,78.613281
7257,512,37542,73.324219
7258,512,38625,75.439453
7259,512,40625,79.345703
7260,512,39625,77.392578
7261,512,40375,78.857422
7262,512,38083,74.380859
7263,512,38500,75.195312
7264,512,38542,75.277344
7265,512,39833,77.798828
7266,512,39708,77.554688
7267,512,38291,74.787109
7268,512,39542,77.230469
7269,512,41625,81.298828
7270,512,39875,77.880859
7271,512,39292,76.742188
7272,512,39666,77.472656
7273,512,40959,79.998047
7274,512,41625,81.298828
7275,512,42167,82.357422
7276,512,39792,77.718750
7277,512,38833,75.845703
7278,512,38083,74.380859
7279,512,39084,76.335938
7280,512,40084,78.289062
7281,512,38333,74.869141
7282,512,39625,77.392578
7283,512,38875,75.927734
7284,512,38584,75.359375
7285,512,38042,74.300781
7286,512,37458,73.160156
7287,512,38584,75.359375
7288,512,37208,72.671875
7289,512,37292,72.835938
7290,512,39292,76.742188
7291,512,37458,73.160156
7292,512,37459,73.162109
7293,512,39166,76.496094
7294,512,36459,71.208984
7295,512,38000,74.218750
7296,512,39791,77.716797
7297,512,37750,73.730469
7298,512,38416,75.031250
7299,512,38292,74.789062
7300,512,38917,76.009766
7301,512,41083,80.240234
7302,512,39375,76.904297
7303,512,36708,71.695312
7304,512,38958,76.089844
7305,512,39292,76.742188
7306,512,37625,73.486328
7307,512,37041,72.345703
7308,512,36500,71.289062
7309,512,37958,74.136719
7310,512,38917,76.009766
7311,512,37583,73.404297
7312,512,37375,72.998047
7313,512,38417,75.033203
7314,512,36708,71.695312
7315,512,37000,72.265625
7316,512,39250,76.660156
7317,512,38291,74.787109
7318,512,36375,71.044922
7319,512,40084,78.289062
7320,512,39042,76.253906
7321,512,38875,75.927734
7322,512,38875,75.927734
7323,512,37958,74.136719
7324,512,37875,73.974609
7325,512,42084,82.195312
7326,512,38833,75.845703
7327,512,37750,73.730469
7328,512,38708,75.601562
7329,512,36542,71.371094
7330,512,40084,78.289062
7331,512,40041,78.205078
7332,512,40334,78.777344
7333,512,38625,75.439453
7334,512,37041,72.345703
7335,512,37167,72.591797
7336,512,38833,75.845703
7337,512,38417,75.033203
7338,512,37375,72.998047
7339,512,37666,73.566406
7340,512,36042,70.394531
7341,512,38167,74.544922
7342,512,44500,86.914062
7343,512,39666,77.472656
7344,512,39459,77.068359
7345,512,37958,74.136719
7346,512,39375,76.904297
7347,512,41250,80.566406
7348,512,38166,74.542969
7349,512,38584,75.359375
7350,512,39375,76.904297
7351,512,38375,74.951172
7352,512,38000,74.218750
7353,512,39291,76.740234
7354,512,37334,72.917969
7355,512,37000,72.265625
7356,512,36875,72.021484
7357,512,37250,72.753906
7358,512,38792,75.765625
7359,512,39250,76.660156
7360,512,38084,74.382812
7361,512,36042,70.394531
7362,512,38250,74.707031
7363,512,38791,75.763672
7364,512,37500,73.242188
7365,512,39833,77.798828
7366,512,38125,74.462891
7367,512,40625,79.345703
7368,512,40500,79.101562
7369,512,40542,79.183594
7370,512,39000,76.171875
7371,512,39833,77.798828
7372,512,40250,78.613281
7373,512,39500,77.148438
7374,512,37500,73.242188
7375,512,39708,77.554688
7376,512,40000,78.125000
7377,512,41334,80.730469
7378,512,39167,76.498047
7379,512,38917,76.009766
7380,512,38750,75.683594
7381,512,38000,74.218750
7382,512,37583,73.404297
7383,512,38333,74.869141
7384,512,38916,76.007812
7385,512,40083,78.287109
7386,512,37834,73.894531
7387,512,38041,74.298828
7388,512,39209,76.580078
7389,512,38000,74.218750
7390,512,36667,71.615234
7391,512,38125,74.462891
7392,512,38583,75.357422
7393,512,38291,74.787109
7394,512,40750,79.589844
7395,512,38375,74.951172
7396,512,38375,74.951172
7397,512,37834,73.894531
7398,512,36875,72.021484
7399,512,39084,76.335938
7400,512,38208,74.625000
7401,512,39167,76.498047
7402,512,38750,75.683594
7403,512,37209,72.673828
7404,512,38125,74.462891
7405,512,37042,72.347656
7406,512,37083,72.427734
7407,512,39417,76.986328
7408,512,38375,74.951172
7409,512,37916,74.054688
7410,512,38792,75.765625
7411,512,35833,69.986328
7412,512,37834,73.894531
7413,512,36875,72.021484
7414,512,40166,78.449219
7415,512,37042,72.347656
7416,512,39167,76.498047
7417,512,37417,73.080078
7418,512,38667,75.521484
7419,512,37583,73.404297
7420,512,41000,80.078125
7421,512,37166,72.589844
7422,512,38375,74.951172
7423,512,38584,75.359375
7424,512,37916,74.054688
7425,512,39250,76.660156
7426,512,38583,75.357422
7427,512,38167,74.544922
7428,512,36708,71.695312
7429,512,39167,76.498047
7430,512,38458,75.113281
7431,512,37208,72.671875
7432,512,38334,74.871094
7433,512,37750,73.730469
7434,512,39417,76.986328
7435,512,37958,74.136719
7436,512,39250,76.660156
7437,512,36958,72.183594
7438,512,37125,72.509766
7439,512,38834,75.847656
7440,512,37584,73.406250
7441,512,39375,76.904297
7442,512,37708,73.648438
7443,512,38334,74.871094
7444,512,38167,74.544922
7445,512,38208,74.625000
7446,512,37584,73.406250
7447,512,38084,74.382812
7448,512,41791,81.623047
7449,512,39375,76.904297
7450,512,38875,75.927734
7451,512,37916,74.054688
7452,512,38500,75.195312
7453,512,37166,72.589844
7454,512,36334,70.964844
7455,512,44125,86.181641
7456,512,37625,73.486328
7457,512,40666,79.425781
7458,512,42042,82.113281
7459,512,40250,78.613281
7460,512,38333,74.869141
7461,512,37625,73.486328
7462,512,37417,73.080078
7463,512,37166,72.589844
7464,512,38708,75.601562
7465,512,38375,74.951172
7466,512,38125,74.462891
7467,512,38166,74.542969
7468,512,37417,73.080078
7469,512,38291,74.787109
7470,512,38209,74.626953
7471,512,39125,76.416016
7472,512,39875,77.880859
7473,512,40917,79.916016
7474,512,40583,79.263672
7475,512,39250,76.660156
7476,512,38750,75.683594
7477,512,39792,77.718750
7478,512,38042,74.300781
7479,512,38333,74.869141
7480,512,38833,75.845703
7481,512,37292,72.835938
7482,512,37333,72.916016
7483,512,38292,74.789062
7484,512,37792,73.812500
7485,512,38166,74.542969
7486,512,36042,70.394531
7487,512,38958,76.089844
7488,512,39333,76.822266
7489,512,39292,76.742188
7490,512,37250,72.753906
7491,512,40166,78.449219
7492,512,37834,73.894531
7493,512,38791,75.763672
7494,512,37834,73.894531
7495,512,38541,75.275391
7496,512,38125,74.462891
7497,512,39167,76.498047
7498,512,38833,75.845703
7499,512,37875,73.974609
7500,512,38875,75.927734
7501,512,37542,73.324219
7502,512,38000,74.218750
7503,512,39000,76.171875
7504,512,38208,74.625000
7505,512,37208,72.671875
7506,512,37292,72.835938
7507,512,38500,75.195312
7508,512,37875,73.974609
7509,512,37625,73.486328
7510,512,37625,73.486328
7511,512,39459,77.068359
7512,512,37458,73.160156
7513,512,38750,75.683594
7514,512,37791,73.810547
7515,512,38625,75.439453
7516,512,38584,75.359375
7517,512,37542,73.324219
7518,512,37958,74.136719
7519,512,40792,79.671875
7520,512,39333,76.822266
7521,512,36958,72.183594
7522,512,37459,73.162109
7523,512,37125,72.509766
7524,512,38583,75.357422
7525,512,37209,72.673828
7526,512,38459,75.115234
7527,512,38792,75.765625
7528,512,38833,75.845703
7529,512,37500,73.242188
7530,512,39291,76.740234
7531,512,38625,75.439453
7532,512,38917,76.009766
7533,512,38000,74.218750
7534,512,38250,74.707031
7535,512,38833,75.845703
7536,512,39000,76.171875
7537,512,38375,74.951172
7538,512,39875,77.880859
7539,512,37792,73.812500
7540,512,37500,73.242188
7541,512,37666,73.566406
7542,512,38417,75.033203
7543,512,39791,77.716797
7544,512,39167,76.498047
7545,512,37208,72.671875
7546,512,37500,73.242188
7547,512,37792,73.812500
7548,512,38375,74.951172
7549,512,38334,74.871094
7550,512,37333,72.916016
7551,512,37417,73.080078
7552,512,40333,78.775391
7553,512,37708,73.648438
7554,512,36834,71.941406
7555,512,37916,74.054688
7556,512,36333,70.962891
7557,512,37375,72.998047
7558,512,38167,74.544922
7559,512,36916,72.101562
7560,512,37792,73.812500
7561,512,36916,72.101562
7562,512,38792,75.765625
7563,512,39000,76.171875
7564,512,40750,79.589844
7565,512,40500,79.101562
7566,512,40417,78.939453
7567,512,38041,74.298828
7568,512,38209,74.626953
7569,512,38291,74.787109
7570,512,40833,79.751953
7571,512,41292,80.648438
7572,512,39125,76.416016
7573,512,45708,89.273438
7574,512,38459,75.115234
7575,512,38625,75.439453
7576,512,39750,77.636719
7577,512,38209,74.626953
7578,512,42375,82.763672
7579,512,37833,73.892578
7580,512,37500,73.242188
7581,512,39167,76.498047
7582,512,37166,72.589844
7583,512,37125,72.509766
7584,512,38625,75.439453
7585,512,37208,72.671875
7586,512,38917,76.009766
7587,512,39000,76.171875
7588,512,39541,77.228516
7589,512,38167,74.544922
7590,512,39125,76.416016
7591,512,39041,76.251953
7592,512,38209,74.626953
7593,512,37584,73.406250
7594,512,39125,76.416016
7595,512,37333,72.916016
7596,512,37958,74.136719
7597,512,37750,73.730469
7598,512,39166,76.496094
7599,512,39292,76.742188
7600,512,37875,73.974609
7601,512,36833,71.939453
7602,512,36833,71.939453
7603,512,37917,74.056641
7604,512,39333,76.822266
7605,512,41208,80.484375
7606,512,37834,73.894531
7607,512,38959,76.091797
7608,512,36625,71.533203
7609,512,38041,74.298828
7610,512,37792,73.812500
7611,512,38250,74.707031
7612,512,37084,72.429688
7613,512,37834,73.894531
7614,512,39709,77.556641
7615,512,37208,72.671875
7616,512,38500,75.195312
7617,512,40583,79.263672
7618,512,38917,76.009766
7619,512,36542,71.371094
7620,512,39875,77.880859
7621,512,38625,75.439453
7622,512,38417,75.033203
7623,512,38625,75.439453
7624,512,39875,77.880859
7625,512,37417,73.080078
7626,512,38584,75.359375
7627,512,37208,72.671875
7628,512,37833,73.892578
7629,512,38000,74.218750
7630,512,38417,75.033203
7631,512,39458,77.066406
7632,512,38292,74.789062
7633,512,40916,79.914062
7634,512,38917,76.009766
7635,512,38041,74.298828
7636,512,38125,74.462891
7637,512,37750,73.730469
7638,512,35709,69.744141
7639,512,37208,72.671875
7640,512,37458,73.160156
7641,512,37209,72.673828
7642,512,37833,73.892578
7643,512,37417,73.080078
7644,512,39791,77.716797
7645,512,37459,73.162109
7646,512,35833,69.986328
7647,512,38208,74.625000
7648,512,38875,75.927734
7649,512,39750,77.636719
7650,512,38417,75.033203
7651,512,38875,75.927734
7652,512,38583,75.357422
7653,512,39791,77.716797
7654,512,37458,73.160156
7655,512,37042,72.347656
7656,512,37833,73.892578
7657,512,37208,72.671875
7658,512,40584,79.265625
7659,512,38458,75.113281
7660,512,37916,74.054688
7661,512,38459,75.115234
7662,512,36667,71.615234
7663,512,39375,76.904297
7664,512,41417,80.892578
7665,512,38458,75.113281
7666,512,37791,73.810547
7667,512,38125,74.462891
7668,512,39250,76.660156
7669,512,38250,74.707031
7670,512,37584,73.406250
7671,512,36916,72.101562
7672,512,36792,71.859375
7673,512,38917,76.009766
7674,512,38500,75.195312
7675,512,37333,72.916016
7676,512,39458,77.066406
7677,512,37167,72.591797
7678,512,37166,72.589844
7679,512,37584,73.406250
7680,512,37292,72.835938
7681,512,38708,75.601562
7682,512,39958,78.042969
7683,512,38292,74.789062
7684,512,39583,77.310547
7685,512,39084,76.335938
7686,512,38500,75.195312
7687,512,38417,75.033203
7688,512,38541,75.275391
7689,512,37875,73.974609
7690,512,39333,76.822266
7691,512,36834,71.941406
7692,512,39541,77.228516
7693,512,38958,76.089844
7694,512,38500,75.195312
7695,512,39375,76.904297
7696,512,38292,74.789062
7697,512,38541,75.275391
7698,512,39417,76.986328
7699,512,37666,73.566406
7700,512,38292,74.789062
7701,512,43625,85.205078
7702,512,38541,75.275391
7703,512,36917,72.103516
7704,512,36750,71.777344
7705,512,36459,71.208984
7706,512,38584,75.359375
7707,512,38375,74.951172
7708,512,39125,76.416016
7709,512,40125,78.369141
7710,512,36709,71.697266
7711,512,38708,75.601562
7712,512,38000,74.218750
7713,512,37916,74.054688
7714,512,40125,78.369141
7715,512,36750,71.777344
7716,512,36875,72.021484
7717,512,36208,70.718750
7718,512,37791,73.810547
7719,512,38209,74.626953
7720,512,39417,76.986328
7721,512,39875,77.880859
7722,512,37917,74.056641
7723,512,36875,72.021484
7724,512,38208,74.625000
7725,512,38917,76.009766
7726,512,37875,73.974609
7727,512,40250,78.613281
7728,512,39375,76.904297
7729,512,38250,74.707031
7730,512,40000,78.125000
7731,512,38209,74.626953
7732,512,37334,72.917969
7733,512,39166,76.496094
7734,512,38625,75.439453
7735,512,38625,75.439453
7736,512,36916,72.101562
7737,512,37542,73.324219
7738,512,39250,76.660156
7739,512,37708,73.648438
7740,512,39917,77.962891
7741,512,38791,75.763672
7742,512,39167,76.498047
7743,512,38333,74.869141
7744,512,38208,74.625000
7745,512,40000,78.125000
7746,512,38375,74.951172
7747,512,36833,71.939453
7748,512,37791,73.810547
7749,512,38584,75.359375
7750,512,37833,73.892578
7751,512,39500,77.148438
7752,512,39083,76.333984
7753,512,38583,75.357422
7754,512,37708,73.648438
7755,512,38208,74.625000
7756,512,39333,76.822266
7757,512,39334,76.824219
7758,512,39583,77.310547
7759,512,38083,74.380859
7760,512,38958,76.089844
7761,512,38750,75.683594
7762,512,39166,76.496094
7763,512,38083,74.380859
7764,512,40375,78.857422
7765,512,37958,74.136719
7766,512,39209,76.580078
7767,512,37916,74.054688
7768,512,38542,75.277344
7769,512,39208,76.578125
7770,512,39125,76.416016
7771,512,37625,73.486328
7772,512,38042,74.300781
7773,512,39125,76.416016
7774,512,40416,78.937500
7775,512,39500,77.148438
7776,512,39375,76.904297
7777,512,44541,86.994141
7778,512,38209,74.626953
7779,512,38417,75.033203
7780,512,47375,92.529297
7781,512,36792,71.859375
7782,512,38000,74.218750
7783,512,39959,78.044922
7784,512,37833,73.892578
7785,512,37917,74.056641
7786,512,42750,83.496094
7787,512,44542,86.996094
7788,512,37833,73.892578
7789,512,40958,79.996094
7790,512,41583,81.216797
7791,512,41750,81.542969
7792,512,38125,74.462891
7793,512,38375,74.951172
7794,512,38000,74.218750
7795,512,38584,75.359375
7796,512,38375,74.951172
7797,512,39958,78.042969
7798,512,36625,71.533203
7799,512,38750,75.683594
7800,512,39083,76.333984
7801,512,40000,78.125000
7802,512,38291,74.787109
7803,512,39083,76.333984
7804,512,36625,71.533203
7805,512,38750,75.683594
7806,512,48292,94.320312
7807,512,43834,85.613281
7808,512,36291,70.880859
7809,512,37625,73.486328
7810,512,37083,72.427734
7811,512,37625,73.486328
7812,512,38917,76.009766
7813,512,36375,71.044922
7814,512,36334,70.964844
7815,512,36959,72.185547
7816,512,37833,73.892578
7817,512,36333,70.962891
7818,512,36917,72.103516
7819,512,35833,69.986328
7820,512,37500,73.242188
7821,512,39167,76.498047
7822,512,39417,76.986328
7823,512,38458,75.113281
7824,512,39792,77.718750
7825,512,40833,79.751953
7826,512,39333,76.822266
7827,512,38042,74.300781
7828,512,37750,73.730469
7829,512,37958,74.136719
7830,512,37500,73.242188
7831,512,37375,72.998047
7832,512,36375,71.044922
7833,512,36833,71.939453
7834,512,38667,75.521484
7835,512,37042,72.347656
7836,512,37541,73.322266
7837,512,36458,71.207031
7838,512,37334,72.917969
7839,512,37541,73.322266
7840,512,36709,71.697266
7841,512,38958,76.089844
7842,512,37750,73.730469
7843,512,36791,71.857422
7844,512,37708,73.648438
7845,512,38542,75.277344
7846,512,39208,76.578125
7847,512,37917,74.056641
7848,512,38333,74.869141
7849,512,39125,76.416016
7850,512,39750,77.636719
7851,512,38834,75.847656
7852,512,36541,71.369141
7853,512,37375,72.998047
7854,512,37667,73.568359
7855,512,38083,74.380859
7856,512,37375,72.998047
7857,512,37542,73.324219
7858,512,38125,74.462891
7859,512,39083,76.333984
7860,512,36959,72.185547
7861,512,38167,74.544922
7862,512,37958,74.136719
7863,512,36292,70.882812
7864,512,38500,75.195312
7865,512,35916,70.148438
7866,512,37250,72.753906
7867,512,37125,72.509766
7868,512,38750,75.683594
7869,512,37042,72.347656
7870,512,36666,71.613281
7871,512,37167,72.591797
7872,512,37750,73.730469
7873,512,36834,71.941406
7874,512,37541,73.322266
7875,512,38208,74.625000
7876,512,37917,74.056641
7877,512,37041,72.345703
7878,512,39250,76.660156
7879,512,38083,74.380859
7880,512,38125,74.462891
7881,512,37542,73.324219
7882,512,37375,72.998047
7883,512,39084,76.335938
7884,512,36125,70.556641
7885,512,38875,75.927734
7886,512,37708,73.648438
7887,512,38292,74.789062
7888,512,37875,73.974609
7889,512,34709,67.791016
7890,512,38125,74.462891
7891,512,37500,73.242188
7892,512,36708,71.695312
7893,512,35416,69.171875
7894,512,37333,72.916016
7895,512,37875,73.974609
7896,512,38542,75.277344
7897,512,38416,75.031250
7898,512,36917,72.103516
7899,512,37708,73.648438
7900,512,38000,74.218750
7901,512,37459,73.162109
7902,512,38666,75.519531
7903,512,37625,73.486328
7904,512,36750,71.777344
7905,512,37209,72.673828
7906,512,36833,71.939453
7907,512,36416,71.125000
7908,512,35875,70.068359
7909,512,37000,72.265625
7910,512,38125,74.462891
7911,512,36042,70.394531
7912,512,36041,70.392578
7913,512,38292,74.789062
7914,512,37125,72.509766
7915,512,38834,75.847656
7916,512,36084,70.476562
7917,512,37083,72.427734
7918,512,37958,74.136719
7919,512,39500,77.148438
7920,512,39083,76.333984
7921,512,37792,73.812500
7922,512,36708,71.695312
7923,512,36792,71.859375
7924,512,37959,74.138672
7925,512,34666,67.707031
7926,512,37834,73.894531
7927,512,39375,76.904297
7928,512,36584,71.453125
7929,512,36500,71.289062
7930,512,37041,72.345703
7931,512,37667,73.568359
7932,512,37875,73.974609
7933,512,34792,67.953125
7934,512,36041,70.392578
7935,512,37125,72.509766
7936,512,36500,71.289062
7937,512,39333,76.822266
7938,512,36333,70.962891
7939,512,38500,75.195312
7940,512,38625,75.439453
7941,512,37875,73.974609
7942,512,38583,75.357422
7943,512,37208,72.671875
7944,512,36708,71.695312
7945,512,38000,74.218750
7946,512,37791,73.810547
7947,512,37000,72.265625
7948,512,35250,68.847656
7949,512,36542,71.371094
7950,512,36584,71.453125
7951,512,37375,72.998047
7952,512,35834,69.988281
7953,512,36209,70.720703
7954,512,37166,72.589844
7955,512,36459,71.208984
7956,512,35791,69.904297
7957,512,36084,70.476562
7958,512,37584,73.406250
7959,512,37625,73.486328
7960,512,38625,75.439453
7961,512,38083,74.380859
7962,512,40542,79.183594
7963,512,40042,78.207031
7964,512,38167,74.544922
7965,512,37834,73.894531
7966,512,38541,75.275391
7967,512,39375,76.904297
7968,512,38417,75.033203
7969,512,37958,74.136719
7970,512,37083,72.427734
7971,512,35375,69.091797
7972,512,39334,76.824219
7973,512,38708,75.601562
7974,512,35916,70.148438
7975,512,38750,75.683594
7976,512,37417,73.080078
7977,512,39542,77.230469
7978,512,41916,81.867188
7979,512,39000,76.171875
7980,512,38417,75.033203
7981,512,37833,73.892578
7982,512,36583,71.451172
7983,512,37250,72.753906
7984,512,38834,75.847656
7985,512,36709,71.697266
7986,512,36208,70.718750
7987,512,36625,71.533203
7988,512,39375,76.904297
7989,512,37625,73.486328
7990,512,36958,72.183594
7991,512,37583,73.404297
7992,512,38250,74.707031
7993,512,38583,75.357422
7994,512,39750,77.636719
7995,512,37542,73.324219
7996,512,39250,76.660156
7997,512,38500,75.195312
7998,512,37625,73.486328
7999,512,37334,72.917969
8000,512,38375,74.951172
8001,512,36041,70.392578
8002,512,37208,72.671875
8003,512,38167,74.544922
8004,512,39917,77.962891
8005,512,36666,71.613281
8006,512,36500,71.289062
8007,512,37584,73.406250
8008,512,38291,74.787109
8009,512,37709,73.650391
8010,512,37750,73.730469
8011,512,37500,73.242188
8012,512,37708,73.648438
8013,512,38792,75.765625
8014,512,37833,73.892578
8015,512,37750,73.730469
8016,512,37875,73.974609
8017,512,39875,77.880859
8018,512,37375,72.998047
8019,512,37125,72.509766
8020,512,38750,75.683594
8021,512,37041,72.345703
8022,512,37584,73.406250
8023,512,41000,80.078125
8024,512,40875,79.833984
8025,512,38042,74.300781
8026,512,35833,69.986328
8027,512,36750,71.777344
8028,512,37667,73.568359
8029,512,38208,74.625000
8030,512,37000,72.265625
8031,512,36791,71.857422
8032,512,36000,70.312500
8033,512,36125,70.556641
8034,512,37667,73.568359
8035,512,37958,74.136719
8036,512,37375,72.998047
8037,512,36625,71.533203
8038,512,36709,71.697266
8039,512,38416,75.031250
8040,512,38334,74.871094
8041,512,37916,74.054688
8042,512,39750,77.636719
8043,512,38708,75.601562
8044,512,37209,72.673828
8045,512,38125,74.462891
8046,512,38000,74.218750
8047,512,37834,73.894531
8048,512,36125,70.556641
8049,512,38541,75.275391
8050,512,37084,72.429688
8051,512,36958,72.183594
8052,512,37500,73.242188
8053,512,38500,75.195312
8054,512,37166,72.589844
8055,512,39833,77.798828
8056,512,37084,72.429688
8057,512,35250,68.847656
8058,512,37666,73.566406
8059,512,36834,71.941406
8060,512,36833,71.939453
8061,512,38125,74.462891
8062,512,38708,75.601562
8063,512,38125,74.462891
8064,512,39416,76.984375
8065,512,38000,74.218750
8066,512,37292,72.835938
8067,512,38250,74.707031
8068,512,37291,72.833984
8069,512,38709,75.603516
8070,512,38167,74.544922
8071,512,38542,75.277344
8072,512,37375,72.998047
8073,512,38209,74.626953
8074,512,37541,73.322266
8075,512,37542,73.324219
8076,512,38208,74.625000
8077,512,36875,72.021484
8078,512,38042,74.300781
8079,512,39041,76.251953
8080,512,38042,74.300781
8081,512,37542,73.324219
8082,512,37459,73.162109
8083,512,37750,73.730469
8084,512,39875,77.880859
8085,512,38417,75.033203
8086,512,37250,72.753906
8087,512,37750,73.730469
8088,512,38167,74.544922
8089,512,38083,74.380859
8090,512,38292,74.789062
8091,512,39708,77.554688
8092,512,38000,74.218750
8093,512,37666,73.566406
8094,512,37500,73.242188
8095,512,39958,78.042969
8096,512,36459,71.208984
8097,512,37666,73.566406
8098,512,37209,72.673828
8099,512,38792,75.765625
8100,512,38083,74.380859
8101,512,38167,74.544922
8102,512,37875,73.974609
8103,512,38458,75.113281
8104,512,37208,72.671875
8105,512,37375,72.998047
8106,512,36667,71.615234
8107,512,37958,74.136719
8108,512,36417,71.126953
8109,512,37416,73.078125
8110,512,36125,70.556641
8111,512,35875,70.068359
8112,512,35500,69.335938
8113,512,38208,74.625000
8114,512,37167,72.591797
8115,512,36792,71.859375
8116,512,35708,69.742188
8117,512,37458,73.160156
8118,512,41084,80.242188
8119,512,38041,74.298828
8120,512,39500,77.148438
8121,512,46083,90.005859
8122,512,42167,82.357422
8123,512,36750,71.777344
8124,512,37125,72.509766
8125,512,37875,73.974609
8126,512,35750,69.824219
8127,512,37542,73.324219
8128,512,38875,75.927734
8129,512,36708,71.695312
8130,512,37542,73.324219
8131,512,37041,72.345703
8132,512,38375,74.951172
8133,512,38500,75.195312
8134,512,38083,74.380859
8135,512,38042,74.300781
8136,512,37625,73.486328
8137,512,38084,74.382812
8138,512,37917,74.056641
8139,512,37791,73.810547
8140,512,37667,73.568359
8141,512,38375,74.951172
8142,512,39583,77.310547
8143,512,39083,76.333984
8144,512,38458,75.113281
8145,512,38625,75.439453
8146,512,37208,72.671875
8147,512,38458,75.113281
8148,512,37209,72.673828
8149,512,36750,71.777344
8150,512,37334,72.917969
8151,512,37833,73.892578
8152,512,37333,72.916016
8153,512,37250,72.753906
8154,512,36750,71.777344
8155,512,37416,73.078125
8156,512,37750,73.730469
8157,512,42000,82.031250
8158,512,40542,79.183594
8159,512,40166,78.449219
8160,512,39375,76.904297
8161,512,37542,73.324219
8162,512,38834,75.847656
8163,512,36500,71.289062
8164,512,37834,73.894531
8165,512,38209,74.626953
8166,512,37417,73.080078
8167,512,38583,75.357422
8168,512,38042,74.300781
8169,512,37416,73.078125
8170,512,39459,77.068359
8171,512,37167,72.591797
8172,512,35708,69.742188
8173,512,37500,73.242188
8174,512,44417,86.751953
8175,512,37500,73.242188
8176,512,38417,75.033203
8177,512,39041,76.251953
8178,512,37792,73.812500
8179,512,37625,73.486328
8180,512,36583,71.451172
8181,512,37625,73.486328
8182,512,36792,71.859375
8183,512,37750,73.730469
8184,512,37042,72.347656
8185,512,36375,71.044922
8186,512,36167,70.638672
8187,512,39166,76.496094
8188,512,44667,87.240234
8189,512,44459,86.833984
8190,512,38375,74.951172
8191,512,36792,71.859375
8192,512,36500,71.289062
8193,512,37625,73.486328
8194,512,40709,79.509766
8195,512,36917,72.103516
8196,512,36125,70.556641
8197,512,37833,73.892578
8198,512,39292,76.742188
8199,512,42833,83.658203
8200,512,40583,79.263672
8201,512,36959,72.185547
8202,512,36250,70.800781
8203,512,38042,74.300781
8204,512,37125,72.509766
8205,512,38292,74.789062
8206,512,36500,71.289062
8207,512,38666,75.519531
8208,512,37959,74.138672
8209,512,39625,77.392578
8210,512,37416,73.078125
8211,512,36875,72.021484
8212,512,38167,74.544922
8213,512,40500,79.101562
8214,512,37416,73.078125
8215,512,38625,75.439453
8216,512,37375,72.998047
8217,512,38916,76.007812
8218,512,38709,75.603516
8219,512,39834,77.800781
8220,512,49166,96.027344
8221,512,41417,80.892578
8222,512,35750,69.824219
8223,512,38291,74.787109
8224,512,37834,73.894531
8225,512,37500,73.242188
8226,512,36750,71.777344
8227,512,37958,74.136719
8228,512,37250,72.753906
8229,512,37292,72.835938
8230,512,37583,73.404297
8231,512,38458,75.113281
8232,512,40250,78.613281
8233,512,39625,77.392578
8234,512,37833,73.892578
8235,512,37292,72.835938
8236,512,36583,71.451172
8237,512,37709,73.650391
8238,512,39166,76.496094
8239,512,38375,74.951172
8240,512,35584,69.500000
8241,512,38084,74.382812
8242,512,38625,75.439453
8243,512,39417,76.986328
8244,512,39541,77.228516
8245,512,37500,73.242188
8246,512,36500,71.289062
8247,512,36417,71.126953
8248,512,38500,75.195312
8249,512,38083,74.380859
8250,512,38375,74.951172
8251,512,35917,70.150391
8252,512,38375,74.951172
8253,512,37375,72.998047
8254,512,37041,72.345703
8255,512,36375,71.044922
8256,512,38292,74.789062
8257,512,37583,73.404297
8258,512,38000,74.218750
8259,512,36250,70.800781
8260,512,41542,81.136719
8261,512,43541,85.041016
8262,512,38708,75.601562
8263,512,41459,80.974609
8264,512,39375,76.904297
8265,512,45500,88.867188
8266,512,39625,77.392578
8267,512,38791,75.763672
8268,512,38250,74.707031
8269,512,45042,87.972656
8270,512,38958,76.089844
8271,512,38458,75.113281
8272,512,40000,78.125000
8273,512,39000,76.171875
8274,512,36083,70.474609
8275,512,37208,72.671875
8276,512,37542,73.324219
8277,512,38875,75.927734
8278,512,36125,70.556641
8279,512,38167,74.544922
8280,512,38417,75.033203
8281,512,39291,76.740234
8282,512,45000,87.890625
8283,512,36875,72.021484
8284,512,37208,72.671875
8285,512,42708,83.414062
8286,512,39958,78.042969
8287,512,42125,82.275391
8288,512,39125,76.416016
8289,512,43375,84.716797
8290,512,38834,75.847656
8291,512,45875,89.599609
8292,512,43042,84.066406
8293,512,41833,81.705078
8294,512,38083,74.380859
8295,512,37417,73.080078
8296,512,37709,73.650391
8297,512,39167,76.498047
8298,512,37375,72.998047
8299,512,38417,75.033203
8300,512,37291,72.833984
8301,512,37292,72.835938
8302,512,39250,76.660156
8303,512,38250,74.707031
8304,512,38000,74.218750
8305,512,37334,72.917969
8306,512,36583,71.451172
8307,512,38042,74.300781
8308,512,38750,75.683594
8309,512,38792,75.765625
8310,512,38708,75.601562
8311,512,37709,73.650391
8312,512,38542,75.277344
8313,512,40917,79.916016
8314,512,48875,95.458984
8315,512,35250,68.847656
8316,512,37042,72.347656
8317,512,36667,71.615234
8318,512,37000,72.265625
8319,512,36416,71.125000
8320,512,39667,77.474609
8321,512,42708,83.414062
8322,512,38916,76.007812
8323,512,47375,92.529297
8324,512,37042,72.347656
8325,512,38292,74.789062
8326,512,42750,83.496094
8327,512,41916,81.867188
8328,512,41375,80.810547
8329,512,45167,88.216797
8330,512,41958,81.949219
8331,512,38292,74.789062
8332,512,38625,75.439453
8333,512,38167,74.544922
8334,512,39417,76.986328
8335,512,39541,77.228516
8336,512,40917,79.916016
8337,512,39625,77.392578
8338,512,38500,75.195312
8339,512,37917,74.056641
8340,512,44000,85.937500
8341,512,47667,93.099609
8342,512,39375,76.904297
8343,512,45791,89.435547
8344,512,48167,94.076172
8345,512,47500,92.773438
8346,512,42834,83.660156
8347,512,39000,76.171875
8348,512,36875,72.021484
8349,512,37792,73.812500
8350,512,40000,78.125000
8351,512,38916,76.007812
8352,512,45042,87.972656
8353,512,38750,75.683594
8354,512,38750,75.683594
8355,512,38417,75.033203
8356,512,39125,76.416016
8357,512,37917,74.056641
8358,512,38000,74.218750
8359,512,38583,75.357422
8360,512,38875,75.927734
8361,512,38042,74.300781
8362,512,40958,79.996094
8363,512,38000,74.218750
8364,512,41209,80.486328
8365,512,39333,76.822266
8366,512,39708,77.554688
8367,512,39542,77.230469
8368,512,39667,77.474609
8369,512,45667,89.193359
8370,512,39125,76.416016
8371,512,38541,75.275391
8372,512,39250,76.660156
8373,512,37667,73.568359
8374,512,38375,74.951172
8375,512,38459,75.115234
8376,512,38750,75.683594
8377,512,38000,74.218750
8378,512,39333,76.822266
8379,512,38042,74.300781
8380,512,39584,77.312500
8381,512,38709,75.603516
8382,512,39833,77.798828
8383,512,39375,76.904297
8384,512,37625,73.486328
8385,512,39500,77.148438
8386,512,41458,80.972656
8387,512,39125,76.416016
8388,512,39750,77.636719
8389,512,39125,76.416016
8390,512,39167,76.498047
8391,512,38500,75.195312
8392,512,40375,78.857422
8393,512,38750,75.683594
8394,512,38334,74.871094
8395,512,41125,80.322266
8396,512,41500,81.054688
8397,512,41709,81.462891
8398,512,43084,84.148438
8399,512,40459,79.021484
8400,512,38166,74.542969
8401,512,38500,75.195312
8402,512,40292,78.695312
8403,512,40500,79.101562
8404,512,38333,74.869141
8405,512,40625,79.345703
8406,512,40250,78.613281
8407,512,44584,87.078125
8408,512,42709,83.416016
8409,512,40500,79.101562
8410,512,42250,82.519531
8411,512,38833,75.845703
8412,512,38375,74.951172
8413,512,40500,79.101562
8414,512,40042,78.207031
8415,512,40708,79.507812
8416,512,48375,94.482422
8417,512,39625,77.392578
8418,512,38708,75.601562
8419,512,41000,80.078125
8420,512,38541,75.275391
8421,512,40250,78.613281
8422,512,40792,79.671875
8423,512,39416,76.984375
8424,512,40333,78.775391
8425,512,37542,73.324219
8426,512,40792,79.671875
8427,512,37166,72.589844
8428,512,40125,78.369141
8429,512,40417,78.939453
8430,512,38958,76.089844
8431,512,38500,75.195312
8432,512,38916,76.007812
8433,512,37917,74.056641
8434,512,39083,76.333984
8435,512,41042,80.160156
8436,512,37792,73.812500
8437,512,38458,75.113281
8438,512,39000,76.171875
8439,512,38208,74.625000
8440,512,37959,74.138672
8441,512,41875,81.787109
8442,512,40250,78.613281
8443,512,38875,75.927734
8444,512,41083,80.240234
8445,512,42417,82.845703
8446,512,38333,74.869141
8447,512,41125,80.322266
8448,512,40458,79.019531
8449,512,40209,78.533203
8450,512,39958,78.042969
8451,512,41750,81.542969
8452,512,42791,83.576172
8453,512,40084,78.289062
8454,512,39500,77.148438
8455,512,39875,77.880859
8456,512,38167,74.544922
8457,512,38167,74.544922
8458,512,41750,81.542969
8459,512,40875,79.833984
8460,512,38042,74.300781
8461,512,39292,76.742188
8462,512,42208,82.437500
8463,512,42417,82.845703
8464,512,41125,80.322266
8465,512,38459,75.115234
8466,512,40792,79.671875
8467,512,39291,76.740234
8468,512,39250,76.660156
8469,512,37667,73.568359
8470,512,41750,81.542969
8471,512,41875,81.787109
8472,512,39834,77.800781
8473,512,40667,79.427734
8474,512,41583,81.216797
8475,512,39458,77.066406
8476,512,39458,77.066406
8477,512,42500,83.007812
8478,512,44250,86.425781
8479,512,38958,76.089844
8480,512,40833,79.751953
8481,512,39000,76.171875
8482,512,38375,74.951172
8483,512,43334,84.636719
8484,512,41625,81.298828
8485,512,41709,81.462891
8486,512,38542,75.277344
8487,512,39667,77.474609
8488,512,42417,82.845703
8489,512,39291,76.740234
8490,512,39875,77.880859
8491,512,39709,77.556641
8492,512,41125,80.322266
8493,512,41459,80.974609
8494,512,38666,75.519531
8495,512,40917,79.916016
8496,512,37625,73.486328
8497,512,39125,76.416016
8498,512,41875,81.787109
8499,512,38917,76.009766
8500,512,37833,73.892578
8501,512,38166,74.542969
8502,512,38500,75.195312
8503,512,37625,73.486328
8504,512,39625,77.392578
8505,512,35792,69.906250
8506,512,37708,73.648438
8507,512,37292,72.835938
8508,512,36458,71.207031
8509,512,35916,70.148438
8510,512,35875,70.068359
8511,512,35959,70.232422
8512,512,37250,72.753906
8513,512,38417,75.033203
8514,512,39375,76.904297
8515,512,35250,68.847656
8516,512,37125,72.509766
8517,512,39791,77.716797
8518,512,36875,72.021484
8519,512,35709,69.744141
8520,512,37666,73.566406
8521,512,38084,74.382812
8522,512,39959,78.044922
8523,512,37958,74.136719
8524,512,35792,69.906250
8525,512,40791,79.669922
8526,512,39875,77.880859
8527,512,36833,71.939453
8528,512,37417,73.080078
8529,512,38875,75.927734
8530,512,39375,76.904297
8531,512,39166,76.496094
8532,512,38875,75.927734
8533,512,39833,77.798828
8534,512,39750,77.636719
8535,512,40375,78.857422
8536,512,40083,78.287109
8537,512,38583,75.357422
8538,512,40250,78.613281
8539,512,41875,81.787109
8540,512,37292,72.835938
8541,512,37833,73.892578
8542,512,36834,71.941406
8543,512,36709,71.697266
8544,512,40416,78.937500
8545,512,37834,73.894531
8546,512,38834,75.847656
8547,512,37542,73.324219
8548,512,37417,73.080078
8549,512,39291,76.740234
8550,512,37375,72.998047
8551,512,40208,78.531250
8552,512,41750,81.542969
8553,512,36750,71.777344
8554,512,37958,74.136719
8555,512,38042,74.300781
8556,512,37708,73.648438
8557,512,37750,73.730469
8558,512,36167,70.638672
8559,512,39208,76.578125
8560,512,39542,77.230469
8561,512,40000,78.125000
8562,512,43000,83.984375
8563,512,40625,79.345703
8564,512,37667,73.568359
8565,512,36959,72.185547
8566,512,37875,73.974609
8567,512,40250,78.613281
8568,512,39875,77.880859
8569,512,37125,72.509766
8570,512,39417,76.986328
8571,512,40625,79.345703
8572,512,39084,76.335938
8573,512,37292,72.835938
8574,512,37750,73.730469
8575,512,37500,73.242188
8576,512,36000,70.312500
8577,512,38083,74.380859
8578,512,36375,71.044922
8579,512,37791,73.810547
8580,512,37834,73.894531
8581,512,36709,71.697266
8582,512,39291,76.740234
8583,512,38250,74.707031
8584,512,39334,76.824219
8585,512,36958,72.183594
8586,512,38625,75.439453
8587,512,37458,73.160156
8588,512,37708,73.648438
8589,512,37458,73.160156
8590,512,38125,74.462891
8591,512,39000,76.171875
8592,512,41000,80.078125
8593,512,39875,77.880859
8594,512,37958,74.136719
8595,512,36708,71.695312
8596,512,38042,74.300781
8597,512,37208,72.671875
8598,512,37334,72.917969
8599,512,38291,74.787109
8600,512,37417,73.080078
8601,512,37209,72.673828
8602,512,37166,72.589844
8603,512,38083,74.380859
8604,512,38084,74.382812
8605,512,36750,71.777344
8606,512,39041,76.251953
8607,512,39334,76.824219
8608,512,37250,72.753906
8609,512,37250,72.753906
8610,512,41083,80.240234
8611,512,38000,74.218750
8612,512,37584,73.406250
8613,512,37292,72.835938
8614,512,38125,74.462891
8615,512,36375,71.044922
8616,512,38417,75.033203
8617,512,37208,72.671875
8618,512,38625,75.439453
8619,512,38583,75.357422
8620,512,36625,71.533203
8621,512,37792,73.812500
8622,512,37417,73.080078
8623,512,36791,71.857422
8624,512,36542,71.371094
8625,512,37167,72.591797
8626,512,37208,72.671875
8627,512,39709,77.556641
8628,512,39000,76.171875
8629,512,37208,72.671875
8630,512,37084,72.429688
8631,512,37166,72.589844
8632,512,38125,74.462891
8633,512,39042,76.253906
8634,512,37375,72.998047
8635,512,37750,73.730469
8636,512,37292,72.835938
8637,512,36250,70.800781
8638,512,37000,72.265625
8639,512,37125,72.509766
8640,512,37417,73.080078
8641,512,39083,76.333984
8642,512,40000,78.125000
8643,512,38833,75.845703
8644,512,37292,72.835938
8645,512,37500,73.242188
8646,512,36042,70.394531
8647,512,36792,71.859375
8648,512,37958,74.136719
8649,512,37083,72.427734
8650,512,37458,73.160156
8651,512,37500,73.242188
8652,512,38208,74.625000
8653,512,39292,76.742188
8654,512,37125,72.509766
8655,512,38625,75.439453
8656,512,38208,74.625000
8657,512,37500,73.242188
8658,512,36834,71.941406
8659,512,37166,72.589844
8660,512,37208,72.671875
8661,512,38417,75.033203
8662,512,38166,74.542969
8663,512,37584,73.406250
8664,512,35625,69.580078
8665,512,37459,73.162109
8666,512,40208,78.531250
8667,512,39250,76.660156
8668,512,37958,74.136719
8669,512,36917,72.103516
8670,512,37375,72.998047
8671,512,39750,77.636719
8672,512,38625,75.439453
8673,512,38042,74.300781
8674,512,36583,71.451172
8675,512,37833,73.892578
8676,512,38125,74.462891
8677,512,37209,72.673828
8678,512,37791,73.810547
8679,512,37625,73.486328
8680,512,39334,76.824219
8681,512,38166,74.542969
8682,512,41792,81.625000
8683,512,40125,78.369141
8684,512,37416,73.078125
8685,512,39417,76.986328
8686,512,37667,73.568359
8687,512,38250,74.707031
8688,512,38750,75.683594
8689,512,36667,71.615234
8690,512,36666,71.613281
8691,512,34417,67.220703
8692,512,39583,77.310547
8693,512,38500,75.195312
8694,512,38125,74.462891
8695,512,36958,72.183594
8696,512,36167,70.638672
8697,512,37000,72.265625
8698,512,38125,74.462891
8699,512,36792,71.859375
8700,512,37916,74.054688
8701,512,39167,76.498047
8702,512,38125,74.462891
8703,512,37584,73.406250
8704,512,37500,73.242188
8705,512,37750,73.730469
8706,512,38917,76.009766
8707,512,38916,76.007812
8708,512,37625,73.486328
8709,512,37750,73.730469
8710,512,39292,76.742188
8711,512,37958,74.136719
8712,512,38292,74.789062
8713,512,39041,76.251953
8714,512,37167,72.591797
8715,512,36833,71.939453
8716,512,38875,75.927734
8717,512,36833,71.939453
8718,512,38583,75.357422
8719,512,38125,74.462891
8720,512,37375,72.998047
8721,512,39334,76.824219
8722,512,44166,86.261719
8723,512,40167,78.451172
8724,512,37875,73.974609
8725,512,37791,73.810547
8726,512,39625,77.392578
8727,512,35959,70.232422
8728,512,39042,76.253906
8729,512,37333,72.916016
8730,512,37750,73.730469
8731,512,39083,76.333984
8732,512,36958,72.183594
8733,512,37875,73.974609
8734,512,40208,78.531250
8735,512,38458,75.113281
8736,512,40208,78.531250
8737,512,38625,75.439453
8738,512,38000,74.218750
8739,512,40042,78.207031
8740,512,38500,75.195312
8741,512,38334,74.871094
8742,512,38166,74.542969
8743,512,39167,76.498047
8744,512,38541,75.275391
8745,512,38917,76.009766
8746,512,38666,75.519531
8747,512,38958,76.089844
8748,512,39000,76.171875
8749,512,38125,74.462891
8750,512,39375,76.904297
8751,512,37458,73.160156
8752,512,36500,71.289062
8753,512,38292,74.789062
8754,512,39625,77.392578
8755,512,39125,76.416016
8756,512,36875,72.021484
8757,512,36667,71.615234
8758,512,37166,72.589844
8759,512,38084,74.382812
8760,512,40292,78.695312
8761,512,37166,72.589844
8762,512,37292,72.835938
8763,512,37208,72.671875
8764,512,38458,75.113281
8765,512,38000,74.218750
8766,512,38208,74.625000
8767,512,39500,77.148438
8768,512,41458,80.972656
8769,512,40959,79.998047
8770,512,39125,76.416016
8771,512,37209,72.673828
8772,512,39167,76.498047
8773,512,36042,70.394531
8774,512,39042,76.253906
8775,512,37083,72.427734
8776,512,41250,80.566406
8777,512,36625,71.533203
8778,512,39417,76.986328
8779,512,38291,74.787109
8780,512,37167,72.591797
8781,512,38292,74.789062
8782,512,39667,77.474609
8783,512,36375,71.044922
8784,512,39500,77.148438
8785,512,37500,73.242188
8786,512,38833,75.845703
8787,512,38083,74.380859
8788,512,37042,72.347656
8789,512,37292,72.835938
8790,512,35458,69.253906
8791,512,37542,73.324219
8792,512,37666,73.566406
8793,512,36542,71.371094
8794,512,37833,73.892578
8795,512,39375,76.904297
8796,512,37208,72.671875
8797,512,38792,75.765625
8798,512,37708,73.648438
8799,512,38459,75.115234
8800,512,36958,72.183594
8801,512,41375,80.810547
8802,512,40708,79.507812
8803,512,38500,75.195312
8804,512,38208,74.625000
8805,512,38750,75.683594
8806,512,37709,73.650391
8807,512,40709,79.509766
8808,512,41583,81.216797
8809,512,36375,71.044922
8810,512,37208,72.671875
8811,512,37583,73.404297
8812,512,37209,72.673828
8813,512,39416,76.984375
8814,512,37667,73.568359
8815,512,36500,71.289062
8816,512,39333,76.822266
8817,512,38500,75.195312
8818,512,40041,78.205078
8819,512,40459,79.021484
8820,512,38583,75.357422
8821,512,37125,72.509766
8822,512,37625,73.486328
8823,512,38750,75.683594
8824,512,36959,72.185547
8825,512,37791,73.810547
8826,512,38167,74.544922
8827,512,36458,71.207031
8828,512,37541,73.322266
8829,512,37917,74.056641
8830,512,38625,75.439453
8831,512,37791,73.810547
8832,512,37000,72.265625
8833,512,38584,75.359375
8834,512,39584,77.312500
8835,512,38541,75.275391
8836,512,39084,76.335938
8837,512,38000,74.218750
8838,512,36750,71.777344
8839,512,40459,79.021484
8840,512,38291,74.787109
8841,512,37167,72.591797
8842,512,37541,73.322266
8843,512,39875,77.880859
8844,512,39500,77.148438
8845,512,39292,76.742188
8846,512,41333,80.728516
8847,512,38458,75.113281
8848,512,38041,74.298828
8849,512,39000,76.171875
8850,512,39375,76.904297
8851,512,39750,77.636719
8852,512,36916,72.101562
8853,512,37834,73.894531
8854,512,37541,73.322266
8855,512,37375,72.998047
8856,512,37334,72.917969
8857,512,36292,70.882812
8858,512,37458,73.160156
8859,512,37875,73.974609
8860,512,37709,73.650391
8861,512,38084,74.382812
8862,512,37584,73.406250
8863,512,39375,76.904297
8864,512,40625,79.345703
8865,512,37958,74.136719
8866,512,37333,72.916016
8867,512,36875,72.021484
8868,512,37000,72.265625
8869,512,39125,76.416016
8870,512,40625,79.345703
8871,512,37875,73.974609
8872,512,37583,73.404297
8873,512,37625,73.486328
8874,512,38125,74.462891
8875,512,41042,80.160156
8876,512,38042,74.300781
8877,512,36792,71.859375
8878,512,37667,73.568359
8879,512,37958,74.136719
8880,512,38583,75.357422
8881,512,36250,70.800781
8882,512,41083,80.240234
8883,512,38417,75.033203
8884,512,46791,91.388672
8885,512,39000,76.171875
8886,512,38083,74.380859
8887,512,35833,69.986328
8888,512,37667,73.568359
8889,512,38833,75.845703
8890,512,36292,70.882812
8891,512,38333,74.869141
8892,512,37041,72.345703
8893,512,38375,74.951172
8894,512,38167,74.544922
8895,512,38000,74.218750
8896,512,39625,77.392578
8897,512,38209,74.626953
8898,512,37541,73.322266
8899,512,36542,71.371094
8900,512,37625,73.486328
8901,512,37625,73.486328
8902,512,36250,70.800781
8903,512,36375,71.044922
8904,512,36875,72.021484
8905,512,38750,75.683594
8906,512,39375,76.904297
8907,512,37625,73.486328
8908,512,40875,79.833984
8909,512,38333,74.869141
8910,512,37333,72.916016
8911,512,37500,73.242188
8912,512,36042,70.394531
8913,512,38458,75.113281
8914,512,39042,76.253906
8915,512,36875,72.021484
8916,512,38000,74.218750
8917,512,37041,72.345703
8918,512,38958,76.089844
8919,512,39625,77.392578
8920,512,37542,73.324219
8921,512,39375,76.904297
8922,512,36375,71.044922
8923,512,36708,71.695312
8924,512,36875,72.021484
8925,512,37625,73.486328
8926,512,37542,73.324219
8927,512,38041,74.298828
8928,512,38875,75.927734
8929,512,36958,72.183594
8930,512,39542,77.230469
8931,512,40791,79.669922
8932,512,38542,75.277344
8933,512,37167,72.591797
8934,512,38583,75.357422
8935,512,39459,77.068359
8936,512,39541,77.228516
8937,512,36917,72.103516
8938,512,41084,80.242188
8939,512,39125,76.416016
8940,512,36250,70.800781
8941,512,38417,75.033203
8942,512,37875,73.974609
8943,512,38709,75.603516
8944,512,40875,79.833984
8945,512,39416,76.984375
8946,512,35292,68.929688
8947,512,35958,70.230469
8948,512,38875,75.927734
8949,512,38500,75.195312
8950,512,39958,78.042969
8951,512,39750,77.636719
8952,512,37333,72.916016
8953,512,38625,75.439453
8954,512,36917,72.103516
8955,512,37958,74.136719
8956,512,36208,70.718750
8957,512,35292,68.929688
8958,512,40041,78.205078
8959,512,38584,75.359375
8960,512,38209,74.626953
8961,512,47250,92.285156
8962,512,38792,75.765625
8963,512,37833,73.892578
8964,512,38875,75.927734
8965,512,36958,72.183594
8966,512,36875,72.021484
8967,512,37417,73.080078
8968,512,37833,73.892578
8969,512,38250,74.707031
8970,512,37667,73.568359
8971,512,39250,76.660156
8972,512,37833,73.892578
8973,512,36250,70.800781
8974,512,42125,82.275391
8975,512,38583,75.357422
8976,512,37500,73.242188
8977,512,38125,74.462891
8978,512,38417,75.033203
8979,512,37000,72.265625
8980,512,37416,73.078125
8981,512,36458,71.207031
8982,512,38625,75.439453
8983,512,36625,71.533203
8984,512,39042,76.253906
8985,512,39416,76.984375
8986,512,39209,76.580078
8987,512,37291,72.833984
8988,512,37958,74.136719
8989,512,38833,75.845703
8990,512,38417,75.033203
8991,512,38291,74.787109
8992,512,37042,72.347656
8993,512,36500,71.289062
8994,512,38500,75.195312
8995,512,38666,75.519531
8996,512,39000,76.171875
8997,512,37250,72.753906
8998,512,36583,71.451172
8999,512,37833,73.892578
9000,512,46125,90.087891
9001,512,38000,74.218750
9002,512,39583,77.310547
9003,512,38875,75.927734
9004,512,38709,75.603516
9005,512,38958,76.089844
9006,512,39417,76.986328
9007,512,39666,77.472656
9008,512,37792,73.812500
9009,512,36792,71.859375
9010,512,38458,75.113281
9011,512,37292,72.835938
9012,512,38708,75.601562
9013,512,36917,72.103516
9014,512,38416,75.031250
9015,512,38958,76.089844
9016,512,40250,78.613281
9017,512,37625,73.486328
9018,512,37250,72.753906
9019,512,38334,74.871094
9020,512,36542,71.371094
9021,512,39708,77.554688
9022,512,37417,73.080078
9023,512,35875,70.068359
9024,512,36459,71.208984
9025,512,38000,74.218750
9026,512,39625,77.392578
9027,512,37709,73.650391
9028,512,38041,74.298828
9029,512,36209,70.720703
9030,512,39375,76.904297
9031,512,45250,88.378906
9032,512,41167,80.404297
9033,512,39333,76.822266
9034,512,37333,72.916016
9035,512,38083,74.380859
9036,512,39333,76.822266
9037,512,37708,73.648438
9038,512,38458,75.113281
9039,512,40167,78.451172
9040,512,38791,75.763672
9041,512,40417,78.939453
9042,512,37208,72.671875
9043,512,37834,73.894531
9044,512,38625,75.439453
9045,512,40083,78.287109
9046,512,39000,76.171875
9047,512,39833,77.798828
9048,512,43792,85.531250
9049,512,39792,77.718750
9050,512,41334,80.730469
9051,512,39667,77.474609
9052,512,39416,76.984375
9053,512,38125,74.462891
9054,512,36875,72.021484
9055,512,38333,74.869141
9056,512,41167,80.404297
9057,512,37917,74.056641
9058,512,38584,75.359375
9059,512,35791,69.904297
9060,512,36417,71.126953
9061,512,38708,75.601562
9062,512,38291,74.787109
9063,512,37958,74.136719
9064,512,38709,75.603516
9065,512,38750,75.683594
9066,512,37959,74.138672
9067,512,36584,71.453125
9068,512,36500,71.289062
9069,512,38958,76.089844
9070,512,41292,80.648438
9071,512,40209,78.533203
9072,512,36416,71.125000
9073,512,38417,75.033203
9074,512,39167,76.498047
9075,512,37875,73.974609
9076,512,37459,73.162109
9077,512,39167,76.498047
9078,512,36042,70.394531
9079,512,36125,70.556641
9080,512,38375,74.951172
9081,512,37209,72.673828
9082,512,39166,76.496094
9083,512,39125,76.416016
9084,512,38541,75.275391
9085,512,38375,74.951172
9086,512,38375,74.951172
9087,512,38208,74.625000
9088,512,37541,73.322266
9089,512,37292,72.835938
9090,512,37583,73.404297
9091,512,37875,73.974609
9092,512,39000,76.171875
9093,512,37583,73.404297
9094,512,38042,74.300781
9095,512,37000,72.265625
9096,512,37167,72.591797
9097,512,37916,74.054688
9098,512,37417,73.080078
9099,512,37000,72.265625
9100,512,38125,74.462891
9101,512,37791,73.810547
9102,512,36667,71.615234
9103,512,38125,74.462891
9104,512,37958,74.136719
9105,512,37000,72.265625
9106,512,37500,73.242188
9107,512,37458,73.160156
9108,512,38000,74.218750
9109,512,37709,73.650391
9110,512,38833,75.845703
9111,512,37875,73.974609
9112,512,37875,73.974609
9113,512,39250,76.660156
9114,512,38625,75.439453
9115,512,38791,75.763672
9116,512,37334,72.917969
9117,512,37500,73.242188
9118,512,38666,75.519531
9119,512,37417,73.080078
9120,512,38916,76.007812
9121,512,37625,73.486328
9122,512,37208,72.671875
9123,512,37667,73.568359
9124,512,38458,75.113281
9125,512,38083,74.380859
9126,512,40417,78.939453
9127,512,37708,73.648438
9128,512,39125,76.416016
9129,512,38750,75.683594
9130,512,38958,76.089844
9131,512,36750,71.777344
9132,512,37417,73.080078
9133,512,38792,75.765625
9134,512,37750,73.730469
9135,512,37666,73.566406
9136,512,37417,73.080078
9137,512,35708,69.742188
9138,512,37000,72.265625
9139,512,37500,73.242188
9140,512,37166,72.589844
9141,512,37250,72.753906
9142,512,36334,70.964844
9143,512,37000,72.265625
9144,512,36334,70.964844
9145,512,37334,72.917969
9146,512,39125,76.416016
9147,512,40250,78.613281
9148,512,39917,77.962891
9149,512,37875,73.974609
9150,512,35292,68.929688
9151,512,36583,71.451172
9152,512,38083,74.380859
9153,512,38625,75.439453
9154,512,38292,74.789062
9155,512,36542,71.371094
9156,512,36750,71.777344
9157,512,38459,75.115234
9158,512,37917,74.056641
9159,512,37625,73.486328
9160,512,38167,74.544922
9161,512,37042,72.347656
9162,512,42125,82.275391
9163,512,37375,72.998047
9164,512,37667,73.568359
9165,512,38458,75.113281
9166,512,37500,73.242188
9167,512,42000,82.031250
9168,512,37042,72.347656
9169,512,36875,72.021484
9170,512,49625,96.923828
9171,512,38042,74.300781
9172,512,38833,75.845703
9173,512,38583,75.357422
9174,512,38042,74.300781
9175,512,38292,74.789062
9176,512,38250,74.707031
9177,512,37916,74.054688
9178,512,36542,71.371094
9179,512,38083,74.380859
9180,512,38042,74.300781
9181,512,36166,70.636719
9182,512,37417,73.080078
9183,512,38584,75.359375
9184,512,39959,78.044922
9185,512,39458,77.066406
9186,512,39708,77.554688
9187,512,44833,87.564453
9188,512,37209,72.673828
9189,512,38458,75.113281
9190,512,37917,74.056641
9191,512,38000,74.218750
9192,512,35834,69.988281
9193,512,36667,71.615234
9194,512,39041,76.251953
9195,512,36667,71.615234
9196,512,38750,75.683594
9197,512,39542,77.230469
9198,512,38666,75.519531
9199,512,38542,75.277344
9200,512,37250,72.753906
9201,512,37459,73.162109
9202,512,38542,75.277344
9203,512,40000,78.125000
9204,512,39208,76.578125
9205,512,37792,73.812500
9206,512,37083,72.427734
9207,512,37708,73.648438
9208,512,35417,69.173828
9209,512,36791,71.857422
9210,512,38500,75.195312
9211,512,36625,71.533203
9212,512,38292,74.789062
9213,512,35750,69.824219
9214,512,36709,71.697266
9215,512,37041,72.345703
9216,512,36417,71.126953
9217,512,39667,77.474609
9218,512,40708,79.507812
9219,512,37833,73.892578
9220,512,37708,73.648438
9221,512,37375,72.998047
9222,512,38875,75.927734
9223,512,39084,76.335938
9224,512,38375,74.951172
9225,512,37417,73.080078
9226,512,37708,73.648438
9227,512,38667,75.521484
9228,512,38167,74.544922
9229,512,37292,72.835938
9230,512,38542,75.277344
9231,512,39125,76.416016
9232,512,38500,75.195312
9233,512,37875,73.974609
9234,512,38791,75.763672
9235,512,37834,73.894531
9236,512,38792,75.765625
9237,512,38333,74.869141
9238,512,39000,76.171875
9239,512,38250,74.707031
9240,512,37125,72.509766
9241,512,38750,75.683594
9242,512,35875,70.068359
9243,512,38584,75.359375
9244,512,37625,73.486328
9245,512,37459,73.162109
9246,512,40125,78.369141
9247,512,38166,74.542969
9248,512,37584,73.406250
9249,512,36917,72.103516
9250,512,36042,70.394531
9251,512,38000,74.218750
9252,512,37375,72.998047
9253,512,37166,72.589844
9254,512,38167,74.544922
9255,512,35875,70.068359
9256,512,36083,70.474609
9257,512,38292,74.789062
9258,512,40083,78.287109
9259,512,36500,71.289062
9260,512,36792,71.859375
9261,512,36333,70.962891
9262,512,39875,77.880859
9263,512,38750,75.683594
9264,512,38375,74.951172
9265,512,37459,73.162109
9266,512,41041,80.158203
9267,512,42792,83.578125
9268,512,38083,74.380859
9269,512,36084,70.476562
9270,512,35541,69.416016
9271,512,44625,87.158203
9272,512,38125,74.462891
9273,512,37042,72.347656
9274,512,36167,70.638672
9275,512,37459,73.162109
9276,512,37083,72.427734
9277,512,37708,73.648438
9278,512,39792,77.718750
9279,512,36292,70.882812
9280,512,37166,72.589844
9281,512,39542,77.230469
9282,512,47500,92.773438
9283,512,38541,75.275391
9284,512,41500,81.054688
9285,512,37667,73.568359
9286,512,37042,72.347656
9287,512,39042,76.253906
9288,512,41292,80.648438
9289,512,38916,76.007812
9290,512,39292,76.742188
9291,512,37458,73.160156
9292,512,38500,75.195312
9293,512,39125,76.416016
9294,512,37000,72.265625
9295,512,38042,74.300781
9296,512,37875,73.974609
9297,512,37000,72.265625
9298,512,35125,68.603516
9299,512,36625,71.533203
9300,512,38917,76.009766
9301,512,38042,74.300781
9302,512,37542,73.324219
9303,512,38875,75.927734
9304,512,38291,74.787109
9305,512,37125,72.509766
9306,512,37333,72.916016
9307,512,36917,72.103516
9308,512,38625,75.439453
9309,512,36500,71.289062
9310,512,37875,73.974609
9311,512,37958,74.136719
9312,512,37250,72.753906
9313,512,35334,69.011719
9314,512,38042,74.300781
9315,512,38541,75.275391
9316,512,36917,72.103516
9317,512,39167,76.498047
9318,512,38459,75.115234
9319,512,38875,75.927734
9320,512,38375,74.951172
9321,512,36750,71.777344
9322,512,38250,74.707031
9323,512,39458,77.066406
9324,512,37875,73.974609
9325,512,38875,75.927734
9326,512,37500,73.242188
9327,512,37958,74.136719
9328,512,37667,73.568359
9329,512,39334,76.824219
9330,512,37709,73.650391
9331,512,37333,72.916016
9332,512,39041,76.251953
9333,512,40417,78.939453
9334,512,40875,79.833984
9335,512,37666,73.566406
9336,512,36792,71.859375
9337,512,37625,73.486328
9338,512,39875,77.880859
9339,512,40291,78.693359
9340,512,42542,83.089844
9341,512,40041,78.205078
9342,512,38417,75.033203
9343,512,38292,74.789062
9344,512,39042,76.253906
9345,512,37000,72.265625
9346,512,36666,71.613281
9347,512,38042,74.300781
9348,512,37667,73.568359
9349,512,38666,75.519531
9350,512,35792,69.906250
9351,512,35417,69.173828
9352,512,39458,77.066406
9353,512,38625,75.439453
9354,512,37959,74.138672
9355,512,37666,73.566406
9356,512,38208,74.625000
9357,512,38709,75.603516
9358,512,37333,72.916016
9359,512,38583,75.357422
9360,512,38125,74.462891
9361,512,38375,74.951172
9362,512,37000,72.265625
9363,512,39041,76.251953
9364,512,37750,73.730469
9365,512,36709,71.697266
9366,512,39958,78.042969
9367,512,39375,76.904297
9368,512,37708,73.648438
9369,512,37250,72.753906
9370,512,38250,74.707031
9371,512,38584,75.359375
9372,512,37334,72.917969
9373,512,37291,72.833984
9374,512,36875,72.021484
9375,512,41042,80.160156
9376,512,40833,79.751953
9377,512,41958,81.949219
9378,512,36500,71.289062
9379,512,38292,74.789062
9380,512,37417,73.080078
9381,512,37083,72.427734
9382,512,38417,75.033203
9383,512,40125,78.369141
9384,512,38542,75.277344
9385,512,37750,73.730469
9386,512,37458,73.160156
9387,512,37208,72.671875
9388,512,38542,75.277344
9389,512,37125,72.509766
9390,512,37417,73.080078
9391,512,37000,72.265625
9392,512,44333,86.587891
9393,512,41875,81.787109
9394,512,37208,72.671875
9395,512,36542,71.371094
9396,512,39417,76.986328
9397,512,40375,78.857422
9398,512,39667,77.474609
9399,512,39208,76.578125
9400,512,37583,73.404297
9401,512,37708,73.648438
9402,512,37334,72.917969
9403,512,37334,72.917969
9404,512,37958,74.136719
9405,512,37708,73.648438
9406,512,39125,76.416016
9407,512,38209,74.626953
9408,512,37958,74.136719
9409,512,37833,73.892578
9410,512,39292,76.742188
9411,512,38459,75.115234
9412,512,38791,75.763672
9413,512,37875,73.974609
9414,512,36959,72.185547
9415,512,37541,73.322266
9416,512,38167,74.544922
9417,512,38042,74.300781
9418,512,39375,76.904297
9419,512,40083,78.287109
9420,512,39791,77.716797
9421,512,36708,71.695312
9422,512,38750,75.683594
9423,512,39375,76.904297
9424,512,38959,76.091797
9425,512,37292,72.835938
9426,512,38875,75.927734
9427,512,38333,74.869141
9428,512,37458,73.160156
9429,512,37417,73.080078
9430,512,37292,72.835938
9431,512,38375,74.951172
9432,512,37041,72.345703
9433,512,36583,71.451172
9434,512,39625,77.392578
9435,512,38500,75.195312
9436,512,37166,72.589844
9437,512,36542,71.371094
9438,512,36417,71.126953
9439,512,39083,76.333984
9440,512,38500,75.195312
9441,512,37083,72.427734
9442,512,36084,70.476562
9443,512,37125,72.509766
9444,512,37083,72.427734
9445,512,36833,71.939453
9446,512,38167,74.544922
9447,512,37833,73.892578
9448,512,37208,72.671875
9449,512,37250,72.753906
9450,512,39292,76.742188
9451,512,37291,72.833984
9452,512,35375,69.091797
9453,512,35875,70.068359
9454,512,35208,68.765625
9455,512,38333,74.869141
9456,512,38500,75.195312
9457,512,38417,75.033203
9458,512,36375,71.044922
9459,512,36542,71.371094
9460,512,36667,71.615234
9461,512,35292,68.929688
9462,512,36292,70.882812
9463,512,37542,73.324219
9464,512,38916,76.007812
9465,512,38084,74.382812
9466,512,37041,72.345703
9467,512,38458,75.113281
9468,512,37375,72.998047
9469,512,36916,72.101562
9470,512,37375,72.998047
9471,512,38208,74.625000
9472,512,39500,77.148438
9473,512,37917,74.056641
9474,512,40125,78.369141
9475,512,37125,72.509766
9476,512,36833,71.939453
9477,512,36292,70.882812
9478,512,36208,70.718750
9479,512,39167,76.498047
9480,512,37875,73.974609
9481,512,36333,70.962891
9482,512,38000,74.218750
9483,512,37500,73.242188
9484,512,37500,73.242188
9485,512,42666,83.332031
9486,512,38209,74.626953
9487,512,46875,91.552734
9488,512,38416,75.031250
9489,512,38125,74.462891
9490,512,36208,70.718750
9491,512,38083,74.380859
9492,512,37917,74.056641
9493,512,42833,83.658203
9494,512,38167,74.544922
9495,512,35250,68.847656
9496,512,37541,73.322266
9497,512,36958,72.183594
9498,512,37750,73.730469
9499,512,37875,73.974609
9500,512,37417,73.080078
9501,512,36625,71.533203
9502,512,38334,74.871094
9503,512,37292,72.835938
9504,512,36250,70.800781
9505,512,39041,76.251953
9506,512,36083,70.474609
9507,512,39292,76.742188
9508,512,36917,72.103516
9509,512,35709,69.744141
9510,512,36916,72.101562
9511,512,37292,72.835938
9512,512,37000,72.265625
9513,512,35875,70.068359
9514,512,37542,73.324219
9515,512,39583,77.310547
9516,512,38625,75.439453
9517,512,36500,71.289062
9518,512,38000,74.218750
9519,512,37792,73.812500
9520,512,37500,73.242188
9521,512,36042,70.394531
9522,512,36042,70.394531
9523,512,34666,67.707031
9524,512,39042,76.253906
9525,512,37750,73.730469
9526,512,37750,73.730469
9527,512,36750,71.777344
9528,512,39875,77.880859
9529,512,35791,69.904297
9530,512,38500,75.195312
9531,512,38625,75.439453
9532,512,37000,72.265625
9533,512,39333,76.822266
9534,512,36584,71.453125
9535,512,37125,72.509766
9536,512,38875,75.927734
9537,512,38959,76.091797
9538,512,36250,70.800781
9539,512,36500,71.289062
9540,512,37417,73.080078
9541,512,36708,71.695312
9542,512,36959,72.185547
9543,512,39375,76.904297
9544,512,38209,74.626953
9545,512,39084,76.335938
9546,512,40167,78.451172
9547,512,38292,74.789062
9548,512,37292,72.835938
9549,512,36583,71.451172
9550,512,36417,71.126953
9551,512,36250,70.800781
9552,512,37458,73.160156
9553,512,37000,72.265625
9554,512,35875,70.068359
9555,512,38291,74.787109
9556,512,36333,70.962891
9557,512,37209,72.673828
9558,512,38375,74.951172
9559,512,39667,77.474609
9560,512,38458,75.113281
9561,512,37625,73.486328
9562,512,37792,73.812500
9563,512,37833,73.892578
9564,512,36125,70.556641
9565,512,37792,73.812500
9566,512,37542,73.324219
9567,512,35916,70.148438
9568,512,37917,74.056641
9569,512,36125,70.556641
9570,512,37459,73.162109
9571,512,37833,73.892578
9572,512,37083,72.427734
9573,512,37917,74.056641
9574,512,37208,72.671875
9575,512,37500,73.242188
9576,512,37625,73.486328
9577,512,37958,74.136719
9578,512,38000,74.218750
9579,512,37125,72.509766
9580,512,38750,75.683594
9581,512,37417,73.080078
9582,512,37625,73.486328
9583,512,38459,75.115234
9584,512,38291,74.787109
9585,512,36125,70.556641
9586,512,36792,71.859375
9587,512,36417,71.126953
9588,512,38500,75.195312
9589,512,37250,72.753906
9590,512,37750,73.730469
9591,512,37167,72.591797
9592,512,36083,70.474609
9593,512,37125,72.509766
9594,512,36625,71.533203
9595,512,37584,73.406250
9596,512,37250,72.753906
9597,512,37459,73.162109
9598,512,37000,72.265625
9599,512,37584,73.406250
9600,512,36833,71.939453
9601,512,36958,72.183594
9602,512,37583,73.404297
9603,512,37875,73.974609
9604,512,36083,70.474609
9605,512,37500,73.242188
9606,512,38208,74.625000
9607,512,36792,71.859375
9608,512,36583,71.451172
9609,512,37125,72.509766
9610,512,37375,72.998047
9611,512,35541,69.416016
9612,512,37750,73.730469
9613,512,37000,72.265625
9614,512,38041,74.298828
9615,512,40083,78.287109
9616,512,39834,77.800781
9617,512,36625,71.533203
9618,512,36834,71.941406
9619,512,39250,76.660156
9620,512,36792,71.859375
9621,512,37000,72.265625
9622,512,36000,70.312500
9623,512,40041,78.205078
9624,512,38709,75.603516
9625,512,38209,74.626953
9626,512,36958,72.183594
9627,512,36208,70.718750
9628,512,36875,72.021484
9629,512,37042,72.347656
9630,512,36459,71.208984
9631,512,35833,69.986328
9632,512,38625,75.439453
9633,512,37625,73.486328
9634,512,37583,73.404297
9635,512,37041,72.345703
9636,512,37834,73.894531
9637,512,36541,71.369141
9638,512,37167,72.591797
9639,512,37416,73.078125
9640,512,37959,74.138672
9641,512,37458,73.160156
9642,512,37917,74.056641
9643,512,36709,71.697266
9644,512,36917,72.103516
9645,512,37458,73.160156
9646,512,37583,73.404297
9647,512,40292,78.695312
9648,512,36541,71.369141
9649,512,38458,75.113281
9650,512,39500,77.148438
9651,512,35584,69.500000
9652,512,38291,74.787109
9653,512,37625,73.486328
9654,512,36542,71.371094
9655,512,38958,76.089844
9656,512,36958,72.183594
9657,512,38459,75.115234
9658,512,36375,71.044922
9659,512,36792,71.859375
9660,512,37750,73.730469
9661,512,37166,72.589844
9662,512,37000,72.265625
9663,512,36500,71.289062
9664,512,37666,73.566406
9665,512,38875,75.927734
9666,512,39208,76.578125
9667,512,38667,75.521484
9668,512,35959,70.232422
9669,512,39334,76.824219
9670,512,37416,73.078125
9671,512,39542,77.230469
9672,512,38000,74.218750
9673,512,38208,74.625000
9674,512,38958,76.089844
9675,512,35833,69.986328
9676,512,38417,75.033203
9677,512,39833,77.798828
9678,512,41291,80.646484
9679,512,42167,82.357422
9680,512,37708,73.648438
9681,512,39292,76.742188
9682,512,37208,72.671875
9683,512,38500,75.195312
9684,512,37375,72.998047
9685,512,37625,73.486328
9686,512,37583,73.404297
9687,512,38333,74.869141
9688,512,39250,76.660156
9689,512,35750,69.824219
9690,512,40667,79.427734
9691,512,37208,72.671875
9692,512,37833,73.892578
9693,512,37959,74.138672
9694,512,37334,72.917969
9695,512,36166,70.636719
9696,512,36834,71.941406
9697,512,37583,73.404297
9698,512,36708,71.695312
9699,512,37959,74.138672
9700,512,46458,90.738281
9701,512,40791,79.669922
9702,512,36792,71.859375
9703,512,39708,77.554688
9704,512,39458,77.066406
9705,512,38208,74.625000
9706,512,41708,81.460938
9707,512,37334,72.917969
9708,512,37083,72.427734
9709,512,38375,74.951172
9710,512,39084,76.335938
9711,512,37791,73.810547
9712,512,38667,75.521484
9713,512,35917,70.150391
9714,512,39459,77.068359
9715,512,37541,73.322266
9716,512,38250,74.707031
9717,512,40542,79.183594
9718,512,39125,76.416016
9719,512,39417,76.986328
9720,512,38625,75.439453
9721,512,38208,74.625000
9722,512,37125,72.509766
9723,512,37250,72.753906
9724,512,38375,74.951172
9725,512,41708,81.460938
9726,512,37042,72.347656
9727,512,36666,71.613281
9728,512,37709,73.650391
9729,512,37500,73.242188
9730,512,36958,72.183594
9731,512,39958,78.042969
9732,512,36833,71.939453
9733,512,37000,72.265625
9734,512,36667,71.615234
9735,512,38125,74.462891
9736,512,37084,72.429688
9737,512,38959,76.091797
9738,512,38125,74.462891
9739,512,38625,75.439453
9740,512,40334,78.777344
9741,512,37875,73.974609
9742,512,36875,72.021484
9743,512,40042,78.207031
9744,512,37000,72.265625
9745,512,37792,73.812500
9746,512,37792,73.812500
9747,512,38959,76.091797
9748,512,37584,73.406250
9749,512,37417,73.080078
9750,512,37000,72.265625
9751,512,37125,72.509766
9752,512,38667,75.521484
9753,512,41125,80.322266
9754,512,38667,75.521484
9755,512,38042,74.300781
9756,512,37042,72.347656
9757,512,39500,77.148438
9758,512,36875,72.021484
9759,512,38583,75.357422
9760,512,37042,72.347656
9761,512,36459,71.208984
9762,512,37834,73.894531
9763,512,38875,75.927734
9764,512,39542,77.230469
9765,512,38083,74.380859
9766,512,37042,72.347656
9767,512,38916,76.007812
9768,512,37542,73.324219
9769,512,38541,75.275391
9770,512,40958,79.996094
9771,512,36833,71.939453
9772,512,38208,74.625000
9773,512,38375,74.951172
9774,512,40542,79.183594
9775,512,36459,71.208984
9776,512,37500,73.242188
9777,512,35708,69.742188
9778,512,38958,76.089844
9779,512,36084,70.476562
9780,512,38209,74.626953
9781,512,36833,71.939453
9782,512,35250,68.847656
9783,512,38083,74.380859
9784,512,40292,78.695312
9785,512,41459,80.974609
9786,512,38208,74.625000
9787,512,39750,77.636719
9788,512,44041,86.017578
9789,512,37917,74.056641
9790,512,38042,74.300781
9791,512,40042,78.207031
9792,512,38125,74.462891
9793,512,38542,75.277344
9794,512,38750,75.683594
9795,512,38334,74.871094
9796,512,37333,72.916016
9797,512,39083,76.333984
9798,512,40708,79.507812
9799,512,37375,72.998047
9800,512,37459,73.162109
9801,512,40375,78.857422
9802,512,42125,82.275391
9803,512,38250,74.707031
9804,512,39542,77.230469
9805,512,37000,72.265625
9806,512,39250,76.660156
9807,512,38458,75.113281
9808,512,38792,75.765625
9809,512,37458,73.160156
9810,512,37000,72.265625
9811,512,35167,68.685547
9812,512,36333,70.962891
9813,512,40583,79.263672
9814,512,39500,77.148438
9815,512,38417,75.033203
9816,512,37708,73.648438
9817,512,37792,73.812500
9818,512,38416,75.031250
9819,512,35833,69.986328
9820,512,37084,72.429688
9821,512,39000,76.171875
9822,512,37750,73.730469
9823,512,39792,77.718750
9824,512,38750,75.683594
9825,512,38916,76.007812
9826,512,38042,74.300781
9827,512,36167,70.638672
9828,512,39042,76.253906
9829,512,41250,80.566406
9830,512,36291,70.880859
9831,512,38083,74.380859
9832,512,38417,75.033203
9833,512,36833,71.939453
9834,512,37625,73.486328
9835,512,37292,72.835938
9836,512,38125,74.462891
9837,512,39250,76.660156
9838,512,38042,74.300781
9839,512,38708,75.601562
9840,512,37959,74.138672
9841,512,39750,77.636719
9842,512,38250,74.707031
9843,512,35291,68.927734
9844,512,37959,74.138672
9845,512,37583,73.404297
9846,512,39208,76.578125
9847,512,38250,74.707031
9848,512,39584,77.312500
9849,512,41666,81.378906
9850,512,38500,75.195312
9851,512,38625,75.439453
9852,512,36959,72.185547
9853,512,37000,72.265625
9854,512,41917,81.869141
9855,512,39875,77.880859
9856,512,37958,74.136719
9857,512,38833,75.845703
9858,512,39000,76.171875
9859,512,39917,77.962891
9860,512,37583,73.404297
9861,512,36083,70.474609
9862,512,38583,75.357422
9863,512,37709,73.650391
9864,512,36000,70.312500
9865,512,38417,75.033203
9866,512,37791,73.810547
9867,512,39292,76.742188
9868,512,41958,81.949219
9869,512,40917,79.916016
9870,512,37875,73.974609
9871,512,38459,75.115234
9872,512,40291,78.693359
9873,512,38459,75.115234
9874,512,37542,73.324219
9875,512,39875,77.880859
9876,512,38375,74.951172
9877,512,35875,70.068359
9878,512,37208,72.671875
9879,512,35291,68.927734
9880,512,36875,72.021484
9881,512,36459,71.208984
9882,512,37541,73.322266
9883,512,38084,74.382812
9884,512,37000,72.265625
9885,512,39584,77.312500
9886,512,37875,73.974609
9887,512,37334,72.917969
9888,512,37916,74.054688
9889,512,37334,72.917969
9890,512,38666,75.519531
9891,512,38500,75.195312
9892,512,38000,74.218750
9893,512,38250,74.707031
9894,512,37250,72.753906
9895,512,37792,73.812500
9896,512,38209,74.626953
9897,512,41666,81.378906
9898,512,44708,87.320312
9899,512,39209,76.580078
9900,512,38000,74.218750
9901,512,37458,73.160156
9902,512,37500,73.242188
9903,512,37125,72.509766
9904,512,39917,77.962891
9905,512,42083,82.193359
9906,512,39292,76.742188
9907,512,38583,75.357422
9908,512,38375,74.951172
9909,512,37458,73.160156
9910,512,35375,69.091797
9911,512,38708,75.601562
9912,512,36375,71.044922
9913,512,37500,73.242188
9914,512,38291,74.787109
9915,512,37209,72.673828
9916,512,36208,70.718750
9917,512,38041,74.298828
9918,512,38334,74.871094
9919,512,38375,74.951172
9920,512,38292,74.789062
9921,512,37458,73.160156
9922,512,38875,75.927734
9923,512,39042,76.253906
9924,512,38334,74.871094
9925,512,37041,72.345703
9926,512,38792,75.765625
9927,512,39209,76.580078
9928,512,40291,78.693359
9929,512,37000,72.265625
9930,512,35500,69.335938
9931,512,38041,74.298828
9932,512,37917,74.056641
9933,512,34875,68.115234
9934,512,35750,69.824219
9935,512,37750,73.730469
9936,512,37416,73.078125
9937,512,38792,75.765625
9938,512,38875,75.927734
9939,512,37125,72.509766
9940,512,37750,73.730469
9941,512,39792,77.718750
9942,512,37583,73.404297
9943,512,38417,75.033203
9944,512,37291,72.833984
9945,512,37542,73.324219
9946,512,37833,73.892578
9947,512,35833,69.986328
9948,512,37042,72.347656
9949,512,38750,75.683594
9950,512,37667,73.568359
9951,512,39000,76.171875
9952,512,38125,74.462891
9953,512,37875,73.974609
9954,512,37375,72.998047
9955,512,38000,74.218750
9956,512,36500,71.289062
9957,512,36250,70.800781
9958,512,34542,67.464844
9959,512,37166,72.589844
9960,512,37292,72.835938
9961,512,39625,77.392578
9962,512,39833,77.798828
9963,512,38042,74.300781
9964,512,36958,72.183594
9965,512,36750,71.777344
9966,512,36542,71.371094
9967,512,37250,72.753906
9968,512,35916,70.148438
9969,512,36000,70.312500
9970,512,34209,66.814453
9971,512,38334,74.871094
9972,512,37333,72.916016
9973,512,36833,71.939453
9974,512,36667,71.615234
9975,512,36583,71.451172
9976,512,37459,73.162109
9977,512,36333,70.962891
9978,512,37250,72.753906
9979,512,39458,77.066406
9980,512,38500,75.195312
9981,512,40250,78.613281
9982,512,38042,74.300781
9983,512,38500,75.195312
9984,512,37750,73.730469
9985,512,36250,70.800781
9986,512,37500,73.242188
9987,512,37167,72.591797
9988,512,36542,71.371094
9989,512,36041,70.392578
9990,512,36792,71.859375
9991,512,38291,74.787109
9992,512,39000,76.171875
9993,512,37500,73.242188
9994,512,39584,77.312500
9995,512,38833,75.845703
9996,512,38792,75.765625
9997,512,36833,71.939453
9998,512,38041,74.298828
9999,512,38834,75.847656
10000,512,36667,71.615234
10001,512,37458,73.160156
10002,512,37333,72.916016
10003,512,36958,72.183594
10004,512,37500,73.242188
10005,512,37250,72.753906
10006,512,37708,73.648438
10007,512,37209,72.673828
10008,512,36709,71.697266
10009,512,38750,75.683594
10010,512,47250,92.285156
10011,512,38834,75.847656
10012,512,37375,72.998047
10013,512,36750,71.777344
10014,512,37916,74.054688
10015,512,39125,76.416016
10016,512,37834,73.894531
10017,512,36250,70.800781
10018,512,40292,78.695312
10019,512,39208,76.578125
10020,512,37583,73.404297
10021,512,39667,77.474609
10022,512,39875,77.880859
10023,512,38583,75.357422
10024,512,39625,77.392578
10025,512,39916,77.960938
10026,512,39125,76.416016
10027,512,37708,73.648438
10028,512,37583,73.404297
10029,512,37792,73.812500
10030,512,37708,73.648438
10031,512,35875,70.068359
10032,512,37083,72.427734
10033,512,37375,72.998047
10034,512,38750,75.683594
10035,512,37500,73.242188
10036,512,37000,72.265625
10037,512,38459,75.115234
10038,512,37542,73.324219
10039,512,39000,76.171875
10040,512,36917,72.103516
10041,512,37166,72.589844
10042,512,38792,75.765625
10043,512,39333,76.822266
10044,512,36125,70.556641
10045,512,35958,70.230469
10046,512,36417,71.126953
10047,512,37541,73.322266
10048,512,36167,70.638672
10049,512,38958,76.089844
10050,512,35042,68.441406
10051,512,39375,76.904297
10052,512,36708,71.695312
10053,512,36209,70.720703
10054,512,37167,72.591797
10055,512,37375,72.998047
10056,512,36833,71.939453
10057,512,37833,73.892578
10058,512,37708,73.648438
10059,512,37667,73.568359
10060,512,37458,73.160156
10061,512,39416,76.984375
10062,512,37542,73.324219
10063,512,40208,78.531250
10064,512,38458,75.113281
10065,512,38666,75.519531
10066,512,37292,72.835938
10067,512,36250,70.800781
10068,512,37375,72.998047
10069,512,37667,73.568359
10070,512,37458,73.160156
10071,512,37125,72.509766
10072,512,37167,72.591797
10073,512,37542,73.324219
10074,512,37000,72.265625
10075,512,36417,71.126953
10076,512,35792,69.906250
10077,512,39125,76.416016
10078,512,37000,72.265625
10079,512,38709,75.603516
10080,512,37250,72.753906
10081,512,37459,73.162109
10082,512,40375,78.857422
10083,512,39708,77.554688
10084,512,35917,70.150391
10085,512,36125,70.556641
10086,512,37916,74.054688
10087,512,37833,73.892578
10088,512,36459,71.208984
10089,512,38125,74.462891
10090,512,39583,77.310547
10091,512,38792,75.765625
10092,512,38250,74.707031
10093,512,38291,74.787109
10094,512,39084,76.335938
10095,512,37083,72.427734
10096,512,37500,73.242188
10097,512,38166,74.542969
10098,512,38083,74.380859
10099,512,37208,72.671875
10100,512,37459,73.162109
10101,512,36666,71.613281
10102,512,36459,71.208984
10103,512,37334,72.917969
10104,512,37166,72.589844
10105,512,38209,74.626953
10106,512,37500,73.242188
10107,512,36459,71.208984
10108,512,38167,74.544922
10109,512,37375,72.998047
10110,512,37208,72.671875
10111,512,36917,72.103516
10112,512,36500,71.289062
10113,512,37000,72.265625
10114,512,36708,71.695312
10115,512,37625,73.486328
10116,512,38417,75.033203
10117,512,39917,77.962891
10118,512,37416,73.078125
10119,512,37792,73.812500
10120,512,38583,75.357422
10121,512,36833,71.939453
10122,512,36334,70.964844
10123,512,35916,70.148438
10124,512,38042,74.300781
10125,512,35375,69.091797
10126,512,36500,71.289062
10127,512,36500,71.289062
10128,512,37250,72.753906
10129,512,36958,72.183594
10130,512,38292,74.789062
10131,512,38750,75.683594
10132,512,37791,73.810547
10133,512,38083,74.380859
10134,512,38750,75.683594
10135,512,37125,72.509766
10136,512,36542,71.371094
10137,512,38125,74.462891
10138,512,36666,71.613281
10139,512,36500,71.289062
10140,512,38000,74.218750
10141,512,36458,71.207031
10142,512,38583,75.357422
10143,512,37833,73.892578
10144,512,37292,72.835938
10145,512,38083,74.380859
10146,512,38750,75.683594
10147,512,36583,71.451172
10148,512,37917,74.056641
10149,512,36459,71.208984
10150,512,39542,77.230469
10151,512,37708,73.648438
10152,512,38208,74.625000
10153,512,37417,73.080078
10154,512,38792,75.765625
10155,512,36916,72.101562
10156,512,37458,73.160156
10157,512,37875,73.974609
10158,512,46334,90.496094
10159,512,38458,75.113281
10160,512,38833,75.845703
10161,512,39292,76.742188
10162,512,39000,76.171875
10163,512,38666,75.519531
10164,512,36625,71.533203
10165,512,38209,74.626953
10166,512,36542,71.371094
10167,512,39958,78.042969
10168,512,49375,96.435547
10169,512,37292,72.835938
10170,512,36458,71.207031
10171,512,44833,87.564453
10172,512,40250,78.613281
10173,512,43000,83.984375
10174,512,37916,74.054688
10175,512,38958,76.089844
10176,512,36542,71.371094
10177,512,37750,73.730469
10178,512,37500,73.242188
10179,512,36375,71.044922
10180,512,37292,72.835938
10181,512,37250,72.753906
10182,512,38500,75.195312
10183,512,37459,73.162109
10184,512,36959,72.185547
10185,512,35292,68.929688
10186,512,39291,76.740234
10187,512,37709,73.650391
10188,512,37083,72.427734
10189,512,37583,73.404297
10190,512,37333,72.916016
10191,512,37042,72.347656
10192,512,36334,70.964844
10193,512,39666,77.472656
10194,512,40125,78.369141
10195,512,37792,73.812500
10196,512,38083,74.380859
10197,512,35833,69.986328
10198,512,36625,71.533203
10199,512,37250,72.753906
10200,512,38250,74.707031
10201,512,36917,72.103516
10202,512,35834,69.988281
10203,512,40083,78.287109
10204,512,38542,75.277344
10205,512,37916,74.054688
10206,512,38042,74.300781
10207,512,40083,78.287109
10208,512,37833,73.892578
10209,512,36958,72.183594
10210,512,36625,71.533203
10211,512,36500,71.289062
10212,512,37875,73.974609
10213,512,35875,70.068359
10214,512,36459,71.208984
10215,512,37458,73.160156
10216,512,39292,76.742188
10217,512,37291,72.833984
10218,512,37959,74.138672
10219,512,37000,72.265625
10220,512,38334,74.871094
10221,512,36334,70.964844
10222,512,36334,70.964844
10223,512,37542,73.324219
10224,512,39000,76.171875
10225,512,36875,72.021484
10226,512,37500,73.242188
10227,512,36917,72.103516
10228,512,38583,75.357422
10229,512,37542,73.324219
10230,512,37041,72.345703
10231,512,38334,74.871094
10232,512,39500,77.148438
10233,512,37875,73.974609
10234,512,38375,74.951172
10235,512,36167,70.638672
10236,512,38542,75.277344
10237,512,38291,74.787109
10238,512,37625,73.486328
10239,512,37500,73.242188
10240,512,36542,71.371094
10241,512,37708,73.648438
10242,512,36083,70.474609
10243,512,40750,79.589844
10244,512,36583,71.451172
10245,512,37209,72.673828
10246,512,36417,71.126953
10247,512,37667,73.568359
10248,512,36875,72.021484
10249,512,37209,72.673828
10250,512,38083,74.380859
10251,512,38041,74.298828
10252,512,38250,74.707031
10253,512,37167,72.591797
10254,512,37042,72.347656
10255,512,36833,71.939453
10256,512,38750,75.683594
10257,512,36083,70.474609
10258,512,37042,72.347656
10259,512,36792,71.859375
10260,512,37166,72.589844
10261,512,36250,70.800781
10262,512,39125,76.416016
10263,512,35666,69.660156
10264,512,36584,71.453125
10265,512,36833,71.939453
10266,512,37208,72.671875
10267,512,38416,75.031250
10268,512,37334,72.917969
10269,512,35917,70.150391
10270,512,38000,74.218750
10271,512,38375,74.951172
10272,512,38958,76.089844
10273,512,36542,71.371094
10274,512,35875,70.068359
10275,512,37542,73.324219
10276,512,36708,71.695312
10277,512,38000,74.218750
10278,512,39583,77.310547
10279,512,37375,72.998047
10280,512,38334,74.871094
10281,512,37958,74.136719
10282,512,37000,72.265625
10283,512,38250,74.707031
10284,512,37208,72.671875
10285,512,36917,72.103516
10286,512,37166,72.589844
10287,512,37292,72.835938
10288,512,37000,72.265625
10289,512,36916,72.101562
10290,512,37667,73.568359
10291,512,37459,73.162109
10292,512,36500,71.289062
10293,512,38375,74.951172
10294,512,38000,74.218750
10295,512,39875,77.880859
10296,512,38666,75.519531
10297,512,39333,76.822266
10298,512,37458,73.160156
10299,512,37500,73.242188
10300,512,37333,72.916016
10301,512,38584,75.359375
10302,512,38416,75.031250
10303,512,38500,75.195312
10304,512,38834,75.847656
10305,512,36917,72.103516
10306,512,37417,73.080078
10307,512,37958,74.136719
10308,512,35583,69.498047
10309,512,37875,73.974609
10310,512,37375,72.998047
10311,512,37208,72.671875
10312,512,37334,72.917969
10313,512,36292,70.882812
10314,512,40000,78.125000
10315,512,41208,80.484375
10316,512,37875,73.974609
10317,512,38083,74.380859
10318,512,36833,71.939453
10319,512,38708,75.601562
10320,512,36750,71.777344
10321,512,37833,73.892578
10322,512,46959,91.716797
10323,512,39792,77.718750
10324,512,36875,72.021484
10325,512,36666,71.613281
10326,512,38334,74.871094
10327,512,36583,71.451172
10328,512,38042,74.300781
10329,512,36583,71.451172
10330,512,37375,72.998047
10331,512,37375,72.998047
10332,512,36583,71.451172
10333,512,36083,70.474609
10334,512,37334,72.917969
10335,512,38000,74.218750
10336,512,37542,73.324219
10337,512,38208,74.625000
10338,512,37625,73.486328
10339,512,37833,73.892578
10340,512,41542,81.136719
10341,512,37458,73.160156
10342,512,38167,74.544922
10343,512,37416,73.078125
10344,512,35959,70.232422
10345,512,37292,72.835938
10346,512,39041,76.251953
10347,512,35875,70.068359
10348,512,36125,70.556641
10349,512,37917,74.056641
10350,512,38167,74.544922
10351,512,39084,76.335938
10352,512,38375,74.951172
10353,512,38250,74.707031
10354,512,38209,74.626953
10355,512,39042,76.253906
10356,512,38000,74.218750
10357,512,36958,72.183594
10358,512,36333,70.962891
10359,512,36250,70.800781
10360,512,37416,73.078125
10361,512,38625,75.439453
10362,512,37625,73.486328
10363,512,37875,73.974609
10364,512,36708,71.695312
10365,512,39000,76.171875
10366,512,36083,70.474609
10367,512,37042,72.347656
10368,512,37917,74.056641
10369,512,39208,76.578125
10370,512,39375,76.904297
10371,512,40958,79.996094
10372,512,37000,72.265625
10373,512,38333,74.869141
10374,512,37084,72.429688
10375,512,39208,76.578125
10376,512,38708,75.601562
10377,512,38125,74.462891
10378,512,38792,75.765625
10379,512,37916,74.054688
10380,512,38209,74.626953
10381,512,37416,73.078125
10382,512,37375,72.998047
10383,512,38417,75.033203
10384,512,38666,75.519531
10385,512,37625,73.486328
10386,512,36917,72.103516
10387,512,35958,70.230469
10388,512,39167,76.498047
10389,512,37875,73.974609
10390,512,37459,73.162109
10391,512,36542,71.371094
10392,512,36458,71.207031
10393,512,38000,74.218750
10394,512,38500,75.195312
10395,512,39417,76.986328
10396,512,36583,71.451172
10397,512,36208,70.718750
10398,512,39042,76.253906
10399,512,36833,71.939453
10400,512,37375,72.998047
10401,512,39125,76.416016
10402,512,36042,70.394531
10403,512,37833,73.892578
10404,512,35958,70.230469
10405,512,38750,75.683594
10406,512,37917,74.056641
10407,512,36875,72.021484
10408,512,37583,73.404297
10409,512,38583,75.357422
10410,512,37792,73.812500
10411,512,35750,69.824219
10412,512,38792,75.765625
10413,512,38417,75.033203
10414,512,38833,75.845703
10415,512,35958,70.230469
10416,512,39250,76.660156
10417,512,36542,71.371094
10418,512,38375,74.951172
10419,512,36125,70.556641
10420,512,35208,68.765625
10421,512,38708,75.601562
10422,512,36625,71.533203
10423,512,34583,67.544922
10424,512,37667,73.568359
10425,512,35416,69.171875
10426,512,37417,73.080078
10427,512,37125,72.509766
10428,512,35125,68.603516
10429,512,36875,72.021484
10430,512,37208,72.671875
10431,512,38417,75.033203
10432,512,36792,71.859375
10433,512,35333,69.009766
10434,512,37459,73.162109
10435,512,37542,73.324219
10436,512,37292,72.835938
10437,512,37375,72.998047
10438,512,42792,83.578125
10439,512,39917,77.962891
10440,512,38000,74.218750
10441,512,35458,69.253906
10442,512,40875,79.833984
10443,512,36708,71.695312
10444,512,38625,75.439453
10445,512,36209,70.720703
10446,512,40333,78.775391
10447,512,38458,75.113281
10448,512,39583,77.310547
10449,512,38583,75.357422
10450,512,39750,77.636719
10451,512,37333,72.916016
10452,512,37334,72.917969
10453,512,38041,74.298828
10454,512,37500,73.242188
10455,512,39708,77.554688
10456,512,37667,73.568359
10457,512,35750,69.824219
10458,512,36875,72.021484
10459,512,37875,73.974609
10460,512,35875,70.068359
10461,512,37292,72.835938
10462,512,37000,72.265625
10463,512,39458,77.066406
10464,512,36833,71.939453
10465,512,37500,73.242188
10466,512,36000,70.312500
10467,512,39000,76.171875
10468,512,36625,71.533203
10469,512,39084,76.335938
10470,512,39750,77.636719
10471,512,36583,71.451172
10472,512,38292,74.789062
10473,512,39208,76.578125
10474,512,37542,73.324219
10475,512,37583,73.404297
10476,512,37750,73.730469
10477,512,38458,75.113281
10478,512,36875,72.021484
10479,512,36583,71.451172
10480,512,37000,72.265625
10481,512,38125,74.462891
10482,512,37750,73.730469
10483,512,39000,76.171875
10484,512,37167,72.591797
10485,512,37667,73.568359
10486,512,37667,73.568359
10487,512,36666,71.613281
10488,512,37084,72.429688
10489,512,37750,73.730469
10490,512,39209,76.580078
10491,512,38000,74.218750
10492,512,36416,71.125000
10493,512,38000,74.218750
10494,512,39750,77.636719
10495,512,38125,74.462891
10496,512,36708,71.695312
10497,512,36750,71.777344
10498,512,39083,76.333984
10499,512,36959,72.185547
10500,512,40209,78.533203
10501,512,39084,76.335938
10502,512,37375,72.998047
10503,512,38625,75.439453
10504,512,36167,70.638672
10505,512,38083,74.380859
10506,512,38125,74.462891
10507,512,38500,75.195312
10508,512,36167,70.638672
10509,512,39125,76.416016
10510,512,39459,77.068359
10511,512,39416,76.984375
10512,512,38750,75.683594
10513,512,37375,72.998047
10514,512,37625,73.486328
10515,512,40208,78.531250
10516,512,37917,74.056641
10517,512,38541,75.275391
10518,512,39542,77.230469
10519,512,38208,74.625000
10520,512,37833,73.892578
10521,512,37417,73.080078
10522,512,39417,76.986328
10523,512,37625,73.486328
10524,512,38334,74.871094
10525,512,38500,75.195312
10526,512,39167,76.498047
10527,512,37208,72.671875
10528,512,38792,75.765625
10529,512,38500,75.195312
10530,512,36875,72.021484
10531,512,38542,75.277344
10532,512,38042,74.300781
10533,512,36541,71.369141
10534,512,37625,73.486328
10535,512,36917,72.103516
10536,512,36958,72.183594
10537,512,38625,75.439453
10538,512,37375,72.998047
10539,512,36834,71.941406
10540,512,38417,75.033203
10541,512,42625,83.251953
10542,512,38000,74.218750
10543,512,37834,73.894531
10544,512,39584,77.312500
10545,512,38292,74.789062
10546,512,39833,77.798828
10547,512,40042,78.207031
10548,512,37667,73.568359
10549,512,38625,75.439453
10550,512,37917,74.056641
10551,512,38125,74.462891
10552,512,39000,76.171875
10553,512,37334,72.917969
10554,512,39583,77.310547
10555,512,38625,75.439453
10556,512,39250,76.660156
10557,512,37750,73.730469
10558,512,40208,78.531250
10559,512,38083,74.380859
10560,512,37667,73.568359
10561,512,37000,72.265625
10562,512,37292,72.835938
10563,512,38500,75.195312
10564,512,37791,73.810547
10565,512,37834,73.894531
10566,512,37291,72.833984
10567,512,39833,77.798828
10568,512,40584,79.265625
10569,512,40416,78.937500
10570,512,39458,77.066406
10571,512,34750,67.871094
10572,512,37375,72.998047
10573,512,37042,72.347656
10574,512,38375,74.951172
10575,512,36875,72.021484
10576,512,36292,70.882812
10577,512,37250,72.753906
10578,512,41375,80.810547
10579,512,45125,88.134766
10580,512,40459,79.021484
10581,512,38584,75.359375
10582,512,39125,76.416016
10583,512,35000,68.359375
10584,512,38583,75.357422
10585,512,36958,72.183594
10586,512,37292,72.835938
10587,512,37583,73.404297
10588,512,35792,69.906250
10589,512,38042,74.300781
10590,512,39208,76.578125
10591,512,38750,75.683594
10592,512,38291,74.787109
10593,512,38042,74.300781
10594,512,37542,73.324219
10595,512,40084,78.289062
10596,512,36500,71.289062
10597,512,38084,74.382812
10598,512,37584,73.406250
10599,512,39458,77.066406
10600,512,38625,75.439453
10601,512,38250,74.707031
10602,512,42541,83.087891
10603,512,39000,76.171875
10604,512,38833,75.845703
10605,512,39250,76.660156
10606,512,37125,72.509766
10607,512,38416,75.031250
10608,512,41417,80.892578
10609,512,39500,77.148438
10610,512,38166,74.542969
10611,512,38917,76.009766
10612,512,38708,75.601562
10613,512,39250,76.660156
10614,512,38750,75.683594
10615,512,37375,72.998047
10616,512,36959,72.185547
10617,512,37250,72.753906
10618,512,38500,75.195312
10619,512,41542,81.136719
10620,512,37541,73.322266
10621,512,36417,71.126953
10622,512,36500,71.289062
10623,512,37708,73.648438
10624,512,38417,75.033203
10625,512,37375,72.998047
10626,512,38167,74.544922
10627,512,37875,73.974609
10628,512,52834,103.191406
10629,512,36791,71.857422
10630,512,36209,70.720703
10631,512,36500,71.289062
10632,512,39417,76.986328
10633,512,37750,73.730469
10634,512,38333,74.869141
10635,512,38167,74.544922
10636,512,35166,68.683594
10637,512,38292,74.789062
10638,512,37042,72.347656
10639,512,39000,76.171875
10640,512,39167,76.498047
10641,512,39291,76.740234
10642,512,37208,72.671875
10643,512,36958,72.183594
10644,512,40125,78.369141
10645,512,39417,76.986328
10646,512,40583,79.263672
10647,512,37875,73.974609
10648,512,39041,76.251953
10649,512,38834,75.847656
10650,512,39291,76.740234
10651,512,38834,75.847656
10652,512,38208,74.625000
10653,512,37042,72.347656
10654,512,39750,77.636719
10655,512,39125,76.416016
10656,512,37750,73.730469
10657,512,38709,75.603516
10658,512,37625,73.486328
10659,512,38334,74.871094
10660,512,37541,73.322266
10661,512,37917,74.056641
10662,512,37625,73.486328
10663,512,37833,73.892578
10664,512,38833,75.845703
10665,512,38208,74.625000
10666,512,38500,75.195312
10667,512,38334,74.871094
10668,512,37209,72.673828
10669,512,40000,78.125000
10670,512,37708,73.648438
10671,512,39875,77.880859
10672,512,40500,79.101562
10673,512,36666,71.613281
10674,512,37667,73.568359
10675,512,37166,72.589844
10676,512,37625,73.486328
10677,512,37750,73.730469
10678,512,37208,72.671875
10679,512,37792,73.812500
10680,512,36458,71.207031
10681,512,37750,73.730469
10682,512,48833,95.376953
10683,512,44833,87.564453
10684,512,37875,73.974609
10685,512,39417,76.986328
10686,512,39125,76.416016
10687,512,39875,77.880859
10688,512,38750,75.683594
10689,512,37625,73.486328
10690,512,38458,75.113281
10691,512,38625,75.439453
10692,512,39250,76.660156
10693,512,35750,69.824219
10694,512,37125,72.509766
10695,512,36666,71.613281
10696,512,38333,74.869141
10697,512,39459,77.068359
10698,512,39166,76.496094
10699,512,37542,73.324219
10700,512,39417,76.986328
10701,512,37625,73.486328
10702,512,38083,74.380859
10703,512,38500,75.195312
10704,512,38792,75.765625
10705,512,38000,74.218750
10706,512,37042,72.347656
10707,512,36500,71.289062
10708,512,39750,77.636719
10709,512,40750,79.589844
10710,512,45042,87.972656
10711,512,44334,86.589844
10712,512,37625,73.486328
10713,512,35375,69.091797
10714,512,38459,75.115234
10715,512,39875,77.880859
10716,512,38500,75.195312
10717,512,38917,76.009766
10718,512,37417,73.080078
10719,512,37709,73.650391
10720,512,39417,76.986328
10721,512,38542,75.277344
10722,512,38000,74.218750
10723,512,38958,76.089844
10724,512,37292,72.835938
10725,512,36333,70.962891
10726,512,37708,73.648438
10727,512,38958,76.089844
10728,512,36292,70.882812
10729,512,36833,71.939453
10730,512,39292,76.742188
10731,512,42125,82.275391
10732,512,36541,71.369141
10733,512,36500,71.289062
10734,512,38000,74.218750
10735,512,38708,75.601562
10736,512,37166,72.589844
10737,512,37500,73.242188
10738,512,37583,73.404297
10739,512,36875,72.021484
10740,512,39417,76.986328
10741,512,38833,75.845703
10742,512,41042,80.160156
10743,512,43541,85.041016
10744,512,45333,88.541016
10745,512,54542,106.527344
10746,512,38042,74.300781
10747,512,38709,75.603516
10748,512,35792,69.906250
10749,512,38000,74.218750
10750,512,40333,78.775391
10751,512,39459,77.068359
10752,512,37375,72.998047
10753,512,37250,72.753906
10754,512,40458,79.019531
10755,512,37458,73.160156
10756,512,39000,76.171875
10757,512,36834,71.941406
10758,512,38291,74.787109
10759,512,39750,77.636719
10760,512,37709,73.650391
10761,512,39250,76.660156
10762,512,39500,77.148438
10763,512,36417,71.126953
10764,512,38541,75.275391
10765,512,39042,76.253906
10766,512,37792,73.812500
10767,512,38875,75.927734
10768,512,39000,76.171875
10769,512,42000,82.031250
10770,512,37542,73.324219
10771,512,37625,73.486328
10772,512,36875,72.021484
10773,512,37208,72.671875
10774,512,37750,73.730469
10775,512,37292,72.835938
10776,512,39583,77.310547
10777,512,36750,71.777344
10778,512,38417,75.033203
10779,512,38000,74.218750
10780,512,38708,75.601562
10781,512,38166,74.542969
10782,512,37042,72.347656
10783,512,40416,78.937500
10784,512,36292,70.882812
10785,512,37750,73.730469
10786,512,39084,76.335938
10787,512,38375,74.951172
10788,512,39041,76.251953
10789,512,37875,73.974609
10790,512,37750,73.730469
10791,512,39500,77.148438
10792,512,37584,73.406250
10793,512,41875,81.787109
10794,512,40041,78.205078
10795,512,38208,74.625000
10796,512,38875,75.927734
10797,512,37959,74.138672
10798,512,39750,77.636719
10799,512,36750,71.777344
10800,512,37000,72.265625
10801,512,37750,73.730469
10802,512,37083,72.427734
10803,512,38125,74.462891
10804,512,38042,74.300781
10805,512,37833,73.892578
10806,512,37708,73.648438
10807,512,37042,72.347656
10808,512,36583,71.451172
10809,512,37458,73.160156
10810,512,40375,78.857422
10811,512,38750,75.683594
10812,512,39417,76.986328
10813,512,36708,71.695312
10814,512,38250,74.707031
10815,512,37500,73.242188
10816,512,36333,70.962891
10817,512,38333,74.869141
10818,512,37084,72.429688
10819,512,38208,74.625000
10820,512,37125,72.509766
10821,512,39417,76.986328
10822,512,36042,70.394531
10823,512,38125,74.462891
10824,512,38708,75.601562
10825,512,41042,80.160156
10826,512,41459,80.974609
10827,512,37500,73.242188
10828,512,37750,73.730469
10829,512,39791,77.716797
10830,512,36917,72.103516
10831,512,38291,74.787109
10832,512,38292,74.789062
10833,512,36416,71.125000
10834,512,38167,74.544922
10835,512,39000,76.171875
10836,512,37666,73.566406
10837,512,38334,74.871094
10838,512,39459,77.068359
10839,512,39167,76.498047
10840,512,37666,73.566406
10841,512,38375,74.951172
10842,512,37834,73.894531
10843,512,40875,79.833984
10844,512,42875,83.740234
10845,512,40292,78.695312
10846,512,38208,74.625000
10847,512,37834,73.894531
10848,512,38917,76.009766
10849,512,39958,78.042969
10850,512,37583,73.404297
10851,512,38500,75.195312
10852,512,39417,76.986328
10853,512,37792,73.812500
10854,512,39750,77.636719
10855,512,41375,80.810547
10856,512,36958,72.183594
10857,512,37709,73.650391
10858,512,39500,77.148438
10859,512,38583,75.357422
10860,512,37042,72.347656
10861,512,39458,77.066406
10862,512,38625,75.439453
10863,512,38625,75.439453
10864,512,40250,78.613281
10865,512,36875,72.021484
10866,512,37917,74.056641
10867,512,39416,76.984375
10868,512,38792,75.765625
10869,512,39083,76.333984
10870,512,39666,77.472656
10871,512,40250,78.613281
10872,512,38042,74.300781
10873,512,36583,71.451172
10874,512,37958,74.136719
10875,512,37167,72.591797
10876,512,38333,74.869141
10877,512,38291,74.787109
10878,512,37375,72.998047
10879,512,39500,77.148438
10880,512,37292,72.835938
10881,512,38125,74.462891
10882,512,38958,76.089844
10883,512,37375,72.998047
10884,512,36875,72.021484
10885,512,39750,77.636719
10886,512,39166,76.496094
10887,512,37917,74.056641
10888,512,37292,72.835938
10889,512,39583,77.310547
10890,512,38583,75.357422
10891,512,38334,74.871094
10892,512,40750,79.589844
10893,512,37541,73.322266
10894,512,37334,72.917969
10895,512,38583,75.357422
10896,512,37792,73.812500
10897,512,40208,78.531250
10898,512,39875,77.880859
10899,512,37083,72.427734
10900,512,38500,75.195312
10901,512,38458,75.113281
10902,512,39750,77.636719
10903,512,40625,79.345703
10904,512,40166,78.449219
10905,512,37917,74.056641
10906,512,37375,72.998047
10907,512,38417,75.033203
10908,512,37750,73.730469
10909,512,38292,74.789062
10910,512,36167,70.638672
10911,512,38083,74.380859
10912,512,38541,75.275391
10913,512,38292,74.789062
10914,512,38250,74.707031
10915,512,38000,74.218750
10916,512,37834,73.894531
10917,512,37250,72.753906
10918,512,38291,74.787109
10919,512,39500,77.148438
10920,512,38125,74.462891
10921,512,39416,76.984375
10922,512,37292,72.835938
10923,512,39125,76.416016
10924,512,37500,73.242188
10925,512,36792,71.859375
10926,512,38000,74.218750
10927,512,38959,76.091797
10928,512,39916,77.960938
10929,512,38042,74.300781
10930,512,41458,80.972656
10931,512,38625,75.439453
10932,512,39208,76.578125
10933,512,38084,74.382812
10934,512,38250,74.707031
10935,512,38666,75.519531
10936,512,37708,73.648438
10937,512,48917,95.541016
10938,512,40458,79.019531
10939,512,38000,74.218750
10940,512,36792,71.859375
10941,512,38083,74.380859
10942,512,37875,73.974609
10943,512,38500,75.195312
10944,512,41917,81.869141
10945,512,37125,72.509766
10946,512,38625,75.439453
10947,512,41584,81.218750
10948,512,37500,73.242188
10949,512,38584,75.359375
10950,512,38125,74.462891
10951,512,36417,71.126953
10952,512,38833,75.845703
10953,512,39000,76.171875
10954,512,38917,76.009766
10955,512,37334,72.917969
10956,512,36917,72.103516
10957,512,38875,75.927734
10958,512,38709,75.603516
10959,512,38834,75.847656
10960,512,38292,74.789062
10961,512,35791,69.904297
10962,512,38584,75.359375
10963,512,38416,75.031250
10964,512,36292,70.882812
10965,512,37875,73.974609
10966,512,37125,72.509766
10967,512,36417,71.126953
10968,512,39000,76.171875
10969,512,40334,78.777344
10970,512,38791,75.763672
10971,512,37292,72.835938
10972,512,36917,72.103516
10973,512,38500,75.195312
10974,512,36416,71.125000
10975,512,36292,70.882812
10976,512,39000,76.171875
10977,512,37583,73.404297
10978,512,36250,70.800781
10979,512,36875,72.021484
10980,512,39917,77.962891
10981,512,37625,73.486328
10982,512,38125,74.462891
10983,512,38541,75.275391
10984,512,38042,74.300781
10985,512,35333,69.009766
10986,512,38084,74.382812
10987,512,36666,71.613281
10988,512,37417,73.080078
10989,512,36833,71.939453
10990,512,45000,87.890625
10991,512,37416,73.078125
10992,512,38417,75.033203
10993,512,37708,73.648438
10994,512,35875,70.068359
10995,512,35250,68.847656
10996,512,39042,76.253906
10997,512,36375,71.044922
10998,512,37875,73.974609
10999,512,37084,72.429688
11000,512,38041,74.298828
11001,512,37917,74.056641
11002,512,37834,73.894531
11003,512,37500,73.242188
11004,512,39041,76.251953
11005,512,35708,69.742188
11006,512,38250,74.707031
11007,512,38459,75.115234
11008,512,37625,73.486328
11009,512,38500,75.195312
11010,512,36250,70.800781
11011,512,38042,74.300781
11012,512,37542,73.324219
11013,512,36625,71.533203
11014,512,38625,75.439453
11015,512,37875,73.974609
11016,512,38416,75.031250
11017,512,38084,74.382812
11018,512,39416,76.984375
11019,512,39500,77.148438
11020,512,36458,71.207031
11021,512,39167,76.498047
11022,512,39333,76.822266
11023,512,37208,72.671875
11024,512,36042,70.394531
11025,512,37250,72.753906
11026,512,38209,74.626953
11027,512,35333,69.009766
11028,512,37292,72.835938
11029,512,36833,71.939453
11030,512,36458,71.207031
11031,512,37959,74.138672
11032,512,39000,76.171875
11033,512,37625,73.486328
11034,512,37583,73.404297
11035,512,38667,75.521484
11036,512,38583,75.357422
11037,512,37292,72.835938
11038,512,38083,74.380859
11039,512,39042,76.253906
11040,512,35875,70.068359
11041,512,36625,71.533203
11042,512,37583,73.404297
11043,512,36833,71.939453
11044,512,36292,70.882812
11045,512,36792,71.859375
11046,512,39500,77.148438
11047,512,36875,72.021484
11048,512,37041,72.345703
11049,512,35625,69.580078
11050,512,36875,72.021484
11051,512,36542,71.371094
11052,512,36583,71.451172
11053,512,37500,73.242188
11054,512,36208,70.718750
11055,512,38417,75.033203
11056,512,36542,71.371094
11057,512,40666,79.425781
11058,512,48584,94.890625
11059,512,38416,75.031250
11060,512,37500,73.242188
11061,512,38083,74.380859
11062,512,37792,73.812500
11063,512,43750,85.449219
11064,512,38125,74.462891
11065,512,37625,73.486328
11066,512,36791,71.857422
11067,512,37334,72.917969
11068,512,37458,73.160156
11069,512,37958,74.136719
11070,512,38375,74.951172
11071,512,38000,74.218750
11072,512,37208,72.671875
11073,512,37875,73.974609
11074,512,37833,73.892578
11075,512,36708,71.695312
11076,512,37542,73.324219
11077,512,37833,73.892578
11078,512,37125,72.509766
11079,512,38042,74.300781
11080,512,37708,73.648438
11081,512,37125,72.509766
11082,512,37208,72.671875
11083,512,37792,73.812500
11084,512,37750,73.730469
11085,512,37041,72.345703
11086,512,38917,76.009766
11087,512,41750,81.542969
11088,512,39125,76.416016
11089,512,37167,72.591797
11090,512,37667,73.568359
11091,512,36417,71.126953
11092,512,38875,75.927734
11093,512,36916,72.101562
11094,512,37959,74.138672
11095,512,36166,70.636719
11096,512,37542,73.324219
11097,512,37166,72.589844
11098,512,36834,71.941406
11099,512,37583,73.404297
11100,512,46042,89.925781
11101,512,40000,78.125000
11102,512,37666,73.566406
11103,512,37292,72.835938
11104,512,39083,76.333984
11105,512,40750,79.589844
11106,512,38500,75.195312
11107,512,37708,73.648438
11108,512,39166,76.496094
11109,512,37792,73.812500
11110,512,38417,75.033203
11111,512,38000,74.218750
11112,512,37292,72.835938
11113,512,38750,75.683594
11114,512,39708,77.554688
11115,512,37000,72.265625
11116,512,36792,71.859375
11117,512,40167,78.451172
11118,512,38084,74.382812
11119,512,38708,75.601562
11120,512,41041,80.158203
11121,512,37042,72.347656
11122,512,37708,73.648438
11123,512,39708,77.554688
11124,512,37250,72.753906
11125,512,39041,76.251953
11126,512,39292,76.742188
11127,512,39125,76.416016
11128,512,38084,74.382812
11129,512,38958,76.089844
11130,512,37167,72.591797
11131,512,35666,69.660156
11132,512,35542,69.417969
11133,512,38792,75.765625
11134,512,38292,74.789062
11135,512,37125,72.509766
11136,512,39083,76.333984
11137,512,36208,70.718750
11138,512,37209,72.673828
11139,512,36167,70.638672
11140,512,40416,78.937500
11141,512,37959,74.138672
11142,512,37375,72.998047
11143,512,41000,80.078125
11144,512,38709,75.603516
11145,512,40500,79.101562
11146,512,37458,73.160156
11147,512,37375,72.998047
11148,512,39917,77.962891
11149,512,38458,75.113281
11150,512,38584,75.359375
11151,512,36500,71.289062
11152,512,36667,71.615234
11153,512,36917,72.103516
11154,512,36792,71.859375
11155,512,38500,75.195312
11156,512,39334,76.824219
11157,512,38667,75.521484
11158,512,39500,77.148438
11159,512,37958,74.136719
11160,512,38917,76.009766
11161,512,40500,79.101562
11162,512,38459,75.115234
11163,512,36459,71.208984
11164,512,37708,73.648438
11165,512,36333,70.962891
11166,512,36000,70.312500
11167,512,37875,73.974609
11168,512,37583,73.404297
11169,512,37542,73.324219
11170,512,39125,76.416016
11171,512,37333,72.916016
11172,512,38709,75.603516
11173,512,39041,76.251953
11174,512,36084,70.476562
11175,512,38209,74.626953
11176,512,37666,73.566406
11177,512,36958,72.183594
11178,512,38375,74.951172
11179,512,35333,69.009766
11180,512,38875,75.927734
11181,512,39791,77.716797
11182,512,36667,71.615234
11183,512,38583,75.357422
11184,512,37416,73.078125
11185,512,38375,74.951172
11186,512,38208,74.625000
11187,512,36834,71.941406
11188,512,38167,74.544922
11189,512,39208,76.578125
11190,512,39292,76.742188
11191,512,37959,74.138672
11192,512,37666,73.566406
11193,512,36167,70.638672
11194,512,36833,71.939453
11195,512,39375,76.904297
11196,512,37333,72.916016
11197,512,37500,73.242188
11198,512,38458,75.113281
11199,512,37500,73.242188
11200,512,38792,75.765625
11201,512,38958,76.089844
11202,512,40125,78.369141
11203,512,38166,74.542969
11204,512,36000,70.312500
11205,512,37667,73.568359
11206,512,37125,72.509766
11207,512,37792,73.812500
11208,512,37625,73.486328
11209,512,39084,76.335938
11210,512,39292,76.742188
11211,512,36792,71.859375
11212,512,37125,72.509766
11213,512,38709,75.603516
11214,512,36959,72.185547
11215,512,36875,72.021484
11216,512,37708,73.648438
11217,512,37542,73.324219
11218,512,37125,72.509766
11219,512,37250,72.753906
11220,512,36416,71.125000
11221,512,37750,73.730469
11222,512,35667,69.662109
11223,512,37250,72.753906
11224,512,37042,72.347656
11225,512,37208,72.671875
11226,512,38917,76.009766
11227,512,39959,78.044922
11228,512,36584,71.453125
11229,512,37666,73.566406
11230,512,40167,78.451172
11231,512,39208,76.578125
11232,512,37208,72.671875
11233,512,37417,73.080078
11234,512,39584,77.312500
11235,512,37916,74.054688
11236,512,37250,72.753906
11237,512,38375,74.951172
11238,512,36458,71.207031
11239,512,37500,73.242188
11240,512,39125,76.416016
11241,512,36333,70.962891
11242,512,36209,70.720703
11243,512,37584,73.406250
11244,512,40917,79.916016
11245,512,38125,74.462891
11246,512,37000,72.265625
11247,512,40500,79.101562
11248,512,39875,77.880859
11249,512,37125,72.509766
11250,512,36875,72.021484
11251,512,35333,69.009766
11252,512,38417,75.033203
11253,512,39416,76.984375
11254,512,36917,72.103516
11255,512,38542,75.277344
11256,512,34875,68.115234
11257,512,36458,71.207031
11258,512,38666,75.519531
11259,512,38417,75.033203
11260,512,38041,74.298828
11261,512,38167,74.544922
11262,512,38541,75.275391
11263,512,36709,71.697266
11264,512,39125,76.416016
11265,512,38875,75.927734
11266,512,37583,73.404297
11267,512,40583,79.263672
11268,512,36250,70.800781
11269,512,37500,73.242188
11270,512,36000,70.312500
11271,512,36333,70.962891
11272,512,42000,82.031250
11273,512,39084,76.335938
11274,512,38666,75.519531
11275,512,38625,75.439453
11276,512,38042,74.300781
11277,512,37375,72.998047
11278,512,41250,80.566406
11279,512,40000,78.125000
11280,512,39959,78.044922
11281,512,39041,76.251953
11282,512,37209,72.673828
11283,512,38750,75.683594
11284,512,39167,76.498047
11285,512,37792,73.812500
11286,512,37000,72.265625
11287,512,38750,75.683594
11288,512,37459,73.162109
11289,512,37791,73.810547
11290,512,37125,72.509766
11291,512,36542,71.371094
11292,512,37292,72.835938
11293,512,39083,76.333984
11294,512,39333,76.822266
11295,512,36375,71.044922
11296,512,39792,77.718750
11297,512,39166,76.496094
11298,512,36834,71.941406
11299,512,37333,72.916016
11300,512,38000,74.218750
11301,512,37708,73.648438
11302,512,38708,75.601562
11303,512,50542,98.714844
11304,512,40458,79.019531
11305,512,36958,72.183594
11306,512,37667,73.568359
11307,512,37375,72.998047
11308,512,37834,73.894531
11309,512,39709,77.556641
11310,512,37125,72.509766
11311,512,41792,81.625000
11312,512,39750,77.636719
11313,512,37375,72.998047
11314,512,37292,72.835938
11315,512,36916,72.101562
11316,512,37250,72.753906
11317,512,37584,73.406250
11318,512,38292,74.789062
11319,512,39000,76.171875
11320,512,39083,76.333984
11321,512,36167,70.638672
11322,512,36084,70.476562
11323,512,38625,75.439453
11324,512,35167,68.685547
11325,512,37875,73.974609
11326,512,40459,79.021484
11327,512,39291,76.740234
11328,512,37125,72.509766
11329,512,35625,69.580078
11330,512,35666,69.660156
11331,512,36917,72.103516
11332,512,36750,71.777344
11333,512,38417,75.033203
11334,512,36750,71.777344
11335,512,36917,72.103516
11336,512,38500,75.195312
11337,512,37667,73.568359
11338,512,40125,78.369141
11339,512,37583,73.404297
11340,512,38375,74.951172
11341,512,36375,71.044922
11342,512,38958,76.089844
11343,512,37208,72.671875
11344,512,37875,73.974609
11345,512,37167,72.591797
11346,512,37208,72.671875
11347,512,38583,75.357422
11348,512,38375,74.951172
11349,512,37708,73.648438
11350,512,36958,72.183594
11351,512,37208,72.671875
11352,512,37959,74.138672
11353,512,37791,73.810547
11354,512,41667,81.380859
11355,512,37208,72.671875
11356,512,37208,72.671875
11357,512,38667,75.521484
11358,512,37667,73.568359
11359,512,38416,75.031250
11360,512,36917,72.103516
11361,512,38291,74.787109
11362,512,42584,83.171875
11363,512,39542,77.230469
11364,512,37958,74.136719
11365,512,37916,74.054688
11366,512,39042,76.253906
11367,512,39416,76.984375
11368,512,38042,74.300781
11369,512,36916,72.101562
11370,512,37167,72.591797
11371,512,37834,73.894531
11372,512,38125,74.462891
11373,512,37209,72.673828
11374,512,38000,74.218750
11375,512,38542,75.277344
11376,512,39375,76.904297
11377,512,35375,69.091797
11378,512,36666,71.613281
11379,512,38458,75.113281
11380,512,39958,78.042969
11381,512,37250,72.753906
11382,512,36208,70.718750
11383,512,36791,71.857422
11384,512,36833,71.939453
11385,512,36875,72.021484
11386,512,37000,72.265625
11387,512,37791,73.810547
11388,512,38667,75.521484
11389,512,37125,72.509766
11390,512,36750,71.777344
11391,512,39375,76.904297
11392,512,42458,82.925781
11393,512,37791,73.810547
11394,512,37417,73.080078
11395,512,35833,69.986328
11396,512,37666,73.566406
11397,512,37542,73.324219
11398,512,37541,73.322266
11399,512,36042,70.394531
11400,512,36000,70.312500
11401,512,36666,71.613281
11402,512,37417,73.080078
11403,512,36542,71.371094
11404,512,36791,71.857422
11405,512,38083,74.380859
11406,512,36709,71.697266
11407,512,38584,75.359375
11408,512,39959,78.044922
11409,512,37416,73.078125
11410,512,39292,76.742188
11411,512,36292,70.882812
11412,512,40333,78.775391
11413,512,37750,73.730469
11414,512,37209,72.673828
11415,512,38459,75.115234
11416,512,37166,72.589844
11417,512,37875,73.974609
11418,512,38292,74.789062
11419,512,37625,73.486328
11420,512,37291,72.833984
11421,512,37250,72.753906
11422,512,37750,73.730469
11423,512,39625,77.392578
11424,512,38041,74.298828
11425,512,37709,73.650391
11426,512,39041,76.251953
11427,512,36667,71.615234
11428,512,39084,76.335938
11429,512,37541,73.322266
11430,512,40042,78.207031
11431,512,37458,73.160156
11432,512,38042,74.300781
11433,512,37875,73.974609
11434,512,37000,72.265625
11435,512,37583,73.404297
11436,512,37000,72.265625
11437,512,37959,74.138672
11438,512,38917,76.009766
11439,512,38417,75.033203
11440,512,42250,82.519531
11441,512,38458,75.113281
11442,512,38375,74.951172
11443,512,37333,72.916016
11444,512,38125,74.462891
11445,512,36666,71.613281
11446,512,36708,71.695312
11447,512,37584,73.406250
11448,512,36875,72.021484
11449,512,37875,73.974609
11450,512,36750,71.777344
11451,512,38083,74.380859
11452,512,38500,75.195312
11453,512,38583,75.357422
11454,512,38833,75.845703
11455,512,38834,75.847656
11456,512,41208,80.484375
11457,512,36417,71.126953
11458,512,37750,73.730469
11459,512,37167,72.591797
11460,512,37333,72.916016
11461,512,36375,71.044922
11462,512,37625,73.486328
11463,512,38375,74.951172
11464,512,36834,71.941406
11465,512,37083,72.427734
11466,512,39416,76.984375
11467,512,37000,72.265625
11468,512,38292,74.789062
11469,512,39667,77.474609
11470,512,37458,73.160156
11471,512,37792,73.812500
11472,512,36375,71.044922
11473,512,38000,74.218750
11474,512,37000,72.265625
11475,512,36917,72.103516
11476,512,39167,76.498047
11477,512,36958,72.183594
11478,512,41750,81.542969
11479,512,39166,76.496094
11480,512,39584,77.312500
11481,512,36833,71.939453
11482,512,40500,79.101562
11483,512,38542,75.277344
11484,512,37792,73.812500
11485,512,36791,71.857422
11486,512,37000,72.265625
11487,512,38667,75.521484
11488,512,36875,72.021484
11489,512,36875,72.021484
11490,512,41333,80.728516
11491,512,39250,76.660156
11492,512,37333,72.916016
11493,512,37917,74.056641
11494,512,38125,74.462891
11495,512,39458,77.066406
11496,512,37625,73.486328
11497,512,36583,71.451172
11498,512,38791,75.763672
11499,512,35792,69.906250
11500,512,36708,71.695312
11501,512,35833,69.986328
11502,512,36167,70.638672
11503,512,36792,71.859375
11504,512,37000,72.265625
11505,512,39083,76.333984
11506,512,39791,77.716797
11507,512,36750,71.777344
11508,512,37708,73.648438
11509,512,36459,71.208984
11510,512,37833,73.892578
11511,512,37042,72.347656
11512,512,38916,76.007812
11513,512,37458,73.160156
11514,512,36375,71.044922
11515,512,36583,71.451172
11516,512,37708,73.648438
11517,512,36959,72.185547
11518,512,36916,72.101562
11519,512,40750,79.589844
11520,512,39042,76.253906
11521,512,37042,72.347656
11522,512,38708,75.601562
11523,512,38084,74.382812
11524,512,36459,71.208984
11525,512,38000,74.218750
11526,512,37292,72.835938
11527,512,37583,73.404297
11528,512,36750,71.777344
11529,512,38084,74.382812
11530,512,40041,78.205078
11531,512,35708,69.742188
11532,512,36084,70.476562
11533,512,37000,72.265625
11534,512,37791,73.810547
11535,512,38042,74.300781
11536,512,40875,79.833984
11537,512,37167,72.591797
11538,512,37791,73.810547
11539,512,39917,77.962891
11540,512,37042,72.347656
11541,512,36709,71.697266
11542,512,36959,72.185547
11543,512,37666,73.566406
11544,512,37750,73.730469
11545,512,42458,82.925781
11546,512,36167,70.638672
11547,512,39083,76.333984
11548,512,38417,75.033203
11549,512,37209,72.673828
11550,512,36666,71.613281
11551,512,36834,71.941406
11552,512,40000,78.125000
11553,512,36708,71.695312
11554,512,39875,77.880859
11555,512,39375,76.904297
11556,512,48750,95.214844
11557,512,37959,74.138672
11558,512,39834,77.800781
11559,512,39958,78.042969
11560,512,38916,76.007812
11561,512,36459,71.208984
11562,512,37083,72.427734
11563,512,39750,77.636719
11564,512,37083,72.427734
11565,512,37166,72.589844
11566,512,38167,74.544922
11567,512,36916,72.101562
11568,512,38959,76.091797
11569,512,39584,77.312500
11570,512,38375,74.951172
11571,512,38000,74.218750
11572,512,39709,77.556641
11573,512,38083,74.380859
11574,512,40458,79.019531
11575,512,37834,73.894531
11576,512,39500,77.148438
11577,512,37791,73.810547
11578,512,40750,79.589844
11579,512,40917,79.916016
11580,512,37250,72.753906
11581,512,37667,73.568359
11582,512,39458,77.066406
11583,512,39709,77.556641
11584,512,41625,81.298828
11585,512,38042,74.300781
11586,512,37875,73.974609
11587,512,36833,71.939453
11588,512,38208,74.625000
11589,512,37209,72.673828
11590,512,39208,76.578125
11591,512,36792,71.859375
11592,512,37042,72.347656
11593,512,38833,75.845703
11594,512,39542,77.230469
11595,512,38541,75.275391
11596,512,37750,73.730469
11597,512,37375,72.998047
11598,512,37250,72.753906
11599,512,36459,71.208984
11600,512,36750,71.777344
11601,512,36291,70.880859
11602,512,36875,72.021484
11603,512,36459,71.208984
11604,512,37875,73.974609
11605,512,36875,72.021484
11606,512,37000,72.265625
11607,512,37125,72.509766
11608,512,41125,80.322266
11609,512,37125,72.509766
11610,512,36709,71.697266
11611,512,38584,75.359375
11612,512,37666,73.566406
11613,512,42625,83.251953
11614,512,38959,76.091797
11615,512,36916,72.101562
11616,512,42834,83.660156
11617,512,38250,74.707031
11618,512,37792,73.812500
11619,512,38875,75.927734
11620,512,38333,74.869141
11621,512,45500,88.867188
11622,512,39083,76.333984
11623,512,37417,73.080078
11624,512,35958,70.230469
11625,512,37375,72.998047
11626,512,36875,72.021484
11627,512,36583,71.451172
11628,512,37083,72.427734
11629,512,36166,70.636719
11630,512,36208,70.718750
11631,512,35583,69.498047
11632,512,41959,81.951172
11633,512,36834,71.941406
11634,512,39291,76.740234
11635,512,36084,70.476562
11636,512,37750,73.730469
11637,512,38084,74.382812
11638,512,38250,74.707031
11639,512,38042,74.300781
11640,512,37250,72.753906
11641,512,38416,75.031250
11642,512,37125,72.509766
11643,512,38417,75.033203
11644,512,37042,72.347656
11645,512,35917,70.150391
11646,512,37791,73.810547
11647,512,35958,70.230469
11648,512,40500,79.101562
11649,512,37459,73.162109
11650,512,36291,70.880859
11651,512,36750,71.777344
11652,512,37833,73.892578
11653,512,38167,74.544922
11654,512,39875,77.880859
11655,512,36792,71.859375
11656,512,36083,70.474609
11657,512,35792,69.906250
11658,512,37666,73.566406
11659,512,36167,70.638672
11660,512,35458,69.253906
11661,512,35292,68.929688
11662,512,34500,67.382812
11663,512,37875,73.974609
11664,512,44834,87.566406
11665,512,37875,73.974609
11666,512,38125,74.462891
11667,512,37833,73.892578
11668,512,36084,70.476562
11669,512,37666,73.566406
11670,512,37917,74.056641
11671,512,35916,70.148438
11672,512,35709,69.744141
11673,512,40917,79.916016
11674,512,37875,73.974609
11675,512,36250,70.800781
11676,512,35583,69.498047
11677,512,36875,72.021484
11678,512,38583,75.357422
11679,512,39542,77.230469
11680,512,37416,73.078125
11681,512,37542,73.324219
11682,512,40333,78.775391
11683,512,39208,76.578125
11684,512,41000,80.078125
11685,512,37875,73.974609
11686,512,41083,80.240234
11687,512,39625,77.392578
11688,512,40084,78.289062
11689,512,38541,75.275391
11690,512,36875,72.021484
11691,512,36375,71.044922
11692,512,37125,72.509766
11693,512,38291,74.787109
11694,512,40458,79.019531
11695,512,39250,76.660156
11696,512,42375,82.763672
11697,512,38333,74.869141
11698,512,36958,72.183594
11699,512,38250,74.707031
11700,512,38917,76.009766
11701,512,40250,78.613281
11702,512,38500,75.195312
11703,512,40042,78.207031
11704,512,37333,72.916016
11705,512,35584,69.500000
11706,512,37750,73.730469
11707,512,37709,73.650391
11708,512,37917,74.056641
11709,512,39583,77.310547
11710,512,38958,76.089844
11711,512,37209,72.673828
11712,512,38542,75.277344
11713,512,40166,78.449219
11714,512,38917,76.009766
11715,512,37083,72.427734
11716,512,38625,75.439453
11717,512,38167,74.544922
11718,512,37916,74.054688
11719,512,37667,73.568359
11720,512,38917,76.009766
11721,512,36167,70.638672
11722,512,38875,75.927734
11723,512,38792,75.765625
11724,512,38417,75.033203
11725,512,38500,75.195312
11726,512,39459,77.068359
11727,512,41208,80.484375
11728,512,40041,78.205078
11729,512,39417,76.986328
11730,512,38458,75.113281
11731,512,39875,77.880859
11732,512,38542,75.277344
11733,512,37333,72.916016
11734,512,41708,81.460938
11735,512,39041,76.251953
11736,512,36708,71.695312
11737,512,37709,73.650391
11738,512,39834,77.800781
11739,512,36542,71.371094
11740,512,36541,71.369141
11741,512,38000,74.218750
11742,512,36542,71.371094
11743,512,37750,73.730469
11744,512,37500,73.242188
11745,512,37375,72.998047
11746,512,38709,75.603516
11747,512,37000,72.265625
11748,512,38125,74.462891
11749,512,37792,73.812500
11750,512,38833,75.845703
11751,512,36417,71.126953
11752,512,38166,74.542969
11753,512,38334,74.871094
11754,512,37375,72.998047
11755,512,38166,74.542969
11756,512,37875,73.974609
11757,512,36834,71.941406
11758,512,36791,71.857422
11759,512,35959,70.232422
11760,512,37042,72.347656
11761,512,36458,71.207031
11762,512,39834,77.800781
11763,512,40625,79.345703
11764,512,37333,72.916016
11765,512,36875,72.021484
11766,512,37666,73.566406
11767,512,36833,71.939453
11768,512,39458,77.066406
11769,512,36500,71.289062
11770,512,36500,71.289062
11771,512,37458,73.160156
11772,512,39083,76.333984
11773,512,37458,73.160156
11774,512,36083,70.474609
11775,512,40208,78.531250
11776,512,37917,74.056641
11777,512,41166,80.402344
11778,512,40625,79.345703
11779,512,41167,80.404297
11780,512,39959,78.044922
11781,512,39209,76.580078
11782,512,37209,72.673828
11783,512,36792,71.859375
11784,512,38833,75.845703
11785,512,37667,73.568359
11786,512,36333,70.962891
11787,512,38125,74.462891
11788,512,39208,76.578125
11789,512,38584,75.359375
11790,512,38667,75.521484
11791,512,38667,75.521484
11792,512,38750,75.683594
11793,512,38916,76.007812
11794,512,37959,74.138672
11795,512,38291,74.787109
11796,512,39208,76.578125
11797,512,38042,74.300781
11798,512,37833,73.892578
11799,512,37000,72.265625
11800,512,36208,70.718750
11801,512,38042,74.300781
11802,512,41292,80.648438
11803,512,37417,73.080078
11804,512,38792,75.765625
11805,512,37500,73.242188
11806,512,37875,73.974609
11807,512,38875,75.927734
11808,512,38125,74.462891
11809,512,39167,76.498047
11810,512,39125,76.416016
11811,512,38166,74.542969
11812,512,36958,72.183594
11813,512,36542,71.371094
11814,512,37375,72.998047
11815,512,38500,75.195312
11816,512,38167,74.544922
11817,512,36541,71.369141
11818,512,37334,72.917969
11819,512,37667,73.568359
11820,512,36666,71.613281
11821,512,37875,73.974609
11822,512,38542,75.277344
11823,512,39375,76.904297
11824,512,38708,75.601562
11825,512,36625,71.533203
11826,512,38042,74.300781
11827,512,37875,73.974609
11828,512,38916,76.007812
11829,512,38042,74.300781
11830,512,37417,73.080078
11831,512,38750,75.683594
11832,512,37292,72.835938
11833,512,37750,73.730469
11834,512,38250,74.707031
11835,512,38042,74.300781
11836,512,38334,74.871094
11837,512,36250,70.800781
11838,512,36542,71.371094
11839,512,39166,76.496094
11840,512,37167,72.591797
11841,512,38708,75.601562
11842,512,38083,74.380859
11843,512,38625,75.439453
11844,512,38375,74.951172
11845,512,37083,72.427734
11846,512,38916,76.007812
11847,512,38125,74.462891
11848,512,37917,74.056641
11849,512,38417,75.033203
11850,512,38292,74.789062
11851,512,35791,69.904297
11852,512,37959,74.138672
11853,512,36625,71.533203
11854,512,37125,72.509766
11855,512,37000,72.265625
11856,512,39291,76.740234
11857,512,37917,74.056641
11858,512,38500,75.195312
11859,512,37500,73.242188
11860,512,36500,71.289062
11861,512,36916,72.101562
11862,512,36792,71.859375
11863,512,37958,74.136719
11864,512,37250,72.753906
11865,512,36375,71.044922
11866,512,37125,72.509766
11867,512,38042,74.300781
11868,512,37542,73.324219
11869,512,37458,73.160156
11870,512,37375,72.998047
11871,512,37208,72.671875
11872,512,37542,73.324219
11873,512,36959,72.185547
11874,512,38125,74.462891
11875,512,37459,73.162109
11876,512,36875,72.021484
11877,512,36584,71.453125
11878,512,36166,70.636719
11879,512,36709,71.697266
11880,512,39125,76.416016
11881,512,39041,76.251953
11882,512,36542,71.371094
11883,512,36125,70.556641
11884,512,36208,70.718750
11885,512,37000,72.265625
11886,512,36333,70.962891
11887,512,37625,73.486328
11888,512,40292,78.695312
11889,512,41209,80.486328
11890,512,37792,73.812500
11891,512,37541,73.322266
11892,512,39292,76.742188
11893,512,38500,75.195312
11894,512,39666,77.472656
11895,512,38250,74.707031
11896,512,37959,74.138672
11897,512,37208,72.671875
11898,512,35666,69.660156
11899,512,37625,73.486328
11900,512,35958,70.230469
11901,512,38167,74.544922
11902,512,36167,70.638672
11903,512,38917,76.009766
11904,512,37000,72.265625
11905,512,37375,72.998047
11906,512,37167,72.591797
11907,512,38666,75.519531
11908,512,40000,78.125000
11909,512,38417,75.033203
11910,512,40208,78.531250
11911,512,41041,80.158203
11912,512,39250,76.660156
11913,512,36375,71.044922
11914,512,38875,75.927734
11915,512,39041,76.251953
11916,512,39250,76.660156
11917,512,39917,77.962891
11918,512,38041,74.298828
11919,512,36500,71.289062
11920,512,37209,72.673828
11921,512,39125,76.416016
11922,512,37084,72.429688
11923,512,38792,75.765625
11924,512,39042,76.253906
11925,512,38250,74.707031
11926,512,44625,87.158203
11927,512,42708,83.414062
11928,512,36667,71.615234
11929,512,38500,75.195312
11930,512,39583,77.310547
11931,512,37042,72.347656
11932,512,36208,70.718750
11933,512,36750,71.777344
11934,512,38333,74.869141
11935,512,37708,73.648438
11936,512,38792,75.765625
11937,512,34958,68.277344
11938,512,38208,74.625000
11939,512,39667,77.474609
11940,512,38958,76.089844
11941,512,38084,74.382812
11942,512,37500,73.242188
11943,512,38875,75.927734
11944,512,35791,69.904297
11945,512,38750,75.683594
11946,512,36500,71.289062
11947,512,36542,71.371094
11948,512,37833,73.892578
11949,512,38875,75.927734
11950,512,37542,73.324219
11951,512,36750,71.777344
11952,512,37666,73.566406
11953,512,38584,75.359375
11954,512,38583,75.357422
11955,512,38375,74.951172
11956,512,39709,77.556641
11957,512,37750,73.730469
11958,512,39334,76.824219
11959,512,37167,72.591797
11960,512,38625,75.439453
11961,512,38625,75.439453
11962,512,35500,69.335938
11963,512,38375,74.951172
11964,512,38250,74.707031
11965,512,36792,71.859375
11966,512,35666,69.660156
11967,512,38375,74.951172
11968,512,38917,76.009766
11969,512,38250,74.707031
11970,512,41208,80.484375
11971,512,40208,78.531250
11972,512,40625,79.345703
11973,512,39292,76.742188
11974,512,38333,74.869141
11975,512,37375,72.998047
11976,512,40041,78.205078
11977,512,38667,75.521484
11978,512,39667,77.474609
11979,512,39459,77.068359
11980,512,36917,72.103516
11981,512,38667,75.521484
11982,512,37166,72.589844
11983,512,37833,73.892578
11984,512,40209,78.533203
11985,512,37166,72.589844
11986,512,39625,77.392578
11987,512,37000,72.265625
11988,512,37875,73.974609
11989,512,38167,74.544922
11990,512,36875,72.021484
11991,512,38833,75.845703
11992,512,39042,76.253906
11993,512,36708,71.695312
11994,512,36917,72.103516
11995,512,37417,73.080078
11996,512,37583,73.404297
11997,512,37916,74.054688
11998,512,40792,79.671875
11999,512,36333,70.962891
12000,512,38083,74.380859
12001,512,37792,73.812500
12002,512,37416,73.078125
12003,512,36167,70.638672
12004,512,37083,72.427734
12005,512,37292,72.835938
12006,512,37167,72.591797
12007,512,39084,76.335938
12008,512,39125,76.416016
12009,512,37125,72.509766
12010,512,39583,77.310547
12011,512,36709,71.697266
12012,512,39375,76.904297
12013,512,39500,77.148438
12014,512,38916,76.007812
12015,512,36709,71.697266
12016,512,37416,73.078125
12017,512,36584,71.453125
12018,512,37250,72.753906
12019,512,36875,72.021484
12020,512,38166,74.542969
12021,512,37833,73.892578
12022,512,37042,72.347656
12023,512,36583,71.451172
12024,512,35542,69.417969
12025,512,37416,73.078125
12026,512,38584,75.359375
12027,512,36084,70.476562
12028,512,37625,73.486328
12029,512,42500,83.007812
12030,512,37625,73.486328
12031,512,38875,75.927734
12032,512,38000,74.218750
12033,512,34958,68.277344
12034,512,39250,76.660156
12035,512,39792,77.718750
12036,512,39291,76.740234
12037,512,38209,74.626953
12038,512,38750,75.683594
12039,512,41292,80.648438
12040,512,38792,75.765625
12041,512,38833,75.845703
12042,512,39208,76.578125
12043,512,36458,71.207031
12044,512,36542,71.371094
12045,512,37500,73.242188
12046,512,38791,75.763672
12047,512,38083,74.380859
12048,512,37583,73.404297
12049,512,36792,71.859375
12050,512,35917,70.150391
12051,512,37625,73.486328
12052,512,38667,75.521484
12053,512,37625,73.486328
12054,512,37916,74.054688
12055,512,39209,76.580078
12056,512,39000,76.171875
12057,512,38708,75.601562
12058,512,37750,73.730469
12059,512,39667,77.474609
12060,512,38417,75.033203
12061,512,42792,83.578125
12062,512,37166,72.589844
12063,512,38500,75.195312
12064,512,37792,73.812500
12065,512,37584,73.406250
12066,512,39250,76.660156
12067,512,38708,75.601562
12068,512,37250,72.753906
12069,512,36625,71.533203
12070,512,38000,74.218750
12071,512,37667,73.568359
12072,512,36708,71.695312
12073,512,37291,72.833984
12074,512,38083,74.380859
12075,512,38667,75.521484
12076,512,38292,74.789062
12077,512,38458,75.113281
12078,512,38458,75.113281
12079,512,39000,76.171875
12080,512,36500,71.289062
12081,512,36875,72.021484
12082,512,38041,74.298828
12083,512,38042,74.300781
12084,512,39750,77.636719
12085,512,38375,74.951172
12086,512,37333,72.916016
12087,512,37458,73.160156
12088,512,37667,73.568359
12089,512,42291,82.599609
12090,512,39542,77.230469
12091,512,40791,79.669922
12092,512,39417,76.986328
12093,512,36750,71.777344
12094,512,38667,75.521484
12095,512,38666,75.519531
12096,512,38375,74.951172
12097,512,38542,75.277344
12098,512,38709,75.603516
12099,512,38291,74.787109
12100,512,37084,72.429688
12101,512,37875,73.974609
12102,512,37375,72.998047
12103,512,36834,71.941406
12104,512,37959,74.138672
12105,512,41333,80.728516
12106,512,38667,75.521484
12107,512,39166,76.496094
12108,512,37709,73.650391
12109,512,36875,72.021484
12110,512,35959,70.232422
12111,512,37375,72.998047
12112,512,38167,74.544922
12113,512,39458,77.066406
12114,512,38250,74.707031
12115,512,39417,76.986328
12116,512,39125,76.416016
12117,512,38041,74.298828
12118,512,38250,74.707031
12119,512,37667,73.568359
12120,512,38583,75.357422
12121,512,39458,77.066406
12122,512,41167,80.404297
12123,512,37750,73.730469
12124,512,38500,75.195312
12125,512,38458,75.113281
12126,512,40917,79.916016
12127,512,40458,79.019531
12128,512,40042,78.207031
12129,512,38791,75.763672
12130,512,37917,74.056641
12131,512,38958,76.089844
12132,512,39166,76.496094
12133,512,39250,76.660156
12134,512,37375,72.998047
12135,512,39125,76.416016
12136,512,38333,74.869141
12137,512,37542,73.324219
12138,512,38333,74.869141
12139,512,39000,76.171875
12140,512,38750,75.683594
12141,512,37500,73.242188
12142,512,40000,78.125000
12143,512,39917,77.962891
12144,512,38833,75.845703
12145,512,37167,72.591797
12146,512,36583,71.451172
12147,512,38291,74.787109
12148,512,37959,74.138672
12149,512,36833,71.939453
12150,512,41542,81.136719
12151,512,39125,76.416016
12152,512,38250,74.707031
12153,512,39416,76.984375
12154,512,38709,75.603516
12155,512,36208,70.718750
12156,512,38583,75.357422
12157,512,38417,75.033203
12158,512,38625,75.439453
12159,512,37208,72.671875
12160,512,38334,74.871094
12161,512,36958,72.183594
12162,512,36208,70.718750
12163,512,37000,72.265625
12164,512,38208,74.625000
12165,512,39458,77.066406
12166,512,38250,74.707031
12167,512,39042,76.253906
12168,512,41416,80.890625
12169,512,40542,79.183594
12170,512,40750,79.589844
12171,512,39375,76.904297
12172,512,37667,73.568359
12173,512,37625,73.486328
12174,512,35875,70.068359
12175,512,37292,72.835938
12176,512,37083,72.427734
12177,512,37083,72.427734
12178,512,36333,70.962891
12179,512,37125,72.509766
12180,512,39042,76.253906
12181,512,36667,71.615234
12182,512,38500,75.195312
12183,512,37916,74.054688
12184,512,38834,75.847656
12185,512,36250,70.800781
12186,512,38708,75.601562
12187,512,41667,81.380859
12188,512,38458,75.113281
12189,512,38250,74.707031
12190,512,37833,73.892578
12191,512,36458,71.207031
12192,512,40833,79.751953
12193,512,40542,79.183594
12194,512,35417,69.173828
12195,512,37916,74.054688
12196,512,39042,76.253906
12197,512,37125,72.509766
12198,512,37875,73.974609
12199,512,39208,76.578125
12200,512,37167,72.591797
12201,512,38459,75.115234
12202,512,37666,73.566406
12203,512,37917,74.056641
12204,512,37042,72.347656
12205,512,39209,76.580078
12206,512,37625,73.486328
12207,512,36334,70.964844
12208,512,36541,71.369141
12209,512,40083,78.287109
12210,512,39750,77.636719
12211,512,39375,76.904297
12212,512,40292,78.695312
12213,512,40708,79.507812
12214,512,39458,77.066406
12215,512,37917,74.056641
12216,512,38042,74.300781
12217,512,39000,76.171875
12218,512,38625,75.439453
12219,512,38791,75.763672
12220,512,37959,74.138672
12221,512,39750,77.636719
12222,512,39292,76.742188
12223,512,39500,77.148438
12224,512,38458,75.113281
12225,512,38500,75.195312
12226,512,39375,76.904297
12227,512,38125,74.462891
12228,512,37541,73.322266
12229,512,38417,75.033203
12230,512,37750,73.730469
12231,512,36584,71.453125
12232,512,39584,77.312500
12233,512,37375,72.998047
12234,512,38000,74.218750
12235,512,39750,77.636719
12236,512,36333,70.962891
12237,512,38875,75.927734
12238,512,42291,82.599609
12239,512,38625,75.439453
12240,512,39583,77.310547
12241,512,38083,74.380859
12242,512,37584,73.406250
12243,512,38084,74.382812
12244,512,37250,72.753906
12245,512,37416,73.078125
12246,512,38209,74.626953
12247,512,38041,74.298828
12248,512,39625,77.392578
12249,512,38042,74.300781
12250,512,40833,79.751953
12251,512,36500,71.289062
12252,512,36125,70.556641
12253,512,38959,76.091797
12254,512,39041,76.251953
12255,512,39500,77.148438
12256,512,38542,75.277344
12257,512,37875,73.974609
12258,512,37917,74.056641
12259,512,37708,73.648438
12260,512,37792,73.812500
12261,512,37667,73.568359
12262,512,39041,76.251953
12263,512,38292,74.789062
12264,512,37500,73.242188
12265,512,38375,74.951172
12266,512,38125,74.462891
12267,512,38292,74.789062
12268,512,41375,80.810547
12269,512,40250,78.613281
12270,512,38000,74.218750
12271,512,37167,72.591797
12272,512,36666,71.613281
12273,512,37792,73.812500
12274,512,36833,71.939453
12275,512,37084,72.429688
12276,512,37084,72.429688
12277,512,36000,70.312500
12278,512,38625,75.439453
12279,512,39083,76.333984
12280,512,39459,77.068359
12281,512,35791,69.904297
12282,512,39084,76.335938
12283,512,39500,77.148438
12284,512,38375,74.951172
12285,512,37791,73.810547
12286,512,39917,77.962891
12287,512,40292,78.695312
12288,512,38708,75.601562
12289,512,37750,73.730469
12290,512,38750,75.683594
12291,512,38750,75.683594
12292,512,37959,74.138672
12293,512,37584,73.406250
12294,512,36209,70.720703
12295,512,39875,77.880859
12296,512,37250,72.753906
12297,512,39334,76.824219
12298,512,37708,73.648438
12299,512,39042,76.253906
12300,512,39375,76.904297
12301,512,38167,74.544922
12302,512,37250,72.753906
12303,512,37041,72.345703
12304,512,38292,74.789062
12305,512,35833,69.986328
12306,512,37708,73.648438
12307,512,38125,74.462891
12308,512,38417,75.033203
12309,512,38209,74.626953
12310,512,39625,77.392578
12311,512,39541,77.228516
12312,512,40292,78.695312
12313,512,41000,80.078125
12314,512,37417,73.080078
12315,512,38041,74.298828
12316,512,38250,74.707031
12317,512,38667,75.521484
12318,512,37416,73.078125
12319,512,38292,74.789062
12320,512,38000,74.218750
12321,512,37708,73.648438
12322,512,37916,74.054688
12323,512,36500,71.289062
12324,512,35917,70.150391
12325,512,37792,73.812500
12326,512,38583,75.357422
12327,512,38958,76.089844
12328,512,37792,73.812500
12329,512,38917,76.009766
12330,512,40625,79.345703
12331,512,37917,74.056641
12332,512,39792,77.718750
12333,512,36875,72.021484
12334,512,40583,79.263672
12335,512,39583,77.310547
12336,512,37583,73.404297
12337,512,36875,72.021484
12338,512,39250,76.660156
12339,512,41291,80.646484
12340,512,38625,75.439453
12341,512,36750,71.777344
12342,512,36917,72.103516
12343,512,39250,76.660156
12344,512,38500,75.195312
12345,512,37583,73.404297
12346,512,38916,76.007812
12347,512,41208,80.484375
12348,512,40584,79.265625
12349,512,39959,78.044922
12350,512,40000,78.125000
12351,512,39208,76.578125
12352,512,36791,71.857422
12353,512,38834,75.847656
12354,512,38500,75.195312
12355,512,37750,73.730469
12356,512,37584,73.406250
12357,512,36792,71.859375
12358,512,36375,71.044922
12359,512,39708,77.554688
12360,512,37833,73.892578
12361,512,37000,72.265625
12362,512,37959,74.138672
12363,512,39500,77.148438
12364,512,38250,74.707031
12365,512,37584,73.406250
12366,512,39417,76.986328
12367,512,37458,73.160156
12368,512,37958,74.136719
12369,512,36125,70.556641
12370,512,38708,75.601562
12371,512,38375,74.951172
12372,512,37834,73.894531
12373,512,39250,76.660156
12374,512,38000,74.218750
12375,512,37375,72.998047
12376,512,37333,72.916016
12377,512,37792,73.812500
12378,512,39667,77.474609
12379,512,39500,77.148438
12380,512,40375,78.857422
12381,512,40083,78.287109
12382,512,43042,84.066406
12383,512,40041,78.205078
12384,512,40292,78.695312
12385,512,38208,74.625000
12386,512,39708,77.554688
12387,512,37917,74.056641
12388,512,37458,73.160156
12389,512,37458,73.160156
12390,512,38208,74.625000
12391,512,41625,81.298828
12392,512,38000,74.218750
12393,512,38708,75.601562
12394,512,40375,78.857422
12395,512,39542,77.230469
12396,512,39583,77.310547
12397,512,37583,73.404297
12398,512,37833,73.892578
12399,512,37958,74.136719
12400,512,38459,75.115234
12401,512,37125,72.509766
12402,512,39291,76.740234
12403,512,38167,74.544922
12404,512,40708,79.507812
12405,512,39625,77.392578
12406,512,39542,77.230469
12407,512,37083,72.427734
12408,512,37792,73.812500
12409,512,39500,77.148438
12410,512,44125,86.181641
12411,512,38834,75.847656
12412,512,38959,76.091797
12413,512,38500,75.195312
12414,512,39459,77.068359
12415,512,39584,77.312500
12416,512,38750,75.683594
12417,512,39291,76.740234
12418,512,38292,74.789062
12419,512,38542,75.277344
12420,512,37292,72.835938
12421,512,36792,71.859375
12422,512,38208,74.625000
12423,512,38541,75.275391
12424,512,39250,76.660156
12425,512,37458,73.160156
12426,512,39250,76.660156
12427,512,39583,77.310547
12428,512,38084,74.382812
12429,512,39708,77.554688
12430,512,39083,76.333984
12431,512,39334,76.824219
12432,512,37375,72.998047
12433,512,38167,74.544922
12434,512,38083,74.380859
12435,512,39834,77.800781
12436,512,38958,76.089844
12437,512,38000,74.218750
12438,512,40708,79.507812
12439,512,39042,76.253906
12440,512,38583,75.357422
12441,512,40208,78.531250
12442,512,40875,79.833984
12443,512,39458,77.066406
12444,512,37750,73.730469
12445,512,38750,75.683594
12446,512,37750,73.730469
12447,512,36750,71.777344
12448,512,38875,75.927734
12449,512,37708,73.648438
12450,512,38417,75.033203
12451,512,37416,73.078125
12452,512,36500,71.289062
12453,512,35875,70.068359
12454,512,39292,76.742188
12455,512,36750,71.777344
12456,512,36625,71.533203
12457,512,39125,76.416016
12458,512,38333,74.869141
12459,512,36583,71.451172
12460,512,36334,70.964844
12461,512,37417,73.080078
12462,512,37875,73.974609
12463,512,38833,75.845703
12464,512,37334,72.917969
12465,512,37625,73.486328
12466,512,36416,71.125000
12467,512,36709,71.697266
12468,512,38041,74.298828
12469,512,38708,75.601562
12470,512,40167,78.451172
12471,512,39500,77.148438
12472,512,45708,89.273438
12473,512,38417,75.033203
12474,512,38083,74.380859
12475,512,39167,76.498047
12476,512,37708,73.648438
12477,512,36833,71.939453
12478,512,36875,72.021484
12479,512,37542,73.324219
12480,512,38750,75.683594
12481,512,37250,72.753906
12482,512,36625,71.533203
12483,512,37667,73.568359
12484,512,38458,75.113281
12485,512,37959,74.138672
12486,512,37625,73.486328
12487,512,36959,72.185547
12488,512,37542,73.324219
12489,512,36833,71.939453
12490,512,38917,76.009766
12491,512,40000,78.125000
12492,512,37792,73.812500
12493,512,38958,76.089844
12494,512,37917,74.056641
12495,512,37166,72.589844
12496,512,37375,72.998047
12497,512,39083,76.333984
12498,512,38042,74.300781
12499,512,37916,74.054688
12500,512,38583,75.357422
12501,512,36834,71.941406
12502,512,38291,74.787109
12503,512,40667,79.427734
12504,512,36916,72.101562
12505,512,37708,73.648438
12506,512,37292,72.835938
12507,512,34917,68.197266
12508,512,36583,71.451172
12509,512,38042,74.300781
12510,512,37875,73.974609
12511,512,36417,71.126953
12512,512,38291,74.787109
12513,512,36708,71.695312
12514,512,36959,72.185547
12515,512,38709,75.603516
12516,512,36375,71.044922
12517,512,36959,72.185547
12518,512,37208,72.671875
12519,512,37500,73.242188
12520,512,37875,73.974609
12521,512,37417,73.080078
12522,512,38875,75.927734
12523,512,38084,74.382812
12524,512,36542,71.371094
12525,512,38125,74.462891
12526,512,36916,72.101562
12527,512,37542,73.324219
12528,512,40208,78.531250
12529,512,39291,76.740234
12530,512,37709,73.650391
12531,512,38208,74.625000
12532,512,39375,76.904297
12533,512,38667,75.521484
12534,512,38375,74.951172
12535,512,39500,77.148438
12536,512,38333,74.869141
12537,512,37958,74.136719
12538,512,37417,73.080078
12539,512,36458,71.207031
12540,512,37834,73.894531
12541,512,36500,71.289062
12542,512,39416,76.984375
12543,512,38250,74.707031
12544,512,46708,91.226562
12545,512,37833,73.892578
12546,512,40584,79.265625
12547,512,35250,68.847656
12548,512,36667,71.615234
12549,512,37292,72.835938
12550,512,36875,72.021484
12551,512,36000,70.312500
12552,512,37667,73.568359
12553,512,36917,72.103516
12554,512,36542,71.371094
12555,512,38083,74.380859
12556,512,38917,76.009766
12557,512,37458,73.160156
12558,512,37250,72.753906
12559,512,37792,73.812500
12560,512,38375,74.951172
12561,512,38708,75.601562
12562,512,36958,72.183594
12563,512,36708,71.695312
12564,512,36625,71.533203
12565,512,39250,76.660156
12566,512,38167,74.544922
12567,512,37625,73.486328
12568,512,39000,76.171875
12569,512,37375,72.998047
12570,512,37958,74.136719
12571,512,37292,72.835938
12572,512,37292,72.835938
12573,512,36916,72.101562
12574,512,38625,75.439453
12575,512,38792,75.765625
12576,512,36083,70.474609
12577,512,36667,71.615234
12578,512,39250,76.660156
12579,512,39959,78.044922
12580,512,39166,76.496094
12581,512,40375,78.857422
12582,512,37375,72.998047
12583,512,37375,72.998047
12584,512,38667,75.521484
12585,512,36750,71.777344
12586,512,38666,75.519531
12587,512,38875,75.927734
12588,512,35584,69.500000
12589,512,37708,73.648438
12590,512,36958,72.183594
12591,512,35959,70.232422
12592,512,38500,75.195312
12593,512,37417,73.080078
12594,512,39542,77.230469
12595,512,37042,72.347656
12596,512,37125,72.509766
12597,512,36166,70.636719
12598,512,38042,74.300781
12599,512,38083,74.380859
12600,512,41958,81.949219
12601,512,39667,77.474609
12602,512,41458,80.972656
12603,512,49917,97.494141
12604,512,40500,79.101562
12605,512,38541,75.275391
12606,512,38709,75.603516
12607,512,39625,77.392578
12608,512,36833,71.939453
12609,512,36958,72.183594
12610,512,38750,75.683594
12611,512,35209,68.767578
12612,512,36166,70.636719
12613,512,35834,69.988281
12614,512,38417,75.033203
12615,512,39125,76.416016
12616,512,40292,78.695312
12617,512,38708,75.601562
12618,512,37958,74.136719
12619,512,38667,75.521484
12620,512,37750,73.730469
12621,512,39792,77.718750
12622,512,39375,76.904297
12623,512,39542,77.230469
12624,512,39250,76.660156
12625,512,39667,77.474609
12626,512,38000,74.218750
12627,512,37833,73.892578
12628,512,40375,78.857422
12629,512,38542,75.277344
12630,512,37083,72.427734
12631,512,38292,74.789062
12632,512,37250,72.753906
12633,512,39417,76.986328
12634,512,38208,74.625000
12635,512,38333,74.869141
12636,512,37667,73.568359
12637,512,38542,75.277344
12638,512,36500,71.289062
12639,512,38000,74.218750
12640,512,37959,74.138672
12641,512,37500,73.242188
12642,512,39125,76.416016
12643,512,38833,75.845703
12644,512,40459,79.021484
12645,512,39834,77.800781
12646,512,39334,76.824219
12647,512,39458,77.066406
12648,512,37042,72.347656
12649,512,37084,72.429688
12650,512,38458,75.113281
12651,512,37958,74.136719
12652,512,38917,76.009766
12653,512,37375,72.998047
12654,512,37833,73.892578
12655,512,37208,72.671875
12656,512,38375,74.951172
12657,512,37959,74.138672
12658,512,38916,76.007812
12659,512,36500,71.289062
12660,512,37333,72.916016
12661,512,36833,71.939453
12662,512,36875,72.021484
12663,512,37667,73.568359
12664,512,37916,74.054688
12665,512,39958,78.042969
12666,512,39667,77.474609
12667,512,37375,72.998047
12668,512,39166,76.496094
12669,512,37709,73.650391
12670,512,37041,72.345703
12671,512,40042,78.207031
12672,512,39500,77.148438
12673,512,37833,73.892578
12674,512,38375,74.951172
12675,512,38167,74.544922
12676,512,38000,74.218750
12677,512,39125,76.416016
12678,512,37959,74.138672
12679,512,36417,71.126953
12680,512,38666,75.519531
12681,512,38167,74.544922
12682,512,37958,74.136719
12683,512,37167,72.591797
12684,512,38250,74.707031
12685,512,39792,77.718750
12686,512,39250,76.660156
12687,512,36958,72.183594
12688,512,39167,76.498047
12689,512,37417,73.080078
12690,512,38625,75.439453
12691,512,39792,77.718750
12692,512,37583,73.404297
12693,512,38084,74.382812
12694,512,37958,74.136719
12695,512,38166,74.542969
12696,512,37250,72.753906
12697,512,38000,74.218750
12698,512,37042,72.347656
12699,512,36250,70.800781
12700,512,35334,69.011719
12701,512,36958,72.183594
12702,512,38250,74.707031
12703,512,39750,77.636719
12704,512,37041,72.345703
12705,512,38042,74.300781
12706,512,38083,74.380859
12707,512,40583,79.263672
12708,512,37583,73.404297
12709,512,38375,74.951172
12710,512,38750,75.683594
12711,512,35583,69.498047
12712,512,36750,71.777344
12713,512,38958,76.089844
12714,512,38042,74.300781
12715,512,37292,72.835938
12716,512,38250,74.707031
12717,512,37833,73.892578
12718,512,38959,76.091797
12719,512,36708,71.695312
12720,512,37917,74.056641
12721,512,38959,76.091797
12722,512,36459,71.208984
12723,512,37792,73.812500
12724,512,37041,72.345703
12725,512,38792,75.765625
12726,512,37750,73.730469
12727,512,37958,74.136719
12728,512,37083,72.427734
12729,512,36375,71.044922
12730,512,36750,71.777344
12731,512,36666,71.613281
12732,512,38167,74.544922
12733,512,37667,73.568359
12734,512,38041,74.298828
12735,512,37792,73.812500
12736,512,37250,72.753906
12737,512,37916,74.054688
12738,512,37250,72.753906
12739,512,37584,73.406250
12740,512,36542,71.371094
12741,512,37000,72.265625
12742,512,36500,71.289062
12743,512,37708,73.648438
12744,512,38417,75.033203
12745,512,36834,71.941406
12746,512,38834,75.847656
12747,512,38292,74.789062
12748,512,38333,74.869141
12749,512,39667,77.474609
12750,512,38458,75.113281
12751,512,37458,73.160156
12752,512,36166,70.636719
12753,512,39042,76.253906
12754,512,38667,75.521484
12755,512,38375,74.951172
12756,512,38084,74.382812
12757,512,38417,75.033203
12758,512,38333,74.869141
12759,512,38542,75.277344
12760,512,38875,75.927734
12761,512,38500,75.195312
12762,512,37083,72.427734
12763,512,38875,75.927734
12764,512,39125,76.416016
12765,512,37375,72.998047
12766,512,37250,72.753906
12767,512,37958,74.136719
12768,512,37958,74.136719
12769,512,37125,72.509766
12770,512,36542,71.371094
12771,512,38375,74.951172
12772,512,37209,72.673828
12773,512,38166,74.542969
12774,512,37292,72.835938
12775,512,37791,73.810547
12776,512,37834,73.894531
12777,512,38584,75.359375
12778,512,38875,75.927734
12779,512,37125,72.509766
12780,512,38583,75.357422
12781,512,38625,75.439453
12782,512,36417,71.126953
12783,512,38666,75.519531
12784,512,36417,71.126953
12785,512,50750,99.121094
12786,512,37042,72.347656
12787,512,37041,72.345703
12788,512,36167,70.638672
12789,512,46167,90.169922
12790,512,38125,74.462891
12791,512,38208,74.625000
12792,512,36833,71.939453
12793,512,38209,74.626953
12794,512,37208,72.671875
12795,512,37417,73.080078
12796,512,37417,73.080078
12797,512,38208,74.625000
12798,512,37166,72.589844
12799,512,36917,72.103516
12800,512,36291,70.880859
12801,512,36959,72.185547
12802,512,36584,71.453125
12803,512,38958,76.089844
12804,512,37333,72.916016
12805,512,39042,76.253906
12806,512,38291,74.787109
12807,512,39000,76.171875
12808,512,37000,72.265625
12809,512,38792,75.765625
12810,512,38625,75.439453
12811,512,37792,73.812500
12812,512,39458,77.066406
12813,512,36166,70.636719
12814,512,36792,71.859375
12815,512,40875,79.833984
12816,512,39916,77.960938
12817,512,38417,75.033203
12818,512,39167,76.498047
12819,512,40291,78.693359
12820,512,43792,85.531250
12821,512,45458,88.785156
12822,512,41042,80.160156
12823,512,37916,74.054688
12824,512,38584,75.359375
12825,512,39459,77.068359
12826,512,39208,76.578125
12827,512,38958,76.089844
12828,512,43250,84.472656
12829,512,38709,75.603516
12830,512,42291,82.599609
12831,512,37417,73.080078
12832,512,39250,76.660156
12833,512,37583,73.404297
12834,512,39125,76.416016
12835,512,37333,72.916016
12836,512,38833,75.845703
12837,512,36791,71.857422
12838,512,37584,73.406250
12839,512,38834,75.847656
12840,512,37042,72.347656
12841,512,38916,76.007812
12842,512,38875,75.927734
12843,512,38042,74.300781
12844,512,36542,71.371094
12845,512,36416,71.125000
12846,512,36375,71.044922
12847,512,37667,73.568359
12848,512,39584,77.312500
12849,512,38042,74.300781
12850,512,37792,73.812500
12851,512,37500,73.242188
12852,512,39709,77.556641
12853,512,40750,79.589844
12854,512,43334,84.636719
12855,512,39416,76.984375
12856,512,37542,73.324219
12857,512,38167,74.544922
12858,512,36541,71.369141
12859,512,38500,75.195312
12860,512,37709,73.650391
12861,512,37500,73.242188
12862,512,37250,72.753906
12863,512,36166,70.636719
12864,512,38959,76.091797
12865,512,36416,71.125000
12866,512,36625,71.533203
12867,512,37000,72.265625
12868,512,37625,73.486328
12869,512,36583,71.451172
12870,512,38792,75.765625
12871,512,37084,72.429688
12872,512,36584,71.453125
12873,512,39625,77.392578
12874,512,38208,74.625000
12875,512,39416,76.984375
12876,512,37125,72.509766
12877,512,39917,77.962891
12878,512,38458,75.113281
12879,512,37583,73.404297
12880,512,37417,73.080078
12881,512,38542,75.277344
12882,512,38125,74.462891
12883,512,38333,74.869141
12884,512,41041,80.158203
12885,512,38000,74.218750
12886,512,38167,74.544922
12887,512,37375,72.998047
12888,512,38042,74.300781
12889,512,39917,77.962891
12890,512,38708,75.601562
12891,512,37667,73.568359
12892,512,36166,70.636719
12893,512,39875,77.880859
12894,512,38875,75.927734
12895,512,36792,71.859375
12896,512,40500,79.101562
12897,512,39250,76.660156
12898,512,37250,72.753906
12899,512,38458,75.113281
12900,512,37958,74.136719
12901,512,38792,75.765625
12902,512,38416,75.031250
12903,512,38000,74.218750
12904,512,38416,75.031250
12905,512,42084,82.195312
12906,512,38542,75.277344
12907,512,38792,75.765625
12908,512,37750,73.730469
12909,512,42583,83.169922
12910,512,41208,80.484375
12911,512,38417,75.033203
12912,512,37750,73.730469
12913,512,37542,73.324219
12914,512,37916,74.054688
12915,512,39042,76.253906
12916,512,37666,73.566406
12917,512,38209,74.626953
12918,512,38333,74.869141
12919,512,37833,73.892578
12920,512,36750,71.777344
12921,512,39750,77.636719
12922,512,37125,72.509766
12923,512,37417,73.080078
12924,512,36875,72.021484
12925,512,39041,76.251953
12926,512,39209,76.580078
12927,512,36875,72.021484
12928,512,38750,75.683594
12929,512,37625,73.486328
12930,512,38000,74.218750
12931,512,37875,73.974609
12932,512,37333,72.916016
12933,512,42000,82.031250
12934,512,37208,72.671875
12935,512,38667,75.521484
12936,512,37625,73.486328
12937,512,38666,75.519531
12938,512,40375,78.857422
12939,512,38375,74.951172
12940,512,38917,76.009766
12941,512,40750,79.589844
12942,512,38750,75.683594
12943,512,38584,75.359375
12944,512,39250,76.660156
12945,512,36125,70.556641
12946,512,37958,74.136719
12947,512,38958,76.089844
12948,512,42000,82.031250
12949,512,39334,76.824219
12950,512,36667,71.615234
12951,512,38625,75.439453
12952,512,40875,79.833984
12953,512,39833,77.798828
12954,512,38125,74.462891
12955,512,39417,76.986328
12956,512,37791,73.810547
12957,512,37417,73.080078
12958,512,37333,72.916016
12959,512,40083,78.287109
12960,512,38167,74.544922
12961,512,38041,74.298828
12962,512,39625,77.392578
12963,512,37917,74.056641
12964,512,38666,75.519531
12965,512,36125,70.556641
12966,512,39000,76.171875
12967,512,37875,73.974609
12968,512,37459,73.162109
12969,512,36084,70.476562
12970,512,38709,75.603516
12971,512,37583,73.404297
12972,512,38000,74.218750
12973,512,36583,71.451172
12974,512,38500,75.195312
12975,512,36667,71.615234
12976,512,38042,74.300781
12977,512,40833,79.751953
12978,512,39375,76.904297
12979,512,41958,81.949219
12980,512,44792,87.484375
12981,512,39125,76.416016
12982,512,40042,78.207031
12983,512,37625,73.486328
12984,512,37833,73.892578
12985,512,37458,73.160156
12986,512,39750,77.636719
12987,512,39333,76.822266
12988,512,36542,71.371094
12989,512,37875,73.974609
12990,512,38542,75.277344
12991,512,37000,72.265625
12992,512,38000,74.218750
12993,512,37708,73.648438
12994,512,37708,73.648438
12995,512,38708,75.601562
12996,512,37875,73.974609
12997,512,38083,74.380859
12998,512,38208,74.625000
12999,512,40417,78.939453
13000,512,37750,73.730469
13001,512,37875,73.974609
13002,512,39958,78.042969
13003,512,38917,76.009766
13004,512,38167,74.544922
13005,512,38459,75.115234
13006,512,37584,73.406250
13007,512,40166,78.449219
13008,512,36000,70.312500
13009,512,36875,72.021484
13010,512,38250,74.707031
13011,512,37875,73.974609
13012,512,38167,74.544922
13013,512,38000,74.218750
13014,512,39583,77.310547
13015,512,37583,73.404297
13016,512,37250,72.753906
13017,512,37167,72.591797
13018,512,37708,73.648438
13019,512,36208,70.718750
13020,512,36917,72.103516
13021,512,36125,70.556641
13022,512,38791,75.763672
13023,512,39875,77.880859
13024,512,36959,72.185547
13025,512,37917,74.056641
13026,512,39542,77.230469
13027,512,37000,72.265625
13028,512,34583,67.544922
13029,512,36250,70.800781
13030,512,35750,69.824219
13031,512,38708,75.601562
13032,512,38292,74.789062
13033,512,39167,76.498047
13034,512,39125,76.416016
13035,512,40958,79.996094
13036,512,42208,82.437500
13037,512,47000,91.796875
13038,512,43417,84.798828
13039,512,39625,77.392578
13040,512,36542,71.371094
13041,512,37708,73.648438
13042,512,37333,72.916016
13043,512,37334,72.917969
13044,512,36125,70.556641
13045,512,38916,76.007812
13046,512,38000,74.218750
13047,512,40500,79.101562
13048,512,39291,76.740234
13049,512,39750,77.636719
13050,512,37167,72.591797
13051,512,37292,72.835938
13052,512,38041,74.298828
13053,512,37500,73.242188
13054,512,38542,75.277344
13055,512,39959,78.044922
13056,512,38083,74.380859
13057,512,37583,73.404297
13058,512,38125,74.462891
13059,512,42417,82.845703
13060,512,37875,73.974609
13061,512,38792,75.765625
13062,512,37292,72.835938
13063,512,37208,72.671875
13064,512,39250,76.660156
13065,512,36708,71.695312
13066,512,39542,77.230469
13067,512,39208,76.578125
13068,512,37208,72.671875
13069,512,36875,72.021484
13070,512,38333,74.869141
13071,512,38334,74.871094
13072,512,37875,73.974609
13073,512,36167,70.638672
13074,512,37250,72.753906
13075,512,38583,75.357422
13076,512,38708,75.601562
13077,512,37542,73.324219
13078,512,37666,73.566406
13079,512,38625,75.439453
13080,512,37125,72.509766
13081,512,41250,80.566406
13082,512,38708,75.601562
13083,512,39292,76.742188
13084,512,37167,72.591797
13085,512,37459,73.162109
13086,512,37459,73.162109
13087,512,38375,74.951172
13088,512,39917,77.962891
13089,512,38041,74.298828
13090,512,37459,73.162109
13091,512,38834,75.847656
13092,512,36708,71.695312
13093,512,40125,78.369141
13094,512,36750,71.777344
13095,512,37625,73.486328
13096,512,37458,73.160156
13097,512,36959,72.185547
13098,512,37541,73.322266
13099,512,37500,73.242188
13100,512,38084,74.382812
13101,512,40125,78.369141
13102,512,37666,73.566406
13103,512,40250,78.613281
13104,512,36917,72.103516
13105,512,36083,70.474609
13106,512,37333,72.916016
13107,512,38250,74.707031
13108,512,39084,76.335938
13109,512,37250,72.753906
13110,512,36500,71.289062
13111,512,37750,73.730469
13112,512,37375,72.998047
13113,512,36958,72.183594
13114,512,37208,72.671875
13115,512,37375,72.998047
13116,512,38625,75.439453
13117,512,38541,75.275391
13118,512,35083,68.521484
13119,512,39208,76.578125
13120,512,39125,76.416016
13121,512,36834,71.941406
13122,512,36916,72.101562
13123,512,38584,75.359375
13124,512,38875,75.927734
13125,512,41541,81.134766
13126,512,39542,77.230469
13127,512,37875,73.974609
13128,512,38250,74.707031
13129,512,37459,73.162109
13130,512,38666,75.519531
13131,512,38458,75.113281
13132,512,42042,82.113281
13133,512,38333,74.869141
13134,512,38750,75.683594
13135,512,39333,76.822266
13136,512,38958,76.089844
13137,512,38417,75.033203
13138,512,39375,76.904297
13139,512,39500,77.148438
13140,512,38167,74.544922
13141,512,37458,73.160156
13142,512,39250,76.660156
13143,512,39083,76.333984
13144,512,38917,76.009766
13145,512,38541,75.275391
13146,512,38209,74.626953
13147,512,37875,73.974609
13148,512,38459,75.115234
13149,512,38666,75.519531
13150,512,36167,70.638672
13151,512,37583,73.404297
13152,512,39875,77.880859
13153,512,38625,75.439453
13154,512,38458,75.113281
13155,512,39167,76.498047
13156,512,35584,69.500000
13157,512,38167,74.544922
13158,512,39666,77.472656
13159,512,38000,74.218750
13160,512,35958,70.230469
13161,512,37625,73.486328
13162,512,37958,74.136719
13163,512,36792,71.859375
13164,512,37500,73.242188
13165,512,40875,79.833984
13166,512,40250,78.613281
13167,512,37875,73.974609
13168,512,37708,73.648438
13169,512,35250,68.847656
13170,512,39625,77.392578
13171,512,37625,73.486328
13172,512,36000,70.312500
13173,512,36834,71.941406
13174,512,37625,73.486328
13175,512,41083,80.240234
13176,512,37792,73.812500
13177,512,37666,73.566406
13178,512,38084,74.382812
13179,512,38875,75.927734
13180,512,36459,71.208984
13181,512,37625,73.486328
13182,512,39292,76.742188
13183,512,37666,73.566406
13184,512,40375,78.857422
13185,512,37959,74.138672
13186,512,40750,79.589844
13187,512,44000,85.937500
13188,512,37959,74.138672
13189,512,38750,75.683594
13190,512,37792,73.812500
13191,512,39292,76.742188
13192,512,38083,74.380859
13193,512,44292,86.507812
13194,512,41625,81.298828
13195,512,39500,77.148438
13196,512,39584,77.312500
13197,512,38500,75.195312
13198,512,37667,73.568359
13199,512,38084,74.382812
13200,512,39542,77.230469
13201,512,38083,74.380859
13202,512,38750,75.683594
13203,512,36917,72.103516
13204,512,36458,71.207031
13205,512,36833,71.939453
13206,512,39792,77.718750
13207,512,37500,73.242188
13208,512,38333,74.869141
13209,512,37958,74.136719
13210,512,38542,75.277344
13211,512,37333,72.916016
13212,512,45167,88.216797
13213,512,40208,78.531250
13214,512,38208,74.625000
13215,512,40166,78.449219
13216,512,40334,78.777344
13217,512,37583,73.404297
13218,512,37000,72.265625
13219,512,35916,70.148438
13220,512,37125,72.509766
13221,512,38292,74.789062
13222,512,39250,76.660156
13223,512,38542,75.277344
13224,512,37000,72.265625
13225,512,37625,73.486328
13226,512,39334,76.824219
13227,512,35459,69.255859
13228,512,38541,75.275391
13229,512,40333,78.775391
13230,512,37834,73.894531
13231,512,36625,71.533203
13232,512,38667,75.521484
13233,512,35916,70.148438
13234,512,38625,75.439453
13235,512,38542,75.277344
13236,512,36625,71.533203
13237,512,39125,76.416016
13238,512,39709,77.556641
13239,512,37500,73.242188
13240,512,37667,73.568359
13241,512,37250,72.753906
13242,512,38209,74.626953
13243,512,38791,75.763672
13244,512,38042,74.300781
13245,512,39250,76.660156
13246,512,38500,75.195312
13247,512,37500,73.242188
13248,512,40041,78.205078
13249,512,41959,81.951172
13250,512,40541,79.181641
13251,512,39375,76.904297
13252,512,42875,83.740234
13253,512,47250,92.285156
13254,512,49458,96.597656
13255,512,38792,75.765625
13256,512,38958,76.089844
13257,512,40917,79.916016
13258,512,37791,73.810547
13259,512,39292,76.742188
13260,512,38833,75.845703
13261,512,36917,72.103516
13262,512,37083,72.427734
13263,512,39958,78.042969
13264,512,38125,74.462891
13265,512,37959,74.138672
13266,512,37916,74.054688
13267,512,37875,73.974609
13268,512,38667,75.521484
13269,512,38291,74.787109
13270,512,37833,73.892578
13271,512,37667,73.568359
13272,512,39208,76.578125
13273,512,37667,73.568359
13274,512,38834,75.847656
13275,512,35834,69.988281
13276,512,37000,72.265625
13277,512,40583,79.263672
13278,512,37416,73.078125
13279,512,38167,74.544922
13280,512,40291,78.693359
13281,512,38917,76.009766
13282,512,37417,73.080078
13283,512,36916,72.101562
13284,512,38167,74.544922
13285,512,37666,73.566406
13286,512,37750,73.730469
13287,512,39667,77.474609
13288,512,37625,73.486328
13289,512,39208,76.578125
13290,512,39084,76.335938
13291,512,39667,77.474609
13292,512,37958,74.136719
13293,512,38375,74.951172
13294,512,38125,74.462891
13295,512,38084,74.382812
13296,512,41000,80.078125
13297,512,39583,77.310547
13298,512,37458,73.160156
13299,512,37125,72.509766
13300,512,37250,72.753906
13301,512,36459,71.208984
13302,512,36833,71.939453
13303,512,36083,70.474609
13304,512,34791,67.951172
13305,512,38292,74.789062
13306,512,37750,73.730469
13307,512,37084,72.429688
13308,512,39375,76.904297
13309,512,39959,78.044922
13310,512,37166,72.589844
13311,512,38167,74.544922
13312,512,40417,78.939453
13313,512,36750,71.777344
13314,512,37083,72.427734
13315,512,36833,71.939453
13316,512,38667,75.521484
13317,512,39166,76.496094
13318,512,37542,73.324219
13319,512,37583,73.404297
13320,512,37958,74.136719
13321,512,37167,72.591797
13322,512,37625,73.486328
13323,512,41167,80.404297
13324,512,38000,74.218750
13325,512,38833,75.845703
13326,512,38292,74.789062
13327,512,37583,73.404297
13328,512,36917,72.103516
13329,512,37583,73.404297
13330,512,38833,75.845703
13331,512,37958,74.136719
13332,512,41792,81.625000
13333,512,49542,96.761719
13334,512,38792,75.765625
13335,512,38000,74.218750
13336,512,39875,77.880859
13337,512,38000,74.218750
13338,512,38250,74.707031
13339,512,38458,75.113281
13340,512,38000,74.218750
13341,512,40375,78.857422
13342,512,37625,73.486328
13343,512,38541,75.275391
13344,512,39625,77.392578
13345,512,37583,73.404297
13346,512,39667,77.474609
13347,512,38500,75.195312
13348,512,38125,74.462891
13349,512,40042,78.207031
13350,512,38625,75.439453
13351,512,37458,73.160156
13352,512,38125,74.462891
13353,512,38625,75.439453
13354,512,39000,76.171875
13355,512,37750,73.730469
13356,512,38958,76.089844
13357,512,39084,76.335938
13358,512,36416,71.125000
13359,512,37417,73.080078
13360,512,37333,72.916016
13361,512,37458,73.160156
13362,512,38167,74.544922
13363,512,36750,71.777344
13364,512,37916,74.054688
13365,512,36750,71.777344
13366,512,36834,71.941406
13367,512,36334,70.964844
13368,512,37541,73.322266
13369,512,40042,78.207031
13370,512,37416,73.078125
13371,512,36833,71.939453
13372,512,37417,73.080078
13373,512,38750,75.683594
13374,512,37250,72.753906
13375,512,37708,73.648438
13376,512,41334,80.730469
13377,512,38791,75.763672
13378,512,40000,78.125000
13379,512,39250,76.660156
13380,512,36792,71.859375
13381,512,37916,74.054688
13382,512,37708,73.648438
13383,512,38834,75.847656
13384,512,38209,74.626953
13385,512,36750,71.777344
13386,512,39167,76.498047
13387,512,38292,74.789062
13388,512,39500,77.148438
13389,512,38416,75.031250
13390,512,38000,74.218750
13391,512,37625,73.486328
13392,512,38292,74.789062
13393,512,37208,72.671875
13394,512,39833,77.798828
13395,512,39209,76.580078
13396,512,37125,72.509766
13397,512,38333,74.869141
13398,512,37583,73.404297
13399,512,36667,71.615234
13400,512,37167,72.591797
13401,512,37500,73.242188
13402,512,37959,74.138672
13403,512,37250,72.753906
13404,512,38959,76.091797
13405,512,38750,75.683594
13406,512,39708,77.554688
13407,512,39750,77.636719
13408,512,38041,74.298828
13409,512,37750,73.730469
13410,512,38167,74.544922
13411,512,37375,72.998047
13412,512,41625,81.298828
13413,512,36875,72.021484
13414,512,40083,78.287109
13415,512,39875,77.880859
13416,512,38542,75.277344
13417,512,37583,73.404297
13418,512,39375,76.904297
13419,512,39375,76.904297
13420,512,39916,77.960938
13421,512,41334,80.730469
13422,512,37875,73.974609
13423,512,38125,74.462891
13424,512,38667,75.521484
13425,512,38875,75.927734
13426,512,38500,75.195312
13427,512,38625,75.439453
13428,512,38083,74.380859
13429,512,36875,72.021484
13430,512,37959,74.138672
13431,512,38875,75.927734
13432,512,37583,73.404297
13433,512,40375,78.857422
13434,512,41083,80.240234
13435,512,39500,77.148438
13436,512,37750,73.730469
13437,512,38416,75.031250
13438,512,38625,75.439453
13439,512,38458,75.113281
13440,512,38417,75.033203
13441,512,38375,74.951172
13442,512,37875,73.974609
13443,512,37667,73.568359
13444,512,39291,76.740234
13445,512,36792,71.859375
13446,512,37708,73.648438
13447,512,38958,76.089844
13448,512,36208,70.718750
13449,512,36417,71.126953
13450,512,38125,74.462891
13451,512,41166,80.402344
13452,512,38000,74.218750
13453,512,39417,76.986328
13454,512,36875,72.021484
13455,512,37208,72.671875
13456,512,37708,73.648438
13457,512,36875,72.021484
13458,512,38958,76.089844
13459,512,39208,76.578125
13460,512,39000,76.171875
13461,512,37667,73.568359
13462,512,39583,77.310547
13463,512,39375,76.904297
13464,512,39333,76.822266
13465,512,37833,73.892578
13466,512,37917,74.056641
13467,512,38083,74.380859
13468,512,42167,82.357422
13469,512,42958,83.902344
13470,512,48541,94.806641
13471,512,43125,84.228516
13472,512,38917,76.009766
13473,512,37833,73.892578
13474,512,37458,73.160156
13475,512,37459,73.162109
13476,512,37708,73.648438
13477,512,38875,75.927734
13478,512,37791,73.810547
13479,512,39250,76.660156
13480,512,38375,74.951172
13481,512,36000,70.312500
13482,512,38542,75.277344
13483,512,35666,69.660156
13484,512,39167,76.498047
13485,512,36833,71.939453
13486,512,40625,79.345703
13487,512,38292,74.789062
13488,512,40375,78.857422
13489,512,36417,71.126953
13490,512,39291,76.740234
13491,512,37875,73.974609
13492,512,40958,79.996094
13493,512,37250,72.753906
13494,512,39041,76.251953
13495,512,39375,76.904297
13496,512,38333,74.869141
13497,512,38917,76.009766
13498,512,37375,72.998047
13499,512,38084,74.382812
13500,512,38958,76.089844
13501,512,36291,70.880859
13502,512,38584,75.359375
13503,512,38750,75.683594
13504,512,38334,74.871094
13505,512,38875,75.927734
13506,512,39583,77.310547
13507,512,39542,77.230469
13508,512,36625,71.533203
13509,512,36667,71.615234
13510,512,37375,72.998047
13511,512,37792,73.812500
13512,512,39209,76.580078
13513,512,38791,75.763672
13514,512,38750,75.683594
13515,512,37792,73.812500
13516,512,48125,93.994141
13517,512,37000,72.265625
13518,512,38125,74.462891
13519,512,41666,81.378906
13520,512,39334,76.824219
13521,512,37959,74.138672
13522,512,37250,72.753906
13523,512,36625,71.533203
13524,512,38458,75.113281
13525,512,39167,76.498047
13526,512,37625,73.486328
13527,512,37333,72.916016
13528,512,39084,76.335938
13529,512,37334,72.917969
13530,512,37209,72.673828
13531,512,39292,76.742188
13532,512,40458,79.019531
13533,512,37917,74.056641
13534,512,37166,72.589844
13535,512,41167,80.404297
13536,512,36667,71.615234
13537,512,36541,71.369141
13538,512,38709,75.603516
13539,512,38291,74.787109
13540,512,37875,73.974609
13541,512,39834,77.800781
13542,512,39667,77.474609
13543,512,37958,74.136719
13544,512,39500,77.148438
13545,512,38959,76.091797
13546,512,41084,80.242188
13547,512,40000,78.125000
13548,512,40083,78.287109
13549,512,39042,76.253906
13550,512,42625,83.251953
13551,512,38167,74.544922
13552,512,40000,78.125000
13553,512,38834,75.847656
13554,512,37167,72.591797
13555,512,36833,71.939453
13556,512,37834,73.894531
13557,512,37208,72.671875
13558,512,38083,74.380859
13559,512,38917,76.009766
13560,512,52125,101.806641
13561,512,37625,73.486328
13562,512,41416,80.890625
13563,512,39667,77.474609
13564,512,37625,73.486328
13565,512,41834,81.707031
13566,512,39667,77.474609
13567,512,38583,75.357422
13568,512,39750,77.636719
13569,512,38792,75.765625
13570,512,39708,77.554688
13571,512,37083,72.427734
13572,512,38583,75.357422
13573,512,38000,74.218750
13574,512,39375,76.904297
13575,512,37583,73.404297
13576,512,37000,72.265625
13577,512,40416,78.937500
13578,512,40208,78.531250
13579,512,36334,70.964844
13580,512,38000,74.218750
13581,512,39083,76.333984
13582,512,38916,76.007812
13583,512,39542,77.230469
13584,512,37291,72.833984
13585,512,39292,76.742188
13586,512,38500,75.195312
13587,512,38917,76.009766
13588,512,36958,72.183594
13589,512,38834,75.847656
13590,512,39000,76.171875
13591,512,38208,74.625000
13592,512,39792,77.718750
13593,512,39500,77.148438
13594,512,38167,74.544922
13595,512,38417,75.033203
13596,512,38167,74.544922
13597,512,39541,77.228516
13598,512,37375,72.998047
13599,512,39375,76.904297
13600,512,37250,72.753906
13601,512,38416,75.031250
13602,512,37250,72.753906
13603,512,37583,73.404297
13604,512,37459,73.162109
13605,512,39709,77.556641
13606,512,40875,79.833984
13607,512,38333,74.869141
13608,512,35083,68.521484
13609,512,37833,73.892578
13610,512,39709,77.556641
13611,512,37500,73.242188
13612,512,38375,74.951172
13613,512,39042,76.253906
13614,512,37292,72.835938
13615,512,37541,73.322266
13616,512,36542,71.371094
13617,512,39000,76.171875
13618,512,36917,72.103516
13619,512,37458,73.160156
13620,512,38333,74.869141
13621,512,37916,74.054688
13622,512,38000,74.218750
13623,512,37667,73.568359
13624,512,36959,72.185547
13625,512,36667,71.615234
13626,512,36875,72.021484
13627,512,38583,75.357422
13628,512,37375,72.998047
13629,512,38334,74.871094
13630,512,39166,76.496094
13631,512,38459,75.115234
13632,512,36708,71.695312
13633,512,38000,74.218750
13634,512,39375,76.904297
13635,512,38292,74.789062
13636,512,39583,77.310547
13637,512,37166,72.589844
13638,512,38625,75.439453
13639,512,37500,73.242188
13640,512,36125,70.556641
13641,512,36708,71.695312
13642,512,39125,76.416016
13643,512,39042,76.253906
13644,512,37666,73.566406
13645,512,37083,72.427734
13646,512,38542,75.277344
13647,512,37417,73.080078
13648,512,38833,75.845703
13649,512,38500,75.195312
13650,512,38125,74.462891
13651,512,38041,74.298828
13652,512,37459,73.162109
13653,512,37166,72.589844
13654,512,38417,75.033203
13655,512,40916,79.914062
13656,512,38084,74.382812
13657,512,37875,73.974609
13658,512,39000,76.171875
13659,512,39834,77.800781
13660,512,38833,75.845703
13661,512,36625,71.533203
13662,512,38583,75.357422
13663,512,37708,73.648438
13664,512,38500,75.195312
13665,512,37208,72.671875
13666,512,36792,71.859375
13667,512,36750,71.777344
13668,512,38084,74.382812
13669,512,39833,77.798828
13670,512,38375,74.951172
13671,512,46041,89.923828
13672,512,37125,72.509766
13673,512,37292,72.835938
13674,512,38417,75.033203
13675,512,35583,69.498047
13676,512,44000,85.937500
13677,512,37417,73.080078
13678,512,37458,73.160156
13679,512,37167,72.591797
13680,512,38958,76.089844
13681,512,37792,73.812500
13682,512,37125,72.509766
13683,512,37791,73.810547
13684,512,44333,86.587891
13685,512,42500,83.007812
13686,512,46458,90.738281
13687,512,40458,79.019531
13688,512,40709,79.509766
13689,512,36500,71.289062
13690,512,36750,71.777344
13691,512,38708,75.601562
13692,512,38666,75.519531
13693,512,38125,74.462891
13694,512,36083,70.474609
13695,512,39458,77.066406
13696,512,37167,72.591797
13697,512,37875,73.974609
13698,512,37209,72.673828
13699,512,37166,72.589844
13700,512,37167,72.591797
13701,512,40875,79.833984
13702,512,35375,69.091797
13703,512,40875,79.833984
13704,512,36959,72.185547
13705,512,38791,75.763672
13706,512,39125,76.416016
13707,512,40125,78.369141
13708,512,38375,74.951172
13709,512,38000,74.218750
13710,512,38666,75.519531
13711,512,38458,75.113281
13712,512,46792,91.390625
13713,512,40042,78.207031
13714,512,40333,78.775391
13715,512,37500,73.242188
13716,512,39042,76.253906
13717,512,38250,74.707031
13718,512,38625,75.439453
13719,512,38500,75.195312
13720,512,41708,81.460938
13721,512,35958,70.230469
13722,512,39750,77.636719
13723,512,38833,75.845703
13724,512,39875,77.880859
13725,512,36958,72.183594
13726,512,39375,76.904297
13727,512,36833,71.939453
13728,512,37334,72.917969
13729,512,38292,74.789062
13730,512,38042,74.300781
13731,512,40041,78.205078
13732,512,39917,77.962891
13733,512,39375,76.904297
13734,512,37250,72.753906
13735,512,36916,72.101562
13736,512,36334,70.964844
13737,512,36542,71.371094
13738,512,39375,76.904297
13739,512,36834,71.941406
13740,512,42375,82.763672
13741,512,38041,74.298828
13742,512,39542,77.230469
13743,512,38042,74.300781
13744,512,39875,77.880859
13745,512,38333,74.869141
13746,512,37416,73.078125
13747,512,36417,71.126953
13748,512,37959,74.138672
13749,512,39000,76.171875
13750,512,37167,72.591797
13751,512,37042,72.347656
13752,512,37417,73.080078
13753,512,41833,81.705078
13754,512,37875,73.974609
13755,512,38708,75.601562
13756,512,38084,74.382812
13757,512,36750,71.777344
13758,512,40708,79.507812
13759,512,39417,76.986328
13760,512,38167,74.544922
13761,512,37375,72.998047
13762,512,36125,70.556641
13763,512,40000,78.125000
13764,512,41083,80.240234
13765,512,38250,74.707031
13766,512,37375,72.998047
13767,512,38916,76.007812
13768,512,37375,72.998047
13769,512,37750,73.730469
13770,512,40917,79.916016
13771,512,39208,76.578125
13772,512,42459,82.927734
13773,512,36791,71.857422
13774,512,38375,74.951172
13775,512,39666,77.472656
13776,512,38875,75.927734
13777,512,37625,73.486328
13778,512,38292,74.789062
13779,512,37583,73.404297
13780,512,38333,74.869141
13781,512,35250,68.847656
13782,512,38416,75.031250
13783,512,40000,78.125000
13784,512,37458,73.160156
13785,512,36584,71.453125
13786,512,37042,72.347656
13787,512,38208,74.625000
13788,512,38167,74.544922
13789,512,38833,75.845703
13790,512,40333,78.775391
13791,512,42792,83.578125
13792,512,37625,73.486328
13793,512,37459,73.162109
13794,512,40541,79.181641
13795,512,37125,72.509766
13796,512,38375,74.951172
13797,512,39542,77.230469
13798,512,39125,76.416016
13799,512,38333,74.869141
13800,512,38542,75.277344
13801,512,42042,82.113281
13802,512,41417,80.892578
13803,512,40500,79.101562
13804,512,39583,77.310547
13805,512,41167,80.404297
13806,512,40333,78.775391
13807,512,39292,76.742188
13808,512,39083,76.333984
13809,512,38917,76.009766
13810,512,38167,74.544922
13811,512,40416,78.937500
13812,512,42209,82.439453
13813,512,43000,83.984375
13814,512,39209,76.580078
13815,512,44500,86.914062
13816,512,44500,86.914062
13817,512,44209,86.345703
13818,512,42916,83.820312
13819,512,121917,238.119141
13820,512,56541,110.431641
13821,512,52083,101.724609
13822,512,43542,85.042969
13823,512,40875,79.833984
13824,512,42375,82.763672
13825,512,40000,78.125000
13826,512,44667,87.240234
13827,512,38917,76.009766
13828,512,41792,81.625000
13829,512,44209,86.345703
13830,512,38625,75.439453
13831,512,36000,70.312500
13832,512,49041,95.783203
13833,512,48375,94.482422
13834,512,38917,76.009766
13835,512,37625,73.486328
13836,512,38833,75.845703
13837,512,39375,76.904297
13838,512,50167,97.982422
13839,512,39583,77.310547
13840,512,39583,77.310547
13841,512,36042,70.394531
13842,512,41500,81.054688
13843,512,36833,71.939453
13844,512,45625,89.111328
13845,512,39750,77.636719
13846,512,41958,81.949219
13847,512,39167,76.498047
13848,512,43000,83.984375
13849,512,52917,103.353516
13850,512,41042,80.160156
13851,512,37334,72.917969
13852,512,36166,70.636719
13853,512,42875,83.740234
13854,512,51458,100.503906
13855,512,47834,93.425781
13856,512,50417,98.470703
13857,512,53000,103.515625
13858,512,52458,102.457031
13859,512,45292,88.460938
13860,512,37250,72.753906
13861,512,35667,69.662109
13862,512,35875,70.068359
13863,512,36458,71.207031
13864,512,35083,68.521484
13865,512,36042,70.394531
13866,512,35833,69.986328
13867,512,37208,72.671875
13868,512,36000,70.312500
13869,512,37208,72.671875
13870,512,36916,72.101562
13871,512,36334,70.964844
13872,512,35333,69.009766
13873,512,36833,71.939453
13874,512,35125,68.603516
13875,512,35292,68.929688
13876,512,36166,70.636719
13877,512,34875,68.115234
13878,512,35375,69.091797
13879,512,36000,70.312500
13880,512,34625,67.626953
13881,512,35792,69.906250
13882,512,35875,70.068359
13883,512,35584,69.500000
13884,512,35666,69.660156
13885,512,37542,73.324219
13886,512,36333,70.962891
13887,512,35042,68.441406
13888,512,37709,73.650391
13889,512,36666,71.613281
13890,512,34417,67.220703
13891,512,36500,71.289062
13892,512,36458,71.207031
13893,512,34667,67.708984
13894,512,35291,68.927734
13895,512,37958,74.136719
13896,512,46792,91.390625
13897,512,47458,92.691406
13898,512,40625,79.345703
13899,512,38958,76.089844
13900,512,36375,71.044922
13901,512,37417,73.080078
13902,512,35417,69.173828
13903,512,35166,68.683594
13904,512,37667,73.568359
13905,512,35792,69.906250
13906,512,46250,90.332031
13907,512,47625,93.017578
13908,512,40750,79.589844
13909,512,40458,79.019531
13910,512,45792,89.437500
13911,512,37833,73.892578
13912,512,41417,80.892578
13913,512,48500,94.726562
13914,512,48000,93.750000
13915,512,47333,92.447266
13916,512,38208,74.625000
13917,512,36667,71.615234
13918,512,34333,67.056641
13919,512,39500,77.148438
13920,512,35500,69.335938
13921,512,38375,74.951172
13922,512,48083,93.912109
13923,512,48417,94.564453
13924,512,47791,93.341797
13925,512,47959,93.669922
13926,512,80875,157.958984
13927,512,54000,105.468750
13928,512,43458,84.878906
13929,512,39458,77.066406
13930,512,41417,80.892578
13931,512,54875,107.177734
13932,512,41083,80.240234
13933,512,41292,80.648438
13934,512,40125,78.369141
13935,512,37833,73.892578
13936,512,37708,73.648438
13937,512,39958,78.042969
13938,512,39333,76.822266
13939,512,38167,74.544922
13940,512,45250,88.378906
13941,512,40208,78.531250
13942,512,42542,83.089844
13943,512,40125,78.369141
13944,512,41334,80.730469
13945,512,40875,79.833984
13946,512,39666,77.472656
13947,512,41708,81.460938
13948,512,41292,80.648438
13949,512,41291,80.646484
13950,512,40834,79.753906
13951,512,39500,77.148438
13952,512,36542,71.371094
13953,512,37458,73.160156
13954,512,36917,72.103516
13955,512,41208,80.484375
13956,512,38625,75.439453
13957,512,45292,88.460938
13958,512,42333,82.681641
13959,512,37083,72.427734
13960,512,39000,76.171875
13961,512,46500,90.820312
13962,512,51916,101.398438
13963,512,49375,96.435547
13964,512,46667,91.146484
13965,512,48375,94.482422
13966,512,45000,87.890625
13967,512,39417,76.986328
13968,512,40167,78.451172
13969,512,41667,81.380859
13970,512,48875,95.458984
13971,512,44500,86.914062
13972,512,47333,92.447266
13973,512,47708,93.179688
13974,512,38333,74.869141
13975,512,35792,69.906250
13976,512,42583,83.169922
13977,512,44875,87.646484
13978,512,52958,103.433594
13979,512,46500,90.820312
13980,512,45458,88.785156
13981,512,44959,87.810547
13982,512,45125,88.134766
13983,512,39167,76.498047
13984,512,45917,89.681641
13985,512,48166,94.074219
13986,512,48875,95.458984
13987,512,50542,98.714844
13988,512,53542,104.574219
13989,512,47750,93.261719
13990,512,51458,100.503906
13991,512,48625,94.970703
13992,512,43834,85.613281
13993,512,48000,93.750000
13994,512,49208,96.109375
13995,512,49209,96.111328
13996,512,46542,90.902344
13997,512,47166,92.121094
13998,512,46125,90.087891
13999,512,47917,93.587891
14000,512,48500,94.726562
14001,512,47500,92.773438
14002,512,51292,100.179688
14003,512,43709,85.369141
14004,512,44791,87.482422
14005,512,45583,89.029297
14006,512,50167,97.982422
14007,512,43667,85.287109
14008,512,47667,93.099609
14009,512,47875,93.505859
14010,512,46625,91.064453
14011,512,47166,92.121094
14012,512,44334,86.589844
14013,512,45916,89.679688
14014,512,50708,99.039062
14015,512,44334,86.589844
14016,512,38500,75.195312
14017,512,35042,68.441406
14018,512,37750,73.730469
14019,512,37958,74.136719
14020,512,37167,72.591797
14021,512,35375,69.091797
14022,512,36583,71.451172
14023,512,36250,70.800781
14024,512,35708,69.742188
14025,512,36250,70.800781
14026,512,35042,68.441406
14027,512,32875,64.208984
14028,512,34084,66.570312
14029,512,35667,69.662109
14030,512,35583,69.498047
14031,512,33959,66.326172
14032,512,35750,69.824219
14033,512,35250,68.847656
14034,512,35292,68.929688
14035,512,34500,67.382812
14036,512,34625,67.626953
14037,512,34250,66.894531
14038,512,33416,65.265625
14039,512,34209,66.814453
14040,512,35458,69.253906
14041,512,35833,69.986328
14042,512,33500,65.429688
14043,512,32875,64.208984
14044,512,34375,67.138672
14045,512,35791,69.904297
14046,512,34333,67.056641
14047,512,34250,66.894531
14048,512,34458,67.300781
14049,512,33708,65.835938
14050,512,35208,68.765625
14051,512,34333,67.056641
14052,512,35000,68.359375
14053,512,33709,65.837891
14054,512,33875,66.162109
14055,512,34375,67.138672
14056,512,34917,68.197266
14057,512,34250,66.894531
14058,512,33500,65.429688
14059,512,34500,67.382812
14060,512,34417,67.220703
14061,512,33209,64.861328
14062,512,92792,181.234375
14063,512,38167,74.544922
14064,512,39500,77.148438
14065,512,39083,76.333984
14066,512,38917,76.009766
14067,512,39958,78.042969
14068,512,48416,94.562500
14069,512,40209,78.533203
14070,512,41250,80.566406
14071,512,44709,87.322266
14072,512,45000,87.890625
14073,512,107000,208.984375
14074,512,68583,133.951172
14075,512,38208,74.625000
14076,512,34667,67.708984
14077,512,38542,75.277344
14078,512,42958,83.902344
14079,512,33833,66.080078
14080,512,35500,69.335938
14081,512,33875,66.162109
14082,512,39792,77.718750
14083,512,39208,76.578125
14084,512,44375,86.669922
14085,512,40375,78.857422
14086,512,41000,80.078125
14087,512,35875,70.068359
14088,512,34834,68.035156
14089,512,34083,66.568359
14090,512,37583,73.404297
14091,512,34958,68.277344
14092,512,34458,67.300781
14093,512,36333,70.962891
14094,512,34917,68.197266
14095,512,34250,66.894531
14096,512,42625,83.251953
14097,512,47167,92.123047
14098,512,43833,85.611328
14099,512,35375,69.091797
14100,512,37542,73.324219
14101,512,35292,68.929688
14102,512,35083,68.521484
14103,512,38250,74.707031
14104,512,39375,76.904297
14105,512,34125,66.650391
14106,512,45291,88.458984
14107,512,39750,77.636719
14108,512,33500,65.429688
14109,512,33125,64.697266
14110,512,47458,92.691406
14111,512,39958,78.042969
14112,512,44791,87.482422
14113,512,38917,76.009766
14114,512,39750,77.636719
14115,512,39833,77.798828
14116,512,45500,88.867188
14117,512,36792,71.859375
14118,512,33750,65.917969
14119,512,34291,66.974609
14120,512,34584,67.546875
14121,512,34625,67.626953
14122,512,35208,68.765625
14123,512,34667,67.708984
14124,512,35958,70.230469
14125,512,34333,67.056641
14126,512,34042,66.488281
14127,512,35791,69.904297
14128,512,33584,65.593750
14129,512,34167,66.732422
14130,512,33708,65.835938
14131,512,32666,63.800781
14132,512,33292,65.023438
14133,512,33541,65.509766
14134,512,34500,67.382812
14135,512,34875,68.115234
14136,512,34125,66.650391
14137,512,32750,63.964844
14138,512,34708,67.789062
14139,512,34833,68.033203
14140,512,36625,71.533203
14141,512,36208,70.718750
14142,512,43750,85.449219
14143,512,44125,86.181641
14144,512,36917,72.103516
14145,512,39208,76.578125
14146,512,38542,75.277344
14147,512,35875,70.068359
14148,512,42667,83.333984
14149,512,40166,78.449219
14150,512,42625,83.251953
14151,512,46500,90.820312
14152,512,43250,84.472656
14153,512,37958,74.136719
14154,512,39167,76.498047
14155,512,39750,77.636719
14156,512,41292,80.648438
14157,512,43166,84.308594
14158,512,37958,74.136719
14159,512,38042,74.300781
14160,512,39583,77.310547
14161,512,41041,80.158203
14162,512,39709,77.556641
14163,512,37041,72.345703
14164,512,41375,80.810547
14165,512,40833,79.751953
14166,512,35833,69.986328
14167,512,43334,84.636719
14168,512,47375,92.529297
14169,512,39541,77.228516
14170,512,38042,74.300781
14171,512,36958,72.183594
14172,512,38250,74.707031
14173,512,38167,74.544922
14174,512,36291,70.880859
14175,512,39250,76.660156
14176,512,45375,88.623047
14177,512,42791,83.576172
14178,512,37625,73.486328
14179,512,44500,86.914062
14180,512,39500,77.148438
14181,512,39667,77.474609
14182,512,38334,74.871094
14183,512,46875,91.552734
14184,512,39666,77.472656
14185,512,44625,87.158203
14186,512,39542,77.230469
14187,512,46000,89.843750
14188,512,48209,94.158203
14189,512,46791,91.388672
14190,512,45084,88.054688
14191,512,39584,77.312500
14192,512,37709,73.650391
14193,512,36917,72.103516
14194,512,41333,80.728516
14195,512,37625,73.486328
14196,512,37167,72.591797
14197,512,38166,74.542969
14198,512,38042,74.300781
14199,512,41291,80.646484
14200,512,45458,88.785156
14201,512,40333,78.775391
14202,512,40667,79.427734
14203,512,37666,73.566406
14204,512,37500,73.242188
14205,512,40125,78.369141
14206,512,39375,76.904297
14207,512,37750,73.730469
14208,512,38083,74.380859
14209,512,36875,72.021484
14210,512,36875,72.021484
14211,512,38959,76.091797
14212,512,46875,91.552734
14213,512,42542,83.089844
14214,512,42333,82.681641
14215,512,42500,83.007812
14216,512,41166,80.402344
14217,512,40458,79.019531
14218,512,36083,70.474609
14219,512,46667,91.146484
14220,512,43667,85.287109
14221,512,39375,76.904297
14222,512,37625,73.486328
14223,512,36083,70.474609
14224,512,38875,75.927734
14225,512,45583,89.029297
14226,512,41834,81.707031
14227,512,38541,75.275391
14228,512,36792,71.859375
14229,512,37708,73.648438
14230,512,36625,71.533203
14231,512,38791,75.763672
14232,512,41084,80.242188
14233,512,36708,71.695312
14234,512,37666,73.566406
14235,512,36875,72.021484
14236,512,44958,87.808594
14237,512,48583,94.888672
14238,512,48291,94.318359
14239,512,47750,93.261719
14240,512,43916,85.773438
14241,512,44917,87.728516
14242,512,44167,86.263672
14243,512,48333,94.400391
14244,512,43875,85.693359
14245,512,37833,73.892578
14246,512,43333,84.634766
14247,512,40750,79.589844
14248,512,44875,87.646484
14249,512,44208,86.343750
14250,512,42458,82.925781
14251,512,43083,84.146484
14252,512,36250,70.800781
14253,512,38083,74.380859
14254,512,38125,74.462891
14255,512,37125,72.509766
14256,512,36292,70.882812
14257,512,38708,75.601562
14258,512,36042,70.394531
14259,512,36333,70.962891
14260,512,36791,71.857422
14261,512,35584,69.500000
14262,512,37875,73.974609
14263,512,39250,76.660156
14264,512,37584,73.406250
14265,512,37417,73.080078
14266,512,34500,67.382812
14267,512,38666,75.519531
14268,512,37083,72.427734
14269,512,35333,69.009766
14270,512,38792,75.765625
14271,512,37042,72.347656
14272,512,40041,78.205078
14273,512,38334,74.871094
14274,512,35083,68.521484
14275,512,46167,90.169922
14276,512,40708,79.507812
14277,512,36667,71.615234
14278,512,42791,83.576172
14279,512,37459,73.162109
14280,512,47375,92.529297
14281,512,37583,73.404297
14282,512,40083,78.287109
14283,512,37500,73.242188
14284,512,37583,73.404297
14285,512,37250,72.753906
14286,512,37000,72.265625
14287,512,37583,73.404297
14288,512,38000,74.218750
14289,512,35667,69.662109
14290,512,38791,75.763672
14291,512,37084,72.429688
14292,512,36792,71.859375
14293,512,34042,66.488281
14294,512,35709,69.744141
14295,512,37291,72.833984
14296,512,37833,73.892578
14297,512,36500,71.289062
14298,512,37500,73.242188
14299,512,37667,73.568359
14300,512,39041,76.251953
14301,512,36459,71.208984
14302,512,35416,69.171875
14303,512,36834,71.941406
14304,512,35542,69.417969
14305,512,37208,72.671875
14306,512,37917,74.056641
14307,512,38000,74.218750
14308,512,36666,71.613281
14309,512,39042,76.253906
14310,512,35458,69.253906
14311,512,36084,70.476562
14312,512,38041,74.298828
14313,512,38792,75.765625
14314,512,37625,73.486328
14315,512,126083,246.255859
14316,512,45833,89.517578
14317,512,44042,86.019531
14318,512,43833,85.611328
14319,512,42500,83.007812
14320,512,47125,92.041016
14321,512,45209,88.298828
14322,512,49125,95.947266
14323,512,49334,96.355469
14324,512,44416,86.750000
14325,512,50792,99.203125
14326,512,43125,84.228516
14327,512,43666,85.285156
14328,512,46375,90.576172
14329,512,41584,81.218750
14330,512,44125,86.181641
14331,512,44833,87.564453
14332,512,61625,120.361328
14333,512,39708,77.554688
14334,512,39708,77.554688
14335,512,40750,79.589844
14336,512,41417,80.892578
14337,512,38666,75.519531
14338,512,40500,79.101562
14339,512,41875,81.787109
14340,512,42250,82.519531
14341,512,41375,80.810547
14342,512,39208,76.578125
14343,512,40083,78.287109
14344,512,63917,124.837891
14345,512,52833,103.189453
14346,512,42458,82.925781
14347,512,40667,79.427734
14348,512,39750,77.636719
14349,512,41541,81.134766
14350,512,38958,76.089844
14351,512,40334,78.777344
14352,512,60500,118.164062
14353,512,45292,88.460938
14354,512,50333,98.306641
14355,512,48542,94.808594
14356,512,44542,86.996094
14357,512,43417,84.798828
14358,512,42291,82.599609
14359,512,45542,88.949219
14360,512,130750,255.371094
14361,512,46875,91.552734
14362,512,41625,81.298828
14363,512,41208,80.484375
14364,512,36500,71.289062
14365,512,40416,78.937500
14366,512,38459,75.115234
14367,512,44209,86.345703
14368,512,39125,76.416016
14369,512,37875,73.974609
14370,512,37500,73.242188
14371,512,38459,75.115234
14372,512,39500,77.148438
14373,512,38041,74.298828
14374,512,36375,71.044922
14375,512,38917,76.009766
14376,512,35625,69.580078
14377,512,44000,85.937500
14378,512,43708,85.367188
14379,512,42417,82.845703
14380,512,37416,73.078125
14381,512,36459,71.208984
14382,512,39208,76.578125
14383,512,39167,76.498047
14384,512,37333,72.916016
14385,512,37792,73.812500
14386,512,42583,83.169922
14387,512,42417,82.845703
14388,512,38041,74.298828
14389,512,36334,70.964844
14390,512,38958,76.089844
14391,512,44000,85.937500
14392,512,38542,75.277344
14393,512,38167,74.544922
14394,512,36417,71.126953
14395,512,34041,66.486328
14396,512,35875,70.068359
14397,512,35708,69.742188
14398,512,34959,68.279297
14399,512,35500,69.335938
14400,512,35667,69.662109
14401,512,35791,69.904297
14402,512,37542,73.324219
14403,512,36000,70.312500
14404,512,38042,74.300781
14405,512,38000,74.218750
14406,512,35125,68.603516
14407,512,35166,68.683594
14408,512,35084,68.523438
14409,512,36875,72.021484
14410,512,36542,71.371094
14411,512,42667,83.333984
14412,512,45916,89.679688
14413,512,38625,75.439453
14414,512,38125,74.462891
14415,512,34959,68.279297
14416,512,38500,75.195312
14417,512,37292,72.835938
14418,512,36375,71.044922
14419,512,36750,71.777344
14420,512,34959,68.279297
14421,512,35250,68.847656
14422,512,35334,69.011719
14423,512,37458,73.160156
14424,512,34416,67.218750
14425,512,36375,71.044922
14426,512,36917,72.103516
14427,512,35625,69.580078
14428,512,38292,74.789062
14429,512,36333,70.962891
14430,512,34375,67.138672
14431,512,35208,68.765625
14432,512,37417,73.080078
14433,512,35125,68.603516
14434,512,36291,70.880859
14435,512,36375,71.044922
14436,512,37250,72.753906
14437,512,35542,69.417969
14438,512,36125,70.556641
14439,512,36000,70.312500
14440,512,37042,72.347656
14441,512,35167,68.685547
14442,512,35583,69.498047
14443,512,36292,70.882812
14444,512,37291,72.833984
14445,512,35084,68.523438
14446,512,39416,76.984375
14447,512,51209,100.017578
14448,512,39166,76.496094
14449,512,35958,70.230469
14450,512,33500,65.429688
14451,512,35042,68.441406
14452,512,37209,72.673828
14453,512,34791,67.951172
14454,512,36750,71.777344
14455,512,36708,71.695312
14456,512,35500,69.335938
14457,512,35750,69.824219
14458,512,36417,71.126953
14459,512,36958,72.183594
14460,512,37334,72.917969
14461,512,35208,68.765625
14462,512,36833,71.939453
14463,512,35750,69.824219
14464,512,37792,73.812500
14465,512,40666,79.425781
14466,512,37834,73.894531
14467,512,36958,72.183594
14468,512,39333,76.822266
14469,512,38333,74.869141
14470,512,37750,73.730469
14471,512,36375,71.044922
14472,512,39291,76.740234
14473,512,36375,71.044922
14474,512,39834,77.800781
14475,512,39333,76.822266
14476,512,38917,76.009766
14477,512,39375,76.904297
14478,512,37583,73.404297
14479,512,40375,78.857422
14480,512,38583,75.357422
14481,512,36708,71.695312
14482,512,38458,75.113281
14483,512,36458,71.207031
14484,512,37875,73.974609
14485,512,37792,73.812500
14486,512,36791,71.857422
14487,512,37292,72.835938
14488,512,38625,75.439453
14489,512,37000,72.265625
14490,512,36417,71.126953
14491,512,42500,83.007812
14492,512,42959,83.904297
14493,512,39458,77.066406
14494,512,36250,70.800781
14495,512,40750,79.589844
14496,512,39709,77.556641
14497,512,36125,70.556641
14498,512,38834,75.847656
14499,512,37375,72.998047
14500,512,37459,73.162109
14501,512,39917,77.962891
14502,512,40375,78.857422
14503,512,39459,77.068359
14504,512,38875,75.927734
14505,512,37959,74.138672
14506,512,39375,76.904297
14507,512,37792,73.812500
14508,512,38500,75.195312
14509,512,38166,74.542969
14510,512,38417,75.033203
14511,512,36791,71.857422
14512,512,39000,76.171875
14513,512,38667,75.521484
14514,512,37708,73.648438
14515,512,37708,73.648438
14516,512,39583,77.310547
14517,512,39542,77.230469
14518,512,39083,76.333984
14519,512,38209,74.626953
14520,512,38292,74.789062
14521,512,38583,75.357422
14522,512,36375,71.044922
14523,512,37375,72.998047
14524,512,37000,72.265625
14525,512,51500,100.585938
14526,512,40292,78.695312
14527,512,38375,74.951172
14528,512,37709,73.650391
14529,512,38083,74.380859
14530,512,37958,74.136719
14531,512,37625,73.486328
14532,512,38000,74.218750
14533,512,37500,73.242188
14534,512,36167,70.638672
14535,512,37083,72.427734
14536,512,38541,75.275391
14537,512,38167,74.544922
14538,512,38000,74.218750
14539,512,49375,96.435547
14540,512,42000,82.031250
14541,512,44875,87.646484
14542,512,36334,70.964844
14543,512,39208,76.578125
14544,512,48375,94.482422
14545,512,37917,74.056641
14546,512,38083,74.380859
14547,512,38416,75.031250
14548,512,38292,74.789062
14549,512,41167,80.404297
14550,512,39834,77.800781
14551,512,40041,78.205078
14552,512,39584,77.312500
14553,512,39042,76.253906
14554,512,37083,72.427734
14555,512,36458,71.207031
14556,512,39584,77.312500
14557,512,38875,75.927734
14558,512,38666,75.519531
14559,512,37459,73.162109
14560,512,37583,73.404297
14561,512,36042,70.394531
14562,512,37125,72.509766
14563,512,38542,75.277344
14564,512,38333,74.869141
14565,512,69750,136.230469
14566,512,44666,87.238281
14567,512,44084,86.101562
14568,512,43250,84.472656
14569,512,41208,80.484375
14570,512,56791,110.919922
14571,512,41417,80.892578
14572,512,48375,94.482422
14573,512,50250,98.144531
14574,512,40667,79.427734
14575,512,40583,79.263672
14576,512,39417,76.986328
14577,512,39250,76.660156
14578,512,39209,76.580078
14579,512,41042,80.160156
14580,512,39042,76.253906
14581,512,38375,74.951172
14582,512,38834,75.847656
14583,512,39709,77.556641
14584,512,38334,74.871094
14585,512,37750,73.730469
14586,512,42542,83.089844
14587,512,40916,79.914062
14588,512,39584,77.312500
14589,512,40958,79.996094
14590,512,38625,75.439453
14591,512,37708,73.648438
14592,512,40875,79.833984
14593,512,42792,83.578125
14594,512,39916,77.960938
14595,512,43167,84.310547
14596,512,38916,76.007812
14597,512,37959,74.138672
14598,512,38542,75.277344
14599,512,38042,74.300781
14600,512,38084,74.382812
14601,512,37875,73.974609
14602,512,40875,79.833984
14603,512,37834,73.894531
14604,512,36250,70.800781
14605,512,44542,86.996094
14606,512,59000,115.234375
14607,512,38375,74.951172
14608,512,39292,76.742188
14609,512,42959,83.904297
14610,512,39833,77.798828
14611,512,39417,76.986328
14612,512,41000,80.078125
14613,512,42083,82.193359
14614,512,41792,81.625000
14615,512,37541,73.322266
14616,512,39458,77.066406
14617,512,38125,74.462891
14618,512,39333,76.822266
14619,512,37500,73.242188
14620,512,37291,72.833984
14621,512,39000,76.171875
14622,512,46625,91.064453
14623,512,40625,79.345703
14624,512,45292,88.460938
14625,512,39834,77.800781
14626,512,38416,75.031250
14627,512,38208,74.625000
14628,512,36917,72.103516
14629,512,37458,73.160156
14630,512,38375,74.951172
14631,512,37708,73.648438
14632,512,37667,73.568359
14633,512,34666,67.707031
14634,512,36542,71.371094
14635,512,37416,73.078125
14636,512,38584,75.359375
14637,512,37709,73.650391
14638,512,37583,73.404297
14639,512,37333,72.916016
14640,512,37250,72.753906
14641,512,38291,74.787109
14642,512,39959,78.044922
14643,512,39166,76.496094
14644,512,37250,72.753906
14645,512,36959,72.185547
14646,512,38000,74.218750
14647,512,43250,84.472656
14648,512,42375,82.763672
14649,512,46833,91.470703
14650,512,38958,76.089844
14651,512,37833,73.892578
14652,512,35000,68.359375
14653,512,38084,74.382812
14654,512,37042,72.347656
14655,512,37333,72.916016
14656,512,35709,69.744141
14657,512,37375,72.998047
14658,512,36667,71.615234
14659,512,38000,74.218750
14660,512,35666,69.660156
14661,512,36750,71.777344
14662,512,36709,71.697266
14663,512,36166,70.636719
14664,512,40834,79.753906
14665,512,37708,73.648438
14666,512,37541,73.322266
14667,512,37875,73.974609
14668,512,35709,69.744141
14669,512,37375,72.998047
14670,512,36792,71.859375
14671,512,36250,70.800781
14672,512,36500,71.289062
14673,512,38500,75.195312
14674,512,36917,72.103516
14675,512,36375,71.044922
14676,512,38458,75.113281
14677,512,37250,72.753906
14678,512,35542,69.417969
14679,512,37083,72.427734
14680,512,37333,72.916016
14681,512,38792,75.765625
14682,512,37958,74.136719
14683,512,34750,67.871094
14684,512,38500,75.195312
14685,512,40583,79.263672
14686,512,42292,82.601562
14687,512,42208,82.437500
14688,512,41500,81.054688
14689,512,40625,79.345703
14690,512,36084,70.476562
14691,512,37541,73.322266
14692,512,36625,71.533203
14693,512,38667,75.521484
14694,512,36708,71.695312
14695,512,36000,70.312500
14696,512,36208,70.718750
14697,512,39834,77.800781
14698,512,40041,78.205078
14699,512,37875,73.974609
14700,512,46375,90.576172
14701,512,36459,71.208984
14702,512,41625,81.298828
14703,512,41792,81.625000
14704,512,42500,83.007812
14705,512,36750,71.777344
14706,512,40084,78.289062
14707,512,39750,77.636719
14708,512,43875,85.693359
14709,512,35875,70.068359
14710,512,35917,70.150391
14711,512,36375,71.044922
14712,512,37375,72.998047
14713,512,38792,75.765625
14714,512,36333,70.962891
14715,512,37666,73.566406
14716,512,37250,72.753906
14717,512,37333,72.916016
14718,512,41417,80.892578
14719,512,37083,72.427734
14720,512,47625,93.017578
14721,512,38583,75.357422
14722,512,50584,98.796875
14723,512,48375,94.482422
14724,512,42667,83.333984
14725,512,42625,83.251953
14726,512,35833,69.986328
14727,512,38833,75.845703
14728,512,42583,83.169922
14729,512,39500,77.148438
14730,512,38084,74.382812
14731,512,36709,71.697266
14732,512,37166,72.589844
14733,512,42000,82.031250
14734,512,40833,79.751953
14735,512,35708,69.742188
14736,512,38459,75.115234
14737,512,37875,73.974609
14738,512,36375,71.044922
14739,512,44291,86.505859
14740,512,48583,94.888672
14741,512,39375,76.904297
14742,512,44084,86.101562
14743,512,38458,75.113281
14744,512,37625,73.486328
14745,512,35666,69.660156
14746,512,38625,75.439453
14747,512,37709,73.650391
14748,512,39209,76.580078
14749,512,44083,86.099609
14750,512,42750,83.496094
14751,512,36750,71.777344
14752,512,38292,74.789062
14753,512,38250,74.707031
14754,512,37958,74.136719
14755,512,37834,73.894531
14756,512,38250,74.707031
14757,512,36041,70.392578
14758,512,34875,68.115234
14759,512,36417,71.126953
14760,512,37958,74.136719
14761,512,37959,74.138672
14762,512,38208,74.625000
14763,512,48000,93.750000
14764,512,37375,72.998047
14765,512,37125,72.509766
14766,512,40250,78.613281
14767,512,36333,70.962891
14768,512,50458,98.550781
14769,512,42084,82.195312
14770,512,36625,71.533203
14771,512,37083,72.427734
14772,512,36792,71.859375
14773,512,35875,70.068359
14774,512,37166,72.589844
14775,512,37750,73.730469
14776,512,38708,75.601562
14777,512,35708,69.742188
14778,512,38042,74.300781
14779,512,40291,78.693359
14780,512,39125,76.416016
14781,512,36750,71.777344
14782,512,36500,71.289062
14783,512,38125,74.462891
14784,512,37166,72.589844
14785,512,36542,71.371094
14786,512,36750,71.777344
14787,512,37167,72.591797
14788,512,37625,73.486328
14789,512,38375,74.951172
14790,512,38125,74.462891
14791,512,38333,74.869141
14792,512,39208,76.578125
14793,512,36125,70.556641
14794,512,37625,73.486328
14795,512,37000,72.265625
14796,512,37166,72.589844
14797,512,36708,71.695312
14798,512,36542,71.371094
14799,512,36708,71.695312
14800,512,34875,68.115234
14801,512,37750,73.730469
14802,512,40375,78.857422
14803,512,35959,70.232422
14804,512,38333,74.869141
14805,512,38792,75.765625
14806,512,38083,74.380859
14807,512,38583,75.357422
14808,512,38208,74.625000
14809,512,35042,68.441406
14810,512,37208,72.671875
14811,512,38416,75.031250
14812,512,38709,75.603516
14813,512,38333,74.869141
14814,512,36208,70.718750
14815,512,34291,66.974609
14816,512,42625,83.251953
14817,512,37000,72.265625
14818,512,37542,73.324219
14819,512,38417,75.033203
14820,512,37125,72.509766
14821,512,50292,98.226562
14822,512,38875,75.927734
14823,512,36250,70.800781
14824,512,38167,74.544922
14825,512,35541,69.416016
14826,512,36542,71.371094
14827,512,37500,73.242188
14828,512,38333,74.869141
14829,512,36250,70.800781
14830,512,37834,73.894531
14831,512,39250,76.660156
14832,512,35958,70.230469
14833,512,38083,74.380859
14834,512,36000,70.312500
14835,512,36333,70.962891
14836,512,38167,74.544922
14837,512,36000,70.312500
14838,512,37625,73.486328
14839,512,37000,72.265625
14840,512,36042,70.394531
14841,512,35541,69.416016
14842,512,36584,71.453125
14843,512,34625,67.626953
14844,512,36459,71.208984
14845,512,34958,68.277344
14846,512,36250,70.800781
14847,512,37083,72.427734
14848,512,36666,71.613281
14849,512,36875,72.021484
14850,512,36750,71.777344
14851,512,36209,70.720703
14852,512,37500,73.242188
14853,512,37084,72.429688
14854,512,37541,73.322266
14855,512,36917,72.103516
14856,512,36875,72.021484
14857,512,34834,68.035156
14858,512,38375,74.951172
14859,512,38375,74.951172
14860,512,36500,71.289062
14861,512,38458,75.113281
14862,512,37792,73.812500
14863,512,37166,72.589844
14864,512,37458,73.160156
14865,512,37417,73.080078
14866,512,38000,74.218750
14867,512,38333,74.869141
14868,512,38500,75.195312
14869,512,36667,71.615234
14870,512,36916,72.101562
14871,512,37167,72.591797
14872,512,40167,78.451172
14873,512,37625,73.486328
14874,512,36625,71.533203
14875,512,36208,70.718750
14876,512,36667,71.615234
14877,512,36167,70.638672
14878,512,36833,71.939453
14879,512,36709,71.697266
14880,512,35750,69.824219
14881,512,36708,71.695312
14882,512,37875,73.974609
14883,512,36416,71.125000
14884,512,36584,71.453125
14885,512,38666,75.519531
14886,512,38250,74.707031
14887,512,39584,77.312500
14888,512,36791,71.857422
14889,512,36125,70.556641
14890,512,36084,70.476562
14891,512,38292,74.789062
14892,512,38083,74.380859
14893,512,37125,72.509766
14894,512,38292,74.789062
14895,512,35500,69.335938
14896,512,38666,75.519531
14897,512,38084,74.382812
14898,512,37458,73.160156
14899,512,36708,71.695312
14900,512,37292,72.835938
14901,512,38958,76.089844
14902,512,37833,73.892578
14903,512,36875,72.021484
14904,512,37125,72.509766
14905,512,38250,74.707031
14906,512,37792,73.812500
14907,512,37875,73.974609
14908,512,37291,72.833984
14909,512,39083,76.333984
14910,512,36292,70.882812
14911,512,37291,72.833984
14912,512,37417,73.080078
14913,512,36375,71.044922
14914,512,36667,71.615234
14915,512,36416,71.125000
14916,512,36083,70.474609
14917,512,37917,74.056641
14918,512,40083,78.287109
14919,512,38292,74.789062
14920,512,35958,70.230469
14921,512,36791,71.857422
14922,512,39042,76.253906
14923,512,37916,74.054688
14924,512,37334,72.917969
14925,512,35333,69.009766
14926,512,38583,75.357422
14927,512,37834,73.894531
14928,512,39250,76.660156
14929,512,35500,69.335938
14930,512,37125,72.509766
14931,512,36542,71.371094
14932,512,37250,72.753906
14933,512,37750,73.730469
14934,512,37625,73.486328
14935,512,37250,72.753906
14936,512,36750,71.777344
14937,512,36291,70.880859
14938,512,36584,71.453125
14939,512,37917,74.056641
14940,512,35667,69.662109
14941,512,36875,72.021484
14942,512,37792,73.812500
14943,512,42750,83.496094
14944,512,43334,84.636719
14945,512,41375,80.810547
14946,512,43541,85.041016
14947,512,45125,88.134766
14948,512,39000,76.171875
14949,512,37750,73.730469
14950,512,45750,89.355469
14951,512,37625,73.486328
14952,512,37375,72.998047
14953,512,37125,72.509766
14954,512,37625,73.486328
14955,512,35625,69.580078
14956,512,36375,71.044922
14957,512,37708,73.648438
14958,512,36708,71.695312
14959,512,37250,72.753906
14960,512,48583,94.888672
14961,512,36417,71.126953
14962,512,38667,75.521484
14963,512,37625,73.486328
14964,512,37916,74.054688
14965,512,36250,70.800781
14966,512,38042,74.300781
14967,512,44000,85.937500
14968,512,36666,71.613281
14969,512,37417,73.080078
14970,512,38583,75.357422
14971,512,37167,72.591797
14972,512,37667,73.568359
14973,512,36167,70.638672
14974,512,37792,73.812500
14975,512,36458,71.207031
14976,512,36875,72.021484
14977,512,34000,66.406250
14978,512,36708,71.695312
14979,512,38833,75.845703
14980,512,36875,72.021484
14981,512,38125,74.462891
14982,512,36333,70.962891
14983,512,37750,73.730469
14984,512,39167,76.498047
14985,512,36583,71.451172
14986,512,40625,79.345703
14987,512,36833,71.939453
14988,512,38084,74.382812
14989,512,39875,77.880859
14990,512,37375,72.998047
14991,512,36208,70.718750
14992,512,33791,65.998047
14993,512,36125,70.556641
14994,512,38125,74.462891
14995,512,38167,74.544922
14996,512,39500,77.148438
14997,512,35458,69.253906
14998,512,38375,74.951172
14999,512,40958,79.996094
15000,512,35500,69.335938
15001,512,37375,72.998047
15002,512,37042,72.347656
15003,512,38708,75.601562
15004,512,38958,76.089844
15005,512,37666,73.566406
15006,512,35959,70.232422
15007,512,39584,77.312500
15008,512,37291,72.833984
15009,512,46167,90.169922
15010,512,39958,78.042969
15011,512,37958,74.136719
15012,512,36209,70.720703
15013,512,38458,75.113281
15014,512,39417,76.986328
15015,512,38750,75.683594
15016,512,38291,74.787109
15017,512,37125,72.509766
15018,512,37334,72.917969
15019,512,36250,70.800781
15020,512,37875,73.974609
15021,512,37000,72.265625
15022,512,37667,73.568359
15023,512,35750,69.824219
15024,512,35583,69.498047
15025,512,37292,72.835938
15026,512,40083,78.287109
15027,512,40750,79.589844
15028,512,40250,78.613281
15029,512,47834,93.425781
15030,512,44041,86.017578
15031,512,38625,75.439453
15032,512,37416,73.078125
15033,512,35959,70.232422
15034,512,35625,69.580078
15035,512,36292,70.882812
15036,512,37875,73.974609
15037,512,37583,73.404297
15038,512,38083,74.380859
15039,512,37792,73.812500
15040,512,51666,100.910156
15041,512,36292,70.882812
15042,512,37083,72.427734
15043,512,37125,72.509766
15044,512,36459,71.208984
15045,512,35834,69.988281
15046,512,38750,75.683594
15047,512,39250,76.660156
15048,512,39375,76.904297
15049,512,37167,72.591797
15050,512,38167,74.544922
15051,512,37417,73.080078
15052,512,35292,68.929688
15053,512,37250,72.753906
15054,512,36208,70.718750
15055,512,38083,74.380859
15056,512,36875,72.021484
15057,512,38333,74.869141
15058,512,36417,71.126953
15059,512,36792,71.859375
15060,512,35208,68.765625
15061,512,38667,75.521484
15062,512,36500,71.289062
15063,512,45459,88.787109
15064,512,40041,78.205078
15065,512,37792,73.812500
15066,512,35708,69.742188
15067,512,36916,72.101562
15068,512,36959,72.185547
15069,512,38917,76.009766
15070,512,39417,76.986328
15071,512,36084,70.476562
15072,512,36584,71.453125
15073,512,35333,69.009766
15074,512,36875,72.021484
15075,512,37916,74.054688
15076,512,37250,72.753906
15077,512,38459,75.115234
15078,512,38250,74.707031
15079,512,35833,69.986328
15080,512,37250,72.753906
15081,512,37875,73.974609
15082,512,36667,71.615234
15083,512,34666,67.707031
15084,512,38000,74.218750
15085,512,38500,75.195312
15086,512,35708,69.742188
15087,512,36667,71.615234
15088,512,37333,72.916016
15089,512,35958,70.230469
15090,512,35750,69.824219
15091,512,39125,76.416016
15092,512,37875,73.974609
15093,512,37583,73.404297
15094,512,36500,71.289062
15095,512,37750,73.730469
15096,512,35375,69.091797
15097,512,37500,73.242188
15098,512,39167,76.498047
15099,512,36833,71.939453
15100,512,37333,72.916016
15101,512,35375,69.091797
15102,512,35416,69.171875
15103,512,37792,73.812500
15104,512,35417,69.173828
15105,512,34959,68.279297
15106,512,39875,77.880859
15107,512,39375,76.904297
15108,512,37584,73.406250
15109,512,38500,75.195312
15110,512,35417,69.173828
15111,512,36167,70.638672
15112,512,39209,76.580078
15113,512,38708,75.601562
15114,512,39708,77.554688
15115,512,36959,72.185547
15116,512,38916,76.007812
15117,512,37292,72.835938
15118,512,38000,74.218750
15119,512,38167,74.544922
15120,512,38958,76.089844
15121,512,36291,70.880859
15122,512,36792,71.859375
15123,512,38792,75.765625
15124,512,37958,74.136719
15125,512,36583,71.451172
15126,512,36875,72.021484
15127,512,38250,74.707031
15128,512,36000,70.312500
15129,512,35958,70.230469
15130,512,36917,72.103516
15131,512,38291,74.787109
15132,512,37125,72.509766
15133,512,35500,69.335938
15134,512,38208,74.625000
15135,512,36459,71.208984
15136,512,35833,69.986328
15137,512,35833,69.986328
15138,512,37125,72.509766
15139,512,39500,77.148438
15140,512,38375,74.951172
15141,512,38500,75.195312
15142,512,34958,68.277344
15143,512,35083,68.521484
15144,512,36667,71.615234
15145,512,37709,73.650391
15146,512,39750,77.636719
15147,512,36666,71.613281
15148,512,37417,73.080078
15149,512,38250,74.707031
15150,512,39458,77.066406
15151,512,38208,74.625000
15152,512,37917,74.056641
15153,512,38000,74.218750
15154,512,37375,72.998047
15155,512,39666,77.472656
15156,512,35042,68.441406
15157,512,37208,72.671875
15158,512,36000,70.312500
15159,512,37333,72.916016
15160,512,36708,71.695312
15161,512,37792,73.812500
15162,512,36667,71.615234
15163,512,44125,86.181641
15164,512,42833,83.658203
15165,512,48166,94.074219
15166,512,45167,88.216797
15167,512,37584,73.406250
15168,512,36000,70.312500
15169,512,36583,71.451172
15170,512,36958,72.183594
15171,512,34917,68.197266
15172,512,36500,71.289062
15173,512,38208,74.625000
15174,512,36583,71.451172
15175,512,36583,71.451172
15176,512,38042,74.300781
15177,512,39416,76.984375
15178,512,39042,76.253906
15179,512,38458,75.113281
15180,512,36542,71.371094
15181,512,38167,74.544922
15182,512,38375,74.951172
15183,512,36459,71.208984
15184,512,36291,70.880859
15185,512,35625,69.580078
15186,512,36375,71.044922
15187,512,37000,72.265625
15188,512,39375,76.904297
15189,512,37042,72.347656
15190,512,37292,72.835938
15191,512,35209,68.767578
15192,512,37041,72.345703
15193,512,38667,75.521484
15194,512,38125,74.462891
15195,512,37792,73.812500
15196,512,37833,73.892578
15197,512,40042,78.207031
15198,512,37250,72.753906
15199,512,38042,74.300781
15200,512,36417,71.126953
15201,512,38125,74.462891
15202,512,38833,75.845703
15203,512,37125,72.509766
15204,512,37875,73.974609
15205,512,36208,70.718750
15206,512,37750,73.730469
15207,512,36083,70.474609
15208,512,36375,71.044922
15209,512,37584,73.406250
15210,512,38750,75.683594
15211,512,37750,73.730469
15212,512,37917,74.056641
15213,512,38708,75.601562
15214,512,36792,71.859375
15215,512,39417,76.986328
15216,512,36958,72.183594
15217,512,36208,70.718750
15218,512,36333,70.962891
15219,512,36834,71.941406
15220,512,37500,73.242188
15221,512,38250,74.707031
15222,512,38291,74.787109
15223,512,35458,69.253906
15224,512,36292,70.882812
15225,512,37208,72.671875
15226,512,34667,67.708984
15227,512,35875,70.068359
15228,512,38209,74.626953
15229,512,35667,69.662109
15230,512,34833,68.033203
15231,512,36542,71.371094
15232,512,36542,71.371094
15233,512,35625,69.580078
15234,512,35709,69.744141
15235,512,38416,75.031250
15236,512,37417,73.080078
15237,512,39291,76.740234
15238,512,36375,71.044922
15239,512,37417,73.080078
15240,512,36750,71.777344
15241,512,36416,71.125000
15242,512,38458,75.113281
15243,512,35875,70.068359
15244,512,37500,73.242188
15245,512,36709,71.697266
15246,512,35916,70.148438
15247,512,37667,73.568359
15248,512,37208,72.671875
15249,512,35708,69.742188
15250,512,38083,74.380859
15251,512,38750,75.683594
15252,512,36208,70.718750
15253,512,36959,72.185547
15254,512,34750,67.871094
15255,512,36625,71.533203
15256,512,36250,70.800781
15257,512,36417,71.126953
15258,512,37917,74.056641
15259,512,36917,72.103516
15260,512,38375,74.951172
15261,512,37291,72.833984
15262,512,38917,76.009766
15263,512,36625,71.533203
15264,512,38791,75.763672
15265,512,38625,75.439453
15266,512,36958,72.183594
15267,512,37500,73.242188
15268,512,35583,69.498047
15269,512,37833,73.892578
15270,512,37166,72.589844
15271,512,37458,73.160156
15272,512,37000,72.265625
15273,512,39209,76.580078
15274,512,37500,73.242188
15275,512,37459,73.162109
15276,512,36500,71.289062
15277,512,36333,70.962891
15278,512,35083,68.521484
15279,512,36917,72.103516
15280,512,34959,68.279297
15281,512,38000,74.218750
15282,512,38834,75.847656
15283,512,38125,74.462891
15284,512,36250,70.800781
15285,512,37708,73.648438
15286,512,38334,74.871094
15287,512,36875,72.021484
15288,512,36792,71.859375
15289,512,38375,74.951172
15290,512,39292,76.742188
15291,512,39125,76.416016
15292,512,35792,69.906250
15293,512,37916,74.054688
15294,512,37500,73.242188
15295,512,36917,72.103516
15296,512,37416,73.078125
15297,512,37459,73.162109
15298,512,38709,75.603516
15299,512,38416,75.031250
15300,512,39458,77.066406
15301,512,37875,73.974609
15302,512,37459,73.162109
15303,512,37625,73.486328
15304,512,34958,68.277344
15305,512,39417,76.986328
15306,512,40208,78.531250
15307,512,37375,72.998047
15308,512,37250,72.753906
15309,512,37291,72.833984
15310,512,36334,70.964844
15311,512,38500,75.195312
15312,512,38250,74.707031
15313,512,38334,74.871094
15314,512,38583,75.357422
15315,512,36667,71.615234
15316,512,37709,73.650391
15317,512,37209,72.673828
15318,512,36542,71.371094
15319,512,36708,71.695312
15320,512,34209,66.814453
15321,512,37000,72.265625
15322,512,37000,72.265625
15323,512,37875,73.974609
15324,512,37042,72.347656
15325,512,36084,70.476562
15326,512,36667,71.615234
15327,512,37750,73.730469
15328,512,39458,77.066406
15329,512,37667,73.568359
15330,512,40333,78.775391
15331,512,38167,74.544922
15332,512,37875,73.974609
15333,512,38167,74.544922
15334,512,37750,73.730469
15335,512,36042,70.394531
15336,512,44333,86.587891
15337,512,42375,82.763672
15338,512,37125,72.509766
15339,512,35958,70.230469
15340,512,36542,71.371094
15341,512,44667,87.240234
15342,512,38708,75.601562
15343,512,37209,72.673828
15344,512,37750,73.730469
15345,512,36042,70.394531
15346,512,36250,70.800781
15347,512,36833,71.939453
15348,512,36542,71.371094
15349,512,37958,74.136719
15350,512,37167,72.591797
15351,512,44958,87.808594
15352,512,41917,81.869141
15353,512,38500,75.195312
15354,512,37000,72.265625
15355,512,36167,70.638672
15356,512,35667,69.662109
15357,512,36333,70.962891
15358,512,35666,69.660156
15359,512,36709,71.697266
15360,512,37209,72.673828
15361,512,37875,73.974609
15362,512,36583,71.451172
15363,512,36625,71.533203
15364,512,36541,71.369141
15365,512,36584,71.453125
15366,512,35875,70.068359
15367,512,36042,70.394531
15368,512,36791,71.857422
15369,512,37417,73.080078
15370,512,36750,71.777344
15371,512,40542,79.183594
15372,512,35708,69.742188
15373,512,35375,69.091797
15374,512,39083,76.333984
15375,512,37083,72.427734
15376,512,38417,75.033203
15377,512,36334,70.964844
15378,512,39625,77.392578
15379,512,40209,78.533203
15380,512,48166,94.074219
15381,512,36000,70.312500
15382,512,36250,70.800781
15383,512,37792,73.812500
15384,512,39916,77.960938
15385,512,46209,90.251953
15386,512,50125,97.900391
15387,512,51375,100.341797
15388,512,37083,72.427734
15389,512,37417,73.080078
15390,512,37834,73.894531
15391,512,37916,74.054688
15392,512,37083,72.427734
15393,512,36708,71.695312
15394,512,37542,73.324219
15395,512,35750,69.824219
15396,512,37917,74.056641
15397,512,36083,70.474609
15398,512,37458,73.160156
15399,512,37709,73.650391
15400,512,35584,69.500000
15401,512,36041,70.392578
15402,512,37458,73.160156
15403,512,37917,74.056641
15404,512,36667,71.615234
15405,512,38291,74.787109
15406,512,37000,72.265625
15407,512,37792,73.812500
15408,512,36958,72.183594
15409,512,37541,73.322266
15410,512,35125,68.603516
15411,512,36958,72.183594
15412,512,37417,73.080078
15413,512,38083,74.380859
15414,512,35708,69.742188
15415,512,36417,71.126953
15416,512,36416,71.125000
15417,512,36292,70.882812
15418,512,36834,71.941406
15419,512,38416,75.031250
15420,512,36459,71.208984
15421,512,34833,68.033203
15422,512,36542,71.371094
15423,512,37583,73.404297
15424,512,35625,69.580078
15425,512,37750,73.730469
15426,512,38416,75.031250
15427,512,37834,73.894531
15428,512,37500,73.242188
15429,512,38417,75.033203
15430,512,40417,78.939453
15431,512,36333,70.962891
15432,512,38041,74.298828
15433,512,35834,69.988281
15434,512,36375,71.044922
15435,512,35167,68.685547
15436,512,37500,73.242188
15437,512,36625,71.533203
15438,512,37041,72.345703
15439,512,37209,72.673828
15440,512,36416,71.125000
15441,512,38000,74.218750
15442,512,39750,77.636719
15443,512,35208,68.765625
15444,512,37042,72.347656
15445,512,36458,71.207031
15446,512,37458,73.160156
15447,512,34792,67.953125
15448,512,37000,72.265625
15449,512,38334,74.871094
15450,512,36250,70.800781
15451,512,36833,71.939453
15452,512,38625,75.439453
15453,512,37458,73.160156
15454,512,37250,72.753906
15455,512,37125,72.509766
15456,512,36709,71.697266
15457,512,37292,72.835938
15458,512,36625,71.533203
15459,512,35541,69.416016
15460,512,37084,72.429688
15461,512,38834,75.847656
15462,512,38916,76.007812
15463,512,36459,71.208984
15464,512,36541,71.369141
15465,512,37167,72.591797
15466,512,37541,73.322266
15467,512,36167,70.638672
15468,512,35459,69.255859
15469,512,38458,75.113281
15470,512,38208,74.625000
15471,512,39084,76.335938
15472,512,36166,70.636719
15473,512,36375,71.044922
15474,512,35917,70.150391
15475,512,37250,72.753906
15476,512,40959,79.998047
15477,512,36625,71.533203
15478,512,38792,75.765625
15479,512,37417,73.080078
15480,512,36792,71.859375
15481,512,36291,70.880859
15482,512,37375,72.998047
15483,512,37500,73.242188
15484,512,37958,74.136719
15485,512,37959,74.138672
15486,512,38416,75.031250
15487,512,36000,70.312500
15488,512,37125,72.509766
15489,512,38250,74.707031
15490,512,37875,73.974609
15491,512,35791,69.904297
15492,512,38334,74.871094
15493,512,37333,72.916016
15494,512,36000,70.312500
15495,512,38250,74.707031
15496,512,38000,74.218750
15497,512,37958,74.136719
15498,512,37500,73.242188
15499,512,37708,73.648438
15500,512,36333,70.962891
15501,512,36292,70.882812
15502,512,36584,71.453125
15503,512,36416,71.125000
15504,512,36667,71.615234
15505,512,36208,70.718750
15506,512,34833,68.033203
15507,512,37417,73.080078
15508,512,36125,70.556641
15509,512,37208,72.671875
15510,512,37792,73.812500
15511,512,39333,76.822266
15512,512,37416,73.078125
15513,512,36834,71.941406
15514,512,37250,72.753906
15515,512,36417,71.126953
15516,512,37042,72.347656
15517,512,36916,72.101562
15518,512,39000,76.171875
15519,512,36125,70.556641
15520,512,36042,70.394531
15521,512,36958,72.183594
15522,512,35250,68.847656
15523,512,35375,69.091797
15524,512,36542,71.371094
15525,512,36166,70.636719
15526,512,34167,66.732422
15527,512,35333,69.009766
15528,512,36583,71.451172
15529,512,38458,75.113281
15530,512,38750,75.683594
15531,512,38292,74.789062
15532,512,37750,73.730469
15533,512,36166,70.636719
15534,512,37375,72.998047
15535,512,37750,73.730469
15536,512,35417,69.173828
15537,512,36375,71.044922
15538,512,35416,69.171875
15539,512,38250,74.707031
15540,512,36500,71.289062
15541,512,36541,71.369141
15542,512,41583,81.216797
15543,512,40917,79.916016
15544,512,37583,73.404297
15545,512,42208,82.437500
15546,512,36083,70.474609
15547,512,35375,69.091797
15548,512,35458,69.253906
15549,512,36583,71.451172
15550,512,35583,69.498047
15551,512,36375,71.044922
15552,512,35542,69.417969
15553,512,36291,70.880859
15554,512,36458,71.207031
15555,512,35958,70.230469
15556,512,36917,72.103516
15557,512,35625,69.580078
15558,512,38875,75.927734
15559,512,37666,73.566406
15560,512,38625,75.439453
15561,512,34792,67.953125
15562,512,38875,75.927734
15563,512,39625,77.392578
15564,512,38500,75.195312
15565,512,36709,71.697266
15566,512,36208,70.718750
15567,512,36708,71.695312
15568,512,37166,72.589844
15569,512,37459,73.162109
15570,512,35416,69.171875
15571,512,38334,74.871094
15572,512,37875,73.974609
15573,512,36542,71.371094
15574,512,37166,72.589844
15575,512,35083,68.521484
15576,512,36500,71.289062
15577,512,36750,71.777344
15578,512,37584,73.406250
15579,512,37541,73.322266
15580,512,36584,71.453125
15581,512,36167,70.638672
15582,512,38333,74.869141
15583,512,37250,72.753906
15584,512,36667,71.615234
15585,512,35750,69.824219
15586,512,38041,74.298828
15587,512,38959,76.091797
15588,512,38000,74.218750
15589,512,36917,72.103516
15590,512,36333,70.962891
15591,512,35625,69.580078
15592,512,38458,75.113281
15593,512,36167,70.638672
15594,512,38583,75.357422
15595,512,39708,77.554688
15596,512,37000,72.265625
15597,512,36209,70.720703
15598,512,36208,70.718750
15599,512,37625,73.486328
15600,512,37042,72.347656
15601,512,35000,68.359375
15602,512,36459,71.208984
15603,512,37250,72.753906
15604,512,35959,70.232422
15605,512,36791,71.857422
15606,512,36125,70.556641
15607,512,37541,73.322266
15608,512,46500,90.820312
15609,512,42625,83.251953
15610,512,46583,90.982422
15611,512,41625,81.298828
15612,512,38667,75.521484
15613,512,38917,76.009766
15614,512,37959,74.138672
15615,512,35625,69.580078
15616,512,37750,73.730469
15617,512,36667,71.615234
15618,512,34500,67.382812
15619,512,42208,82.437500
15620,512,36125,70.556641
15621,512,36875,72.021484
15622,512,35959,70.232422
15623,512,36417,71.126953
15624,512,37791,73.810547
15625,512,38500,75.195312
15626,512,38833,75.845703
15627,512,37709,73.650391
15628,512,39500,77.148438
15629,512,37709,73.650391
15630,512,36916,72.101562
15631,512,36459,71.208984
15632,512,34959,68.279297
15633,512,36916,72.101562
15634,512,36625,71.533203
15635,512,38250,74.707031
15636,512,37834,73.894531
15637,512,38666,75.519531
15638,512,38167,74.544922
15639,512,36250,70.800781
15640,512,36000,70.312500
15641,512,39083,76.333984
15642,512,38416,75.031250
15643,512,37167,72.591797
15644,512,42250,82.519531
15645,512,36875,72.021484
15646,512,35250,68.847656
15647,512,36125,70.556641
15648,512,37292,72.835938
15649,512,34833,68.033203
15650,512,38708,75.601562
15651,512,37125,72.509766
15652,512,36458,71.207031
15653,512,36375,71.044922
15654,512,38750,75.683594
15655,512,36875,72.021484
15656,512,36167,70.638672
15657,512,37458,73.160156
15658,512,38542,75.277344
15659,512,36959,72.185547
15660,512,35541,69.416016
15661,512,35750,69.824219
15662,512,37542,73.324219
15663,512,37584,73.406250
15664,512,36500,71.289062
15665,512,36250,70.800781
15666,512,39500,77.148438
15667,512,37750,73.730469
15668,512,36167,70.638672
15669,512,36792,71.859375
15670,512,37458,73.160156
15671,512,38458,75.113281
15672,512,37458,73.160156
15673,512,35792,69.906250
15674,512,36375,71.044922
15675,512,35875,70.068359
15676,512,36208,70.718750
15677,512,35833,69.986328
15678,512,36250,70.800781
15679,512,36083,70.474609
15680,512,38125,74.462891
15681,512,35875,70.068359
15682,512,38958,76.089844
15683,512,37792,73.812500
15684,512,37416,73.078125
15685,512,36709,71.697266
15686,512,35250,68.847656
15687,512,37833,73.892578
15688,512,36917,72.103516
15689,512,36875,72.021484
15690,512,37541,73.322266
15691,512,37917,74.056641
15692,512,38791,75.763672
15693,512,36667,71.615234
15694,512,36291,70.880859
15695,512,36500,71.289062
15696,512,34958,68.277344
15697,512,49459,96.599609
15698,512,39000,76.171875
15699,512,38792,75.765625
15700,512,37500,73.242188
15701,512,34667,67.708984
15702,512,37250,72.753906
15703,512,36417,71.126953
15704,512,35834,69.988281
15705,512,36458,71.207031
15706,512,39041,76.251953
15707,512,37750,73.730469
15708,512,37625,73.486328
15709,512,36625,71.533203
15710,512,36375,71.044922
15711,512,36334,70.964844
15712,512,37333,72.916016
15713,512,37958,74.136719
15714,512,37500,73.242188
15715,512,37750,73.730469
15716,512,36708,71.695312
15717,512,38334,74.871094
15718,512,37084,72.429688
15719,512,37041,72.345703
15720,512,37500,73.242188
15721,512,39500,77.148438
15722,512,37292,72.835938
15723,512,40167,78.451172
15724,512,37417,73.080078
15725,512,37417,73.080078
15726,512,38917,76.009766
15727,512,40000,78.125000
15728,512,40208,78.531250
15729,512,36958,72.183594
15730,512,39500,77.148438
15731,512,38250,74.707031
15732,512,38458,75.113281
15733,512,37125,72.509766
15734,512,37708,73.648438
15735,512,37375,72.998047
15736,512,36583,71.451172
15737,512,34542,67.464844
15738,512,35625,69.580078
15739,512,36708,71.695312
15740,512,38584,75.359375
15741,512,36083,70.474609
15742,512,38917,76.009766
15743,512,36375,71.044922
15744,512,35584,69.500000
15745,512,35791,69.904297
15746,512,36917,72.103516
15747,512,35625,69.580078
15748,512,36167,70.638672
15749,512,37084,72.429688
15750,512,36625,71.533203
15751,512,38333,74.869141
15752,512,37792,73.812500
15753,512,37708,73.648438
15754,512,37125,72.509766
15755,512,36542,71.371094
15756,512,36083,70.474609
15757,512,34708,67.789062
15758,512,36125,70.556641
15759,512,36541,71.369141
15760,512,39000,76.171875
15761,512,37084,72.429688
15762,512,38458,75.113281
15763,512,37417,73.080078
15764,512,34916,68.195312
15765,512,35125,68.603516
15766,512,36459,71.208984
15767,512,37209,72.673828
15768,512,37125,72.509766
15769,512,36666,71.613281
15770,512,38750,75.683594
15771,512,36417,71.126953
15772,512,37750,73.730469
15773,512,36000,70.312500
15774,512,39750,77.636719
15775,512,37167,72.591797
15776,512,36375,71.044922
15777,512,37375,72.998047
15778,512,37917,74.056641
15779,512,37083,72.427734
15780,512,35917,70.150391
15781,512,36166,70.636719
15782,512,37792,73.812500
15783,512,38417,75.033203
15784,512,36083,70.474609
15785,512,37708,73.648438
15786,512,37333,72.916016
15787,512,36917,72.103516
15788,512,36875,72.021484
15789,512,38084,74.382812
15790,512,36667,71.615234
15791,512,37333,72.916016
15792,512,36125,70.556641
15793,512,37167,72.591797
15794,512,35125,68.603516
15795,512,35584,69.500000
15796,512,37834,73.894531
15797,512,37458,73.160156
15798,512,36666,71.613281
15799,512,37958,74.136719
15800,512,36792,71.859375
15801,512,35833,69.986328
15802,512,37500,73.242188
15803,512,38708,75.601562
15804,512,36334,70.964844
15805,512,35959,70.232422
15806,512,37583,73.404297
15807,512,36625,71.533203
15808,512,35958,70.230469
15809,512,37042,72.347656
15810,512,35250,68.847656
15811,512,36042,70.394531
15812,512,35125,68.603516
15813,512,36792,71.859375
15814,512,36333,70.962891
15815,512,37625,73.486328
15816,512,35625,69.580078
15817,512,37375,72.998047
15818,512,39334,76.824219
15819,512,37541,73.322266
15820,512,36375,71.044922
15821,512,37000,72.265625
15822,512,37375,72.998047
15823,512,36084,70.476562
15824,512,38459,75.115234
15825,512,34000,66.406250
15826,512,36417,71.126953
15827,512,35708,69.742188
15828,512,38291,74.787109
15829,512,37250,72.753906
15830,512,38625,75.439453
15831,512,47375,92.529297
15832,512,44375,86.669922
15833,512,50125,97.900391
15834,512,40583,79.263672
15835,512,37334,72.917969
15836,512,36834,71.941406
15837,512,36250,70.800781
15838,512,35375,69.091797
15839,512,37791,73.810547
15840,512,38834,75.847656
15841,512,36166,70.636719
15842,512,36542,71.371094
15843,512,34833,68.033203
15844,512,36625,71.533203
15845,512,36458,71.207031
15846,512,37875,73.974609
15847,512,38417,75.033203
15848,512,37000,72.265625
15849,512,37583,73.404297
15850,512,37500,73.242188
15851,512,37208,72.671875
15852,512,36125,70.556641
15853,512,37792,73.812500
15854,512,39833,77.798828
15855,512,41583,81.216797
15856,512,38125,74.462891
15857,512,39000,76.171875
15858,512,38666,75.519531
15859,512,37792,73.812500
15860,512,34625,67.626953
15861,512,36625,71.533203
15862,512,36417,71.126953
15863,512,37708,73.648438
15864,512,39083,76.333984
15865,512,38334,74.871094
15866,512,36333,70.962891
15867,512,37917,74.056641
15868,512,38625,75.439453
15869,512,37125,72.509766
15870,512,38375,74.951172
15871,512,37834,73.894531
15872,512,38583,75.357422
15873,512,36875,72.021484
15874,512,38125,74.462891
15875,512,36000,70.312500
15876,512,37083,72.427734
15877,512,35791,69.904297
15878,512,36167,70.638672
15879,512,35042,68.441406
15880,512,36875,72.021484
15881,512,35042,68.441406
15882,512,36542,71.371094
15883,512,39875,77.880859
15884,512,37083,72.427734
15885,512,37542,73.324219
15886,512,42416,82.843750
15887,512,41625,81.298828
15888,512,35292,68.929688
15889,512,46250,90.332031
15890,512,37916,74.054688
15891,512,37792,73.812500
15892,512,36500,71.289062
15893,512,36584,71.453125
15894,512,37333,72.916016
15895,512,36333,70.962891
15896,512,34792,67.953125
15897,512,37292,72.835938
15898,512,36875,72.021484
15899,512,38208,74.625000
15900,512,36667,71.615234
15901,512,38125,74.462891
15902,512,37333,72.916016
15903,512,40334,78.777344
15904,512,36375,71.044922
15905,512,39208,76.578125
15906,512,37541,73.322266
15907,512,44750,87.402344
15908,512,38875,75.927734
15909,512,38416,75.031250
15910,512,38417,75.033203
15911,512,35750,69.824219
15912,512,36209,70.720703
15913,512,37750,73.730469
15914,512,38333,74.869141
15915,512,36833,71.939453
15916,512,36542,71.371094
15917,512,38791,75.763672
15918,512,35917,70.150391
15919,512,36584,71.453125
15920,512,37166,72.589844
15921,512,37125,72.509766
15922,512,37167,72.591797
15923,512,36750,71.777344
15924,512,36708,71.695312
15925,512,36083,70.474609
15926,512,37375,72.998047
15927,512,35708,69.742188
15928,512,35916,70.148438
15929,512,35542,69.417969
15930,512,36917,72.103516
15931,512,35292,68.929688
15932,512,38250,74.707031
15933,512,36542,71.371094
15934,512,38291,74.787109
15935,512,36250,70.800781
15936,512,39292,76.742188
15937,512,37917,74.056641
15938,512,37708,73.648438
15939,512,36958,72.183594
15940,512,36750,71.777344
15941,512,36625,71.533203
15942,512,37334,72.917969
15943,512,36791,71.857422
15944,512,37250,72.753906
15945,512,35333,69.009766
15946,512,37584,73.406250
15947,512,35667,69.662109
15948,512,37416,73.078125
15949,512,37792,73.812500
15950,512,35166,68.683594
15951,512,37167,72.591797
15952,512,37042,72.347656
15953,512,33375,65.185547
15954,512,34917,68.197266
15955,512,35250,68.847656
15956,512,35625,69.580078
15957,512,35875,70.068359
15958,512,38166,74.542969
15959,512,37292,72.835938
15960,512,35458,69.253906
15961,512,35667,69.662109
15962,512,36541,71.369141
15963,512,36417,71.126953
15964,512,36083,70.474609
15965,512,37250,72.753906
15966,512,36542,71.371094
15967,512,38416,75.031250
15968,512,38875,75.927734
15969,512,40208,78.531250
15970,512,49208,96.109375
15971,512,36292,70.882812
15972,512,36667,71.615234
15973,512,36083,70.474609
15974,512,36958,72.183594
15975,512,37959,74.138672
15976,512,35166,68.683594
15977,512,38459,75.115234
15978,512,37875,73.974609
15979,512,36458,71.207031
15980,512,36916,72.101562
15981,512,38334,74.871094
15982,512,36125,70.556641
15983,512,36209,70.720703
15984,512,37375,72.998047
15985,512,35542,69.417969
15986,512,38042,74.300781
15987,512,37291,72.833984
15988,512,36375,71.044922
15989,512,37042,72.347656
15990,512,41042,80.160156
15991,512,35750,69.824219
15992,512,36833,71.939453
15993,512,39125,76.416016
15994,512,36459,71.208984
15995,512,36333,70.962891
15996,512,38250,74.707031
15997,512,36625,71.533203
15998,512,36500,71.289062
15999,512,36375,71.044922
16000,512,37125,72.509766
16001,512,35792,69.906250
16002,512,38334,74.871094
16003,512,37250,72.753906
16004,512,36708,71.695312
16005,512,37916,74.054688
16006,512,38417,75.033203
16007,512,36375,71.044922
16008,512,37125,72.509766
16009,512,36750,71.777344
16010,512,37125,72.509766
16011,512,37500,73.242188
16012,512,37917,74.056641
16013,512,40708,79.507812
16014,512,44417,86.751953
16015,512,39791,77.716797
16016,512,37250,72.753906
16017,512,36375,71.044922
16018,512,34750,67.871094
16019,512,38542,75.277344
16020,512,35750,69.824219
16021,512,36625,71.533203
16022,512,37083,72.427734
16023,512,34833,68.033203
16024,512,35834,69.988281
16025,512,37708,73.648438
16026,512,37500,73.242188
16027,512,37708,73.648438
16028,512,35875,70.068359
16029,512,37083,72.427734
16030,512,35541,69.416016
16031,512,35167,68.685547
16032,512,34792,67.953125
16033,512,35792,69.906250
16034,512,35875,70.068359
16035,512,36333,70.962891
16036,512,38875,75.927734
16037,512,37125,72.509766
16038,512,36458,71.207031
16039,512,36667,71.615234
16040,512,35875,70.068359
16041,512,36708,71.695312
16042,512,35250,68.847656
16043,512,37917,74.056641
16044,512,36958,72.183594
16045,512,36750,71.777344
16046,512,35417,69.173828
16047,512,36208,70.718750
16048,512,38083,74.380859
16049,512,38250,74.707031
16050,512,39125,76.416016
16051,512,38917,76.009766
16052,512,38000,74.218750
16053,512,37209,72.673828
16054,512,45375,88.623047
16055,512,43833,85.611328
16056,512,47125,92.041016
16057,512,40917,79.916016
16058,512,38750,75.683594
16059,512,38875,75.927734
16060,512,37125,72.509766
16061,512,35750,69.824219
16062,512,37583,73.404297
16063,512,36708,71.695312
16064,512,37084,72.429688
16065,512,36417,71.126953
16066,512,39000,76.171875
16067,512,41125,80.322266
16068,512,37125,72.509766
16069,512,38792,75.765625
16070,512,37333,72.916016
16071,512,38000,74.218750
16072,512,39917,77.962891
16073,512,37750,73.730469
16074,512,39333,76.822266
16075,512,36958,72.183594
16076,512,37959,74.138672
16077,512,36708,71.695312
16078,512,38250,74.707031
16079,512,37042,72.347656
16080,512,37458,73.160156
16081,512,37333,72.916016
16082,512,36958,72.183594
16083,512,35958,70.230469
16084,512,38750,75.683594
16085,512,37875,73.974609
16086,512,36042,70.394531
16087,512,37667,73.568359
16088,512,37083,72.427734
16089,512,36125,70.556641
16090,512,36833,71.939453
16091,512,36542,71.371094
16092,512,38292,74.789062
16093,512,37041,72.345703
16094,512,39084,76.335938
16095,512,35500,69.335938
16096,512,40125,78.369141
16097,512,37459,73.162109
16098,512,36041,70.392578
16099,512,36667,71.615234
16100,512,37291,72.833984
16101,512,36834,71.941406
16102,512,38000,74.218750
16103,512,38666,75.519531
16104,512,38500,75.195312
16105,512,38250,74.707031
16106,512,37791,73.810547
16107,512,35625,69.580078
16108,512,37917,74.056641
16109,512,36791,71.857422
16110,512,35542,69.417969
16111,512,35666,69.660156
16112,512,38584,75.359375
16113,512,35042,68.441406
16114,512,37625,73.486328
16115,512,36250,70.800781
16116,512,35833,69.986328
16117,512,36375,71.044922
16118,512,36292,70.882812
16119,512,37458,73.160156
16120,512,38125,74.462891
16121,512,36333,70.962891
16122,512,36792,71.859375
16123,512,36833,71.939453
16124,512,37833,73.892578
16125,512,38125,74.462891
16126,512,37292,72.835938
16127,512,37333,72.916016
16128,512,39250,76.660156
16129,512,35625,69.580078
16130,512,36000,70.312500
16131,512,36791,71.857422
16132,512,38167,74.544922
16133,512,38041,74.298828
16134,512,38042,74.300781
16135,512,36584,71.453125
16136,512,37500,73.242188
16137,512,39500,77.148438
16138,512,36958,72.183594
16139,512,38000,74.218750
16140,512,36375,71.044922
16141,512,36958,72.183594
16142,512,37417,73.080078
16143,512,36250,70.800781
16144,512,36208,70.718750
16145,512,37166,72.589844
16146,512,43708,85.367188
16147,512,40875,79.833984
16148,512,34667,67.708984
16149,512,38666,75.519531
16150,512,38875,75.927734
16151,512,36000,70.312500
16152,512,43916,85.773438
16153,512,40959,79.998047
16154,512,36375,71.044922
16155,512,35000,68.359375
16156,512,35916,70.148438
16157,512,37792,73.812500
16158,512,35458,69.253906
16159,512,39042,76.253906
16160,512,38708,75.601562
16161,512,36083,70.474609
16162,512,38500,75.195312
16163,512,35333,69.009766
16164,512,36000,70.312500
16165,512,36333,70.962891
16166,512,35500,69.335938
16167,512,37667,73.568359
16168,512,35541,69.416016
16169,512,36917,72.103516
16170,512,37584,73.406250
16171,512,35833,69.986328
16172,512,38333,74.869141
16173,512,35125,68.603516
16174,512,36917,72.103516
16175,512,37250,72.753906
16176,512,37667,73.568359
16177,512,39292,76.742188
16178,512,38083,74.380859
16179,512,38291,74.787109
16180,512,37500,73.242188
16181,512,40333,78.775391
16182,512,35417,69.173828
16183,512,36125,70.556641
16184,512,37583,73.404297
16185,512,35792,69.906250
16186,512,38500,75.195312
16187,512,36333,70.962891
16188,512,37667,73.568359
16189,512,36208,70.718750
16190,512,37417,73.080078
16191,512,38208,74.625000
16192,512,35792,69.906250
16193,512,37375,72.998047
16194,512,35833,69.986328
16195,512,37125,72.509766
16196,512,35750,69.824219
16197,512,37625,73.486328
16198,512,37167,72.591797
16199,512,35208,68.765625
16200,512,38667,75.521484
16201,512,38459,75.115234
16202,512,39958,78.042969
16203,512,36167,70.638672
16204,512,38333,74.869141
16205,512,36667,71.615234
16206,512,38084,74.382812
16207,512,37041,72.345703
16208,512,38667,75.521484
16209,512,35208,68.765625
16210,512,37250,72.753906
16211,512,34792,67.953125
16212,512,36917,72.103516
16213,512,36292,70.882812
16214,512,36834,71.941406
16215,512,37625,73.486328
16216,512,38250,74.707031
16217,512,37625,73.486328
16218,512,36458,71.207031
16219,512,36542,71.371094
16220,512,37458,73.160156
16221,512,37083,72.427734
16222,512,37250,72.753906
16223,512,37458,73.160156
16224,512,38584,75.359375
16225,512,38000,74.218750
16226,512,37750,73.730469
16227,512,38292,74.789062
16228,512,36584,71.453125
16229,512,35917,70.150391
16230,512,35666,69.660156
16231,512,35000,68.359375
16232,512,37000,72.265625
16233,512,34708,67.789062
16234,512,37292,72.835938
16235,512,36041,70.392578
16236,512,36625,71.533203
16237,512,36833,71.939453
16238,512,36791,71.857422
16239,512,38083,74.380859
16240,512,35584,69.500000
16241,512,36417,71.126953
16242,512,36292,70.882812
16243,512,36375,71.044922
16244,512,35667,69.662109
16245,512,36500,71.289062
16246,512,35375,69.091797
16247,512,38250,74.707031
16248,512,37667,73.568359
16249,512,35458,69.253906
16250,512,35542,69.417969
16251,512,35833,69.986328
16252,512,37917,74.056641
16253,512,41541,81.134766
16254,512,34917,68.197266
16255,512,37417,73.080078
16256,512,40833,79.751953
16257,512,36541,71.369141
16258,512,37042,72.347656
16259,512,44042,86.019531
16260,512,39666,77.472656
16261,512,37584,73.406250
16262,512,36833,71.939453
16263,512,35917,70.150391
16264,512,34625,67.626953
16265,512,37959,74.138672
16266,512,36417,71.126953
16267,512,38625,75.439453
16268,512,38583,75.357422
16269,512,40125,78.369141
16270,512,37833,73.892578
16271,512,37750,73.730469
16272,512,36291,70.880859
16273,512,38084,74.382812
16274,512,38291,74.787109
16275,512,36334,70.964844
16276,512,43375,84.716797
16277,512,42875,83.740234
16278,512,46709,91.228516
16279,512,46666,91.144531
16280,512,38875,75.927734
16281,512,35709,69.744141
16282,512,36791,71.857422
16283,512,36334,70.964844
16284,512,36791,71.857422
16285,512,38000,74.218750
16286,512,36917,72.103516
16287,512,36750,71.777344
16288,512,36583,71.451172
16289,512,35167,68.685547
16290,512,37584,73.406250
16291,512,37417,73.080078
16292,512,37667,73.568359
16293,512,39084,76.335938
16294,512,38958,76.089844
16295,512,38458,75.113281
16296,512,39625,77.392578
16297,512,37125,72.509766
16298,512,36375,71.044922
16299,512,38000,74.218750
16300,512,38291,74.787109
16301,512,36500,71.289062
16302,512,36459,71.208984
16303,512,36625,71.533203
16304,512,37500,73.242188
16305,512,37708,73.648438
16306,512,36375,71.044922
16307,512,36708,71.695312
16308,512,37292,72.835938
16309,512,36583,71.451172
16310,512,36792,71.859375
16311,512,36542,71.371094
16312,512,36333,70.962891
16313,512,36834,71.941406
16314,512,37042,72.347656
16315,512,42375,82.763672
16316,512,39083,76.333984
16317,512,37291,72.833984
16318,512,36709,71.697266
16319,512,37375,72.998047
16320,512,37417,73.080078
16321,512,36041,70.392578
16322,512,37917,74.056641
16323,512,35833,69.986328
16324,512,36458,71.207031
16325,512,36875,72.021484
16326,512,37417,73.080078
16327,512,42250,82.519531
16328,512,36416,71.125000
16329,512,36375,71.044922
16330,512,37167,72.591797
16331,512,36916,72.101562
16332,512,36709,71.697266
16333,512,36667,71.615234
16334,512,39167,76.498047
16335,512,36959,72.185547
16336,512,37666,73.566406
16337,512,37292,72.835938
16338,512,37208,72.671875
16339,512,36000,70.312500
16340,512,37833,73.892578
16341,512,36750,71.777344
16342,512,38417,75.033203
16343,512,39416,76.984375
16344,512,36500,71.289062
16345,512,36583,71.451172
16346,512,35833,69.986328
16347,512,36459,71.208984
16348,512,36625,71.533203
16349,512,37375,72.998047
16350,512,38208,74.625000
16351,512,37625,73.486328
16352,512,34750,67.871094
16353,512,37292,72.835938
16354,512,36125,70.556641
16355,512,35125,68.603516
16356,512,35916,70.148438
16357,512,35084,68.523438
16358,512,37625,73.486328
16359,512,34250,66.894531
16360,512,36417,71.126953
16361,512,38416,75.031250
16362,512,38875,75.927734
16363,512,37833,73.892578
16364,512,37667,73.568359
16365,512,38833,75.845703
16366,512,36250,70.800781
16367,512,36375,71.044922
16368,512,36083,70.474609
16369,512,39833,77.798828
16370,512,35875,70.068359
16371,512,34708,67.789062
16372,512,37875,73.974609
16373,512,37375,72.998047
16374,512,37667,73.568359
16375,512,36000,70.312500
16376,512,36125,70.556641
16377,512,35542,69.417969
16378,512,37333,72.916016
16379,512,35333,69.009766
16380,512,36542,71.371094
16381,512,38584,75.359375
16382,512,36625,71.533203
16383,512,39583,77.310547
16384,512,39042,76.253906
16385,512,35875,70.068359
16386,512,36791,71.857422
16387,512,35209,68.767578
16388,512,37459,73.162109
16389,512,37500,73.242188
16390,512,34959,68.279297
16391,512,36375,71.044922
16392,512,36709,71.697266
16393,512,37000,72.265625
16394,512,39416,76.984375
16395,512,38459,75.115234
16396,512,38250,74.707031
16397,512,35959,70.232422
16398,512,37000,72.265625
16399,512,37750,73.730469
16400,512,34750,67.871094
16401,512,36250,70.800781
16402,512,35625,69.580078
16403,512,36417,71.126953
16404,512,35291,68.927734
16405,512,34417,67.220703
16406,512,35500,69.335938
16407,512,36750,71.777344
16408,512,37750,73.730469
16409,512,36916,72.101562
16410,512,37334,72.917969
16411,512,38291,74.787109
16412,512,38083,74.380859
16413,512,38083,74.380859
16414,512,36083,70.474609
16415,512,37250,72.753906
16416,512,35625,69.580078
16417,512,35625,69.580078
16418,512,36417,71.126953
16419,512,36458,71.207031
16420,512,37500,73.242188
16421,512,36500,71.289062
16422,512,42584,83.171875
16423,512,38958,76.089844
16424,512,38083,74.380859
16425,512,37334,72.917969
16426,512,35584,69.500000
16427,512,36916,72.101562
16428,512,36875,72.021484
16429,512,36292,70.882812
16430,512,37125,72.509766
16431,512,36000,70.312500
16432,512,38792,75.765625
16433,512,38000,74.218750
16434,512,37458,73.160156
16435,512,38375,74.951172
16436,512,35583,69.498047
16437,512,35417,69.173828
16438,512,35833,69.986328
16439,512,36500,71.289062
16440,512,38875,75.927734
16441,512,36708,71.695312
16442,512,36250,70.800781
16443,512,36333,70.962891
16444,512,38209,74.626953
16445,512,39833,77.798828
16446,512,41458,80.972656
16447,512,38625,75.439453
16448,512,36542,71.371094
16449,512,36666,71.613281
16450,512,37458,73.160156
16451,512,35792,69.906250
16452,512,35542,69.417969
16453,512,36458,71.207031
16454,512,35792,69.906250
16455,512,35500,69.335938
16456,512,37542,73.324219
16457,512,37584,73.406250
16458,512,36916,72.101562
16459,512,37500,73.242188
16460,512,38167,74.544922
16461,512,38500,75.195312
16462,512,38250,74.707031
16463,512,37750,73.730469
16464,512,38375,74.951172
16465,512,38542,75.277344
16466,512,36416,71.125000
16467,512,35333,69.009766
16468,512,35709,69.744141
16469,512,34750,67.871094
16470,512,36166,70.636719
16471,512,35709,69.744141
16472,512,36166,70.636719
16473,512,35500,69.335938
16474,512,37333,72.916016
16475,512,37292,72.835938
16476,512,38125,74.462891
16477,512,36334,70.964844
16478,512,41000,80.078125
16479,512,39084,76.335938
16480,512,37584,73.406250
16481,512,36750,71.777344
16482,512,38334,74.871094
16483,512,36083,70.474609
16484,512,37500,73.242188
16485,512,35625,69.580078
16486,512,36291,70.880859
16487,512,35750,69.824219
16488,512,39667,77.474609
16489,512,38708,75.601562
16490,512,37542,73.324219
16491,512,36042,70.394531
16492,512,34916,68.195312
16493,512,35959,70.232422
16494,512,37083,72.427734
16495,512,35750,69.824219
16496,512,38583,75.357422
16497,512,36458,71.207031
16498,512,37208,72.671875
16499,512,37625,73.486328
16500,512,44584,87.078125
16501,512,43916,85.773438
16502,512,37125,72.509766
16503,512,37916,74.054688
16504,512,35833,69.986328
16505,512,36417,71.126953
16506,512,35375,69.091797
16507,512,37125,72.509766
16508,512,38083,74.380859
16509,512,36500,71.289062
16510,512,37625,73.486328
16511,512,36750,71.777344
16512,512,38291,74.787109
16513,512,38417,75.033203
16514,512,37625,73.486328
16515,512,35458,69.253906
16516,512,35042,68.441406
16517,512,36584,71.453125
16518,512,36459,71.208984
16519,512,37291,72.833984
16520,512,35959,70.232422
16521,512,36708,71.695312
16522,512,36583,71.451172
16523,512,37250,72.753906
16524,512,35250,68.847656
16525,512,37209,72.673828
16526,512,36083,70.474609
16527,512,36583,71.451172
16528,512,36833,71.939453
16529,512,36250,70.800781
16530,512,36334,70.964844
16531,512,37709,73.650391
16532,512,37791,73.810547
16533,512,38792,75.765625
16534,512,36958,72.183594
16535,512,36000,70.312500
16536,512,36417,71.126953
16537,512,36208,70.718750
16538,512,36291,70.880859
16539,512,39833,77.798828
16540,512,42375,82.763672
16541,512,39459,77.068359
16542,512,38000,74.218750
16543,512,37833,73.892578
16544,512,37500,73.242188
16545,512,35458,69.253906
16546,512,35958,70.230469
16547,512,35500,69.335938
16548,512,36542,71.371094
16549,512,38500,75.195312
16550,512,40000,78.125000
16551,512,36042,70.394531
16552,512,35625,69.580078
16553,512,35417,69.173828
16554,512,36375,71.044922
16555,512,36791,71.857422
16556,512,36334,70.964844
16557,512,35709,69.744141
16558,512,36833,71.939453
16559,512,35583,69.498047
16560,512,37250,72.753906
16561,512,35583,69.498047
16562,512,36042,70.394531
16563,512,35708,69.742188
16564,512,36250,70.800781
16565,512,36625,71.533203
16566,512,34875,68.115234
16567,512,38041,74.298828
16568,512,36459,71.208984
16569,512,36541,71.369141
16570,512,36833,71.939453
16571,512,36959,72.185547
16572,512,35958,70.230469
16573,512,36375,71.044922
16574,512,37250,72.753906
16575,512,35292,68.929688
16576,512,36667,71.615234
16577,512,38375,74.951172
16578,512,36958,72.183594
16579,512,35917,70.150391
16580,512,37166,72.589844
16581,512,37125,72.509766
16582,512,35417,69.173828
16583,512,37625,73.486328
16584,512,36084,70.476562
16585,512,37125,72.509766
16586,512,37458,73.160156
16587,512,36208,70.718750
16588,512,38667,75.521484
16589,512,38083,74.380859
16590,512,38791,75.763672
16591,512,36458,71.207031
16592,512,37292,72.835938
16593,512,36916,72.101562
16594,512,38125,74.462891
16595,512,36459,71.208984
16596,512,37666,73.566406
16597,512,39834,77.800781
16598,512,36333,70.962891
16599,512,35792,69.906250
16600,512,37000,72.265625
16601,512,38000,74.218750
16602,512,35666,69.660156
16603,512,37500,73.242188
16604,512,36625,71.533203
16605,512,36542,71.371094
16606,512,36166,70.636719
16607,512,36417,71.126953
16608,512,36375,71.044922
16609,512,36583,71.451172
16610,512,36041,70.392578
16611,512,35417,69.173828
16612,512,36875,72.021484
16613,512,36833,71.939453
16614,512,38084,74.382812
16615,512,36500,71.289062
16616,512,37541,73.322266
16617,512,36792,71.859375
16618,512,36500,71.289062
16619,512,34708,67.789062
16620,512,36667,71.615234
16621,512,37209,72.673828
16622,512,36709,71.697266
16623,512,37541,73.322266
16624,512,36292,70.882812
16625,512,35458,69.253906
16626,512,38167,74.544922
16627,512,38750,75.683594
16628,512,36542,71.371094
16629,512,37667,73.568359
16630,512,35625,69.580078
16631,512,38083,74.380859
16632,512,38083,74.380859
16633,512,36334,70.964844
16634,512,36333,70.962891
16635,512,35875,70.068359
16636,512,36916,72.101562
16637,512,35625,69.580078
16638,512,36958,72.183594
16639,512,37125,72.509766
16640,512,38167,74.544922
16641,512,37333,72.916016
16642,512,39625,77.392578
16643,512,38792,75.765625
16644,512,36208,70.718750
16645,512,36542,71.371094
16646,512,36833,71.939453
16647,512,35917,70.150391
16648,512,36083,70.474609
16649,512,37917,74.056641
16650,512,38334,74.871094
16651,512,37334,72.917969
16652,512,36167,70.638672
16653,512,39083,76.333984
16654,512,40500,79.101562
16655,512,38875,75.927734
16656,512,35625,69.580078
16657,512,33875,66.162109
16658,512,38041,74.298828
16659,512,37042,72.347656
16660,512,38916,76.007812
16661,512,37959,74.138672
16662,512,38583,75.357422
16663,512,39542,77.230469
16664,512,35000,68.359375
16665,512,38958,76.089844
16666,512,34958,68.277344
16667,512,36917,72.103516
16668,512,36292,70.882812
16669,512,38250,74.707031
16670,512,36625,71.533203
16671,512,36667,71.615234
16672,512,38291,74.787109
16673,512,36792,71.859375
16674,512,36416,71.125000
16675,512,36542,71.371094
16676,512,37958,74.136719
16677,512,37125,72.509766
16678,512,38416,75.031250
16679,512,38209,74.626953
16680,512,36166,70.636719
16681,512,36792,71.859375
16682,512,38750,75.683594
16683,512,37625,73.486328
16684,512,37625,73.486328
16685,512,36709,71.697266
16686,512,34916,68.195312
16687,512,38000,74.218750
16688,512,38584,75.359375
16689,512,36917,72.103516
16690,512,37166,72.589844
16691,512,36917,72.103516
16692,512,37083,72.427734
16693,512,37666,73.566406
16694,512,34708,67.789062
16695,512,37125,72.509766
16696,512,37000,72.265625
16697,512,37250,72.753906
16698,512,39709,77.556641
16699,512,47000,91.796875
16700,512,37083,72.427734
16701,512,43000,83.984375
16702,512,40084,78.289062
16703,512,36958,72.183594
16704,512,37958,74.136719
16705,512,35875,70.068359
16706,512,36083,70.474609
16707,512,41583,81.216797
16708,512,41125,80.322266
16709,512,46750,91.308594
16710,512,39292,76.742188
16711,512,39375,76.904297
16712,512,36500,71.289062
16713,512,34833,68.033203
16714,512,39791,77.716797
16715,512,36750,71.777344
16716,512,37250,72.753906
16717,512,39667,77.474609
16718,512,36375,71.044922
16719,512,42542,83.089844
16720,512,36708,71.695312
16721,512,37334,72.917969
16722,512,35333,69.009766
16723,512,43583,85.123047
16724,512,45292,88.460938
16725,512,49291,96.271484
16726,512,40167,78.451172
16727,512,36334,70.964844
16728,512,36250,70.800781
16729,512,37708,73.648438
16730,512,37500,73.242188
16731,512,37750,73.730469
16732,512,36500,71.289062
16733,512,41541,81.134766
16734,512,36750,71.777344
16735,512,35708,69.742188
16736,512,35333,69.009766
16737,512,37209,72.673828
16738,512,36916,72.101562
16739,512,37500,73.242188
16740,512,37959,74.138672
16741,512,38084,74.382812
16742,512,37792,73.812500
16743,512,38208,74.625000
16744,512,36584,71.453125
16745,512,35666,69.660156
16746,512,36209,70.720703
16747,512,37083,72.427734
16748,512,36917,72.103516
16749,512,34375,67.138672
16750,512,37250,72.753906
16751,512,37000,72.265625
16752,512,36458,71.207031
16753,512,36083,70.474609
16754,512,36209,70.720703
16755,512,36084,70.476562
16756,512,36167,70.638672
16757,512,35958,70.230469
16758,512,37625,73.486328
16759,512,34000,66.406250
16760,512,37583,73.404297
16761,512,36750,71.777344
16762,512,35625,69.580078
16763,512,36250,70.800781
16764,512,38083,74.380859
16765,512,38042,74.300781
16766,512,36250,70.800781
16767,512,35292,68.929688
16768,512,38208,74.625000
16769,512,34709,67.791016
16770,512,37292,72.835938
16771,512,39875,77.880859
16772,512,36417,71.126953
16773,512,46625,91.064453
16774,512,35667,69.662109
16775,512,36750,71.777344
16776,512,37708,73.648438
16777,512,36583,71.451172
16778,512,40834,79.753906
16779,512,39709,77.556641
16780,512,39083,76.333984
16781,512,38041,74.298828
16782,512,39209,76.580078
16783,512,35458,69.253906
16784,512,38625,75.439453
16785,512,37916,74.054688
16786,512,36625,71.533203
16787,512,37833,73.892578
16788,512,38833,75.845703
16789,512,36334,70.964844
16790,512,36208,70.718750
16791,512,36125,70.556641
16792,512,40708,79.507812
16793,512,39959,78.044922
16794,512,46459,90.740234
16795,512,38583,75.357422
16796,512,36875,72.021484
16797,512,37625,73.486328
16798,512,38791,75.763672
16799,512,36459,71.208984
16800,512,37375,72.998047
16801,512,35750,69.824219
16802,512,36875,72.021484
16803,512,37584,73.406250
16804,512,37667,73.568359
16805,512,36583,71.451172
16806,512,36459,71.208984
16807,512,36917,72.103516
16808,512,36875,72.021484
16809,512,40458,79.019531
16810,512,36834,71.941406
16811,512,37084,72.429688
16812,512,38708,75.601562
16813,512,36583,71.451172
16814,512,40250,78.613281
16815,512,37209,72.673828
16816,512,36541,71.369141
16817,512,35708,69.742188
16818,512,35792,69.906250
16819,512,36833,71.939453
16820,512,37209,72.673828
16821,512,38833,75.845703
16822,512,36125,70.556641
16823,512,37041,72.345703
16824,512,37125,72.509766
16825,512,35917,70.150391
16826,512,38458,75.113281
16827,512,37083,72.427734
16828,512,36875,72.021484
16829,512,38583,75.357422
16830,512,36792,71.859375
16831,512,36791,71.857422
16832,512,36458,71.207031
16833,512,36209,70.720703
16834,512,35459,69.255859
16835,512,42416,82.843750
16836,512,38417,75.033203
16837,512,36042,70.394531
16838,512,36334,70.964844
16839,512,36333,70.962891
16840,512,42333,82.681641
16841,512,35875,70.068359
16842,512,36917,72.103516
16843,512,39041,76.251953
16844,512,40542,79.183594
16845,512,39084,76.335938
16846,512,38083,74.380859
16847,512,36666,71.613281
16848,512,36625,71.533203
16849,512,34667,67.708984
16850,512,36917,72.103516
16851,512,36292,70.882812
16852,512,36125,70.556641
16853,512,36250,70.800781
16854,512,36709,71.697266
16855,512,38875,75.927734
16856,512,37250,72.753906
16857,512,37084,72.429688
16858,512,37750,73.730469
16859,512,36125,70.556641
16860,512,37666,73.566406
16861,512,37084,72.429688
16862,512,40084,78.289062
16863,512,36084,70.476562
16864,512,36834,71.941406
16865,512,34625,67.626953
16866,512,36458,71.207031
16867,512,36708,71.695312
16868,512,37333,72.916016
16869,512,35167,68.685547
16870,512,36750,71.777344
16871,512,37125,72.509766
16872,512,37042,72.347656
16873,512,36375,71.044922
16874,512,39958,78.042969
16875,512,36209,70.720703
16876,512,35666,69.660156
16877,512,36042,70.394531
16878,512,37833,73.892578
16879,512,35792,69.906250
16880,512,36750,71.777344
16881,512,36709,71.697266
16882,512,38208,74.625000
16883,512,36250,70.800781
16884,512,36625,71.533203
16885,512,36917,72.103516
16886,512,37042,72.347656
16887,512,35750,69.824219
16888,512,37500,73.242188
16889,512,37375,72.998047
16890,512,35625,69.580078
16891,512,37625,73.486328
16892,512,38916,76.007812
16893,512,38209,74.626953
16894,512,37125,72.509766
16895,512,39042,76.253906
16896,512,40333,78.775391
16897,512,39625,77.392578
16898,512,38458,75.113281
16899,512,39125,76.416016
16900,512,36458,71.207031
16901,512,36584,71.453125
16902,512,37541,73.322266
16903,512,37334,72.917969
16904,512,37166,72.589844
16905,512,36417,71.126953
16906,512,36167,70.638672
16907,512,38208,74.625000
16908,512,36542,71.371094
16909,512,36708,71.695312
16910,512,37583,73.404297
16911,512,36292,70.882812
16912,512,36875,72.021484
16913,512,36083,70.474609
16914,512,35958,70.230469
16915,512,36584,71.453125
16916,512,35750,69.824219
16917,512,37417,73.080078
16918,512,37250,72.753906
16919,512,36708,71.695312
16920,512,36375,71.044922
16921,512,36375,71.044922
16922,512,36667,71.615234
16923,512,37708,73.648438
16924,512,39041,76.251953
16925,512,38750,75.683594
16926,512,37917,74.056641
16927,512,36375,71.044922
16928,512,38625,75.439453
16929,512,35834,69.988281
16930,512,37000,72.265625
16931,512,38333,74.869141
16932,512,38583,75.357422
16933,512,37500,73.242188
16934,512,37375,72.998047
16935,512,37167,72.591797
16936,512,37167,72.591797
16937,512,37083,72.427734
16938,512,39792,77.718750
16939,512,37333,72.916016
16940,512,37667,73.568359
16941,512,36334,70.964844
16942,512,39875,77.880859
16943,512,38500,75.195312
16944,512,38167,74.544922
16945,512,40458,79.019531
16946,512,40459,79.021484
16947,512,46125,90.087891
16948,512,44042,86.019531
16949,512,37791,73.810547
16950,512,36167,70.638672
16951,512,35792,69.906250
16952,512,36375,71.044922
16953,512,37292,72.835938
16954,512,36333,70.962891
16955,512,35292,68.929688
16956,512,36209,70.720703
16957,512,37166,72.589844
16958,512,34917,68.197266
16959,512,35458,69.253906
16960,512,36416,71.125000
16961,512,36000,70.312500
16962,512,37584,73.406250
16963,512,37167,72.591797
16964,512,36167,70.638672
16965,512,37750,73.730469
16966,512,36667,71.615234
16967,512,38917,76.009766
16968,512,36875,72.021484
16969,512,38125,74.462891
16970,512,38417,75.033203
16971,512,36541,71.369141
16972,512,36334,70.964844
16973,512,36250,70.800781
16974,512,38000,74.218750
16975,512,38083,74.380859
16976,512,37250,72.753906
16977,512,35042,68.441406
16978,512,38334,74.871094
16979,512,37375,72.998047
16980,512,38000,74.218750
16981,512,36792,71.859375
16982,512,38000,74.218750
16983,512,35208,68.765625
16984,512,36542,71.371094
16985,512,36458,71.207031
16986,512,36541,71.369141
16987,512,37709,73.650391
16988,512,36500,71.289062
16989,512,35250,68.847656
16990,512,37667,73.568359
16991,512,36458,71.207031
16992,512,37000,72.265625
16993,512,37917,74.056641
16994,512,37208,72.671875
16995,512,38208,74.625000
16996,512,38000,74.218750
16997,512,40000,78.125000
16998,512,36542,71.371094
16999,512,36333,70.962891
17000,512,38000,74.218750
17001,512,36750,71.777344
17002,512,37625,73.486328
17003,512,36625,71.533203
17004,512,36833,71.939453
17005,512,36833,71.939453
17006,512,36333,70.962891
17007,512,35958,70.230469
17008,512,38500,75.195312
17009,512,35792,69.906250
17010,512,38750,75.683594
17011,512,38375,74.951172
17012,512,37000,72.265625
17013,512,36875,72.021484
17014,512,36875,72.021484
17015,512,46333,90.494141
17016,512,42500,83.007812
17017,512,38500,75.195312
17018,512,37000,72.265625
17019,512,37084,72.429688
17020,512,36459,71.208984
17021,512,36292,70.882812
17022,512,37750,73.730469
17023,512,35416,69.171875
17024,512,36334,70.964844
17025,512,37250,72.753906
17026,512,38750,75.683594
17027,512,34791,67.951172
17028,512,36542,71.371094
17029,512,38125,74.462891
17030,512,35625,69.580078
17031,512,36750,71.777344
17032,512,37792,73.812500
17033,512,37042,72.347656
17034,512,38000,74.218750
17035,512,37500,73.242188
17036,512,37084,72.429688
17037,512,34750,67.871094
17038,512,37209,72.673828
17039,512,38833,75.845703
17040,512,38292,74.789062
17041,512,39875,77.880859
17042,512,37500,73.242188
17043,512,37208,72.671875
17044,512,36792,71.859375
17045,512,38125,74.462891
17046,512,35625,69.580078
17047,512,36416,71.125000
17048,512,34625,67.626953
17049,512,37458,73.160156
17050,512,36250,70.800781
17051,512,34667,67.708984
17052,512,35750,69.824219
17053,512,36875,72.021484
17054,512,38834,75.847656
17055,512,37041,72.345703
17056,512,36625,71.533203
17057,512,38167,74.544922
17058,512,38792,75.765625
17059,512,36792,71.859375
17060,512,36125,70.556641
17061,512,37209,72.673828
17062,512,36666,71.613281
17063,512,36834,71.941406
17064,512,38667,75.521484
17065,512,37500,73.242188
17066,512,38208,74.625000
17067,512,37167,72.591797
17068,512,37416,73.078125
17069,512,37250,72.753906
17070,512,36083,70.474609
17071,512,35084,68.523438
17072,512,37750,73.730469
17073,512,38459,75.115234
17074,512,37666,73.566406
17075,512,36834,71.941406
17076,512,39416,76.984375
17077,512,36500,71.289062
17078,512,37250,72.753906
17079,512,38750,75.683594
17080,512,36958,72.183594
17081,512,35666,69.660156
17082,512,36292,70.882812
17083,512,35833,69.986328
17084,512,37584,73.406250
17085,512,38709,75.603516
17086,512,37084,72.429688
17087,512,36375,71.044922
17088,512,35750,69.824219
17089,512,35625,69.580078
17090,512,35209,68.767578
17091,512,35292,68.929688
17092,512,35875,70.068359
17093,512,37042,72.347656
17094,512,35125,68.603516
17095,512,37334,72.917969
17096,512,37166,72.589844
17097,512,37167,72.591797
17098,512,39417,76.986328
17099,512,37375,72.998047
17100,512,37875,73.974609
17101,512,36208,70.718750
17102,512,36500,71.289062
17103,512,35708,69.742188
17104,512,36917,72.103516
17105,512,37541,73.322266
17106,512,37000,72.265625
17107,512,34625,67.626953
17108,512,36666,71.613281
17109,512,36792,71.859375
17110,512,36750,71.777344
17111,512,37209,72.673828
17112,512,35958,70.230469
17113,512,35541,69.416016
17114,512,43083,84.146484
17115,512,44958,87.808594
17116,512,37459,73.162109
17117,512,36708,71.695312
17118,512,36792,71.859375
17119,512,36584,71.453125
17120,512,36791,71.857422
17121,512,36792,71.859375
17122,512,35625,69.580078
17123,512,37125,72.509766
17124,512,36667,71.615234
17125,512,36791,71.857422
17126,512,36959,72.185547
17127,512,37500,73.242188
17128,512,39083,76.333984
17129,512,35667,69.662109
17130,512,36750,71.777344
17131,512,36584,71.453125
17132,512,38083,74.380859
17133,512,39125,76.416016
17134,512,37416,73.078125
17135,512,36458,71.207031
17136,512,36708,71.695312
17137,512,36125,70.556641
17138,512,36292,70.882812
17139,512,38208,74.625000
17140,512,37708,73.648438
17141,512,36708,71.695312
17142,512,35875,70.068359
17143,512,36292,70.882812
17144,512,36834,71.941406
17145,512,38291,74.787109
17146,512,38584,75.359375
17147,512,38084,74.382812
17148,512,39083,76.333984
17149,512,38250,74.707031
17150,512,35791,69.904297
17151,512,36000,70.312500
17152,512,37167,72.591797
17153,512,35917,70.150391
17154,512,37834,73.894531
17155,512,35125,68.603516
17156,512,39541,77.228516
17157,512,38459,75.115234
17158,512,37000,72.265625
17159,512,36916,72.101562
17160,512,36250,70.800781
17161,512,35875,70.068359
17162,512,36375,71.044922
17163,512,37041,72.345703
17164,512,36583,71.451172
17165,512,35792,69.906250
17166,512,35625,69.580078
17167,512,37333,72.916016
17168,512,37833,73.892578
17169,512,40625,79.345703
17170,512,38417,75.033203
17171,512,36791,71.857422
17172,512,36209,70.720703
17173,512,36542,71.371094
17174,512,37000,72.265625
17175,512,36542,71.371094
17176,512,39417,76.986328
17177,512,38916,76.007812
17178,512,37750,73.730469
17179,512,38708,75.601562
17180,512,37375,72.998047
17181,512,36875,72.021484
17182,512,38542,75.277344
17183,512,38375,74.951172
17184,512,38041,74.298828
17185,512,36333,70.962891
17186,512,36375,71.044922
17187,512,36583,71.451172
17188,512,36500,71.289062
17189,512,35625,69.580078
17190,512,36708,71.695312
17191,512,34708,67.789062
17192,512,35583,69.498047
17193,512,35292,68.929688
17194,512,36958,72.183594
17195,512,35708,69.742188
17196,512,36500,71.289062
17197,512,37167,72.591797
17198,512,37125,72.509766
17199,512,38834,75.847656
17200,512,37500,73.242188
17201,512,35666,69.660156
17202,512,37667,73.568359
17203,512,36542,71.371094
17204,512,35916,70.148438
17205,512,37334,72.917969
17206,512,36416,71.125000
17207,512,36208,70.718750
17208,512,35584,69.500000
17209,512,37292,72.835938
17210,512,37625,73.486328
17211,512,35709,69.744141
17212,512,35500,69.335938
17213,512,38542,75.277344
17214,512,36875,72.021484
17215,512,35875,70.068359
17216,512,35125,68.603516
17217,512,35625,69.580078
17218,512,34500,67.382812
17219,512,35792,69.906250
17220,512,36125,70.556641
17221,512,35875,70.068359
17222,512,38375,74.951172
17223,512,37125,72.509766
17224,512,35459,69.255859
17225,512,35000,68.359375
17226,512,38667,75.521484
17227,512,36166,70.636719
17228,512,34917,68.197266
17229,512,37000,72.265625
17230,512,39208,76.578125
17231,512,35625,69.580078
17232,512,37375,72.998047
17233,512,37208,72.671875
17234,512,35875,70.068359
17235,512,35833,69.986328
17236,512,37250,72.753906
17237,512,36875,72.021484
17238,512,37500,73.242188
17239,512,36583,71.451172
17240,512,36375,71.044922
17241,512,35333,69.009766
17242,512,39500,77.148438
17243,512,35750,69.824219
17244,512,38292,74.789062
17245,512,38625,75.439453
17246,512,36625,71.533203
17247,512,36167,70.638672
17248,512,38041,74.298828
17249,512,36459,71.208984
17250,512,36208,70.718750
17251,512,37416,73.078125
17252,512,37250,72.753906
17253,512,36500,71.289062
17254,512,36583,71.451172
17255,512,38458,75.113281
17256,512,36875,72.021484
17257,512,34792,67.953125
17258,512,36041,70.392578
17259,512,37500,73.242188
17260,512,34875,68.115234
17261,512,37334,72.917969
17262,512,35917,70.150391
17263,512,36833,71.939453
17264,512,35625,69.580078
17265,512,37250,72.753906
17266,512,35208,68.765625
17267,512,36084,70.476562
17268,512,36000,70.312500
17269,512,37750,73.730469
17270,512,36250,70.800781
17271,512,36250,70.800781
17272,512,38000,74.218750
17273,512,40292,78.695312
17274,512,38625,75.439453
17275,512,36416,71.125000
17276,512,36667,71.615234
17277,512,37458,73.160156
17278,512,36833,71.939453
17279,512,37209,72.673828
17280,512,38958,76.089844
17281,512,39333,76.822266
17282,512,36208,70.718750
17283,512,36667,71.615234
17284,512,37459,73.162109
17285,512,37917,74.056641
17286,512,36583,71.451172
17287,512,36167,70.638672
17288,512,35542,69.417969
17289,512,38042,74.300781
17290,512,38834,75.847656
17291,512,38500,75.195312
17292,512,35792,69.906250
17293,512,36958,72.183594
17294,512,36875,72.021484
17295,512,35791,69.904297
17296,512,37500,73.242188
17297,512,36458,71.207031
17298,512,35833,69.986328
17299,512,36250,70.800781
17300,512,37583,73.404297
17301,512,37584,73.406250
17302,512,38666,75.519531
17303,512,37084,72.429688
17304,512,36750,71.777344
17305,512,38208,74.625000
17306,512,38083,74.380859
17307,512,36584,71.453125
17308,512,36083,70.474609
17309,512,35167,68.685547
17310,512,36541,71.369141
17311,512,36000,70.312500
17312,512,36417,71.126953
17313,512,38708,75.601562
17314,512,36458,71.207031
17315,512,36583,71.451172
17316,512,35917,70.150391
17317,512,36791,71.857422
17318,512,35709,69.744141
17319,512,37292,72.835938
17320,512,39542,77.230469
17321,512,39042,76.253906
17322,512,38625,75.439453
17323,512,37083,72.427734
17324,512,37708,73.648438
17325,512,37333,72.916016
17326,512,36625,71.533203
17327,512,37042,72.347656
17328,512,36750,71.777344
17329,512,35625,69.580078
17330,512,36709,71.697266
17331,512,35208,68.765625
17332,512,36458,71.207031
17333,512,35667,69.662109
17334,512,35042,68.441406
17335,512,41542,81.136719
17336,512,45375,88.623047
17337,512,41458,80.972656
17338,512,37208,72.671875
17339,512,38000,74.218750
17340,512,36416,71.125000
17341,512,35959,70.232422
17342,512,39584,77.312500
17343,512,39250,76.660156
17344,512,38625,75.439453
17345,512,36542,71.371094
17346,512,36625,71.533203
17347,512,36541,71.369141
17348,512,36209,70.720703
17349,512,36375,71.044922
17350,512,37084,72.429688
17351,512,38667,75.521484
17352,512,35333,69.009766
17353,512,38584,75.359375
17354,512,38458,75.113281
17355,512,36917,72.103516
17356,512,35875,70.068359
17357,512,37209,72.673828
17358,512,36500,71.289062
17359,512,35208,68.765625
17360,512,35958,70.230469
17361,512,36667,71.615234
17362,512,35417,69.173828
17363,512,37500,73.242188
17364,512,38083,74.380859
17365,512,37167,72.591797
17366,512,37666,73.566406
17367,512,37000,72.265625
17368,512,37542,73.324219
17369,512,37083,72.427734
17370,512,38625,75.439453
17371,512,37584,73.406250
17372,512,36000,70.312500
17373,512,38125,74.462891
17374,512,38334,74.871094
17375,512,37084,72.429688
17376,512,37875,73.974609
17377,512,38959,76.091797
17378,512,36208,70.718750
17379,512,36667,71.615234
17380,512,36625,71.533203
17381,512,35542,69.417969
17382,512,35792,69.906250
17383,512,36875,72.021484
17384,512,37458,73.160156
17385,512,36167,70.638672
17386,512,37167,72.591797
17387,512,36708,71.695312
17388,512,36375,71.044922
17389,512,35958,70.230469
17390,512,37500,73.242188
17391,512,39416,76.984375
17392,512,36209,70.720703
17393,512,36791,71.857422
17394,512,36834,71.941406
17395,512,38000,74.218750
17396,512,44584,87.078125
17397,512,46916,91.632812
17398,512,41583,81.216797
17399,512,37292,72.835938
17400,512,39375,76.904297
17401,512,37167,72.591797
17402,512,35958,70.230469
17403,512,37583,73.404297
17404,512,35542,69.417969
17405,512,38916,76.007812
17406,512,37250,72.753906
17407,512,35042,68.441406
17408,512,38500,75.195312
17409,512,35417,69.173828
17410,512,38125,74.462891
17411,512,36333,70.962891
17412,512,37292,72.835938
17413,512,37292,72.835938
17414,512,37833,73.892578
17415,512,37333,72.916016
17416,512,37458,73.160156
17417,512,38500,75.195312
17418,512,38875,75.927734
17419,512,38625,75.439453
17420,512,36875,72.021484
17421,512,37459,73.162109
17422,512,40250,78.613281
17423,512,40166,78.449219
17424,512,37542,73.324219
17425,512,35458,69.253906
17426,512,37875,73.974609
17427,512,35625,69.580078
17428,512,37209,72.673828
17429,512,37667,73.568359
17430,512,38167,74.544922
17431,512,36166,70.636719
17432,512,36500,71.289062
17433,512,37709,73.650391
17434,512,37416,73.078125
17435,512,37334,72.917969
17436,512,37542,73.324219
17437,512,37291,72.833984
17438,512,36959,72.185547
17439,512,37166,72.589844
17440,512,37000,72.265625
17441,512,36666,71.613281
17442,512,36250,70.800781
17443,512,37083,72.427734
17444,512,37625,73.486328
17445,512,50083,97.818359
17446,512,39250,76.660156
17447,512,38625,75.439453
17448,512,35583,69.498047
17449,512,37792,73.812500
17450,512,41083,80.240234
17451,512,42875,83.740234
17452,512,44625,87.158203
17453,512,37958,74.136719
17454,512,36667,71.615234
17455,512,35791,69.904297
17456,512,39167,76.498047
17457,512,37541,73.322266
17458,512,36250,70.800781
17459,512,38166,74.542969
17460,512,37708,73.648438
17461,512,35875,70.068359
17462,512,37583,73.404297
17463,512,40250,78.613281
17464,512,35916,70.148438
17465,512,36750,71.777344
17466,512,37167,72.591797
17467,512,37208,72.671875
17468,512,36583,71.451172
17469,512,37167,72.591797
17470,512,37208,72.671875
17471,512,37166,72.589844
17472,512,37875,73.974609
17473,512,36625,71.533203
17474,512,39250,76.660156
17475,512,35167,68.685547
17476,512,36333,70.962891
17477,512,38000,74.218750
17478,512,37958,74.136719
17479,512,37625,73.486328
17480,512,35875,70.068359
17481,512,37500,73.242188
17482,512,39000,76.171875
17483,512,37917,74.056641
17484,512,37000,72.265625
17485,512,36667,71.615234
17486,512,37875,73.974609
17487,512,38584,75.359375
17488,512,37541,73.322266
17489,512,37417,73.080078
17490,512,37417,73.080078
17491,512,37042,72.347656
17492,512,36625,71.533203
17493,512,39292,76.742188
17494,512,36291,70.880859
17495,512,37000,72.265625
17496,512,36292,70.882812
17497,512,37583,73.404297
17498,512,38208,74.625000
17499,512,37333,72.916016
17500,512,39542,77.230469
17501,512,39000,76.171875
17502,512,38000,74.218750
17503,512,43458,84.878906
17504,512,36791,71.857422
17505,512,37625,73.486328
17506,512,36417,71.126953
17507,512,37167,72.591797
17508,512,37333,72.916016
17509,512,37833,73.892578
17510,512,39375,76.904297
17511,512,37792,73.812500
17512,512,37708,73.648438
17513,512,39000,76.171875
17514,512,37375,72.998047
17515,512,37625,73.486328
17516,512,36333,70.962891
17517,512,35958,70.230469
17518,512,35958,70.230469
17519,512,36834,71.941406
17520,512,35292,68.929688
17521,512,36750,71.777344
17522,512,38625,75.439453
17523,512,37917,74.056641
17524,512,36292,70.882812
17525,512,37458,73.160156
17526,512,37250,72.753906
17527,512,37583,73.404297
17528,512,42250,82.519531
17529,512,38708,75.601562
17530,512,36542,71.371094
17531,512,35833,69.986328
17532,512,36834,71.941406
17533,512,35250,68.847656
17534,512,37166,72.589844
17535,512,36500,71.289062
17536,512,36459,71.208984
17537,512,38542,75.277344
17538,512,37083,72.427734
17539,512,35875,70.068359
17540,512,37250,72.753906
17541,512,37417,73.080078
17542,512,38292,74.789062
17543,512,37708,73.648438
17544,512,37208,72.671875
17545,512,35833,69.986328
17546,512,41042,80.160156
17547,512,35917,70.150391
17548,512,35416,69.171875
17549,512,36333,70.962891
17550,512,35667,69.662109
17551,512,35375,69.091797
17552,512,40416,78.937500
17553,512,36709,71.697266
17554,512,36958,72.183594
17555,512,37208,72.671875
17556,512,36375,71.044922
17557,512,35834,69.988281
17558,512,36084,70.476562
17559,512,36541,71.369141
17560,512,38042,74.300781
17561,512,39084,76.335938
17562,512,38666,75.519531
17563,512,37958,74.136719
17564,512,39875,77.880859
17565,512,40042,78.207031
17566,512,37542,73.324219
17567,512,36166,70.636719
17568,512,36625,71.533203
17569,512,36208,70.718750
17570,512,38625,75.439453
17571,512,38459,75.115234
17572,512,37500,73.242188
17573,512,37666,73.566406
17574,512,36708,71.695312
17575,512,37834,73.894531
17576,512,37625,73.486328
17577,512,36625,71.533203
17578,512,37750,73.730469
17579,512,39625,77.392578
17580,512,36750,71.777344
17581,512,37083,72.427734
17582,512,37000,72.265625
17583,512,36708,71.695312
17584,512,37750,73.730469
17585,512,35833,69.986328
17586,512,37250,72.753906
17587,512,38208,74.625000
17588,512,36583,71.451172
17589,512,36584,71.453125
17590,512,36083,70.474609
17591,512,35542,69.417969
17592,512,36250,70.800781
17593,512,36333,70.962891
17594,512,36208,70.718750
17595,512,36708,71.695312
17596,512,37459,73.162109
17597,512,36708,71.695312
17598,512,36667,71.615234
17599,512,37917,74.056641
17600,512,38208,74.625000
17601,512,37208,72.671875
17602,512,35375,69.091797
17603,512,36958,72.183594
17604,512,36583,71.451172
17605,512,37000,72.265625
17606,512,36000,70.312500
17607,512,36208,70.718750
17608,512,37333,72.916016
17609,512,35333,69.009766
17610,512,37375,72.998047
17611,512,35917,70.150391
17612,512,37625,73.486328
17613,512,37125,72.509766
17614,512,35250,68.847656
17615,512,36042,70.394531
17616,512,46791,91.388672
17617,512,38917,76.009766
17618,512,36333,70.962891
17619,512,35708,69.742188
17620,512,35750,69.824219
17621,512,36083,70.474609
17622,512,37834,73.894531
17623,512,35250,68.847656
17624,512,37500,73.242188
17625,512,38167,74.544922
17626,512,38167,74.544922
17627,512,36875,72.021484
17628,512,38084,74.382812
17629,512,38459,75.115234
17630,512,38208,74.625000
17631,512,37667,73.568359
17632,512,38084,74.382812
17633,512,38417,75.033203
17634,512,36458,71.207031
17635,512,35958,70.230469
17636,512,36625,71.533203
17637,512,38750,75.683594
17638,512,38125,74.462891
17639,512,37541,73.322266
17640,512,36959,72.185547
17641,512,36375,71.044922
17642,512,39042,76.253906
17643,512,40458,79.019531
17644,512,37750,73.730469
17645,512,36875,72.021484
17646,512,37416,73.078125
17647,512,36250,70.800781
17648,512,36959,72.185547
17649,512,36542,71.371094
17650,512,36291,70.880859
17651,512,44375,86.669922
17652,512,45792,89.437500
17653,512,38625,75.439453
17654,512,37208,72.671875
17655,512,37541,73.322266
17656,512,38917,76.009766
17657,512,38208,74.625000
17658,512,38125,74.462891
17659,512,35959,70.232422
17660,512,36875,72.021484
17661,512,37458,73.160156
17662,512,35667,69.662109
17663,512,37459,73.162109
17664,512,36791,71.857422
17665,512,37209,72.673828
17666,512,37709,73.650391
17667,512,36625,71.533203
17668,512,37125,72.509766
17669,512,39125,76.416016
17670,512,37125,72.509766
17671,512,40666,79.425781
17672,512,43459,84.880859
17673,512,37125,72.509766
17674,512,35917,70.150391
17675,512,37208,72.671875
17676,512,37417,73.080078
17677,512,36917,72.103516
17678,512,35958,70.230469
17679,512,35542,69.417969
17680,512,38250,74.707031
17681,512,37209,72.673828
17682,512,36667,71.615234
17683,512,35625,69.580078
17684,512,38083,74.380859
17685,512,38125,74.462891
17686,512,37208,72.671875
17687,512,36291,70.880859
17688,512,35750,69.824219
17689,512,37250,72.753906
17690,512,34709,67.791016
17691,512,35625,69.580078
17692,512,37459,73.162109
17693,512,38459,75.115234
17694,512,37041,72.345703
17695,512,36042,70.394531
17696,512,35833,69.986328
17697,512,37125,72.509766
17698,512,36625,71.533203
17699,512,36666,71.613281
17700,512,37292,72.835938
17701,512,37541,73.322266
17702,512,35500,69.335938
17703,512,37458,73.160156
17704,512,37542,73.324219
17705,512,38541,75.275391
17706,512,38875,75.927734
17707,512,38250,74.707031
17708,512,36375,71.044922
17709,512,36667,71.615234
17710,512,36416,71.125000
17711,512,37083,72.427734
17712,512,35584,69.500000
17713,512,36125,70.556641
17714,512,38000,74.218750
17715,512,36791,71.857422
17716,512,34834,68.035156
17717,512,37666,73.566406
17718,512,37375,72.998047
17719,512,38084,74.382812
17720,512,35541,69.416016
17721,512,34875,68.115234
17722,512,38667,75.521484
17723,512,37209,72.673828
17724,512,35625,69.580078
17725,512,34042,66.488281
17726,512,35583,69.498047
17727,512,35917,70.150391
17728,512,37000,72.265625
17729,512,36667,71.615234
17730,512,37458,73.160156
17731,512,36958,72.183594
17732,512,38000,74.218750
17733,512,35458,69.253906
17734,512,35000,68.359375
17735,512,36833,71.939453
17736,512,34750,67.871094
17737,512,36333,70.962891
17738,512,37792,73.812500
17739,512,38208,74.625000
17740,512,38083,74.380859
17741,512,38041,74.298828
17742,512,37667,73.568359
17743,512,38667,75.521484
17744,512,36708,71.695312
17745,512,37625,73.486328
17746,512,35625,69.580078
17747,512,37959,74.138672
17748,512,36208,70.718750
17749,512,37208,72.671875
17750,512,38125,74.462891
17751,512,37958,74.136719
17752,512,38584,75.359375
17753,512,36959,72.185547
17754,512,36791,71.857422
17755,512,36417,71.126953
17756,512,36792,71.859375
17757,512,36583,71.451172
17758,512,35917,70.150391
17759,512,35084,68.523438
17760,512,38125,74.462891
17761,512,36125,70.556641
17762,512,43000,83.984375
17763,512,37208,72.671875
17764,512,38667,75.521484
17765,512,37459,73.162109
17766,512,38166,74.542969
17767,512,36750,71.777344
17768,512,35750,69.824219
17769,512,35375,69.091797
17770,512,36708,71.695312
17771,512,37000,72.265625
17772,512,36416,71.125000
17773,512,37000,72.265625
17774,512,36625,71.533203
17775,512,37542,73.324219
17776,512,37375,72.998047
17777,512,34958,68.277344
17778,512,38000,74.218750
17779,512,40292,78.695312
17780,512,38334,74.871094
17781,512,36125,70.556641
17782,512,37792,73.812500
17783,512,39041,76.251953
17784,512,37500,73.242188
17785,512,35459,69.255859
17786,512,37125,72.509766
17787,512,37375,72.998047
17788,512,36375,71.044922
17789,512,37709,73.650391
17790,512,36916,72.101562
17791,512,36583,71.451172
17792,512,36792,71.859375
17793,512,37000,72.265625
17794,512,37375,72.998047
17795,512,38083,74.380859
17796,512,37167,72.591797
17797,512,38041,74.298828
17798,512,39709,77.556641
17799,512,41292,80.648438
17800,512,37667,73.568359
17801,512,36791,71.857422
17802,512,39333,76.822266
17803,512,35292,68.929688
17804,512,35750,69.824219
17805,512,36416,71.125000
17806,512,35084,68.523438
17807,512,36500,71.289062
17808,512,37291,72.833984
17809,512,35792,69.906250
17810,512,37458,73.160156
17811,512,39958,78.042969
17812,512,36000,70.312500
17813,512,36625,71.533203
17814,512,38833,75.845703
17815,512,37958,74.136719
17816,512,37292,72.835938
17817,512,36750,71.777344
17818,512,37833,73.892578
17819,512,38375,74.951172
17820,512,37375,72.998047
17821,512,37750,73.730469
17822,512,36250,70.800781
17823,512,37417,73.080078
17824,512,35458,69.253906
17825,512,36833,71.939453
17826,512,34417,67.220703
17827,512,38208,74.625000
17828,512,36375,71.044922
17829,512,38917,76.009766
17830,512,38708,75.601562
17831,512,36750,71.777344
17832,512,36375,71.044922
17833,512,36833,71.939453
17834,512,38500,75.195312
17835,512,37083,72.427734
17836,512,37375,72.998047
17837,512,36750,71.777344
17838,512,35041,68.439453
17839,512,37042,72.347656
17840,512,37625,73.486328
17841,512,36958,72.183594
17842,512,36584,71.453125
17843,512,38083,74.380859
17844,512,36083,70.474609
17845,512,39000,76.171875
17846,512,37750,73.730469
17847,512,36834,71.941406
17848,512,36875,72.021484
17849,512,37000,72.265625
17850,512,37583,73.404297
17851,512,35542,69.417969
17852,512,36917,72.103516
17853,512,35417,69.173828
17854,512,37833,73.892578
17855,512,39625,77.392578
17856,512,38083,74.380859
17857,512,37667,73.568359
17858,512,35792,69.906250
17859,512,36792,71.859375
17860,512,39125,76.416016
17861,512,38375,74.951172
17862,512,38916,76.007812
17863,512,37959,74.138672
17864,512,37625,73.486328
17865,512,38125,74.462891
17866,512,37459,73.162109
17867,512,38000,74.218750
17868,512,36084,70.476562
17869,512,37083,72.427734
17870,512,38042,74.300781
17871,512,37000,72.265625
17872,512,34584,67.546875
17873,512,37083,72.427734
17874,512,34167,66.732422
17875,512,35791,69.904297
17876,512,34083,66.568359
17877,512,35583,69.498047
17878,512,35917,70.150391
17879,512,37750,73.730469
17880,512,37666,73.566406
17881,512,36500,71.289062
17882,512,36708,71.695312
17883,512,35542,69.417969
17884,512,37375,72.998047
17885,512,36083,70.474609
17886,512,37333,72.916016
17887,512,36042,70.394531
17888,512,35666,69.660156
17889,512,36667,71.615234
17890,512,37250,72.753906
17891,512,38375,74.951172
17892,512,39333,76.822266
17893,512,36875,72.021484
17894,512,40333,78.775391
17895,512,38000,74.218750
17896,512,38583,75.357422
17897,512,37709,73.650391
17898,512,37834,73.894531
17899,512,37541,73.322266
17900,512,36417,71.126953
17901,512,37500,73.242188
17902,512,38583,75.357422
17903,512,38375,74.951172
17904,512,37375,72.998047
17905,512,37083,72.427734
17906,512,37458,73.160156
17907,512,39209,76.580078
17908,512,38208,74.625000
17909,512,37166,72.589844
17910,512,37667,73.568359
17911,512,36750,71.777344
17912,512,37542,73.324219
17913,512,36291,70.880859
17914,512,46333,90.494141
17915,512,37042,72.347656
17916,512,36958,72.183594
17917,512,41417,80.892578
17918,512,36834,71.941406
17919,512,39625,77.392578
17920,512,40750,79.589844
17921,512,38625,75.439453
17922,512,38625,75.439453
17923,512,36125,70.556641
17924,512,41708,81.460938
17925,512,41584,81.218750
17926,512,40291,78.693359
17927,512,38917,76.009766
17928,512,37541,73.322266
17929,512,37792,73.812500
17930,512,39875,77.880859
17931,512,37459,73.162109
17932,512,43166,84.308594
17933,512,38708,75.601562
17934,512,37375,72.998047
17935,512,40250,78.613281
17936,512,43333,84.634766
17937,512,36875,72.021484
17938,512,39917,77.962891
17939,512,40042,78.207031
17940,512,36625,71.533203
17941,512,39875,77.880859
17942,512,38916,76.007812
17943,512,36584,71.453125
17944,512,38959,76.091797
17945,512,35625,69.580078
17946,512,39084,76.335938
17947,512,40084,78.289062
17948,512,37125,72.509766
17949,512,38166,74.542969
17950,512,39167,76.498047
17951,512,37917,74.056641
17952,512,36667,71.615234
17953,512,38042,74.300781
17954,512,35625,69.580078
17955,512,35792,69.906250
17956,512,38458,75.113281
17957,512,36875,72.021484
17958,512,37041,72.345703
17959,512,37542,73.324219
17960,512,39041,76.251953
17961,512,36083,70.474609
17962,512,40667,79.427734
17963,512,37375,72.998047
17964,512,37250,72.753906
17965,512,37167,72.591797
17966,512,37250,72.753906
17967,512,38416,75.031250
17968,512,38334,74.871094
17969,512,45709,89.275391
17970,512,36708,71.695312
17971,512,38083,74.380859
17972,512,38208,74.625000
17973,512,37000,72.265625
17974,512,37583,73.404297
17975,512,39042,76.253906
17976,512,37083,72.427734
17977,512,38334,74.871094
17978,512,36625,71.533203
17979,512,37417,73.080078
17980,512,36791,71.857422
17981,512,37334,72.917969
17982,512,35958,70.230469
17983,512,38416,75.031250
17984,512,36458,71.207031
17985,512,38125,74.462891
17986,512,39167,76.498047
17987,512,37666,73.566406
17988,512,38042,74.300781
17989,512,38458,75.113281
17990,512,36917,72.103516
17991,512,37416,73.078125
17992,512,37583,73.404297
17993,512,37459,73.162109
17994,512,37291,72.833984
17995,512,35959,70.232422
17996,512,38875,75.927734
17997,512,37709,73.650391
17998,512,39250,76.660156
17999,512,36416,71.125000
18000,512,35917,70.150391
18001,512,36250,70.800781
18002,512,37792,73.812500
18003,512,38541,75.275391
18004,512,38000,74.218750
18005,512,37250,72.753906
18006,512,42667,83.333984
18007,512,46042,89.925781
18008,512,35125,68.603516
18009,512,36416,71.125000
18010,512,39917,77.962891
18011,512,36250,70.800781
18012,512,38875,75.927734
18013,512,37250,72.753906
18014,512,39417,76.986328
18015,512,38750,75.683594
18016,512,36750,71.777344
18017,512,36708,71.695312
18018,512,36875,72.021484
18019,512,37666,73.566406
18020,512,38792,75.765625
18021,512,37333,72.916016
18022,512,37500,73.242188
18023,512,38000,74.218750
18024,512,37084,72.429688
18025,512,36375,71.044922
18026,512,38250,74.707031
18027,512,40500,79.101562
18028,512,36583,71.451172
18029,512,37375,72.998047
18030,512,38750,75.683594
18031,512,38000,74.218750
18032,512,38791,75.763672
18033,512,39375,76.904297
18034,512,38125,74.462891
18035,512,38708,75.601562
18036,512,38958,76.089844
18037,512,37500,73.242188
18038,512,36583,71.451172
18039,512,39167,76.498047
18040,512,38958,76.089844
18041,512,38959,76.091797
18042,512,39000,76.171875
18043,512,37834,73.894531
18044,512,37625,73.486328
18045,512,37333,72.916016
18046,512,39083,76.333984
18047,512,40125,78.369141
18048,512,40667,79.427734
18049,512,38750,75.683594
18050,512,39125,76.416016
18051,512,37333,72.916016
18052,512,38625,75.439453
18053,512,37000,72.265625
18054,512,36417,71.126953
18055,512,37292,72.835938
18056,512,37709,73.650391
18057,512,38625,75.439453
18058,512,37750,73.730469
18059,512,37834,73.894531
18060,512,39416,76.984375
18061,512,41000,80.078125
18062,512,38375,74.951172
18063,512,37125,72.509766
18064,512,37125,72.509766
18065,512,36417,71.126953
18066,512,37375,72.998047
18067,512,37083,72.427734
18068,512,37333,72.916016
18069,512,39750,77.636719
18070,512,37625,73.486328
18071,512,37250,72.753906
18072,512,37500,73.242188
18073,512,38166,74.542969
18074,512,37292,72.835938
18075,512,39625,77.392578
18076,512,37500,73.242188
18077,512,37459,73.162109
18078,512,37834,73.894531
18079,512,37250,72.753906
18080,512,40459,79.021484
18081,512,37958,74.136719
18082,512,39500,77.148438
18083,512,37458,73.160156
18084,512,36750,71.777344
18085,512,37833,73.892578
18086,512,37875,73.974609
18087,512,37500,73.242188
18088,512,38208,74.625000
18089,512,37667,73.568359
18090,512,39667,77.474609
18091,512,37791,73.810547
18092,512,36959,72.185547
18093,512,39250,76.660156
18094,512,36333,70.962891
18095,512,38208,74.625000
18096,512,38708,75.601562
18097,512,35916,70.148438
18098,512,36959,72.185547
18099,512,39709,77.556641
18100,512,39000,76.171875
18101,512,40042,78.207031
18102,512,38250,74.707031
18103,512,38458,75.113281
18104,512,38583,75.357422
18105,512,36792,71.859375
18106,512,37250,72.753906
18107,512,36042,70.394531
18108,512,39208,76.578125
18109,512,39584,77.312500
18110,512,38917,76.009766
18111,512,36916,72.101562
18112,512,37125,72.509766
18113,512,37208,72.671875
18114,512,37542,73.324219
18115,512,42500,83.007812
18116,512,45584,89.031250
18117,512,37166,72.589844
18118,512,38334,74.871094
18119,512,37209,72.673828
18120,512,36084,70.476562
18121,512,37541,73.322266
18122,512,38167,74.544922
18123,512,37208,72.671875
18124,512,37958,74.136719
18125,512,38459,75.115234
18126,512,36750,71.777344
18127,512,36500,71.289062
18128,512,36166,70.636719
18129,512,36792,71.859375
18130,512,37625,73.486328
18131,512,36541,71.369141
18132,512,34584,67.546875
18133,512,37833,73.892578
18134,512,37958,74.136719
18135,512,36875,72.021484
18136,512,37250,72.753906
18137,512,38083,74.380859
18138,512,34625,67.626953
18139,512,37875,73.974609
18140,512,36500,71.289062
18141,512,36583,71.451172
18142,512,36917,72.103516
18143,512,37458,73.160156
18144,512,37375,72.998047
18145,512,36791,71.857422
18146,512,36333,70.962891
18147,512,37750,73.730469
18148,512,37083,72.427734
18149,512,36667,71.615234
18150,512,37708,73.648438
18151,512,37292,72.835938
18152,512,37583,73.404297
18153,512,37125,72.509766
18154,512,36958,72.183594
18155,512,36292,70.882812
18156,512,35416,69.171875
18157,512,37042,72.347656
18158,512,36459,71.208984
18159,512,36792,71.859375
18160,512,36208,70.718750
18161,512,38250,74.707031
18162,512,37042,72.347656
18163,512,36916,72.101562
18164,512,38792,75.765625
18165,512,39458,77.066406
18166,512,38667,75.521484
18167,512,37166,72.589844
18168,512,36084,70.476562
18169,512,36625,71.533203
18170,512,36542,71.371094
18171,512,35875,70.068359
18172,512,36958,72.183594
18173,512,38208,74.625000
18174,512,35709,69.744141
18175,512,36167,70.638672
18176,512,36500,71.289062
18177,512,35416,69.171875
18178,512,40625,79.345703
18179,512,38375,74.951172
18180,512,37084,72.429688
18181,512,36791,71.857422
18182,512,36917,72.103516
18183,512,37500,73.242188
18184,512,38167,74.544922
18185,512,37625,73.486328
18186,512,40125,78.369141
18187,512,38292,74.789062
18188,512,37917,74.056641
18189,512,38500,75.195312
18190,512,39541,77.228516
18191,512,36167,70.638672
18192,512,36417,71.126953
18193,512,36833,71.939453
18194,512,37042,72.347656
18195,512,38708,75.601562
18196,512,38542,75.277344
18197,512,35750,69.824219
18198,512,36875,72.021484
18199,512,36584,71.453125
18200,512,37500,73.242188
18201,512,40458,79.019531
18202,512,38958,76.089844
18203,512,37042,72.347656
18204,512,38208,74.625000
18205,512,36833,71.939453
18206,512,38208,74.625000
18207,512,36084,70.476562
18208,512,39083,76.333984
18209,512,38333,74.869141
18210,512,40500,79.101562
18211,512,38584,75.359375
18212,512,37458,73.160156
18213,512,39208,76.578125
18214,512,42083,82.193359
18215,512,37917,74.056641
18216,512,38458,75.113281
18217,512,37083,72.427734
18218,512,37167,72.591797
18219,512,36167,70.638672
18220,512,36917,72.103516
18221,512,37041,72.345703
18222,512,36000,70.312500
18223,512,37125,72.509766
18224,512,36750,71.777344
18225,512,37166,72.589844
18226,512,37167,72.591797
18227,512,37916,74.054688
18228,512,35792,69.906250
18229,512,37041,72.345703
18230,512,37750,73.730469
18231,512,41125,80.322266
18232,512,36583,71.451172
18233,512,37833,73.892578
18234,512,38667,75.521484
18235,512,37625,73.486328
18236,512,35209,68.767578
18237,512,38292,74.789062
18238,512,36833,71.939453
18239,512,37292,72.835938
18240,512,38167,74.544922
18241,512,35833,69.986328
18242,512,37334,72.917969
18243,512,41333,80.728516
18244,512,35875,70.068359
18245,512,37333,72.916016
18246,512,36917,72.103516
18247,512,35958,70.230469
18248,512,37583,73.404297
18249,512,36625,71.533203
18250,512,37708,73.648438
18251,512,36792,71.859375
18252,512,35250,68.847656
18253,512,37416,73.078125
18254,512,35250,68.847656
18255,512,37625,73.486328
18256,512,35750,69.824219
18257,512,36375,71.044922
18258,512,35375,69.091797
18259,512,35958,70.230469
18260,512,37083,72.427734
18261,512,37041,72.345703
18262,512,37250,72.753906
18263,512,38875,75.927734
18264,512,37958,74.136719
18265,512,37375,72.998047
18266,512,37042,72.347656
18267,512,37208,72.671875
18268,512,36667,71.615234
18269,512,37125,72.509766
18270,512,37125,72.509766
18271,512,38917,76.009766
18272,512,38125,74.462891
18273,512,35833,69.986328
18274,512,38125,74.462891
18275,512,37083,72.427734
18276,512,36542,71.371094
18277,512,36333,70.962891
18278,512,35750,69.824219
18279,512,37875,73.974609
18280,512,36958,72.183594
18281,512,39417,76.986328
18282,512,38083,74.380859
18283,512,35583,69.498047
18284,512,40917,79.916016
18285,512,36167,70.638672
18286,512,35334,69.011719
18287,512,35792,69.906250
18288,512,37750,73.730469
18289,512,37542,73.324219
18290,512,37458,73.160156
18291,512,36042,70.394531
18292,512,36125,70.556641
18293,512,38375,74.951172
18294,512,37209,72.673828
18295,512,37041,72.345703
18296,512,35250,68.847656
18297,512,35584,69.500000
18298,512,39042,76.253906
18299,512,37791,73.810547
18300,512,35959,70.232422
18301,512,38625,75.439453
18302,512,35875,70.068359
18303,512,37833,73.892578
18304,512,36417,71.126953
18305,512,37666,73.566406
18306,512,35958,70.230469
18307,512,35792,69.906250
18308,512,35875,70.068359
18309,512,35833,69.986328
18310,512,38042,74.300781
18311,512,38500,75.195312
18312,512,37875,73.974609
18313,512,37209,72.673828
18314,512,36875,72.021484
18315,512,39417,76.986328
18316,512,38916,76.007812
18317,512,38167,74.544922
18318,512,37708,73.648438
18319,512,35875,70.068359
18320,512,37500,73.242188
18321,512,36584,71.453125
18322,512,35666,69.660156
18323,512,35667,69.662109
18324,512,39042,76.253906
18325,512,36875,72.021484
18326,512,37959,74.138672
18327,512,36042,70.394531
18328,512,39458,77.066406
18329,512,36333,70.962891
18330,512,36959,72.185547
18331,512,37709,73.650391
18332,512,37041,72.345703
18333,512,37583,73.404297
18334,512,36208,70.718750
18335,512,36958,72.183594
18336,512,40250,78.613281
18337,512,38667,75.521484
18338,512,37583,73.404297
18339,512,36875,72.021484
18340,512,36333,70.962891
18341,512,38333,74.869141
18342,512,36417,71.126953
18343,512,38250,74.707031
18344,512,36500,71.289062
18345,512,39709,77.556641
18346,512,38500,75.195312
18347,512,36916,72.101562
18348,512,37042,72.347656
18349,512,36625,71.533203
18350,512,37291,72.833984
18351,512,36250,70.800781
18352,512,37333,72.916016
18353,512,36417,71.126953
18354,512,36166,70.636719
18355,512,36375,71.044922
18356,512,35000,68.359375
18357,512,36917,72.103516
18358,512,35625,69.580078
18359,512,35000,68.359375
18360,512,37708,73.648438
18361,512,35167,68.685547
18362,512,37625,73.486328
18363,512,38208,74.625000
18364,512,36250,70.800781
18365,512,37416,73.078125
18366,512,36875,72.021484
18367,512,36250,70.800781
18368,512,36250,70.800781
18369,512,36583,71.451172
18370,512,35125,68.603516
18371,512,35708,69.742188
18372,512,35334,69.011719
18373,512,37291,72.833984
18374,512,36625,71.533203
18375,512,37500,73.242188
18376,512,35167,68.685547
18377,512,40000,78.125000
18378,512,36792,71.859375
18379,512,37208,72.671875
18380,512,35958,70.230469
18381,512,38209,74.626953
18382,512,36584,71.453125
18383,512,37875,73.974609
18384,512,36792,71.859375
18385,512,39917,77.962891
18386,512,37209,72.673828
18387,512,34416,67.218750
18388,512,36500,71.289062
18389,512,35833,69.986328
18390,512,37917,74.056641
18391,512,38750,75.683594
18392,512,36417,71.126953
18393,512,37084,72.429688
18394,512,37375,72.998047
18395,512,35208,68.765625
18396,512,38042,74.300781
18397,512,38834,75.847656
18398,512,40083,78.287109
18399,512,37292,72.835938
18400,512,38500,75.195312
18401,512,37875,73.974609
18402,512,38250,74.707031
18403,512,37791,73.810547
18404,512,38250,74.707031
18405,512,35000,68.359375
18406,512,36875,72.021484
18407,512,36833,71.939453
18408,512,37500,73.242188
18409,512,37667,73.568359
18410,512,36333,70.962891
18411,512,35750,69.824219
18412,512,37625,73.486328
18413,512,36791,71.857422
18414,512,36292,70.882812
18415,512,37250,72.753906
18416,512,36083,70.474609
18417,512,37667,73.568359
18418,512,36416,71.125000
18419,512,36583,71.451172
18420,512,37917,74.056641
18421,512,37791,73.810547
18422,512,36833,71.939453
18423,512,36125,70.556641
18424,512,36209,70.720703
18425,512,36333,70.962891
18426,512,35916,70.148438
18427,512,38375,74.951172
18428,512,38292,74.789062
18429,512,35417,69.173828
18430,512,36916,72.101562
18431,512,36209,70.720703
18432,512,37292,72.835938
18433,512,37958,74.136719
18434,512,36542,71.371094
18435,512,35125,68.603516
18436,512,34750,67.871094
18437,512,36958,72.183594
18438,512,37208,72.671875
18439,512,40292,78.695312
18440,512,38125,74.462891
18441,512,37000,72.265625
18442,512,38833,75.845703
18443,512,36125,70.556641
18444,512,37250,72.753906
18445,512,36500,71.289062
18446,512,38750,75.683594
18447,512,37459,73.162109
18448,512,35458,69.253906
18449,512,35041,68.439453
18450,512,36542,71.371094
18451,512,35291,68.927734
18452,512,35667,69.662109
18453,512,36500,71.289062
18454,512,37166,72.589844
18455,512,37334,72.917969
18456,512,37250,72.753906
18457,512,35209,68.767578
18458,512,38083,74.380859
18459,512,38541,75.275391
18460,512,36000,70.312500
18461,512,36458,71.207031
18462,512,36208,70.718750
18463,512,37333,72.916016
18464,512,38709,75.603516
18465,512,38667,75.521484
18466,512,37125,72.509766
18467,512,35583,69.498047
18468,512,37875,73.974609
18469,512,36375,71.044922
18470,512,35625,69.580078
18471,512,36125,70.556641
18472,512,38250,74.707031
18473,512,38166,74.542969
18474,512,37834,73.894531
18475,512,38375,74.951172
18476,512,38750,75.683594
18477,512,36167,70.638672
18478,512,35500,69.335938
18479,512,36084,70.476562
18480,512,38083,74.380859
18481,512,39917,77.962891
18482,512,35000,68.359375
18483,512,36208,70.718750
18484,512,36541,71.369141
18485,512,36208,70.718750
18486,512,42042,82.113281
18487,512,37625,73.486328
18488,512,35458,69.253906
18489,512,34833,68.033203
18490,512,37125,72.509766
18491,512,37583,73.404297
18492,512,38083,74.380859
18493,512,38000,74.218750
18494,512,36167,70.638672
18495,512,36041,70.392578
18496,512,35708,69.742188
18497,512,40792,79.671875
18498,512,36541,71.369141
18499,512,36583,71.451172
18500,512,37084,72.429688
18501,512,37667,73.568359
18502,512,35500,69.335938
18503,512,39333,76.822266
18504,512,35834,69.988281
18505,512,34333,67.056641
18506,512,38250,74.707031
18507,512,35750,69.824219
18508,512,35334,69.011719
18509,512,36666,71.613281
18510,512,35875,70.068359
18511,512,37125,72.509766
18512,512,34750,67.871094
18513,512,35083,68.521484
18514,512,35875,70.068359
18515,512,36292,70.882812
18516,512,37166,72.589844
18517,512,37834,73.894531
18518,512,38875,75.927734
18519,512,36375,71.044922
18520,512,37875,73.974609
18521,512,36334,70.964844
18522,512,40125,78.369141
18523,512,36250,70.800781
18524,512,40459,79.021484
18525,512,36459,71.208984
18526,512,37083,72.427734
18527,512,36000,70.312500
18528,512,39208,76.578125
18529,512,36209,70.720703
18530,512,36208,70.718750
18531,512,40125,78.369141
18532,512,42166,82.355469
18533,512,37000,72.265625
18534,512,44959,87.810547
18535,512,37500,73.242188
18536,512,37125,72.509766
18537,512,35375,69.091797
18538,512,39708,77.554688
18539,512,36125,70.556641
18540,512,37458,73.160156
18541,512,36750,71.777344
18542,512,39542,77.230469
18543,512,37542,73.324219
18544,512,36000,70.312500
18545,512,36083,70.474609
18546,512,35875,70.068359
18547,512,37042,72.347656
18548,512,35459,69.255859
18549,512,38125,74.462891
18550,512,36542,71.371094
18551,512,35625,69.580078
18552,512,36583,71.451172
18553,512,36666,71.613281
18554,512,35250,68.847656
18555,512,36625,71.533203
18556,512,37959,74.138672
18557,512,39375,76.904297
18558,512,36667,71.615234
18559,512,36625,71.533203
18560,512,35792,69.906250
18561,512,36375,71.044922
18562,512,37000,72.265625
18563,512,38583,75.357422
18564,512,39125,76.416016
18565,512,38833,75.845703
18566,512,38375,74.951172
18567,512,36833,71.939453
18568,512,38750,75.683594
18569,512,39375,76.904297
18570,512,36292,70.882812
18571,512,37958,74.136719
18572,512,37083,72.427734
18573,512,35500,69.335938
18574,512,38458,75.113281
18575,512,37125,72.509766
18576,512,37459,73.162109
18577,512,36625,71.533203
18578,512,36708,71.695312
18579,512,37542,73.324219
18580,512,39541,77.228516
18581,512,38917,76.009766
18582,512,36167,70.638672
18583,512,38458,75.113281
18584,512,37333,72.916016
18585,512,36834,71.941406
18586,512,37916,74.054688
18587,512,36750,71.777344
18588,512,34833,68.033203
18589,512,35584,69.500000
18590,512,37000,72.265625
18591,512,37542,73.324219
18592,512,36416,71.125000
18593,512,37250,72.753906
18594,512,37000,72.265625
18595,512,36000,70.312500
18596,512,38708,75.601562
18597,512,36250,70.800781
18598,512,39000,76.171875
18599,512,36250,70.800781
18600,512,37500,73.242188
18601,512,39458,77.066406
18602,512,39542,77.230469
18603,512,40833,79.751953
18604,512,40917,79.916016
18605,512,37625,73.486328
18606,512,37750,73.730469
18607,512,38459,75.115234
18608,512,38708,75.601562
18609,512,37292,72.835938
18610,512,36834,71.941406
18611,512,37541,73.322266
18612,512,37625,73.486328
18613,512,40417,78.939453
18614,512,37000,72.265625
18615,512,35291,68.927734
18616,512,37458,73.160156
18617,512,37459,73.162109
18618,512,38583,75.357422
18619,512,39667,77.474609
18620,512,36917,72.103516
18621,512,36583,71.451172
18622,512,37959,74.138672
18623,512,35750,69.824219
18624,512,37291,72.833984
18625,512,37959,74.138672
18626,512,36916,72.101562
18627,512,35292,68.929688
18628,512,36291,70.880859
18629,512,35292,68.929688
18630,512,36750,71.777344
18631,512,37500,73.242188
18632,512,37292,72.835938
18633,512,37958,74.136719
18634,512,37375,72.998047
18635,512,35833,69.986328
18636,512,37833,73.892578
18637,512,38458,75.113281
18638,512,39958,78.042969
18639,512,36542,71.371094
18640,512,35208,68.765625
18641,512,35500,69.335938
18642,512,34250,66.894531
18643,512,34958,68.277344
18644,512,35459,69.255859
18645,512,38333,74.869141
18646,512,38250,74.707031
18647,512,36000,70.312500
18648,512,36958,72.183594
18649,512,37750,73.730469
18650,512,37375,72.998047
18651,512,37958,74.136719
18652,512,37459,73.162109
18653,512,38500,75.195312
18654,512,38125,74.462891
18655,512,36500,71.289062
18656,512,39209,76.580078
18657,512,37375,72.998047
18658,512,36250,70.800781
18659,512,35375,69.091797
18660,512,35458,69.253906
18661,512,36292,70.882812
18662,512,35458,69.253906
18663,512,38708,75.601562
18664,512,39209,76.580078
18665,512,36708,71.695312
18666,512,34917,68.197266
18667,512,35875,70.068359
18668,512,36916,72.101562
18669,512,37042,72.347656
18670,512,38333,74.869141
18671,512,36750,71.777344
18672,512,38375,74.951172
18673,512,36834,71.941406
18674,512,36208,70.718750
18675,512,37583,73.404297
18676,512,38792,75.765625
18677,512,35459,69.255859
18678,512,37125,72.509766
18679,512,37333,72.916016
18680,512,37416,73.078125
18681,512,38250,74.707031
18682,512,37792,73.812500
18683,512,37333,72.916016
18684,512,36833,71.939453
18685,512,35542,69.417969
18686,512,38416,75.031250
18687,512,35083,68.521484
18688,512,39167,76.498047
18689,512,36958,72.183594
18690,512,35375,69.091797
18691,512,36250,70.800781
18692,512,37041,72.345703
18693,512,38625,75.439453
18694,512,36417,71.126953
18695,512,36166,70.636719
18696,512,37417,73.080078
18697,512,38000,74.218750
18698,512,35750,69.824219
18699,512,36667,71.615234
18700,512,38959,76.091797
18701,512,38375,74.951172
18702,512,37667,73.568359
18703,512,36792,71.859375
18704,512,36416,71.125000
18705,512,36750,71.777344
18706,512,36708,71.695312
18707,512,36750,71.777344
18708,512,38250,74.707031
18709,512,35625,69.580078
18710,512,36750,71.777344
18711,512,37958,74.136719
18712,512,36625,71.533203
18713,512,35292,68.929688
18714,512,35917,70.150391
18715,512,36042,70.394531
18716,512,37833,73.892578
18717,512,38458,75.113281
18718,512,38083,74.380859
18719,512,36417,71.126953
18720,512,36083,70.474609
18721,512,36292,70.882812
18722,512,38042,74.300781
18723,512,37500,73.242188
18724,512,37166,72.589844
18725,512,36333,70.962891
18726,512,36000,70.312500
18727,512,36916,72.101562
18728,512,37584,73.406250
18729,512,38708,75.601562
18730,512,37791,73.810547
18731,512,35209,68.767578
18732,512,35917,70.150391
18733,512,35458,69.253906
18734,512,37167,72.591797
18735,512,38208,74.625000
18736,512,36625,71.533203
18737,512,37166,72.589844
18738,512,36292,70.882812
18739,512,35917,70.150391
18740,512,37458,73.160156
18741,512,36125,70.556641
18742,512,36000,70.312500
18743,512,35041,68.439453
18744,512,34375,67.138672
18745,512,34417,67.220703
18746,512,36750,71.777344
18747,512,36375,71.044922
18748,512,35917,70.150391
18749,512,38833,75.845703
18750,512,37042,72.347656
18751,512,37625,73.486328
18752,512,36792,71.859375
18753,512,38333,74.869141
18754,512,38959,76.091797
18755,512,37875,73.974609
18756,512,36375,71.044922
18757,512,35875,70.068359
18758,512,35834,69.988281
18759,512,38417,75.033203
18760,512,37500,73.242188
18761,512,38666,75.519531
18762,512,38125,74.462891
18763,512,35000,68.359375
18764,512,36416,71.125000
18765,512,35834,69.988281
18766,512,36291,70.880859
18767,512,36833,71.939453
18768,512,38542,75.277344
18769,512,37875,73.974609
18770,512,35916,70.148438
18771,512,37917,74.056641
18772,512,35667,69.662109
18773,512,36917,72.103516
18774,512,35875,70.068359
18775,512,36208,70.718750
18776,512,35542,69.417969
18777,512,40375,78.857422
18778,512,36667,71.615234
18779,512,35209,68.767578
18780,512,36584,71.453125
18781,512,37042,72.347656
18782,512,35917,70.150391
18783,512,36958,72.183594
18784,512,36416,71.125000
18785,512,37334,72.917969
18786,512,36375,71.044922
18787,512,36583,71.451172
18788,512,37459,73.162109
18789,512,35791,69.904297
18790,512,35959,70.232422
18791,512,35958,70.230469
18792,512,36083,70.474609
18793,512,37959,74.138672
18794,512,38916,76.007812
18795,512,36333,70.962891
18796,512,38500,75.195312
18797,512,37833,73.892578
18798,512,35917,70.150391
18799,512,36541,71.369141
18800,512,36667,71.615234
18801,512,36750,71.777344
18802,512,36792,71.859375
18803,512,36458,71.207031
18804,512,36667,71.615234
18805,512,36791,71.857422
18806,512,37875,73.974609
18807,512,33792,66.000000
18808,512,35500,69.335938
18809,512,36542,71.371094
18810,512,38458,75.113281
18811,512,38417,75.033203
18812,512,35500,69.335938
18813,512,36833,71.939453
18814,512,38041,74.298828
18815,512,36417,71.126953
18816,512,37791,73.810547
18817,512,44750,87.402344
18818,512,36542,71.371094
18819,512,37166,72.589844
18820,512,36333,70.962891
18821,512,35958,70.230469
18822,512,35417,69.173828
18823,512,38875,75.927734
18824,512,36667,71.615234
18825,512,37500,73.242188
18826,512,36666,71.613281
18827,512,35875,70.068359
18828,512,37667,73.568359
18829,512,36250,70.800781
18830,512,35708,69.742188
18831,512,36292,70.882812
18832,512,39125,76.416016
18833,512,36541,71.369141
18834,512,38500,75.195312
18835,512,37459,73.162109
18836,512,37084,72.429688
18837,512,36458,71.207031
18838,512,36625,71.533203
18839,512,36750,71.777344
18840,512,36208,70.718750
18841,512,37208,72.671875
18842,512,35250,68.847656
18843,512,36250,70.800781
18844,512,37709,73.650391
18845,512,35916,70.148438
18846,512,36042,70.394531
18847,512,35959,70.232422
18848,512,37166,72.589844
18849,512,36250,70.800781
18850,512,35000,68.359375
18851,512,38625,75.439453
18852,512,37916,74.054688
18853,512,37792,73.812500
18854,512,37125,72.509766
18855,512,37750,73.730469
18856,512,36250,70.800781
18857,512,36292,70.882812
18858,512,37750,73.730469
18859,512,37708,73.648438
18860,512,39291,76.740234
18861,512,37083,72.427734
18862,512,36042,70.394531
18863,512,36792,71.859375
18864,512,39458,77.066406
18865,512,36125,70.556641
18866,512,35875,70.068359
18867,512,39125,76.416016
18868,512,37166,72.589844
18869,512,38000,74.218750
18870,512,38959,76.091797
18871,512,37583,73.404297
18872,512,39292,76.742188
18873,512,37125,72.509766
18874,512,36958,72.183594
18875,512,38000,74.218750
18876,512,37125,72.509766
18877,512,36709,71.697266
18878,512,37208,72.671875
18879,512,35958,70.230469
18880,512,36791,71.857422
18881,512,37500,73.242188
18882,512,38959,76.091797
18883,512,38042,74.300781
18884,512,42541,83.087891
18885,512,36792,71.859375
18886,512,38375,74.951172
18887,512,41125,80.322266
18888,512,40750,79.589844
18889,512,39083,76.333984
18890,512,38792,75.765625
18891,512,37625,73.486328
18892,512,40583,79.263672
18893,512,40500,79.101562
18894,512,38708,75.601562
18895,512,36625,71.533203
18896,512,38792,75.765625
18897,512,39708,77.554688
18898,512,39750,77.636719
18899,512,39167,76.498047
18900,512,38500,75.195312
18901,512,37584,73.406250
18902,512,36583,71.451172
18903,512,54625,106.689453
18904,512,36833,71.939453
18905,512,36417,71.126953
18906,512,37666,73.566406
18907,512,51208,100.015625
18908,512,37792,73.812500
18909,512,37625,73.486328
18910,512,38375,74.951172
18911,512,36875,72.021484
18912,512,37542,73.324219
18913,512,36833,71.939453
18914,512,37292,72.835938
18915,512,37584,73.406250
18916,512,37666,73.566406
18917,512,40959,79.998047
18918,512,34209,66.814453
18919,512,48000,93.750000
18920,512,37000,72.265625
18921,512,42625,83.251953
18922,512,43458,84.878906
18923,512,39042,76.253906
18924,512,37666,73.566406
18925,512,37917,74.056641
18926,512,35958,70.230469
18927,512,36083,70.474609
18928,512,36250,70.800781
18929,512,36500,71.289062
18930,512,35250,68.847656
18931,512,40125,78.369141
18932,512,36792,71.859375
18933,512,37500,73.242188
18934,512,38583,75.357422
18935,512,36750,71.777344
18936,512,37083,72.427734
18937,512,37417,73.080078
18938,512,37416,73.078125
18939,512,38417,75.033203
18940,512,36959,72.185547
18941,512,36166,70.636719
18942,512,37208,72.671875
18943,512,35500,69.335938
18944,512,35833,69.986328
18945,512,37542,73.324219
18946,512,37375,72.998047
18947,512,37625,73.486328
18948,512,36375,71.044922
18949,512,35958,70.230469
18950,512,34209,66.814453
18951,512,37416,73.078125
18952,512,37500,73.242188
18953,512,36750,71.777344
18954,512,38167,74.544922
18955,512,37833,73.892578
18956,512,37833,73.892578
18957,512,40959,79.998047
18958,512,35375,69.091797
18959,512,36083,70.474609
18960,512,35875,70.068359
18961,512,36583,71.451172
18962,512,38000,74.218750
18963,512,37458,73.160156
18964,512,36167,70.638672
18965,512,36541,71.369141
18966,512,35209,68.767578
18967,512,37458,73.160156
18968,512,37917,74.056641
18969,512,37000,72.265625
18970,512,36041,70.392578
18971,512,35417,69.173828
18972,512,36375,71.044922
18973,512,37959,74.138672
18974,512,36666,71.613281
18975,512,36459,71.208984
18976,512,35792,69.906250
18977,512,37166,72.589844
18978,512,36584,71.453125
18979,512,37250,72.753906
18980,512,37250,72.753906
18981,512,37208,72.671875
18982,512,35000,68.359375
18983,512,35875,70.068359
18984,512,37375,72.998047
18985,512,38333,74.869141
18986,512,38791,75.763672
18987,512,35834,69.988281
18988,512,37875,73.974609
18989,512,36333,70.962891
18990,512,37125,72.509766
18991,512,35791,69.904297
18992,512,37084,72.429688
18993,512,37500,73.242188
18994,512,38334,74.871094
18995,512,40041,78.205078
18996,512,38709,75.603516
18997,512,36291,70.880859
18998,512,37375,72.998047
18999,512,34375,67.138672
19000,512,37416,73.078125
19001,512,38334,74.871094
19002,512,37375,72.998047
19003,512,36625,71.533203
19004,512,36584,71.453125
19005,512,37375,72.998047
19006,512,36541,71.369141
19007,512,39125,76.416016
19008,512,39333,76.822266
19009,512,39167,76.498047
19010,512,35875,70.068359
19011,512,35708,69.742188
19012,512,34625,67.626953
19013,512,36666,71.613281
19014,512,35167,68.685547
19015,512,35458,69.253906
19016,512,37875,73.974609
19017,512,37458,73.160156
19018,512,41833,81.705078
19019,512,42542,83.089844
19020,512,37750,73.730469
19021,512,35500,69.335938
19022,512,38167,74.544922
19023,512,36333,70.962891
19024,512,35042,68.441406
19025,512,36750,71.777344
19026,512,36791,71.857422
19027,512,40959,79.998047
19028,512,37333,72.916016
19029,512,38250,74.707031
19030,512,35542,69.417969
19031,512,37416,73.078125
19032,512,39333,76.822266
19033,512,37500,73.242188
19034,512,35875,70.068359
19035,512,36125,70.556641
19036,512,35792,69.906250
19037,512,35208,68.765625
19038,512,35542,69.417969
19039,512,35666,69.660156
19040,512,38292,74.789062
19041,512,36291,70.880859
19042,512,38459,75.115234
19043,512,36750,71.777344
19044,512,37791,73.810547
19045,512,36875,72.021484
19046,512,37000,72.265625
19047,512,38000,74.218750
19048,512,35667,69.662109
19049,512,36958,72.183594
19050,512,37083,72.427734
19051,512,35542,69.417969
19052,512,35958,70.230469
19053,512,37083,72.427734
19054,512,39584,77.312500
19055,512,36208,70.718750
19056,512,38000,74.218750
19057,512,37333,72.916016
19058,512,37500,73.242188
19059,512,39458,77.066406
19060,512,38209,74.626953
19061,512,36333,70.962891
19062,512,37083,72.427734
19063,512,37667,73.568359
19064,512,37375,72.998047
19065,512,36083,70.474609
19066,512,42250,82.519531
19067,512,36250,70.800781
19068,512,36000,70.312500
19069,512,37916,74.054688
19070,512,36208,70.718750
19071,512,42375,82.763672
19072,512,38292,74.789062
19073,512,37209,72.673828
19074,512,35583,69.498047
19075,512,36167,70.638672
19076,512,37250,72.753906
19077,512,34792,67.953125
19078,512,36709,71.697266
19079,512,37708,73.648438
19080,512,37500,73.242188
19081,512,36417,71.126953
19082,512,39542,77.230469
19083,512,39667,77.474609
19084,512,37250,72.753906
19085,512,36833,71.939453
19086,512,42959,83.904297
19087,512,37083,72.427734
19088,512,35916,70.148438
19089,512,37292,72.835938
19090,512,38042,74.300781
19091,512,37041,72.345703
19092,512,38209,74.626953
19093,512,37750,73.730469
19094,512,36083,70.474609
19095,512,36042,70.394531
19096,512,36041,70.392578
19097,512,35667,69.662109
19098,512,41916,81.867188
19099,512,37042,72.347656
19100,512,35833,69.986328
19101,512,35125,68.603516
19102,512,36333,70.962891
19103,512,40292,78.695312
19104,512,36917,72.103516
19105,512,38334,74.871094
19106,512,37500,73.242188
19107,512,36917,72.103516
19108,512,38500,75.195312
19109,512,38500,75.195312
19110,512,36583,71.451172
19111,512,39542,77.230469
19112,512,40666,79.425781
19113,512,36625,71.533203
19114,512,36875,72.021484
19115,512,36791,71.857422
19116,512,34583,67.544922
19117,512,36042,70.394531
19118,512,37125,72.509766
19119,512,35833,69.986328
19120,512,46042,89.925781
19121,512,36292,70.882812
19122,512,37791,73.810547
19123,512,36709,71.697266
19124,512,38625,75.439453
19125,512,39166,76.496094
19126,512,39875,77.880859
19127,512,38292,74.789062
19128,512,35541,69.416016
19129,512,35750,69.824219
19130,512,37208,72.671875
19131,512,35917,70.150391
19132,512,36125,70.556641
19133,512,36583,71.451172
19134,512,36333,70.962891
19135,512,33958,66.324219
19136,512,34625,67.626953
19137,512,37917,74.056641
19138,512,36250,70.800781
19139,512,37792,73.812500
19140,512,36791,71.857422
19141,512,36333,70.962891
19142,512,39667,77.474609
19143,512,38209,74.626953
19144,512,37416,73.078125
19145,512,37000,72.265625
19146,512,38334,74.871094
19147,512,37250,72.753906
19148,512,37084,72.429688
19149,512,36375,71.044922
19150,512,37541,73.322266
19151,512,35458,69.253906
19152,512,38667,75.521484
19153,512,38833,75.845703
19154,512,39750,77.636719
19155,512,37875,73.974609
19156,512,39416,76.984375
19157,512,36834,71.941406
19158,512,35166,68.683594
19159,512,36500,71.289062
19160,512,35875,70.068359
19161,512,37541,73.322266
19162,512,36500,71.289062
19163,512,37375,72.998047
19164,512,36250,70.800781
19165,512,35417,69.173828
19166,512,36042,70.394531
19167,512,35666,69.660156
19168,512,37708,73.648438
19169,512,37875,73.974609
19170,512,37458,73.160156
19171,512,35667,69.662109
19172,512,36125,70.556641
19173,512,33709,65.837891
19174,512,36208,70.718750
19175,512,38042,74.300781
19176,512,36833,71.939453
19177,512,35458,69.253906
19178,512,35375,69.091797
19179,512,34708,67.789062
19180,512,35542,69.417969
19181,512,38292,74.789062
19182,512,36833,71.939453
19183,512,37208,72.671875
19184,512,37084,72.429688
19185,512,36125,70.556641
19186,512,35916,70.148438
19187,512,39042,76.253906
19188,512,37333,72.916016
19189,512,36292,70.882812
19190,512,35166,68.683594
19191,512,37917,74.056641
19192,512,38375,74.951172
19193,512,37458,73.160156
19194,512,35666,69.660156
19195,512,35292,68.929688
19196,512,38417,75.033203
19197,512,36084,70.476562
19198,512,36958,72.183594
19199,512,37583,73.404297
19200,512,37959,74.138672
19201,512,38125,74.462891
19202,512,37250,72.753906
19203,512,37584,73.406250
19204,512,39334,76.824219
19205,512,38292,74.789062
19206,512,36417,71.126953
19207,512,35708,69.742188
19208,512,38083,74.380859
19209,512,35167,68.685547
19210,512,38083,74.380859
19211,512,35584,69.500000
19212,512,37750,73.730469
19213,512,36584,71.453125
19214,512,40333,78.775391
19215,512,38792,75.765625
19216,512,38209,74.626953
19217,512,37917,74.056641
19218,512,36333,70.962891
19219,512,35959,70.232422
19220,512,35541,69.416016
19221,512,38875,75.927734
19222,512,36125,70.556641
19223,512,36584,71.453125
19224,512,35791,69.904297
19225,512,37333,72.916016
19226,512,36958,72.183594
19227,512,35292,68.929688
19228,512,36666,71.613281
19229,512,37167,72.591797
19230,512,36583,71.451172
19231,512,34541,67.462891
19232,512,37750,73.730469
19233,512,36875,72.021484
19234,512,34458,67.300781
19235,512,37125,72.509766
19236,512,36000,70.312500
19237,512,34833,68.033203
19238,512,38167,74.544922
19239,512,37208,72.671875
19240,512,40334,78.777344
19241,512,36541,71.369141
19242,512,37542,73.324219
19243,512,36667,71.615234
19244,512,38750,75.683594
19245,512,36625,71.533203
19246,512,36458,71.207031
19247,512,35834,69.988281
19248,512,35958,70.230469
19249,512,37583,73.404297
19250,512,37416,73.078125
19251,512,39333,76.822266
19252,512,38709,75.603516
19253,512,36166,70.636719
19254,512,36792,71.859375
19255,512,35458,69.253906
19256,512,37791,73.810547
19257,512,37500,73.242188
19258,512,38417,75.033203
19259,512,35708,69.742188
19260,512,36500,71.289062
19261,512,36541,71.369141
19262,512,34875,68.115234
19263,512,37708,73.648438
19264,512,37542,73.324219
19265,512,37084,72.429688
19266,512,37791,73.810547
19267,512,37500,73.242188
19268,512,35333,69.009766
19269,512,36041,70.392578
19270,512,37208,72.671875
19271,512,36584,71.453125
19272,512,36791,71.857422
19273,512,36292,70.882812
19274,512,36125,70.556641
19275,512,39542,77.230469
19276,512,38291,74.787109
19277,512,37500,73.242188
19278,512,36167,70.638672
19279,512,35333,69.009766
19280,512,37417,73.080078
19281,512,37041,72.345703
19282,512,36209,70.720703
19283,512,35834,69.988281
19284,512,35416,69.171875
19285,512,36959,72.185547
19286,512,36041,70.392578
19287,512,38750,75.683594
19288,512,35959,70.232422
19289,512,39250,76.660156
19290,512,38042,74.300781
19291,512,38042,74.300781
19292,512,38666,75.519531
19293,512,41042,80.160156
19294,512,36791,71.857422
19295,512,38625,75.439453
19296,512,38875,75.927734
19297,512,36458,71.207031
19298,512,34500,67.382812
19299,512,34166,66.730469
19300,512,36250,70.800781
19301,512,39459,77.068359
19302,512,37125,72.509766
19303,512,35958,70.230469
19304,512,36917,72.103516
19305,512,34375,67.138672
19306,512,36750,71.777344
19307,512,36791,71.857422
19308,512,36375,71.044922
19309,512,37084,72.429688
19310,512,36917,72.103516
19311,512,40333,78.775391
19312,512,36167,70.638672
19313,512,35250,68.847656
19314,512,36625,71.533203
19315,512,36375,71.044922
19316,512,36625,71.533203
19317,512,38917,76.009766
19318,512,36250,70.800781
19319,512,37875,73.974609
19320,512,36083,70.474609
19321,512,35750,69.824219
19322,512,36042,70.394531
19323,512,37500,73.242188
19324,512,37250,72.753906
19325,512,36625,71.533203
19326,512,38625,75.439453
19327,512,37042,72.347656
19328,512,36542,71.371094
19329,512,37416,73.078125
19330,512,36459,71.208984
19331,512,36041,70.392578
19332,512,37833,73.892578
19333,512,36417,71.126953
19334,512,37083,72.427734
19335,512,36083,70.474609
19336,512,35125,68.603516
19337,512,36000,70.312500
19338,512,37292,72.835938
19339,512,36750,71.777344
19340,512,35959,70.232422
19341,512,34916,68.195312
19342,512,38042,74.300781
19343,512,37292,72.835938
19344,512,36292,70.882812
19345,512,37708,73.648438
19346,512,37750,73.730469
19347,512,37125,72.509766
19348,512,35333,69.009766
19349,512,37208,72.671875
19350,512,39333,76.822266
19351,512,36625,71.533203
19352,512,36000,70.312500
19353,512,36583,71.451172
19354,512,36375,71.044922
19355,512,37625,73.486328
19356,512,36625,71.533203
19357,512,37291,72.833984
19358,512,39459,77.068359
19359,512,36833,71.939453
19360,512,38291,74.787109
19361,512,35375,69.091797
19362,512,37833,73.892578
19363,512,35625,69.580078
19364,512,36333,70.962891
19365,512,40833,79.751953
19366,512,37417,73.080078
19367,512,37458,73.160156
19368,512,41500,81.054688
19369,512,36541,71.369141
19370,512,37959,74.138672
19371,512,37209,72.673828
19372,512,37458,73.160156
19373,512,36250,70.800781
19374,512,36916,72.101562
19375,512,36250,70.800781
19376,512,37917,74.056641
19377,512,37708,73.648438
19378,512,37791,73.810547
19379,512,38334,74.871094
19380,512,39750,77.636719
19381,512,35584,69.500000
19382,512,38000,74.218750
19383,512,37500,73.242188
19384,512,39000,76.171875
19385,512,37458,73.160156
19386,512,36417,71.126953
19387,512,35166,68.683594
19388,512,38708,75.601562
19389,512,36917,72.103516
19390,512,37958,74.136719
19391,512,37083,72.427734
19392,512,37458,73.160156
19393,512,38458,75.113281
19394,512,37750,73.730469
19395,512,38416,75.031250
19396,512,36917,72.103516
19397,512,37958,74.136719
19398,512,37666,73.566406
19399,512,36833,71.939453
19400,512,36750,71.777344
19401,512,37084,72.429688
19402,512,39500,77.148438
19403,512,37334,72.917969
19404,512,37000,72.265625
19405,512,36709,71.697266
19406,512,35416,69.171875
19407,512,36542,71.371094
19408,512,37708,73.648438
19409,512,39166,76.496094
19410,512,35875,70.068359
19411,512,36250,70.800781
19412,512,37458,73.160156
19413,512,35417,69.173828
19414,512,34750,67.871094
19415,512,36333,70.962891
19416,512,35042,68.441406
19417,512,35041,68.439453
19418,512,35625,69.580078
19419,512,40208,78.531250
19420,512,41917,81.869141
19421,512,39125,76.416016
19422,512,38375,74.951172
19423,512,38833,75.845703
19424,512,41333,80.728516
19425,512,36625,71.533203
19426,512,37667,73.568359
19427,512,35000,68.359375
19428,512,37292,72.835938
19429,512,36125,70.556641
19430,512,39458,77.066406
19431,512,37041,72.345703
19432,512,37333,72.916016
19433,512,37125,72.509766
19434,512,37833,73.892578
19435,512,36500,71.289062
19436,512,35792,69.906250
19437,512,36625,71.533203
19438,512,38042,74.300781
19439,512,36167,70.638672
19440,512,37250,72.753906
19441,512,36209,70.720703
19442,512,37625,73.486328
19443,512,36125,70.556641
19444,512,36583,71.451172
19445,512,38125,74.462891
19446,512,39875,77.880859
19447,512,35625,69.580078
19448,512,36875,72.021484
19449,512,36416,71.125000
19450,512,38833,75.845703
19451,512,37167,72.591797
19452,512,36250,70.800781
19453,512,38875,75.927734
19454,512,35209,68.767578
19455,512,35875,70.068359
19456,512,36500,71.289062
19457,512,34792,67.953125
19458,512,37875,73.974609
19459,512,38709,75.603516
19460,512,39209,76.580078
19461,512,37125,72.509766
19462,512,37084,72.429688
19463,512,37250,72.753906
19464,512,38375,74.951172
19465,512,38292,74.789062
19466,512,38375,74.951172
19467,512,39041,76.251953
19468,512,38042,74.300781
19469,512,37750,73.730469
19470,512,36500,71.289062
19471,512,37291,72.833984
19472,512,36959,72.185547
19473,512,36000,70.312500
19474,512,37417,73.080078
19475,512,38708,75.601562
19476,512,37875,73.974609
19477,512,35667,69.662109
19478,512,36333,70.962891
19479,512,37458,73.160156
19480,512,35958,70.230469
19481,512,40125,78.369141
19482,512,37334,72.917969
19483,512,38000,74.218750
19484,512,36000,70.312500
19485,512,38375,74.951172
19486,512,36000,70.312500
19487,512,37875,73.974609
19488,512,36666,71.613281
19489,512,38834,75.847656
19490,512,39291,76.740234
19491,512,37625,73.486328
19492,512,38625,75.439453
19493,512,37042,72.347656
19494,512,36125,70.556641
19495,512,40000,78.125000
19496,512,39959,78.044922
19497,512,37792,73.812500
19498,512,37875,73.974609
19499,512,41583,81.216797
19500,512,37750,73.730469
19501,512,36000,70.312500
19502,512,38291,74.787109
19503,512,37834,73.894531
19504,512,38875,75.927734
19505,512,36000,70.312500
19506,512,37292,72.835938
19507,512,36125,70.556641
19508,512,37416,73.078125
19509,512,37584,73.406250
19510,512,37333,72.916016
19511,512,38833,75.845703
19512,512,37625,73.486328
19513,512,38167,74.544922
19514,512,37375,72.998047
19515,512,35583,69.498047
19516,512,34958,68.277344
19517,512,35583,69.498047
19518,512,37625,73.486328
19519,512,38000,74.218750
19520,512,36459,71.208984
19521,512,42042,82.113281
19522,512,35917,70.150391
19523,512,37000,72.265625
19524,512,37917,74.056641
19525,512,37292,72.835938
19526,512,37875,73.974609
19527,512,37583,73.404297
19528,512,38000,74.218750
19529,512,36791,71.857422
19530,512,38125,74.462891
19531,128,14917,116.539062
