# Phase 4 raw batch samples. batch-normalized ns/update = elapsed_ns / batch_operations (a batch average, NOT a directly
# measured single-update latency). batch_operations is the ACTUAL op count of the batch: batch_size for every row except
# the final row when updates % batch_size is nonzero (a partial batch, which is EXCLUDED from the percentile
# distribution in the summary).
# impl=map wl=C levels=1000000 updates=10000000 batch_size=512 seed=407715774446 partial_rows=1
sample_index,batch_operations,elapsed_ns,normalized_ns_per_update
0,512,57959,113.201172
1,512,43208,84.390625
2,512,58334,113.933594
3,512,43416,84.796875
4,512,39792,77.718750
5,512,40166,78.449219
6,512,40834,79.753906
7,512,38250,74.707031
8,512,41209,80.486328
9,512,41000,80.078125
10,512,39292,76.742188
11,512,37667,73.568359
12,512,38750,75.683594
13,512,36709,71.697266
14,512,39042,76.253906
15,512,38000,74.218750
16,512,37666,73.566406
17,512,43042,84.066406
18,512,38708,75.601562
19,512,38208,74.625000
20,512,38584,75.359375
21,512,37250,72.753906
22,512,39084,76.335938
23,512,40791,79.669922
24,512,38209,74.626953
25,512,37416,73.078125
26,512,37667,73.568359
27,512,39083,76.333984
28,512,40125,78.369141
29,512,37834,73.894531
30,512,38083,74.380859
31,512,36917,72.103516
32,512,38917,76.009766
33,512,37583,73.404297
34,512,39583,77.310547
35,512,37709,73.650391
36,512,36375,71.044922
37,512,35500,69.335938
38,512,36917,72.103516
39,512,36333,70.962891
40,512,37208,72.671875
41,512,37500,73.242188
42,512,36750,71.777344
43,512,35792,69.906250
44,512,39083,76.333984
45,512,36625,71.533203
46,512,37666,73.566406
47,512,36167,70.638672
48,512,37375,72.998047
49,512,36500,71.289062
50,512,37375,72.998047
51,512,37292,72.835938
52,512,35666,69.660156
53,512,36083,70.474609
54,512,37083,72.427734
55,512,37292,72.835938
56,512,36250,70.800781
57,512,36750,71.777344
58,512,38542,75.277344
59,512,36333,70.962891
60,512,36000,70.312500
61,512,41208,80.484375
62,512,38125,74.462891
63,512,36667,71.615234
64,512,35375,69.091797
65,512,35709,69.744141
66,512,40500,79.101562
67,512,37417,73.080078
68,512,35458,69.253906
69,512,35667,69.662109
70,512,35541,69.416016
71,512,35750,69.824219
72,512,37083,72.427734
73,512,36375,71.044922
74,512,36958,72.183594
75,512,38375,74.951172
76,512,40083,78.287109
77,512,43750,85.449219
78,512,38125,74.462891
79,512,37458,73.160156
80,512,37625,73.486328
81,512,37541,73.322266
82,512,39792,77.718750
83,512,38583,75.357422
84,512,38292,74.789062
85,512,36916,72.101562
86,512,37834,73.894531
87,512,37625,73.486328
88,512,37834,73.894531
89,512,36208,70.718750
90,512,91125,177.978516
91,512,39583,77.310547
92,512,39583,77.310547
93,512,41917,81.869141
94,512,42375,82.763672
95,512,37000,72.265625
96,512,39084,76.335938
97,512,35791,69.904297
98,512,37459,73.162109
99,512,39041,76.251953
100,512,37250,72.753906
101,512,35542,69.417969
102,512,46833,91.470703
103,512,35875,70.068359
104,512,35416,69.171875
105,512,35542,69.417969
106,512,36083,70.474609
107,512,35792,69.906250
108,512,34458,67.300781
109,512,34375,67.138672
110,512,33500,65.429688
111,512,34875,68.115234
112,512,36041,70.392578
113,512,33667,65.755859
114,512,34667,67.708984
115,512,35000,68.359375
116,512,34084,66.570312
117,512,38666,75.519531
118,512,42875,83.740234
119,512,36250,70.800781
120,512,46750,91.308594
121,512,48291,94.318359
122,512,40250,78.613281
123,512,35250,68.847656
124,512,35792,69.906250
125,512,37958,74.136719
126,512,35917,70.150391
127,512,34458,67.300781
128,512,33666,65.753906
129,512,33958,66.324219
130,512,46125,90.087891
131,512,39792,77.718750
132,512,35583,69.498047
133,512,35000,68.359375
134,512,35375,69.091797
135,512,35667,69.662109
136,512,35458,69.253906
137,512,35625,69.580078
138,512,37458,73.160156
139,512,35875,70.068359
140,512,36791,71.857422
141,512,47125,92.041016
142,512,36625,71.533203
143,512,40833,79.751953
144,512,47416,92.609375
145,512,41084,80.242188
146,512,34791,67.951172
147,512,37875,73.974609
148,512,47167,92.123047
149,512,47916,93.585938
150,512,37125,72.509766
151,512,36959,72.185547
152,512,39084,76.335938
153,512,38459,75.115234
154,512,38333,74.869141
155,512,37750,73.730469
156,512,37916,74.054688
157,512,37125,72.509766
158,512,37167,72.591797
159,512,37500,73.242188
160,512,37250,72.753906
161,512,48458,94.644531
162,512,41208,80.484375
163,512,45375,88.623047
164,512,42542,83.089844
165,512,48291,94.318359
166,512,42292,82.601562
167,512,37166,72.589844
168,512,34792,67.953125
169,512,45875,89.599609
170,512,39875,77.880859
171,512,35708,69.742188
172,512,44542,86.996094
173,512,41166,80.402344
174,512,36458,71.207031
175,512,35334,69.011719
176,512,35041,68.439453
177,512,35375,69.091797
178,512,47125,92.041016
179,512,39208,76.578125
180,512,35459,69.255859
181,512,36125,70.556641
182,512,36250,70.800781
183,512,34917,68.197266
184,512,36500,71.289062
185,512,36292,70.882812
186,512,35292,68.929688
187,512,35958,70.230469
188,512,39333,76.822266
189,512,36125,70.556641
190,512,34916,68.195312
191,512,36292,70.882812
192,512,36917,72.103516
193,512,36208,70.718750
194,512,35334,69.011719
195,512,45250,88.378906
196,512,48375,94.482422
197,512,45667,89.193359
198,512,44375,86.669922
199,512,38875,75.927734
200,512,39542,77.230469
201,512,45750,89.355469
202,512,37791,73.810547
203,512,35834,69.988281
204,512,37500,73.242188
205,512,37250,72.753906
206,512,37542,73.324219
207,512,48792,95.296875
208,512,40791,79.669922
209,512,40709,79.509766
210,512,40750,79.589844
211,512,51125,99.853516
212,512,42500,83.007812
213,512,37958,74.136719
214,512,37792,73.812500
215,512,43833,85.611328
216,512,39625,77.392578
217,512,39000,76.171875
218,512,40209,78.533203
219,512,37750,73.730469
220,512,38125,74.462891
221,512,40125,78.369141
222,512,39709,77.556641
223,512,46000,89.843750
224,512,38083,74.380859
225,512,38583,75.357422
226,512,37667,73.568359
227,512,37291,72.833984
228,512,40167,78.451172
229,512,39709,77.556641
230,512,38375,74.951172
231,512,44042,86.019531
232,512,39000,76.171875
233,512,38083,74.380859
234,512,39084,76.335938
235,512,36167,70.638672
236,512,37500,73.242188
237,512,37625,73.486328
238,512,37750,73.730469
239,512,36166,70.636719
240,512,41458,80.972656
241,512,49459,96.599609
242,512,37000,72.265625
243,512,36834,71.941406
244,512,38250,74.707031
245,512,36375,71.044922
246,512,35833,69.986328
247,512,36541,71.369141
248,512,38292,74.789062
249,512,37833,73.892578
250,512,36584,71.453125
251,512,36084,70.476562
252,512,38250,74.707031
253,512,37917,74.056641
254,512,36792,71.859375
255,512,38166,74.542969
256,512,37917,74.056641
257,512,39583,77.310547
258,512,38833,75.845703
259,512,39125,76.416016
260,512,38250,74.707031
261,512,38417,75.033203
262,512,36875,72.021484
263,512,38791,75.763672
264,512,37000,72.265625
265,512,36042,70.394531
266,512,38083,74.380859
267,512,38875,75.927734
268,512,38042,74.300781
269,512,37958,74.136719
270,512,37416,73.078125
271,512,39375,76.904297
272,512,36917,72.103516
273,512,37750,73.730469
274,512,37333,72.916016
275,512,39166,76.496094
276,512,37458,73.160156
277,512,36917,72.103516
278,512,36750,71.777344
279,512,35875,70.068359
280,512,37250,72.753906
281,512,36291,70.880859
282,512,39709,77.556641
283,512,37500,73.242188
284,512,38125,74.462891
285,512,38583,75.357422
286,512,38291,74.787109
287,512,37292,72.835938
288,512,39542,77.230469
289,512,37083,72.427734
290,512,37125,72.509766
291,512,37459,73.162109
292,512,36959,72.185547
293,512,38542,75.277344
294,512,36750,71.777344
295,512,38542,75.277344
296,512,36250,70.800781
297,512,37291,72.833984
298,512,38083,74.380859
299,512,37375,72.998047
300,512,37875,73.974609
301,512,35875,70.068359
302,512,36083,70.474609
303,512,37417,73.080078
304,512,36041,70.392578
305,512,35417,69.173828
306,512,39208,76.578125
307,512,38333,74.869141
308,512,39625,77.392578
309,512,39875,77.880859
310,512,37500,73.242188
311,512,38000,74.218750
312,512,37125,72.509766
313,512,37958,74.136719
314,512,38667,75.521484
315,512,36458,71.207031
316,512,37333,72.916016
317,512,37708,73.648438
318,512,36958,72.183594
319,512,36917,72.103516
320,512,37750,73.730469
321,512,37625,73.486328
322,512,38291,74.787109
323,512,36750,71.777344
324,512,36958,72.183594
325,512,37833,73.892578
326,512,35833,69.986328
327,512,36875,72.021484
328,512,35125,68.603516
329,512,36417,71.126953
330,512,35125,68.603516
331,512,37500,73.242188
332,512,37792,73.812500
333,512,37708,73.648438
334,512,36334,70.964844
335,512,38500,75.195312
336,512,40041,78.205078
337,512,38459,75.115234
338,512,39583,77.310547
339,512,37250,72.753906
340,512,38500,75.195312
341,512,36709,71.697266
342,512,37166,72.589844
343,512,36458,71.207031
344,512,36959,72.185547
345,512,38125,74.462891
346,512,38042,74.300781
347,512,39500,77.148438
348,512,40333,78.775391
349,512,43875,85.693359
350,512,39625,77.392578
351,512,37375,72.998047
352,512,36750,71.777344
353,512,38875,75.927734
354,512,40584,79.265625
355,512,40750,79.589844
356,512,38458,75.113281
357,512,40208,78.531250
358,512,38000,74.218750
359,512,37000,72.265625
360,512,39500,77.148438
361,512,39875,77.880859
362,512,38084,74.382812
363,512,36792,71.859375
364,512,38125,74.462891
365,512,38375,74.951172
366,512,37542,73.324219
367,512,37166,72.589844
368,512,37917,74.056641
369,512,36500,71.289062
370,512,39875,77.880859
371,512,36875,72.021484
372,512,37958,74.136719
373,512,40500,79.101562
374,512,39000,76.171875
375,512,39292,76.742188
376,512,40667,79.427734
377,512,37500,73.242188
378,512,37833,73.892578
379,512,38750,75.683594
380,512,39334,76.824219
381,512,38292,74.789062
382,512,37167,72.591797
383,512,36375,71.044922
384,512,37500,73.242188
385,512,41916,81.867188
386,512,37375,72.998047
387,512,38292,74.789062
388,512,41666,81.378906
389,512,41125,80.322266
390,512,39500,77.148438
391,512,38291,74.787109
392,512,37500,73.242188
393,512,37500,73.242188
394,512,39417,76.986328
395,512,39750,77.636719
396,512,38250,74.707031
397,512,39541,77.228516
398,512,40875,79.833984
399,512,41042,80.160156
400,512,42541,83.087891
401,512,43084,84.148438
402,512,39666,77.472656
403,512,41167,80.404297
404,512,41500,81.054688
405,512,38750,75.683594
406,512,38542,75.277344
407,512,41708,81.460938
408,512,42042,82.113281
409,512,38458,75.113281
410,512,40833,79.751953
411,512,38958,76.089844
412,512,39083,76.333984
413,512,39625,77.392578
414,512,37541,73.322266
415,512,39667,77.474609
416,512,39000,76.171875
417,512,39375,76.904297
418,512,38375,74.951172
419,512,37875,73.974609
420,512,47375,92.529297
421,512,41000,80.078125
422,512,42250,82.519531
423,512,41292,80.648438
424,512,37792,73.812500
425,512,37041,72.345703
426,512,43709,85.369141
427,512,39958,78.042969
428,512,38916,76.007812
429,512,40875,79.833984
430,512,39667,77.474609
431,512,38333,74.869141
432,512,38750,75.683594
433,512,37916,74.054688
434,512,39334,76.824219
435,512,38083,74.380859
436,512,40500,79.101562
437,512,39416,76.984375
438,512,39708,77.554688
439,512,66459,129.802734
440,512,42958,83.902344
441,512,55458,108.316406
442,512,62167,121.419922
443,512,59000,115.234375
444,512,105084,205.242188
445,512,38958,76.089844
446,512,41583,81.216797
447,512,45708,89.273438
448,512,36417,71.126953
449,512,40166,78.449219
450,512,38167,74.544922
451,512,49416,96.515625
452,512,36167,70.638672
453,512,36916,72.101562
454,512,38917,76.009766
455,512,39375,76.904297
456,512,37292,72.835938
457,512,36625,71.533203
458,512,35917,70.150391
459,512,36709,71.697266
460,512,35708,69.742188
461,512,34958,68.277344
462,512,36500,71.289062
463,512,35417,69.173828
464,512,36583,71.451172
465,512,35500,69.335938
466,512,35208,68.765625
467,512,34917,68.197266
468,512,33958,66.324219
469,512,33250,64.941406
470,512,32458,63.394531
471,512,34959,68.279297
472,512,33666,65.753906
473,512,35584,69.500000
474,512,35208,68.765625
475,512,35458,69.253906
476,512,37000,72.265625
477,512,36084,70.476562
478,512,35041,68.439453
479,512,35209,68.767578
480,512,35750,69.824219
481,512,35334,69.011719
482,512,35250,68.847656
483,512,33333,65.103516
484,512,34792,67.953125
485,512,35375,69.091797
486,512,35125,68.603516
487,512,34667,67.708984
488,512,33666,65.753906
489,512,41709,81.462891
490,512,35750,69.824219
491,512,33666,65.753906
492,512,34667,67.708984
493,512,34125,66.650391
494,512,36916,72.101562
495,512,34209,66.814453
496,512,34416,67.218750
497,512,33459,65.349609
498,512,32750,63.964844
499,512,41375,80.810547
500,512,37125,72.509766
501,512,35958,70.230469
502,512,35666,69.660156
503,512,34375,67.138672
504,512,34708,67.789062
505,512,35042,68.441406
506,512,35084,68.523438
507,512,33458,65.347656
508,512,34291,66.974609
509,512,33458,65.347656
510,512,32792,64.046875
511,512,35875,70.068359
512,512,36167,70.638672
513,512,36209,70.720703
514,512,34166,66.730469
515,512,34958,68.277344
516,512,35375,69.091797
517,512,37042,72.347656
518,512,35000,68.359375
519,512,33208,64.859375
520,512,33916,66.242188
521,512,33917,66.244141
522,512,36167,70.638672
523,512,34166,66.730469
524,512,33750,65.917969
525,512,34667,67.708984
526,512,33667,65.755859
527,512,32500,63.476562
528,512,33500,65.429688
529,512,32750,63.964844
530,512,34500,67.382812
531,512,34708,67.789062
532,512,33958,66.324219
533,512,35125,68.603516
534,512,34833,68.033203
535,512,33292,65.023438
536,512,33333,65.103516
537,512,34292,66.976562
538,512,34542,67.464844
539,512,34667,67.708984
540,512,34708,67.789062
541,512,33459,65.349609
542,512,35250,68.847656
543,512,35167,68.685547
544,512,33208,64.859375
545,512,32875,64.208984
546,512,33416,65.265625
547,512,33292,65.023438
548,512,33125,64.697266
549,512,34459,67.302734
550,512,36208,70.718750
551,512,32666,63.800781
552,512,36459,71.208984
553,512,35375,69.091797
554,512,36416,71.125000
555,512,33917,66.244141
556,512,31916,62.335938
557,512,32709,63.884766
558,512,35500,69.335938
559,512,34291,66.974609
560,512,31958,62.417969
561,512,32250,62.988281
562,512,34750,67.871094
563,512,33250,64.941406
564,512,34166,66.730469
565,512,33250,64.941406
566,512,35250,68.847656
567,512,35333,69.009766
568,512,34292,66.976562
569,512,33417,65.267578
570,512,32750,63.964844
571,512,33833,66.080078
572,512,33416,65.265625
573,512,32917,64.291016
574,512,36583,71.451172
575,512,34125,66.650391
576,512,32875,64.208984
577,512,33291,65.021484
578,512,35042,68.441406
579,512,33917,66.244141
580,512,33750,65.917969
581,512,33875,66.162109
582,512,33791,65.998047
583,512,33792,66.000000
584,512,36375,71.044922
585,512,36583,71.451172
586,512,34208,66.812500
587,512,35000,68.359375
588,512,34000,66.406250
589,512,33583,65.591797
590,512,32875,64.208984
591,512,36417,71.126953
592,512,34791,67.951172
593,512,32792,64.046875
594,512,35667,69.662109
595,512,37667,73.568359
596,512,36708,71.695312
597,512,39000,76.171875
598,512,36167,70.638672
599,512,35125,68.603516
600,512,35000,68.359375
601,512,37125,72.509766
602,512,36250,70.800781
603,512,35625,69.580078
604,512,36166,70.636719
605,512,36458,71.207031
606,512,37875,73.974609
607,512,39000,76.171875
608,512,37167,72.591797
609,512,36750,71.777344
610,512,36375,71.044922
611,512,36750,71.777344
612,512,37625,73.486328
613,512,37958,74.136719
614,512,36750,71.777344
615,512,37625,73.486328
616,512,36500,71.289062
617,512,36417,71.126953
618,512,37500,73.242188
619,512,35167,68.685547
620,512,38333,74.869141
621,512,37083,72.427734
622,512,36750,71.777344
623,512,37833,73.892578
624,512,38709,75.603516
625,512,39667,77.474609
626,512,37917,74.056641
627,512,36292,70.882812
628,512,39125,76.416016
629,512,37291,72.833984
630,512,37042,72.347656
631,512,36416,71.125000
632,512,35834,69.988281
633,512,34334,67.058594
634,512,34875,68.115234
635,512,37416,73.078125
636,512,37584,73.406250
637,512,36834,71.941406
638,512,36916,72.101562
639,512,37334,72.917969
640,512,37584,73.406250
641,512,37791,73.810547
642,512,38042,74.300781
643,512,41250,80.566406
644,512,36791,71.857422
645,512,37209,72.673828
646,512,38000,74.218750
647,512,34916,68.195312
648,512,36583,71.451172
649,512,35125,68.603516
650,512,37584,73.406250
651,512,37916,74.054688
652,512,37750,73.730469
653,512,38584,75.359375
654,512,34916,68.195312
655,512,35750,69.824219
656,512,34958,68.277344
657,512,37375,72.998047
658,512,37167,72.591797
659,512,37500,73.242188
660,512,37208,72.671875
661,512,35792,69.906250
662,512,39875,77.880859
663,512,37667,73.568359
664,512,37958,74.136719
665,512,35792,69.906250
666,512,34666,67.707031
667,512,36042,70.394531
668,512,38500,75.195312
669,512,35792,69.906250
670,512,36042,70.394531
671,512,35250,68.847656
672,512,37541,73.322266
673,512,38334,74.871094
674,512,38291,74.787109
675,512,36334,70.964844
676,512,37250,72.753906
677,512,34750,67.871094
678,512,36958,72.183594
679,512,36667,71.615234
680,512,36208,70.718750
681,512,35417,69.173828
682,512,37083,72.427734
683,512,40417,78.939453
684,512,36000,70.312500
685,512,36083,70.474609
686,512,34167,66.732422
687,512,46291,90.412109
688,512,37500,73.242188
689,512,35333,69.009766
690,512,37584,73.406250
691,512,38166,74.542969
692,512,52584,102.703125
693,512,35042,68.441406
694,512,42167,82.357422
695,512,44291,86.505859
696,512,35959,70.232422
697,512,37417,73.080078
698,512,38333,74.869141
699,512,39750,77.636719
700,512,34583,67.544922
701,512,37292,72.835938
702,512,37250,72.753906
703,512,35625,69.580078
704,512,36542,71.371094
705,512,36333,70.962891
706,512,35709,69.744141
707,512,36583,71.451172
708,512,37625,73.486328
709,512,35958,70.230469
710,512,37375,72.998047
711,512,37083,72.427734
712,512,71000,138.671875
713,512,71667,139.974609
714,512,66917,130.697266
715,512,44916,87.726562
716,512,57250,111.816406
717,512,44709,87.322266
718,512,37125,72.509766
719,512,40125,78.369141
720,512,38792,75.765625
721,512,35292,68.929688
722,512,38292,74.789062
723,512,37708,73.648438
724,512,37875,73.974609
725,512,36791,71.857422
726,512,36292,70.882812
727,512,35041,68.439453
728,512,34333,67.056641
729,512,34375,67.138672
730,512,34333,67.056641
731,512,35084,68.523438
732,512,35208,68.765625
733,512,44833,87.564453
734,512,45000,87.890625
735,512,52167,101.888672
736,512,37750,73.730469
737,512,34500,67.382812
738,512,34167,66.732422
739,512,33833,66.080078
740,512,33625,65.673828
741,512,35417,69.173828
742,512,34292,66.976562
743,512,32542,63.558594
744,512,36166,70.636719
745,512,36584,71.453125
746,512,33791,65.998047
747,512,35958,70.230469
748,512,33542,65.511719
749,512,34375,67.138672
750,512,33417,65.267578
751,512,34250,66.894531
752,512,32958,64.371094
753,512,33916,66.242188
754,512,37000,72.265625
755,512,35916,70.148438
756,512,39209,76.580078
757,512,35625,69.580078
758,512,35041,68.439453
759,512,32834,64.128906
760,512,34708,67.789062
761,512,34500,67.382812
762,512,32125,62.744141
763,512,34125,66.650391
764,512,35958,70.230469
765,512,37958,74.136719
766,512,44625,87.158203
767,512,36958,72.183594
768,512,34250,66.894531
769,512,32875,64.208984
770,512,34875,68.115234
771,512,35375,69.091797
772,512,35084,68.523438
773,512,32791,64.044922
774,512,34209,66.814453
775,512,35500,69.335938
776,512,35000,68.359375
777,512,39750,77.636719
778,512,36417,71.126953
779,512,36250,70.800781
780,512,39916,77.960938
781,512,46500,90.820312
782,512,46250,90.332031
783,512,33833,66.080078
784,512,36333,70.962891
785,512,34625,67.626953
786,512,35666,69.660156
787,512,33292,65.023438
788,512,33583,65.591797
789,512,34000,66.406250
790,512,38083,74.380859
791,512,35667,69.662109
792,512,33750,65.917969
793,512,33291,65.021484
794,512,35750,69.824219
795,512,36959,72.185547
796,512,37166,72.589844
797,512,34667,67.708984
798,512,34458,67.300781
799,512,33625,65.673828
800,512,35000,68.359375
801,512,36584,71.453125
802,512,34667,67.708984
803,512,34708,67.789062
804,512,35708,69.742188
805,512,34083,66.568359
806,512,33208,64.859375
807,512,33000,64.453125
808,512,36083,70.474609
809,512,34125,66.650391
810,512,32792,64.046875
811,512,32084,62.664062
812,512,35042,68.441406
813,512,36125,70.556641
814,512,36083,70.474609
815,512,36917,72.103516
816,512,39125,76.416016
817,512,40875,79.833984
818,512,35833,69.986328
819,512,38917,76.009766
820,512,39125,76.416016
821,512,46500,90.820312
822,512,43750,85.449219
823,512,37250,72.753906
824,512,38875,75.927734
825,512,45584,89.031250
826,512,34709,67.791016
827,512,41125,80.322266
828,512,44333,86.587891
829,512,33458,65.347656
830,512,38291,74.787109
831,512,41583,81.216797
832,512,50125,97.900391
833,512,47166,92.121094
834,512,38750,75.683594
835,512,42833,83.658203
836,512,111042,216.878906
837,512,56292,109.945312
838,512,39750,77.636719
839,512,36542,71.371094
840,512,38125,74.462891
841,512,37000,72.265625
842,512,38417,75.033203
843,512,40041,78.205078
844,512,38584,75.359375
845,512,37667,73.568359
846,512,36958,72.183594
847,512,35958,70.230469
848,512,36667,71.615234
849,512,36541,71.369141
850,512,36500,71.289062
851,512,35709,69.744141
852,512,35041,68.439453
853,512,35917,70.150391
854,512,36125,70.556641
855,512,34917,68.197266
856,512,35250,68.847656
857,512,34458,67.300781
858,512,36083,70.474609
859,512,34834,68.035156
860,512,34000,66.406250
861,512,36416,71.125000
862,512,35584,69.500000
863,512,35209,68.767578
864,512,34666,67.707031
865,512,35292,68.929688
866,512,34834,68.035156
867,512,34292,66.976562
868,512,37125,72.509766
869,512,35125,68.603516
870,512,33750,65.917969
871,512,33000,64.453125
872,512,34625,67.626953
873,512,34375,67.138672
874,512,35667,69.662109
875,512,34416,67.218750
876,512,34250,66.894531
877,512,34250,66.894531
878,512,33125,64.697266
879,512,36584,71.453125
880,512,33458,65.347656
881,512,33125,64.697266
882,512,33917,66.244141
883,512,34000,66.406250
884,512,34917,68.197266
885,512,32875,64.208984
886,512,33333,65.103516
887,512,32792,64.046875
888,512,34125,66.650391
889,512,33791,65.998047
890,512,34584,67.546875
891,512,34833,68.033203
892,512,35208,68.765625
893,512,33542,65.511719
894,512,33917,66.244141
895,512,34625,67.626953
896,512,34375,67.138672
897,512,31917,62.337891
898,512,34167,66.732422
899,512,34375,67.138672
900,512,34583,67.544922
901,512,35167,68.685547
902,512,31875,62.255859
903,512,32833,64.126953
904,512,35583,69.498047
905,512,33042,64.535156
906,512,33291,65.021484
907,512,34125,66.650391
908,512,32417,63.314453
909,512,35291,68.927734
910,512,35042,68.441406
911,512,33916,66.242188
912,512,33709,65.837891
913,512,33834,66.082031
914,512,35375,69.091797
915,512,37666,73.566406
916,512,41542,81.136719
917,512,32083,62.662109
918,512,35292,68.929688
919,512,35042,68.441406
920,512,34125,66.650391
921,512,35000,68.359375
922,512,33291,65.021484
923,512,39292,76.742188
924,512,34292,66.976562
925,512,38541,75.275391
926,512,34542,67.464844
927,512,34792,67.953125
928,512,33125,64.697266
929,512,34042,66.488281
930,512,34000,66.406250
931,512,44542,86.996094
932,512,39041,76.251953
933,512,35500,69.335938
934,512,37375,72.998047
935,512,37083,72.427734
936,512,35916,70.148438
937,512,39417,76.986328
938,512,48917,95.541016
939,512,34625,67.626953
940,512,35750,69.824219
941,512,35916,70.148438
942,512,35209,68.767578
943,512,35209,68.767578
944,512,33458,65.347656
945,512,32667,63.802734
946,512,33209,64.861328
947,512,33834,66.082031
948,512,33334,65.105469
949,512,33416,65.265625
950,512,36667,71.615234
951,512,33667,65.755859
952,512,35750,69.824219
953,512,36583,71.451172
954,512,37375,72.998047
955,512,33708,65.835938
956,512,32750,63.964844
957,512,35584,69.500000
958,512,35750,69.824219
959,512,34166,66.730469
960,512,33125,64.697266
961,512,33959,66.326172
962,512,34333,67.056641
963,512,34125,66.650391
964,512,32958,64.371094
965,512,34500,67.382812
966,512,32542,63.558594
967,512,34042,66.488281
968,512,36000,70.312500
969,512,34208,66.812500
970,512,32833,64.126953
971,512,35708,69.742188
972,512,34084,66.570312
973,512,36458,71.207031
974,512,33666,65.753906
975,512,35625,69.580078
976,512,35334,69.011719
977,512,33583,65.591797
978,512,33833,66.080078
979,512,32209,62.908203
980,512,32750,63.964844
981,512,34167,66.732422
982,512,32916,64.289062
983,512,33959,66.326172
984,512,32791,64.044922
985,512,34500,67.382812
986,512,87584,171.062500
987,512,39459,77.068359
988,512,39583,77.310547
989,512,41500,81.054688
990,512,37416,73.078125
991,512,38667,75.521484
992,512,41083,80.240234
993,512,39250,76.660156
994,512,43375,84.716797
995,512,38166,74.542969
996,512,34709,67.791016
997,512,37250,72.753906
998,512,35875,70.068359
999,512,36875,72.021484
1000,512,37042,72.347656
1001,512,36667,71.615234
1002,512,41625,81.298828
1003,512,40000,78.125000
1004,512,41208,80.484375
1005,512,48000,93.750000
1006,512,38375,74.951172
1007,512,46375,90.576172
1008,512,46875,91.552734
1009,512,44917,87.728516
1010,512,37000,72.265625
1011,512,35917,70.150391
1012,512,34917,68.197266
1013,512,34916,68.195312
1014,512,35917,70.150391
1015,512,34666,67.707031
1016,512,36625,71.533203
1017,512,45417,88.705078
1018,512,38291,74.787109
1019,512,40958,79.996094
1020,512,37417,73.080078
1021,512,43500,84.960938
1022,512,41208,80.484375
1023,512,42083,82.193359
1024,512,46542,90.902344
1025,512,40667,79.427734
1026,512,39500,77.148438
1027,512,38375,74.951172
1028,512,40166,78.449219
1029,512,39417,76.986328
1030,512,38750,75.683594
1031,512,39708,77.554688
1032,512,40833,79.751953
1033,512,39958,78.042969
1034,512,37958,74.136719
1035,512,39709,77.556641
1036,512,41292,80.648438
1037,512,39417,76.986328
1038,512,38375,74.951172
1039,512,38875,75.927734
1040,512,39750,77.636719
1041,512,38250,74.707031
1042,512,38708,75.601562
1043,512,37584,73.406250
1044,512,39875,77.880859
1045,512,39166,76.496094
1046,512,38792,75.765625
1047,512,38792,75.765625
1048,512,40208,78.531250
1049,512,39666,77.472656
1050,512,39542,77.230469
1051,512,38958,76.089844
1052,512,39292,76.742188
1053,512,38666,75.519531
1054,512,39584,77.312500
1055,512,38750,75.683594
1056,512,41125,80.322266
1057,512,38917,76.009766
1058,512,39833,77.798828
1059,512,41917,81.869141
1060,512,38833,75.845703
1061,512,40292,78.695312
1062,512,39875,77.880859
1063,512,38209,74.626953
1064,512,36708,71.695312
1065,512,38083,74.380859
1066,512,39209,76.580078
1067,512,43666,85.285156
1068,512,38375,74.951172
1069,512,35459,69.255859
1070,512,43708,85.367188
1071,512,37625,73.486328
1072,512,35458,69.253906
1073,512,47209,92.205078
1074,512,41000,80.078125
1075,512,38334,74.871094
1076,512,39708,77.554688
1077,512,39750,77.636719
1078,512,38041,74.298828
1079,512,38959,76.091797
1080,512,35708,69.742188
1081,512,34125,66.650391
1082,512,35208,68.765625
1083,512,34792,67.953125
1084,512,34792,67.953125
1085,512,34625,67.626953
1086,512,35916,70.148438
1087,512,34667,67.708984
1088,512,40375,78.857422
1089,512,35000,68.359375
1090,512,35375,69.091797
1091,512,33666,65.753906
1092,512,35209,68.767578
1093,512,38542,75.277344
1094,512,41833,81.705078
1095,512,47208,92.203125
1096,512,34334,67.058594
1097,512,34416,67.218750
1098,512,33959,66.326172
1099,512,36250,70.800781
1100,512,34583,67.544922
1101,512,33292,65.023438
1102,512,34333,67.056641
1103,512,37375,72.998047
1104,512,35041,68.439453
1105,512,34042,66.488281
1106,512,34750,67.871094
1107,512,33500,65.429688
1108,512,35458,69.253906
1109,512,35500,69.335938
1110,512,35917,70.150391
1111,512,35542,69.417969
1112,512,42083,82.193359
1113,512,42291,82.599609
1114,512,36792,71.859375
1115,512,38042,74.300781
1116,512,39250,76.660156
1117,512,37833,73.892578
1118,512,37333,72.916016
1119,512,38542,75.277344
1120,512,38333,74.869141
1121,512,37792,73.812500
1122,512,38208,74.625000
1123,512,37875,73.974609
1124,512,37458,73.160156
1125,512,39375,76.904297
1126,512,39208,76.578125
1127,512,38792,75.765625
1128,512,37333,72.916016
1129,512,36500,71.289062
1130,512,38333,74.869141
1131,512,36709,71.697266
1132,512,38916,76.007812
1133,512,37625,73.486328
1134,512,37125,72.509766
1135,512,40625,79.345703
1136,512,68791,134.357422
1137,512,50000,97.656250
1138,512,44500,86.914062
1139,512,42791,83.576172
1140,512,49500,96.679688
1141,512,57833,112.955078
1142,512,106334,207.683594
1143,512,40750,79.589844
1144,512,37291,72.833984
1145,512,34917,68.197266
1146,512,35083,68.521484
1147,512,32667,63.802734
1148,512,34666,67.707031
1149,512,34584,67.546875
1150,512,37959,74.138672
1151,512,37875,73.974609
1152,512,36250,70.800781
1153,512,33792,66.000000
1154,512,34250,66.894531
1155,512,34000,66.406250
1156,512,33375,65.185547
1157,512,34375,67.138672
1158,512,34792,67.953125
1159,512,35125,68.603516
1160,512,35875,70.068359
1161,512,34250,66.894531
1162,512,33292,65.023438
1163,512,34917,68.197266
1164,512,34458,67.300781
1165,512,35667,69.662109
1166,512,34708,67.789062
1167,512,33792,66.000000
1168,512,33750,65.917969
1169,512,37416,73.078125
1170,512,32792,64.046875
1171,512,33125,64.697266
1172,512,34709,67.791016
1173,512,33250,64.941406
1174,512,33792,66.000000
1175,512,34375,67.138672
1176,512,35333,69.009766
1177,512,32625,63.720703
1178,512,33208,64.859375
1179,512,33250,64.941406
1180,512,34416,67.218750
1181,512,33500,65.429688
1182,512,34583,67.544922
1183,512,32750,63.964844
1184,512,34125,66.650391
1185,512,32875,64.208984
1186,512,35167,68.685547
1187,512,35000,68.359375
1188,512,33125,64.697266
1189,512,32959,64.373047
1190,512,34625,67.626953
1191,512,35625,69.580078
1192,512,33667,65.755859
1193,512,34250,66.894531
1194,512,31875,62.255859
1195,512,32917,64.291016
1196,512,34250,66.894531
1197,512,34042,66.488281
1198,512,34667,67.708984
1199,512,34167,66.732422
1200,512,33084,64.617188
1201,512,31833,62.173828
1202,512,31125,60.791016
1203,512,32208,62.906250
1204,512,34958,68.277344
1205,512,34667,67.708984
1206,512,32167,62.826172
1207,512,34250,66.894531
1208,512,33208,64.859375
1209,512,33583,65.591797
1210,512,32250,62.988281
1211,512,33125,64.697266
1212,512,34542,67.464844
1213,512,34167,66.732422
1214,512,34500,67.382812
1215,512,32916,64.289062
1216,512,34125,66.650391
1217,512,34250,66.894531
1218,512,33375,65.185547
1219,512,33167,64.779297
1220,512,34583,67.544922
1221,512,35250,68.847656
1222,512,34125,66.650391
1223,512,35875,70.068359
1224,512,35916,70.148438
1225,512,35334,69.011719
1226,512,35500,69.335938
1227,512,34250,66.894531
1228,512,32750,63.964844
1229,512,33208,64.859375
1230,512,34208,66.812500
1231,512,31959,62.419922
1232,512,32959,64.373047
1233,512,32041,62.580078
1234,512,32875,64.208984
1235,512,32542,63.558594
1236,512,30791,60.138672
1237,512,32500,63.476562
1238,512,33833,66.080078
1239,512,33209,64.861328
1240,512,32583,63.638672
1241,512,33292,65.023438
1242,512,33375,65.185547
1243,512,33000,64.453125
1244,512,33667,65.755859
1245,512,35250,68.847656
1246,512,33375,65.185547
1247,512,33708,65.835938
1248,512,35167,68.685547
1249,512,32292,63.070312
1250,512,36083,70.474609
1251,512,32500,63.476562
1252,512,32166,62.824219
1253,512,62917,122.884766
1254,512,51916,101.398438
1255,512,38583,75.357422
1256,512,37875,73.974609
1257,512,38667,75.521484
1258,512,38208,74.625000
1259,512,40792,79.671875
1260,512,37291,72.833984
1261,512,36125,70.556641
1262,512,38958,76.089844
1263,512,37791,73.810547
1264,512,37000,72.265625
1265,512,38458,75.113281
1266,512,38792,75.765625
1267,512,37125,72.509766
1268,512,36542,71.371094
1269,512,35416,69.171875
1270,512,36583,71.451172
1271,512,37042,72.347656
1272,512,38792,75.765625
1273,512,41416,80.890625
1274,512,37625,73.486328
1275,512,38792,75.765625
1276,512,37583,73.404297
1277,512,36542,71.371094
1278,512,37542,73.324219
1279,512,38750,75.683594
1280,512,38625,75.439453
1281,512,40792,79.671875
1282,512,38833,75.845703
1283,512,37584,73.406250
1284,512,36958,72.183594
1285,512,38000,74.218750
1286,512,38041,74.298828
1287,512,37542,73.324219
1288,512,60458,118.082031
1289,512,37458,73.160156
1290,512,39583,77.310547
1291,512,39542,77.230469
1292,512,38084,74.382812
1293,512,33209,64.861328
1294,512,46459,90.740234
1295,512,37416,73.078125
1296,512,38500,75.195312
1297,512,42666,83.332031
1298,512,47792,93.343750
1299,512,42250,82.519531
1300,512,42750,83.496094
1301,512,42000,82.031250
1302,512,40958,79.996094
1303,512,39834,77.800781
1304,512,38333,74.869141
1305,512,36625,71.533203
1306,512,39125,76.416016
1307,512,40458,79.019531
1308,512,38167,74.544922
1309,512,37875,73.974609
1310,512,36167,70.638672
1311,512,37250,72.753906
1312,512,34625,67.626953
1313,512,34417,67.220703
1314,512,33667,65.755859
1315,512,45459,88.787109
1316,512,39500,77.148438
1317,512,34041,66.486328
1318,512,35375,69.091797
1319,512,44042,86.019531
1320,512,37417,73.080078
1321,512,41583,81.216797
1322,512,39625,77.392578
1323,512,36500,71.289062
1324,512,33250,64.941406
1325,512,34666,67.707031
1326,512,33834,66.082031
1327,512,35708,69.742188
1328,512,35375,69.091797
1329,512,35750,69.824219
1330,512,37458,73.160156
1331,512,37708,73.648438
1332,512,35375,69.091797
1333,512,54291,106.037109
1334,512,45625,89.111328
1335,512,40375,78.857422
1336,512,44208,86.343750
1337,512,50125,97.900391
1338,512,46458,90.738281
1339,512,38709,75.603516
1340,512,41250,80.566406
1341,512,42459,82.927734
1342,512,41125,80.322266
1343,512,45084,88.054688
1344,512,36541,71.369141
1345,512,41000,80.078125
1346,512,50500,98.632812
1347,512,39250,76.660156
1348,512,38333,74.869141
1349,512,45041,87.970703
1350,512,38250,74.707031
1351,512,37667,73.568359
1352,512,42166,82.355469
1353,512,37000,72.265625
1354,512,37542,73.324219
1355,512,41625,81.298828
1356,512,42541,83.087891
1357,512,48167,94.076172
1358,512,38500,75.195312
1359,512,46584,90.984375
1360,512,40209,78.533203
1361,512,33375,65.185547
1362,512,32166,62.824219
1363,512,32709,63.884766
1364,512,32291,63.068359
1365,512,35291,68.927734
1366,512,36167,70.638672
1367,512,33083,64.615234
1368,512,33167,64.779297
1369,512,34167,66.732422
1370,512,33917,66.244141
1371,512,33125,64.697266
1372,512,33250,64.941406
1373,512,33583,65.591797
1374,512,33208,64.859375
1375,512,36250,70.800781
1376,512,33458,65.347656
1377,512,34083,66.568359
1378,512,33292,65.023438
1379,512,34916,68.195312
1380,512,33417,65.267578
1381,512,33375,65.185547
1382,512,37042,72.347656
1383,512,36250,70.800781
1384,512,33708,65.835938
1385,512,32459,63.396484
1386,512,33041,64.533203
1387,512,34250,66.894531
1388,512,34333,67.056641
1389,512,32917,64.291016
1390,512,32500,63.476562
1391,512,39833,77.798828
1392,512,33417,65.267578
1393,512,43833,85.611328
1394,512,39833,77.798828
1395,512,32708,63.882812
1396,512,35292,68.929688
1397,512,46042,89.925781
1398,512,49291,96.271484
1399,512,47750,93.261719
1400,512,35292,68.929688
1401,512,34666,67.707031
1402,512,34167,66.732422
1403,512,35250,68.847656
1404,512,34750,67.871094
1405,512,34250,66.894531
1406,512,33834,66.082031
1407,512,33584,65.593750
1408,512,35375,69.091797
1409,512,34083,66.568359
1410,512,33666,65.753906
1411,512,32625,63.720703
1412,512,32417,63.314453
1413,512,33291,65.021484
1414,512,36792,71.859375
1415,512,34958,68.277344
1416,512,36625,71.533203
1417,512,33917,66.244141
1418,512,34583,67.544922
1419,512,33833,66.080078
1420,512,35583,69.498047
1421,512,33834,66.082031
1422,512,34000,66.406250
1423,512,35334,69.011719
1424,512,37000,72.265625
1425,512,37333,72.916016
1426,512,35500,69.335938
1427,512,36625,71.533203
1428,512,36625,71.533203
1429,512,35500,69.335938
1430,512,36792,71.859375
1431,512,36083,70.474609
1432,512,36208,70.718750
1433,512,37709,73.650391
1434,512,38791,75.763672
1435,512,38042,74.300781
1436,512,36958,72.183594
1437,512,35375,69.091797
1438,512,35625,69.580078
1439,512,36459,71.208984
1440,512,35750,69.824219
1441,512,36708,71.695312
1442,512,36458,71.207031
1443,512,35875,70.068359
1444,512,36792,71.859375
1445,512,35875,70.068359
1446,512,38750,75.683594
1447,512,42166,82.355469
1448,512,42792,83.578125
1449,512,37666,73.566406
1450,512,47917,93.587891
1451,512,43833,85.611328
1452,512,47458,92.691406
1453,512,34250,66.894531
1454,512,35041,68.439453
1455,512,35833,69.986328
1456,512,37250,72.753906
1457,512,45084,88.054688
1458,512,35166,68.683594
1459,512,52583,102.701172
1460,512,42125,82.275391
1461,512,43875,85.693359
1462,512,38250,74.707031
1463,512,35750,69.824219
1464,512,36708,71.695312
1465,512,36208,70.718750
1466,512,36292,70.882812
1467,512,36250,70.800781
1468,512,37250,72.753906
1469,512,35209,68.767578
1470,512,35250,68.847656
1471,512,36958,72.183594
1472,512,36083,70.474609
1473,512,36583,71.451172
1474,512,35667,69.662109
1475,512,37459,73.162109
1476,512,39375,76.904297
1477,512,37791,73.810547
1478,512,37167,72.591797
1479,512,37250,72.753906
1480,512,43458,84.878906
1481,512,37000,72.265625
1482,512,35791,69.904297
1483,512,37084,72.429688
1484,512,36708,71.695312
1485,512,36458,71.207031
1486,512,34792,67.953125
1487,512,35875,70.068359
1488,512,36042,70.394531
1489,512,36750,71.777344
1490,512,36750,71.777344
1491,512,35916,70.148438
1492,512,43334,84.636719
1493,512,37166,72.589844
1494,512,36042,70.394531
1495,512,38667,75.521484
1496,512,42250,82.519531
1497,512,37084,72.429688
1498,512,38166,74.542969
1499,512,35084,68.523438
1500,512,36084,70.476562
1501,512,39791,77.716797
1502,512,36375,71.044922
1503,512,34792,67.953125
1504,512,35791,69.904297
1505,512,36875,72.021484
1506,512,37791,73.810547
1507,512,43292,84.554688
1508,512,40833,79.751953
1509,512,37375,72.998047
1510,512,36542,71.371094
1511,512,40917,79.916016
1512,512,48709,95.134766
1513,512,39042,76.253906
1514,512,45458,88.785156
1515,512,41292,80.648438
1516,512,39708,77.554688
1517,512,37875,73.974609
1518,512,47208,92.203125
1519,512,40834,79.753906
1520,512,36791,71.857422
1521,512,37042,72.347656
1522,512,41834,81.707031
1523,512,38333,74.869141
1524,512,36083,70.474609
1525,512,42167,82.357422
1526,512,40833,79.751953
1527,512,34125,66.650391
1528,512,35125,68.603516
1529,512,33625,65.673828
1530,512,38667,75.521484
1531,512,37125,72.509766
1532,512,36209,70.720703
1533,512,37791,73.810547
1534,512,36084,70.476562
1535,512,35208,68.765625
1536,512,33750,65.917969
1537,512,37333,72.916016
1538,512,36500,71.289062
1539,512,48959,95.623047
1540,512,44208,86.343750
1541,512,36917,72.103516
1542,512,36041,70.392578
1543,512,38167,74.544922
1544,512,37166,72.589844
1545,512,37792,73.812500
1546,512,35958,70.230469
1547,512,34208,66.812500
1548,512,35042,68.441406
1549,512,34958,68.277344
1550,512,38041,74.298828
1551,512,36833,71.939453
1552,512,36042,70.394531
1553,512,37958,74.136719
1554,512,39917,77.962891
1555,512,38208,74.625000
1556,512,38542,75.277344
1557,512,40792,79.671875
1558,512,44500,86.914062
1559,512,38875,75.927734
1560,512,37500,73.242188
1561,512,39375,76.904297
1562,512,35916,70.148438
1563,512,33209,64.861328
1564,512,34875,68.115234
1565,512,36625,71.533203
1566,512,36666,71.613281
1567,512,37042,72.347656
1568,512,36875,72.021484
1569,512,33250,64.941406
1570,512,36250,70.800781
1571,512,35291,68.927734
1572,512,37958,74.136719
1573,512,41333,80.728516
1574,512,38000,74.218750
1575,512,48875,95.458984
1576,512,46208,90.250000
1577,512,37125,72.509766
1578,512,46542,90.902344
1579,512,48416,94.562500
1580,512,42083,82.193359
1581,512,47500,92.773438
1582,512,53875,105.224609
1583,512,47750,93.261719
1584,512,42875,83.740234
1585,512,37584,73.406250
1586,512,37084,72.429688
1587,512,37625,73.486328
1588,512,45000,87.890625
1589,512,43500,84.960938
1590,512,49667,97.005859
1591,512,45750,89.355469
1592,512,47917,93.587891
1593,512,37375,72.998047
1594,512,34875,68.115234
1595,512,33708,65.835938
1596,512,32834,64.128906
1597,512,33916,66.242188
1598,512,37250,72.753906
1599,512,33458,65.347656
1600,512,33750,65.917969
1601,512,35500,69.335938
1602,512,38375,74.951172
1603,512,33417,65.267578
1604,512,34541,67.462891
1605,512,35792,69.906250
1606,512,34208,66.812500
1607,512,32917,64.291016
1608,512,34458,67.300781
1609,512,33167,64.779297
1610,512,33583,65.591797
1611,512,34333,67.056641
1612,512,33958,66.324219
1613,512,34875,68.115234
1614,512,38417,75.033203
1615,512,37125,72.509766
1616,512,34500,67.382812
1617,512,34250,66.894531
1618,512,35042,68.441406
1619,512,33834,66.082031
1620,512,37041,72.345703
1621,512,36000,70.312500
1622,512,34625,67.626953
1623,512,44250,86.425781
1624,512,33167,64.779297
1625,512,34000,66.406250
1626,512,33792,66.000000
1627,512,32083,62.662109
1628,512,33625,65.673828
1629,512,35291,68.927734
1630,512,33125,64.697266
1631,512,34709,67.791016
1632,512,34916,68.195312
1633,512,34334,67.058594
1634,512,36041,70.392578
1635,512,35708,69.742188
1636,512,34375,67.138672
1637,512,33500,65.429688
1638,512,34334,67.058594
1639,512,34875,68.115234
1640,512,34041,66.486328
1641,512,32209,62.908203
1642,512,33083,64.615234
1643,512,35125,68.603516
1644,512,33083,64.615234
1645,512,34333,67.056641
1646,512,34084,66.570312
1647,512,33250,64.941406
1648,512,35625,69.580078
1649,512,35709,69.744141
1650,512,35083,68.521484
1651,512,36667,71.615234
1652,512,36750,71.777344
1653,512,34209,66.814453
1654,512,34208,66.812500
1655,512,36166,70.636719
1656,512,35667,69.662109
1657,512,37167,72.591797
1658,512,36709,71.697266
1659,512,34833,68.033203
1660,512,35083,68.521484
1661,512,34750,67.871094
1662,512,34792,67.953125
1663,512,35875,70.068359
1664,512,37375,72.998047
1665,512,37084,72.429688
1666,512,35750,69.824219
1667,512,36000,70.312500
1668,512,42500,83.007812
1669,512,36916,72.101562
1670,512,36250,70.800781
1671,512,35875,70.068359
1672,512,34917,68.197266
1673,512,37333,72.916016
1674,512,35750,69.824219
1675,512,34541,67.462891
1676,512,35917,70.150391
1677,512,37500,73.242188
1678,512,35292,68.929688
1679,512,35833,69.986328
1680,512,34958,68.277344
1681,512,36417,71.126953
1682,512,39291,76.740234
1683,512,37000,72.265625
1684,512,37042,72.347656
1685,512,35416,69.171875
1686,512,37042,72.347656
1687,512,36542,71.371094
1688,512,35833,69.986328
1689,512,35375,69.091797
1690,512,38375,74.951172
1691,512,37625,73.486328
1692,512,36792,71.859375
1693,512,37000,72.265625
1694,512,36625,71.533203
1695,512,36667,71.615234
1696,512,35792,69.906250
1697,512,42500,83.007812
1698,512,37041,72.345703
1699,512,36250,70.800781
1700,512,35542,69.417969
1701,512,37500,73.242188
1702,512,38167,74.544922
1703,512,37833,73.892578
1704,512,38125,74.462891
1705,512,36167,70.638672
1706,512,39459,77.068359
1707,512,35541,69.416016
1708,512,36584,71.453125
1709,512,35125,68.603516
1710,512,37125,72.509766
1711,512,37458,73.160156
1712,512,37250,72.753906
1713,512,36958,72.183594
1714,512,37917,74.056641
1715,512,39542,77.230469
1716,512,36750,71.777344
1717,512,36292,70.882812
1718,512,36708,71.695312
1719,512,40167,78.451172
1720,512,37084,72.429688
1721,512,38709,75.603516
1722,512,35375,69.091797
1723,512,34500,67.382812
1724,512,35916,70.148438
1725,512,35375,69.091797
1726,512,36333,70.962891
1727,512,34125,66.650391
1728,512,36250,70.800781
1729,512,35917,70.150391
1730,512,37833,73.892578
1731,512,36875,72.021484
1732,512,36583,71.451172
1733,512,35500,69.335938
1734,512,36042,70.394531
1735,512,39250,76.660156
1736,512,37666,73.566406
1737,512,36084,70.476562
1738,512,36583,71.451172
1739,512,34500,67.382812
1740,512,37541,73.322266
1741,512,37000,72.265625
1742,512,34500,67.382812
1743,512,37208,72.671875
1744,512,34917,68.197266
1745,512,36791,71.857422
1746,512,35750,69.824219
1747,512,37083,72.427734
1748,512,35542,69.417969
1749,512,35666,69.660156
1750,512,35042,68.441406
1751,512,36500,71.289062
1752,512,36750,71.777344
1753,512,35250,68.847656
1754,512,39000,76.171875
1755,512,36667,71.615234
1756,512,40208,78.531250
1757,512,36375,71.044922
1758,512,35625,69.580078
1759,512,35625,69.580078
1760,512,36667,71.615234
1761,512,37875,73.974609
1762,512,37750,73.730469
1763,512,38666,75.519531
1764,512,34917,68.197266
1765,512,34958,68.277344
1766,512,37292,72.835938
1767,512,37000,72.265625
1768,512,37167,72.591797
1769,512,44792,87.484375
1770,512,37209,72.673828
1771,512,36917,72.103516
1772,512,37583,73.404297
1773,512,36583,71.451172
1774,512,42583,83.169922
1775,512,37375,72.998047
1776,512,39583,77.310547
1777,512,37000,72.265625
1778,512,35416,69.171875
1779,512,35459,69.255859
1780,512,36792,71.859375
1781,512,40583,79.263672
1782,512,41417,80.892578
1783,512,42375,82.763672
1784,512,38959,76.091797
1785,512,36875,72.021484
1786,512,37334,72.917969
1787,512,42250,82.519531
1788,512,37084,72.429688
1789,512,37750,73.730469
1790,512,35542,69.417969
1791,512,41833,81.705078
1792,512,36708,71.695312
1793,512,38792,75.765625
1794,512,37041,72.345703
1795,512,42542,83.089844
1796,512,58792,114.828125
1797,512,89500,174.804688
1798,512,34875,68.115234
1799,512,32458,63.394531
1800,512,34542,67.464844
1801,512,33542,65.511719
1802,512,35166,68.683594
1803,512,39000,76.171875
1804,512,37583,73.404297
1805,512,40042,78.207031
1806,512,34875,68.115234
1807,512,35125,68.603516
1808,512,35292,68.929688
1809,512,34041,66.486328
1810,512,34167,66.732422
1811,512,34083,66.568359
1812,512,32667,63.802734
1813,512,33000,64.453125
1814,512,33209,64.861328
1815,512,32500,63.476562
1816,512,34916,68.195312
1817,512,32625,63.720703
1818,512,34417,67.220703
1819,512,32042,62.582031
1820,512,34958,68.277344
1821,512,33208,64.859375
1822,512,33375,65.185547
1823,512,33125,64.697266
1824,512,34541,67.462891
1825,512,34584,67.546875
1826,512,33375,65.185547
1827,512,33458,65.347656
1828,512,35333,69.009766
1829,512,33375,65.185547
1830,512,33000,64.453125
1831,512,33958,66.324219
1832,512,33958,66.324219
1833,512,33292,65.023438
1834,512,33041,64.533203
1835,512,34167,66.732422
1836,512,33583,65.591797
1837,512,34166,66.730469
1838,512,34250,66.894531
1839,512,34125,66.650391
1840,512,34292,66.976562
1841,512,34333,67.056641
1842,512,35500,69.335938
1843,512,35541,69.416016
1844,512,33584,65.593750
1845,512,32791,64.044922
1846,512,33459,65.349609
1847,512,33333,65.103516
1848,512,33000,64.453125
1849,512,31542,61.605469
1850,512,32708,63.882812
1851,512,33625,65.673828
1852,512,31917,62.337891
1853,512,35416,69.171875
1854,512,35792,69.906250
1855,512,34625,67.626953
1856,512,55667,108.724609
1857,512,54083,105.630859
1858,512,31625,61.767578
1859,512,34750,67.871094
1860,512,34542,67.464844
1861,512,33167,64.779297
1862,512,33459,65.349609
1863,512,38209,74.626953
1864,512,34542,67.464844
1865,512,35416,69.171875
1866,512,33084,64.617188
1867,512,32375,63.232422
1868,512,35000,68.359375
1869,512,33916,66.242188
1870,512,33250,64.941406
1871,512,33042,64.535156
1872,512,35750,69.824219
1873,512,35750,69.824219
1874,512,33500,65.429688
1875,512,33875,66.162109
1876,512,33417,65.267578
1877,512,33208,64.859375
1878,512,33917,66.244141
1879,512,32708,63.882812
1880,512,32750,63.964844
1881,512,36166,70.636719
1882,512,36292,70.882812
1883,512,35583,69.498047
1884,512,34750,67.871094
1885,512,33750,65.917969
1886,512,33541,65.509766
1887,512,33084,64.617188
1888,512,34250,66.894531
1889,512,31875,62.255859
1890,512,32750,63.964844
1891,512,35167,68.685547
1892,512,34291,66.974609
1893,512,34625,67.626953
1894,512,33334,65.105469
1895,512,32791,64.044922
1896,512,34042,66.488281
1897,512,33792,66.000000
1898,512,33875,66.162109
1899,512,41917,81.869141
1900,512,40542,79.183594
1901,512,35459,69.255859
1902,512,43375,84.716797
1903,512,44542,86.996094
1904,512,36291,70.880859
1905,512,32708,63.882812
1906,512,32084,62.664062
1907,512,32500,63.476562
1908,512,34834,68.035156
1909,512,35166,68.683594
1910,512,33500,65.429688
1911,512,33334,65.105469
1912,512,33333,65.103516
1913,512,37916,74.054688
1914,512,34000,66.406250
1915,512,32167,62.826172
1916,512,33833,66.080078
1917,512,38541,75.275391
1918,512,34584,67.546875
1919,512,35459,69.255859
1920,512,35792,69.906250
1921,512,35250,68.847656
1922,512,33291,65.021484
1923,512,33834,66.082031
1924,512,34209,66.814453
1925,512,40000,78.125000
1926,512,44875,87.646484
1927,512,34709,67.791016
1928,512,34916,68.195312
1929,512,34292,66.976562
1930,512,34250,66.894531
1931,512,34583,67.544922
1932,512,35833,69.986328
1933,512,35709,69.744141
1934,512,45375,88.623047
1935,512,40667,79.427734
1936,512,34833,68.033203
1937,512,35208,68.765625
1938,512,38917,76.009766
1939,512,37583,73.404297
1940,512,36167,70.638672
1941,512,37167,72.591797
1942,512,37625,73.486328
1943,512,37000,72.265625
1944,512,35916,70.148438
1945,512,36542,71.371094
1946,512,41417,80.892578
1947,512,38208,74.625000
1948,512,38292,74.789062
1949,512,43291,84.552734
1950,512,41500,81.054688
1951,512,37500,73.242188
1952,512,43292,84.554688
1953,512,36792,71.859375
1954,512,35375,69.091797
1955,512,44041,86.017578
1956,512,38417,75.033203
1957,512,42334,82.683594
1958,512,39166,76.496094
1959,512,35375,69.091797
1960,512,37333,72.916016
1961,512,37917,74.056641
1962,512,37250,72.753906
1963,512,36458,71.207031
1964,512,35834,69.988281
1965,512,38500,75.195312
1966,512,40125,78.369141
1967,512,36000,70.312500
1968,512,35250,68.847656
1969,512,37417,73.080078
1970,512,38416,75.031250
1971,512,38042,74.300781
1972,512,35541,69.416016
1973,512,35250,68.847656
1974,512,37750,73.730469
1975,512,35875,70.068359
1976,512,36583,71.451172
1977,512,34666,67.707031
1978,512,38167,74.544922
1979,512,47750,93.261719
1980,512,38583,75.357422
1981,512,37166,72.589844
1982,512,38750,75.683594
1983,512,36459,71.208984
1984,512,37250,72.753906
1985,512,41834,81.707031
1986,512,36625,71.533203
1987,512,36667,71.615234
1988,512,34625,67.626953
1989,512,38958,76.089844
1990,512,37375,72.998047
1991,512,35792,69.906250
1992,512,37250,72.753906
1993,512,34834,68.035156
1994,512,34875,68.115234
1995,512,36542,71.371094
1996,512,35667,69.662109
1997,512,36625,71.533203
1998,512,36208,70.718750
1999,512,35292,68.929688
2000,512,35458,69.253906
2001,512,35708,69.742188
2002,512,36875,72.021484
2003,512,36250,70.800781
2004,512,37916,74.054688
2005,512,34917,68.197266
2006,512,35833,69.986328
2007,512,37500,73.242188
2008,512,41208,80.484375
2009,512,35542,69.417969
2010,512,35833,69.986328
2011,512,42167,82.357422
2012,512,39250,76.660156
2013,512,36791,71.857422
2014,512,34667,67.708984
2015,512,35916,70.148438
2016,512,37417,73.080078
2017,512,37750,73.730469
2018,512,36625,71.533203
2019,512,35417,69.173828
2020,512,36875,72.021484
2021,512,36417,71.126953
2022,512,36542,71.371094
2023,512,36334,70.964844
2024,512,38958,76.089844
2025,512,38458,75.113281
2026,512,34959,68.279297
2027,512,40750,79.589844
2028,512,40458,79.019531
2029,512,38958,76.089844
2030,512,38125,74.462891
2031,512,36667,71.615234
2032,512,35458,69.253906
2033,512,37083,72.427734
2034,512,40667,79.427734
2035,512,36542,71.371094
2036,512,47208,92.203125
2037,512,42167,82.357422
2038,512,47791,93.341797
2039,512,43333,84.634766
2040,512,36917,72.103516
2041,512,41583,81.216797
2042,512,40583,79.263672
2043,512,44042,86.019531
2044,512,113834,222.332031
2045,512,35750,69.824219
2046,512,32084,62.664062
2047,512,34041,66.486328
2048,512,37584,73.406250
2049,512,35667,69.662109
2050,512,34375,67.138672
2051,512,33166,64.777344
2052,512,34333,67.056641
2053,512,33958,66.324219
2054,512,33167,64.779297
2055,512,34333,67.056641
2056,512,32458,63.394531
2057,512,34958,68.277344
2058,512,34167,66.732422
2059,512,34042,66.488281
2060,512,33166,64.777344
2061,512,35500,69.335938
2062,512,34834,68.035156
2063,512,33959,66.326172
2064,512,32958,64.371094
2065,512,33083,64.615234
2066,512,35834,69.988281
2067,512,33667,65.755859
2068,512,32417,63.314453
2069,512,33916,66.242188
2070,512,33917,66.244141
2071,512,34208,66.812500
2072,512,35917,70.150391
2073,512,32334,63.152344
2074,512,34416,67.218750
2075,512,33042,64.535156
2076,512,34166,66.730469
2077,512,33834,66.082031
2078,512,32500,63.476562
2079,512,33708,65.835938
2080,512,33208,64.859375
2081,512,32667,63.802734
2082,512,34458,67.300781
2083,512,33750,65.917969
2084,512,34125,66.650391
2085,512,32958,64.371094
2086,512,34000,66.406250
2087,512,33750,65.917969
2088,512,35542,69.417969
2089,512,33708,65.835938
2090,512,34167,66.732422
2091,512,35625,69.580078
2092,512,34166,66.730469
2093,512,33708,65.835938
2094,512,34084,66.570312
2095,512,33958,66.324219
2096,512,32750,63.964844
2097,512,34250,66.894531
2098,512,31791,62.091797
2099,512,32417,63.314453
2100,512,34416,67.218750
2101,512,45875,89.599609
2102,512,40375,78.857422
2103,512,32542,63.558594
2104,512,35375,69.091797
2105,512,33125,64.697266
2106,512,42666,83.332031
2107,512,33417,65.267578
2108,512,34250,66.894531
2109,512,32875,64.208984
2110,512,33750,65.917969
2111,512,33875,66.162109
2112,512,35125,68.603516
2113,512,34292,66.976562
2114,512,33750,65.917969
2115,512,33000,64.453125
2116,512,34125,66.650391
2117,512,33084,64.617188
2118,512,33833,66.080078
2119,512,39542,77.230469
2120,512,33000,64.453125
2121,512,34208,66.812500
2122,512,33792,66.000000
2123,512,32958,64.371094
2124,512,34417,67.220703
2125,512,35500,69.335938
2126,512,33833,66.080078
2127,512,33625,65.673828
2128,512,33542,65.511719
2129,512,32833,64.126953
2130,512,33208,64.859375
2131,512,32917,64.291016
2132,512,107542,210.042969
2133,512,38958,76.089844
2134,512,32708,63.882812
2135,512,33417,65.267578
2136,512,37250,72.753906
2137,512,38542,75.277344
2138,512,35792,69.906250
2139,512,32417,63.314453
2140,512,33333,65.103516
2141,512,32875,64.208984
2142,512,32541,63.556641
2143,512,34000,66.406250
2144,512,33833,66.080078
2145,512,33834,66.082031
2146,512,35125,68.603516
2147,512,33250,64.941406
2148,512,33833,66.080078
2149,512,33042,64.535156
2150,512,34125,66.650391
2151,512,35000,68.359375
2152,512,35000,68.359375
2153,512,34042,66.488281
2154,512,33000,64.453125
2155,512,33500,65.429688
2156,512,35042,68.441406
2157,512,33209,64.861328
2158,512,32166,62.824219
2159,512,33500,65.429688
2160,512,33083,64.615234
2161,512,34584,67.546875
2162,512,33334,65.105469
2163,512,33000,64.453125
2164,512,32750,63.964844
2165,512,34666,67.707031
2166,512,33292,65.023438
2167,512,33709,65.837891
2168,512,32916,64.289062
2169,512,32459,63.396484
2170,512,33583,65.591797
2171,512,38666,75.519531
2172,512,33834,66.082031
2173,512,33875,66.162109
2174,512,33417,65.267578
2175,512,33792,66.000000
2176,512,34000,66.406250
2177,512,33459,65.349609
2178,512,34041,66.486328
2179,512,34583,67.544922
2180,512,34625,67.626953
2181,512,33291,65.021484
2182,512,34834,68.035156
2183,512,33625,65.673828
2184,512,34042,66.488281
2185,512,36375,71.044922
2186,512,34500,67.382812
2187,512,40583,79.263672
2188,512,37125,72.509766
2189,512,36792,71.859375
2190,512,38541,75.275391
2191,512,37334,72.917969
2192,512,35916,70.148438
2193,512,35417,69.173828
2194,512,36375,71.044922
2195,512,36333,70.962891
2196,512,36042,70.394531
2197,512,37083,72.427734
2198,512,36209,70.720703
2199,512,33583,65.591797
2200,512,37667,73.568359
2201,512,38291,74.787109
2202,512,37375,72.998047
2203,512,35417,69.173828
2204,512,35792,69.906250
2205,512,36291,70.880859
2206,512,35125,68.603516
2207,512,38667,75.521484
2208,512,42291,82.599609
2209,512,36375,71.044922
2210,512,38041,74.298828
2211,512,35834,69.988281
2212,512,37750,73.730469
2213,512,37125,72.509766
2214,512,38375,74.951172
2215,512,41708,81.460938
2216,512,36542,71.371094
2217,512,37083,72.427734
2218,512,35792,69.906250
2219,512,40333,78.775391
2220,512,37292,72.835938
2221,512,38000,74.218750
2222,512,39834,77.800781
2223,512,41916,81.867188
2224,512,48375,94.482422
2225,512,42500,83.007812
2226,512,51666,100.910156
2227,512,35958,70.230469
2228,512,36292,70.882812
2229,512,36750,71.777344
2230,512,42584,83.171875
2231,512,36666,71.613281
2232,512,36000,70.312500
2233,512,40958,79.996094
2234,512,38167,74.544922
2235,512,36541,71.369141
2236,512,35833,69.986328
2237,512,34542,67.464844
2238,512,39375,76.904297
2239,512,37125,72.509766
2240,512,43667,85.287109
2241,512,42416,82.843750
2242,512,35167,68.685547
2243,512,43791,85.529297
2244,512,40917,79.916016
2245,512,35750,69.824219
2246,512,35625,69.580078
2247,512,38041,74.298828
2248,512,38125,74.462891
2249,512,35167,68.685547
2250,512,36166,70.636719
2251,512,36834,71.941406
2252,512,35791,69.904297
2253,512,43834,85.613281
2254,512,39166,76.496094
2255,512,44042,86.019531
2256,512,41791,81.623047
2257,512,40667,79.427734
2258,512,36208,70.718750
2259,512,36000,70.312500
2260,512,36084,70.476562
2261,512,39042,76.253906
2262,512,41083,80.240234
2263,512,41708,81.460938
2264,512,40542,79.183594
2265,512,43833,85.611328
2266,512,58000,113.281250
2267,512,110916,216.632812
2268,512,36209,70.720703
2269,512,34500,67.382812
2270,512,34916,68.195312
2271,512,36125,70.556641
2272,512,37166,72.589844
2273,512,35292,68.929688
2274,512,36958,72.183594
2275,512,42083,82.193359
2276,512,36750,71.777344
2277,512,35958,70.230469
2278,512,34958,68.277344
2279,512,35125,68.603516
2280,512,35500,69.335938
2281,512,35042,68.441406
2282,512,35125,68.603516
2283,512,35584,69.500000
2284,512,35583,69.498047
2285,512,35667,69.662109
2286,512,34250,66.894531
2287,512,35750,69.824219
2288,512,35709,69.744141
2289,512,36875,72.021484
2290,512,36709,71.697266
2291,512,36791,71.857422
2292,512,34375,67.138672
2293,512,35917,70.150391
2294,512,39416,76.984375
2295,512,35500,69.335938
2296,512,35209,68.767578
2297,512,34291,66.974609
2298,512,34667,67.708984
2299,512,35958,70.230469
2300,512,34708,67.789062
2301,512,35625,69.580078
2302,512,35125,68.603516
2303,512,35625,69.580078
2304,512,35500,69.335938
2305,512,36500,71.289062
2306,512,35291,68.927734
2307,512,35125,68.603516
2308,512,35792,69.906250
2309,512,35500,69.335938
2310,512,34583,67.544922
2311,512,34500,67.382812
2312,512,34000,66.406250
2313,512,35625,69.580078
2314,512,33917,66.244141
2315,512,35875,70.068359
2316,512,34167,66.732422
2317,512,34542,67.464844
2318,512,34833,68.033203
2319,512,34125,66.650391
2320,512,34625,67.626953
2321,512,35666,69.660156
2322,512,33834,66.082031
2323,512,34834,68.035156
2324,512,36583,71.451172
2325,512,35833,69.986328
2326,512,36500,71.289062
2327,512,35292,68.929688
2328,512,34166,66.730469
2329,512,35375,69.091797
2330,512,34541,67.462891
2331,512,34458,67.300781
2332,512,34917,68.197266
2333,512,35417,69.173828
2334,512,35041,68.439453
2335,512,36250,70.800781
2336,512,35042,68.441406
2337,512,33708,65.835938
2338,512,34000,66.406250
2339,512,34500,67.382812
2340,512,34541,67.462891
2341,512,34042,66.488281
2342,512,35333,69.009766
2343,512,34042,66.488281
2344,512,34417,67.220703
2345,512,35250,68.847656
2346,512,33958,66.324219
2347,512,34667,67.708984
2348,512,32625,63.720703
2349,512,33583,65.591797
2350,512,33625,65.673828
2351,512,34125,66.650391
2352,512,33917,66.244141
2353,512,34750,67.871094
2354,512,32917,64.291016
2355,512,35041,68.439453
2356,512,32958,64.371094
2357,512,36334,70.964844
2358,512,36916,72.101562
2359,512,35334,69.011719
2360,512,35291,68.927734
2361,512,34834,68.035156
2362,512,35000,68.359375
2363,512,37042,72.347656
2364,512,35375,69.091797
2365,512,34584,67.546875
2366,512,35084,68.523438
2367,512,34625,67.626953
2368,512,33834,66.082031
2369,512,35958,70.230469
2370,512,33000,64.453125
2371,512,34333,67.056641
2372,512,34542,67.464844
2373,512,33375,65.185547
2374,512,34334,67.058594
2375,512,34792,67.953125
2376,512,34833,68.033203
2377,512,32667,63.802734
2378,512,34958,68.277344
2379,512,34833,68.033203
2380,512,34375,67.138672
2381,512,35250,68.847656
2382,512,34625,67.626953
2383,512,33083,64.615234
2384,512,35042,68.441406
2385,512,34000,66.406250
2386,512,34375,67.138672
2387,512,35375,69.091797
2388,512,34500,67.382812
2389,512,34625,67.626953
2390,512,33250,64.941406
2391,512,33791,65.998047
2392,512,34625,67.626953
2393,512,32875,64.208984
2394,512,35458,69.253906
2395,512,35833,69.986328
2396,512,35667,69.662109
2397,512,34791,67.951172
2398,512,34417,67.220703
2399,512,35000,68.359375
2400,512,33500,65.429688
2401,512,34208,66.812500
2402,512,37208,72.671875
2403,512,37250,72.753906
2404,512,36125,70.556641
2405,512,35750,69.824219
2406,512,37750,73.730469
2407,512,118375,231.201172
2408,512,43500,84.960938
2409,512,37375,72.998047
2410,512,38458,75.113281
2411,512,37417,73.080078
2412,512,38167,74.544922
2413,512,39000,76.171875
2414,512,37834,73.894531
2415,512,37416,73.078125
2416,512,36542,71.371094
2417,512,42667,83.333984
2418,512,42833,83.658203
2419,512,37417,73.080078
2420,512,37084,72.429688
2421,512,35875,70.068359
2422,512,36834,71.941406
2423,512,47083,91.958984
2424,512,48250,94.238281
2425,512,38041,74.298828
2426,512,37292,72.835938
2427,512,37667,73.568359
2428,512,42709,83.416016
2429,512,37375,72.998047
2430,512,40042,78.207031
2431,512,41292,80.648438
2432,512,46084,90.007812
2433,512,43917,85.775391
2434,512,36250,70.800781
2435,512,38666,75.519531
2436,512,38042,74.300781
2437,512,38292,74.789062
2438,512,37708,73.648438
2439,512,38583,75.357422
2440,512,39125,76.416016
2441,512,37958,74.136719
2442,512,40875,79.833984
2443,512,38833,75.845703
2444,512,37208,72.671875
2445,512,40709,79.509766
2446,512,44958,87.808594
2447,512,41042,80.160156
2448,512,39625,77.392578
2449,512,35583,69.498047
2450,512,35833,69.986328
2451,512,46834,91.472656
2452,512,38625,75.439453
2453,512,35833,69.986328
2454,512,40250,78.613281
2455,512,36917,72.103516
2456,512,36041,70.392578
2457,512,35250,68.847656
2458,512,41667,81.380859
2459,512,52375,102.294922
2460,512,35584,69.500000
2461,512,42000,82.031250
2462,512,43791,85.529297
2463,512,36667,71.615234
2464,512,37958,74.136719
2465,512,37250,72.753906
2466,512,34875,68.115234
2467,512,33416,65.265625
2468,512,34459,67.302734
2469,512,34750,67.871094
2470,512,36208,70.718750
2471,512,33875,66.162109
2472,512,36416,71.125000
2473,512,34459,67.302734
2474,512,33875,66.162109
2475,512,34583,67.544922
2476,512,33250,64.941406
2477,512,35500,69.335938
2478,512,33959,66.326172
2479,512,35125,68.603516
2480,512,34041,66.486328
2481,512,37500,73.242188
2482,512,38000,74.218750
2483,512,35834,69.988281
2484,512,36000,70.312500
2485,512,34041,66.486328
2486,512,42250,82.519531
2487,512,46209,90.251953
2488,512,48500,94.726562
2489,512,42458,82.925781
2490,512,38458,75.113281
2491,512,42917,83.822266
2492,512,48375,94.482422
2493,512,42500,83.007812
2494,512,40833,79.751953
2495,512,58000,113.281250
2496,512,44000,85.937500
2497,512,46750,91.308594
2498,512,38667,75.521484
2499,512,52625,102.783203
2500,512,41209,80.486328
2501,512,63375,123.779297
2502,512,44667,87.240234
2503,512,45500,88.867188
2504,512,48666,95.050781
2505,512,45084,88.054688
2506,512,35333,69.009766
2507,512,34125,66.650391
2508,512,34417,67.220703
2509,512,34125,66.650391
2510,512,35667,69.662109
2511,512,35458,69.253906
2512,512,34250,66.894531
2513,512,34459,67.302734
2514,512,34000,66.406250
2515,512,32667,63.802734
2516,512,33333,65.103516
2517,512,34209,66.814453
2518,512,31459,61.443359
2519,512,34959,68.279297
2520,512,35041,68.439453
2521,512,33334,65.105469
2522,512,34041,66.486328
2523,512,34125,66.650391
2524,512,33000,64.453125
2525,512,35417,69.173828
2526,512,33917,66.244141
2527,512,34500,67.382812
2528,512,35083,68.521484
2529,512,33125,64.697266
2530,512,32917,64.291016
2531,512,35167,68.685547
2532,512,35292,68.929688
2533,512,33875,66.162109
2534,512,34083,66.568359
2535,512,31917,62.337891
2536,512,34791,67.951172
2537,512,33417,65.267578
2538,512,32291,63.068359
2539,512,33000,64.453125
2540,512,33375,65.185547
2541,512,35000,68.359375
2542,512,34333,67.056641
2543,512,33166,64.777344
2544,512,34834,68.035156
2545,512,33250,64.941406
2546,512,33834,66.082031
2547,512,33417,65.267578
2548,512,33000,64.453125
2549,512,35208,68.765625
2550,512,32625,63.720703
2551,512,34667,67.708984
2552,512,32917,64.291016
2553,512,34334,67.058594
2554,512,32000,62.500000
2555,512,32458,63.394531
2556,512,35458,69.253906
2557,512,35500,69.335938
2558,512,33292,65.023438
2559,512,34291,66.974609
2560,512,33667,65.755859
2561,512,34000,66.406250
2562,512,42250,82.519531
2563,512,32708,63.882812
2564,512,34958,68.277344
2565,512,34542,67.464844
2566,512,34417,67.220703
2567,512,33958,66.324219
2568,512,34167,66.732422
2569,512,32458,63.394531
2570,512,35416,69.171875
2571,512,33042,64.535156
2572,512,33667,65.755859
2573,512,38125,74.462891
2574,512,37709,73.650391
2575,512,34958,68.277344
2576,512,44500,86.914062
2577,512,45958,89.761719
2578,512,37042,72.347656
2579,512,41583,81.216797
2580,512,43125,84.228516
2581,512,34041,66.486328
2582,512,35084,68.523438
2583,512,31125,60.791016
2584,512,32791,64.044922
2585,512,33500,65.429688
2586,512,32917,64.291016
2587,512,34334,67.058594
2588,512,36166,70.636719
2589,512,34209,66.814453
2590,512,34166,66.730469
2591,512,34792,67.953125
2592,512,34375,67.138672
2593,512,35291,68.927734
2594,512,32834,64.128906
2595,512,38167,74.544922
2596,512,33375,65.185547
2597,512,38500,75.195312
2598,512,34208,66.812500
2599,512,36208,70.718750
2600,512,34292,66.976562
2601,512,35583,69.498047
2602,512,37333,72.916016
2603,512,36709,71.697266
2604,512,37875,73.974609
2605,512,39083,76.333984
2606,512,38583,75.357422
2607,512,37792,73.812500
2608,512,36000,70.312500
2609,512,36125,70.556641
2610,512,35917,70.150391
2611,512,35625,69.580078
2612,512,35458,69.253906
2613,512,36333,70.962891
2614,512,36625,71.533203
2615,512,35250,68.847656
2616,512,34584,67.546875
2617,512,35459,69.255859
2618,512,35500,69.335938
2619,512,34375,67.138672
2620,512,35625,69.580078
2621,512,35542,69.417969
2622,512,37833,73.892578
2623,512,36167,70.638672
2624,512,34042,66.488281
2625,512,35417,69.173828
2626,512,34833,68.033203
2627,512,36083,70.474609
2628,512,35833,69.986328
2629,512,34500,67.382812
2630,512,37917,74.056641
2631,512,34542,67.464844
2632,512,36916,72.101562
2633,512,39083,76.333984
2634,512,36334,70.964844
2635,512,37166,72.589844
2636,512,35209,68.767578
2637,512,37583,73.404297
2638,512,36833,71.939453
2639,512,36709,71.697266
2640,512,34291,66.974609
2641,512,35667,69.662109
2642,512,35167,68.685547
2643,512,34541,67.462891
2644,512,34709,67.791016
2645,512,35583,69.498047
2646,512,38333,74.869141
2647,512,37625,73.486328
2648,512,35334,69.011719
2649,512,36167,70.638672
2650,512,35333,69.009766
2651,512,34917,68.197266
2652,512,34916,68.195312
2653,512,34167,66.732422
2654,512,34458,67.300781
2655,512,34750,67.871094
2656,512,37166,72.589844
2657,512,36459,71.208984
2658,512,36209,70.720703
2659,512,36125,70.556641
2660,512,34208,66.812500
2661,512,35583,69.498047
2662,512,36292,70.882812
2663,512,35500,69.335938
2664,512,34666,67.707031
2665,512,36000,70.312500
2666,512,36500,71.289062
2667,512,36334,70.964844
2668,512,36250,70.800781
2669,512,38500,75.195312
2670,512,37750,73.730469
2671,512,36459,71.208984
2672,512,37459,73.162109
2673,512,35750,69.824219
2674,512,37375,72.998047
2675,512,39500,77.148438
2676,512,34959,68.279297
2677,512,35541,69.416016
2678,512,35750,69.824219
2679,512,36000,70.312500
2680,512,37791,73.810547
2681,512,37958,74.136719
2682,512,42625,83.251953
2683,512,41083,80.240234
2684,512,45375,88.623047
2685,512,35750,69.824219
2686,512,35500,69.335938
2687,512,34625,67.626953
2688,512,36250,70.800781
2689,512,43042,84.066406
2690,512,45208,88.296875
2691,512,40958,79.996094
2692,512,37167,72.591797
2693,512,38583,75.357422
2694,512,42583,83.169922
2695,512,39667,77.474609
2696,512,67416,131.671875
2697,512,40167,78.451172
2698,512,37458,73.160156
2699,512,36792,71.859375
2700,512,37041,72.345703
2701,512,36750,71.777344
2702,512,37875,73.974609
2703,512,37250,72.753906
2704,512,37125,72.509766
2705,512,36084,70.476562
2706,512,35916,70.148438
2707,512,37875,73.974609
2708,512,36292,70.882812
2709,512,39458,77.066406
2710,512,38792,75.765625
2711,512,33833,66.080078
2712,512,40625,79.345703
2713,512,37417,73.080078
2714,512,40500,79.101562
2715,512,41125,80.322266
2716,512,125541,245.197266
2717,512,34333,67.056641
2718,512,35292,68.929688
2719,512,34833,68.033203
2720,512,35500,69.335938
2721,512,33750,65.917969
2722,512,37583,73.404297
2723,512,31917,62.337891
2724,512,31833,62.173828
2725,512,34708,67.789062
2726,512,33542,65.511719
2727,512,35625,69.580078
2728,512,33417,65.267578
2729,512,32375,63.232422
2730,512,33791,65.998047
2731,512,33875,66.162109
2732,512,33792,66.000000
2733,512,33125,64.697266
2734,512,32042,62.582031
2735,512,33500,65.429688
2736,512,33958,66.324219
2737,512,34750,67.871094
2738,512,32875,64.208984
2739,512,34709,67.791016
2740,512,33417,65.267578
2741,512,33667,65.755859
2742,512,32625,63.720703
2743,512,32541,63.556641
2744,512,34042,66.488281
2745,512,33791,65.998047
2746,512,34583,67.544922
2747,512,35334,69.011719
2748,512,34125,66.650391
2749,512,35125,68.603516
2750,512,34250,66.894531
2751,512,34292,66.976562
2752,512,33541,65.509766
2753,512,34000,66.406250
2754,512,32709,63.884766
2755,512,34291,66.974609
2756,512,33667,65.755859
2757,512,33625,65.673828
2758,512,34459,67.302734
2759,512,31916,62.335938
2760,512,33417,65.267578
2761,512,32083,62.662109
2762,512,34125,66.650391
2763,512,32500,63.476562
2764,512,33042,64.535156
2765,512,34083,66.568359
2766,512,34875,68.115234
2767,512,33916,66.242188
2768,512,34042,66.488281
2769,512,34250,66.894531
2770,512,33291,65.021484
2771,512,33334,65.105469
2772,512,33125,64.697266
2773,512,30959,60.466797
2774,512,34250,66.894531
2775,512,33916,66.242188
2776,512,35334,69.011719
2777,512,34709,67.791016
2778,512,38542,75.277344
2779,512,34583,67.544922
2780,512,33333,65.103516
2781,512,34250,66.894531
2782,512,34667,67.708984
2783,512,33500,65.429688
2784,512,35292,68.929688
2785,512,34250,66.894531
2786,512,33584,65.593750
2787,512,32583,63.638672
2788,512,32625,63.720703
2789,512,33583,65.591797
2790,512,32334,63.152344
2791,512,32875,64.208984
2792,512,32042,62.582031
2793,512,33333,65.103516
2794,512,34500,67.382812
2795,512,39417,76.986328
2796,512,33792,66.000000
2797,512,33708,65.835938
2798,512,34167,66.732422
2799,512,35041,68.439453
2800,512,40625,79.345703
2801,512,47042,91.878906
2802,512,34625,67.626953
2803,512,33333,65.103516
2804,512,34083,66.568359
2805,512,33042,64.535156
2806,512,35000,68.359375
2807,512,33583,65.591797
2808,512,33417,65.267578
2809,512,32459,63.396484
2810,512,34500,67.382812
2811,512,34625,67.626953
2812,512,32291,63.068359
2813,512,34958,68.277344
2814,512,33625,65.673828
2815,512,33709,65.837891
2816,512,34166,66.730469
2817,512,34167,66.732422
2818,512,34542,67.464844
2819,512,32458,63.394531
2820,512,34125,66.650391
2821,512,34292,66.976562
2822,512,34750,67.871094
2823,512,34875,68.115234
2824,512,32500,63.476562
2825,512,32625,63.720703
2826,512,33042,64.535156
2827,512,33459,65.349609
2828,512,33667,65.755859
2829,512,34125,66.650391
2830,512,32291,63.068359
2831,512,32209,62.908203
2832,512,32916,64.289062
2833,512,34834,68.035156
2834,512,37083,72.427734
2835,512,35875,70.068359
2836,512,33541,65.509766
2837,512,33750,65.917969
2838,512,35917,70.150391
2839,512,33917,66.244141
2840,512,33417,65.267578
2841,512,33875,66.162109
2842,512,33750,65.917969
2843,512,32584,63.640625
2844,512,33291,65.021484
2845,512,34084,66.570312
2846,512,34416,67.218750
2847,512,34250,66.894531
2848,512,33958,66.324219
2849,512,35250,68.847656
2850,512,34583,67.544922
2851,512,33209,64.861328
2852,512,33666,65.753906
2853,512,33042,64.535156
2854,512,32792,64.046875
2855,512,32625,63.720703
2856,512,33333,65.103516
2857,512,33958,66.324219
2858,512,33208,64.859375
2859,512,33167,64.779297
2860,512,32791,64.044922
2861,512,33625,65.673828
2862,512,35250,68.847656
2863,512,36167,70.638672
2864,512,34583,67.544922
2865,512,34083,66.568359
2866,512,35125,68.603516
2867,512,34375,67.138672
2868,512,34167,66.732422
2869,512,34375,67.138672
2870,512,33458,65.347656
2871,512,33208,64.859375
2872,512,32542,63.558594
2873,512,34583,67.544922
2874,512,33917,66.244141
2875,512,33958,66.324219
2876,512,34291,66.974609
2877,512,35667,69.662109
2878,512,34125,66.650391
2879,512,32958,64.371094
2880,512,33542,65.511719
2881,512,33916,66.242188
2882,512,33292,65.023438
2883,512,35916,70.148438
2884,512,37125,72.509766
2885,512,37084,72.429688
2886,512,38459,75.115234
2887,512,34791,67.951172
2888,512,37958,74.136719
2889,512,37667,73.568359
2890,512,37750,73.730469
2891,512,35041,68.439453
2892,512,36458,71.207031
2893,512,36542,71.371094
2894,512,39625,77.392578
2895,512,34333,67.056641
2896,512,37375,72.998047
2897,512,37250,72.753906
2898,512,37666,73.566406
2899,512,36959,72.185547
2900,512,36541,71.369141
2901,512,36292,70.882812
2902,512,35875,70.068359
2903,512,36334,70.964844
2904,512,36125,70.556641
2905,512,36125,70.556641
2906,512,35834,69.988281
2907,512,40166,78.449219
2908,512,36334,70.964844
2909,512,37041,72.345703
2910,512,36875,72.021484
2911,512,37375,72.998047
2912,512,35209,68.767578
2913,512,36000,70.312500
2914,512,36041,70.392578
2915,512,38542,75.277344
2916,512,34125,66.650391
2917,512,35625,69.580078
2918,512,37584,73.406250
2919,512,34916,68.195312
2920,512,45167,88.216797
2921,512,35917,70.150391
2922,512,38791,75.763672
2923,512,36584,71.453125
2924,512,36958,72.183594
2925,512,36583,71.451172
2926,512,37417,73.080078
2927,512,37417,73.080078
2928,512,36458,71.207031
2929,512,35042,68.441406
2930,512,36250,70.800781
2931,512,34583,67.544922
2932,512,35791,69.904297
2933,512,38292,74.789062
2934,512,37500,73.242188
2935,512,39125,76.416016
2936,512,36583,71.451172
2937,512,35875,70.068359
2938,512,35958,70.230469
2939,512,37250,72.753906
2940,512,35209,68.767578
2941,512,35875,70.068359
2942,512,37416,73.078125
2943,512,37000,72.265625
2944,512,36584,71.453125
2945,512,36834,71.941406
2946,512,36209,70.720703
2947,512,36541,71.369141
2948,512,34250,66.894531
2949,512,34375,67.138672
2950,512,35958,70.230469
2951,512,38375,74.951172
2952,512,36250,70.800781
2953,512,35041,68.439453
2954,512,36667,71.615234
2955,512,35292,68.929688
2956,512,37542,73.324219
2957,512,35084,68.523438
2958,512,39958,78.042969
2959,512,36167,70.638672
2960,512,39500,77.148438
2961,512,38042,74.300781
2962,512,38083,74.380859
2963,512,37000,72.265625
2964,512,35625,69.580078
2965,512,36542,71.371094
2966,512,37042,72.347656
2967,512,37708,73.648438
2968,512,37625,73.486328
2969,512,36792,71.859375
2970,512,36416,71.125000
2971,512,36500,71.289062
2972,512,38334,74.871094
2973,512,38750,75.683594
2974,512,38667,75.521484
2975,512,37917,74.056641
2976,512,37125,72.509766
2977,512,60208,117.593750
2978,512,43292,84.554688
2979,512,34416,67.218750
2980,512,38875,75.927734
2981,512,35250,68.847656
2982,512,33875,66.162109
2983,512,31833,62.173828
2984,512,38000,74.218750
2985,512,44375,86.669922
2986,512,38750,75.683594
2987,512,35292,68.929688
2988,512,39625,77.392578
2989,512,34208,66.812500
2990,512,34042,66.488281
2991,512,32708,63.882812
2992,512,33958,66.324219
2993,512,34833,68.033203
2994,512,34250,66.894531
2995,512,32959,64.373047
2996,512,35250,68.847656
2997,512,33333,65.103516
2998,512,34625,67.626953
2999,512,34375,67.138672
3000,512,32458,63.394531
3001,512,34667,67.708984
3002,512,32375,63.232422
3003,512,33959,66.326172
3004,512,34583,67.544922
3005,512,32250,62.988281
3006,512,33875,66.162109
3007,512,34125,66.650391
3008,512,32667,63.802734
3009,512,33667,65.755859
3010,512,33333,65.103516
3011,512,35000,68.359375
3012,512,39375,76.904297
3013,512,33792,66.000000
3014,512,32250,62.988281
3015,512,34583,67.544922
3016,512,33292,65.023438
3017,512,33542,65.511719
3018,512,33583,65.591797
3019,512,33917,66.244141
3020,512,33625,65.673828
3021,512,34458,67.300781
3022,512,33667,65.755859
3023,512,34791,67.951172
3024,512,38958,76.089844
3025,512,35709,69.744141
3026,512,34334,67.058594
3027,512,33583,65.591797
3028,512,35667,69.662109
3029,512,33625,65.673828
3030,512,35834,69.988281
3031,512,33000,64.453125
3032,512,33584,65.593750
3033,512,32459,63.396484
3034,512,34459,67.302734
3035,512,33875,66.162109
3036,512,34167,66.732422
3037,512,33833,66.080078
3038,512,35125,68.603516
3039,512,39250,76.660156
3040,512,36334,70.964844
3041,512,33958,66.324219
3042,512,33458,65.347656
3043,512,34833,68.033203
3044,512,32917,64.291016
3045,512,34459,67.302734
3046,512,33708,65.835938
3047,512,33583,65.591797
3048,512,35167,68.685547
3049,512,33625,65.673828
3050,512,32709,63.884766
3051,512,34000,66.406250
3052,512,34834,68.035156
3053,512,34250,66.894531
3054,512,34000,66.406250
3055,512,32916,64.289062
3056,512,33000,64.453125
3057,512,35875,70.068359
3058,512,35459,69.255859
3059,512,33625,65.673828
3060,512,37458,73.160156
3061,512,35250,68.847656
3062,512,41458,80.972656
3063,512,38084,74.382812
3064,512,36208,70.718750
3065,512,35375,69.091797
3066,512,34792,67.953125
3067,512,35791,69.904297
3068,512,33792,66.000000
3069,512,34458,67.300781
3070,512,37500,73.242188
3071,512,38916,76.007812
3072,512,37625,73.486328
3073,512,36208,70.718750
3074,512,36500,71.289062
3075,512,34750,67.871094
3076,512,38209,74.626953
3077,512,38333,74.869141
3078,512,36125,70.556641
3079,512,36542,71.371094
3080,512,35666,69.660156
3081,512,38084,74.382812
3082,512,36625,71.533203
3083,512,35083,68.521484
3084,512,36083,70.474609
3085,512,38083,74.380859
3086,512,39042,76.253906
3087,512,44416,86.750000
3088,512,38584,75.359375
3089,512,35916,70.148438
3090,512,37375,72.998047
3091,512,37125,72.509766
3092,512,37417,73.080078
3093,512,35458,69.253906
3094,512,36542,71.371094
3095,512,36125,70.556641
3096,512,37042,72.347656
3097,512,37333,72.916016
3098,512,39875,77.880859
3099,512,38667,75.521484
3100,512,35667,69.662109
3101,512,37042,72.347656
3102,512,35041,68.439453
3103,512,34125,66.650391
3104,512,37250,72.753906
3105,512,35417,69.173828
3106,512,36666,71.613281
3107,512,34958,68.277344
3108,512,38084,74.382812
3109,512,36583,71.451172
3110,512,37416,73.078125
3111,512,37583,73.404297
3112,512,36042,70.394531
3113,512,36958,72.183594
3114,512,34916,68.195312
3115,512,35875,70.068359
3116,512,34167,66.732422
3117,512,35584,69.500000
3118,512,35250,68.847656
3119,512,39166,76.496094
3120,512,38542,75.277344
3121,512,37666,73.566406
3122,512,37000,72.265625
3123,512,35417,69.173828
3124,512,36541,71.369141
3125,512,36959,72.185547
3126,512,36541,71.369141
3127,512,39375,76.904297
3128,512,43209,84.392578
3129,512,39041,76.251953
3130,512,38625,75.439453
3131,512,41834,81.707031
3132,512,38167,74.544922
3133,512,38291,74.787109
3134,512,42334,82.683594
3135,512,49792,97.250000
3136,512,41583,81.216797
3137,512,43625,85.205078
3138,512,37000,72.265625
3139,512,37416,73.078125
3140,512,40500,79.101562
3141,512,42834,83.660156
3142,512,37625,73.486328
3143,512,41375,80.810547
3144,512,37334,72.917969
3145,512,38375,74.951172
3146,512,40417,78.939453
3147,512,40166,78.449219
3148,512,46834,91.472656
3149,512,39209,76.580078
3150,512,38375,74.951172
3151,512,36209,70.720703
3152,512,38500,75.195312
3153,512,47708,93.179688
3154,512,45041,87.970703
3155,512,39417,76.986328
3156,512,35541,69.416016
3157,512,35500,69.335938
3158,512,36458,71.207031
3159,512,35833,69.986328
3160,512,35833,69.986328
3161,512,38125,74.462891
3162,512,43250,84.472656
3163,512,37708,73.648438
3164,512,37333,72.916016
3165,512,38458,75.113281
3166,512,37459,73.162109
3167,512,38084,74.382812
3168,512,37041,72.345703
3169,512,36167,70.638672
3170,512,35583,69.498047
3171,512,35417,69.173828
3172,512,35791,69.904297
3173,512,33917,66.244141
3174,512,35500,69.335938
3175,512,41000,80.078125
3176,512,43916,85.773438
3177,512,42583,83.169922
3178,512,38292,74.789062
3179,512,43125,84.228516
3180,512,42583,83.169922
3181,512,75083,146.646484
3182,512,74584,145.671875
3183,512,33375,65.185547
3184,512,32375,63.232422
3185,512,32500,63.476562
3186,512,32625,63.720703
3187,512,32125,62.744141
3188,512,33500,65.429688
3189,512,33708,65.835938
3190,512,33542,65.511719
3191,512,33583,65.591797
3192,512,33375,65.185547
3193,512,33833,66.080078
3194,512,33625,65.673828
3195,512,33834,66.082031
3196,512,32625,63.720703
3197,512,33792,66.000000
3198,512,35208,68.765625
3199,512,34792,67.953125
3200,512,35083,68.521484
3201,512,33042,64.535156
3202,512,34125,66.650391
3203,512,33375,65.185547
3204,512,33541,65.509766
3205,512,33500,65.429688
3206,512,33584,65.593750
3207,512,34166,66.730469
3208,512,35375,69.091797
3209,512,33917,66.244141
3210,512,33208,64.859375
3211,512,34417,67.220703
3212,512,32834,64.128906
3213,512,33584,65.593750
3214,512,33084,64.617188
3215,512,40708,79.507812
3216,512,34417,67.220703
3217,512,33833,66.080078
3218,512,35125,68.603516
3219,512,33416,65.265625
3220,512,34583,67.544922
3221,512,32959,64.373047
3222,512,33584,65.593750
3223,512,32083,62.662109
3224,512,32250,62.988281
3225,512,34291,66.974609
3226,512,33417,65.267578
3227,512,32500,63.476562
3228,512,33625,65.673828
3229,512,34333,67.056641
3230,512,32542,63.558594
3231,512,34125,66.650391
3232,512,32375,63.232422
3233,512,32500,63.476562
3234,512,33834,66.082031
3235,512,33583,65.591797
3236,512,34792,67.953125
3237,512,35583,69.498047
3238,512,33708,65.835938
3239,512,34875,68.115234
3240,512,33375,65.185547
3241,512,32167,62.826172
3242,512,32250,62.988281
3243,512,34417,67.220703
3244,512,34875,68.115234
3245,512,33834,66.082031
3246,512,33833,66.080078
3247,512,33792,66.000000
3248,512,33000,64.453125
3249,512,33584,65.593750
3250,512,33708,65.835938
3251,512,32791,64.044922
3252,512,35334,69.011719
3253,512,110792,216.390625
3254,512,38500,75.195312
3255,512,35125,68.603516
3256,512,35667,69.662109
3257,512,32958,64.371094
3258,512,33625,65.673828
3259,512,39083,76.333984
3260,512,35541,69.416016
3261,512,41625,81.298828
3262,512,33333,65.103516
3263,512,37459,73.162109
3264,512,33875,66.162109
3265,512,33875,66.162109
3266,512,33334,65.105469
3267,512,35458,69.253906
3268,512,35333,69.009766
3269,512,33958,66.324219
3270,512,33875,66.162109
3271,512,38084,74.382812
3272,512,33084,64.617188
3273,512,34375,67.138672
3274,512,33083,64.615234
3275,512,35042,68.441406
3276,512,33875,66.162109
3277,512,32041,62.580078
3278,512,34000,66.406250
3279,512,45333,88.541016
3280,512,33708,65.835938
3281,512,33875,66.162109
3282,512,34125,66.650391
3283,512,35000,68.359375
3284,512,33250,64.941406
3285,512,34333,67.056641
3286,512,33875,66.162109
3287,512,33833,66.080078
3288,512,34250,66.894531
3289,512,33459,65.349609
3290,512,33166,64.777344
3291,512,32542,63.558594
3292,512,34833,68.033203
3293,512,33584,65.593750
3294,512,34833,68.033203
3295,512,32792,64.046875
3296,512,33750,65.917969
3297,512,34125,66.650391
3298,512,33458,65.347656
3299,512,32792,64.046875
3300,512,34875,68.115234
3301,512,34208,66.812500
3302,512,33166,64.777344
3303,512,32959,64.373047
3304,512,40041,78.205078
3305,512,36042,70.394531
3306,512,35042,68.441406
3307,512,33958,66.324219
3308,512,33583,65.591797
3309,512,33667,65.755859
3310,512,33250,64.941406
3311,512,34458,67.300781
3312,512,36583,71.451172
3313,512,35500,69.335938
3314,512,32542,63.558594
3315,512,34959,68.279297
3316,512,35250,68.847656
3317,512,33917,66.244141
3318,512,34625,67.626953
3319,512,33042,64.535156
3320,512,33125,64.697266
3321,512,32833,64.126953
3322,512,32708,63.882812
3323,512,32750,63.964844
3324,512,31042,60.628906
3325,512,32250,62.988281
3326,512,35375,69.091797
3327,512,32833,64.126953
3328,512,33208,64.859375
3329,512,33042,64.535156
3330,512,32750,63.964844
3331,512,32833,64.126953
3332,512,32542,63.558594
3333,512,34042,66.488281
3334,512,33208,64.859375
3335,512,32667,63.802734
3336,512,33584,65.593750
3337,512,37833,73.892578
3338,512,39625,77.392578
3339,512,39792,77.718750
3340,512,36750,71.777344
3341,512,36333,70.962891
3342,512,36375,71.044922
3343,512,36958,72.183594
3344,512,36041,70.392578
3345,512,36625,71.533203
3346,512,40792,79.671875
3347,512,39750,77.636719
3348,512,36708,71.695312
3349,512,36834,71.941406
3350,512,44208,86.343750
3351,512,39208,76.578125
3352,512,38917,76.009766
3353,512,36167,70.638672
3354,512,38458,75.113281
3355,512,36292,70.882812
3356,512,37250,72.753906
3357,512,37792,73.812500
3358,512,37583,73.404297
3359,512,36334,70.964844
3360,512,36750,71.777344
3361,512,36542,71.371094
3362,512,36958,72.183594
3363,512,35875,70.068359
3364,512,42000,82.031250
3365,512,38708,75.601562
3366,512,41083,80.240234
3367,512,39708,77.554688
3368,512,36500,71.289062
3369,512,47916,93.585938
3370,512,39667,77.474609
3371,512,36583,71.451172
3372,512,47041,91.876953
3373,512,44375,86.669922
3374,512,38208,74.625000
3375,512,36500,71.289062
3376,512,37750,73.730469
3377,512,40208,78.531250
3378,512,39125,76.416016
3379,512,36459,71.208984
3380,512,36708,71.695312
3381,512,41917,81.869141
3382,512,35500,69.335938
3383,512,44666,87.238281
3384,512,39917,77.962891
3385,512,36875,72.021484
3386,512,38125,74.462891
3387,512,38584,75.359375
3388,512,36916,72.101562
3389,512,36208,70.718750
3390,512,39459,77.068359
3391,512,36958,72.183594
3392,512,36083,70.474609
3393,512,35500,69.335938
3394,512,35750,69.824219
3395,512,35542,69.417969
3396,512,48917,95.541016
3397,512,42500,83.007812
3398,512,35750,69.824219
3399,512,37375,72.998047
3400,512,36459,71.208984
3401,512,35291,68.927734
3402,512,35292,68.929688
3403,512,37833,73.892578
3404,512,36500,71.289062
3405,512,41041,80.158203
3406,512,44625,87.158203
3407,512,46208,90.250000
3408,512,39542,77.230469
3409,512,45625,89.111328
3410,512,46166,90.167969
3411,512,92709,181.072266
3412,512,75084,146.648438
3413,512,33750,65.917969
3414,512,33125,64.697266
3415,512,34583,67.544922
3416,512,36125,70.556641
3417,512,33625,65.673828
3418,512,33083,64.615234
3419,512,39625,77.392578
3420,512,34958,68.277344
3421,512,44250,86.425781
3422,512,33875,66.162109
3423,512,36084,70.476562
3424,512,37000,72.265625
3425,512,33584,65.593750
3426,512,32041,62.580078
3427,512,33125,64.697266
3428,512,35750,69.824219
3429,512,34209,66.814453
3430,512,35000,68.359375
3431,512,33833,66.080078
3432,512,32417,63.314453
3433,512,35250,68.847656
3434,512,44542,86.996094
3435,512,48208,94.156250
3436,512,43167,84.310547
3437,512,41333,80.728516
3438,512,45375,88.623047
3439,512,42666,83.332031
3440,512,36625,71.533203
3441,512,38042,74.300781
3442,512,34917,68.197266
3443,512,33500,65.429688
3444,512,35416,69.171875
3445,512,37167,72.591797
3446,512,34500,67.382812
3447,512,35417,69.173828
3448,512,49167,96.029297
3449,512,41750,81.542969
3450,512,38084,74.382812
3451,512,35625,69.580078
3452,512,45583,89.029297
3453,512,34542,67.464844
3454,512,35125,68.603516
3455,512,33166,64.777344
3456,512,35708,69.742188
3457,512,41209,80.486328
3458,512,37416,73.078125
3459,512,34167,66.732422
3460,512,36042,70.394531
3461,512,33500,65.429688
3462,512,33750,65.917969
3463,512,35333,69.009766
3464,512,35083,68.521484
3465,512,33625,65.673828
3466,512,35458,69.253906
3467,512,38291,74.787109
3468,512,35459,69.255859
3469,512,34500,67.382812
3470,512,33708,65.835938
3471,512,33750,65.917969
3472,512,33083,64.615234
3473,512,33209,64.861328
3474,512,34291,66.974609
3475,512,34542,67.464844
3476,512,34458,67.300781
3477,512,33833,66.080078
3478,512,33875,66.162109
3479,512,34417,67.220703
3480,512,33250,64.941406
3481,512,34500,67.382812
3482,512,34292,66.976562
3483,512,35291,68.927734
3484,512,32125,62.744141
3485,512,36000,70.312500
3486,512,33167,64.779297
3487,512,33417,65.267578
3488,512,35083,68.521484
3489,512,36708,71.695312
3490,512,35917,70.150391
3491,512,33166,64.777344
3492,512,32959,64.373047
3493,512,35208,68.765625
3494,512,32417,63.314453
3495,512,43375,84.716797
3496,512,33625,65.673828
3497,512,33375,65.185547
3498,512,33792,66.000000
3499,512,33458,65.347656
3500,512,33583,65.591797
3501,512,34667,67.708984
3502,512,33041,64.533203
3503,512,32959,64.373047
3504,512,38167,74.544922
3505,512,44000,85.937500
3506,512,32833,64.126953
3507,512,33125,64.697266
3508,512,33542,65.511719
3509,512,34666,67.707031
3510,512,32875,64.208984
3511,512,34000,66.406250
3512,512,33708,65.835938
3513,512,33750,65.917969
3514,512,35167,68.685547
3515,512,34708,67.789062
3516,512,35208,68.765625
3517,512,33959,66.326172
3518,512,33458,65.347656
3519,512,34666,67.707031
3520,512,36167,70.638672
3521,512,33458,65.347656
3522,512,34625,67.626953
3523,512,32333,63.150391
3524,512,34084,66.570312
3525,512,37208,72.671875
3526,512,94458,184.488281
3527,512,39625,77.392578
3528,512,38292,74.789062
3529,512,33167,64.779297
3530,512,34875,68.115234
3531,512,33208,64.859375
3532,512,32500,63.476562
3533,512,32125,62.744141
3534,512,33750,65.917969
3535,512,34250,66.894531
3536,512,33167,64.779297
3537,512,33583,65.591797
3538,512,33667,65.755859
3539,512,33250,64.941406
3540,512,33208,64.859375
3541,512,32958,64.371094
3542,512,34625,67.626953
3543,512,35875,70.068359
3544,512,35292,68.929688
3545,512,33916,66.242188
3546,512,34667,67.708984
3547,512,33791,65.998047
3548,512,32834,64.128906
3549,512,32625,63.720703
3550,512,35708,69.742188
3551,512,35042,68.441406
3552,512,34375,67.138672
3553,512,33000,64.453125
3554,512,35291,68.927734
3555,512,33042,64.535156
3556,512,34375,67.138672
3557,512,34250,66.894531
3558,512,36125,70.556641
3559,512,34583,67.544922
3560,512,33833,66.080078
3561,512,33000,64.453125
3562,512,33709,65.837891
3563,512,34000,66.406250
3564,512,32708,63.882812
3565,512,34125,66.650391
3566,512,33042,64.535156
3567,512,33750,65.917969
3568,512,33042,64.535156
3569,512,33917,66.244141
3570,512,33917,66.244141
3571,512,35166,68.683594
3572,512,32375,63.232422
3573,512,38000,74.218750
3574,512,33875,66.162109
3575,512,33209,64.861328
3576,512,34959,68.279297
3577,512,34833,68.033203
3578,512,32042,62.582031
3579,512,34000,66.406250
3580,512,34542,67.464844
3581,512,36875,72.021484
3582,512,36750,71.777344
3583,512,36500,71.289062
3584,512,35584,69.500000
3585,512,35625,69.580078
3586,512,36000,70.312500
3587,512,36667,71.615234
3588,512,37792,73.812500
3589,512,36584,71.453125
3590,512,36708,71.695312
3591,512,35042,68.441406
3592,512,37250,72.753906
3593,512,36208,70.718750
3594,512,37500,73.242188
3595,512,36166,70.636719
3596,512,35584,69.500000
3597,512,35666,69.660156
3598,512,35084,68.523438
3599,512,36708,71.695312
3600,512,37167,72.591797
3601,512,35166,68.683594
3602,512,36625,71.533203
3603,512,37208,72.671875
3604,512,37584,73.406250
3605,512,35708,69.742188
3606,512,35708,69.742188
3607,512,37000,72.265625
3608,512,35500,69.335938
3609,512,35000,68.359375
3610,512,36417,71.126953
3611,512,37417,73.080078
3612,512,42000,82.031250
3613,512,35750,69.824219
3614,512,36041,70.392578
3615,512,38375,74.951172
3616,512,44791,87.482422
3617,512,36958,72.183594
3618,512,37875,73.974609
3619,512,35792,69.906250
3620,512,36958,72.183594
3621,512,35334,69.011719
3622,512,37125,72.509766
3623,512,36750,71.777344
3624,512,36875,72.021484
3625,512,37417,73.080078
3626,512,37041,72.345703
3627,512,36917,72.103516
3628,512,38959,76.091797
3629,512,36291,70.880859
3630,512,36417,71.126953
3631,512,45375,88.623047
3632,512,41167,80.404297
3633,512,44084,86.101562
3634,512,59334,115.886719
3635,512,43500,84.960938
3636,512,47750,93.261719
3637,512,38208,74.625000
3638,512,39292,76.742188
3639,512,42166,82.355469
3640,512,107250,209.472656
3641,512,42000,82.031250
3642,512,33958,66.324219
3643,512,41041,80.158203
3644,512,38917,76.009766
3645,512,32583,63.638672
3646,512,34250,66.894531
3647,512,34083,66.568359
3648,512,34042,66.488281
3649,512,32500,63.476562
3650,512,31541,61.603516
3651,512,35167,68.685547
3652,512,33667,65.755859
3653,512,35917,70.150391
3654,512,33958,66.324219
3655,512,35000,68.359375
3656,512,33958,66.324219
3657,512,36417,71.126953
3658,512,40000,78.125000
3659,512,34542,67.464844
3660,512,32500,63.476562
3661,512,33791,65.998047
3662,512,33459,65.349609
3663,512,34875,68.115234
3664,512,35541,69.416016
3665,512,34375,67.138672
3666,512,34667,67.708984
3667,512,33583,65.591797
3668,512,32541,63.556641
3669,512,34917,68.197266
3670,512,31958,62.417969
3671,512,39750,77.636719
3672,512,34208,66.812500
3673,512,32834,64.128906
3674,512,35125,68.603516
3675,512,35916,70.148438
3676,512,37917,74.056641
3677,512,34792,67.953125
3678,512,34250,66.894531
3679,512,36459,71.208984
3680,512,35333,69.009766
3681,512,35291,68.927734
3682,512,34209,66.814453
3683,512,32666,63.800781
3684,512,35083,68.521484
3685,512,31834,62.175781
3686,512,34125,66.650391
3687,512,35834,69.988281
3688,512,34916,68.195312
3689,512,32917,64.291016
3690,512,36042,70.394531
3691,512,34042,66.488281
3692,512,33166,64.777344
3693,512,35292,68.929688
3694,512,36375,71.044922
3695,512,35250,68.847656
3696,512,33500,65.429688
3697,512,34250,66.894531
3698,512,33750,65.917969
3699,512,35833,69.986328
3700,512,33792,66.000000
3701,512,35125,68.603516
3702,512,32667,63.802734
3703,512,33708,65.835938
3704,512,35667,69.662109
3705,512,33750,65.917969
3706,512,34333,67.056641
3707,512,34250,66.894531
3708,512,34750,67.871094
3709,512,34625,67.626953
3710,512,35625,69.580078
3711,512,33625,65.673828
3712,512,33209,64.861328
3713,512,35750,69.824219
3714,512,33291,65.021484
3715,512,33417,65.267578
3716,512,31708,61.929688
3717,512,33000,64.453125
3718,512,34375,67.138672
3719,512,34041,66.486328
3720,512,33625,65.673828
3721,512,34333,67.056641
3722,512,35584,69.500000
3723,512,34750,67.871094
3724,512,34792,67.953125
3725,512,34292,66.976562
3726,512,33666,65.753906
3727,512,33917,66.244141
3728,512,35000,68.359375
3729,512,34375,67.138672
3730,512,33959,66.326172
3731,512,32416,63.312500
3732,512,32750,63.964844
3733,512,35334,69.011719
3734,512,33917,66.244141
3735,512,33667,65.755859
3736,512,35291,68.927734
3737,512,34834,68.035156
3738,512,33625,65.673828
3739,512,34000,66.406250
3740,512,32791,64.044922
3741,512,34542,67.464844
3742,512,34083,66.568359
3743,512,33875,66.162109
3744,512,32667,63.802734
3745,512,32458,63.394531
3746,512,30625,59.814453
3747,512,33875,66.162109
3748,512,34167,66.732422
3749,512,33416,65.265625
3750,512,33000,64.453125
3751,512,34542,67.464844
3752,512,34416,67.218750
3753,512,34459,67.302734
3754,512,33166,64.777344
3755,512,33333,65.103516
3756,512,33500,65.429688
3757,512,34250,66.894531
3758,512,33584,65.593750
3759,512,34750,67.871094
3760,512,33208,64.859375
3761,512,37000,72.265625
3762,512,36458,71.207031
3763,512,36792,71.859375
3764,512,37958,74.136719
3765,512,37000,72.265625
3766,512,37500,73.242188
3767,512,35917,70.150391
3768,512,35375,69.091797
3769,512,34875,68.115234
3770,512,36958,72.183594
3771,512,36125,70.556641
3772,512,38291,74.787109
3773,512,35709,69.744141
3774,512,38000,74.218750
3775,512,37500,73.242188
3776,512,37417,73.080078
3777,512,46584,90.984375
3778,512,43333,84.634766
3779,512,37958,74.136719
3780,512,36084,70.476562
3781,512,35792,69.906250
3782,512,35708,69.742188
3783,512,35084,68.523438
3784,512,35459,69.255859
3785,512,37041,72.345703
3786,512,37459,73.162109
3787,512,37250,72.753906
3788,512,37333,72.916016
3789,512,36958,72.183594
3790,512,40875,79.833984
3791,512,39375,76.904297
3792,512,38875,75.927734
3793,512,34833,68.033203
3794,512,35834,69.988281
3795,512,35416,69.171875
3796,512,35542,69.417969
3797,512,36666,71.613281
3798,512,36000,70.312500
3799,512,37042,72.347656
3800,512,36334,70.964844
3801,512,36583,71.451172
3802,512,35708,69.742188
3803,512,36375,71.044922
3804,512,36042,70.394531
3805,512,94083,183.755859
3806,512,34542,67.464844
3807,512,36042,70.394531
3808,512,36875,72.021484
3809,512,33958,66.324219
3810,512,35500,69.335938
3811,512,40166,78.449219
3812,512,42500,83.007812
3813,512,36875,72.021484
3814,512,38125,74.462891
3815,512,44458,86.832031
3816,512,47583,92.935547
3817,512,38708,75.601562
3818,512,41667,81.380859
3819,512,33958,66.324219
3820,512,33875,66.162109
3821,512,38500,75.195312
3822,512,35333,69.009766
3823,512,37625,73.486328
3824,512,43458,84.878906
3825,512,35875,70.068359
3826,512,32458,63.394531
3827,512,33000,64.453125
3828,512,33292,65.023438
3829,512,34041,66.486328
3830,512,35084,68.523438
3831,512,33375,65.185547
3832,512,33625,65.673828
3833,512,32917,64.291016
3834,512,39750,77.636719
3835,512,35625,69.580078
3836,512,33709,65.837891
3837,512,38208,74.625000
3838,512,34000,66.406250
3839,512,37500,73.242188
3840,512,33833,66.080078
3841,512,33500,65.429688
3842,512,32750,63.964844
3843,512,33000,64.453125
3844,512,34042,66.488281
3845,512,31958,62.417969
3846,512,34042,66.488281
3847,512,36958,72.183594
3848,512,33667,65.755859
3849,512,33250,64.941406
3850,512,34000,66.406250
3851,512,34125,66.650391
3852,512,34334,67.058594
3853,512,31125,60.791016
3854,512,34208,66.812500
3855,512,32917,64.291016
3856,512,36208,70.718750
3857,512,33792,66.000000
3858,512,34500,67.382812
3859,512,34125,66.650391
3860,512,34750,67.871094
3861,512,33417,65.267578
3862,512,32791,64.044922
3863,512,33625,65.673828
3864,512,38958,76.089844
3865,512,34084,66.570312
3866,512,34750,67.871094
3867,512,38125,74.462891
3868,512,32875,64.208984
3869,512,34834,68.035156
3870,512,37459,73.162109
3871,512,45375,88.623047
3872,512,41709,81.462891
3873,512,32041,62.580078
3874,512,33292,65.023438
3875,512,32667,63.802734
3876,512,33334,65.105469
3877,512,33625,65.673828
3878,512,34000,66.406250
3879,512,34125,66.650391
3880,512,35209,68.767578
3881,512,36083,70.474609
3882,512,35458,69.253906
3883,512,34667,67.708984
3884,512,34375,67.138672
3885,512,32708,63.882812
3886,512,33750,65.917969
3887,512,34125,66.650391
3888,512,32709,63.884766
3889,512,32584,63.640625
3890,512,33458,65.347656
3891,512,32791,64.044922
3892,512,33333,65.103516
3893,512,33917,66.244141
3894,512,33750,65.917969
3895,512,32875,64.208984
3896,512,34083,66.568359
3897,512,34000,66.406250
3898,512,33583,65.591797
3899,512,31500,61.523438
3900,512,40375,78.857422
3901,512,43250,84.472656
3902,512,40958,79.996094
3903,512,45708,89.273438
3904,512,46833,91.470703
3905,512,38834,75.847656
3906,512,39084,76.335938
3907,512,37583,73.404297
3908,512,36875,72.021484
3909,512,41583,81.216797
3910,512,42583,83.169922
3911,512,38125,74.462891
3912,512,38333,74.869141
3913,512,38333,74.869141
3914,512,47375,92.529297
3915,512,37709,73.650391
3916,512,39875,77.880859
3917,512,39875,77.880859
3918,512,38958,76.089844
3919,512,37500,73.242188
3920,512,40750,79.589844
3921,512,43459,84.880859
3922,512,41541,81.134766
3923,512,38334,74.871094
3924,512,38167,74.544922
3925,512,39458,77.066406
3926,512,40000,78.125000
3927,512,39958,78.042969
3928,512,36208,70.718750
3929,512,36208,70.718750
3930,512,36042,70.394531
3931,512,41833,81.705078
3932,512,40333,78.775391
3933,512,41333,80.728516
3934,512,38875,75.927734
3935,512,37125,72.509766
3936,512,38958,76.089844
3937,512,36667,71.615234
3938,512,38208,74.625000
3939,512,37916,74.054688
3940,512,37792,73.812500
3941,512,37708,73.648438
3942,512,37250,72.753906
3943,512,36750,71.777344
3944,512,36958,72.183594
3945,512,37292,72.835938
3946,512,37833,73.892578
3947,512,37625,73.486328
3948,512,37916,74.054688
3949,512,39125,76.416016
3950,512,37209,72.673828
3951,512,37666,73.566406
3952,512,37584,73.406250
3953,512,38458,75.113281
3954,512,37041,72.345703
3955,512,36709,71.697266
3956,512,37959,74.138672
3957,512,39916,77.960938
3958,512,38125,74.462891
3959,512,38167,74.544922
3960,512,37417,73.080078
3961,512,37667,73.568359
3962,512,37125,72.509766
3963,512,37625,73.486328
3964,512,40292,78.695312
3965,512,39833,77.798828
3966,512,42583,83.169922
3967,512,36917,72.103516
3968,512,37167,72.591797
3969,512,39000,76.171875
3970,512,37666,73.566406
3971,512,37834,73.894531
3972,512,42958,83.902344
3973,512,44208,86.343750
3974,512,38750,75.683594
3975,512,45625,89.111328
3976,512,38125,74.462891
3977,512,37750,73.730469
3978,512,38167,74.544922
3979,512,37709,73.650391
3980,512,38125,74.462891
3981,512,36750,71.777344
3982,512,41542,81.136719
3983,512,38125,74.462891
3984,512,40084,78.289062
3985,512,37209,72.673828
3986,512,38125,74.462891
3987,512,40083,78.287109
3988,512,41125,80.322266
3989,512,40041,78.205078
3990,512,45667,89.193359
3991,512,41791,81.623047
3992,512,37959,74.138672
3993,512,42125,82.275391
3994,512,39041,76.251953
3995,512,37709,73.650391
3996,512,39042,76.253906
3997,512,37250,72.753906
3998,512,37833,73.892578
3999,512,36625,71.533203
4000,512,38708,75.601562
4001,512,36542,71.371094
4002,512,37833,73.892578
4003,512,43750,85.449219
4004,512,41625,81.298828
4005,512,42709,83.416016
4006,512,37458,73.160156
4007,512,42958,83.902344
4008,512,45875,89.599609
4009,512,39500,77.148438
4010,512,36416,71.125000
4011,512,47917,93.587891
4012,512,49459,96.599609
4013,512,37000,72.265625
4014,512,41541,81.134766
4015,512,40042,78.207031
4016,512,37333,72.916016
4017,512,43125,84.228516
4018,512,37542,73.324219
4019,512,35708,69.742188
4020,512,37667,73.568359
4021,512,41000,80.078125
4022,512,41417,80.892578
4023,512,39542,77.230469
4024,512,36500,71.289062
4025,512,38916,76.007812
4026,512,37042,72.347656
4027,512,43542,85.042969
4028,512,44750,87.402344
4029,512,36292,70.882812
4030,512,45292,88.460938
4031,512,39625,77.392578
4032,512,37500,73.242188
4033,512,42458,82.925781
4034,512,41500,81.054688
4035,512,37667,73.568359
4036,512,41417,80.892578
4037,512,37708,73.648438
4038,512,38500,75.195312
4039,512,47375,92.529297
4040,512,45750,89.355469
4041,512,42291,82.599609
4042,512,38125,74.462891
4043,512,41500,81.054688
4044,512,37667,73.568359
4045,512,43750,85.449219
4046,512,38958,76.089844
4047,512,42708,83.414062
4048,512,41334,80.730469
4049,512,59209,115.642578
4050,512,50375,98.388672
4051,512,43791,85.529297
4052,512,37459,73.162109
4053,512,44209,86.345703
4054,512,39083,76.333984
4055,512,42833,83.658203
4056,512,41208,80.484375
4057,512,44959,87.810547
4058,512,42125,82.275391
4059,512,39541,77.228516
4060,512,39750,77.636719
4061,512,39000,76.171875
4062,512,40333,78.775391
4063,512,38333,74.869141
4064,512,43167,84.310547
4065,512,45083,88.052734
4066,512,43750,85.449219
4067,512,38041,74.298828
4068,512,42125,82.275391
4069,512,38750,75.683594
4070,512,38834,75.847656
4071,512,39708,77.554688
4072,512,39375,76.904297
4073,512,40375,78.857422
4074,512,39167,76.498047
4075,512,40333,78.775391
4076,512,38041,74.298828
4077,512,39750,77.636719
4078,512,38209,74.626953
4079,512,36500,71.289062
4080,512,43167,84.310547
4081,512,39208,76.578125
4082,512,43834,85.613281
4083,512,37542,73.324219
4084,512,48667,95.052734
4085,512,36500,71.289062
4086,512,42000,82.031250
4087,512,38375,74.951172
4088,512,40458,79.019531
4089,512,37750,73.730469
4090,512,44958,87.808594
4091,512,36167,70.638672
4092,512,38500,75.195312
4093,512,37291,72.833984
4094,512,36625,71.533203
4095,512,42292,82.601562
4096,512,37959,74.138672
4097,512,38375,74.951172
4098,512,38083,74.380859
4099,512,43250,84.472656
4100,512,38042,74.300781
4101,512,43125,84.228516
4102,512,38458,75.113281
4103,512,44500,86.914062
4104,512,39750,77.636719
4105,512,41334,80.730469
4106,512,36084,70.476562
4107,512,41584,81.218750
4108,512,47333,92.447266
4109,512,46750,91.308594
4110,512,46458,90.738281
4111,512,48250,94.238281
4112,512,51833,101.236328
4113,512,50666,98.957031
4114,512,45084,88.054688
4115,512,39792,77.718750
4116,512,44000,85.937500
4117,512,40167,78.451172
4118,512,45666,89.191406
4119,512,40042,78.207031
4120,512,45958,89.761719
4121,512,40708,79.507812
4122,512,44500,86.914062
4123,512,42500,83.007812
4124,512,41666,81.378906
4125,512,39875,77.880859
4126,512,38167,74.544922
4127,512,39458,77.066406
4128,512,38833,75.845703
4129,512,37708,73.648438
4130,512,39417,76.986328
4131,512,38084,74.382812
4132,512,39500,77.148438
4133,512,38833,75.845703
4134,512,39875,77.880859
4135,512,38250,74.707031
4136,512,38833,75.845703
4137,512,38708,75.601562
4138,512,37667,73.568359
4139,512,37167,72.591797
4140,512,38417,75.033203
4141,512,38791,75.763672
4142,512,40250,78.613281
4143,512,39292,76.742188
4144,512,39084,76.335938
4145,512,36834,71.941406
4146,512,39875,77.880859
4147,512,39291,76.740234
4148,512,39167,76.498047
4149,512,38958,76.089844
4150,512,38792,75.765625
4151,512,37958,74.136719
4152,512,38958,76.089844
4153,512,39125,76.416016
4154,512,38584,75.359375
4155,512,38541,75.275391
4156,512,37209,72.673828
4157,512,38084,74.382812
4158,512,38583,75.357422
4159,512,43625,85.205078
4160,512,39292,76.742188
4161,512,43916,85.773438
4162,512,45125,88.134766
4163,512,41000,80.078125
4164,512,37583,73.404297
4165,512,38583,75.357422
4166,512,39209,76.580078
4167,512,38250,74.707031
4168,512,42375,82.763672
4169,512,39333,76.822266
4170,512,38833,75.845703
4171,512,39875,77.880859
4172,512,41125,80.322266
4173,512,38458,75.113281
4174,512,38542,75.277344
4175,512,39542,77.230469
4176,512,40458,79.019531
4177,512,37667,73.568359
4178,512,38917,76.009766
4179,512,38583,75.357422
4180,512,37792,73.812500
4181,512,39125,76.416016
4182,512,38500,75.195312
4183,512,38875,75.927734
4184,512,39042,76.253906
4185,512,39584,77.312500
4186,512,40375,78.857422
4187,512,39875,77.880859
4188,512,42958,83.902344
4189,512,39167,76.498047
4190,512,37875,73.974609
4191,512,38625,75.439453
4192,512,36583,71.451172
4193,512,39292,76.742188
4194,512,37542,73.324219
4195,512,39125,76.416016
4196,512,40167,78.451172
4197,512,37416,73.078125
4198,512,38167,74.544922
4199,512,37875,73.974609
4200,512,39542,77.230469
4201,512,38625,75.439453
4202,512,36917,72.103516
4203,512,39208,76.578125
4204,512,38875,75.927734
4205,512,39459,77.068359
4206,512,37625,73.486328
4207,512,35792,69.906250
4208,512,40916,79.914062
4209,512,39167,76.498047
4210,512,37208,72.671875
4211,512,41000,80.078125
4212,512,40208,78.531250
4213,512,39583,77.310547
4214,512,40958,79.996094
4215,512,38417,75.033203
4216,512,38125,74.462891
4217,512,39333,76.822266
4218,512,38625,75.439453
4219,512,40708,79.507812
4220,512,38334,74.871094
4221,512,39667,77.474609
4222,512,37291,72.833984
4223,512,38167,74.544922
4224,512,46333,90.494141
4225,512,41916,81.867188
4226,512,38334,74.871094
4227,512,40833,79.751953
4228,512,39417,76.986328
4229,512,39792,77.718750
4230,512,37042,72.347656
4231,512,37458,73.160156
4232,512,37917,74.056641
4233,512,37583,73.404297
4234,512,36250,70.800781
4235,512,39375,76.904297
4236,512,38750,75.683594
4237,512,37750,73.730469
4238,512,39375,76.904297
4239,512,38375,74.951172
4240,512,39083,76.333984
4241,512,36458,71.207031
4242,512,35542,69.417969
4243,512,38958,76.089844
4244,512,37583,73.404297
4245,512,37167,72.591797
4246,512,37375,72.998047
4247,512,39125,76.416016
4248,512,41167,80.404297
4249,512,41916,81.867188
4250,512,38125,74.462891
4251,512,38792,75.765625
4252,512,39375,76.904297
4253,512,37584,73.406250
4254,512,36291,70.880859
4255,512,37084,72.429688
4256,512,37916,74.054688
4257,512,37500,73.242188
4258,512,37292,72.835938
4259,512,37750,73.730469
4260,512,39208,76.578125
4261,512,39000,76.171875
4262,512,38125,74.462891
4263,512,39375,76.904297
4264,512,43625,85.205078
4265,512,38875,75.927734
4266,512,40708,79.507812
4267,512,38333,74.869141
4268,512,40333,78.775391
4269,512,38125,74.462891
4270,512,36792,71.859375
4271,512,37791,73.810547
4272,512,38792,75.765625
4273,512,38750,75.683594
4274,512,38042,74.300781
4275,512,38125,74.462891
4276,512,37083,72.427734
4277,512,37208,72.671875
4278,512,36333,70.962891
4279,512,37875,73.974609
4280,512,39750,77.636719
4281,512,37542,73.324219
4282,512,38792,75.765625
4283,512,40333,78.775391
4284,512,38000,74.218750
4285,512,37417,73.080078
4286,512,36917,72.103516
4287,512,36625,71.533203
4288,512,38041,74.298828
4289,512,37167,72.591797
4290,512,40000,78.125000
4291,512,35833,69.986328
4292,512,39208,76.578125
4293,512,42625,83.251953
4294,512,37583,73.404297
4295,512,39167,76.498047
4296,512,37125,72.509766
4297,512,36709,71.697266
4298,512,36209,70.720703
4299,512,36250,70.800781
4300,512,38584,75.359375
4301,512,39291,76.740234
4302,512,41125,80.322266
4303,512,36167,70.638672
4304,512,39584,77.312500
4305,512,37375,72.998047
4306,512,37791,73.810547
4307,512,38042,74.300781
4308,512,38292,74.789062
4309,512,37084,72.429688
4310,512,38333,74.869141
4311,512,39375,76.904297
4312,512,38166,74.542969
4313,512,38292,74.789062
4314,512,38541,75.275391
4315,512,39834,77.800781
4316,512,37791,73.810547
4317,512,44000,85.937500
4318,512,40834,79.753906
4319,512,43708,85.367188
4320,512,43125,84.228516
4321,512,40958,79.996094
4322,512,37875,73.974609
4323,512,46791,91.388672
4324,512,41792,81.625000
4325,512,40000,78.125000
4326,512,38750,75.683594
4327,512,41667,81.380859
4328,512,46625,91.064453
4329,512,35250,68.847656
4330,512,38959,76.091797
4331,512,37625,73.486328
4332,512,40875,79.833984
4333,512,39000,76.171875
4334,512,41917,81.869141
4335,512,46917,91.634766
4336,512,45292,88.460938
4337,512,41667,81.380859
4338,512,41708,81.460938
4339,512,42041,82.111328
4340,512,39125,76.416016
4341,512,38333,74.869141
4342,512,37000,72.265625
4343,512,42959,83.904297
4344,512,41541,81.134766
4345,512,37834,73.894531
4346,512,39000,76.171875
4347,512,39167,76.498047
4348,512,37750,73.730469
4349,512,36959,72.185547
4350,512,40375,78.857422
4351,512,38458,75.113281
4352,512,38708,75.601562
4353,512,38458,75.113281
4354,512,39417,76.986328
4355,512,37917,74.056641
4356,512,37875,73.974609
4357,512,37458,73.160156
4358,512,41208,80.484375
4359,512,37917,74.056641
4360,512,36583,71.451172
4361,512,36708,71.695312
4362,512,37417,73.080078
4363,512,37250,72.753906
4364,512,36167,70.638672
4365,512,35459,69.255859
4366,512,34959,68.279297
4367,512,36250,70.800781
4368,512,36125,70.556641
4369,512,36167,70.638672
4370,512,36958,72.183594
4371,512,37417,73.080078
4372,512,38041,74.298828
4373,512,46875,91.552734
4374,512,35542,69.417969
4375,512,40583,79.263672
4376,512,44208,86.343750
4377,512,45417,88.705078
4378,512,40750,79.589844
4379,512,40208,78.531250
4380,512,38959,76.091797
4381,512,37958,74.136719
4382,512,41625,81.298828
4383,512,45750,89.355469
4384,512,44625,87.158203
4385,512,42084,82.195312
4386,512,40583,79.263672
4387,512,38292,74.789062
4388,512,38875,75.927734
4389,512,38416,75.031250
4390,512,38708,75.601562
4391,512,44959,87.810547
4392,512,40916,79.914062
4393,512,38709,75.603516
4394,512,40458,79.019531
4395,512,37750,73.730469
4396,512,38708,75.601562
4397,512,39375,76.904297
4398,512,38542,75.277344
4399,512,38792,75.765625
4400,512,39125,76.416016
4401,512,37500,73.242188
4402,512,37334,72.917969
4403,512,38250,74.707031
4404,512,38458,75.113281
4405,512,38959,76.091797
4406,512,39042,76.253906
4407,512,37333,72.916016
4408,512,47292,92.367188
4409,512,37250,72.753906
4410,512,39625,77.392578
4411,512,37750,73.730469
4412,512,38000,74.218750
4413,512,39167,76.498047
4414,512,40292,78.695312
4415,512,68250,133.300781
4416,512,43041,84.064453
4417,512,47917,93.587891
4418,512,40333,78.775391
4419,512,41833,81.705078
4420,512,47417,92.611328
4421,512,50375,98.388672
4422,512,42000,82.031250
4423,512,41666,81.378906
4424,512,39959,78.044922
4425,512,43666,85.285156
4426,512,43542,85.042969
4427,512,41792,81.625000
4428,512,42375,82.763672
4429,512,40041,78.205078
4430,512,40584,79.265625
4431,512,48208,94.156250
4432,512,47458,92.691406
4433,512,41250,80.566406
4434,512,39833,77.798828
4435,512,40583,79.263672
4436,512,44625,87.158203
4437,512,48666,95.050781
4438,512,40084,78.289062
4439,512,48791,95.294922
4440,512,50625,98.876953
4441,512,39250,76.660156
4442,512,45750,89.355469
4443,512,41000,80.078125
4444,512,37125,72.509766
4445,512,44500,86.914062
4446,512,39417,76.986328
4447,512,41583,81.216797
4448,512,42166,82.355469
4449,512,39833,77.798828
4450,512,43000,83.984375
4451,512,37000,72.265625
4452,512,41709,81.462891
4453,512,50416,98.468750
4454,512,37500,73.242188
4455,512,35917,70.150391
4456,512,36333,70.962891
4457,512,36625,71.533203
4458,512,36333,70.962891
4459,512,36625,71.533203
4460,512,35458,69.253906
4461,512,36792,71.859375
4462,512,36291,70.880859
4463,512,46458,90.738281
4464,512,40042,78.207031
4465,512,35416,69.171875
4466,512,39084,76.335938
4467,512,36916,72.101562
4468,512,37375,72.998047
4469,512,35917,70.150391
4470,512,35041,68.439453
4471,512,35375,69.091797
4472,512,36042,70.394531
4473,512,39750,77.636719
4474,512,50542,98.714844
4475,512,35208,68.765625
4476,512,35417,69.173828
4477,512,37250,72.753906
4478,512,37875,73.974609
4479,512,37125,72.509766
4480,512,38292,74.789062
4481,512,37458,73.160156
4482,512,36458,71.207031
4483,512,37125,72.509766
4484,512,35584,69.500000
4485,512,36292,70.882812
4486,512,39792,77.718750
4487,512,49041,95.783203
4488,512,36834,71.941406
4489,512,38833,75.845703
4490,512,38208,74.625000
4491,512,37792,73.812500
4492,512,42792,83.578125
4493,512,41708,81.460938
4494,512,40250,78.613281
4495,512,40917,79.916016
4496,512,43541,85.041016
4497,512,38125,74.462891
4498,512,39792,77.718750
4499,512,39958,78.042969
4500,512,41125,80.322266
4501,512,42542,83.089844
4502,512,39541,77.228516
4503,512,41375,80.810547
4504,512,38792,75.765625
4505,512,39000,76.171875
4506,512,44167,86.263672
4507,512,38333,74.869141
4508,512,37958,74.136719
4509,512,38084,74.382812
4510,512,40542,79.183594
4511,512,38250,74.707031
4512,512,38625,75.439453
4513,512,37875,73.974609
4514,512,39875,77.880859
4515,512,38041,74.298828
4516,512,38333,74.869141
4517,512,41250,80.566406
4518,512,39209,76.580078
4519,512,39083,76.333984
4520,512,37875,73.974609
4521,512,37917,74.056641
4522,512,38708,75.601562
4523,512,38667,75.521484
4524,512,37792,73.812500
4525,512,38125,74.462891
4526,512,38291,74.787109
4527,512,39209,76.580078
4528,512,40042,78.207031
4529,512,38916,76.007812
4530,512,38583,75.357422
4531,512,39250,76.660156
4532,512,37375,72.998047
4533,512,38375,74.951172
4534,512,37416,73.078125
4535,512,38500,75.195312
4536,512,38917,76.009766
4537,512,37833,73.892578
4538,512,39084,76.335938
4539,512,38167,74.544922
4540,512,38375,74.951172
4541,512,37958,74.136719
4542,512,38083,74.380859
4543,512,36375,71.044922
4544,512,38584,75.359375
4545,512,40042,78.207031
4546,512,38500,75.195312
4547,512,38000,74.218750
4548,512,38542,75.277344
4549,512,41000,80.078125
4550,512,37875,73.974609
4551,512,40125,78.369141
4552,512,37584,73.406250
4553,512,38875,75.927734
4554,512,39333,76.822266
4555,512,39250,76.660156
4556,512,38750,75.683594
4557,512,39917,77.962891
4558,512,38708,75.601562
4559,512,38417,75.033203
4560,512,37833,73.892578
4561,512,37167,72.591797
4562,512,37291,72.833984
4563,512,37209,72.673828
4564,512,40542,79.183594
4565,512,43958,85.855469
4566,512,38542,75.277344
4567,512,37792,73.812500
4568,512,46208,90.250000
4569,512,45875,89.599609
4570,512,39625,77.392578
4571,512,35834,69.988281
4572,512,37500,73.242188
4573,512,39541,77.228516
4574,512,37625,73.486328
4575,512,37417,73.080078
4576,512,42084,82.195312
4577,512,39458,77.066406
4578,512,36958,72.183594
4579,512,35708,69.742188
4580,512,37709,73.650391
4581,512,40500,79.101562
4582,512,39542,77.230469
4583,512,42125,82.275391
4584,512,44125,86.181641
4585,512,37500,73.242188
4586,512,37917,74.056641
4587,512,36541,71.369141
4588,512,36459,71.208984
4589,512,36500,71.289062
4590,512,37542,73.324219
4591,512,41083,80.240234
4592,512,37375,72.998047
4593,512,37250,72.753906
4594,512,45667,89.193359
4595,512,40875,79.833984
4596,512,39167,76.498047
4597,512,40042,78.207031
4598,512,40000,78.125000
4599,512,40875,79.833984
4600,512,38042,74.300781
4601,512,37750,73.730469
4602,512,41083,80.240234
4603,512,42875,83.740234
4604,512,39667,77.474609
4605,512,40083,78.287109
4606,512,36417,71.126953
4607,512,39166,76.496094
4608,512,37834,73.894531
4609,512,38250,74.707031
4610,512,39042,76.253906
4611,512,38167,74.544922
4612,512,40875,79.833984
4613,512,41416,80.890625
4614,512,43333,84.634766
4615,512,40792,79.671875
4616,512,37167,72.591797
4617,512,41250,80.566406
4618,512,38750,75.683594
4619,512,39958,78.042969
4620,512,40666,79.425781
4621,512,39709,77.556641
4622,512,36541,71.369141
4623,512,39417,76.986328
4624,512,37500,73.242188
4625,512,41291,80.646484
4626,512,40584,79.265625
4627,512,38083,74.380859
4628,512,39583,77.310547
4629,512,39083,76.333984
4630,512,37709,73.650391
4631,512,44166,86.261719
4632,512,37500,73.242188
4633,512,41542,81.136719
4634,512,58333,113.931641
4635,512,48708,95.132812
4636,512,45625,89.111328
4637,512,40334,78.777344
4638,512,38500,75.195312
4639,512,51083,99.771484
4640,512,49708,97.085938
4641,512,38167,74.544922
4642,512,43667,85.287109
4643,512,40958,79.996094
4644,512,39708,77.554688
4645,512,38625,75.439453
4646,512,36834,71.941406
4647,512,37208,72.671875
4648,512,36583,71.451172
4649,512,38167,74.544922
4650,512,38041,74.298828
4651,512,37042,72.347656
4652,512,41208,80.484375
4653,512,45334,88.542969
4654,512,39416,76.984375
4655,512,45750,89.355469
4656,512,39167,76.498047
4657,512,38458,75.113281
4658,512,46375,90.576172
4659,512,53833,105.142578
4660,512,43334,84.636719
4661,512,55542,108.480469
4662,512,39167,76.498047
4663,512,40875,79.833984
4664,512,39250,76.660156
4665,512,38292,74.789062
4666,512,46625,91.064453
4667,512,40167,78.451172
4668,512,40708,79.507812
4669,512,41291,80.646484
4670,512,40583,79.263672
4671,512,43042,84.066406
4672,512,40125,78.369141
4673,512,41041,80.158203
4674,512,39667,77.474609
4675,512,38459,75.115234
4676,512,40583,79.263672
4677,512,39166,76.496094
4678,512,42500,83.007812
4679,512,41125,80.322266
4680,512,41042,80.160156
4681,512,43000,83.984375
4682,512,42083,82.193359
4683,512,43542,85.042969
4684,512,45000,87.890625
4685,512,39625,77.392578
4686,512,41833,81.705078
4687,512,41917,81.869141
4688,512,40083,78.287109
4689,512,41625,81.298828
4690,512,39708,77.554688
4691,512,41625,81.298828
4692,512,38083,74.380859
4693,512,40917,79.916016
4694,512,48208,94.156250
4695,512,38583,75.357422
4696,512,39917,77.962891
4697,512,39375,76.904297
4698,512,40334,78.777344
4699,512,41500,81.054688
4700,512,39125,76.416016
4701,512,39250,76.660156
4702,512,40416,78.937500
4703,512,38125,74.462891
4704,512,40375,78.857422
4705,512,43167,84.310547
4706,512,59209,115.642578
4707,512,45208,88.296875
4708,512,49708,97.085938
4709,512,44916,87.726562
4710,512,49709,97.087891
4711,512,62208,121.500000
4712,512,70750,138.183594
4713,512,37584,73.406250
4714,512,36542,71.371094
4715,512,38625,75.439453
4716,512,44708,87.320312
4717,512,47416,92.609375
4718,512,35417,69.173828
4719,512,36958,72.183594
4720,512,35875,70.068359
4721,512,35583,69.498047
4722,512,36708,71.695312
4723,512,37334,72.917969
4724,512,36208,70.718750
4725,512,49208,96.109375
4726,512,42875,83.740234
4727,512,35583,69.498047
4728,512,36125,70.556641
4729,512,35583,69.498047
4730,512,38416,75.031250
4731,512,36792,71.859375
4732,512,35750,69.824219
4733,512,35166,68.683594
4734,512,33417,65.267578
4735,512,36250,70.800781
4736,512,35375,69.091797
4737,512,34666,67.707031
4738,512,35042,68.441406
4739,512,36542,71.371094
4740,512,37250,72.753906
4741,512,36041,70.392578
4742,512,37375,72.998047
4743,512,36167,70.638672
4744,512,35875,70.068359
4745,512,35667,69.662109
4746,512,35667,69.662109
4747,512,36083,70.474609
4748,512,35500,69.335938
4749,512,36209,70.720703
4750,512,37750,73.730469
4751,512,36125,70.556641
4752,512,35834,69.988281
4753,512,34792,67.953125
4754,512,35833,69.986328
4755,512,35042,68.441406
4756,512,34250,66.894531
4757,512,36459,71.208984
4758,512,36750,71.777344
4759,512,37042,72.347656
4760,512,40416,78.937500
4761,512,36417,71.126953
4762,512,36542,71.371094
4763,512,35208,68.765625
4764,512,38083,74.380859
4765,512,35459,69.255859
4766,512,37416,73.078125
4767,512,36792,71.859375
4768,512,35833,69.986328
4769,512,35167,68.685547
4770,512,36000,70.312500
4771,512,35625,69.580078
4772,512,35417,69.173828
4773,512,35583,69.498047
4774,512,35625,69.580078
4775,512,34875,68.115234
4776,512,34791,67.951172
4777,512,34709,67.791016
4778,512,35750,69.824219
4779,512,39083,76.333984
4780,512,33958,66.324219
4781,512,35584,69.500000
4782,512,33917,66.244141
4783,512,39250,76.660156
4784,512,36917,72.103516
4785,512,35000,68.359375
4786,512,34208,66.812500
4787,512,36000,70.312500
4788,512,33125,64.697266
4789,512,33541,65.509766
4790,512,36250,70.800781
4791,512,36167,70.638672
4792,512,34875,68.115234
4793,512,35750,69.824219
4794,512,36250,70.800781
4795,512,34042,66.488281
4796,512,34708,67.789062
4797,512,33917,66.244141
4798,512,35375,69.091797
4799,512,35375,69.091797
4800,512,35083,68.521484
4801,512,36625,71.533203
4802,512,33792,66.000000
4803,512,36583,71.451172
4804,512,34750,67.871094
4805,512,34333,67.056641
4806,512,36000,70.312500
4807,512,35542,69.417969
4808,512,35416,69.171875
4809,512,35042,68.441406
4810,512,35083,68.521484
4811,512,34250,66.894531
4812,512,35916,70.148438
4813,512,36542,71.371094
4814,512,35125,68.603516
4815,512,35667,69.662109
4816,512,35541,69.416016
4817,512,35709,69.744141
4818,512,34291,66.974609
4819,512,36709,71.697266
4820,512,34041,66.486328
4821,512,36334,70.964844
4822,512,36916,72.101562
4823,512,35750,69.824219
4824,512,35250,68.847656
4825,512,36291,70.880859
4826,512,35375,69.091797
4827,512,33375,65.185547
4828,512,34166,66.730469
4829,512,36167,70.638672
4830,512,36084,70.476562
4831,512,36209,70.720703
4832,512,34916,68.195312
4833,512,36125,70.556641
4834,512,35292,68.929688
4835,512,34916,68.195312
4836,512,36125,70.556641
4837,512,36375,71.044922
4838,512,35625,69.580078
4839,512,35167,68.685547
4840,512,35916,70.148438
4841,512,36667,71.615234
4842,512,35542,69.417969
4843,512,34416,67.218750
4844,512,35417,69.173828
4845,512,37042,72.347656
4846,512,33541,65.509766
4847,512,35250,68.847656
4848,512,34375,67.138672
4849,512,34792,67.953125
4850,512,35458,69.253906
4851,512,35333,69.009766
4852,512,35708,69.742188
4853,512,35917,70.150391
4854,512,35833,69.986328
4855,512,36875,72.021484
4856,512,36625,71.533203
4857,512,35833,69.986328
4858,512,34875,68.115234
4859,512,34459,67.302734
4860,512,33250,64.941406
4861,512,36209,70.720703
4862,512,34625,67.626953
4863,512,35083,68.521484
4864,512,34750,67.871094
4865,512,35208,68.765625
4866,512,34167,66.732422
4867,512,34708,67.789062
4868,512,34750,67.871094
4869,512,34708,67.789062
4870,512,33625,65.673828
4871,512,33250,64.941406
4872,512,37125,72.509766
4873,512,34542,67.464844
4874,512,33792,66.000000
4875,512,34542,67.464844
4876,512,34292,66.976562
4877,512,33709,65.837891
4878,512,32625,63.720703
4879,512,31875,62.255859
4880,512,34416,67.218750
4881,512,36125,70.556641
4882,512,35084,68.523438
4883,512,32875,64.208984
4884,512,32875,64.208984
4885,512,34500,67.382812
4886,512,34417,67.220703
4887,512,35333,69.009766
4888,512,33167,64.779297
4889,512,34583,67.544922
4890,512,33625,65.673828
4891,512,33958,66.324219
4892,512,33750,65.917969
4893,512,35917,70.150391
4894,512,37750,73.730469
4895,512,36334,70.964844
4896,512,36958,72.183594
4897,512,39625,77.392578
4898,512,35042,68.441406
4899,512,35167,68.685547
4900,512,37458,73.160156
4901,512,38583,75.357422
4902,512,38084,74.382812
4903,512,36625,71.533203
4904,512,38334,74.871094
4905,512,39375,76.904297
4906,512,38083,74.380859
4907,512,38792,75.765625
4908,512,38334,74.871094
4909,512,35541,69.416016
4910,512,37625,73.486328
4911,512,39958,78.042969
4912,512,38334,74.871094
4913,512,35375,69.091797
4914,512,38833,75.845703
4915,512,37833,73.892578
4916,512,35875,70.068359
4917,512,36333,70.962891
4918,512,36375,71.044922
4919,512,38542,75.277344
4920,512,37083,72.427734
4921,512,37709,73.650391
4922,512,35791,69.904297
4923,512,40125,78.369141
4924,512,39250,76.660156
4925,512,37625,73.486328
4926,512,37833,73.892578
4927,512,83459,163.005859
4928,512,45542,88.949219
4929,512,38250,74.707031
4930,512,50708,99.039062
4931,512,61125,119.384766
4932,512,40333,78.775391
4933,512,39708,77.554688
4934,512,38750,75.683594
4935,512,46875,91.552734
4936,512,55792,108.968750
4937,512,73708,143.960938
4938,512,56875,111.083984
4939,512,38875,75.927734
4940,512,36458,71.207031
4941,512,35000,68.359375
4942,512,34917,68.197266
4943,512,35875,70.068359
4944,512,36083,70.474609
4945,512,36250,70.800781
4946,512,38083,74.380859
4947,512,35542,69.417969
4948,512,34208,66.812500
4949,512,35541,69.416016
4950,512,35500,69.335938
4951,512,37292,72.835938
4952,512,35458,69.253906
4953,512,36166,70.636719
4954,512,33542,65.511719
4955,512,33708,65.835938
4956,512,35125,68.603516
4957,512,34083,66.568359
4958,512,35000,68.359375
4959,512,35541,69.416016
4960,512,35959,70.232422
4961,512,34458,67.300781
4962,512,33750,65.917969
4963,512,32375,63.232422
4964,512,34583,67.544922
4965,512,34667,67.708984
4966,512,33833,66.080078
4967,512,34792,67.953125
4968,512,37750,73.730469
4969,512,36042,70.394531
4970,512,35917,70.150391
4971,512,35708,69.742188
4972,512,43542,85.042969
4973,512,36708,71.695312
4974,512,44000,85.937500
4975,512,32708,63.882812
4976,512,35250,68.847656
4977,512,34292,66.976562
4978,512,32917,64.291016
4979,512,33416,65.265625
4980,512,35167,68.685547
4981,512,33500,65.429688
4982,512,33917,66.244141
4983,512,34625,67.626953
4984,512,35125,68.603516
4985,512,33542,65.511719
4986,512,34333,67.056641
4987,512,34083,66.568359
4988,512,33125,64.697266
4989,512,33250,64.941406
4990,512,34250,66.894531
4991,512,35125,68.603516
4992,512,33500,65.429688
4993,512,33667,65.755859
4994,512,34542,67.464844
4995,512,36375,71.044922
4996,512,34208,66.812500
4997,512,36166,70.636719
4998,512,36208,70.718750
4999,512,36000,70.312500
5000,512,44208,86.343750
5001,512,37167,72.591797
5002,512,37375,72.998047
5003,512,38500,75.195312
5004,512,37333,72.916016
5005,512,37334,72.917969
5006,512,37334,72.917969
5007,512,36416,71.125000
5008,512,37084,72.429688
5009,512,36208,70.718750
5010,512,39625,77.392578
5011,512,37958,74.136719
5012,512,38042,74.300781
5013,512,36709,71.697266
5014,512,36000,70.312500
5015,512,36125,70.556641
5016,512,35917,70.150391
5017,512,36833,71.939453
5018,512,36542,71.371094
5019,512,38375,74.951172
5020,512,36917,72.103516
5021,512,35958,70.230469
5022,512,36458,71.207031
5023,512,37250,72.753906
5024,512,39500,77.148438
5025,512,35083,68.521484
5026,512,35667,69.662109
5027,512,36458,71.207031
5028,512,36584,71.453125
5029,512,36666,71.613281
5030,512,45000,87.890625
5031,512,36208,70.718750
5032,512,36250,70.800781
5033,512,33834,66.082031
5034,512,36459,71.208984
5035,512,36791,71.857422
5036,512,36250,70.800781
5037,512,37250,72.753906
5038,512,35500,69.335938
5039,512,36458,71.207031
5040,512,38125,74.462891
5041,512,38250,74.707031
5042,512,35916,70.148438
5043,512,34917,68.197266
5044,512,37000,72.265625
5045,512,35500,69.335938
5046,512,41209,80.486328
5047,512,44083,86.099609
5048,512,36500,71.289062
5049,512,36750,71.777344
5050,512,35875,70.068359
5051,512,36916,72.101562
5052,512,36959,72.185547
5053,512,36583,71.451172
5054,512,37042,72.347656
5055,512,37208,72.671875
5056,512,36708,71.695312
5057,512,36750,71.777344
5058,512,36916,72.101562
5059,512,36834,71.941406
5060,512,36750,71.777344
5061,512,36000,70.312500
5062,512,35084,68.523438
5063,512,36541,71.369141
5064,512,36500,71.289062
5065,512,37667,73.568359
5066,512,37583,73.404297
5067,512,36000,70.312500
5068,512,36333,70.962891
5069,512,35833,69.986328
5070,512,37500,73.242188
5071,512,37459,73.162109
5072,512,36333,70.962891
5073,512,36250,70.800781
5074,512,34833,68.033203
5075,512,35250,68.847656
5076,512,36625,71.533203
5077,512,35833,69.986328
5078,512,36250,70.800781
5079,512,36000,70.312500
5080,512,36333,70.962891
5081,512,35542,69.417969
5082,512,35833,69.986328
5083,512,36750,71.777344
5084,512,37792,73.812500
5085,512,36541,71.369141
5086,512,36083,70.474609
5087,512,37084,72.429688
5088,512,37833,73.892578
5089,512,35833,69.986328
5090,512,37583,73.404297
5091,512,39083,76.333984
5092,512,38625,75.439453
5093,512,36334,70.964844
5094,512,37666,73.566406
5095,512,36959,72.185547
5096,512,37459,73.162109
5097,512,37166,72.589844
5098,512,36625,71.533203
5099,512,34959,68.279297
5100,512,37125,72.509766
5101,512,35917,70.150391
5102,512,37875,73.974609
5103,512,38208,74.625000
5104,512,35875,70.068359
5105,512,35375,69.091797
5106,512,37042,72.347656
5107,512,37000,72.265625
5108,512,34959,68.279297
5109,512,38125,74.462891
5110,512,34875,68.115234
5111,512,39000,76.171875
5112,512,35333,69.009766
5113,512,37917,74.056641
5114,512,39166,76.496094
5115,512,37709,73.650391
5116,512,36416,71.125000
5117,512,37625,73.486328
5118,512,40375,78.857422
5119,512,37583,73.404297
5120,512,38042,74.300781
5121,512,39667,77.474609
5122,512,40041,78.205078
5123,512,44750,87.402344
5124,512,49125,95.947266
5125,512,42542,83.089844
5126,512,39291,76.740234
5127,512,41625,81.298828
5128,512,46500,90.820312
5129,512,42791,83.576172
5130,512,38459,75.115234
5131,512,38250,74.707031
5132,512,39667,77.474609
5133,512,36958,72.183594
5134,512,36459,71.208984
5135,512,44666,87.238281
5136,512,48667,95.052734
5137,512,46791,91.388672
5138,512,38417,75.033203
5139,512,38000,74.218750
5140,512,39500,77.148438
5141,512,39083,76.333984
5142,512,38042,74.300781
5143,512,37667,73.568359
5144,512,39375,76.904297
5145,512,37167,72.591797
5146,512,41875,81.787109
5147,512,43958,85.855469
5148,512,38709,75.603516
5149,512,38875,75.927734
5150,512,42292,82.601562
5151,512,37708,73.648438
5152,512,39000,76.171875
5153,512,38541,75.275391
5154,512,38417,75.033203
5155,512,38041,74.298828
5156,512,38125,74.462891
5157,512,39958,78.042969
5158,512,38667,75.521484
5159,512,36750,71.777344
5160,512,39541,77.228516
5161,512,38000,74.218750
5162,512,36667,71.615234
5163,512,39042,76.253906
5164,512,39416,76.984375
5165,512,39167,76.498047
5166,512,38291,74.787109
5167,512,36042,70.394531
5168,512,38417,75.033203
5169,512,38292,74.789062
5170,512,38666,75.519531
5171,512,36542,71.371094
5172,512,37000,72.265625
5173,512,36542,71.371094
5174,512,39333,76.822266
5175,512,38750,75.683594
5176,512,38959,76.091797
5177,512,40958,79.996094
5178,512,38166,74.542969
5179,512,38833,75.845703
5180,512,37042,72.347656
5181,512,35875,70.068359
5182,512,38792,75.765625
5183,512,39250,76.660156
5184,512,37541,73.322266
5185,512,38959,76.091797
5186,512,38791,75.763672
5187,512,36375,71.044922
5188,512,36666,71.613281
5189,512,38792,75.765625
5190,512,39916,77.960938
5191,512,88542,172.933594
5192,512,44750,87.402344
5193,512,42333,82.681641
5194,512,40166,78.449219
5195,512,37917,74.056641
5196,512,36708,71.695312
5197,512,40250,78.613281
5198,512,37209,72.673828
5199,512,36666,71.613281
5200,512,35542,69.417969
5201,512,37167,72.591797
5202,512,35250,68.847656
5203,512,35375,69.091797
5204,512,34958,68.277344
5205,512,35167,68.685547
5206,512,34208,66.812500
5207,512,34292,66.976562
5208,512,35583,69.498047
5209,512,36292,70.882812
5210,512,35500,69.335938
5211,512,36333,70.962891
5212,512,36792,71.859375
5213,512,35583,69.498047
5214,512,35625,69.580078
5215,512,35292,68.929688
5216,512,37750,73.730469
5217,512,37000,72.265625
5218,512,36166,70.636719
5219,512,35250,68.847656
5220,512,35792,69.906250
5221,512,34875,68.115234
5222,512,36666,71.613281
5223,512,36292,70.882812
5224,512,36292,70.882812
5225,512,35166,68.683594
5226,512,35500,69.335938
5227,512,35625,69.580078
5228,512,35042,68.441406
5229,512,35166,68.683594
5230,512,36292,70.882812
5231,512,35583,69.498047
5232,512,37625,73.486328
5233,512,44292,86.507812
5234,512,36583,71.451172
5235,512,34750,67.871094
5236,512,37500,73.242188
5237,512,36583,71.451172
5238,512,38208,74.625000
5239,512,50167,97.982422
5240,512,44625,87.158203
5241,512,43917,85.775391
5242,512,52541,102.619141
5243,512,40250,78.613281
5244,512,34959,68.279297
5245,512,35208,68.765625
5246,512,35791,69.904297
5247,512,35000,68.359375
5248,512,35167,68.685547
5249,512,44750,87.402344
5250,512,42834,83.660156
5251,512,45709,89.275391
5252,512,40375,78.857422
5253,512,40875,79.833984
5254,512,38958,76.089844
5255,512,39125,76.416016
5256,512,39250,76.660156
5257,512,39209,76.580078
5258,512,40625,79.345703
5259,512,41292,80.648438
5260,512,38917,76.009766
5261,512,41584,81.218750
5262,512,38334,74.871094
5263,512,40666,79.425781
5264,512,40875,79.833984
5265,512,41042,80.160156
5266,512,39708,77.554688
5267,512,39917,77.962891
5268,512,42417,82.845703
5269,512,38167,74.544922
5270,512,37875,73.974609
5271,512,38708,75.601562
5272,512,38667,75.521484
5273,512,40166,78.449219
5274,512,41208,80.484375
5275,512,38667,75.521484
5276,512,39209,76.580078
5277,512,40250,78.613281
5278,512,46291,90.412109
5279,512,38417,75.033203
5280,512,39166,76.496094
5281,512,39500,77.148438
5282,512,39709,77.556641
5283,512,40042,78.207031
5284,512,38625,75.439453
5285,512,39041,76.251953
5286,512,37958,74.136719
5287,512,36792,71.859375
5288,512,40583,79.263672
5289,512,41375,80.810547
5290,512,44625,87.158203
5291,512,38458,75.113281
5292,512,42375,82.763672
5293,512,40458,79.019531
5294,512,39875,77.880859
5295,512,41750,81.542969
5296,512,39167,76.498047
5297,512,39500,77.148438
5298,512,39375,76.904297
5299,512,38834,75.847656
5300,512,40208,78.531250
5301,512,37458,73.160156
5302,512,40167,78.451172
5303,512,42959,83.904297
5304,512,41958,81.949219
5305,512,37375,72.998047
5306,512,38958,76.089844
5307,512,40166,78.449219
5308,512,38709,75.603516
5309,512,40666,79.425781
5310,512,37708,73.648438
5311,512,38917,76.009766
5312,512,39375,76.904297
5313,512,37667,73.568359
5314,512,46834,91.472656
5315,512,36667,71.615234
5316,512,43750,85.449219
5317,512,43833,85.611328
5318,512,39459,77.068359
5319,512,39458,77.066406
5320,512,38917,76.009766
5321,512,57375,112.060547
5322,512,41834,81.707031
5323,512,49459,96.599609
5324,512,41792,81.625000
5325,512,47083,91.958984
5326,512,40833,79.751953
5327,512,42583,83.169922
5328,512,40875,79.833984
5329,512,43958,85.855469
5330,512,52791,103.107422
5331,512,38833,75.845703
5332,512,42375,82.763672
5333,512,40083,78.287109
5334,512,40708,79.507812
5335,512,39042,76.253906
5336,512,44833,87.564453
5337,512,43875,85.693359
5338,512,37959,74.138672
5339,512,36375,71.044922
5340,512,37834,73.894531
5341,512,43500,84.960938
5342,512,38209,74.626953
5343,512,39125,76.416016
5344,512,37833,73.892578
5345,512,39792,77.718750
5346,512,40125,78.369141
5347,512,36750,71.777344
5348,512,41042,80.160156
5349,512,45875,89.599609
5350,512,41292,80.648438
5351,512,40250,78.613281
5352,512,39208,76.578125
5353,512,39375,76.904297
5354,512,38458,75.113281
5355,512,37000,72.265625
5356,512,38500,75.195312
5357,512,38083,74.380859
5358,512,37833,73.892578
5359,512,38167,74.544922
5360,512,36000,70.312500
5361,512,37083,72.427734
5362,512,44792,87.484375
5363,512,45417,88.705078
5364,512,56667,110.677734
5365,512,43250,84.472656
5366,512,38375,74.951172
5367,512,37333,72.916016
5368,512,47833,93.423828
5369,512,57000,111.328125
5370,512,109709,214.275391
5371,512,37583,73.404297
5372,512,37333,72.916016
5373,512,38250,74.707031
5374,512,37708,73.648438
5375,512,36750,71.777344
5376,512,36791,71.857422
5377,512,35584,69.500000
5378,512,37084,72.429688
5379,512,37458,73.160156
5380,512,38541,75.275391
5381,512,36125,70.556641
5382,512,35750,69.824219
5383,512,37375,72.998047
5384,512,36417,71.126953
5385,512,40583,79.263672
5386,512,37583,73.404297
5387,512,34625,67.626953
5388,512,35792,69.906250
5389,512,34917,68.197266
5390,512,34667,67.708984
5391,512,37000,72.265625
5392,512,35542,69.417969
5393,512,35583,69.498047
5394,512,35375,69.091797
5395,512,35458,69.253906
5396,512,36083,70.474609
5397,512,33500,65.429688
5398,512,34500,67.382812
5399,512,34791,67.951172
5400,512,36333,70.962891
5401,512,35042,68.441406
5402,512,36708,71.695312
5403,512,37375,72.998047
5404,512,38166,74.542969
5405,512,35000,68.359375
5406,512,37542,73.324219
5407,512,34708,67.789062
5408,512,34417,67.220703
5409,512,36250,70.800781
5410,512,35167,68.685547
5411,512,35417,69.173828
5412,512,34791,67.951172
5413,512,35375,69.091797
5414,512,35000,68.359375
5415,512,34167,66.732422
5416,512,35917,70.150391
5417,512,35417,69.173828
5418,512,34000,66.406250
5419,512,34666,67.707031
5420,512,34667,67.708984
5421,512,33875,66.162109
5422,512,35542,69.417969
5423,512,34042,66.488281
5424,512,34250,66.894531
5425,512,34959,68.279297
5426,512,34459,67.302734
5427,512,34000,66.406250
5428,512,36833,71.939453
5429,512,36083,70.474609
5430,512,36167,70.638672
5431,512,34166,66.730469
5432,512,36000,70.312500
5433,512,34000,66.406250
5434,512,34292,66.976562
5435,512,34333,67.056641
5436,512,34834,68.035156
5437,512,35042,68.441406
5438,512,33875,66.162109
5439,512,35083,68.521484
5440,512,34958,68.277344
5441,512,36750,71.777344
5442,512,34500,67.382812
5443,512,34042,66.488281
5444,512,36958,72.183594
5445,512,34667,67.708984
5446,512,35041,68.439453
5447,512,35083,68.521484
5448,512,34000,66.406250
5449,512,93208,182.046875
5450,512,40541,79.181641
5451,512,40750,79.589844
5452,512,42583,83.169922
5453,512,53750,104.980469
5454,512,41959,81.951172
5455,512,38791,75.763672
5456,512,44000,85.937500
5457,512,37833,73.892578
5458,512,38042,74.300781
5459,512,35667,69.662109
5460,512,40125,78.369141
5461,512,42666,83.332031
5462,512,47667,93.099609
5463,512,40750,79.589844
5464,512,39375,76.904297
5465,512,41541,81.134766
5466,512,44667,87.240234
5467,512,45083,88.052734
5468,512,41458,80.972656
5469,512,39459,77.068359
5470,512,46625,91.064453
5471,512,42250,82.519531
5472,512,44334,86.589844
5473,512,50584,98.796875
5474,512,44167,86.263672
5475,512,40417,78.939453
5476,512,40333,78.775391
5477,512,40666,79.425781
5478,512,42083,82.193359
5479,512,40209,78.533203
5480,512,40125,78.369141
5481,512,39459,77.068359
5482,512,42750,83.496094
5483,512,40750,79.589844
5484,512,39042,76.253906
5485,512,40708,79.507812
5486,512,38917,76.009766
5487,512,38708,75.601562
5488,512,42458,82.925781
5489,512,41750,81.542969
5490,512,42292,82.601562
5491,512,43125,84.228516
5492,512,39875,77.880859
5493,512,39166,76.496094
5494,512,42042,82.113281
5495,512,43125,84.228516
5496,512,42667,83.333984
5497,512,39333,76.822266
5498,512,41250,80.566406
5499,512,41375,80.810547
5500,512,41167,80.404297
5501,512,39583,77.310547
5502,512,40333,78.775391
5503,512,39125,76.416016
5504,512,40333,78.775391
5505,512,49833,97.330078
5506,512,49375,96.435547
5507,512,41167,80.404297
5508,512,44916,87.726562
5509,512,41792,81.625000
5510,512,36958,72.183594
5511,512,44083,86.099609
5512,512,42500,83.007812
5513,512,40292,78.695312
5514,512,38542,75.277344
5515,512,43584,85.125000
5516,512,43042,84.066406
5517,512,35708,69.742188
5518,512,36792,71.859375
5519,512,36916,72.101562
5520,512,36959,72.185547
5521,512,51458,100.503906
5522,512,45458,88.785156
5523,512,46042,89.925781
5524,512,35166,68.683594
5525,512,40209,78.533203
5526,512,46792,91.390625
5527,512,48708,95.132812
5528,512,42042,82.113281
5529,512,36250,70.800781
5530,512,38334,74.871094
5531,512,34958,68.277344
5532,512,35208,68.765625
5533,512,37042,72.347656
5534,512,35375,69.091797
5535,512,37500,73.242188
5536,512,39791,77.716797
5537,512,36292,70.882812
5538,512,34667,67.708984
5539,512,36667,71.615234
5540,512,36042,70.394531
5541,512,36000,70.312500
5542,512,35792,69.906250
5543,512,35958,70.230469
5544,512,36958,72.183594
5545,512,35167,68.685547
5546,512,35792,69.906250
5547,512,35667,69.662109
5548,512,38041,74.298828
5549,512,38209,74.626953
5550,512,37125,72.509766
5551,512,42333,82.681641
5552,512,43166,84.308594
5553,512,36500,71.289062
5554,512,37791,73.810547
5555,512,36167,70.638672
5556,512,38708,75.601562
5557,512,36750,71.777344
5558,512,37417,73.080078
5559,512,38667,75.521484
5560,512,39708,77.554688
5561,512,40375,78.857422
5562,512,36666,71.613281
5563,512,38542,75.277344
5564,512,39416,76.984375
5565,512,37417,73.080078
5566,512,39625,77.392578
5567,512,40583,79.263672
5568,512,39834,77.800781
5569,512,49166,96.027344
5570,512,44959,87.810547
5571,512,37458,73.160156
5572,512,38125,74.462891
5573,512,44167,86.263672
5574,512,61500,120.117188
5575,512,50250,98.144531
5576,512,45291,88.458984
5577,512,38417,75.033203
5578,512,39625,77.392578
5579,512,41834,81.707031
5580,512,41209,80.486328
5581,512,47625,93.017578
5582,512,39666,77.472656
5583,512,41709,81.462891
5584,512,41833,81.705078
5585,512,46167,90.169922
5586,512,43375,84.716797
5587,512,46084,90.007812
5588,512,38542,75.277344
5589,512,45375,88.623047
5590,512,38333,74.869141
5591,512,40209,78.533203
5592,512,45833,89.517578
5593,512,46458,90.738281
5594,512,45083,88.052734
5595,512,39250,76.660156
5596,512,44375,86.669922
5597,512,50416,98.468750
5598,512,36625,71.533203
5599,512,33750,65.917969
5600,512,35167,68.685547
5601,512,36084,70.476562
5602,512,34833,68.033203
5603,512,34875,68.115234
5604,512,35916,70.148438
5605,512,36084,70.476562
5606,512,34708,67.789062
5607,512,33500,65.429688
5608,512,34209,66.814453
5609,512,34584,67.546875
5610,512,34833,68.033203
5611,512,34875,68.115234
5612,512,36291,70.880859
5613,512,34083,66.568359
5614,512,40625,79.345703
5615,512,36375,71.044922
5616,512,50750,99.121094
5617,512,47625,93.017578
5618,512,37333,72.916016
5619,512,39667,77.474609
5620,512,41250,80.566406
5621,512,48875,95.458984
5622,512,36000,70.312500
5623,512,35916,70.148438
5624,512,36917,72.103516
5625,512,36333,70.962891
5626,512,35000,68.359375
5627,512,38958,76.089844
5628,512,38083,74.380859
5629,512,34250,66.894531
5630,512,44667,87.240234
5631,512,44333,86.587891
5632,512,41125,80.322266
5633,512,40000,78.125000
5634,512,46750,91.308594
5635,512,48791,95.294922
5636,512,41709,81.462891
5637,512,34750,67.871094
5638,512,37458,73.160156
5639,512,43458,84.878906
5640,512,45917,89.681641
5641,512,35166,68.683594
5642,512,35458,69.253906
5643,512,34375,67.138672
5644,512,35292,68.929688
5645,512,34167,66.732422
5646,512,34458,67.300781
5647,512,34208,66.812500
5648,512,38667,75.521484
5649,512,36250,70.800781
5650,512,45209,88.298828
5651,512,45250,88.378906
5652,512,37250,72.753906
5653,512,37542,73.324219
5654,512,41083,80.240234
5655,512,42792,83.578125
5656,512,36500,71.289062
5657,512,36625,71.533203
5658,512,40708,79.507812
5659,512,42500,83.007812
5660,512,43209,84.392578
5661,512,36208,70.718750
5662,512,36833,71.939453
5663,512,36167,70.638672
5664,512,39459,77.068359
5665,512,37500,73.242188
5666,512,42000,82.031250
5667,512,42375,82.763672
5668,512,40500,79.101562
5669,512,42000,82.031250
5670,512,39959,78.044922
5671,512,41250,80.566406
5672,512,41291,80.646484
5673,512,39959,78.044922
5674,512,41375,80.810547
5675,512,38791,75.763672
5676,512,38583,75.357422
5677,512,39833,77.798828
5678,512,39709,77.556641
5679,512,37750,73.730469
5680,512,39542,77.230469
5681,512,37958,74.136719
5682,512,39292,76.742188
5683,512,39541,77.228516
5684,512,37917,74.056641
5685,512,38041,74.298828
5686,512,37792,73.812500
5687,512,39458,77.066406
5688,512,39000,76.171875
5689,512,37125,72.509766
5690,512,38292,74.789062
5691,512,36750,71.777344
5692,512,36792,71.859375
5693,512,36083,70.474609
5694,512,38042,74.300781
5695,512,37333,72.916016
5696,512,47667,93.099609
5697,512,43875,85.693359
5698,512,37291,72.833984
5699,512,38459,75.115234
5700,512,39292,76.742188
5701,512,38958,76.089844
5702,512,39667,77.474609
5703,512,38042,74.300781
5704,512,36916,72.101562
5705,512,38250,74.707031
5706,512,44416,86.750000
5707,512,46292,90.414062
5708,512,37209,72.673828
5709,512,44417,86.751953
5710,512,39792,77.718750
5711,512,37708,73.648438
5712,512,37708,73.648438
5713,512,39125,76.416016
5714,512,38334,74.871094
5715,512,39583,77.310547
5716,512,39292,76.742188
5717,512,39083,76.333984
5718,512,37500,73.242188
5719,512,36417,71.126953
5720,512,36666,71.613281
5721,512,37208,72.671875
5722,512,37792,73.812500
5723,512,38833,75.845703
5724,512,39292,76.742188
5725,512,39000,76.171875
5726,512,40000,78.125000
5727,512,41000,80.078125
5728,512,37875,73.974609
5729,512,36667,71.615234
5730,512,44250,86.425781
5731,512,44333,86.587891
5732,512,41958,81.949219
5733,512,45833,89.517578
5734,512,40958,79.996094
5735,512,41334,80.730469
5736,512,48875,95.458984
5737,512,37875,73.974609
5738,512,36583,71.451172
5739,512,37250,72.753906
5740,512,41875,81.787109
5741,512,38333,74.869141
5742,512,35000,68.359375
5743,512,44208,86.343750
5744,512,38458,75.113281
5745,512,38709,75.603516
5746,512,37625,73.486328
5747,512,39708,77.554688
5748,512,36458,71.207031
5749,512,37917,74.056641
5750,512,37375,72.998047
5751,512,39917,77.962891
5752,512,38167,74.544922
5753,512,34916,68.195312
5754,512,37250,72.753906
5755,512,58917,115.072266
5756,512,41208,80.484375
5757,512,40125,78.369141
5758,512,37708,73.648438
5759,512,37417,73.080078
5760,512,36209,70.720703
5761,512,46708,91.226562
5762,512,37625,73.486328
5763,512,43791,85.529297
5764,512,35250,68.847656
5765,512,36417,71.126953
5766,512,40291,78.693359
5767,512,37750,73.730469
5768,512,35709,69.744141
5769,512,35541,69.416016
5770,512,35875,70.068359
5771,512,36542,71.371094
5772,512,36916,72.101562
5773,512,38334,74.871094
5774,512,38083,74.380859
5775,512,36583,71.451172
5776,512,35875,70.068359
5777,512,36792,71.859375
5778,512,38083,74.380859
5779,512,46708,91.226562
5780,512,37083,72.427734
5781,512,38000,74.218750
5782,512,37917,74.056641
5783,512,40167,78.451172
5784,512,67083,131.021484
5785,512,60459,118.083984
5786,512,43291,84.552734
5787,512,44667,87.240234
5788,512,40083,78.287109
5789,512,42250,82.519531
5790,512,49958,97.574219
5791,512,55458,108.316406
5792,512,40541,79.181641
5793,512,42792,83.578125
5794,512,40542,79.183594
5795,512,52625,102.783203
5796,512,43500,84.960938
5797,512,47625,93.017578
5798,512,41375,80.810547
5799,512,43000,83.984375
5800,512,43083,84.146484
5801,512,41417,80.892578
5802,512,42000,82.031250
5803,512,45042,87.972656
5804,512,41250,80.566406
5805,512,41291,80.646484
5806,512,51000,99.609375
5807,512,51417,100.423828
5808,512,45167,88.216797
5809,512,44041,86.017578
5810,512,40125,78.369141
5811,512,39667,77.474609
5812,512,37583,73.404297
5813,512,36708,71.695312
5814,512,41209,80.486328
5815,512,37125,72.509766
5816,512,35125,68.603516
5817,512,36083,70.474609
5818,512,35250,68.847656
5819,512,35208,68.765625
5820,512,35542,69.417969
5821,512,37083,72.427734
5822,512,35833,69.986328
5823,512,36958,72.183594
5824,512,36375,71.044922
5825,512,35375,69.091797
5826,512,33833,66.080078
5827,512,35791,69.904297
5828,512,37792,73.812500
5829,512,34416,67.218750
5830,512,34292,66.976562
5831,512,34708,67.789062
5832,512,35291,68.927734
5833,512,39875,77.880859
5834,512,35334,69.011719
5835,512,34666,67.707031
5836,512,35125,68.603516
5837,512,37000,72.265625
5838,512,34625,67.626953
5839,512,34917,68.197266
5840,512,34500,67.382812
5841,512,35834,69.988281
5842,512,34875,68.115234
5843,512,36333,70.962891
5844,512,36833,71.939453
5845,512,35875,70.068359
5846,512,35542,69.417969
5847,512,36417,71.126953
5848,512,35875,70.068359
5849,512,34167,66.732422
5850,512,34208,66.812500
5851,512,33584,65.593750
5852,512,34250,66.894531
5853,512,39334,76.824219
5854,512,37416,73.078125
5855,512,36292,70.882812
5856,512,37166,72.589844
5857,512,37709,73.650391
5858,512,36292,70.882812
5859,512,37083,72.427734
5860,512,41375,80.810547
5861,512,38375,74.951172
5862,512,37917,74.056641
5863,512,38500,75.195312
5864,512,37750,73.730469
5865,512,39292,76.742188
5866,512,56000,109.375000
5867,512,44000,85.937500
5868,512,41959,81.951172
5869,512,42458,82.925781
5870,512,47250,92.285156
5871,512,38875,75.927734
5872,512,36500,71.289062
5873,512,38459,75.115234
5874,512,38125,74.462891
5875,512,37667,73.568359
5876,512,37667,73.568359
5877,512,39583,77.310547
5878,512,41250,80.566406
5879,512,42958,83.902344
5880,512,41250,80.566406
5881,512,38792,75.765625
5882,512,40416,78.937500
5883,512,40042,78.207031
5884,512,38000,74.218750
5885,512,35833,69.986328
5886,512,38375,74.951172
5887,512,43500,84.960938
5888,512,37583,73.404297
5889,512,39583,77.310547
5890,512,46625,91.064453
5891,512,37167,72.591797
5892,512,40541,79.181641
5893,512,37375,72.998047
5894,512,38292,74.789062
5895,512,38375,74.951172
5896,512,38000,74.218750
5897,512,38541,75.275391
5898,512,38750,75.683594
5899,512,37708,73.648438
5900,512,39459,77.068359
5901,512,37542,73.324219
5902,512,37833,73.892578
5903,512,38334,74.871094
5904,512,38791,75.763672
5905,512,40584,79.265625
5906,512,38583,75.357422
5907,512,38125,74.462891
5908,512,40667,79.427734
5909,512,37916,74.054688
5910,512,37958,74.136719
5911,512,38584,75.359375
5912,512,37375,72.998047
5913,512,41292,80.648438
5914,512,38541,75.275391
5915,512,40375,78.857422
5916,512,40334,78.777344
5917,512,38750,75.683594
5918,512,39333,76.822266
5919,512,40583,79.263672
5920,512,39459,77.068359
5921,512,38375,74.951172
5922,512,37125,72.509766
5923,512,39083,76.333984
5924,512,38000,74.218750
5925,512,38458,75.113281
5926,512,38625,75.439453
5927,512,39833,77.798828
5928,512,39042,76.253906
5929,512,51083,99.771484
5930,512,39875,77.880859
5931,512,39625,77.392578
5932,512,45250,88.378906
5933,512,36791,71.857422
5934,512,37417,73.080078
5935,512,42667,83.333984
5936,512,38250,74.707031
5937,512,36542,71.371094
5938,512,38291,74.787109
5939,512,42250,82.519531
5940,512,39458,77.066406
5941,512,39083,76.333984
5942,512,44667,87.240234
5943,512,48250,94.238281
5944,512,43708,85.367188
5945,512,35958,70.230469
5946,512,35167,68.685547
5947,512,35542,69.417969
5948,512,33542,65.511719
5949,512,35583,69.498047
5950,512,37875,73.974609
5951,512,48125,93.994141
5952,512,40833,79.751953
5953,512,33208,64.859375
5954,512,33834,66.082031
5955,512,34459,67.302734
5956,512,34667,67.708984
5957,512,38375,74.951172
5958,512,36250,70.800781
5959,512,49875,97.412109
5960,512,40959,79.998047
5961,512,34833,68.033203
5962,512,35041,68.439453
5963,512,41792,81.625000
5964,512,35208,68.765625
5965,512,34625,67.626953
5966,512,37208,72.671875
5967,512,34417,67.220703
5968,512,34541,67.462891
5969,512,33875,66.162109
5970,512,34750,67.871094
5971,512,36000,70.312500
5972,512,36625,71.533203
5973,512,43625,85.205078
5974,512,39750,77.636719
5975,512,34916,68.195312
5976,512,34167,66.732422
5977,512,33625,65.673828
5978,512,34875,68.115234
5979,512,36042,70.394531
5980,512,36166,70.636719
5981,512,35958,70.230469
5982,512,38500,75.195312
5983,512,38375,74.951172
5984,512,37333,72.916016
5985,512,37792,73.812500
5986,512,35917,70.150391
5987,512,36292,70.882812
5988,512,37042,72.347656
5989,512,38916,76.007812
5990,512,38167,74.544922
5991,512,36917,72.103516
5992,512,37459,73.162109
5993,512,36042,70.394531
5994,512,37208,72.671875
5995,512,42625,83.251953
5996,512,47125,92.041016
5997,512,55083,107.583984
5998,512,46333,90.494141
5999,512,49000,95.703125
6000,512,40500,79.101562
6001,512,39333,76.822266
6002,512,46250,90.332031
6003,512,49292,96.273438
6004,512,48709,95.134766
6005,512,42458,82.925781
6006,512,48375,94.482422
6007,512,41041,80.158203
6008,512,48209,94.158203
6009,512,42125,82.275391
6010,512,38583,75.357422
6011,512,43000,83.984375
6012,512,38750,75.683594
6013,512,41250,80.566406
6014,512,45042,87.972656
6015,512,44292,86.507812
6016,512,43125,84.228516
6017,512,47833,93.423828
6018,512,44333,86.587891
6019,512,47042,91.878906
6020,512,35084,68.523438
6021,512,36000,70.312500
6022,512,34209,66.814453
6023,512,35333,69.009766
6024,512,32833,64.126953
6025,512,34166,66.730469
6026,512,34084,66.570312
6027,512,33916,66.242188
6028,512,33500,65.429688
6029,512,34541,67.462891
6030,512,38250,74.707031
6031,512,35875,70.068359
6032,512,36125,70.556641
6033,512,36916,72.101562
6034,512,36875,72.021484
6035,512,37125,72.509766
6036,512,36167,70.638672
6037,512,37375,72.998047
6038,512,36458,71.207031
6039,512,41209,80.486328
6040,512,37000,72.265625
6041,512,37500,73.242188
6042,512,35959,70.232422
6043,512,35792,69.906250
6044,512,35916,70.148438
6045,512,36292,70.882812
6046,512,38750,75.683594
6047,512,40125,78.369141
6048,512,39291,76.740234
6049,512,37959,74.138672
6050,512,38375,74.951172
6051,512,35625,69.580078
6052,512,37417,73.080078
6053,512,36208,70.718750
6054,512,37792,73.812500
6055,512,45375,88.623047
6056,512,35542,69.417969
6057,512,36416,71.125000
6058,512,37542,73.324219
6059,512,35625,69.580078
6060,512,36417,71.126953
6061,512,37000,72.265625
6062,512,38041,74.298828
6063,512,37084,72.429688
6064,512,37166,72.589844
6065,512,37583,73.404297
6066,512,35500,69.335938
6067,512,36458,71.207031
6068,512,37667,73.568359
6069,512,36542,71.371094
6070,512,35833,69.986328
6071,512,37625,73.486328
6072,512,37125,72.509766
6073,512,36708,71.695312
6074,512,35750,69.824219
6075,512,35542,69.417969
6076,512,36208,70.718750
6077,512,35333,69.009766
6078,512,35667,69.662109
6079,512,43083,84.146484
6080,512,41000,80.078125
6081,512,36000,70.312500
6082,512,40917,79.916016
6083,512,37708,73.648438
6084,512,37458,73.160156
6085,512,36083,70.474609
6086,512,36458,71.207031
6087,512,41417,80.892578
6088,512,45167,88.216797
6089,512,48625,94.970703
6090,512,37084,72.429688
6091,512,41459,80.974609
6092,512,38375,74.951172
6093,512,44916,87.726562
6094,512,43459,84.880859
6095,512,40875,79.833984
6096,512,41083,80.240234
6097,512,44916,87.726562
6098,512,38292,74.789062
6099,512,37959,74.138672
6100,512,43875,85.693359
6101,512,37834,73.894531
6102,512,40666,79.425781
6103,512,37792,73.812500
6104,512,39125,76.416016
6105,512,37333,72.916016
6106,512,39000,76.171875
6107,512,39875,77.880859
6108,512,37500,73.242188
6109,512,37292,72.835938
6110,512,38042,74.300781
6111,512,38875,75.927734
6112,512,36125,70.556641
6113,512,34125,66.650391
6114,512,37042,72.347656
6115,512,37416,73.078125
6116,512,39334,76.824219
6117,512,36833,71.939453
6118,512,35708,69.742188
6119,512,37000,72.265625
6120,512,37417,73.080078
6121,512,38375,74.951172
6122,512,36125,70.556641
6123,512,37209,72.673828
6124,512,37208,72.671875
6125,512,38458,75.113281
6126,512,38334,74.871094
6127,512,37250,72.753906
6128,512,37542,73.324219
6129,512,38792,75.765625
6130,512,38083,74.380859
6131,512,40958,79.996094
6132,512,39375,76.904297
6133,512,37916,74.054688
6134,512,38250,74.707031
6135,512,38750,75.683594
6136,512,35833,69.986328
6137,512,38250,74.707031
6138,512,37500,73.242188
6139,512,38000,74.218750
6140,512,37792,73.812500
6141,512,38583,75.357422
6142,512,37292,72.835938
6143,512,38125,74.462891
6144,512,39875,77.880859
6145,512,39458,77.066406
6146,512,38875,75.927734
6147,512,38042,74.300781
6148,512,36875,72.021484
6149,512,38084,74.382812
6150,512,38083,74.380859
6151,512,39708,77.554688
6152,512,37875,73.974609
6153,512,38500,75.195312
6154,512,37958,74.136719
6155,512,41750,81.542969
6156,512,37541,73.322266
6157,512,37584,73.406250
6158,512,38750,75.683594
6159,512,39583,77.310547
6160,512,41666,81.378906
6161,512,38750,75.683594
6162,512,42292,82.601562
6163,512,41083,80.240234
6164,512,38834,75.847656
6165,512,38125,74.462891
6166,512,37000,72.265625
6167,512,37250,72.753906
6168,512,37792,73.812500
6169,512,42583,83.169922
6170,512,36625,71.533203
6171,512,37584,73.406250
6172,512,40125,78.369141
6173,512,39334,76.824219
6174,512,38291,74.787109
6175,512,38167,74.544922
6176,512,37584,73.406250
6177,512,36875,72.021484
6178,512,38083,74.380859
6179,512,38417,75.033203
6180,512,37250,72.753906
6181,512,38083,74.380859
6182,512,37667,73.568359
6183,512,37583,73.404297
6184,512,37042,72.347656
6185,512,36000,70.312500
6186,512,38125,74.462891
6187,512,38792,75.765625
6188,512,40667,79.427734
6189,512,44000,85.937500
6190,512,38500,75.195312
6191,512,40875,79.833984
6192,512,42042,82.113281
6193,512,39708,77.554688
6194,512,38791,75.763672
6195,512,41792,81.625000
6196,512,37291,72.833984
6197,512,51584,100.750000
6198,512,39875,77.880859
6199,512,43833,85.611328
6200,512,37500,73.242188
6201,512,37291,72.833984
6202,512,41125,80.322266
6203,512,37750,73.730469
6204,512,36750,71.777344
6205,512,41791,81.623047
6206,512,38000,74.218750
6207,512,36750,71.777344
6208,512,37041,72.345703
6209,512,37208,72.671875
6210,512,44667,87.240234
6211,512,65458,127.847656
6212,512,59125,115.478516
6213,512,41584,81.218750
6214,512,39209,76.580078
6215,512,38125,74.462891
6216,512,46667,91.146484
6217,512,58875,114.990234
6218,512,38667,75.521484
6219,512,48666,95.050781
6220,512,57375,112.060547
6221,512,45500,88.867188
6222,512,44958,87.808594
6223,512,51542,100.667969
6224,512,42750,83.496094
6225,512,47500,92.773438
6226,512,40458,79.019531
6227,512,44167,86.263672
6228,512,49750,97.167969
6229,512,47041,91.876953
6230,512,52333,102.212891
6231,512,45375,88.623047
6232,512,52125,101.806641
6233,512,49792,97.250000
6234,512,44792,87.484375
6235,512,40250,78.613281
6236,512,38875,75.927734
6237,512,39500,77.148438
6238,512,39333,76.822266
6239,512,37792,73.812500
6240,512,37208,72.671875
6241,512,40417,78.939453
6242,512,39208,76.578125
6243,512,39458,77.066406
6244,512,43084,84.148438
6245,512,39625,77.392578
6246,512,37334,72.917969
6247,512,37666,73.566406
6248,512,38542,75.277344
6249,512,40083,78.287109
6250,512,40250,78.613281
6251,512,36875,72.021484
6252,512,37250,72.753906
6253,512,37917,74.056641
6254,512,39333,76.822266
6255,512,36958,72.183594
6256,512,37833,73.892578
6257,512,37875,73.974609
6258,512,39667,77.474609
6259,512,37708,73.648438
6260,512,38750,75.683594
6261,512,36750,71.777344
6262,512,36833,71.939453
6263,512,40083,78.287109
6264,512,40208,78.531250
6265,512,37000,72.265625
6266,512,36125,70.556641
6267,512,38875,75.927734
6268,512,39000,76.171875
6269,512,37083,72.427734
6270,512,39250,76.660156
6271,512,36292,70.882812
6272,512,38750,75.683594
6273,512,36542,71.371094
6274,512,36917,72.103516
6275,512,37083,72.427734
6276,512,39458,77.066406
6277,512,39792,77.718750
6278,512,37666,73.566406
6279,512,38292,74.789062
6280,512,39208,76.578125
6281,512,38167,74.544922
6282,512,43541,85.041016
6283,512,37542,73.324219
6284,512,38125,74.462891
6285,512,39541,77.228516
6286,512,39167,76.498047
6287,512,39625,77.392578
6288,512,38041,74.298828
6289,512,40542,79.183594
6290,512,42208,82.437500
6291,512,38917,76.009766
6292,512,43500,84.960938
6293,512,44459,86.833984
6294,512,37250,72.753906
6295,512,35500,69.335938
6296,512,35167,68.685547
6297,512,38291,74.787109
6298,512,44000,85.937500
6299,512,41542,81.136719
6300,512,44916,87.726562
6301,512,38583,75.357422
6302,512,43125,84.228516
6303,512,38542,75.277344
6304,512,40167,78.451172
6305,512,38750,75.683594
6306,512,40792,79.671875
6307,512,48750,95.214844
6308,512,43750,85.449219
6309,512,43375,84.716797
6310,512,42334,82.683594
6311,512,39750,77.636719
6312,512,36167,70.638672
6313,512,39917,77.962891
6314,512,37250,72.753906
6315,512,39708,77.554688
6316,512,37292,72.835938
6317,512,42125,82.275391
6318,512,38709,75.603516
6319,512,39458,77.066406
6320,512,39416,76.984375
6321,512,39709,77.556641
6322,512,41834,81.707031
6323,512,39875,77.880859
6324,512,38334,74.871094
6325,512,39542,77.230469
6326,512,40208,78.531250
6327,512,40167,78.451172
6328,512,37709,73.650391
6329,512,39875,77.880859
6330,512,37000,72.265625
6331,512,38542,75.277344
6332,512,38666,75.519531
6333,512,39875,77.880859
6334,512,39875,77.880859
6335,512,40625,79.345703
6336,512,39042,76.253906
6337,512,39667,77.474609
6338,512,41416,80.890625
6339,512,37167,72.591797
6340,512,39000,76.171875
6341,512,38500,75.195312
6342,512,38666,75.519531
6343,512,38709,75.603516
6344,512,39375,76.904297
6345,512,39666,77.472656
6346,512,38292,74.789062
6347,512,39667,77.474609
6348,512,48667,95.052734
6349,512,43875,85.693359
6350,512,40625,79.345703
6351,512,39792,77.718750
6352,512,39375,76.904297
6353,512,50167,97.982422
6354,512,42041,82.111328
6355,512,42083,82.193359
6356,512,40500,79.101562
6357,512,38167,74.544922
6358,512,39083,76.333984
6359,512,39625,77.392578
6360,512,48709,95.134766
6361,512,44458,86.832031
6362,512,43583,85.123047
6363,512,43458,84.878906
6364,512,39042,76.253906
6365,512,36917,72.103516
6366,512,38125,74.462891
6367,512,37500,73.242188
6368,512,37917,74.056641
6369,512,41500,81.054688
6370,512,38000,74.218750
6371,512,36667,71.615234
6372,512,36750,71.777344
6373,512,35750,69.824219
6374,512,39416,76.984375
6375,512,39959,78.044922
6376,512,44041,86.017578
6377,512,44834,87.566406
6378,512,43416,84.796875
6379,512,38500,75.195312
6380,512,38209,74.626953
6381,512,42875,83.740234
6382,512,40084,78.289062
6383,512,51333,100.259766
6384,512,41083,80.240234
6385,512,39667,77.474609
6386,512,40542,79.183594
6387,512,37958,74.136719
6388,512,38667,75.521484
6389,512,36666,71.613281
6390,512,37500,73.242188
6391,512,41500,81.054688
6392,512,36833,71.939453
6393,512,46666,91.144531
6394,512,43125,84.228516
6395,512,38542,75.277344
6396,512,40125,78.369141
6397,512,36375,71.044922
6398,512,35250,68.847656
6399,512,37125,72.509766
6400,512,35458,69.253906
6401,512,36958,72.183594
6402,512,38167,74.544922
6403,512,37958,74.136719
6404,512,37917,74.056641
6405,512,38500,75.195312
6406,512,38708,75.601562
6407,512,38000,74.218750
6408,512,39666,77.472656
6409,512,36708,71.695312
6410,512,37250,72.753906
6411,512,39625,77.392578
6412,512,37791,73.810547
6413,512,38209,74.626953
6414,512,36542,71.371094
6415,512,39625,77.392578
6416,512,41791,81.623047
6417,512,56792,110.921875
6418,512,44792,87.484375
6419,512,41625,81.298828
6420,512,50292,98.226562
6421,512,43208,84.390625
6422,512,45542,88.949219
6423,512,37708,73.648438
6424,512,44833,87.564453
6425,512,49500,96.679688
6426,512,48792,95.296875
6427,512,46000,89.843750
6428,512,38792,75.765625
6429,512,42459,82.927734
6430,512,40750,79.589844
6431,512,44125,86.181641
6432,512,45292,88.460938
6433,512,40500,79.101562
6434,512,47708,93.179688
6435,512,45417,88.705078
6436,512,38125,74.462891
6437,512,35125,68.603516
6438,512,37750,73.730469
6439,512,36125,70.556641
6440,512,36917,72.103516
6441,512,37250,72.753906
6442,512,37625,73.486328
6443,512,36833,71.939453
6444,512,37083,72.427734
6445,512,38000,74.218750
6446,512,38708,75.601562
6447,512,39083,76.333984
6448,512,40167,78.451172
6449,512,37542,73.324219
6450,512,37625,73.486328
6451,512,38000,74.218750
6452,512,36833,71.939453
6453,512,36708,71.695312
6454,512,39959,78.044922
6455,512,38833,75.845703
6456,512,38083,74.380859
6457,512,38959,76.091797
6458,512,39917,77.962891
6459,512,38041,74.298828
6460,512,37584,73.406250
6461,512,37000,72.265625
6462,512,37333,72.916016
6463,512,36291,70.880859
6464,512,38625,75.439453
6465,512,35916,70.148438
6466,512,36334,70.964844
6467,512,36541,71.369141
6468,512,36709,71.697266
6469,512,38208,74.625000
6470,512,37583,73.404297
6471,512,38000,74.218750
6472,512,39458,77.066406
6473,512,38084,74.382812
6474,512,35833,69.986328
6475,512,37000,72.265625
6476,512,39416,76.984375
6477,512,38209,74.626953
6478,512,35875,70.068359
6479,512,36459,71.208984
6480,512,39541,77.228516
6481,512,36334,70.964844
6482,512,36750,71.777344
6483,512,37083,72.427734
6484,512,36666,71.613281
6485,512,37750,73.730469
6486,512,38417,75.033203
6487,512,37250,72.753906
6488,512,37417,73.080078
6489,512,38375,74.951172
6490,512,43958,85.855469
6491,512,42000,82.031250
6492,512,38958,76.089844
6493,512,39792,77.718750
6494,512,41167,80.404297
6495,512,37041,72.345703
6496,512,38375,74.951172
6497,512,39084,76.335938
6498,512,39500,77.148438
6499,512,37750,73.730469
6500,512,38250,74.707031
6501,512,37917,74.056641
6502,512,39417,76.986328
6503,512,39333,76.822266
6504,512,41167,80.404297
6505,512,40291,78.693359
6506,512,38834,75.847656
6507,512,39458,77.066406
6508,512,40167,78.451172
6509,512,38916,76.007812
6510,512,42833,83.658203
6511,512,42542,83.089844
6512,512,48708,95.132812
6513,512,41042,80.160156
6514,512,39916,77.960938
6515,512,41584,81.218750
6516,512,38833,75.845703
6517,512,38833,75.845703
6518,512,40667,79.427734
6519,512,41375,80.810547
6520,512,39125,76.416016
6521,512,42000,82.031250
6522,512,43333,84.634766
6523,512,40750,79.589844
6524,512,59500,116.210938
6525,512,36958,72.183594
6526,512,37125,72.509766
6527,512,35000,68.359375
6528,512,35250,68.847656
6529,512,35666,69.660156
6530,512,34167,66.732422
6531,512,34750,67.871094
6532,512,34333,67.056641
6533,512,34166,66.730469
6534,512,33125,64.697266
6535,512,33416,65.265625
6536,512,35209,68.767578
6537,512,35500,69.335938
6538,512,34292,66.976562
6539,512,34500,67.382812
6540,512,36834,71.941406
6541,512,35958,70.230469
6542,512,34416,67.218750
6543,512,34375,67.138672
6544,512,34667,67.708984
6545,512,36625,71.533203
6546,512,36250,70.800781
6547,512,34875,68.115234
6548,512,34291,66.974609
6549,512,33625,65.673828
6550,512,34792,67.953125
6551,512,34625,67.626953
6552,512,36333,70.962891
6553,512,34500,67.382812
6554,512,35250,68.847656
6555,512,35458,69.253906
6556,512,36917,72.103516
6557,512,36291,70.880859
6558,512,34875,68.115234
6559,512,34750,67.871094
6560,512,35333,69.009766
6561,512,34625,67.626953
6562,512,34625,67.626953
6563,512,33375,65.185547
6564,512,36250,70.800781
6565,512,36042,70.394531
6566,512,33875,66.162109
6567,512,36208,70.718750
6568,512,35292,68.929688
6569,512,33375,65.185547
6570,512,34500,67.382812
6571,512,34250,66.894531
6572,512,35458,69.253906
6573,512,35334,69.011719
6574,512,33791,65.998047
6575,512,34750,67.871094
6576,512,35625,69.580078
6577,512,35917,70.150391
6578,512,36292,70.882812
6579,512,36625,71.533203
6580,512,35875,70.068359
6581,512,35583,69.498047
6582,512,35375,69.091797
6583,512,33958,66.324219
6584,512,36917,72.103516
6585,512,35833,69.986328
6586,512,34583,67.544922
6587,512,34625,67.626953
6588,512,34333,67.056641
6589,512,33958,66.324219
6590,512,33750,65.917969
6591,512,34666,67.707031
6592,512,34583,67.544922
6593,512,36667,71.615234
6594,512,33708,65.835938
6595,512,34250,66.894531
6596,512,35125,68.603516
6597,512,40041,78.205078
6598,512,39625,77.392578
6599,512,35458,69.253906
6600,512,35958,70.230469
6601,512,35875,70.068359
6602,512,33667,65.755859
6603,512,34416,67.218750
6604,512,35375,69.091797
6605,512,33083,64.615234
6606,512,35291,68.927734
6607,512,35333,69.009766
6608,512,36959,72.185547
6609,512,36000,70.312500
6610,512,33625,65.673828
6611,512,35875,70.068359
6612,512,34834,68.035156
6613,512,34625,67.626953
6614,512,36750,71.777344
6615,512,36000,70.312500
6616,512,34291,66.974609
6617,512,35875,70.068359
6618,512,35792,69.906250
6619,512,35417,69.173828
6620,512,33959,66.326172
6621,512,32708,63.882812
6622,512,35750,69.824219
6623,512,34292,66.976562
6624,512,35458,69.253906
6625,512,34750,67.871094
6626,512,35333,69.009766
6627,512,34000,66.406250
6628,512,34709,67.791016
6629,512,33541,65.509766
6630,512,34459,67.302734
6631,512,33958,66.324219
6632,512,34375,67.138672
6633,512,34250,66.894531
6634,512,34792,67.953125
6635,512,34792,67.953125
6636,512,33208,64.859375
6637,512,34208,66.812500
6638,512,34417,67.220703
6639,512,36583,71.451172
6640,512,35792,69.906250
6641,512,33791,65.998047
6642,512,35125,68.603516
6643,512,34750,67.871094
6644,512,33458,65.347656
6645,512,34334,67.058594
6646,512,44083,86.099609
6647,512,47583,92.935547
6648,512,45042,87.972656
6649,512,39541,77.228516
6650,512,38375,74.951172
6651,512,38333,74.869141
6652,512,40958,79.996094
6653,512,38667,75.521484
6654,512,35083,68.521484
6655,512,36042,70.394531
6656,512,36125,70.556641
6657,512,38000,74.218750
6658,512,37667,73.568359
6659,512,36583,71.451172
6660,512,37292,72.835938
6661,512,37416,73.078125
6662,512,33500,65.429688
6663,512,35375,69.091797
6664,512,34958,68.277344
6665,512,37042,72.347656
6666,512,34583,67.544922
6667,512,34750,67.871094
6668,512,34792,67.953125
6669,512,33625,65.673828
6670,512,36834,71.941406
6671,512,35375,69.091797
6672,512,34708,67.789062
6673,512,38208,74.625000
6674,512,35667,69.662109
6675,512,35000,68.359375
6676,512,35334,69.011719
6677,512,34250,66.894531
6678,512,36334,70.964844
6679,512,36125,70.556641
6680,512,37541,73.322266
6681,512,35334,69.011719
6682,512,37167,72.591797
6683,512,36542,71.371094
6684,512,34458,67.300781
6685,512,36958,72.183594
6686,512,35625,69.580078
6687,512,35458,69.253906
6688,512,35625,69.580078
6689,512,36542,71.371094
6690,512,36750,71.777344
6691,512,35583,69.498047
6692,512,35250,68.847656
6693,512,34750,67.871094
6694,512,34500,67.382812
6695,512,33542,65.511719
6696,512,32500,63.476562
6697,512,34792,67.953125
6698,512,34833,68.033203
6699,512,34542,67.464844
6700,512,33500,65.429688
6701,512,34916,68.195312
6702,512,37125,72.509766
6703,512,37375,72.998047
6704,512,37959,74.138672
6705,512,36208,70.718750
6706,512,37417,73.080078
6707,512,36792,71.859375
6708,512,37375,72.998047
6709,512,39666,77.472656
6710,512,39667,77.474609
6711,512,37542,73.324219
6712,512,37000,72.265625
6713,512,38458,75.113281
6714,512,37833,73.892578
6715,512,39416,76.984375
6716,512,37542,73.324219
6717,512,36667,71.615234
6718,512,35791,69.904297
6719,512,37833,73.892578
6720,512,36875,72.021484
6721,512,36875,72.021484
6722,512,37000,72.265625
6723,512,38625,75.439453
6724,512,35667,69.662109
6725,512,36416,71.125000
6726,512,36917,72.103516
6727,512,37958,74.136719
6728,512,40000,78.125000
6729,512,38209,74.626953
6730,512,38167,74.544922
6731,512,36500,71.289062
6732,512,38042,74.300781
6733,512,37209,72.673828
6734,512,37416,73.078125
6735,512,39084,76.335938
6736,512,35833,69.986328
6737,512,36375,71.044922
6738,512,35291,68.927734
6739,512,36709,71.697266
6740,512,37833,73.892578
6741,512,36375,71.044922
6742,512,43500,84.960938
6743,512,38042,74.300781
6744,512,37584,73.406250
6745,512,36500,71.289062
6746,512,41708,81.460938
6747,512,39708,77.554688
6748,512,46292,90.414062
6749,512,42709,83.416016
6750,512,37833,73.892578
6751,512,38833,75.845703
6752,512,46667,91.146484
6753,512,42458,82.925781
6754,512,38083,74.380859
6755,512,38041,74.298828
6756,512,37833,73.892578
6757,512,38375,74.951172
6758,512,39834,77.800781
6759,512,39000,76.171875
6760,512,39417,76.986328
6761,512,37875,73.974609
6762,512,38791,75.763672
6763,512,39042,76.253906
6764,512,39625,77.392578
6765,512,38541,75.275391
6766,512,38208,74.625000
6767,512,45292,88.460938
6768,512,39542,77.230469
6769,512,39250,76.660156
6770,512,38125,74.462891
6771,512,41250,80.566406
6772,512,47000,91.796875
6773,512,38792,75.765625
6774,512,38125,74.462891
6775,512,39666,77.472656
6776,512,44542,86.996094
6777,512,44083,86.099609
6778,512,40750,79.589844
6779,512,39875,77.880859
6780,512,38625,75.439453
6781,512,35458,69.253906
6782,512,37834,73.894531
6783,512,63291,123.615234
6784,512,50458,98.550781
6785,512,38542,75.277344
6786,512,37584,73.406250
6787,512,40875,79.833984
6788,512,38208,74.625000
6789,512,38958,76.089844
6790,512,38167,74.544922
6791,512,38750,75.683594
6792,512,37625,73.486328
6793,512,37166,72.589844
6794,512,38584,75.359375
6795,512,37333,72.916016
6796,512,39625,77.392578
6797,512,39625,77.392578
6798,512,39666,77.472656
6799,512,37834,73.894531
6800,512,39917,77.962891
6801,512,36875,72.021484
6802,512,37292,72.835938
6803,512,38000,74.218750
6804,512,37500,73.242188
6805,512,36250,70.800781
6806,512,37500,73.242188
6807,512,38500,75.195312
6808,512,38250,74.707031
6809,512,39791,77.716797
6810,512,39459,77.068359
6811,512,37208,72.671875
6812,512,41375,80.810547
6813,512,37250,72.753906
6814,512,38167,74.544922
6815,512,37041,72.345703
6816,512,37667,73.568359
6817,512,39125,76.416016
6818,512,39375,76.904297
6819,512,39792,77.718750
6820,512,38166,74.542969
6821,512,38500,75.195312
6822,512,38250,74.707031
6823,512,39042,76.253906
6824,512,36708,71.695312
6825,512,41167,80.404297
6826,512,44208,86.343750
6827,512,40041,78.205078
6828,512,38000,74.218750
6829,512,38417,75.033203
6830,512,38042,74.300781
6831,512,40083,78.287109
6832,512,39500,77.148438
6833,512,40208,78.531250
6834,512,40209,78.533203
6835,512,37834,73.894531
6836,512,48166,94.074219
6837,512,42584,83.171875
6838,512,37083,72.427734
6839,512,39250,76.660156
6840,512,38333,74.869141
6841,512,36917,72.103516
6842,512,38791,75.763672
6843,512,40500,79.101562
6844,512,39833,77.798828
6845,512,49542,96.761719
6846,512,41292,80.648438
6847,512,39166,76.496094
6848,512,37167,72.591797
6849,512,37750,73.730469
6850,512,40125,78.369141
6851,512,38625,75.439453
6852,512,37542,73.324219
6853,512,37041,72.345703
6854,512,40709,79.509766
6855,512,38083,74.380859
6856,512,39125,76.416016
6857,512,36750,71.777344
6858,512,37416,73.078125
6859,512,36000,70.312500
6860,512,39333,76.822266
6861,512,40167,78.451172
6862,512,39708,77.554688
6863,512,39417,76.986328
6864,512,38791,75.763672
6865,512,36000,70.312500
6866,512,38250,74.707031
6867,512,39250,76.660156
6868,512,37000,72.265625
6869,512,38208,74.625000
6870,512,37292,72.835938
6871,512,37959,74.138672
6872,512,37375,72.998047
6873,512,38583,75.357422
6874,512,38292,74.789062
6875,512,37917,74.056641
6876,512,37333,72.916016
6877,512,37833,73.892578
6878,512,38583,75.357422
6879,512,37917,74.056641
6880,512,38417,75.033203
6881,512,36750,71.777344
6882,512,37709,73.650391
6883,512,37833,73.892578
6884,512,38291,74.787109
6885,512,38167,74.544922
6886,512,38167,74.544922
6887,512,37958,74.136719
6888,512,36042,70.394531
6889,512,37416,73.078125
6890,512,36292,70.882812
6891,512,36542,71.371094
6892,512,37917,74.056641
6893,512,37667,73.568359
6894,512,36500,71.289062
6895,512,37583,73.404297
6896,512,38625,75.439453
6897,512,39500,77.148438
6898,512,38583,75.357422
6899,512,37583,73.404297
6900,512,39916,77.960938
6901,512,37375,72.998047
6902,512,38417,75.033203
6903,512,38917,76.009766
6904,512,37750,73.730469
6905,512,39875,77.880859
6906,512,38292,74.789062
6907,512,37583,73.404297
6908,512,37375,72.998047
6909,512,39000,76.171875
6910,512,38083,74.380859
6911,512,43250,84.472656
6912,512,43542,85.042969
6913,512,37875,73.974609
6914,512,36125,70.556641
6915,512,35375,69.091797
6916,512,37625,73.486328
6917,512,37625,73.486328
6918,512,41541,81.134766
6919,512,35250,68.847656
6920,512,38084,74.382812
6921,512,38375,74.951172
6922,512,38166,74.542969
6923,512,36750,71.777344
6924,512,37083,72.427734
6925,512,37167,72.591797
6926,512,38458,75.113281
6927,512,37667,73.568359
6928,512,36041,70.392578
6929,512,38834,75.847656
6930,512,36458,71.207031
6931,512,36125,70.556641
6932,512,36500,71.289062
6933,512,36375,71.044922
6934,512,36375,71.044922
6935,512,37917,74.056641
6936,512,36500,71.289062
6937,512,37917,74.056641
6938,512,36417,71.126953
6939,512,36083,70.474609
6940,512,38083,74.380859
6941,512,39917,77.962891
6942,512,38292,74.789062
6943,512,37291,72.833984
6944,512,38250,74.707031
6945,512,37542,73.324219
6946,512,36958,72.183594
6947,512,36458,71.207031
6948,512,38167,74.544922
6949,512,40458,79.019531
6950,512,40416,78.937500
6951,512,37875,73.974609
6952,512,37750,73.730469
6953,512,38125,74.462891
6954,512,50875,99.365234
6955,512,36875,72.021484
6956,512,36750,71.777344
6957,512,36208,70.718750
6958,512,36167,70.638672
6959,512,38500,75.195312
6960,512,37916,74.054688
6961,512,37125,72.509766
6962,512,36125,70.556641
6963,512,36542,71.371094
6964,512,38167,74.544922
6965,512,35542,69.417969
6966,512,38750,75.683594
6967,512,36042,70.394531
6968,512,35000,68.359375
6969,512,36459,71.208984
6970,512,36208,70.718750
6971,512,36833,71.939453
6972,512,38500,75.195312
6973,512,38167,74.544922
6974,512,39208,76.578125
6975,512,36833,71.939453
6976,512,35583,69.498047
6977,512,37209,72.673828
6978,512,37459,73.162109
6979,512,36667,71.615234
6980,512,38500,75.195312
6981,512,36416,71.125000
6982,512,36250,70.800781
6983,512,36583,71.451172
6984,512,37167,72.591797
6985,512,38459,75.115234
6986,512,38292,74.789062
6987,512,36625,71.533203
6988,512,36542,71.371094
6989,512,38250,74.707031
6990,512,37750,73.730469
6991,512,38167,74.544922
6992,512,36792,71.859375
6993,512,36458,71.207031
6994,512,36125,70.556641
6995,512,36167,70.638672
6996,512,35875,70.068359
6997,512,37709,73.650391
6998,512,37083,72.427734
6999,512,38000,74.218750
7000,512,36041,70.392578
7001,512,36542,71.371094
7002,512,37000,72.265625
7003,512,37208,72.671875
7004,512,36042,70.394531
7005,512,36667,71.615234
7006,512,38583,75.357422
7007,512,37917,74.056641
7008,512,37166,72.589844
7009,512,37250,72.753906
7010,512,39791,77.716797
7011,512,37917,74.056641
7012,512,38458,75.113281
7013,512,36000,70.312500
7014,512,39125,76.416016
7015,512,35750,69.824219
7016,512,34625,67.626953
7017,512,35834,69.988281
7018,512,37167,72.591797
7019,512,36958,72.183594
7020,512,35750,69.824219
7021,512,36834,71.941406
7022,512,38791,75.763672
7023,512,39417,76.986328
7024,512,34083,66.568359
7025,512,36084,70.476562
7026,512,37209,72.673828
7027,512,37625,73.486328
7028,512,35875,70.068359
7029,512,36500,71.289062
7030,512,35958,70.230469
7031,512,37792,73.812500
7032,512,39583,77.310547
7033,512,38500,75.195312
7034,512,36500,71.289062
7035,512,37125,72.509766
7036,512,39417,76.986328
7037,512,39458,77.066406
7038,512,39292,76.742188
7039,512,37583,73.404297
7040,512,35500,69.335938
7041,512,36166,70.636719
7042,512,36125,70.556641
7043,512,35917,70.150391
7044,512,35750,69.824219
7045,512,36500,71.289062
7046,512,94750,185.058594
7047,512,40583,79.263672
7048,512,46959,91.716797
7049,512,38667,75.521484
7050,512,37500,73.242188
7051,512,33792,66.000000
7052,512,45416,88.703125
7053,512,44292,86.507812
7054,512,48750,95.214844
7055,512,39917,77.962891
7056,512,36458,71.207031
7057,512,35375,69.091797
7058,512,33833,66.080078
7059,512,33375,65.185547
7060,512,32958,64.371094
7061,512,33958,66.324219
7062,512,35167,68.685547
7063,512,35208,68.765625
7064,512,36917,72.103516
7065,512,34083,66.568359
7066,512,41500,81.054688
7067,512,35500,69.335938
7068,512,35208,68.765625
7069,512,35458,69.253906
7070,512,35709,69.744141
7071,512,35708,69.742188
7072,512,37083,72.427734
7073,512,37209,72.673828
7074,512,35166,68.683594
7075,512,38500,75.195312
7076,512,36875,72.021484
7077,512,48292,94.320312
7078,512,35916,70.148438
7079,512,33334,65.105469
7080,512,34375,67.138672
7081,512,34459,67.302734
7082,512,39209,76.580078
7083,512,34875,68.115234
7084,512,33416,65.265625
7085,512,34500,67.382812
7086,512,33750,65.917969
7087,512,34458,67.300781
7088,512,34959,68.279297
7089,512,35250,68.847656
7090,512,36334,70.964844
7091,512,35208,68.765625
7092,512,35375,69.091797
7093,512,34125,66.650391
7094,512,34417,67.220703
7095,512,35791,69.904297
7096,512,37208,72.671875
7097,512,37000,72.265625
7098,512,37917,74.056641
7099,512,38250,74.707031
7100,512,36417,71.126953
7101,512,37333,72.916016
7102,512,39041,76.251953
7103,512,44667,87.240234
7104,512,40041,78.205078
7105,512,37000,72.265625
7106,512,37792,73.812500
7107,512,38083,74.380859
7108,512,36208,70.718750
7109,512,36167,70.638672
7110,512,36750,71.777344
7111,512,36834,71.941406
7112,512,36916,72.101562
7113,512,37625,73.486328
7114,512,36708,71.695312
7115,512,38208,74.625000
7116,512,36458,71.207031
7117,512,36167,70.638672
7118,512,46208,90.250000
7119,512,38750,75.683594
7120,512,37334,72.917969
7121,512,38000,74.218750
7122,512,38834,75.847656
7123,512,35042,68.441406
7124,512,42542,83.089844
7125,512,37708,73.648438
7126,512,45750,89.355469
7127,512,40208,78.531250
7128,512,35166,68.683594
7129,512,36875,72.021484
7130,512,36792,71.859375
7131,512,36625,71.533203
7132,512,37792,73.812500
7133,512,35458,69.253906
7134,512,35292,68.929688
7135,512,38500,75.195312
7136,512,37667,73.568359
7137,512,38625,75.439453
7138,512,37208,72.671875
7139,512,38625,75.439453
7140,512,37125,72.509766
7141,512,35083,68.521484
7142,512,37625,73.486328
7143,512,38458,75.113281
7144,512,37500,73.242188
7145,512,36750,71.777344
7146,512,38000,74.218750
7147,512,35791,69.904297
7148,512,37500,73.242188
7149,512,34500,67.382812
7150,512,36500,71.289062
7151,512,37292,72.835938
7152,512,37291,72.833984
7153,512,35459,69.255859
7154,512,38166,74.542969
7155,512,44917,87.728516
7156,512,40542,79.183594
7157,512,39041,76.251953
7158,512,36417,71.126953
7159,512,37458,73.160156
7160,512,36041,70.392578
7161,512,36542,71.371094
7162,512,37041,72.345703
7163,512,37125,72.509766
7164,512,42917,83.822266
7165,512,38667,75.521484
7166,512,44625,87.158203
7167,512,41042,80.160156
7168,512,37750,73.730469
7169,512,37417,73.080078
7170,512,37250,72.753906
7171,512,35667,69.662109
7172,512,44416,86.750000
7173,512,38583,75.357422
7174,512,39542,77.230469
7175,512,39292,76.742188
7176,512,60500,118.164062
7177,512,47209,92.205078
7178,512,40916,79.914062
7179,512,41209,80.486328
7180,512,45250,88.378906
7181,512,39708,77.554688
7182,512,43208,84.390625
7183,512,42833,83.658203
7184,512,44625,87.158203
7185,512,43333,84.634766
7186,512,39375,76.904297
7187,512,39166,76.496094
7188,512,39292,76.742188
7189,512,40125,78.369141
7190,512,42000,82.031250
7191,512,41833,81.705078
7192,512,42292,82.601562
7193,512,40375,78.857422
7194,512,39459,77.068359
7195,512,39542,77.230469
7196,512,39875,77.880859
7197,512,38250,74.707031
7198,512,39916,77.960938
7199,512,39459,77.068359
7200,512,38000,74.218750
7201,512,39000,76.171875
7202,512,37666,73.566406
7203,512,38834,75.847656
7204,512,42875,83.740234
7205,512,41084,80.242188
7206,512,40500,79.101562
7207,512,37625,73.486328
7208,512,40000,78.125000
7209,512,40000,78.125000
7210,512,38958,76.089844
7211,512,39750,77.636719
7212,512,38000,74.218750
7213,512,40958,79.996094
7214,512,40791,79.669922
7215,512,38250,74.707031
7216,512,39208,76.578125
7217,512,40625,79.345703
7218,512,39667,77.474609
7219,512,38917,76.009766
7220,512,39708,77.554688
7221,512,40666,79.425781
7222,512,49708,97.085938
7223,512,61125,119.384766
7224,512,43416,84.796875
7225,512,37417,73.080078
7226,512,38041,74.298828
7227,512,53000,103.515625
7228,512,37959,74.138672
7229,512,39458,77.066406
7230,512,38750,75.683594
7231,512,38125,74.462891
7232,512,40833,79.751953
7233,512,38625,75.439453
7234,512,41792,81.625000
7235,512,36750,71.777344
7236,512,39083,76.333984
7237,512,45375,88.623047
7238,512,49625,96.923828
7239,512,40958,79.996094
7240,512,38709,75.603516
7241,512,40000,78.125000
7242,512,38875,75.927734
7243,512,38250,74.707031
7244,512,36750,71.777344
7245,512,38208,74.625000
7246,512,36417,71.126953
7247,512,35125,68.603516
7248,512,37500,73.242188
7249,512,35417,69.173828
7250,512,37333,72.916016
7251,512,43250,84.472656
7252,512,36375,71.044922
7253,512,36000,70.312500
7254,512,46291,90.412109
7255,512,36709,71.697266
7256,512,39500,77.148438
7257,512,37291,72.833984
7258,512,38375,74.951172
7259,512,40500,79.101562
7260,512,39333,76.822266
7261,512,39542,77.230469
7262,512,37542,73.324219
7263,512,38084,74.382812
7264,512,45333,88.541016
7265,512,41542,81.136719
7266,512,57250,111.816406
7267,512,44584,87.078125
7268,512,45791,89.435547
7269,512,45750,89.355469
7270,512,46209,90.251953
7271,512,45458,88.785156
7272,512,42917,83.822266
7273,512,44875,87.646484
7274,512,43416,84.796875
7275,512,49750,97.167969
7276,512,54917,107.259766
7277,512,52625,102.783203
7278,512,46750,91.308594
7279,512,42000,82.031250
7280,512,45500,88.867188
7281,512,40708,79.507812
7282,512,42750,83.496094
7283,512,39417,76.986328
7284,512,38292,74.789062
7285,512,37125,72.509766
7286,512,43125,84.228516
7287,512,48500,94.726562
7288,512,39916,77.960938
7289,512,40084,78.289062
7290,512,52542,102.621094
7291,512,44333,86.587891
7292,512,39666,77.472656
7293,512,36584,71.453125
7294,512,34292,66.976562
7295,512,35833,69.986328
7296,512,37209,72.673828
7297,512,40000,78.125000
7298,512,57292,111.898438
7299,512,46625,91.064453
7300,512,39417,76.986328
7301,512,40625,79.345703
7302,512,38584,75.359375
7303,512,41500,81.054688
7304,512,38625,75.439453
7305,512,40250,78.613281
7306,512,36375,71.044922
7307,512,37167,72.591797
7308,512,36625,71.533203
7309,512,37958,74.136719
7310,512,38125,74.462891
7311,512,37959,74.138672
7312,512,41042,80.160156
7313,512,44292,86.507812
7314,512,36875,72.021484
7315,512,36833,71.939453
7316,512,38708,75.601562
7317,512,38209,74.626953
7318,512,35833,69.986328
7319,512,39458,77.066406
7320,512,38042,74.300781
7321,512,38250,74.707031
7322,512,41666,81.378906
7323,512,37500,73.242188
7324,512,37708,73.648438
7325,512,36958,72.183594
7326,512,37417,73.080078
7327,512,37708,73.648438
7328,512,39209,76.580078
7329,512,35708,69.742188
7330,512,40083,78.287109
7331,512,45250,88.378906
7332,512,41250,80.566406
7333,512,37958,74.136719
7334,512,36500,71.289062
7335,512,36917,72.103516
7336,512,38416,75.031250
7337,512,37917,74.056641
7338,512,36209,70.720703
7339,512,37083,72.427734
7340,512,35750,69.824219
7341,512,38667,75.521484
7342,512,38916,76.007812
7343,512,37792,73.812500
7344,512,37083,72.427734
7345,512,37375,72.998047
7346,512,38667,75.521484
7347,512,41375,80.810547
7348,512,38125,74.462891
7349,512,37834,73.894531
7350,512,39541,77.228516
7351,512,38167,74.544922
7352,512,37750,73.730469
7353,512,39125,76.416016
7354,512,37292,72.835938
7355,512,36625,71.533203
7356,512,36000,70.312500
7357,512,37167,72.591797
7358,512,38167,74.544922
7359,512,36583,71.451172
7360,512,37000,72.265625
7361,512,35750,69.824219
7362,512,37459,73.162109
7363,512,38291,74.787109
7364,512,36792,71.859375
7365,512,40167,78.451172
7366,512,38083,74.380859
7367,512,40834,79.753906
7368,512,39959,78.044922
7369,512,42250,82.519531
7370,512,41333,80.728516
7371,512,47417,92.611328
7372,512,43417,84.798828
7373,512,45625,89.111328
7374,512,45959,89.763672
7375,512,38959,76.091797
7376,512,40834,79.753906
7377,512,41875,81.787109
7378,512,38625,75.439453
7379,512,39083,76.333984
7380,512,38500,75.195312
7381,512,40000,78.125000
7382,512,47459,92.693359
7383,512,40125,78.369141
7384,512,39791,77.716797
7385,512,42000,82.031250
7386,512,39125,76.416016
7387,512,39542,77.230469
7388,512,40625,79.345703
7389,512,46458,90.738281
7390,512,44958,87.808594
7391,512,39792,77.718750
7392,512,40333,78.775391
7393,512,40125,78.369141
7394,512,37584,73.406250
7395,512,39042,76.253906
7396,512,39083,76.333984
7397,512,37792,73.812500
7398,512,37250,72.753906
7399,512,39750,77.636719
7400,512,38833,75.845703
7401,512,39584,77.312500
7402,512,37833,73.892578
7403,512,37750,73.730469
7404,512,39541,77.228516
7405,512,36708,71.695312
7406,512,37500,73.242188
7407,512,40667,79.427734
7408,512,39166,76.496094
7409,512,38959,76.091797
7410,512,38458,75.113281
7411,512,36208,70.718750
7412,512,38375,74.951172
7413,512,37375,72.998047
7414,512,40042,78.207031
7415,512,37208,72.671875
7416,512,39750,77.636719
7417,512,38042,74.300781
7418,512,39333,76.822266
7419,512,37792,73.812500
7420,512,43000,83.984375
7421,512,38583,75.357422
7422,512,39125,76.416016
7423,512,43042,84.066406
7424,512,38417,75.033203
7425,512,39542,77.230469
7426,512,45916,89.679688
7427,512,45042,87.972656
7428,512,36958,72.183594
7429,512,39917,77.962891
7430,512,39083,76.333984
7431,512,41125,80.322266
7432,512,41541,81.134766
7433,512,38167,74.544922
7434,512,39541,77.228516
7435,512,38750,75.683594
7436,512,40541,79.181641
7437,512,41875,81.787109
7438,512,38834,75.847656
7439,512,40875,79.833984
7440,512,38417,75.033203
7441,512,38166,74.542969
7442,512,38542,75.277344
7443,512,39084,76.335938
7444,512,39167,76.498047
7445,512,44542,86.996094
7446,512,42375,82.763672
7447,512,36500,71.289062
7448,512,36084,70.476562
7449,512,39875,77.880859
7450,512,44083,86.099609
7451,512,45125,88.134766
7452,512,47833,93.423828
7453,512,43417,84.798828
7454,512,42709,83.416016
7455,512,43750,85.449219
7456,512,38000,74.218750
7457,512,47041,91.876953
7458,512,44708,87.320312
7459,512,38334,74.871094
7460,512,38333,74.869141
7461,512,42042,82.113281
7462,512,37875,73.974609
7463,512,38834,75.847656
7464,512,41958,81.949219
7465,512,37292,72.835938
7466,512,35583,69.498047
7467,512,37125,72.509766
7468,512,36250,70.800781
7469,512,37500,73.242188
7470,512,36458,71.207031
7471,512,38209,74.626953
7472,512,38708,75.601562
7473,512,53625,104.736328
7474,512,40583,79.263672
7475,512,37667,73.568359
7476,512,38125,74.462891
7477,512,38708,75.601562
7478,512,36709,71.697266
7479,512,37833,73.892578
7480,512,37500,73.242188
7481,512,36125,70.556641
7482,512,35917,70.150391
7483,512,36666,71.613281
7484,512,36667,71.615234
7485,512,37375,72.998047
7486,512,35125,68.603516
7487,512,38042,74.300781
7488,512,38291,74.787109
7489,512,38042,74.300781
7490,512,36125,70.556641
7491,512,39334,76.824219
7492,512,36459,71.208984
7493,512,37792,73.812500
7494,512,36292,70.882812
7495,512,37041,72.345703
7496,512,41667,81.380859
7497,512,43125,84.228516
7498,512,44958,87.808594
7499,512,37333,72.916016
7500,512,41625,81.298828
7501,512,37542,73.324219
7502,512,36250,70.800781
7503,512,37959,74.138672
7504,512,38291,74.787109
7505,512,39417,76.986328
7506,512,37625,73.486328
7507,512,38041,74.298828
7508,512,37000,72.265625
7509,512,37500,73.242188
7510,512,36959,72.185547
7511,512,43209,84.392578
7512,512,37709,73.650391
7513,512,41834,81.707031
7514,512,43250,84.472656
7515,512,38583,75.357422
7516,512,40208,78.531250
7517,512,44000,85.937500
7518,512,45042,87.972656
7519,512,45750,89.355469
7520,512,47666,93.097656
7521,512,41500,81.054688
7522,512,46084,90.007812
7523,512,45333,88.541016
7524,512,67208,131.265625
7525,512,42166,82.355469
7526,512,40500,79.101562
7527,512,49000,95.703125
7528,512,41750,81.542969
7529,512,38000,74.218750
7530,512,45500,88.867188
7531,512,45916,89.679688
7532,512,39917,77.962891
7533,512,38458,75.113281
7534,512,38709,75.603516
7535,512,38959,76.091797
7536,512,39041,76.251953
7537,512,38917,76.009766
7538,512,40541,79.181641
7539,512,38250,74.707031
7540,512,37459,73.162109
7541,512,37584,73.406250
7542,512,38708,75.601562
7543,512,39792,77.718750
7544,512,39417,76.986328
7545,512,38125,74.462891
7546,512,37208,72.671875
7547,512,41625,81.298828
7548,512,39000,76.171875
7549,512,40000,78.125000
7550,512,65125,127.197266
7551,512,46750,91.308594
7552,512,44458,86.832031
7553,512,37500,73.242188
7554,512,36667,71.615234
7555,512,37333,72.916016
7556,512,35042,68.441406
7557,512,44792,87.484375
7558,512,47334,92.449219
7559,512,37583,73.404297
7560,512,38750,75.683594
7561,512,41709,81.462891
7562,512,40375,78.857422
7563,512,42750,83.496094
7564,512,44000,85.937500
7565,512,64125,125.244141
7566,512,41958,81.949219
7567,512,38542,75.277344
7568,512,38375,74.951172
7569,512,38875,75.927734
7570,512,41833,81.705078
7571,512,42416,82.843750
7572,512,39875,77.880859
7573,512,38166,74.542969
7574,512,38917,76.009766
7575,512,39250,76.660156
7576,512,39875,77.880859
7577,512,37958,74.136719
7578,512,38334,74.871094
7579,512,43000,83.984375
7580,512,40542,79.183594
7581,512,39083,76.333984
7582,512,37791,73.810547
7583,512,37459,73.162109
7584,512,39417,76.986328
7585,512,36958,72.183594
7586,512,39084,76.335938
7587,512,39292,76.742188
7588,512,40000,78.125000
7589,512,39125,76.416016
7590,512,40458,79.019531
7591,512,40375,78.857422
7592,512,39417,76.986328
7593,512,38083,74.380859
7594,512,37959,74.138672
7595,512,41291,80.646484
7596,512,39208,76.578125
7597,512,37875,73.974609
7598,512,38875,75.927734
7599,512,39333,76.822266
7600,512,40375,78.857422
7601,512,41125,80.322266
7602,512,36916,72.101562
7603,512,38000,74.218750
7604,512,39208,76.578125
7605,512,41458,80.972656
7606,512,38125,74.462891
7607,512,39458,77.066406
7608,512,40125,78.369141
7609,512,39875,77.880859
7610,512,38917,76.009766
7611,512,38542,75.277344
7612,512,37791,73.810547
7613,512,38084,74.382812
7614,512,40083,78.287109
7615,512,38417,75.033203
7616,512,39542,77.230469
7617,512,41083,80.240234
7618,512,39083,76.333984
7619,512,37292,72.835938
7620,512,45208,88.296875
7621,512,38875,75.927734
7622,512,38458,75.113281
7623,512,39000,76.171875
7624,512,45333,88.541016
7625,512,37917,74.056641
7626,512,38166,74.542969
7627,512,37459,73.162109
7628,512,38500,75.195312
7629,512,38375,74.951172
7630,512,43417,84.798828
7631,512,39833,77.798828
7632,512,39667,77.474609
7633,512,42292,82.601562
7634,512,40000,78.125000
7635,512,39125,76.416016
7636,512,39209,76.580078
7637,512,39125,76.416016
7638,512,37333,72.916016
7639,512,38250,74.707031
7640,512,38709,75.603516
7641,512,38375,74.951172
7642,512,45041,87.970703
7643,512,37584,73.406250
7644,512,41125,80.322266
7645,512,38417,75.033203
7646,512,37000,72.265625
7647,512,39417,76.986328
7648,512,39500,77.148438
7649,512,40875,79.833984
7650,512,39833,77.798828
7651,512,40292,78.695312
7652,512,39250,76.660156
7653,512,40917,79.916016
7654,512,38291,74.787109
7655,512,37667,73.568359
7656,512,38833,75.845703
7657,512,37792,73.812500
7658,512,41958,81.949219
7659,512,39250,76.660156
7660,512,39000,76.171875
7661,512,39917,77.962891
7662,512,37583,73.404297
7663,512,41042,80.160156
7664,512,43041,84.064453
7665,512,39292,76.742188
7666,512,38916,76.007812
7667,512,38834,75.847656
7668,512,40875,79.833984
7669,512,39041,76.251953
7670,512,38292,74.789062
7671,512,37792,73.812500
7672,512,37250,72.753906
7673,512,40166,78.449219
7674,512,39209,76.580078
7675,512,37708,73.648438
7676,512,39750,77.636719
7677,512,38125,74.462891
7678,512,37625,73.486328
7679,512,39042,76.253906
7680,512,38000,74.218750
7681,512,39833,77.798828
7682,512,41541,81.134766
7683,512,39125,76.416016
7684,512,40375,78.857422
7685,512,39958,78.042969
7686,512,39167,76.498047
7687,512,39583,77.310547
7688,512,39500,77.148438
7689,512,39333,76.822266
7690,512,39250,76.660156
7691,512,38125,74.462891
7692,512,40375,78.857422
7693,512,40833,79.751953
7694,512,39458,77.066406
7695,512,40334,78.777344
7696,512,39916,77.960938
7697,512,40417,78.939453
7698,512,40750,79.589844
7699,512,37792,73.812500
7700,512,38791,75.763672
7701,512,39959,78.044922
7702,512,39666,77.472656
7703,512,38000,74.218750
7704,512,38125,74.462891
7705,512,36916,72.101562
7706,512,40417,78.939453
7707,512,39625,77.392578
7708,512,39792,77.718750
7709,512,41291,80.646484
7710,512,37292,72.835938
7711,512,40041,78.205078
7712,512,38792,75.765625
7713,512,39041,76.251953
7714,512,41834,81.707031
7715,512,37750,73.730469
7716,512,37083,72.427734
7717,512,36666,71.613281
7718,512,38500,75.195312
7719,512,39750,77.636719
7720,512,40667,79.427734
7721,512,40875,79.833984
7722,512,38667,75.521484
7723,512,38375,74.951172
7724,512,39250,76.660156
7725,512,39875,77.880859
7726,512,38791,75.763672
7727,512,41667,81.380859
7728,512,41250,80.566406
7729,512,39417,76.986328
7730,512,41458,80.972656
7731,512,39500,77.148438
7732,512,38208,74.625000
7733,512,40083,78.287109
7734,512,40417,78.939453
7735,512,40125,78.369141
7736,512,41000,80.078125
7737,512,38792,75.765625
7738,512,40375,78.857422
7739,512,39125,76.416016
7740,512,41500,81.054688
7741,512,39792,77.718750
7742,512,40459,79.021484
7743,512,39833,77.798828
7744,512,38792,75.765625
7745,512,40833,79.751953
7746,512,39333,76.822266
7747,512,37625,73.486328
7748,512,41792,81.625000
7749,512,40166,78.449219
7750,512,40167,78.451172
7751,512,42208,82.437500
7752,512,41167,80.404297
7753,512,40625,79.345703
7754,512,43583,85.123047
7755,512,46250,90.332031
7756,512,41375,80.810547
7757,512,45667,89.193359
7758,512,42708,83.414062
7759,512,40875,79.833984
7760,512,42583,83.169922
7761,512,42458,82.925781
7762,512,44750,87.402344
7763,512,39375,76.904297
7764,512,43375,84.716797
7765,512,40542,79.183594
7766,512,40917,79.916016
7767,512,40041,78.205078
7768,512,39708,77.554688
7769,512,44750,87.402344
7770,512,40917,79.916016
7771,512,39791,77.716797
7772,512,39167,76.498047
7773,512,44292,86.507812
7774,512,42292,82.601562
7775,512,43041,84.064453
7776,512,41292,80.648438
7777,512,38125,74.462891
7778,512,34208,66.812500
7779,512,35750,69.824219
7780,512,39375,76.904297
7781,512,34917,68.197266
7782,512,38375,74.951172
7783,512,37083,72.427734
7784,512,35125,68.603516
7785,512,36250,70.800781
7786,512,37583,73.404297
7787,512,35500,69.335938
7788,512,36042,70.394531
7789,512,34958,68.277344
7790,512,35333,69.009766
7791,512,39292,76.742188
7792,512,36333,70.962891
7793,512,36125,70.556641
7794,512,36208,70.718750
7795,512,36791,71.857422
7796,512,39709,77.556641
7797,512,40291,78.693359
7798,512,47042,91.878906
7799,512,38250,74.707031
7800,512,37208,72.671875
7801,512,73250,143.066406
7802,512,49375,96.435547
7803,512,47500,92.773438
7804,512,40917,79.916016
7805,512,41208,80.484375
7806,512,41458,80.972656
7807,512,64708,126.382812
7808,512,40250,78.613281
7809,512,45125,88.134766
7810,512,41542,81.136719
7811,512,39875,77.880859
7812,512,40666,79.425781
7813,512,40084,78.289062
7814,512,41709,81.462891
7815,512,38375,74.951172
7816,512,39459,77.068359
7817,512,38541,75.275391
7818,512,37792,73.812500
7819,512,37792,73.812500
7820,512,37833,73.892578
7821,512,37500,73.242188
7822,512,37542,73.324219
7823,512,39750,77.636719
7824,512,38709,75.603516
7825,512,38666,75.519531
7826,512,38417,75.033203
7827,512,36125,70.556641
7828,512,37042,72.347656
7829,512,36667,71.615234
7830,512,36041,70.392578
7831,512,35209,68.767578
7832,512,34542,67.464844
7833,512,34000,66.406250
7834,512,36375,71.044922
7835,512,34583,67.544922
7836,512,35042,68.441406
7837,512,34375,67.138672
7838,512,35083,68.521484
7839,512,35250,68.847656
7840,512,33625,65.673828
7841,512,36583,71.451172
7842,512,35417,69.173828
7843,512,34416,67.218750
7844,512,35875,70.068359
7845,512,35709,69.744141
7846,512,36166,70.636719
7847,512,35334,69.011719
7848,512,35709,69.744141
7849,512,36167,70.638672
7850,512,36000,70.312500
7851,512,35542,69.417969
7852,512,33333,65.103516
7853,512,35375,69.091797
7854,512,35583,69.498047
7855,512,35250,68.847656
7856,512,35291,68.927734
7857,512,37208,72.671875
7858,512,45459,88.787109
7859,512,37709,73.650391
7860,512,33583,65.591797
7861,512,35292,68.929688
7862,512,35625,69.580078
7863,512,34042,66.488281
7864,512,36291,70.880859
7865,512,33917,66.244141
7866,512,34708,67.789062
7867,512,34500,67.382812
7868,512,35333,69.009766
7869,512,35667,69.662109
7870,512,34208,66.812500
7871,512,35375,69.091797
7872,512,35291,68.927734
7873,512,34459,67.302734
7874,512,35375,69.091797
7875,512,35959,70.232422
7876,512,35417,69.173828
7877,512,37750,73.730469
7878,512,39583,77.310547
7879,512,38375,74.951172
7880,512,37583,73.404297
7881,512,37208,72.671875
7882,512,36875,72.021484
7883,512,39084,76.335938
7884,512,35834,69.988281
7885,512,38666,75.519531
7886,512,38042,74.300781
7887,512,37416,73.078125
7888,512,37625,73.486328
7889,512,34542,67.464844
7890,512,37875,73.974609
7891,512,38125,74.462891
7892,512,36708,71.695312
7893,512,35333,69.009766
7894,512,37083,72.427734
7895,512,37417,73.080078
7896,512,39708,77.554688
7897,512,40166,78.449219
7898,512,38042,74.300781
7899,512,37833,73.892578
7900,512,38917,76.009766
7901,512,38208,74.625000
7902,512,38667,75.521484
7903,512,38250,74.707031
7904,512,37041,72.345703
7905,512,36833,71.939453
7906,512,37834,73.894531
7907,512,37708,73.648438
7908,512,37500,73.242188
7909,512,37958,74.136719
7910,512,40000,78.125000
7911,512,36958,72.183594
7912,512,37500,73.242188
7913,512,40000,78.125000
7914,512,37375,72.998047
7915,512,39541,77.228516
7916,512,37542,73.324219
7917,512,39250,76.660156
7918,512,38459,75.115234
7919,512,40000,78.125000
7920,512,49458,96.597656
7921,512,40917,79.916016
7922,512,37833,73.892578
7923,512,38458,75.113281
7924,512,39542,77.230469
7925,512,36000,70.312500
7926,512,39958,78.042969
7927,512,40083,78.287109
7928,512,37833,73.892578
7929,512,37958,74.136719
7930,512,39334,76.824219
7931,512,38459,75.115234
7932,512,39208,76.578125
7933,512,35875,70.068359
7934,512,36750,71.777344
7935,512,37625,73.486328
7936,512,37042,72.347656
7937,512,40416,78.937500
7938,512,38042,74.300781
7939,512,39792,77.718750
7940,512,38625,75.439453
7941,512,42000,82.031250
7942,512,49209,96.111328
7943,512,47541,92.853516
7944,512,44667,87.240234
7945,512,39583,77.310547
7946,512,46208,90.250000
7947,512,38959,76.091797
7948,512,37625,73.486328
7949,512,38334,74.871094
7950,512,38459,75.115234
7951,512,42791,83.576172
7952,512,37792,73.812500
7953,512,38375,74.951172
7954,512,39167,76.498047
7955,512,38291,74.787109
7956,512,49292,96.273438
7957,512,38250,74.707031
7958,512,38208,74.625000
7959,512,41042,80.160156
7960,512,39875,77.880859
7961,512,38875,75.927734
7962,512,42000,82.031250
7963,512,39709,77.556641
7964,512,45958,89.761719
7965,512,41042,80.160156
7966,512,40958,79.996094
7967,512,41083,80.240234
7968,512,40625,79.345703
7969,512,39167,76.498047
7970,512,40250,78.613281
7971,512,39042,76.253906
7972,512,50125,97.900391
7973,512,41041,80.158203
7974,512,38667,75.521484
7975,512,39916,77.960938
7976,512,37917,74.056641
7977,512,41125,80.322266
7978,512,42875,83.740234
7979,512,40167,78.451172
7980,512,38708,75.601562
7981,512,44042,86.019531
7982,512,38167,74.544922
7983,512,47083,91.958984
7984,512,48500,94.726562
7985,512,40916,79.914062
7986,512,37125,72.509766
7987,512,37208,72.671875
7988,512,40375,78.857422
7989,512,37334,72.917969
7990,512,42958,83.902344
7991,512,43416,84.796875
7992,512,39875,77.880859
7993,512,41708,81.460938
7994,512,41750,81.542969
7995,512,38875,75.927734
7996,512,40625,79.345703
7997,512,40500,79.101562
7998,512,38417,75.033203
7999,512,38083,74.380859
8000,512,42833,83.658203
8001,512,47041,91.876953
8002,512,48333,94.400391
8003,512,50000,97.656250
8004,512,43625,85.205078
8005,512,39458,77.066406
8006,512,38542,75.277344
8007,512,39875,77.880859
8008,512,38667,75.521484
8009,512,38458,75.113281
8010,512,37708,73.648438
8011,512,41875,81.787109
8012,512,49417,96.517578
8013,512,47541,92.853516
8014,512,40083,78.287109
8015,512,40375,78.857422
8016,512,40708,79.507812
8017,512,46375,90.576172
8018,512,39667,77.474609
8019,512,38875,75.927734
8020,512,40750,79.589844
8021,512,38708,75.601562
8022,512,44625,87.158203
8023,512,43500,84.960938
8024,512,43000,83.984375
8025,512,38459,75.115234
8026,512,36417,71.126953
8027,512,36958,72.183594
8028,512,37542,73.324219
8029,512,39416,76.984375
8030,512,37584,73.406250
8031,512,37166,72.589844
8032,512,36958,72.183594
8033,512,36875,72.021484
8034,512,38208,74.625000
8035,512,39125,76.416016
8036,512,39125,76.416016
8037,512,37291,72.833984
8038,512,37709,73.650391
8039,512,39166,76.496094
8040,512,38750,75.683594
8041,512,38500,75.195312
8042,512,39375,76.904297
8043,512,39625,77.392578
8044,512,37875,73.974609
8045,512,38792,75.765625
8046,512,38041,74.298828
8047,512,39042,76.253906
8048,512,36833,71.939453
8049,512,38666,75.519531
8050,512,37208,72.671875
8051,512,37708,73.648438
8052,512,38667,75.521484
8053,512,39542,77.230469
8054,512,37916,74.054688
8055,512,40500,79.101562
8056,512,37292,72.835938
8057,512,78291,152.912109
8058,512,53250,104.003906
8059,512,42125,82.275391
8060,512,46500,90.820312
8061,512,47042,91.878906
8062,512,46333,90.494141
8063,512,45791,89.435547
8064,512,53875,105.224609
8065,512,44375,86.669922
8066,512,41584,81.218750
8067,512,42750,83.496094
8068,512,43125,84.228516
8069,512,40791,79.669922
8070,512,41667,81.380859
8071,512,42458,82.925781
8072,512,40625,79.345703
8073,512,44750,87.402344
8074,512,53833,105.142578
8075,512,45750,89.355469
8076,512,50750,99.121094
8077,512,43000,83.984375
8078,512,44708,87.320312
8079,512,45917,89.681641
8080,512,47333,92.447266
8081,512,42666,83.332031
8082,512,40000,78.125000
8083,512,40000,78.125000
8084,512,42125,82.275391
8085,512,40750,79.589844
8086,512,39084,76.335938
8087,512,39583,77.310547
8088,512,40042,78.207031
8089,512,40209,78.533203
8090,512,43875,85.693359
8091,512,43209,84.392578
8092,512,40791,79.669922
8093,512,39834,77.800781
8094,512,39083,76.333984
8095,512,47542,92.855469
8096,512,39416,76.984375
8097,512,39250,76.660156
8098,512,39417,76.986328
8099,512,47125,92.041016
8100,512,43416,84.796875
8101,512,39792,77.718750
8102,512,39875,77.880859
8103,512,39792,77.718750
8104,512,39917,77.962891
8105,512,43041,84.064453
8106,512,38375,74.951172
8107,512,40625,79.345703
8108,512,39417,76.986328
8109,512,38875,75.927734
8110,512,38458,75.113281
8111,512,37709,73.650391
8112,512,38709,75.603516
8113,512,41416,80.890625
8114,512,39334,76.824219
8115,512,38375,74.951172
8116,512,38167,74.544922
8117,512,39500,77.148438
8118,512,59333,115.884766
8119,512,42083,82.193359
8120,512,41875,81.787109
8121,512,41750,81.542969
8122,512,38709,75.603516
8123,512,41041,80.158203
8124,512,43250,84.472656
8125,512,40250,78.613281
8126,512,37042,72.347656
8127,512,38416,75.031250
8128,512,41459,80.974609
8129,512,38417,75.033203
8130,512,39375,76.904297
8131,512,39458,77.066406
8132,512,40667,79.427734
8133,512,42792,83.578125
8134,512,42541,83.087891
8135,512,41042,80.160156
8136,512,39958,78.042969
8137,512,56250,109.863281
8138,512,35333,69.009766
8139,512,36084,70.476562
8140,512,35875,70.068359
8141,512,37500,73.242188
8142,512,37417,73.080078
8143,512,38042,74.300781
8144,512,37167,72.591797
8145,512,35833,69.986328
8146,512,35750,69.824219
8147,512,38000,74.218750
8148,512,36041,70.392578
8149,512,35833,69.986328
8150,512,35500,69.335938
8151,512,35792,69.906250
8152,512,35417,69.173828
8153,512,36250,70.800781
8154,512,50750,99.121094
8155,512,45375,88.623047
8156,512,37083,72.427734
8157,512,36125,70.556641
8158,512,38917,76.009766
8159,512,38333,74.869141
8160,512,37333,72.916016
8161,512,35875,70.068359
8162,512,37667,73.568359
8163,512,35417,69.173828
8164,512,36792,71.859375
8165,512,37584,73.406250
8166,512,35416,69.171875
8167,512,38042,74.300781
8168,512,36166,70.636719
8169,512,37125,72.509766
8170,512,37625,73.486328
8171,512,35916,70.148438
8172,512,35000,68.359375
8173,512,36500,71.289062
8174,512,36125,70.556641
8175,512,35458,69.253906
8176,512,37250,72.753906
8177,512,38459,75.115234
8178,512,36667,71.615234
8179,512,37000,72.265625
8180,512,35375,69.091797
8181,512,36750,71.777344
8182,512,35916,70.148438
8183,512,35834,69.988281
8184,512,36291,70.880859
8185,512,35250,68.847656
8186,512,36041,70.392578
8187,512,34917,68.197266
8188,512,35917,70.150391
8189,512,36959,72.185547
8190,512,34791,67.951172
8191,512,36167,70.638672
8192,512,35250,68.847656
8193,512,35958,70.230469
8194,512,40125,78.369141
8195,512,36291,70.880859
8196,512,35250,68.847656
8197,512,36375,71.044922
8198,512,40375,78.857422
8199,512,36208,70.718750
8200,512,40833,79.751953
8201,512,36292,70.882812
8202,512,35500,69.335938
8203,512,36333,70.962891
8204,512,36000,70.312500
8205,512,37584,73.406250
8206,512,35750,69.824219
8207,512,38250,74.707031
8208,512,36834,71.941406
8209,512,39000,76.171875
8210,512,36375,71.044922
8211,512,35833,69.986328
8212,512,41042,80.160156
8213,512,35792,69.906250
8214,512,36500,71.289062
8215,512,37709,73.650391
8216,512,37208,72.671875
8217,512,38000,74.218750
8218,512,37042,72.347656
8219,512,37250,72.753906
8220,512,36375,71.044922
8221,512,35500,69.335938
8222,512,36583,71.451172
8223,512,40542,79.183594
8224,512,36584,71.453125
8225,512,34458,67.300781
8226,512,34875,68.115234
8227,512,37000,72.265625
8228,512,36041,70.392578
8229,512,35667,69.662109
8230,512,36250,70.800781
8231,512,37958,74.136719
8232,512,43250,84.472656
8233,512,48584,94.890625
8234,512,36041,70.392578
8235,512,35708,69.742188
8236,512,34584,67.546875
8237,512,36417,71.126953
8238,512,37167,72.591797
8239,512,37208,72.671875
8240,512,35083,68.521484
8241,512,39167,76.498047
8242,512,40000,78.125000
8243,512,41625,81.298828
8244,512,40750,79.589844
8245,512,39000,76.171875
8246,512,37833,73.892578
8247,512,38042,74.300781
8248,512,38458,75.113281
8249,512,39542,77.230469
8250,512,39541,77.228516
8251,512,35750,69.824219
8252,512,38625,75.439453
8253,512,37875,73.974609
8254,512,37417,73.080078
8255,512,38166,74.542969
8256,512,39750,77.636719
8257,512,38042,74.300781
8258,512,39292,76.742188
8259,512,36708,71.695312
8260,512,37958,74.136719
8261,512,37875,73.974609
8262,512,36291,70.880859
8263,512,38208,74.625000
8264,512,38500,75.195312
8265,512,39250,76.660156
8266,512,38458,75.113281
8267,512,38250,74.707031
8268,512,37458,73.160156
8269,512,38500,75.195312
8270,512,39291,76.740234
8271,512,38834,75.847656
8272,512,40875,79.833984
8273,512,39834,77.800781
8274,512,36292,70.882812
8275,512,40500,79.101562
8276,512,47958,93.667969
8277,512,38875,75.927734
8278,512,35917,70.150391
8279,512,38250,74.707031
8280,512,38959,76.091797
8281,512,40333,78.775391
8282,512,38375,74.951172
8283,512,37334,72.917969
8284,512,36791,71.857422
8285,512,37834,73.894531
8286,512,39541,77.228516
8287,512,38000,74.218750
8288,512,39125,76.416016
8289,512,40375,78.857422
8290,512,37750,73.730469
8291,512,37875,73.974609
8292,512,37958,74.136719
8293,512,38667,75.521484
8294,512,37333,72.916016
8295,512,37500,73.242188
8296,512,38042,74.300781
8297,512,40958,79.996094
8298,512,38333,74.869141
8299,512,38792,75.765625
8300,512,37333,72.916016
8301,512,36333,70.962891
8302,512,39042,76.253906
8303,512,37458,73.160156
8304,512,38250,74.707031
8305,512,37416,73.078125
8306,512,36125,70.556641
8307,512,38083,74.380859
8308,512,39209,76.580078
8309,512,38833,75.845703
8310,512,37958,74.136719
8311,512,37167,72.591797
8312,512,76667,149.740234
8313,512,44250,86.425781
8314,512,45000,87.890625
8315,512,42125,82.275391
8316,512,52458,102.457031
8317,512,45334,88.542969
8318,512,39500,77.148438
8319,512,51625,100.830078
8320,512,44833,87.564453
8321,512,39375,76.904297
8322,512,43083,84.146484
8323,512,43041,84.064453
8324,512,36875,72.021484
8325,512,38625,75.439453
8326,512,42167,82.357422
8327,512,41041,80.158203
8328,512,45750,89.355469
8329,512,44542,86.996094
8330,512,55875,109.130859
8331,512,40667,79.427734
8332,512,50583,98.794922
8333,512,46792,91.390625
8334,512,49208,96.109375
8335,512,42125,82.275391
8336,512,80000,156.250000
8337,512,50500,98.632812
8338,512,35084,68.523438
8339,512,45125,88.134766
8340,512,41125,80.322266
8341,512,38584,75.359375
8342,512,39333,76.822266
8343,512,47416,92.609375
8344,512,39375,76.904297
8345,512,42083,82.193359
8346,512,45625,89.111328
8347,512,45792,89.437500
8348,512,33583,65.591797
8349,512,34583,67.544922
8350,512,41375,80.810547
8351,512,48542,94.808594
8352,512,38500,75.195312
8353,512,35458,69.253906
8354,512,35417,69.173828
8355,512,35042,68.441406
8356,512,35041,68.439453
8357,512,34500,67.382812
8358,512,34792,67.953125
8359,512,35208,68.765625
8360,512,35750,69.824219
8361,512,41000,80.078125
8362,512,42750,83.496094
8363,512,47417,92.611328
8364,512,45209,88.298828
8365,512,41916,81.867188
8366,512,41583,81.216797
8367,512,40375,78.857422
8368,512,39916,77.960938
8369,512,38209,74.626953
8370,512,36208,70.718750
8371,512,35042,68.441406
8372,512,36250,70.800781
8373,512,34708,67.789062
8374,512,36000,70.312500
8375,512,35708,69.742188
8376,512,35459,69.255859
8377,512,35250,68.847656
8378,512,35750,69.824219
8379,512,35334,69.011719
8380,512,36791,71.857422
8381,512,35834,69.988281
8382,512,37458,73.160156
8383,512,36041,70.392578
8384,512,35250,68.847656
8385,512,36125,70.556641
8386,512,37583,73.404297
8387,512,35875,70.068359
8388,512,36042,70.394531
8389,512,35625,69.580078
8390,512,42666,83.332031
8391,512,45042,87.972656
8392,512,35708,69.742188
8393,512,34167,66.732422
8394,512,34041,66.486328
8395,512,34084,66.570312
8396,512,33708,65.835938
8397,512,36375,71.044922
8398,512,42083,82.193359
8399,512,35709,69.744141
8400,512,33750,65.917969
8401,512,33084,64.617188
8402,512,35959,70.232422
8403,512,36209,70.720703
8404,512,38875,75.927734
8405,512,37875,73.974609
8406,512,38042,74.300781
8407,512,47542,92.855469
8408,512,42083,82.193359
8409,512,39041,76.251953
8410,512,44417,86.751953
8411,512,37250,72.753906
8412,512,38542,75.277344
8413,512,38833,75.845703
8414,512,38958,76.089844
8415,512,36375,71.044922
8416,512,42167,82.357422
8417,512,37000,72.265625
8418,512,37916,74.054688
8419,512,44834,87.566406
8420,512,42958,83.902344
8421,512,39458,77.066406
8422,512,50959,99.529297
8423,512,48542,94.808594
8424,512,47416,92.609375
8425,512,36875,72.021484
8426,512,37958,74.136719
8427,512,36292,70.882812
8428,512,38042,74.300781
8429,512,39042,76.253906
8430,512,37583,73.404297
8431,512,41959,81.951172
8432,512,43000,83.984375
8433,512,37958,74.136719
8434,512,39042,76.253906
8435,512,40834,79.753906
8436,512,41334,80.730469
8437,512,42625,83.251953
8438,512,38541,75.275391
8439,512,38000,74.218750
8440,512,45333,88.541016
8441,512,41625,81.298828
8442,512,39916,77.960938
8443,512,38000,74.218750
8444,512,40958,79.996094
8445,512,41834,81.707031
8446,512,42708,83.414062
8447,512,41625,81.298828
8448,512,41125,80.322266
8449,512,40458,79.019531
8450,512,40333,78.775391
8451,512,41917,81.869141
8452,512,43709,85.369141
8453,512,40459,79.021484
8454,512,40625,79.345703
8455,512,39958,78.042969
8456,512,38375,74.951172
8457,512,44959,87.810547
8458,512,42958,83.902344
8459,512,40667,79.427734
8460,512,38125,74.462891
8461,512,39500,77.148438
8462,512,41708,81.460938
8463,512,42667,83.333984
8464,512,40959,79.998047
8465,512,38542,75.277344
8466,512,40917,79.916016
8467,512,39666,77.472656
8468,512,39458,77.066406
8469,512,37625,73.486328
8470,512,45375,88.623047
8471,512,42042,82.113281
8472,512,39958,78.042969
8473,512,40708,79.507812
8474,512,42959,83.904297
8475,512,39792,77.718750
8476,512,39666,77.472656
8477,512,43042,84.066406
8478,512,42167,82.357422
8479,512,45791,89.435547
8480,512,42750,83.496094
8481,512,41167,80.404297
8482,512,41417,80.892578
8483,512,42500,83.007812
8484,512,40458,79.019531
8485,512,45208,88.296875
8486,512,38875,75.927734
8487,512,40167,78.451172
8488,512,42625,83.251953
8489,512,39208,76.578125
8490,512,38333,74.869141
8491,512,38667,75.521484
8492,512,40208,78.531250
8493,512,40750,79.589844
8494,512,38208,74.625000
8495,512,42333,82.681641
8496,512,37958,74.136719
8497,512,39750,77.636719
8498,512,41500,81.054688
8499,512,44000,85.937500
8500,512,38584,75.359375
8501,512,38334,74.871094
8502,512,46708,91.226562
8503,512,37916,74.054688
8504,512,39709,77.556641
8505,512,36208,70.718750
8506,512,39625,77.392578
8507,512,38583,75.357422
8508,512,40125,78.369141
8509,512,41666,81.378906
8510,512,37917,74.056641
8511,512,39375,76.904297
8512,512,42833,83.658203
8513,512,51125,99.853516
8514,512,47000,91.796875
8515,512,35542,69.417969
8516,512,37625,73.486328
8517,512,44167,86.263672
8518,512,37541,73.322266
8519,512,36334,70.964844
8520,512,38042,74.300781
8521,512,44833,87.564453
8522,512,43958,85.855469
8523,512,38208,74.625000
8524,512,36458,71.207031
8525,512,40875,79.833984
8526,512,40125,78.369141
8527,512,37959,74.138672
8528,512,38375,74.951172
8529,512,39459,77.068359
8530,512,41042,80.160156
8531,512,39792,77.718750
8532,512,39208,76.578125
8533,512,40042,78.207031
8534,512,39916,77.960938
8535,512,40167,78.451172
8536,512,44125,86.181641
8537,512,38875,75.927734
8538,512,39708,77.554688
8539,512,38542,75.277344
8540,512,37666,73.566406
8541,512,38000,74.218750
8542,512,36792,71.859375
8543,512,36417,71.126953
8544,512,48458,94.644531
8545,512,41333,80.728516
8546,512,38625,75.439453
8547,512,41250,80.566406
8548,512,38000,74.218750
8549,512,38875,75.927734
8550,512,38208,74.625000
8551,512,40875,79.833984
8552,512,38625,75.439453
8553,512,44000,85.937500
8554,512,41333,80.728516
8555,512,38084,74.382812
8556,512,37250,72.753906
8557,512,37000,72.265625
8558,512,36875,72.021484
8559,512,41458,80.972656
8560,512,39542,77.230469
8561,512,40083,78.287109
8562,512,40375,78.857422
8563,512,42166,82.355469
8564,512,38083,74.380859
8565,512,37000,72.265625
8566,512,37084,72.429688
8567,512,40667,79.427734
8568,512,39791,77.716797
8569,512,37125,72.509766
8570,512,39208,76.578125
8571,512,40417,78.939453
8572,512,39458,77.066406
8573,512,42292,82.601562
8574,512,38459,75.115234
8575,512,40667,79.427734
8576,512,37708,73.648438
8577,512,40250,78.613281
8578,512,46833,91.470703
8579,512,39208,76.578125
8580,512,38709,75.603516
8581,512,36792,71.859375
8582,512,40208,78.531250
8583,512,38625,75.439453
8584,512,38708,75.601562
8585,512,36458,71.207031
8586,512,38334,74.871094
8587,512,36916,72.101562
8588,512,37875,73.974609
8589,512,37917,74.056641
8590,512,39833,77.798828
8591,512,42917,83.822266
8592,512,41833,81.705078
8593,512,40125,78.369141
8594,512,38541,75.275391
8595,512,36667,71.615234
8596,512,38500,75.195312
8597,512,37042,72.347656
8598,512,37625,73.486328
8599,512,38291,74.787109
8600,512,38125,74.462891
8601,512,37625,73.486328
8602,512,38334,74.871094
8603,512,39542,77.230469
8604,512,38000,74.218750
8605,512,37208,72.671875
8606,512,39542,77.230469
8607,512,37958,74.136719
8608,512,37292,72.835938
8609,512,37917,74.056641
8610,512,41583,81.216797
8611,512,38000,74.218750
8612,512,38000,74.218750
8613,512,37167,72.591797
8614,512,37958,74.136719
8615,512,36292,70.882812
8616,512,38333,74.869141
8617,512,37375,72.998047
8618,512,38584,75.359375
8619,512,38583,75.357422
8620,512,36167,70.638672
8621,512,37875,73.974609
8622,512,37625,73.486328
8623,512,36333,70.962891
8624,512,36625,71.533203
8625,512,37208,72.671875
8626,512,38542,75.277344
8627,512,46583,90.982422
8628,512,44250,86.425781
8629,512,37166,72.589844
8630,512,37125,72.509766
8631,512,41292,80.648438
8632,512,40375,78.857422
8633,512,44667,87.240234
8634,512,48583,94.888672
8635,512,42291,82.599609
8636,512,38209,74.626953
8637,512,36666,71.613281
8638,512,37459,73.162109
8639,512,37083,72.427734
8640,512,45292,88.460938
8641,512,41125,80.322266
8642,512,42834,83.660156
8643,512,41708,81.460938
8644,512,38375,74.951172
8645,512,39125,76.416016
8646,512,38333,74.869141
8647,512,38709,75.603516
8648,512,39584,77.312500
8649,512,38708,75.601562
8650,512,39292,76.742188
8651,512,40167,78.451172
8652,512,40792,79.671875
8653,512,42709,83.416016
8654,512,39916,77.960938
8655,512,41209,80.486328
8656,512,40125,78.369141
8657,512,40333,78.775391
8658,512,39292,76.742188
8659,512,40042,78.207031
8660,512,43708,85.367188
8661,512,42000,82.031250
8662,512,40791,79.669922
8663,512,41250,80.566406
8664,512,59750,116.699219
8665,512,41834,81.707031
8666,512,46334,90.496094
8667,512,55625,108.642578
8668,512,36709,71.697266
8669,512,34583,67.544922
8670,512,35375,69.091797
8671,512,37750,73.730469
8672,512,36000,70.312500
8673,512,36208,70.718750
8674,512,35875,70.068359
8675,512,43667,85.287109
8676,512,36416,71.125000
8677,512,34500,67.382812
8678,512,35334,69.011719
8679,512,36291,70.880859
8680,512,39875,77.880859
8681,512,40959,79.998047
8682,512,35666,69.660156
8683,512,38584,75.359375
8684,512,37166,72.589844
8685,512,38459,75.115234
8686,512,35875,70.068359
8687,512,35209,68.767578
8688,512,36291,70.880859
8689,512,34333,67.056641
8690,512,34917,68.197266
8691,512,31542,61.605469
8692,512,36584,71.453125
8693,512,35583,69.498047
8694,512,35542,69.417969
8695,512,35166,68.683594
8696,512,34375,67.138672
8697,512,34083,66.568359
8698,512,35917,70.150391
8699,512,34500,67.382812
8700,512,36167,70.638672
8701,512,37667,73.568359
8702,512,36000,70.312500
8703,512,35208,68.765625
8704,512,34834,68.035156
8705,512,35958,70.230469
8706,512,36542,71.371094
8707,512,36708,71.695312
8708,512,35041,68.439453
8709,512,36042,70.394531
8710,512,33125,64.697266
8711,512,35333,69.009766
8712,512,35375,69.091797
8713,512,36584,71.453125
8714,512,34333,67.056641
8715,512,34708,67.789062
8716,512,36792,71.859375
8717,512,35083,68.521484
8718,512,36000,70.312500
8719,512,35917,70.150391
8720,512,34791,67.951172
8721,512,36500,71.289062
8722,512,37375,72.998047
8723,512,38125,74.462891
8724,512,36583,71.451172
8725,512,35042,68.441406
8726,512,36750,71.777344
8727,512,33584,65.593750
8728,512,36833,71.939453
8729,512,36500,71.289062
8730,512,35584,69.500000
8731,512,37750,73.730469
8732,512,35750,69.824219
8733,512,35583,69.498047
8734,512,36041,70.392578
8735,512,33834,66.082031
8736,512,36875,72.021484
8737,512,37125,72.509766
8738,512,36458,71.207031
8739,512,36917,72.103516
8740,512,36958,72.183594
8741,512,37209,72.673828
8742,512,45041,87.970703
8743,512,37084,72.429688
8744,512,43917,85.775391
8745,512,50500,98.632812
8746,512,47166,92.121094
8747,512,41125,80.322266
8748,512,40209,78.533203
8749,512,47458,92.691406
8750,512,37083,72.427734
8751,512,39709,77.556641
8752,512,34041,66.486328
8753,512,35084,68.523438
8754,512,38709,75.603516
8755,512,36584,71.453125
8756,512,45541,88.947266
8757,512,45500,88.867188
8758,512,40167,78.451172
8759,512,48375,94.482422
8760,512,50125,97.900391
8761,512,41625,81.298828
8762,512,40541,79.181641
8763,512,37042,72.347656
8764,512,44916,87.726562
8765,512,46917,91.634766
8766,512,40750,79.589844
8767,512,40791,79.669922
8768,512,40459,79.021484
8769,512,40166,78.449219
8770,512,37917,74.056641
8771,512,36792,71.859375
8772,512,40042,78.207031
8773,512,35166,68.683594
8774,512,37750,73.730469
8775,512,36500,71.289062
8776,512,36250,70.800781
8777,512,35458,69.253906
8778,512,37208,72.671875
8779,512,36833,71.939453
8780,512,36084,70.476562
8781,512,36541,71.369141
8782,512,39292,76.742188
8783,512,35542,69.417969
8784,512,37500,73.242188
8785,512,36334,70.964844
8786,512,36083,70.474609
8787,512,36583,71.451172
8788,512,35250,68.847656
8789,512,35167,68.685547
8790,512,33416,65.265625
8791,512,35750,69.824219
8792,512,35750,69.824219
8793,512,34750,67.871094
8794,512,36583,71.451172
8795,512,36833,71.939453
8796,512,35708,69.742188
8797,512,37417,73.080078
8798,512,36000,70.312500
8799,512,36292,70.882812
8800,512,35625,69.580078
8801,512,39791,77.716797
8802,512,38333,74.869141
8803,512,36167,70.638672
8804,512,36417,71.126953
8805,512,36750,71.777344
8806,512,35083,68.521484
8807,512,37667,73.568359
8808,512,38916,76.007812
8809,512,34250,66.894531
8810,512,33750,65.917969
8811,512,35458,69.253906
8812,512,36792,71.859375
8813,512,39750,77.636719
8814,512,37125,72.509766
8815,512,35583,69.498047
8816,512,38291,74.787109
8817,512,37834,73.894531
8818,512,39208,76.578125
8819,512,39000,76.171875
8820,512,36625,71.533203
8821,512,36083,70.474609
8822,512,36000,70.312500
8823,512,37459,73.162109
8824,512,36291,70.880859
8825,512,36750,71.777344
8826,512,36959,72.185547
8827,512,36000,70.312500
8828,512,36875,72.021484
8829,512,36708,71.695312
8830,512,37083,72.427734
8831,512,37000,72.265625
8832,512,35875,70.068359
8833,512,37417,73.080078
8834,512,38708,75.601562
8835,512,37500,73.242188
8836,512,37625,73.486328
8837,512,37542,73.324219
8838,512,35625,69.580078
8839,512,39375,76.904297
8840,512,37333,72.916016
8841,512,35750,69.824219
8842,512,35875,70.068359
8843,512,39083,76.333984
8844,512,38417,75.033203
8845,512,38459,75.115234
8846,512,39791,77.716797
8847,512,37833,73.892578
8848,512,37042,72.347656
8849,512,38375,74.951172
8850,512,39041,76.251953
8851,512,39167,76.498047
8852,512,36375,71.044922
8853,512,37083,72.427734
8854,512,35583,69.498047
8855,512,36583,71.451172
8856,512,37125,72.509766
8857,512,35709,69.744141
8858,512,36375,71.044922
8859,512,48792,95.296875
8860,512,36500,71.289062
8861,512,37500,73.242188
8862,512,36875,72.021484
8863,512,38750,75.683594
8864,512,36542,71.371094
8865,512,37375,72.998047
8866,512,36417,71.126953
8867,512,36083,70.474609
8868,512,36084,70.476562
8869,512,38083,74.380859
8870,512,40125,78.369141
8871,512,38791,75.763672
8872,512,39458,77.066406
8873,512,37333,72.916016
8874,512,37000,72.265625
8875,512,37667,73.568359
8876,512,37958,74.136719
8877,512,37541,73.322266
8878,512,38542,75.277344
8879,512,37750,73.730469
8880,512,38667,75.521484
8881,512,35750,69.824219
8882,512,36958,72.183594
8883,512,37958,74.136719
8884,512,38875,75.927734
8885,512,41250,80.566406
8886,512,38125,74.462891
8887,512,35000,68.359375
8888,512,37833,73.892578
8889,512,39584,77.312500
8890,512,35916,70.148438
8891,512,38167,74.544922
8892,512,39083,76.333984
8893,512,38917,76.009766
8894,512,38250,74.707031
8895,512,37500,73.242188
8896,512,39375,76.904297
8897,512,38375,74.951172
8898,512,37375,72.998047
8899,512,36666,71.613281
8900,512,37750,73.730469
8901,512,38292,74.789062
8902,512,37625,73.486328
8903,512,36708,71.695312
8904,512,38333,74.869141
8905,512,39208,76.578125
8906,512,38708,75.601562
8907,512,37750,73.730469
8908,512,40625,79.345703
8909,512,38041,74.298828
8910,512,37417,73.080078
8911,512,37875,73.974609
8912,512,36667,71.615234
8913,512,42000,82.031250
8914,512,38917,76.009766
8915,512,37500,73.242188
8916,512,38291,74.787109
8917,512,37250,72.753906
8918,512,39500,77.148438
8919,512,39750,77.636719
8920,512,37917,74.056641
8921,512,38250,74.707031
8922,512,39500,77.148438
8923,512,36792,71.859375
8924,512,36833,71.939453
8925,512,43250,84.472656
8926,512,38042,74.300781
8927,512,37709,73.650391
8928,512,39541,77.228516
8929,512,102375,199.951172
8930,512,59750,116.699219
8931,512,58959,115.154297
8932,512,48791,95.294922
8933,512,43292,84.554688
8934,512,42459,82.927734
8935,512,43542,85.042969
8936,512,49291,96.271484
8937,512,38167,74.544922
8938,512,40792,79.671875
8939,512,41833,81.705078
8940,512,36958,72.183594
8941,512,41666,81.378906
8942,512,37959,74.138672
8943,512,38584,75.359375
8944,512,44084,86.101562
8945,512,39416,76.984375
8946,512,35250,68.847656
8947,512,51167,99.935547
8948,512,48833,95.376953
8949,512,48167,94.076172
8950,512,47333,92.447266
8951,512,65208,127.359375
8952,512,51375,100.341797
8953,512,38459,75.115234
8954,512,35333,69.009766
8955,512,36416,71.125000
8956,512,34459,67.302734
8957,512,33917,66.244141
8958,512,38916,76.007812
8959,512,36417,71.126953
8960,512,39583,77.310547
8961,512,37167,72.591797
8962,512,36959,72.185547
8963,512,35750,69.824219
8964,512,36083,70.474609
8965,512,34042,66.488281
8966,512,35375,69.091797
8967,512,34708,67.789062
8968,512,35458,69.253906
8969,512,35833,69.986328
8970,512,34667,67.708984
8971,512,36083,70.474609
8972,512,35042,68.441406
8973,512,38125,74.462891
8974,512,41833,81.705078
8975,512,47542,92.855469
8976,512,35291,68.927734
8977,512,35709,69.744141
8978,512,35709,69.744141
8979,512,35084,68.523438
8980,512,39500,77.148438
8981,512,33875,66.162109
8982,512,38500,75.195312
8983,512,37583,73.404297
8984,512,46750,91.308594
8985,512,45583,89.029297
8986,512,35917,70.150391
8987,512,35041,68.439453
8988,512,35500,69.335938
8989,512,35417,69.173828
8990,512,35917,70.150391
8991,512,36291,70.880859
8992,512,35500,69.335938
8993,512,34708,67.789062
8994,512,35792,69.906250
8995,512,45750,89.355469
8996,512,49334,96.355469
8997,512,35625,69.580078
8998,512,34584,67.546875
8999,512,36500,71.289062
9000,512,35416,69.171875
9001,512,36084,70.476562
9002,512,36125,70.556641
9003,512,35834,69.988281
9004,512,35833,69.986328
9005,512,36458,71.207031
9006,512,37042,72.347656
9007,512,38458,75.113281
9008,512,35333,69.009766
9009,512,33959,66.326172
9010,512,36041,70.392578
9011,512,35042,68.441406
9012,512,36083,70.474609
9013,512,33875,66.162109
9014,512,35334,69.011719
9015,512,36333,70.962891
9016,512,37375,72.998047
9017,512,35250,68.847656
9018,512,34375,67.138672
9019,512,35916,70.148438
9020,512,35792,69.906250
9021,512,43875,85.693359
9022,512,45708,89.273438
9023,512,46667,91.146484
9024,512,42834,83.660156
9025,512,40041,78.205078
9026,512,44292,86.507812
9027,512,40625,79.345703
9028,512,54875,107.177734
9029,512,41708,81.460938
9030,512,39000,76.171875
9031,512,39917,77.962891
9032,512,42500,83.007812
9033,512,45500,88.867188
9034,512,38167,74.544922
9035,512,42125,82.275391
9036,512,41250,80.566406
9037,512,40666,79.425781
9038,512,42417,82.845703
9039,512,41416,80.890625
9040,512,40042,78.207031
9041,512,41541,81.134766
9042,512,38625,75.439453
9043,512,39666,77.472656
9044,512,39209,76.580078
9045,512,41084,80.242188
9046,512,39208,76.578125
9047,512,38708,75.601562
9048,512,42542,83.089844
9049,512,41291,80.646484
9050,512,43125,84.228516
9051,512,41458,80.972656
9052,512,41500,81.054688
9053,512,41291,80.646484
9054,512,39167,76.498047
9055,512,41750,81.542969
9056,512,42209,82.439453
9057,512,39208,76.578125
9058,512,38917,76.009766
9059,512,37000,72.265625
9060,512,40416,78.937500
9061,512,45167,88.216797
9062,512,40417,78.939453
9063,512,41250,80.566406
9064,512,42916,83.820312
9065,512,40708,79.507812
9066,512,38709,75.603516
9067,512,38291,74.787109
9068,512,37875,73.974609
9069,512,42542,83.089844
9070,512,48958,95.621094
9071,512,45417,88.705078
9072,512,38458,75.113281
9073,512,40583,79.263672
9074,512,40792,79.671875
9075,512,39458,77.066406
9076,512,38750,75.683594
9077,512,39375,76.904297
9078,512,37917,74.056641
9079,512,37000,72.265625
9080,512,39458,77.066406
9081,512,38500,75.195312
9082,512,40959,79.998047
9083,512,41667,81.380859
9084,512,40166,78.449219
9085,512,40209,78.533203
9086,512,43459,84.880859
9087,512,63792,124.593750
9088,512,46458,90.738281
9089,512,34250,66.894531
9090,512,35042,68.441406
9091,512,35833,69.986328
9092,512,36750,71.777344
9093,512,34875,68.115234
9094,512,35541,69.416016
9095,512,34000,66.406250
9096,512,33042,64.535156
9097,512,34333,67.056641
9098,512,32750,63.964844
9099,512,34083,66.568359
9100,512,35542,69.417969
9101,512,34667,67.708984
9102,512,33666,65.753906
9103,512,35125,68.603516
9104,512,35000,68.359375
9105,512,33458,65.347656
9106,512,34542,67.464844
9107,512,34375,67.138672
9108,512,34917,68.197266
9109,512,34666,67.707031
9110,512,35292,68.929688
9111,512,34875,68.115234
9112,512,35250,68.847656
9113,512,36459,71.208984
9114,512,35250,68.847656
9115,512,35834,69.988281
9116,512,33875,66.162109
9117,512,34125,66.650391
9118,512,35291,68.927734
9119,512,34459,67.302734
9120,512,35500,69.335938
9121,512,34750,67.871094
9122,512,33709,65.837891
9123,512,33750,65.917969
9124,512,37417,73.080078
9125,512,39667,77.474609
9126,512,39583,77.310547
9127,512,36125,70.556641
9128,512,36916,72.101562
9129,512,37667,73.568359
9130,512,36042,70.394531
9131,512,36083,70.474609
9132,512,35416,69.171875
9133,512,37584,73.406250
9134,512,36209,70.720703
9135,512,36625,71.533203
9136,512,34042,66.488281
9137,512,33833,66.080078
9138,512,35375,69.091797
9139,512,35583,69.498047
9140,512,35292,68.929688
9141,512,35708,69.742188
9142,512,33584,65.593750
9143,512,34417,67.220703
9144,512,34208,66.812500
9145,512,34875,68.115234
9146,512,37250,72.753906
9147,512,40208,78.531250
9148,512,37000,72.265625
9149,512,35458,69.253906
9150,512,33584,65.593750
9151,512,34250,66.894531
9152,512,36167,70.638672
9153,512,37000,72.265625
9154,512,36166,70.636719
9155,512,34459,67.302734
9156,512,34541,67.462891
9157,512,36667,71.615234
9158,512,35500,69.335938
9159,512,35333,69.009766
9160,512,36041,70.392578
9161,512,35250,68.847656
9162,512,36000,70.312500
9163,512,35500,69.335938
9164,512,35500,69.335938
9165,512,36167,70.638672
9166,512,35541,69.416016
9167,512,36417,71.126953
9168,512,35750,69.824219
9169,512,34583,67.544922
9170,512,35708,69.742188
9171,512,36584,71.453125
9172,512,37375,72.998047
9173,512,36000,70.312500
9174,512,35708,69.742188
9175,512,37166,72.589844
9176,512,38584,75.359375
9177,512,37709,73.650391
9178,512,36833,71.939453
9179,512,41708,81.460938
9180,512,38375,74.951172
9181,512,36375,71.044922
9182,512,38250,74.707031
9183,512,38625,75.439453
9184,512,40709,79.509766
9185,512,40166,78.449219
9186,512,39584,77.312500
9187,512,65459,127.849609
9188,512,43750,85.449219
9189,512,46708,91.226562
9190,512,41667,81.380859
9191,512,42416,82.843750
9192,512,54208,105.875000
9193,512,41125,80.322266
9194,512,42833,83.658203
9195,512,42083,82.193359
9196,512,47500,92.773438
9197,512,43792,85.531250
9198,512,42375,82.763672
9199,512,49042,95.785156
9200,512,46958,91.714844
9201,512,43375,84.716797
9202,512,42708,83.414062
9203,512,40000,78.125000
9204,512,42458,82.925781
9205,512,45875,89.599609
9206,512,39583,77.310547
9207,512,42584,83.171875
9208,512,38292,74.789062
9209,512,39375,76.904297
9210,512,41250,80.566406
9211,512,39666,77.472656
9212,512,40750,79.589844
9213,512,35750,69.824219
9214,512,36292,70.882812
9215,512,36334,70.964844
9216,512,35666,69.660156
9217,512,45833,89.517578
9218,512,42958,83.902344
9219,512,40500,79.101562
9220,512,44584,87.078125
9221,512,48375,94.482422
9222,512,42459,82.927734
9223,512,37667,73.568359
9224,512,38750,75.683594
9225,512,36250,70.800781
9226,512,35875,70.068359
9227,512,36875,72.021484
9228,512,36917,72.103516
9229,512,36375,71.044922
9230,512,40916,79.914062
9231,512,37625,73.486328
9232,512,37292,72.835938
9233,512,36791,71.857422
9234,512,37542,73.324219
9235,512,36667,71.615234
9236,512,39292,76.742188
9237,512,36750,71.777344
9238,512,42417,82.845703
9239,512,47167,92.123047
9240,512,46084,90.007812
9241,512,40625,79.345703
9242,512,40959,79.998047
9243,512,49291,96.271484
9244,512,43583,85.123047
9245,512,39917,77.962891
9246,512,42375,82.763672
9247,512,42083,82.193359
9248,512,43750,85.449219
9249,512,46916,91.632812
9250,512,42750,83.496094
9251,512,42917,83.822266
9252,512,47583,92.935547
9253,512,42959,83.904297
9254,512,46458,90.738281
9255,512,42875,83.740234
9256,512,33958,66.324219
9257,512,35833,69.986328
9258,512,36125,70.556641
9259,512,34458,67.300781
9260,512,34417,67.220703
9261,512,36750,71.777344
9262,512,38875,75.927734
9263,512,39083,76.333984
9264,512,42417,82.845703
9265,512,38041,74.298828
9266,512,41625,81.298828
9267,512,37625,73.486328
9268,512,39500,77.148438
9269,512,39458,77.066406
9270,512,37083,72.427734
9271,512,44417,86.751953
9272,512,41042,80.160156
9273,512,46042,89.925781
9274,512,40250,78.613281
9275,512,39125,76.416016
9276,512,43250,84.472656
9277,512,38792,75.765625
9278,512,36125,70.556641
9279,512,36709,71.697266
9280,512,37875,73.974609
9281,512,42959,83.904297
9282,512,49875,97.412109
9283,512,41584,81.218750
9284,512,56333,110.025391
9285,512,45708,89.273438
9286,512,42375,82.763672
9287,512,44750,87.402344
9288,512,46958,91.714844
9289,512,49958,97.574219
9290,512,42750,83.496094
9291,512,42792,83.578125
9292,512,49583,96.841797
9293,512,43417,84.798828
9294,512,41583,81.216797
9295,512,42083,82.193359
9296,512,41917,81.869141
9297,512,39250,76.660156
9298,512,38792,75.765625
9299,512,39875,77.880859
9300,512,42250,82.519531
9301,512,41041,80.158203
9302,512,41000,80.078125
9303,512,42375,82.763672
9304,512,41042,80.160156
9305,512,40500,79.101562
9306,512,39958,78.042969
9307,512,40292,78.695312
9308,512,40125,78.369141
9309,512,38083,74.380859
9310,512,39875,77.880859
9311,512,39916,77.960938
9312,512,38375,74.951172
9313,512,37125,72.509766
9314,512,38875,75.927734
9315,512,40417,78.939453
9316,512,38667,75.521484
9317,512,40375,78.857422
9318,512,39500,77.148438
9319,512,40500,79.101562
9320,512,39750,77.636719
9321,512,38167,74.544922
9322,512,38666,75.519531
9323,512,40250,78.613281
9324,512,38917,76.009766
9325,512,40375,78.857422
9326,512,38875,75.927734
9327,512,39042,76.253906
9328,512,38708,75.601562
9329,512,40667,79.427734
9330,512,39291,76.740234
9331,512,38000,74.218750
9332,512,40125,78.369141
9333,512,41292,80.648438
9334,512,46166,90.167969
9335,512,43834,85.613281
9336,512,37792,73.812500
9337,512,41625,81.298828
9338,512,40958,79.996094
9339,512,38792,75.765625
9340,512,46958,91.714844
9341,512,44333,86.587891
9342,512,39500,77.148438
9343,512,39125,76.416016
9344,512,43291,84.552734
9345,512,38333,74.869141
9346,512,39125,76.416016
9347,512,47333,92.447266
9348,512,37917,74.056641
9349,512,38583,75.357422
9350,512,38292,74.789062
9351,512,39416,76.984375
9352,512,50292,98.226562
9353,512,47625,93.017578
9354,512,36750,71.777344
9355,512,41875,81.787109
9356,512,39958,78.042969
9357,512,38125,74.462891
9358,512,36542,71.371094
9359,512,38333,74.869141
9360,512,43167,84.310547
9361,512,38250,74.707031
9362,512,37167,72.591797
9363,512,39666,77.472656
9364,512,38250,74.707031
9365,512,37458,73.160156
9366,512,41375,80.810547
9367,512,40209,78.533203
9368,512,38166,74.542969
9369,512,37417,73.080078
9370,512,39542,77.230469
9371,512,37875,73.974609
9372,512,37791,73.810547
9373,512,42417,82.845703
9374,512,37375,72.998047
9375,512,41291,80.646484
9376,512,41542,81.136719
9377,512,40792,79.671875
9378,512,37458,73.160156
9379,512,40042,78.207031
9380,512,37333,72.916016
9381,512,37125,72.509766
9382,512,38500,75.195312
9383,512,43250,84.472656
9384,512,41334,80.730469
9385,512,38291,74.787109
9386,512,36125,70.556641
9387,512,36708,71.695312
9388,512,38042,74.300781
9389,512,41416,80.890625
9390,512,37792,73.812500
9391,512,37500,73.242188
9392,512,38792,75.765625
9393,512,38292,74.789062
9394,512,36791,71.857422
9395,512,41083,80.240234
9396,512,42583,83.169922
9397,512,46667,91.146484
9398,512,41042,80.160156
9399,512,40166,78.449219
9400,512,38417,75.033203
9401,512,43167,84.310547
9402,512,73916,144.367188
9403,512,38833,75.845703
9404,512,51333,100.259766
9405,512,35042,68.441406
9406,512,36458,71.207031
9407,512,35416,69.171875
9408,512,35084,68.523438
9409,512,43750,85.449219
9410,512,50042,97.738281
9411,512,38708,75.601562
9412,512,35458,69.253906
9413,512,34917,68.197266
9414,512,34333,67.056641
9415,512,35000,68.359375
9416,512,35500,69.335938
9417,512,35042,68.441406
9418,512,36208,70.718750
9419,512,37292,72.835938
9420,512,36584,71.453125
9421,512,34333,67.056641
9422,512,35875,70.068359
9423,512,36958,72.183594
9424,512,35583,69.498047
9425,512,34541,67.462891
9426,512,35584,69.500000
9427,512,35916,70.148438
9428,512,35042,68.441406
9429,512,34416,67.218750
9430,512,34333,67.056641
9431,512,35250,68.847656
9432,512,33917,66.244141
9433,512,33875,66.162109
9434,512,37209,72.673828
9435,512,98750,192.871094
9436,512,42166,82.355469
9437,512,37542,73.324219
9438,512,38125,74.462891
9439,512,40375,78.857422
9440,512,43458,84.878906
9441,512,36958,72.183594
9442,512,36417,71.126953
9443,512,37250,72.753906
9444,512,36916,72.101562
9445,512,36292,70.882812
9446,512,38667,75.521484
9447,512,42166,82.355469
9448,512,37584,73.406250
9449,512,37125,72.509766
9450,512,36834,71.941406
9451,512,36625,71.533203
9452,512,35291,68.927734
9453,512,34625,67.626953
9454,512,34708,67.789062
9455,512,38917,76.009766
9456,512,37667,73.568359
9457,512,36833,71.939453
9458,512,35208,68.765625
9459,512,37292,72.835938
9460,512,39292,76.742188
9461,512,34500,67.382812
9462,512,34333,67.056641
9463,512,37917,74.056641
9464,512,38041,74.298828
9465,512,37584,73.406250
9466,512,35542,69.417969
9467,512,36917,72.103516
9468,512,36042,70.394531
9469,512,36125,70.556641
9470,512,37292,72.835938
9471,512,38167,74.544922
9472,512,40291,78.693359
9473,512,37375,72.998047
9474,512,42334,82.683594
9475,512,38750,75.683594
9476,512,45834,89.519531
9477,512,41542,81.136719
9478,512,37666,73.566406
9479,512,40500,79.101562
9480,512,47000,91.796875
9481,512,37625,73.486328
9482,512,44042,86.019531
9483,512,48833,95.376953
9484,512,39625,77.392578
9485,512,40083,78.287109
9486,512,37042,72.347656
9487,512,40083,78.287109
9488,512,39750,77.636719
9489,512,38917,76.009766
9490,512,52000,101.562500
9491,512,40750,79.589844
9492,512,47458,92.691406
9493,512,39542,77.230469
9494,512,41042,80.160156
9495,512,37250,72.753906
9496,512,40375,78.857422
9497,512,39500,77.148438
9498,512,39542,77.230469
9499,512,39375,76.904297
9500,512,39166,76.496094
9501,512,38000,74.218750
9502,512,39750,77.636719
9503,512,43667,85.287109
9504,512,42708,83.414062
9505,512,41542,81.136719
9506,512,37750,73.730469
9507,512,40667,79.427734
9508,512,38417,75.033203
9509,512,36833,71.939453
9510,512,38208,74.625000
9511,512,38875,75.927734
9512,512,37792,73.812500
9513,512,38250,74.707031
9514,512,44166,86.261719
9515,512,42625,83.251953
9516,512,44666,87.238281
9517,512,41792,81.625000
9518,512,39708,77.554688
9519,512,40375,78.857422
9520,512,39291,76.740234
9521,512,37709,73.650391
9522,512,38291,74.787109
9523,512,36667,71.615234
9524,512,38833,75.845703
9525,512,41834,81.707031
9526,512,57750,112.792969
9527,512,38917,76.009766
9528,512,39958,78.042969
9529,512,35666,69.660156
9530,512,37584,73.406250
9531,512,37125,72.509766
9532,512,35625,69.580078
9533,512,40916,79.914062
9534,512,35125,68.603516
9535,512,35833,69.986328
9536,512,38458,75.113281
9537,512,38375,74.951172
9538,512,35167,68.685547
9539,512,35958,70.230469
9540,512,36375,71.044922
9541,512,35750,69.824219
9542,512,36625,71.533203
9543,512,38000,74.218750
9544,512,36417,71.126953
9545,512,38333,74.869141
9546,512,37625,73.486328
9547,512,40375,78.857422
9548,512,36000,70.312500
9549,512,35541,69.416016
9550,512,35125,68.603516
9551,512,34834,68.035156
9552,512,36500,71.289062
9553,512,35917,70.150391
9554,512,35375,69.091797
9555,512,37625,73.486328
9556,512,35667,69.662109
9557,512,36375,71.044922
9558,512,37500,73.242188
9559,512,38000,74.218750
9560,512,36500,71.289062
9561,512,37417,73.080078
9562,512,37666,73.566406
9563,512,36375,71.044922
9564,512,35209,68.767578
9565,512,36792,71.859375
9566,512,37292,72.835938
9567,512,35584,69.500000
9568,512,36833,71.939453
9569,512,35333,69.009766
9570,512,37208,72.671875
9571,512,36500,71.289062
9572,512,36667,71.615234
9573,512,37333,72.916016
9574,512,35709,69.744141
9575,512,39667,77.474609
9576,512,36208,70.718750
9577,512,38167,74.544922
9578,512,36500,71.289062
9579,512,36417,71.126953
9580,512,39625,77.392578
9581,512,38417,75.033203
9582,512,36625,71.533203
9583,512,38208,74.625000
9584,512,37167,72.591797
9585,512,35166,68.683594
9586,512,35084,68.523438
9587,512,34666,67.707031
9588,512,37417,73.080078
9589,512,35916,70.148438
9590,512,36208,70.718750
9591,512,34917,68.197266
9592,512,35125,68.603516
9593,512,35208,68.765625
9594,512,35292,68.929688
9595,512,36542,71.371094
9596,512,36583,71.451172
9597,512,36375,71.044922
9598,512,36250,70.800781
9599,512,39041,76.251953
9600,512,61250,119.628906
9601,512,36292,70.882812
9602,512,36833,71.939453
9603,512,37916,74.054688
9604,512,38250,74.707031
9605,512,37000,72.265625
9606,512,37000,72.265625
9607,512,36292,70.882812
9608,512,35583,69.498047
9609,512,36000,70.312500
9610,512,36250,70.800781
9611,512,34792,67.953125
9612,512,35959,70.232422
9613,512,35083,68.521484
9614,512,36792,71.859375
9615,512,39291,76.740234
9616,512,39500,77.148438
9617,512,35542,69.417969
9618,512,36166,70.636719
9619,512,37625,73.486328
9620,512,35875,70.068359
9621,512,36417,71.126953
9622,512,34791,67.951172
9623,512,40875,79.833984
9624,512,38917,76.009766
9625,512,37750,73.730469
9626,512,36417,71.126953
9627,512,35375,69.091797
9628,512,35666,69.660156
9629,512,36375,71.044922
9630,512,35541,69.416016
9631,512,35125,68.603516
9632,512,38042,74.300781
9633,512,35958,70.230469
9634,512,36917,72.103516
9635,512,35792,69.906250
9636,512,36708,71.695312
9637,512,35125,68.603516
9638,512,36417,71.126953
9639,512,36834,71.941406
9640,512,37916,74.054688
9641,512,42209,82.439453
9642,512,37083,72.427734
9643,512,36041,70.392578
9644,512,35875,70.068359
9645,512,38333,74.869141
9646,512,39042,76.253906
9647,512,38125,74.462891
9648,512,38625,75.439453
9649,512,39917,77.962891
9650,512,41875,81.787109
9651,512,42750,83.496094
9652,512,39458,77.066406
9653,512,39375,76.904297
9654,512,38625,75.439453
9655,512,51458,100.503906
9656,512,40417,78.939453
9657,512,49667,97.005859
9658,512,38458,75.113281
9659,512,40125,78.369141
9660,512,40583,79.263672
9661,512,38917,76.009766
9662,512,37167,72.591797
9663,512,36042,70.394531
9664,512,37458,73.160156
9665,512,38625,75.439453
9666,512,39000,76.171875
9667,512,49666,97.003906
9668,512,37459,73.162109
9669,512,41416,80.890625
9670,512,41500,81.054688
9671,512,40583,79.263672
9672,512,38959,76.091797
9673,512,38458,75.113281
9674,512,38333,74.869141
9675,512,36667,71.615234
9676,512,46250,90.332031
9677,512,49208,96.109375
9678,512,41208,80.484375
9679,512,38792,75.765625
9680,512,39208,76.578125
9681,512,45667,89.193359
9682,512,37666,73.566406
9683,512,38459,75.115234
9684,512,37625,73.486328
9685,512,38208,74.625000
9686,512,38333,74.869141
9687,512,38959,76.091797
9688,512,39709,77.556641
9689,512,36500,71.289062
9690,512,40917,79.916016
9691,512,37750,73.730469
9692,512,37792,73.812500
9693,512,38250,74.707031
9694,512,63833,124.673828
9695,512,44333,86.587891
9696,512,42000,82.031250
9697,512,43750,85.449219
9698,512,45166,88.214844
9699,512,54750,106.933594
9700,512,39458,77.066406
9701,512,35000,68.359375
9702,512,34375,67.138672
9703,512,37208,72.671875
9704,512,37334,72.917969
9705,512,34875,68.115234
9706,512,37875,73.974609
9707,512,39500,77.148438
9708,512,41250,80.566406
9709,512,38833,75.845703
9710,512,40667,79.427734
9711,512,41584,81.218750
9712,512,44417,86.751953
9713,512,37250,72.753906
9714,512,39833,77.798828
9715,512,39666,77.472656
9716,512,60459,118.083984
9717,512,48167,94.076172
9718,512,45166,88.214844
9719,512,46000,89.843750
9720,512,40583,79.263672
9721,512,39209,76.580078
9722,512,38875,75.927734
9723,512,38333,74.869141
9724,512,39416,76.984375
9725,512,47208,92.203125
9726,512,39292,76.742188
9727,512,41542,81.136719
9728,512,38541,75.275391
9729,512,38459,75.115234
9730,512,41875,81.787109
9731,512,41667,81.380859
9732,512,39375,76.904297
9733,512,42666,83.332031
9734,512,37500,73.242188
9735,512,39333,76.822266
9736,512,37792,73.812500
9737,512,39125,76.416016
9738,512,38125,74.462891
9739,512,39625,77.392578
9740,512,36291,70.880859
9741,512,35625,69.580078
9742,512,34584,67.546875
9743,512,37291,72.833984
9744,512,35209,68.767578
9745,512,35667,69.662109
9746,512,36042,70.394531
9747,512,38833,75.845703
9748,512,43750,85.449219
9749,512,38875,75.927734
9750,512,38208,74.625000
9751,512,41125,80.322266
9752,512,45042,87.972656
9753,512,47125,92.041016
9754,512,42458,82.925781
9755,512,38917,76.009766
9756,512,38250,74.707031
9757,512,46791,91.388672
9758,512,37875,73.974609
9759,512,39958,78.042969
9760,512,38167,74.544922
9761,512,37666,73.566406
9762,512,39083,76.333984
9763,512,40583,79.263672
9764,512,42417,82.845703
9765,512,45000,87.890625
9766,512,38084,74.382812
9767,512,39208,76.578125
9768,512,39708,77.554688
9769,512,45833,89.517578
9770,512,41375,80.810547
9771,512,37666,73.566406
9772,512,57625,112.548828
9773,512,50500,98.632812
9774,512,46750,91.308594
9775,512,46625,91.064453
9776,512,39125,76.416016
9777,512,37208,72.671875
9778,512,35583,69.498047
9779,512,33875,66.162109
9780,512,41000,80.078125
9781,512,40000,78.125000
9782,512,34542,67.464844
9783,512,35083,68.521484
9784,512,36334,70.964844
9785,512,35292,68.929688
9786,512,35500,69.335938
9787,512,37041,72.345703
9788,512,35917,70.150391
9789,512,34958,68.277344
9790,512,34458,67.300781
9791,512,36917,72.103516
9792,512,34834,68.035156
9793,512,35791,69.904297
9794,512,35417,69.173828
9795,512,35458,69.253906
9796,512,34042,66.488281
9797,512,43167,84.310547
9798,512,33958,66.324219
9799,512,38042,74.300781
9800,512,38333,74.869141
9801,512,36208,70.718750
9802,512,34333,67.056641
9803,512,35584,69.500000
9804,512,40709,79.509766
9805,512,34125,66.650391
9806,512,35833,69.986328
9807,512,35667,69.662109
9808,512,36292,70.882812
9809,512,34375,67.138672
9810,512,33833,66.080078
9811,512,32792,64.046875
9812,512,44417,86.751953
9813,512,39292,76.742188
9814,512,39667,77.474609
9815,512,39750,77.636719
9816,512,45250,88.378906
9817,512,39208,76.578125
9818,512,44000,85.937500
9819,512,38709,75.603516
9820,512,38791,75.763672
9821,512,39209,76.580078
9822,512,43250,84.472656
9823,512,74542,145.589844
9824,512,41792,81.625000
9825,512,40583,79.263672
9826,512,39167,76.498047
9827,512,36584,71.453125
9828,512,40250,78.613281
9829,512,37625,73.486328
9830,512,35834,69.988281
9831,512,37875,73.974609
9832,512,37542,73.324219
9833,512,39333,76.822266
9834,512,41792,81.625000
9835,512,50708,99.039062
9836,512,52916,103.351562
9837,512,52542,102.621094
9838,512,39083,76.333984
9839,512,38708,75.601562
9840,512,37709,73.650391
9841,512,49458,96.597656
9842,512,44875,87.646484
9843,512,36583,71.451172
9844,512,39000,76.171875
9845,512,38208,74.625000
9846,512,39625,77.392578
9847,512,39833,77.798828
9848,512,39625,77.392578
9849,512,39083,76.333984
9850,512,38792,75.765625
9851,512,39875,77.880859
9852,512,37250,72.753906
9853,512,37125,72.509766
9854,512,37458,73.160156
9855,512,39459,77.068359
9856,512,37375,72.998047
9857,512,38458,75.113281
9858,512,37875,73.974609
9859,512,41084,80.242188
9860,512,37083,72.427734
9861,512,36875,72.021484
9862,512,41500,81.054688
9863,512,40833,79.751953
9864,512,36125,70.556641
9865,512,38250,74.707031
9866,512,37209,72.673828
9867,512,41833,81.705078
9868,512,41875,81.787109
9869,512,39416,76.984375
9870,512,40792,79.671875
9871,512,37791,73.810547
9872,512,45834,89.519531
9873,512,38041,74.298828
9874,512,37208,72.671875
9875,512,38917,76.009766
9876,512,36875,72.021484
9877,512,34541,67.462891
9878,512,36375,71.044922
9879,512,33833,66.080078
9880,512,35125,68.603516
9881,512,35667,69.662109
9882,512,36875,72.021484
9883,512,37375,72.998047
9884,512,35792,69.906250
9885,512,38083,74.380859
9886,512,36583,71.451172
9887,512,38959,76.091797
9888,512,36750,71.777344
9889,512,35042,68.441406
9890,512,37250,72.753906
9891,512,36708,71.695312
9892,512,37167,72.591797
9893,512,40416,78.937500
9894,512,37875,73.974609
9895,512,36625,71.533203
9896,512,36542,71.371094
9897,512,36333,70.962891
9898,512,36458,71.207031
9899,512,35458,69.253906
9900,512,36084,70.476562
9901,512,39500,77.148438
9902,512,36459,71.208984
9903,512,36583,71.451172
9904,512,41125,80.322266
9905,512,36833,71.939453
9906,512,37667,73.568359
9907,512,38833,75.845703
9908,512,36167,70.638672
9909,512,35750,69.824219
9910,512,33041,64.533203
9911,512,36334,70.964844
9912,512,34625,67.626953
9913,512,35000,68.359375
9914,512,36250,70.800781
9915,512,34625,67.626953
9916,512,34042,66.488281
9917,512,35958,70.230469
9918,512,36250,70.800781
9919,512,35750,69.824219
9920,512,36292,70.882812
9921,512,35542,69.417969
9922,512,36583,71.451172
9923,512,37584,73.406250
9924,512,36041,70.392578
9925,512,34542,67.464844
9926,512,37292,72.835938
9927,512,36791,71.857422
9928,512,37792,73.812500
9929,512,34708,67.789062
9930,512,32625,63.720703
9931,512,35792,69.906250
9932,512,35750,69.824219
9933,512,33208,64.859375
9934,512,33625,65.673828
9935,512,35875,70.068359
9936,512,35584,69.500000
9937,512,36209,70.720703
9938,512,36500,71.289062
9939,512,34917,68.197266
9940,512,34916,68.195312
9941,512,37959,74.138672
9942,512,35334,69.011719
9943,512,35292,68.929688
9944,512,34875,68.115234
9945,512,35125,68.603516
9946,512,35792,69.906250
9947,512,34458,67.300781
9948,512,35084,68.523438
9949,512,37500,73.242188
9950,512,38417,75.033203
9951,512,70083,136.880859
9952,512,60000,117.187500
9953,512,47791,93.341797
9954,512,37042,72.347656
9955,512,35708,69.742188
9956,512,42500,83.007812
9957,512,37750,73.730469
9958,512,35042,68.441406
9959,512,34666,67.707031
9960,512,35459,69.255859
9961,512,37166,72.589844
9962,512,36500,71.289062
9963,512,36250,70.800781
9964,512,34834,68.035156
9965,512,35125,68.603516
9966,512,34792,67.953125
9967,512,35541,69.416016
9968,512,33959,66.326172
9969,512,36333,70.962891
9970,512,33208,64.859375
9971,512,37125,72.509766
9972,512,36292,70.882812
9973,512,45292,88.460938
9974,512,40750,79.589844
9975,512,35708,69.742188
9976,512,36625,71.533203
9977,512,34750,67.871094
9978,512,36375,71.044922
9979,512,38625,75.439453
9980,512,36917,72.103516
9981,512,38917,76.009766
9982,512,49917,97.494141
9983,512,41083,80.240234
9984,512,40292,78.695312
9985,512,36041,70.392578
9986,512,36459,71.208984
9987,512,36292,70.882812
9988,512,35167,68.685547
9989,512,45750,89.355469
9990,512,39667,77.474609
9991,512,48916,95.539062
9992,512,39792,77.718750
9993,512,38625,75.439453
9994,512,40875,79.833984
9995,512,40375,78.857422
9996,512,48125,93.994141
9997,512,44750,87.402344
9998,512,38167,74.544922
9999,512,39667,77.474609
10000,512,36791,71.857422
10001,512,37667,73.568359
10002,512,37917,74.056641
10003,512,37584,73.406250
10004,512,36834,71.941406
10005,512,37333,72.916016
10006,512,38125,74.462891
10007,512,37875,73.974609
10008,512,36709,71.697266
10009,512,39125,76.416016
10010,512,37667,73.568359
10011,512,37417,73.080078
10012,512,37667,73.568359
10013,512,37125,72.509766
10014,512,40291,78.693359
10015,512,54250,105.957031
10016,512,44542,86.996094
10017,512,38666,75.519531
10018,512,41834,81.707031
10019,512,40041,78.205078
10020,512,38917,76.009766
10021,512,48708,95.132812
10022,512,44833,87.564453
10023,512,39667,77.474609
10024,512,51792,101.156250
10025,512,41416,80.890625
10026,512,47334,92.449219
10027,512,37417,73.080078
10028,512,38667,75.521484
10029,512,39042,76.253906
10030,512,38417,75.033203
10031,512,37500,73.242188
10032,512,37334,72.917969
10033,512,37291,72.833984
10034,512,38667,75.521484
10035,512,38167,74.544922
10036,512,38000,74.218750
10037,512,43292,84.554688
10038,512,61250,119.628906
10039,512,39833,77.798828
10040,512,34000,66.406250
10041,512,34291,66.974609
10042,512,35084,68.523438
10043,512,35750,69.824219
10044,512,33458,65.347656
10045,512,34125,66.650391
10046,512,33833,66.080078
10047,512,40500,79.101562
10048,512,35084,68.523438
10049,512,35083,68.521484
10050,512,32333,63.150391
10051,512,39417,76.986328
10052,512,37667,73.568359
10053,512,33208,64.859375
10054,512,34291,66.974609
10055,512,33875,66.162109
10056,512,33917,66.244141
10057,512,34791,67.951172
10058,512,35542,69.417969
10059,512,40209,78.533203
10060,512,34291,66.974609
10061,512,35917,70.150391
10062,512,34542,67.464844
10063,512,36792,71.859375
10064,512,35208,68.765625
10065,512,35250,68.847656
10066,512,34875,68.115234
10067,512,33000,64.453125
10068,512,34208,66.812500
10069,512,35000,68.359375
10070,512,34833,68.033203
10071,512,34250,66.894531
10072,512,33792,66.000000
10073,512,34375,67.138672
10074,512,34292,66.976562
10075,512,33416,65.265625
10076,512,33000,64.453125
10077,512,36208,70.718750
10078,512,34500,67.382812
10079,512,35250,68.847656
10080,512,34125,66.650391
10081,512,34583,67.544922
10082,512,36958,72.183594
10083,512,36042,70.394531
10084,512,41083,80.240234
10085,512,46083,90.005859
10086,512,37583,73.404297
10087,512,45666,89.191406
10088,512,40417,78.939453
10089,512,38875,75.927734
10090,512,39667,77.474609
10091,512,41000,80.078125
10092,512,36041,70.392578
10093,512,36084,70.476562
10094,512,36625,71.533203
10095,512,34500,67.382812
10096,512,34792,67.953125
10097,512,35833,69.986328
10098,512,35792,69.906250
10099,512,44958,87.808594
10100,512,38042,74.300781
10101,512,37541,73.322266
10102,512,42875,83.740234
10103,512,47625,93.017578
10104,512,43333,84.634766
10105,512,35959,70.232422
10106,512,42417,82.845703
10107,512,44875,87.646484
10108,512,35625,69.580078
10109,512,34916,68.195312
10110,512,34875,68.115234
10111,512,35459,69.255859
10112,512,33541,65.509766
10113,512,35000,68.359375
10114,512,35292,68.929688
10115,512,36416,71.125000
10116,512,35959,70.232422
10117,512,37959,74.138672
10118,512,36166,70.636719
10119,512,36084,70.476562
10120,512,36416,71.125000
10121,512,34584,67.546875
10122,512,33875,66.162109
10123,512,34583,67.544922
10124,512,36000,70.312500
10125,512,33750,65.917969
10126,512,34000,66.406250
10127,512,34208,66.812500
10128,512,35250,68.847656
10129,512,34959,68.279297
10130,512,35834,69.988281
10131,512,37375,72.998047
10132,512,35375,69.091797
10133,512,36500,71.289062
10134,512,36667,71.615234
10135,512,35250,68.847656
10136,512,34667,67.708984
10137,512,36208,70.718750
10138,512,34417,67.220703
10139,512,34833,68.033203
10140,512,35333,69.009766
10141,512,34375,67.138672
10142,512,36875,72.021484
10143,512,36083,70.474609
10144,512,35125,68.603516
10145,512,35875,70.068359
10146,512,36000,70.312500
10147,512,35375,69.091797
10148,512,37875,73.974609
10149,512,36708,71.695312
10150,512,40000,78.125000
10151,512,38583,75.357422
10152,512,38542,75.277344
10153,512,37208,72.671875
10154,512,38250,74.707031
10155,512,37625,73.486328
10156,512,38833,75.845703
10157,512,37750,73.730469
10158,512,36250,70.800781
10159,512,38250,74.707031
10160,512,39208,76.578125
10161,512,39208,76.578125
10162,512,39542,77.230469
10163,512,39250,76.660156
10164,512,36166,70.636719
10165,512,38125,74.462891
10166,512,36542,71.371094
10167,512,38875,75.927734
10168,512,53667,104.818359
10169,512,39000,76.171875
10170,512,36875,72.021484
10171,512,39125,76.416016
10172,512,36875,72.021484
10173,512,37917,74.056641
10174,512,38375,74.951172
10175,512,38750,75.683594
10176,512,36334,70.964844
10177,512,37375,72.998047
10178,512,37958,74.136719
10179,512,35875,70.068359
10180,512,36958,72.183594
10181,512,37042,72.347656
10182,512,38750,75.683594
10183,512,36916,72.101562
10184,512,36209,70.720703
10185,512,35291,68.927734
10186,512,38333,74.869141
10187,512,37542,73.324219
10188,512,36875,72.021484
10189,512,37375,72.998047
10190,512,36500,71.289062
10191,512,36708,71.695312
10192,512,36042,70.394531
10193,512,39583,77.310547
10194,512,39458,77.066406
10195,512,37583,73.404297
10196,512,37750,73.730469
10197,512,35458,69.253906
10198,512,36417,71.126953
10199,512,36500,71.289062
10200,512,37958,74.136719
10201,512,36459,71.208984
10202,512,36166,70.636719
10203,512,39584,77.312500
10204,512,38000,74.218750
10205,512,37084,72.429688
10206,512,38000,74.218750
10207,512,39583,77.310547
10208,512,37250,72.753906
10209,512,37083,72.427734
10210,512,35875,70.068359
10211,512,35917,70.150391
10212,512,37208,72.671875
10213,512,35792,69.906250
10214,512,35583,69.498047
10215,512,63792,124.593750
10216,512,45916,89.679688
10217,512,41167,80.404297
10218,512,48791,95.294922
10219,512,44000,85.937500
10220,512,41500,81.054688
10221,512,34208,66.812500
10222,512,33709,65.837891
10223,512,35250,68.847656
10224,512,36666,71.613281
10225,512,34209,66.814453
10226,512,34666,67.707031
10227,512,34583,67.544922
10228,512,35417,69.173828
10229,512,34875,68.115234
10230,512,34167,66.732422
10231,512,35375,69.091797
10232,512,36958,72.183594
10233,512,44458,86.832031
10234,512,35500,69.335938
10235,512,33917,66.244141
10236,512,36125,70.556641
10237,512,40750,79.589844
10238,512,36875,72.021484
10239,512,34458,67.300781
10240,512,35792,69.906250
10241,512,37583,73.404297
10242,512,35916,70.148438
10243,512,37459,73.162109
10244,512,36125,70.556641
10245,512,36834,71.941406
10246,512,36167,70.638672
10247,512,37208,72.671875
10248,512,36709,71.697266
10249,512,40041,78.205078
10250,512,37292,72.835938
10251,512,37958,74.136719
10252,512,38666,75.519531
10253,512,36709,71.697266
10254,512,36750,71.777344
10255,512,36667,71.615234
10256,512,47000,91.796875
10257,512,46833,91.470703
10258,512,38334,74.871094
10259,512,36500,71.289062
10260,512,45916,89.679688
10261,512,54708,106.851562
10262,512,50958,99.527344
10263,512,44459,86.833984
10264,512,38541,75.275391
10265,512,39042,76.253906
10266,512,43083,84.146484
10267,512,46167,90.169922
10268,512,45916,89.679688
10269,512,38542,75.277344
10270,512,39959,78.044922
10271,512,44625,87.158203
10272,512,42083,82.193359
10273,512,44208,86.343750
10274,512,38250,74.707031
10275,512,38959,76.091797
10276,512,37416,73.078125
10277,512,43750,85.449219
10278,512,45792,89.437500
10279,512,42000,82.031250
10280,512,41375,80.810547
10281,512,39584,77.312500
10282,512,41916,81.867188
10283,512,39333,76.822266
10284,512,37958,74.136719
10285,512,37125,72.509766
10286,512,38125,74.462891
10287,512,37750,73.730469
10288,512,37000,72.265625
10289,512,36792,71.859375
10290,512,37000,72.265625
10291,512,35500,69.335938
10292,512,34209,66.814453
10293,512,36959,72.185547
10294,512,35917,70.150391
10295,512,36792,71.859375
10296,512,37375,72.998047
10297,512,37875,73.974609
10298,512,35584,69.500000
10299,512,34833,68.033203
10300,512,35208,68.765625
10301,512,36042,70.394531
10302,512,36208,70.718750
10303,512,35625,69.580078
10304,512,36875,72.021484
10305,512,34833,68.033203
10306,512,34417,67.220703
10307,512,34750,67.871094
10308,512,33292,65.023438
10309,512,35416,69.171875
10310,512,35000,68.359375
10311,512,34291,66.974609
10312,512,34292,66.976562
10313,512,33666,65.753906
10314,512,36459,71.208984
10315,512,39333,76.822266
10316,512,47250,92.285156
10317,512,42333,82.681641
10318,512,33416,65.265625
10319,512,35875,70.068359
10320,512,34292,66.976562
10321,512,34375,67.138672
10322,512,34000,66.406250
10323,512,34542,67.464844
10324,512,33916,66.242188
10325,512,34167,66.732422
10326,512,35375,69.091797
10327,512,33833,66.080078
10328,512,44958,87.808594
10329,512,50958,99.527344
10330,512,34709,67.791016
10331,512,34916,68.195312
10332,512,33792,66.000000
10333,512,33458,65.347656
10334,512,35167,68.685547
10335,512,35750,69.824219
10336,512,35250,68.847656
10337,512,36083,70.474609
10338,512,35875,70.068359
10339,512,34750,67.871094
10340,512,34584,67.546875
10341,512,35125,68.603516
10342,512,35166,68.683594
10343,512,40084,78.289062
10344,512,34834,68.035156
10345,512,34916,68.195312
10346,512,47792,93.343750
10347,512,42709,83.416016
10348,512,37792,73.812500
10349,512,45083,88.052734
10350,512,46459,90.740234
10351,512,38959,76.091797
10352,512,38333,74.869141
10353,512,37958,74.136719
10354,512,37375,72.998047
10355,512,38125,74.462891
10356,512,37834,73.894531
10357,512,44916,87.726562
10358,512,36209,70.720703
10359,512,45041,87.970703
10360,512,40500,79.101562
10361,512,39833,77.798828
10362,512,39291,76.740234
10363,512,38875,75.927734
10364,512,37459,73.162109
10365,512,40291,78.693359
10366,512,37708,73.648438
10367,512,38042,74.300781
10368,512,39208,76.578125
10369,512,40125,78.369141
10370,512,41041,80.158203
10371,512,46667,91.146484
10372,512,40500,79.101562
10373,512,39333,76.822266
10374,512,37750,73.730469
10375,512,39917,77.962891
10376,512,39792,77.718750
10377,512,39000,76.171875
10378,512,39166,76.496094
10379,512,39208,76.578125
10380,512,39250,76.660156
10381,512,40250,78.613281
10382,512,42291,82.599609
10383,512,39208,76.578125
10384,512,39958,78.042969
10385,512,38709,75.603516
10386,512,38416,75.031250
10387,512,37625,73.486328
10388,512,39542,77.230469
10389,512,39333,76.822266
10390,512,38958,76.089844
10391,512,45167,88.216797
10392,512,37334,72.917969
10393,512,59708,116.617188
10394,512,40125,78.369141
10395,512,40791,79.669922
10396,512,37250,72.753906
10397,512,36791,71.857422
10398,512,40667,79.427734
10399,512,38083,74.380859
10400,512,37875,73.974609
10401,512,45542,88.949219
10402,512,50375,98.388672
10403,512,46250,90.332031
10404,512,37375,72.998047
10405,512,40042,78.207031
10406,512,39000,76.171875
10407,512,37292,72.835938
10408,512,38542,75.277344
10409,512,39458,77.066406
10410,512,37792,73.812500
10411,512,37125,72.509766
10412,512,39750,77.636719
10413,512,39000,76.171875
10414,512,39833,77.798828
10415,512,36917,72.103516
10416,512,39833,77.798828
10417,512,38291,74.787109
10418,512,39834,77.800781
10419,512,36750,71.777344
10420,512,36042,70.394531
10421,512,39584,77.312500
10422,512,37709,73.650391
10423,512,39667,77.474609
10424,512,40250,78.613281
10425,512,35791,69.904297
10426,512,38125,74.462891
10427,512,37917,74.056641
10428,512,59000,115.234375
10429,512,34041,66.486328
10430,512,33875,66.162109
10431,512,35083,68.521484
10432,512,32792,64.046875
10433,512,32500,63.476562
10434,512,34208,66.812500
10435,512,34292,66.976562
10436,512,33917,66.244141
10437,512,34292,66.976562
10438,512,38250,74.707031
10439,512,37000,72.265625
10440,512,33833,66.080078
10441,512,32083,62.662109
10442,512,35750,69.824219
10443,512,33375,65.185547
10444,512,34542,67.464844
10445,512,32750,63.964844
10446,512,57666,112.628906
10447,512,34417,67.220703
10448,512,35375,69.091797
10449,512,37708,73.648438
10450,512,46417,90.658203
10451,512,33916,66.242188
10452,512,34375,67.138672
10453,512,34292,66.976562
10454,512,34708,67.789062
10455,512,35583,69.498047
10456,512,33834,66.082031
10457,512,32917,64.291016
10458,512,33625,65.673828
10459,512,34583,67.544922
10460,512,32875,64.208984
10461,512,33667,65.755859
10462,512,34041,66.486328
10463,512,34917,68.197266
10464,512,33584,65.593750
10465,512,33666,65.753906
10466,512,35542,69.417969
10467,512,34625,67.626953
10468,512,33583,65.591797
10469,512,34708,67.789062
10470,512,35500,69.335938
10471,512,33458,65.347656
10472,512,34834,68.035156
10473,512,35708,69.742188
10474,512,33583,65.591797
10475,512,37292,72.835938
10476,512,34042,66.488281
10477,512,34500,67.382812
10478,512,94000,183.593750
10479,512,47458,92.691406
10480,512,38417,75.033203
10481,512,42333,82.681641
10482,512,39792,77.718750
10483,512,41250,80.566406
10484,512,42750,83.496094
10485,512,45417,88.705078
10486,512,44458,86.832031
10487,512,39459,77.068359
10488,512,58458,114.175781
10489,512,47625,93.017578
10490,512,55291,107.990234
10491,512,44917,87.728516
10492,512,43166,84.308594
10493,512,46333,90.494141
10494,512,43375,84.716797
10495,512,42292,82.601562
10496,512,44125,86.181641
10497,512,46125,90.087891
10498,512,52666,102.863281
10499,512,49459,96.599609
10500,512,49084,95.867188
10501,512,38542,75.277344
10502,512,35875,70.068359
10503,512,41542,81.136719
10504,512,35709,69.744141
10505,512,37583,73.404297
10506,512,35625,69.580078
10507,512,37375,72.998047
10508,512,37542,73.324219
10509,512,47583,92.935547
10510,512,46250,90.332031
10511,512,37667,73.568359
10512,512,41166,80.402344
10513,512,36042,70.394531
10514,512,35500,69.335938
10515,512,35750,69.824219
10516,512,35917,70.150391
10517,512,36875,72.021484
10518,512,38333,74.869141
10519,512,36208,70.718750
10520,512,36125,70.556641
10521,512,39042,76.253906
10522,512,38916,76.007812
10523,512,36917,72.103516
10524,512,37666,73.566406
10525,512,47709,93.181641
10526,512,46000,89.843750
10527,512,46958,91.714844
10528,512,50000,97.656250
10529,512,45125,88.134766
10530,512,39417,76.986328
10531,512,40875,79.833984
10532,512,49500,96.679688
10533,512,36375,71.044922
10534,512,35458,69.253906
10535,512,35000,68.359375
10536,512,34541,67.462891
10537,512,35792,69.906250
10538,512,42083,82.193359
10539,512,42833,83.658203
10540,512,41334,80.730469
10541,512,42541,83.087891
10542,512,46167,90.169922
10543,512,43958,85.855469
10544,512,37250,72.753906
10545,512,36666,71.613281
10546,512,38334,74.871094
10547,512,38375,74.951172
10548,512,45083,88.052734
10549,512,49250,96.191406
10550,512,42250,82.519531
10551,512,38792,75.765625
10552,512,37417,73.080078
10553,512,35250,68.847656
10554,512,41750,81.542969
10555,512,43750,85.449219
10556,512,40166,78.449219
10557,512,41084,80.242188
10558,512,42875,83.740234
10559,512,48792,95.296875
10560,512,40041,78.205078
10561,512,35709,69.744141
10562,512,35833,69.986328
10563,512,36416,71.125000
10564,512,35584,69.500000
10565,512,36000,70.312500
10566,512,35292,68.929688
10567,512,46750,91.308594
10568,512,44083,86.099609
10569,512,48125,93.994141
10570,512,39625,77.392578
10571,512,36167,70.638672
10572,512,39541,77.228516
10573,512,38625,75.439453
10574,512,40000,78.125000
10575,512,38125,74.462891
10576,512,42500,83.007812
10577,512,45958,89.761719
10578,512,39375,76.904297
10579,512,54208,105.875000
10580,512,41167,80.404297
10581,512,39500,77.148438
10582,512,40500,79.101562
10583,512,36583,71.451172
10584,512,39625,77.392578
10585,512,39542,77.230469
10586,512,38083,74.380859
10587,512,37833,73.892578
10588,512,37083,72.427734
10589,512,42958,83.902344
10590,512,39792,77.718750
10591,512,40500,79.101562
10592,512,39750,77.636719
10593,512,39666,77.472656
10594,512,38500,75.195312
10595,512,48000,93.750000
10596,512,37542,73.324219
10597,512,39334,76.824219
10598,512,38334,74.871094
10599,512,40208,78.531250
10600,512,39792,77.718750
10601,512,38458,75.113281
10602,512,39500,77.148438
10603,512,39958,78.042969
10604,512,39583,77.310547
10605,512,40334,78.777344
10606,512,37500,73.242188
10607,512,39125,76.416016
10608,512,41750,81.542969
10609,512,39792,77.718750
10610,512,39333,76.822266
10611,512,39958,78.042969
10612,512,40042,78.207031
10613,512,40333,78.775391
10614,512,39875,77.880859
10615,512,40041,78.205078
10616,512,39542,77.230469
10617,512,37792,73.812500
10618,512,39208,76.578125
10619,512,39334,76.824219
10620,512,41583,81.216797
10621,512,47292,92.367188
10622,512,38375,74.951172
10623,512,42583,83.169922
10624,512,46667,91.146484
10625,512,37791,73.810547
10626,512,40667,79.427734
10627,512,42333,82.681641
10628,512,40709,79.509766
10629,512,37583,73.404297
10630,512,37750,73.730469
10631,512,38083,74.380859
10632,512,46166,90.167969
10633,512,40834,79.753906
10634,512,48041,93.830078
10635,512,38958,76.089844
10636,512,37542,73.324219
10637,512,43917,85.775391
10638,512,44625,87.158203
10639,512,49209,96.111328
10640,512,45083,88.052734
10641,512,51625,100.830078
10642,512,38250,74.707031
10643,512,38542,75.277344
10644,512,41291,80.646484
10645,512,44625,87.158203
10646,512,42416,82.843750
10647,512,41917,81.869141
10648,512,39708,77.554688
10649,512,44000,85.937500
10650,512,65083,127.115234
10651,512,41042,80.160156
10652,512,37709,73.650391
10653,512,37375,72.998047
10654,512,43417,84.798828
10655,512,39958,78.042969
10656,512,43875,85.693359
10657,512,42000,82.031250
10658,512,56500,110.351562
10659,512,39459,77.068359
10660,512,37459,73.162109
10661,512,38000,74.218750
10662,512,37333,72.916016
10663,512,37625,73.486328
10664,512,38542,75.277344
10665,512,37500,73.242188
10666,512,38250,74.707031
10667,512,38625,75.439453
10668,512,36375,71.044922
10669,512,39750,77.636719
10670,512,41250,80.566406
10671,512,43125,84.228516
10672,512,42792,83.578125
10673,512,40541,79.181641
10674,512,36542,71.371094
10675,512,37917,74.056641
10676,512,37750,73.730469
10677,512,40625,79.345703
10678,512,36458,71.207031
10679,512,50291,98.224609
10680,512,43958,85.855469
10681,512,43375,84.716797
10682,512,38250,74.707031
10683,512,37750,73.730469
10684,512,36875,72.021484
10685,512,38959,76.091797
10686,512,38417,75.033203
10687,512,39125,76.416016
10688,512,39000,76.171875
10689,512,37000,72.265625
10690,512,38750,75.683594
10691,512,38375,74.951172
10692,512,38667,75.521484
10693,512,36500,71.289062
10694,512,36666,71.613281
10695,512,35709,69.744141
10696,512,38167,74.544922
10697,512,38667,75.521484
10698,512,37125,72.509766
10699,512,37000,72.265625
10700,512,37708,73.648438
10701,512,37167,72.591797
10702,512,37083,72.427734
10703,512,37834,73.894531
10704,512,37375,72.998047
10705,512,37333,72.916016
10706,512,35917,70.150391
10707,512,36541,71.369141
10708,512,37209,72.673828
10709,512,36416,71.125000
10710,512,42709,83.416016
10711,512,39167,76.498047
10712,512,40458,79.019531
10713,512,39875,77.880859
10714,512,39292,76.742188
10715,512,47750,93.261719
10716,512,39375,76.904297
10717,512,38167,74.544922
10718,512,37166,72.589844
10719,512,36917,72.103516
10720,512,39583,77.310547
10721,512,37875,73.974609
10722,512,42959,83.904297
10723,512,37791,73.810547
10724,512,36875,72.021484
10725,512,36250,70.800781
10726,512,37166,72.589844
10727,512,37625,73.486328
10728,512,35959,70.232422
10729,512,36083,70.474609
10730,512,37250,72.753906
10731,512,39542,77.230469
10732,512,36666,71.613281
10733,512,35917,70.150391
10734,512,37917,74.056641
10735,512,38041,74.298828
10736,512,36875,72.021484
10737,512,37125,72.509766
10738,512,36959,72.185547
10739,512,40250,78.613281
10740,512,38625,75.439453
10741,512,39166,76.496094
10742,512,40000,78.125000
10743,512,38250,74.707031
10744,512,38916,76.007812
10745,512,42542,83.089844
10746,512,37666,73.566406
10747,512,37959,74.138672
10748,512,35291,68.927734
10749,512,36625,71.533203
10750,512,39292,76.742188
10751,512,38416,75.031250
10752,512,37500,73.242188
10753,512,36959,72.185547
10754,512,39833,77.798828
10755,512,37458,73.160156
10756,512,38542,75.277344
10757,512,35916,70.148438
10758,512,38084,74.382812
10759,512,39292,76.742188
10760,512,38042,74.300781
10761,512,38791,75.763672
10762,512,38834,75.847656
10763,512,35875,70.068359
10764,512,38750,75.683594
10765,512,45750,89.355469
10766,512,48500,94.726562
10767,512,43417,84.798828
10768,512,48541,94.806641
10769,512,40958,79.996094
10770,512,37209,72.673828
10771,512,37875,73.974609
10772,512,40875,79.833984
10773,512,38167,74.544922
10774,512,37791,73.810547
10775,512,37292,72.835938
10776,512,39875,77.880859
10777,512,43958,85.855469
10778,512,42041,82.111328
10779,512,39375,76.904297
10780,512,40125,78.369141
10781,512,39792,77.718750
10782,512,38791,75.763672
10783,512,42250,82.519531
10784,512,37666,73.566406
10785,512,38959,76.091797
10786,512,40791,79.669922
10787,512,39917,77.962891
10788,512,40166,78.449219
10789,512,39375,76.904297
10790,512,39375,76.904297
10791,512,46917,91.634766
10792,512,45875,89.599609
10793,512,43083,84.146484
10794,512,41042,80.160156
10795,512,39375,76.904297
10796,512,40375,78.857422
10797,512,39041,76.251953
10798,512,40708,79.507812
10799,512,38792,75.765625
10800,512,38167,74.544922
10801,512,38875,75.927734
10802,512,38750,75.683594
10803,512,39417,76.986328
10804,512,39000,76.171875
10805,512,38750,75.683594
10806,512,39166,76.496094
10807,512,39000,76.171875
10808,512,37875,73.974609
10809,512,45500,88.867188
10810,512,38791,75.763672
10811,512,39625,77.392578
10812,512,44250,86.425781
10813,512,39125,76.416016
10814,512,39708,77.554688
10815,512,39500,77.148438
10816,512,36791,71.857422
10817,512,40584,79.265625
10818,512,38875,75.927734
10819,512,46083,90.005859
10820,512,46542,90.902344
10821,512,50084,97.820312
10822,512,40750,79.589844
10823,512,39584,77.312500
10824,512,40958,79.996094
10825,512,42375,82.763672
10826,512,42167,82.357422
10827,512,38500,75.195312
10828,512,38750,75.683594
10829,512,40791,79.669922
10830,512,38459,75.115234
10831,512,39459,77.068359
10832,512,39667,77.474609
10833,512,37916,74.054688
10834,512,38917,76.009766
10835,512,39958,78.042969
10836,512,39042,76.253906
10837,512,40084,78.289062
10838,512,39583,77.310547
10839,512,40708,79.507812
10840,512,45708,89.273438
10841,512,39667,77.474609
10842,512,39375,76.904297
10843,512,46292,90.414062
10844,512,70708,138.101562
10845,512,37583,73.404297
10846,512,38333,74.869141
10847,512,36042,70.394531
10848,512,40333,78.775391
10849,512,37667,73.568359
10850,512,46041,89.923828
10851,512,34708,67.789062
10852,512,35667,69.662109
10853,512,34875,68.115234
10854,512,36459,71.208984
10855,512,38042,74.300781
10856,512,37833,73.892578
10857,512,35125,68.603516
10858,512,35958,70.230469
10859,512,36375,71.044922
10860,512,34084,66.570312
10861,512,40750,79.589844
10862,512,52750,103.027344
10863,512,35750,69.824219
10864,512,38333,74.869141
10865,512,37459,73.162109
10866,512,34875,68.115234
10867,512,39417,76.986328
10868,512,36000,70.312500
10869,512,37375,72.998047
10870,512,38250,74.707031
10871,512,42084,82.195312
10872,512,36709,71.697266
10873,512,34791,67.951172
10874,512,35917,70.150391
10875,512,35209,68.767578
10876,512,35750,69.824219
10877,512,36375,71.044922
10878,512,35209,68.767578
10879,512,40291,78.693359
10880,512,35542,69.417969
10881,512,35417,69.173828
10882,512,35917,70.150391
10883,512,35166,68.683594
10884,512,35458,69.253906
10885,512,40667,79.427734
10886,512,36083,70.474609
10887,512,35708,69.742188
10888,512,34709,67.791016
10889,512,37750,73.730469
10890,512,35291,68.927734
10891,512,36542,71.371094
10892,512,35625,69.580078
10893,512,35667,69.662109
10894,512,35250,68.847656
10895,512,36083,70.474609
10896,512,34917,68.197266
10897,512,37583,73.404297
10898,512,38917,76.009766
10899,512,38459,75.115234
10900,512,36250,70.800781
10901,512,36000,70.312500
10902,512,37041,72.345703
10903,512,38959,76.091797
10904,512,38167,74.544922
10905,512,36375,71.044922
10906,512,35667,69.662109
10907,512,36833,71.939453
10908,512,35667,69.662109
10909,512,35583,69.498047
10910,512,34375,67.138672
10911,512,36333,70.962891
10912,512,36334,70.964844
10913,512,39125,76.416016
10914,512,35792,69.906250
10915,512,35917,70.150391
10916,512,34875,68.115234
10917,512,34334,67.058594
10918,512,35916,70.148438
10919,512,36625,71.533203
10920,512,36125,70.556641
10921,512,37834,73.894531
10922,512,35375,69.091797
10923,512,39583,77.310547
10924,512,34708,67.789062
10925,512,34709,67.791016
10926,512,35250,68.847656
10927,512,36041,70.392578
10928,512,36042,70.394531
10929,512,40375,78.857422
10930,512,35042,68.441406
10931,512,35250,68.847656
10932,512,35416,69.171875
10933,512,34583,67.544922
10934,512,34500,67.382812
10935,512,35500,69.335938
10936,512,34083,66.568359
10937,512,38625,75.439453
10938,512,36875,72.021484
10939,512,35042,68.441406
10940,512,33458,65.347656
10941,512,34500,67.382812
10942,512,37209,72.673828
10943,512,35709,69.744141
10944,512,34833,68.033203
10945,512,34583,67.544922
10946,512,34458,67.300781
10947,512,34625,67.626953
10948,512,33959,66.326172
10949,512,34333,67.056641
10950,512,33750,65.917969
10951,512,32667,63.802734
10952,512,34833,68.033203
10953,512,36500,71.289062
10954,512,37542,73.324219
10955,512,39584,77.312500
10956,512,36625,71.533203
10957,512,43000,83.984375
10958,512,44042,86.019531
10959,512,44500,86.914062
10960,512,47917,93.587891
10961,512,37291,72.833984
10962,512,40084,78.289062
10963,512,40292,78.695312
10964,512,36333,70.962891
10965,512,39125,76.416016
10966,512,37375,72.998047
10967,512,36875,72.021484
10968,512,39167,76.498047
10969,512,46917,91.634766
10970,512,40375,78.857422
10971,512,39000,76.171875
10972,512,39334,76.824219
10973,512,44625,87.158203
10974,512,36916,72.101562
10975,512,36375,71.044922
10976,512,39333,76.822266
10977,512,42625,83.251953
10978,512,45125,88.134766
10979,512,46959,91.716797
10980,512,40417,78.939453
10981,512,37083,72.427734
10982,512,38000,74.218750
10983,512,38333,74.869141
10984,512,37458,73.160156
10985,512,39959,78.044922
10986,512,37042,72.347656
10987,512,36625,71.533203
10988,512,36708,71.695312
10989,512,36250,70.800781
10990,512,39084,76.335938
10991,512,37333,72.916016
10992,512,38125,74.462891
10993,512,43167,84.310547
10994,512,36541,71.369141
10995,512,34959,68.279297
10996,512,38666,75.519531
10997,512,35959,70.232422
10998,512,37375,72.998047
10999,512,36625,71.533203
11000,512,37833,73.892578
11001,512,37750,73.730469
11002,512,37583,73.404297
11003,512,37500,73.242188
11004,512,39000,76.171875
11005,512,35208,68.765625
11006,512,37625,73.486328
11007,512,38125,74.462891
11008,512,37917,74.056641
11009,512,38875,75.927734
11010,512,36167,70.638672
11011,512,37500,73.242188
11012,512,37417,73.080078
11013,512,36375,71.044922
11014,512,38125,74.462891
11015,512,37916,74.054688
11016,512,38459,75.115234
11017,512,37250,72.753906
11018,512,38875,75.927734
11019,512,39042,76.253906
11020,512,36333,70.962891
11021,512,39750,77.636719
11022,512,39500,77.148438
11023,512,37250,72.753906
11024,512,35417,69.173828
11025,512,37500,73.242188
11026,512,37958,74.136719
11027,512,35416,69.171875
11028,512,36750,71.777344
11029,512,36625,71.533203
11030,512,35958,70.230469
11031,512,38000,74.218750
11032,512,39167,76.498047
11033,512,37750,73.730469
11034,512,36959,72.185547
11035,512,38459,75.115234
11036,512,38750,75.683594
11037,512,37625,73.486328
11038,512,38459,75.115234
11039,512,39291,76.740234
11040,512,35083,68.521484
11041,512,36834,71.941406
11042,512,37750,73.730469
11043,512,36125,70.556641
11044,512,36500,71.289062
11045,512,36375,71.044922
11046,512,38417,75.033203
11047,512,37208,72.671875
11048,512,36792,71.859375
11049,512,35167,68.685547
11050,512,36042,70.394531
11051,512,36583,71.451172
11052,512,36458,71.207031
11053,512,37959,74.138672
11054,512,36500,71.289062
11055,512,37625,73.486328
11056,512,36750,71.777344
11057,512,36959,72.185547
11058,512,37208,72.671875
11059,512,37958,74.136719
11060,512,37417,73.080078
11061,512,34209,66.814453
11062,512,37875,73.974609
11063,512,37334,72.917969
11064,512,38416,75.031250
11065,512,37375,72.998047
11066,512,35667,69.662109
11067,512,37250,72.753906
11068,512,36459,71.208984
11069,512,37333,72.916016
11070,512,38542,75.277344
11071,512,37916,74.054688
11072,512,36584,71.453125
11073,512,37958,74.136719
11074,512,37250,72.753906
11075,512,36750,71.777344
11076,512,37083,72.427734
11077,512,37834,73.894531
11078,512,36292,70.882812
11079,512,37625,73.486328
11080,512,37166,72.589844
11081,512,36709,71.697266
11082,512,35958,70.230469
11083,512,37166,72.589844
11084,512,36500,71.289062
11085,512,36417,71.126953
11086,512,38291,74.787109
11087,512,37334,72.917969
11088,512,38500,75.195312
11089,512,37166,72.589844
11090,512,37292,72.835938
11091,512,36458,71.207031
11092,512,37917,74.056641
11093,512,36417,71.126953
11094,512,38000,74.218750
11095,512,36000,70.312500
11096,512,37458,73.160156
11097,512,37500,73.242188
11098,512,36000,70.312500
11099,512,36625,71.533203
11100,512,40000,78.125000
11101,512,39750,77.636719
11102,512,37334,72.917969
11103,512,36750,71.777344
11104,512,37958,74.136719
11105,512,40333,78.775391
11106,512,37875,73.974609
11107,512,36875,72.021484
11108,512,38584,75.359375
11109,512,37041,72.345703
11110,512,38500,75.195312
11111,512,56417,110.189453
11112,512,35000,68.359375
11113,512,36250,70.800781
11114,512,40250,78.613281
11115,512,36125,70.556641
11116,512,47292,92.367188
11117,512,46166,90.167969
11118,512,35708,69.742188
11119,512,36292,70.882812
11120,512,39958,78.042969
11121,512,34792,67.953125
11122,512,44458,86.832031
11123,512,43042,84.066406
11124,512,34250,66.894531
11125,512,36916,72.101562
11126,512,35667,69.662109
11127,512,36291,70.880859
11128,512,35000,68.359375
11129,512,36375,71.044922
11130,512,34042,66.488281
11131,512,33541,65.509766
11132,512,34334,67.058594
11133,512,36000,70.312500
11134,512,35125,68.603516
11135,512,35042,68.441406
11136,512,36250,70.800781
11137,512,34375,67.138672
11138,512,34666,67.707031
11139,512,34625,67.626953
11140,512,36833,71.939453
11141,512,35000,68.359375
11142,512,45708,89.273438
11143,512,41584,81.218750
11144,512,49291,96.271484
11145,512,41500,81.054688
11146,512,34416,67.218750
11147,512,44834,87.566406
11148,512,50584,98.796875
11149,512,35167,68.685547
11150,512,41750,81.542969
11151,512,33708,65.835938
11152,512,37375,72.998047
11153,512,33875,66.162109
11154,512,37709,73.650391
11155,512,35791,69.904297
11156,512,36167,70.638672
11157,512,39250,76.660156
11158,512,39667,77.474609
11159,512,34667,67.708984
11160,512,35291,68.927734
11161,512,34042,66.488281
11162,512,35417,69.173828
11163,512,33584,65.593750
11164,512,34666,67.707031
11165,512,34667,67.708984
11166,512,35791,69.904297
11167,512,38084,74.382812
11168,512,37250,72.753906
11169,512,38292,74.789062
11170,512,39208,76.578125
11171,512,37750,73.730469
11172,512,38583,75.357422
11173,512,38542,75.277344
11174,512,36167,70.638672
11175,512,37459,73.162109
11176,512,37125,72.509766
11177,512,36458,71.207031
11178,512,40583,79.263672
11179,512,36042,70.394531
11180,512,38208,74.625000
11181,512,39750,77.636719
11182,512,35667,69.662109
11183,512,37666,73.566406
11184,512,36542,71.371094
11185,512,37333,72.916016
11186,512,36958,72.183594
11187,512,36584,71.453125
11188,512,37166,72.589844
11189,512,37917,74.056641
11190,512,37333,72.916016
11191,512,36667,71.615234
11192,512,36417,71.126953
11193,512,35500,69.335938
11194,512,35833,69.986328
11195,512,38417,75.033203
11196,512,36000,70.312500
11197,512,39791,77.716797
11198,512,37375,72.998047
11199,512,36709,71.697266
11200,512,38041,74.298828
11201,512,37708,73.648438
11202,512,43167,84.310547
11203,512,37333,72.916016
11204,512,36542,71.371094
11205,512,39959,78.044922
11206,512,43541,85.041016
11207,512,36625,71.533203
11208,512,35750,69.824219
11209,512,37833,73.892578
11210,512,37291,72.833984
11211,512,35875,70.068359
11212,512,36083,70.474609
11213,512,37375,72.998047
11214,512,43083,84.146484
11215,512,42542,83.089844
11216,512,40250,78.613281
11217,512,38000,74.218750
11218,512,38083,74.380859
11219,512,37250,72.753906
11220,512,36375,71.044922
11221,512,38125,74.462891
11222,512,35792,69.906250
11223,512,37500,73.242188
11224,512,37834,73.894531
11225,512,37542,73.324219
11226,512,38791,75.763672
11227,512,40084,78.289062
11228,512,37541,73.322266
11229,512,38708,75.601562
11230,512,37209,72.673828
11231,512,39459,77.068359
11232,512,37625,73.486328
11233,512,38166,74.542969
11234,512,40250,78.613281
11235,512,38084,74.382812
11236,512,37958,74.136719
11237,512,39208,76.578125
11238,512,38042,74.300781
11239,512,41917,81.869141
11240,512,39916,77.960938
11241,512,37125,72.509766
11242,512,36375,71.044922
11243,512,38125,74.462891
11244,512,40833,79.751953
11245,512,38875,75.927734
11246,512,38000,74.218750
11247,512,41000,80.078125
11248,512,44667,87.240234
11249,512,38166,74.542969
11250,512,38084,74.382812
11251,512,36916,72.101562
11252,512,40125,78.369141
11253,512,40167,78.451172
11254,512,38375,74.951172
11255,512,39583,77.310547
11256,512,36500,71.289062
11257,512,37792,73.812500
11258,512,39416,76.984375
11259,512,38500,75.195312
11260,512,38584,75.359375
11261,512,39417,76.986328
11262,512,39333,76.822266
11263,512,37709,73.650391
11264,512,40250,78.613281
11265,512,39917,77.962891
11266,512,38625,75.439453
11267,512,41583,81.216797
11268,512,36834,71.941406
11269,512,38292,74.789062
11270,512,37292,72.835938
11271,512,37125,72.509766
11272,512,39625,77.392578
11273,512,40167,78.451172
11274,512,44542,86.996094
11275,512,39208,76.578125
11276,512,50625,98.876953
11277,512,38917,76.009766
11278,512,46959,91.716797
11279,512,40541,79.181641
11280,512,40500,79.101562
11281,512,43583,85.123047
11282,512,38166,74.542969
11283,512,38375,74.951172
11284,512,42875,83.740234
11285,512,38958,76.089844
11286,512,36250,70.800781
11287,512,52917,103.353516
11288,512,37584,73.406250
11289,512,51709,100.994141
11290,512,49416,96.515625
11291,512,43083,84.146484
11292,512,37292,72.835938
11293,512,39792,77.718750
11294,512,44875,87.646484
11295,512,41667,81.380859
11296,512,50333,98.306641
11297,512,38417,75.033203
11298,512,35666,69.660156
11299,512,42667,83.333984
11300,512,37291,72.833984
11301,512,36875,72.021484
11302,512,36958,72.183594
11303,512,38250,74.707031
11304,512,36084,70.476562
11305,512,36625,71.533203
11306,512,37000,72.265625
11307,512,39500,77.148438
11308,512,43167,84.310547
11309,512,39291,76.740234
11310,512,37167,72.591797
11311,512,40792,79.671875
11312,512,41542,81.136719
11313,512,43000,83.984375
11314,512,36166,70.636719
11315,512,35584,69.500000
11316,512,36583,71.451172
11317,512,37125,72.509766
11318,512,37167,72.591797
11319,512,38625,75.439453
11320,512,38625,75.439453
11321,512,36417,71.126953
11322,512,36084,70.476562
11323,512,38416,75.031250
11324,512,34958,68.277344
11325,512,38667,75.521484
11326,512,44875,87.646484
11327,512,39416,76.984375
11328,512,45625,89.111328
11329,512,45500,88.867188
11330,512,36083,70.474609
11331,512,46708,91.226562
11332,512,42750,83.496094
11333,512,39708,77.554688
11334,512,37083,72.427734
11335,512,36375,71.044922
11336,512,38167,74.544922
11337,512,37916,74.054688
11338,512,41959,81.951172
11339,512,36584,71.453125
11340,512,38041,74.298828
11341,512,36000,70.312500
11342,512,38625,75.439453
11343,512,36708,71.695312
11344,512,37167,72.591797
11345,512,36916,72.101562
11346,512,36667,71.615234
11347,512,38083,74.380859
11348,512,38000,74.218750
11349,512,37250,72.753906
11350,512,36833,71.939453
11351,512,43167,84.310547
11352,512,41041,80.158203
11353,512,37000,72.265625
11354,512,38417,75.033203
11355,512,36041,70.392578
11356,512,36667,71.615234
11357,512,39583,77.310547
11358,512,36917,72.103516
11359,512,42292,82.601562
11360,512,36583,71.451172
11361,512,37583,73.404297
11362,512,40917,79.916016
11363,512,40208,78.531250
11364,512,37958,74.136719
11365,512,47708,93.179688
11366,512,41250,80.566406
11367,512,39000,76.171875
11368,512,37583,73.404297
11369,512,42083,82.193359
11370,512,35625,69.580078
11371,512,37667,73.568359
11372,512,37209,72.673828
11373,512,37541,73.322266
11374,512,37334,72.917969
11375,512,37708,73.648438
11376,512,35583,69.498047
11377,512,34834,68.035156
11378,512,36000,70.312500
11379,512,38208,74.625000
11380,512,40667,79.427734
11381,512,40125,78.369141
11382,512,36042,70.394531
11383,512,36917,72.103516
11384,512,36459,71.208984
11385,512,36333,70.962891
11386,512,37250,72.753906
11387,512,37791,73.810547
11388,512,37750,73.730469
11389,512,36875,72.021484
11390,512,36375,71.044922
11391,512,42208,82.437500
11392,512,39125,76.416016
11393,512,37708,73.648438
11394,512,36917,72.103516
11395,512,35583,69.498047
11396,512,37750,73.730469
11397,512,37375,72.998047
11398,512,37791,73.810547
11399,512,35542,69.417969
11400,512,36583,71.451172
11401,512,36542,71.371094
11402,512,36167,70.638672
11403,512,36250,70.800781
11404,512,36709,71.697266
11405,512,38625,75.439453
11406,512,36125,70.556641
11407,512,38958,76.089844
11408,512,36542,71.371094
11409,512,37834,73.894531
11410,512,39750,77.636719
11411,512,35625,69.580078
11412,512,42541,83.087891
11413,512,39292,76.742188
11414,512,37167,72.591797
11415,512,38791,75.763672
11416,512,47875,93.505859
11417,512,39125,76.416016
11418,512,43458,84.878906
11419,512,48041,93.830078
11420,512,43792,85.531250
11421,512,37875,73.974609
11422,512,35667,69.662109
11423,512,36917,72.103516
11424,512,38250,74.707031
11425,512,39209,76.580078
11426,512,36416,71.125000
11427,512,44959,87.810547
11428,512,43750,85.449219
11429,512,40542,79.183594
11430,512,38625,75.439453
11431,512,39458,77.066406
11432,512,40584,79.265625
11433,512,43666,85.285156
11434,512,36792,71.859375
11435,512,45250,88.378906
11436,512,38375,74.951172
11437,512,39250,76.660156
11438,512,40458,79.019531
11439,512,39917,77.962891
11440,512,39458,77.066406
11441,512,39875,77.880859
11442,512,39875,77.880859
11443,512,38792,75.765625
11444,512,39291,76.740234
11445,512,37833,73.892578
11446,512,37959,74.138672
11447,512,39250,76.660156
11448,512,38542,75.277344
11449,512,42500,83.007812
11450,512,41291,80.646484
11451,512,39584,77.312500
11452,512,40625,79.345703
11453,512,40708,79.507812
11454,512,40917,79.916016
11455,512,39750,77.636719
11456,512,39500,77.148438
11457,512,38292,74.789062
11458,512,43458,84.878906
11459,512,46875,91.552734
11460,512,45833,89.517578
11461,512,42625,83.251953
11462,512,38834,75.847656
11463,512,40791,79.669922
11464,512,45750,89.355469
11465,512,38250,74.707031
11466,512,40292,78.695312
11467,512,38666,75.519531
11468,512,55834,109.050781
11469,512,48084,93.914062
11470,512,39708,77.554688
11471,512,40500,79.101562
11472,512,37625,73.486328
11473,512,38958,76.089844
11474,512,34875,68.115234
11475,512,34583,67.544922
11476,512,45542,88.949219
11477,512,43833,85.611328
11478,512,34959,68.279297
11479,512,33875,66.162109
11480,512,37167,72.591797
11481,512,34000,66.406250
11482,512,37583,73.404297
11483,512,36750,71.777344
11484,512,35042,68.441406
11485,512,34667,67.708984
11486,512,34166,66.730469
11487,512,35042,68.441406
11488,512,34083,66.568359
11489,512,34458,67.300781
11490,512,35125,68.603516
11491,512,36542,71.371094
11492,512,34250,66.894531
11493,512,35125,68.603516
11494,512,35000,68.359375
11495,512,37334,72.917969
11496,512,34666,67.707031
11497,512,34334,67.058594
11498,512,35708,69.742188
11499,512,32875,64.208984
11500,512,34333,67.056641
11501,512,33000,64.453125
11502,512,34042,66.488281
11503,512,41833,81.705078
11504,512,46750,91.308594
11505,512,39041,76.251953
11506,512,37625,73.486328
11507,512,34750,67.871094
11508,512,35292,68.929688
11509,512,34042,66.488281
11510,512,35541,69.416016
11511,512,35167,68.685547
11512,512,41917,81.869141
11513,512,34875,68.115234
11514,512,34125,66.650391
11515,512,34458,67.300781
11516,512,36042,70.394531
11517,512,34666,67.707031
11518,512,33917,66.244141
11519,512,35666,69.660156
11520,512,37167,72.591797
11521,512,38833,75.845703
11522,512,36500,71.289062
11523,512,36000,70.312500
11524,512,34292,66.976562
11525,512,36000,70.312500
11526,512,36083,70.474609
11527,512,35792,69.906250
11528,512,34875,68.115234
11529,512,36250,70.800781
11530,512,37334,72.917969
11531,512,33791,65.998047
11532,512,34834,68.035156
11533,512,34917,68.197266
11534,512,36083,70.474609
11535,512,35291,68.927734
11536,512,52250,102.050781
11537,512,34625,67.626953
11538,512,36417,71.126953
11539,512,40500,79.101562
11540,512,34708,67.789062
11541,512,34292,66.976562
11542,512,35000,68.359375
11543,512,34834,68.035156
11544,512,35708,69.742188
11545,512,37458,73.160156
11546,512,33834,66.082031
11547,512,40875,79.833984
11548,512,35667,69.662109
11549,512,38833,75.845703
11550,512,34542,67.464844
11551,512,34875,68.115234
11552,512,34333,67.056641
11553,512,35458,69.253906
11554,512,38042,74.300781
11555,512,37459,73.162109
11556,512,33875,66.162109
11557,512,36375,71.044922
11558,512,37834,73.894531
11559,512,37250,72.753906
11560,512,35083,68.521484
11561,512,33625,65.673828
11562,512,34375,67.138672
11563,512,37250,72.753906
11564,512,34917,68.197266
11565,512,34792,67.953125
11566,512,35458,69.253906
11567,512,34666,67.707031
11568,512,37167,72.591797
11569,512,37083,72.427734
11570,512,36000,70.312500
11571,512,36208,70.718750
11572,512,37834,73.894531
11573,512,35791,69.904297
11574,512,35833,69.986328
11575,512,36958,72.183594
11576,512,37833,73.892578
11577,512,35208,68.765625
11578,512,37083,72.427734
11579,512,39167,76.498047
11580,512,36500,71.289062
11581,512,38625,75.439453
11582,512,40375,78.857422
11583,512,40833,79.751953
11584,512,38958,76.089844
11585,512,38792,75.765625
11586,512,36834,71.941406
11587,512,36875,72.021484
11588,512,38417,75.033203
11589,512,37458,73.160156
11590,512,38833,75.845703
11591,512,37375,72.998047
11592,512,37458,73.160156
11593,512,38708,75.601562
11594,512,39042,76.253906
11595,512,39916,77.960938
11596,512,49084,95.867188
11597,512,39417,76.986328
11598,512,38458,75.113281
11599,512,36875,72.021484
11600,512,38458,75.113281
11601,512,36792,71.859375
11602,512,37083,72.427734
11603,512,36958,72.183594
11604,512,37709,73.650391
11605,512,37791,73.810547
11606,512,36417,71.126953
11607,512,37542,73.324219
11608,512,37500,73.242188
11609,512,36542,71.371094
11610,512,35458,69.253906
11611,512,37833,73.892578
11612,512,36292,70.882812
11613,512,36167,70.638672
11614,512,37750,73.730469
11615,512,35875,70.068359
11616,512,37875,73.974609
11617,512,36459,71.208984
11618,512,39416,76.984375
11619,512,37125,72.509766
11620,512,39958,78.042969
11621,512,38042,74.300781
11622,512,38833,75.845703
11623,512,37042,72.347656
11624,512,38792,75.765625
11625,512,35791,69.904297
11626,512,36208,70.718750
11627,512,35917,70.150391
11628,512,37042,72.347656
11629,512,36875,72.021484
11630,512,36333,70.962891
11631,512,35875,70.068359
11632,512,39208,76.578125
11633,512,37042,72.347656
11634,512,36666,71.613281
11635,512,36625,71.533203
11636,512,37875,73.974609
11637,512,47792,93.343750
11638,512,38291,74.787109
11639,512,40500,79.101562
11640,512,37875,73.974609
11641,512,40458,79.019531
11642,512,37750,73.730469
11643,512,38417,75.033203
11644,512,36542,71.371094
11645,512,36209,70.720703
11646,512,37375,72.998047
11647,512,36125,70.556641
11648,512,37125,72.509766
11649,512,37792,73.812500
11650,512,36208,70.718750
11651,512,36333,70.962891
11652,512,37334,72.917969
11653,512,37041,72.345703
11654,512,39625,77.392578
11655,512,37166,72.589844
11656,512,35875,70.068359
11657,512,35417,69.173828
11658,512,36083,70.474609
11659,512,35917,70.150391
11660,512,34459,67.302734
11661,512,35625,69.580078
11662,512,34458,67.300781
11663,512,38166,74.542969
11664,512,39834,77.800781
11665,512,37583,73.404297
11666,512,38167,74.544922
11667,512,35416,69.171875
11668,512,35584,69.500000
11669,512,37125,72.509766
11670,512,37334,72.917969
11671,512,36541,71.369141
11672,512,35792,69.906250
11673,512,40834,79.753906
11674,512,37541,73.322266
11675,512,35458,69.253906
11676,512,35375,69.091797
11677,512,36875,72.021484
11678,512,39208,76.578125
11679,512,37667,73.568359
11680,512,36750,71.777344
11681,512,37250,72.753906
11682,512,38292,74.789062
11683,512,39292,76.742188
11684,512,38750,75.683594
11685,512,38709,75.603516
11686,512,38583,75.357422
11687,512,39917,77.962891
11688,512,40333,78.775391
11689,512,38708,75.601562
11690,512,36041,70.392578
11691,512,35833,69.986328
11692,512,37208,72.671875
11693,512,37958,74.136719
11694,512,38292,74.789062
11695,512,38583,75.357422
11696,512,38958,76.089844
11697,512,37417,73.080078
11698,512,35500,69.335938
11699,512,37708,73.648438
11700,512,38125,74.462891
11701,512,39625,77.392578
11702,512,37916,74.054688
11703,512,39667,77.474609
11704,512,36542,71.371094
11705,512,34791,67.951172
11706,512,36125,70.556641
11707,512,37292,72.835938
11708,512,36166,70.636719
11709,512,38834,75.847656
11710,512,38709,75.603516
11711,512,36166,70.636719
11712,512,37583,73.404297
11713,512,39667,77.474609
11714,512,38083,74.380859
11715,512,36292,70.882812
11716,512,37750,73.730469
11717,512,37625,73.486328
11718,512,37167,72.591797
11719,512,37125,72.509766
11720,512,37166,72.589844
11721,512,35667,69.662109
11722,512,37500,73.242188
11723,512,38000,74.218750
11724,512,37417,73.080078
11725,512,38083,74.380859
11726,512,39250,76.660156
11727,512,41000,80.078125
11728,512,39708,77.554688
11729,512,39750,77.636719
11730,512,38042,74.300781
11731,512,39625,77.392578
11732,512,37875,73.974609
11733,512,37125,72.509766
11734,512,41500,81.054688
11735,512,38541,75.275391
11736,512,36584,71.453125
11737,512,98542,192.464844
11738,512,39250,76.660156
11739,512,37125,72.509766
11740,512,46917,91.634766
11741,512,45958,89.761719
11742,512,47125,92.041016
11743,512,36333,70.962891
11744,512,40833,79.751953
11745,512,43709,85.369141
11746,512,52084,101.726562
11747,512,42500,83.007812
11748,512,36459,71.208984
11749,512,35291,68.927734
11750,512,38042,74.300781
11751,512,35584,69.500000
11752,512,47875,93.505859
11753,512,41875,81.787109
11754,512,44584,87.078125
11755,512,45041,87.970703
11756,512,42084,82.195312
11757,512,35959,70.232422
11758,512,35333,69.009766
11759,512,34542,67.464844
11760,512,35292,68.929688
11761,512,34667,67.708984
11762,512,39209,76.580078
11763,512,43125,84.228516
11764,512,36666,71.613281
11765,512,39084,76.335938
11766,512,42625,83.251953
11767,512,47709,93.181641
11768,512,37083,72.427734
11769,512,34542,67.464844
11770,512,34625,67.626953
11771,512,35459,69.255859
11772,512,44875,87.646484
11773,512,38709,75.603516
11774,512,33666,65.753906
11775,512,48625,94.970703
11776,512,47917,93.587891
11777,512,39750,77.636719
11778,512,42625,83.251953
11779,512,42125,82.275391
11780,512,37791,73.810547
11781,512,40625,79.345703
11782,512,35167,68.685547
11783,512,35833,69.986328
11784,512,37208,72.671875
11785,512,43458,84.878906
11786,512,38167,74.544922
11787,512,38625,75.439453
11788,512,38416,75.031250
11789,512,36584,71.453125
11790,512,36583,71.451172
11791,512,36333,70.962891
11792,512,36167,70.638672
11793,512,36083,70.474609
11794,512,35333,69.009766
11795,512,34959,68.279297
11796,512,36458,71.207031
11797,512,34708,67.789062
11798,512,39833,77.798828
11799,512,35750,69.824219
11800,512,34625,67.626953
11801,512,35917,70.150391
11802,512,38833,75.845703
11803,512,35083,68.521484
11804,512,36542,71.371094
11805,512,39042,76.253906
11806,512,36416,71.125000
11807,512,35834,69.988281
11808,512,39833,77.798828
11809,512,38667,75.521484
11810,512,45625,89.111328
11811,512,44375,86.669922
11812,512,35250,68.847656
11813,512,33958,66.324219
11814,512,35167,68.685547
11815,512,36833,71.939453
11816,512,35750,69.824219
11817,512,33708,65.835938
11818,512,34417,67.220703
11819,512,35375,69.091797
11820,512,34042,66.488281
11821,512,35208,68.765625
11822,512,35833,69.986328
11823,512,36542,71.371094
11824,512,35666,69.660156
11825,512,34625,67.626953
11826,512,34959,68.279297
11827,512,34541,67.462891
11828,512,35042,68.441406
11829,512,39208,76.578125
11830,512,37292,72.835938
11831,512,38500,75.195312
11832,512,36375,71.044922
11833,512,36709,71.697266
11834,512,37583,73.404297
11835,512,37792,73.812500
11836,512,37750,73.730469
11837,512,35584,69.500000
11838,512,35959,70.232422
11839,512,38834,75.847656
11840,512,37583,73.404297
11841,512,39042,76.253906
11842,512,38041,74.298828
11843,512,38959,76.091797
11844,512,38416,75.031250
11845,512,36375,71.044922
11846,512,39167,76.498047
11847,512,38875,75.927734
11848,512,44167,86.263672
11849,512,39917,77.962891
11850,512,37208,72.671875
11851,512,35833,69.986328
11852,512,37417,73.080078
11853,512,45625,89.111328
11854,512,41167,80.404297
11855,512,41708,81.460938
11856,512,47708,93.179688
11857,512,49917,97.494141
11858,512,41666,81.378906
11859,512,37875,73.974609
11860,512,36375,71.044922
11861,512,36084,70.476562
11862,512,36208,70.718750
11863,512,38500,75.195312
11864,512,37167,72.591797
11865,512,37541,73.322266
11866,512,45792,89.437500
11867,512,38875,75.927734
11868,512,39333,76.822266
11869,512,40042,78.207031
11870,512,43083,84.146484
11871,512,41584,81.218750
11872,512,38667,75.521484
11873,512,42166,82.355469
11874,512,43042,84.066406
11875,512,39000,76.171875
11876,512,38500,75.195312
11877,512,38625,75.439453
11878,512,37792,73.812500
11879,512,38125,74.462891
11880,512,44667,87.240234
11881,512,42125,82.275391
11882,512,37959,74.138672
11883,512,37584,73.406250
11884,512,37834,73.894531
11885,512,38417,75.033203
11886,512,38208,74.625000
11887,512,39750,77.636719
11888,512,40708,79.507812
11889,512,41750,81.542969
11890,512,39833,77.798828
11891,512,39791,77.716797
11892,512,40542,79.183594
11893,512,40000,78.125000
11894,512,41125,80.322266
11895,512,38375,74.951172
11896,512,38250,74.707031
11897,512,41750,81.542969
11898,512,38833,75.845703
11899,512,37875,73.974609
11900,512,36292,70.882812
11901,512,38542,75.277344
11902,512,35917,70.150391
11903,512,38958,76.089844
11904,512,37625,73.486328
11905,512,37209,72.673828
11906,512,38125,74.462891
11907,512,38583,75.357422
11908,512,41750,81.542969
11909,512,48750,95.214844
11910,512,57084,111.492188
11911,512,44416,86.750000
11912,512,39959,78.044922
11913,512,36458,71.207031
11914,512,40500,79.101562
11915,512,39958,78.042969
11916,512,39417,76.986328
11917,512,39958,78.042969
11918,512,40042,78.207031
11919,512,44666,87.238281
11920,512,36792,71.859375
11921,512,42583,83.169922
11922,512,42375,82.763672
11923,512,39958,78.042969
11924,512,38166,74.542969
11925,512,42292,82.601562
11926,512,38125,74.462891
11927,512,37833,73.892578
11928,512,35334,69.011719
11929,512,37125,72.509766
11930,512,37500,73.242188
11931,512,35792,69.906250
11932,512,34791,67.951172
11933,512,35833,69.986328
11934,512,37125,72.509766
11935,512,36750,71.777344
11936,512,37667,73.568359
11937,512,43208,84.390625
11938,512,53875,105.224609
11939,512,38875,75.927734
11940,512,37916,74.054688
11941,512,36125,70.556641
11942,512,36125,70.556641
11943,512,37375,72.998047
11944,512,35333,69.009766
11945,512,37375,72.998047
11946,512,35625,69.580078
11947,512,38833,75.845703
11948,512,48750,95.214844
11949,512,38541,75.275391
11950,512,36459,71.208984
11951,512,35625,69.580078
11952,512,36167,70.638672
11953,512,37291,72.833984
11954,512,37042,72.347656
11955,512,37500,73.242188
11956,512,38500,75.195312
11957,512,36584,71.453125
11958,512,44416,86.750000
11959,512,41084,80.242188
11960,512,40166,78.449219
11961,512,48625,94.970703
11962,512,45791,89.435547
11963,512,42042,82.113281
11964,512,40208,78.531250
11965,512,44959,87.810547
11966,512,40166,78.449219
11967,512,38625,75.439453
11968,512,38625,75.439453
11969,512,40542,79.183594
11970,512,40458,79.019531
11971,512,49125,95.947266
11972,512,50375,98.388672
11973,512,42208,82.437500
11974,512,39833,77.798828
11975,512,39667,77.474609
11976,512,45791,89.435547
11977,512,47417,92.611328
11978,512,44208,86.343750
11979,512,43875,85.693359
11980,512,45375,88.623047
11981,512,38958,76.089844
11982,512,37000,72.265625
11983,512,38042,74.300781
11984,512,39333,76.822266
11985,512,37083,72.427734
11986,512,39375,76.904297
11987,512,37375,72.998047
11988,512,38708,75.601562
11989,512,37959,74.138672
11990,512,44166,86.261719
11991,512,43542,85.042969
11992,512,39834,77.800781
11993,512,37958,74.136719
11994,512,41833,81.705078
11995,512,38334,74.871094
11996,512,38875,75.927734
11997,512,39083,76.333984
11998,512,40792,79.671875
11999,512,37333,72.916016
12000,512,38250,74.707031
12001,512,38000,74.218750
12002,512,37375,72.998047
12003,512,37167,72.591797
12004,512,37625,73.486328
12005,512,41083,80.240234
12006,512,37125,72.509766
12007,512,43125,84.228516
12008,512,39250,76.660156
12009,512,37750,73.730469
12010,512,39250,76.660156
12011,512,37583,73.404297
12012,512,40417,78.939453
12013,512,40750,79.589844
12014,512,39042,76.253906
12015,512,37625,73.486328
12016,512,37833,73.892578
12017,512,37833,73.892578
12018,512,41458,80.972656
12019,512,38167,74.544922
12020,512,42417,82.845703
12021,512,38708,75.601562
12022,512,38375,74.951172
12023,512,38000,74.218750
12024,512,36959,72.185547
12025,512,38208,74.625000
12026,512,39833,77.798828
12027,512,37292,72.835938
12028,512,39708,77.554688
12029,512,39625,77.392578
12030,512,40500,79.101562
12031,512,41375,80.810547
12032,512,37833,73.892578
12033,512,34958,68.277344
12034,512,39208,76.578125
12035,512,39542,77.230469
12036,512,41750,81.542969
12037,512,38458,75.113281
12038,512,38792,75.765625
12039,512,41916,81.867188
12040,512,38625,75.439453
12041,512,39333,76.822266
12042,512,39250,76.660156
12043,512,36958,72.183594
12044,512,36292,70.882812
12045,512,37583,73.404297
12046,512,38500,75.195312
12047,512,40541,79.181641
12048,512,39042,76.253906
12049,512,36708,71.695312
12050,512,36375,71.044922
12051,512,38125,74.462891
12052,512,38625,75.439453
12053,512,37333,72.916016
12054,512,39500,77.148438
12055,512,40000,78.125000
12056,512,39625,77.392578
12057,512,38959,76.091797
12058,512,41750,81.542969
12059,512,38875,75.927734
12060,512,42041,82.111328
12061,512,39959,78.044922
12062,512,37250,72.753906
12063,512,40625,79.345703
12064,512,38375,74.951172
12065,512,37500,73.242188
12066,512,41750,81.542969
12067,512,39584,77.312500
12068,512,42042,82.113281
12069,512,37625,73.486328
12070,512,39083,76.333984
12071,512,38625,75.439453
12072,512,37916,74.054688
12073,512,38167,74.544922
12074,512,38375,74.951172
12075,512,42417,82.845703
12076,512,45875,89.599609
12077,512,40125,78.369141
12078,512,40000,78.125000
12079,512,40667,79.427734
12080,512,37834,73.894531
12081,512,38375,74.951172
12082,512,39208,76.578125
12083,512,40000,78.125000
12084,512,41375,80.810547
12085,512,39583,77.310547
12086,512,38042,74.300781
12087,512,38333,74.869141
12088,512,38916,76.007812
12089,512,43792,85.531250
12090,512,40583,79.263672
12091,512,42167,82.357422
12092,512,41083,80.240234
12093,512,38334,74.871094
12094,512,39584,77.312500
12095,512,40375,78.857422
12096,512,39250,76.660156
12097,512,40584,79.265625
12098,512,39834,77.800781
12099,512,39291,76.740234
12100,512,37917,74.056641
12101,512,39708,77.554688
12102,512,41417,80.892578
12103,512,38083,74.380859
12104,512,39750,77.636719
12105,512,43000,83.984375
12106,512,39167,76.498047
12107,512,40375,78.857422
12108,512,38416,75.031250
12109,512,37875,73.974609
12110,512,36625,71.533203
12111,512,38417,75.033203
12112,512,39208,76.578125
12113,512,40584,79.265625
12114,512,39458,77.066406
12115,512,40292,78.695312
12116,512,40750,79.589844
12117,512,39417,76.986328
12118,512,40250,78.613281
12119,512,38500,75.195312
12120,512,38833,75.845703
12121,512,43125,84.228516
12122,512,42333,82.681641
12123,512,39667,77.474609
12124,512,40125,78.369141
12125,512,39708,77.554688
12126,512,43333,84.634766
12127,512,43166,84.308594
12128,512,41792,81.625000
12129,512,43500,84.960938
12130,512,39625,77.392578
12131,512,39541,77.228516
12132,512,47709,93.181641
12133,512,39833,77.798828
12134,512,37833,73.892578
12135,512,39875,77.880859
12136,512,44041,86.017578
12137,512,43958,85.855469
12138,512,38417,75.033203
12139,512,40417,78.939453
12140,512,39333,76.822266
12141,512,39833,77.798828
12142,512,41334,80.730469
12143,512,41125,80.322266
12144,512,39875,77.880859
12145,512,42500,83.007812
12146,512,36792,71.859375
12147,512,38750,75.683594
12148,512,37000,72.265625
12149,512,37167,72.591797
12150,512,38875,75.927734
12151,512,39208,76.578125
12152,512,38292,74.789062
12153,512,39792,77.718750
12154,512,39584,77.312500
12155,512,36333,70.962891
12156,512,39416,76.984375
12157,512,38500,75.195312
12158,512,39125,76.416016
12159,512,37667,73.568359
12160,512,38084,74.382812
12161,512,37000,72.265625
12162,512,36875,72.021484
12163,512,36084,70.476562
12164,512,38792,75.765625
12165,512,40000,78.125000
12166,512,36500,71.289062
12167,512,36208,70.718750
12168,512,41167,80.404297
12169,512,40250,78.613281
12170,512,39042,76.253906
12171,512,38500,75.195312
12172,512,37583,73.404297
12173,512,37917,74.056641
12174,512,35250,68.847656
12175,512,37875,73.974609
12176,512,37250,72.753906
12177,512,37000,72.265625
12178,512,37666,73.566406
12179,512,37959,74.138672
12180,512,38625,75.439453
12181,512,44333,86.587891
12182,512,39250,76.660156
12183,512,37958,74.136719
12184,512,38750,75.683594
12185,512,36750,71.777344
12186,512,41875,81.787109
12187,512,48750,95.214844
12188,512,37625,73.486328
12189,512,41958,81.949219
12190,512,38459,75.115234
12191,512,42209,82.439453
12192,512,42083,82.193359
12193,512,43750,85.449219
12194,512,35625,69.580078
12195,512,38708,75.601562
12196,512,39375,76.904297
12197,512,37417,73.080078
12198,512,38625,75.439453
12199,512,40292,78.695312
12200,512,38000,74.218750
12201,512,37500,73.242188
12202,512,41084,80.242188
12203,512,37584,73.406250
12204,512,37833,73.892578
12205,512,38917,76.009766
12206,512,38542,75.277344
12207,512,35791,69.904297
12208,512,35959,70.232422
12209,512,39916,77.960938
12210,512,39750,77.636719
12211,512,39875,77.880859
12212,512,39417,76.986328
12213,512,40959,79.998047
12214,512,39041,76.251953
12215,512,38459,75.115234
12216,512,43459,84.880859
12217,512,39000,76.171875
12218,512,38125,74.462891
12219,512,38417,75.033203
12220,512,38875,75.927734
12221,512,39333,76.822266
12222,512,39708,77.554688
12223,512,38750,75.683594
12224,512,38167,74.544922
12225,512,39084,76.335938
12226,512,44666,87.238281
12227,512,42875,83.740234
12228,512,37750,73.730469
12229,512,39042,76.253906
12230,512,38167,74.544922
12231,512,35916,70.148438
12232,512,43458,84.878906
12233,512,36584,71.453125
12234,512,39125,76.416016
12235,512,41209,80.486328
12236,512,36042,70.394531
12237,512,40000,78.125000
12238,512,37000,72.265625
12239,512,38333,74.869141
12240,512,39667,77.474609
12241,512,38042,74.300781
12242,512,38625,75.439453
12243,512,38000,74.218750
12244,512,49209,96.111328
12245,512,45250,88.378906
12246,512,41791,81.623047
12247,512,37542,73.324219
12248,512,39375,76.904297
12249,512,38083,74.380859
12250,512,41542,81.136719
12251,512,36542,71.371094
12252,512,36250,70.800781
12253,512,39083,76.333984
12254,512,39167,76.498047
12255,512,38792,75.765625
12256,512,39083,76.333984
12257,512,40417,78.939453
12258,512,37541,73.322266
12259,512,37959,74.138672
12260,512,37916,74.054688
12261,512,38584,75.359375
12262,512,38541,75.275391
12263,512,38334,74.871094
12264,512,37625,73.486328
12265,512,38625,75.439453
12266,512,37375,72.998047
12267,512,37791,73.810547
12268,512,42792,83.578125
12269,512,41500,81.054688
12270,512,37041,72.345703
12271,512,36459,71.208984
12272,512,36709,71.697266
12273,512,40584,79.265625
12274,512,39417,76.986328
12275,512,37208,72.671875
12276,512,41708,81.460938
12277,512,44167,86.263672
12278,512,42416,82.843750
12279,512,39792,77.718750
12280,512,40958,79.996094
12281,512,38375,74.951172
12282,512,38458,75.113281
12283,512,39417,76.986328
12284,512,42625,83.251953
12285,512,38542,75.277344
12286,512,53875,105.224609
12287,512,46875,91.552734
12288,512,39958,78.042969
12289,512,39625,77.392578
12290,512,40208,78.531250
12291,512,44250,86.425781
12292,512,46167,90.169922
12293,512,41541,81.134766
12294,512,37625,73.486328
12295,512,63375,123.779297
12296,512,45417,88.705078
12297,512,43042,84.066406
12298,512,41083,80.240234
12299,512,46375,90.576172
12300,512,41875,81.787109
12301,512,41916,81.867188
12302,512,41500,81.054688
12303,512,40209,78.533203
12304,512,41958,81.949219
12305,512,38875,75.927734
12306,512,42250,82.519531
12307,512,40750,79.589844
12308,512,46708,91.226562
12309,512,47375,92.529297
12310,512,44666,87.238281
12311,512,41750,81.542969
12312,512,49709,97.087891
12313,512,44625,87.158203
12314,512,39791,77.716797
12315,512,40334,78.777344
12316,512,40416,78.937500
12317,512,40084,78.289062
12318,512,39667,77.474609
12319,512,41083,80.240234
12320,512,40083,78.287109
12321,512,39709,77.556641
12322,512,39959,78.044922
12323,512,49125,95.947266
12324,512,37958,74.136719
12325,512,39375,76.904297
12326,512,40208,78.531250
12327,512,48583,94.888672
12328,512,40042,78.207031
12329,512,41375,80.810547
12330,512,42875,83.740234
12331,512,41958,81.949219
12332,512,57792,112.875000
12333,512,38958,76.089844
12334,512,54791,107.013672
12335,512,55083,107.583984
12336,512,45375,88.623047
12337,512,42667,83.333984
12338,512,37917,74.056641
12339,512,59125,115.478516
12340,512,42209,82.439453
12341,512,38625,75.439453
12342,512,39750,77.636719
12343,512,44917,87.728516
12344,512,48416,94.562500
12345,512,38834,75.847656
12346,512,54791,107.013672
12347,512,55042,107.503906
12348,512,50667,98.958984
12349,512,43000,83.984375
12350,512,40959,79.998047
12351,512,39584,77.312500
12352,512,36916,72.101562
12353,512,41250,80.566406
12354,512,39500,77.148438
12355,512,38125,74.462891
12356,512,37625,73.486328
12357,512,37667,73.568359
12358,512,39917,77.962891
12359,512,51583,100.748047
12360,512,49208,96.109375
12361,512,38417,75.033203
12362,512,37541,73.322266
12363,512,41959,81.951172
12364,512,38959,76.091797
12365,512,39042,76.253906
12366,512,39958,78.042969
12367,512,36750,71.777344
12368,512,38750,75.683594
12369,512,36083,70.474609
12370,512,38875,75.927734
12371,512,47708,93.179688
12372,512,40459,79.021484
12373,512,39583,77.310547
12374,512,37375,72.998047
12375,512,37291,72.833984
12376,512,37583,73.404297
12377,512,38084,74.382812
12378,512,40375,78.857422
12379,512,39792,77.718750
12380,512,40583,79.263672
12381,512,41584,81.218750
12382,512,39084,76.335938
12383,512,39250,76.660156
12384,512,39375,76.904297
12385,512,37250,72.753906
12386,512,39208,76.578125
12387,512,37125,72.509766
12388,512,38125,74.462891
12389,512,37833,73.892578
12390,512,37875,73.974609
12391,512,43000,83.984375
12392,512,39709,77.556641
12393,512,47000,91.796875
12394,512,47125,92.041016
12395,512,40084,78.289062
12396,512,39750,77.636719
12397,512,36875,72.021484
12398,512,37125,72.509766
12399,512,37375,72.998047
12400,512,37667,73.568359
12401,512,36791,71.857422
12402,512,38750,75.683594
12403,512,37042,72.347656
12404,512,41000,80.078125
12405,512,38666,75.519531
12406,512,39292,76.742188
12407,512,36375,71.044922
12408,512,37833,73.892578
12409,512,38708,75.601562
12410,512,38167,74.544922
12411,512,38333,74.869141
12412,512,38125,74.462891
12413,512,37333,72.916016
12414,512,39917,77.962891
12415,512,39708,77.554688
12416,512,37375,72.998047
12417,512,39541,77.228516
12418,512,38375,74.951172
12419,512,37875,73.974609
12420,512,37167,72.591797
12421,512,37041,72.345703
12422,512,38292,74.789062
12423,512,38292,74.789062
12424,512,38666,75.519531
12425,512,37125,72.509766
12426,512,38125,74.462891
12427,512,39583,77.310547
12428,512,38542,75.277344
12429,512,40000,78.125000
12430,512,42917,83.822266
12431,512,39750,77.636719
12432,512,37500,73.242188
12433,512,38708,75.601562
12434,512,42000,82.031250
12435,512,40709,79.509766
12436,512,45208,88.296875
12437,512,44042,86.019531
12438,512,40625,79.345703
12439,512,39291,76.740234
12440,512,38875,75.927734
12441,512,41417,80.892578
12442,512,41125,80.322266
12443,512,39083,76.333984
12444,512,37542,73.324219
12445,512,38125,74.462891
12446,512,37459,73.162109
12447,512,37041,72.345703
12448,512,39667,77.474609
12449,512,39500,77.148438
12450,512,39500,77.148438
12451,512,38750,75.683594
12452,512,37667,73.568359
12453,512,36000,70.312500
12454,512,40292,78.695312
12455,512,37958,74.136719
12456,512,37542,73.324219
12457,512,40125,78.369141
12458,512,38458,75.113281
12459,512,37167,72.591797
12460,512,36458,71.207031
12461,512,42000,82.031250
12462,512,37750,73.730469
12463,512,39583,77.310547
12464,512,37667,73.568359
12465,512,38458,75.113281
12466,512,36708,71.695312
12467,512,36958,72.183594
12468,512,38709,75.603516
12469,512,39750,77.636719
12470,512,38625,75.439453
12471,512,38166,74.542969
12472,512,37584,73.406250
12473,512,39417,76.986328
12474,512,38833,75.845703
12475,512,40125,78.369141
12476,512,38750,75.683594
12477,512,40333,78.775391
12478,512,43166,84.308594
12479,512,38459,75.115234
12480,512,44167,86.263672
12481,512,48625,94.970703
12482,512,40583,79.263672
12483,512,38542,75.277344
12484,512,38625,75.439453
12485,512,39459,77.068359
12486,512,37709,73.650391
12487,512,37208,72.671875
12488,512,38042,74.300781
12489,512,37000,72.265625
12490,512,47500,92.773438
12491,512,42125,82.275391
12492,512,40541,79.181641
12493,512,41959,81.951172
12494,512,39791,77.716797
12495,512,39083,76.333984
12496,512,39500,77.148438
12497,512,41917,81.869141
12498,512,39917,77.962891
12499,512,40667,79.427734
12500,512,40416,78.937500
12501,512,40042,78.207031
12502,512,39500,77.148438
12503,512,39958,78.042969
12504,512,39417,76.986328
12505,512,39958,78.042969
12506,512,39708,77.554688
12507,512,36709,71.697266
12508,512,38916,76.007812
12509,512,40208,78.531250
12510,512,58084,113.445312
12511,512,43625,85.205078
12512,512,44375,86.669922
12513,512,40500,79.101562
12514,512,39833,77.798828
12515,512,43458,84.878906
12516,512,39625,77.392578
12517,512,46166,90.167969
12518,512,42417,82.845703
12519,512,42375,82.763672
12520,512,41333,80.728516
12521,512,41709,81.462891
12522,512,41250,80.566406
12523,512,41958,81.949219
12524,512,40666,79.425781
12525,512,42167,82.357422
12526,512,40708,79.507812
12527,512,41083,80.240234
12528,512,44375,86.669922
12529,512,44167,86.263672
12530,512,40833,79.751953
12531,512,42625,83.251953
12532,512,43875,85.693359
12533,512,41375,80.810547
12534,512,49584,96.843750
12535,512,44167,86.263672
12536,512,41625,81.298828
12537,512,41166,80.402344
12538,512,40625,79.345703
12539,512,42458,82.925781
12540,512,39833,77.798828
12541,512,38625,75.439453
12542,512,43459,84.880859
12543,512,39625,77.392578
12544,512,38792,75.765625
12545,512,46667,91.146484
12546,512,43916,85.773438
12547,512,38000,74.218750
12548,512,43750,85.449219
12549,512,50208,98.062500
12550,512,42250,82.519531
12551,512,42458,82.925781
12552,512,42208,82.437500
12553,512,38166,74.542969
12554,512,41292,80.648438
12555,512,41666,81.378906
12556,512,41167,80.404297
12557,512,43625,85.205078
12558,512,47333,92.447266
12559,512,42416,82.843750
12560,512,40167,78.451172
12561,512,46500,90.820312
12562,512,38916,76.007812
12563,512,37667,73.568359
12564,512,37500,73.242188
12565,512,44958,87.808594
12566,512,37708,73.648438
12567,512,36750,71.777344
12568,512,36875,72.021484
12569,512,35250,68.847656
12570,512,35459,69.255859
12571,512,35042,68.441406
12572,512,34875,68.115234
12573,512,35333,69.009766
12574,512,36333,70.962891
12575,512,38000,74.218750
12576,512,34292,66.976562
12577,512,35208,68.765625
12578,512,36625,71.533203
12579,512,45333,88.541016
12580,512,38792,75.765625
12581,512,39041,76.251953
12582,512,35584,69.500000
12583,512,35834,69.988281
12584,512,36500,71.289062
12585,512,35291,68.927734
12586,512,35125,68.603516
12587,512,37250,72.753906
12588,512,33541,65.509766
12589,512,34792,67.953125
12590,512,52375,102.294922
12591,512,34542,67.464844
12592,512,36125,70.556641
12593,512,35584,69.500000
12594,512,51416,100.421875
12595,512,39917,77.962891
12596,512,44541,86.994141
12597,512,34458,67.300781
12598,512,35792,69.906250
12599,512,36125,70.556641
12600,512,35333,69.009766
12601,512,36042,70.394531
12602,512,38541,75.275391
12603,512,44375,86.669922
12604,512,51250,100.097656
12605,512,36625,71.533203
12606,512,35833,69.986328
12607,512,37417,73.080078
12608,512,35750,69.824219
12609,512,34792,67.953125
12610,512,37416,73.078125
12611,512,33500,65.429688
12612,512,34000,66.406250
12613,512,34334,67.058594
12614,512,36250,70.800781
12615,512,37209,72.673828
12616,512,38583,75.357422
12617,512,37125,72.509766
12618,512,37834,73.894531
12619,512,38625,75.439453
12620,512,44792,87.484375
12621,512,43125,84.228516
12622,512,42000,82.031250
12623,512,40750,79.589844
12624,512,39667,77.474609
12625,512,40417,78.939453
12626,512,38875,75.927734
12627,512,38167,74.544922
12628,512,40375,78.857422
12629,512,38916,76.007812
12630,512,37209,72.673828
12631,512,38125,74.462891
12632,512,37041,72.345703
12633,512,40417,78.939453
12634,512,40042,78.207031
12635,512,38666,75.519531
12636,512,38209,74.626953
12637,512,39083,76.333984
12638,512,37542,73.324219
12639,512,37834,73.894531
12640,512,38208,74.625000
12641,512,37292,72.835938
12642,512,39459,77.068359
12643,512,40250,78.613281
12644,512,40333,78.775391
12645,512,40667,79.427734
12646,512,38958,76.089844
12647,512,39750,77.636719
12648,512,37500,73.242188
12649,512,37416,73.078125
12650,512,37500,73.242188
12651,512,38750,75.683594
12652,512,38916,76.007812
12653,512,38834,75.847656
12654,512,37833,73.892578
12655,512,36958,72.183594
12656,512,38833,75.845703
12657,512,38084,74.382812
12658,512,39584,77.312500
12659,512,36875,72.021484
12660,512,37375,72.998047
12661,512,38542,75.277344
12662,512,37084,72.429688
12663,512,38333,74.869141
12664,512,37500,73.242188
12665,512,40833,79.751953
12666,512,40583,79.263672
12667,512,37584,73.406250
12668,512,38958,76.089844
12669,512,38375,74.951172
12670,512,37208,72.671875
12671,512,39917,77.962891
12672,512,41084,80.242188
12673,512,38541,75.275391
12674,512,39083,76.333984
12675,512,39167,76.498047
12676,512,38208,74.625000
12677,512,41042,80.160156
12678,512,38291,74.787109
12679,512,36792,71.859375
12680,512,38167,74.544922
12681,512,38042,74.300781
12682,512,36291,70.880859
12683,512,37917,74.056641
12684,512,38542,75.277344
12685,512,40709,79.509766
12686,512,39375,76.904297
12687,512,37375,72.998047
12688,512,39000,76.171875
12689,512,37125,72.509766
12690,512,39000,76.171875
12691,512,39834,77.800781
12692,512,36959,72.185547
12693,512,38166,74.542969
12694,512,41500,81.054688
12695,512,38583,75.357422
12696,512,36375,71.044922
12697,512,37083,72.427734
12698,512,46292,90.414062
12699,512,35792,69.906250
12700,512,41375,80.810547
12701,512,36709,71.697266
12702,512,38541,75.275391
12703,512,40625,79.345703
12704,512,38667,75.521484
12705,512,38833,75.845703
12706,512,38792,75.765625
12707,512,45209,88.298828
12708,512,40250,78.613281
12709,512,41000,80.078125
12710,512,46958,91.714844
12711,512,36500,71.289062
12712,512,37417,73.080078
12713,512,40708,79.507812
12714,512,39417,76.986328
12715,512,38667,75.521484
12716,512,42875,83.740234
12717,512,44166,86.261719
12718,512,59834,116.863281
12719,512,49333,96.353516
12720,512,44000,85.937500
12721,512,61166,119.464844
12722,512,38958,76.089844
12723,512,41000,80.078125
12724,512,39625,77.392578
12725,512,42625,83.251953
12726,512,46500,90.820312
12727,512,40667,79.427734
12728,512,46625,91.064453
12729,512,37917,74.056641
12730,512,41750,81.542969
12731,512,47083,91.958984
12732,512,46167,90.169922
12733,512,43208,84.390625
12734,512,34916,68.195312
12735,512,36292,70.882812
12736,512,34708,67.789062
12737,512,35291,68.927734
12738,512,34792,67.953125
12739,512,36000,70.312500
12740,512,33792,66.000000
12741,512,34000,66.406250
12742,512,34209,66.814453
12743,512,35708,69.742188
12744,512,36292,70.882812
12745,512,35334,69.011719
12746,512,36791,71.857422
12747,512,36750,71.777344
12748,512,36833,71.939453
12749,512,37625,73.486328
12750,512,36042,70.394531
12751,512,36042,70.394531
12752,512,34041,66.486328
12753,512,41667,81.380859
12754,512,37708,73.648438
12755,512,36083,70.474609
12756,512,40417,78.939453
12757,512,37416,73.078125
12758,512,37334,72.917969
12759,512,36791,71.857422
12760,512,36875,72.021484
12761,512,36917,72.103516
12762,512,35375,69.091797
12763,512,37542,73.324219
12764,512,37250,72.753906
12765,512,39791,77.716797
12766,512,35542,69.417969
12767,512,35375,69.091797
12768,512,35583,69.498047
12769,512,34875,68.115234
12770,512,34125,66.650391
12771,512,36166,70.636719
12772,512,35417,69.173828
12773,512,35625,69.580078
12774,512,35208,68.765625
12775,512,39166,76.496094
12776,512,36083,70.474609
12777,512,39042,76.253906
12778,512,38125,74.462891
12779,512,36750,71.777344
12780,512,36417,71.126953
12781,512,36583,71.451172
12782,512,34041,66.486328
12783,512,39167,76.498047
12784,512,34166,66.730469
12785,512,35667,69.662109
12786,512,35625,69.580078
12787,512,34583,67.544922
12788,512,34750,67.871094
12789,512,34667,67.708984
12790,512,35750,69.824219
12791,512,36166,70.636719
12792,512,39792,77.718750
12793,512,49291,96.271484
12794,512,42250,82.519531
12795,512,46625,91.064453
12796,512,44542,86.996094
12797,512,36375,71.044922
12798,512,34583,67.544922
12799,512,35708,69.742188
12800,512,33458,65.347656
12801,512,35583,69.498047
12802,512,43333,84.634766
12803,512,47167,92.123047
12804,512,39666,77.472656
12805,512,37375,72.998047
12806,512,45334,88.542969
12807,512,44417,86.751953
12808,512,34542,67.464844
12809,512,36459,71.208984
12810,512,35250,68.847656
12811,512,41167,80.404297
12812,512,42375,82.763672
12813,512,45583,89.029297
12814,512,38375,74.951172
12815,512,44750,87.402344
12816,512,50917,99.447266
12817,512,36750,71.777344
12818,512,33917,66.244141
12819,512,38459,75.115234
12820,512,35792,69.906250
12821,512,46541,90.900391
12822,512,42834,83.660156
12823,512,40375,78.857422
12824,512,44125,86.181641
12825,512,41250,80.566406
12826,512,39500,77.148438
12827,512,36625,71.533203
12828,512,40500,79.101562
12829,512,47042,91.878906
12830,512,44291,86.505859
12831,512,34209,66.814453
12832,512,36542,71.371094
12833,512,35042,68.441406
12834,512,37500,73.242188
12835,512,49167,96.029297
12836,512,49792,97.250000
12837,512,36375,71.044922
12838,512,34750,67.871094
12839,512,35875,70.068359
12840,512,34084,66.570312
12841,512,35750,69.824219
12842,512,35334,69.011719
12843,512,35833,69.986328
12844,512,33916,66.242188
12845,512,34459,67.302734
12846,512,35375,69.091797
12847,512,34791,67.951172
12848,512,36792,71.859375
12849,512,35083,68.521484
12850,512,37375,72.998047
12851,512,35459,69.255859
12852,512,37292,72.835938
12853,512,37875,73.974609
12854,512,37041,72.345703
12855,512,35958,70.230469
12856,512,34584,67.546875
12857,512,36000,70.312500
12858,512,33958,66.324219
12859,512,35375,69.091797
12860,512,34625,67.626953
12861,512,35084,68.523438
12862,512,34500,67.382812
12863,512,33667,65.755859
12864,512,36375,71.044922
12865,512,33792,66.000000
12866,512,33958,66.324219
12867,512,35042,68.441406
12868,512,34959,68.279297
12869,512,34416,67.218750
12870,512,35959,70.232422
12871,512,35833,69.986328
12872,512,33417,65.267578
12873,512,37041,72.345703
12874,512,34584,67.546875
12875,512,36959,72.185547
12876,512,34125,66.650391
12877,512,36625,71.533203
12878,512,35583,69.498047
12879,512,37083,72.427734
12880,512,35292,68.929688
12881,512,36333,70.962891
12882,512,35917,70.150391
12883,512,36916,72.101562
12884,512,42042,82.113281
12885,512,42583,83.169922
12886,512,39375,76.904297
12887,512,35625,69.580078
12888,512,36125,70.556641
12889,512,37250,72.753906
12890,512,36250,70.800781
12891,512,35125,68.603516
12892,512,33583,65.591797
12893,512,37542,73.324219
12894,512,35583,69.498047
12895,512,34167,66.732422
12896,512,37625,73.486328
12897,512,36625,71.533203
12898,512,34750,67.871094
12899,512,36083,70.474609
12900,512,34708,67.789062
12901,512,35792,69.906250
12902,512,36209,70.720703
12903,512,38541,75.275391
12904,512,38542,75.277344
12905,512,37792,73.812500
12906,512,37000,72.265625
12907,512,38792,75.765625
12908,512,37959,74.138672
12909,512,38958,76.089844
12910,512,40125,78.369141
12911,512,37709,73.650391
12912,512,37500,73.242188
12913,512,37292,72.835938
12914,512,37917,74.056641
12915,512,38708,75.601562
12916,512,38833,75.845703
12917,512,38042,74.300781
12918,512,38292,74.789062
12919,512,37500,73.242188
12920,512,36541,71.369141
12921,512,38583,75.357422
12922,512,37417,73.080078
12923,512,37416,73.078125
12924,512,37042,72.347656
12925,512,38708,75.601562
12926,512,38875,75.927734
12927,512,36167,70.638672
12928,512,39417,76.986328
12929,512,38166,74.542969
12930,512,38500,75.195312
12931,512,36708,71.695312
12932,512,36209,70.720703
12933,512,38083,74.380859
12934,512,36083,70.474609
12935,512,37792,73.812500
12936,512,36500,71.289062
12937,512,36667,71.615234
12938,512,38458,75.113281
12939,512,37333,72.916016
12940,512,38750,75.683594
12941,512,38958,76.089844
12942,512,37750,73.730469
12943,512,38375,74.951172
12944,512,37500,73.242188
12945,512,35625,69.580078
12946,512,37125,72.509766
12947,512,38208,74.625000
12948,512,37625,73.486328
12949,512,38541,75.275391
12950,512,36167,70.638672
12951,512,37833,73.892578
12952,512,39583,77.310547
12953,512,37875,73.974609
12954,512,36375,71.044922
12955,512,38083,74.380859
12956,512,37333,72.916016
12957,512,37042,72.347656
12958,512,36750,71.777344
12959,512,39792,77.718750
12960,512,37417,73.080078
12961,512,37500,73.242188
12962,512,39208,76.578125
12963,512,36667,71.615234
12964,512,38334,74.871094
12965,512,35709,69.744141
12966,512,38000,74.218750
12967,512,37375,72.998047
12968,512,36167,70.638672
12969,512,35541,69.416016
12970,512,37375,72.998047
12971,512,37708,73.648438
12972,512,37375,72.998047
12973,512,35542,69.417969
12974,512,37875,73.974609
12975,512,35750,69.824219
12976,512,37917,74.056641
12977,512,39875,77.880859
12978,512,38666,75.519531
12979,512,41375,80.810547
12980,512,40792,79.671875
12981,512,38250,74.707031
12982,512,88541,172.931641
12983,512,48000,93.750000
12984,512,37042,72.347656
12985,512,35792,69.906250
12986,512,37917,74.056641
12987,512,37541,73.322266
12988,512,35084,68.523438
12989,512,36541,71.369141
12990,512,37209,72.673828
12991,512,45375,88.623047
12992,512,49791,97.248047
12993,512,45792,89.437500
12994,512,43041,84.064453
12995,512,41417,80.892578
12996,512,41208,80.484375
12997,512,41584,81.218750
12998,512,44541,86.994141
12999,512,46584,90.984375
13000,512,36709,71.697266
13001,512,36958,72.183594
13002,512,37042,72.347656
13003,512,38166,74.542969
13004,512,36459,71.208984
13005,512,36083,70.474609
13006,512,41417,80.892578
13007,512,46041,89.923828
13008,512,35167,68.685547
13009,512,35208,68.765625
13010,512,37250,72.753906
13011,512,37583,73.404297
13012,512,42542,83.089844
13013,512,47666,93.097656
13014,512,38500,75.195312
13015,512,36667,71.615234
13016,512,35791,69.904297
13017,512,35459,69.255859
13018,512,36667,71.615234
13019,512,35167,68.685547
13020,512,35000,68.359375
13021,512,34750,67.871094
13022,512,37417,73.080078
13023,512,38792,75.765625
13024,512,35666,69.660156
13025,512,44959,87.810547
13026,512,41209,80.486328
13027,512,35666,69.660156
13028,512,44125,86.181641
13029,512,45334,88.542969
13030,512,47625,93.017578
13031,512,44084,86.101562
13032,512,35333,69.009766
13033,512,38958,76.089844
13034,512,47208,92.203125
13035,512,43500,84.960938
13036,512,46417,90.658203
13037,512,42417,82.845703
13038,512,37541,73.322266
13039,512,37625,73.486328
13040,512,34292,66.976562
13041,512,35542,69.417969
13042,512,36125,70.556641
13043,512,35500,69.335938
13044,512,33583,65.591797
13045,512,36416,71.125000
13046,512,35084,68.523438
13047,512,37000,72.265625
13048,512,36417,71.126953
13049,512,34083,66.568359
13050,512,34541,67.462891
13051,512,34625,67.626953
13052,512,34792,67.953125
13053,512,35041,68.439453
13054,512,35667,69.662109
13055,512,37250,72.753906
13056,512,35250,68.847656
13057,512,35250,68.847656
13058,512,35666,69.660156
13059,512,39500,77.148438
13060,512,38667,75.521484
13061,512,38791,75.763672
13062,512,37542,73.324219
13063,512,37833,73.892578
13064,512,42333,82.681641
13065,512,43292,84.554688
13066,512,39250,76.660156
13067,512,42209,82.439453
13068,512,37792,73.812500
13069,512,36875,72.021484
13070,512,42667,83.333984
13071,512,38625,75.439453
13072,512,38792,75.765625
13073,512,41542,81.136719
13074,512,38125,74.462891
13075,512,39625,77.392578
13076,512,48084,93.914062
13077,512,43583,85.123047
13078,512,37833,73.892578
13079,512,38750,75.683594
13080,512,37083,72.427734
13081,512,40917,79.916016
13082,512,37833,73.892578
13083,512,43250,84.472656
13084,512,38000,74.218750
13085,512,37583,73.404297
13086,512,36667,71.615234
13087,512,38250,74.707031
13088,512,39875,77.880859
13089,512,37584,73.406250
13090,512,37208,72.671875
13091,512,38750,75.683594
13092,512,36333,70.962891
13093,512,39666,77.472656
13094,512,36958,72.183594
13095,512,37000,72.265625
13096,512,37375,72.998047
13097,512,37291,72.833984
13098,512,36542,71.371094
13099,512,36958,72.183594
13100,512,38041,74.298828
13101,512,39334,76.824219
13102,512,37459,73.162109
13103,512,39750,77.636719
13104,512,36750,71.777344
13105,512,35834,69.988281
13106,512,37500,73.242188
13107,512,37583,73.404297
13108,512,37458,73.160156
13109,512,37334,72.917969
13110,512,36458,71.207031
13111,512,36833,71.939453
13112,512,36125,70.556641
13113,512,37417,73.080078
13114,512,37500,73.242188
13115,512,37292,72.835938
13116,512,38416,75.031250
13117,512,37250,72.753906
13118,512,35542,69.417969
13119,512,38958,76.089844
13120,512,40709,79.509766
13121,512,45417,88.705078
13122,512,36167,70.638672
13123,512,46667,91.146484
13124,512,49333,96.353516
13125,512,41125,80.322266
13126,512,40042,78.207031
13127,512,37000,72.265625
13128,512,36916,72.101562
13129,512,37875,73.974609
13130,512,37417,73.080078
13131,512,37708,73.648438
13132,512,45333,88.541016
13133,512,44791,87.482422
13134,512,39209,76.580078
13135,512,39750,77.636719
13136,512,39375,76.904297
13137,512,46334,90.496094
13138,512,39375,76.904297
13139,512,44084,86.101562
13140,512,40959,79.998047
13141,512,37416,73.078125
13142,512,39417,76.986328
13143,512,39875,77.880859
13144,512,41334,80.730469
13145,512,51334,100.261719
13146,512,45458,88.785156
13147,512,43750,85.449219
13148,512,40000,78.125000
13149,512,39375,76.904297
13150,512,37666,73.566406
13151,512,38417,75.033203
13152,512,45166,88.214844
13153,512,41667,81.380859
13154,512,39625,77.392578
13155,512,44209,86.345703
13156,512,37791,73.810547
13157,512,39042,76.253906
13158,512,40708,79.507812
13159,512,43625,85.205078
13160,512,43667,85.287109
13161,512,40375,78.857422
13162,512,38250,74.707031
13163,512,46541,90.900391
13164,512,40584,79.265625
13165,512,41667,81.380859
13166,512,41292,80.648438
13167,512,39125,76.416016
13168,512,66541,129.962891
13169,512,46333,90.494141
13170,512,43250,84.472656
13171,512,45083,88.052734
13172,512,41792,81.625000
13173,512,38958,76.089844
13174,512,39209,76.580078
13175,512,53334,104.167969
13176,512,45791,89.435547
13177,512,36584,71.453125
13178,512,36917,72.103516
13179,512,37708,73.648438
13180,512,36292,70.882812
13181,512,37208,72.671875
13182,512,36917,72.103516
13183,512,36250,70.800781
13184,512,39583,77.310547
13185,512,36166,70.636719
13186,512,38125,74.462891
13187,512,39166,76.496094
13188,512,37250,72.753906
13189,512,36209,70.720703
13190,512,35083,68.521484
13191,512,37292,72.835938
13192,512,36416,71.125000
13193,512,36333,70.962891
13194,512,38209,74.626953
13195,512,37166,72.589844
13196,512,36834,71.941406
13197,512,35041,68.439453
13198,512,36042,70.394531
13199,512,35208,68.765625
13200,512,36583,71.451172
13201,512,35458,69.253906
13202,512,35709,69.744141
13203,512,34375,67.138672
13204,512,34209,66.814453
13205,512,34542,67.464844
13206,512,36917,72.103516
13207,512,35209,68.767578
13208,512,35625,69.580078
13209,512,36458,71.207031
13210,512,36625,71.533203
13211,512,35583,69.498047
13212,512,34042,66.488281
13213,512,34541,67.462891
13214,512,36875,72.021484
13215,512,39292,76.742188
13216,512,37208,72.671875
13217,512,36625,71.533203
13218,512,36084,70.476562
13219,512,34916,68.195312
13220,512,35709,69.744141
13221,512,37083,72.427734
13222,512,38208,74.625000
13223,512,36125,70.556641
13224,512,35000,68.359375
13225,512,35917,70.150391
13226,512,35166,68.683594
13227,512,32459,63.396484
13228,512,35375,69.091797
13229,512,37792,73.812500
13230,512,35708,69.742188
13231,512,34834,68.035156
13232,512,36209,70.720703
13233,512,34042,66.488281
13234,512,36958,72.183594
13235,512,35667,69.662109
13236,512,34083,66.568359
13237,512,36459,71.208984
13238,512,64666,126.300781
13239,512,48667,95.052734
13240,512,37125,72.509766
13241,512,43958,85.855469
13242,512,45875,89.599609
13243,512,50750,99.121094
13244,512,46083,90.005859
13245,512,62250,121.582031
13246,512,43875,85.693359
13247,512,42042,82.113281
13248,512,66459,129.802734
13249,512,50625,98.876953
13250,512,42250,82.519531
13251,512,38875,75.927734
13252,512,50042,97.738281
13253,512,40416,78.937500
13254,512,37417,73.080078
13255,512,48458,94.644531
13256,512,48833,95.376953
13257,512,39000,76.171875
13258,512,40542,79.183594
13259,512,40250,78.613281
13260,512,39875,77.880859
13261,512,37750,73.730469
13262,512,38250,74.707031
13263,512,41500,81.054688
13264,512,39583,77.310547
13265,512,39333,76.822266
13266,512,38625,75.439453
13267,512,39125,76.416016
13268,512,40250,78.613281
13269,512,49792,97.250000
13270,512,39750,77.636719
13271,512,38917,76.009766
13272,512,40416,78.937500
13273,512,38667,75.521484
13274,512,38333,74.869141
13275,512,34292,66.976562
13276,512,35500,69.335938
13277,512,34917,68.197266
13278,512,35792,69.906250
13279,512,36750,71.777344
13280,512,38666,75.519531
13281,512,36583,71.451172
13282,512,35417,69.173828
13283,512,35000,68.359375
13284,512,35834,69.988281
13285,512,35083,68.521484
13286,512,35541,69.416016
13287,512,37084,72.429688
13288,512,36000,70.312500
13289,512,37084,72.429688
13290,512,36000,70.312500
13291,512,38084,74.382812
13292,512,35250,68.847656
13293,512,35958,70.230469
13294,512,36125,70.556641
13295,512,35958,70.230469
13296,512,37875,73.974609
13297,512,37000,72.265625
13298,512,38792,75.765625
13299,512,36000,70.312500
13300,512,35042,68.441406
13301,512,34958,68.277344
13302,512,34291,66.974609
13303,512,34750,67.871094
13304,512,33750,65.917969
13305,512,35750,69.824219
13306,512,38833,75.845703
13307,512,34917,68.197266
13308,512,37625,73.486328
13309,512,34750,67.871094
13310,512,37041,72.345703
13311,512,36333,70.962891
13312,512,37167,72.591797
13313,512,35417,69.173828
13314,512,35166,68.683594
13315,512,34917,68.197266
13316,512,36500,71.289062
13317,512,36917,72.103516
13318,512,35333,69.009766
13319,512,36417,71.126953
13320,512,36042,70.394531
13321,512,35166,68.683594
13322,512,34875,68.115234
13323,512,38208,74.625000
13324,512,37167,72.591797
13325,512,35750,69.824219
13326,512,35542,69.417969
13327,512,35833,69.986328
13328,512,35084,68.523438
13329,512,38167,74.544922
13330,512,36833,71.939453
13331,512,35459,69.255859
13332,512,35333,69.009766
13333,512,38666,75.519531
13334,512,36167,70.638672
13335,512,36000,70.312500
13336,512,37041,72.345703
13337,512,36917,72.103516
13338,512,35833,69.986328
13339,512,36250,70.800781
13340,512,35750,69.824219
13341,512,37667,73.568359
13342,512,35042,68.441406
13343,512,36333,70.962891
13344,512,37292,72.835938
13345,512,35083,68.521484
13346,512,36666,71.613281
13347,512,36292,70.882812
13348,512,35875,70.068359
13349,512,37875,73.974609
13350,512,35833,69.986328
13351,512,34959,68.279297
13352,512,36041,70.392578
13353,512,36209,70.720703
13354,512,35291,68.927734
13355,512,35458,69.253906
13356,512,35917,70.150391
13357,512,37250,72.753906
13358,512,35208,68.765625
13359,512,35375,69.091797
13360,512,35458,69.253906
13361,512,35125,68.603516
13362,512,36583,71.451172
13363,512,35250,68.847656
13364,512,35166,68.683594
13365,512,35250,68.847656
13366,512,35417,69.173828
13367,512,34791,67.951172
13368,512,35125,68.603516
13369,512,37625,73.486328
13370,512,35000,68.359375
13371,512,35334,69.011719
13372,512,35916,70.148438
13373,512,37208,72.671875
13374,512,35334,69.011719
13375,512,36208,70.718750
13376,512,38458,75.113281
13377,512,36667,71.615234
13378,512,37417,73.080078
13379,512,37000,72.265625
13380,512,34542,67.464844
13381,512,35959,70.232422
13382,512,35375,69.091797
13383,512,36250,70.800781
13384,512,36541,71.369141
13385,512,34792,67.953125
13386,512,35833,69.986328
13387,512,35875,70.068359
13388,512,36875,72.021484
13389,512,36250,70.800781
13390,512,35500,69.335938
13391,512,35917,70.150391
13392,512,36083,70.474609
13393,512,35000,68.359375
13394,512,37833,73.892578
13395,512,37833,73.892578
13396,512,38459,75.115234
13397,512,38791,75.763672
13398,512,38250,74.707031
13399,512,37583,73.404297
13400,512,38083,74.380859
13401,512,38375,74.951172
13402,512,38125,74.462891
13403,512,37584,73.406250
13404,512,39708,77.554688
13405,512,40583,79.263672
13406,512,40958,79.996094
13407,512,41542,81.136719
13408,512,38583,75.357422
13409,512,38834,75.847656
13410,512,38792,75.765625
13411,512,37083,72.427734
13412,512,39875,77.880859
13413,512,38500,75.195312
13414,512,40958,79.996094
13415,512,40583,79.263672
13416,512,39583,77.310547
13417,512,38292,74.789062
13418,512,38708,75.601562
13419,512,39667,77.474609
13420,512,40458,79.019531
13421,512,40667,79.427734
13422,512,37583,73.404297
13423,512,37708,73.648438
13424,512,38209,74.626953
13425,512,38458,75.113281
13426,512,38000,74.218750
13427,512,38500,75.195312
13428,512,36708,71.695312
13429,512,37167,72.591797
13430,512,37958,74.136719
13431,512,39000,76.171875
13432,512,37334,72.917969
13433,512,40000,78.125000
13434,512,40708,79.507812
13435,512,39250,76.660156
13436,512,37375,72.998047
13437,512,38500,75.195312
13438,512,39458,77.066406
13439,512,37834,73.894531
13440,512,36958,72.183594
13441,512,37875,73.974609
13442,512,37333,72.916016
13443,512,37292,72.835938
13444,512,38833,75.845703
13445,512,36541,71.369141
13446,512,37375,72.998047
13447,512,38333,74.869141
13448,512,36458,71.207031
13449,512,35417,69.173828
13450,512,36584,71.453125
13451,512,40041,78.205078
13452,512,40584,79.265625
13453,512,44791,87.482422
13454,512,36208,70.718750
13455,512,36375,71.044922
13456,512,37167,72.591797
13457,512,37125,72.509766
13458,512,37916,74.054688
13459,512,38042,74.300781
13460,512,37667,73.568359
13461,512,36375,71.044922
13462,512,38583,75.357422
13463,512,38583,75.357422
13464,512,38834,75.847656
13465,512,43042,84.066406
13466,512,37917,74.056641
13467,512,38125,74.462891
13468,512,36708,71.695312
13469,512,37958,74.136719
13470,512,46042,89.925781
13471,512,40916,79.914062
13472,512,37750,73.730469
13473,512,37459,73.162109
13474,512,36708,71.695312
13475,512,36833,71.939453
13476,512,36667,71.615234
13477,512,38083,74.380859
13478,512,37667,73.568359
13479,512,38416,75.031250
13480,512,37500,73.242188
13481,512,35708,69.742188
13482,512,37083,72.427734
13483,512,35125,68.603516
13484,512,39500,77.148438
13485,512,37291,72.833984
13486,512,40334,78.777344
13487,512,42666,83.332031
13488,512,42542,83.089844
13489,512,36625,71.533203
13490,512,39375,76.904297
13491,512,39584,77.312500
13492,512,41958,81.949219
13493,512,42792,83.578125
13494,512,39459,77.068359
13495,512,40791,79.669922
13496,512,40209,78.533203
13497,512,38166,74.542969
13498,512,37209,72.673828
13499,512,38125,74.462891
13500,512,38917,76.009766
13501,512,93542,182.699219
13502,512,44375,86.669922
13503,512,49541,96.759766
13504,512,43292,84.554688
13505,512,41875,81.787109
13506,512,38042,74.300781
13507,512,38500,75.195312
13508,512,43583,85.123047
13509,512,40958,79.996094
13510,512,39709,77.556641
13511,512,36916,72.101562
13512,512,38750,75.683594
13513,512,39250,76.660156
13514,512,37333,72.916016
13515,512,35958,70.230469
13516,512,35625,69.580078
13517,512,34667,67.708984
13518,512,37417,73.080078
13519,512,44000,85.937500
13520,512,38417,75.033203
13521,512,36625,71.533203
13522,512,36000,70.312500
13523,512,43500,84.960938
13524,512,49417,96.517578
13525,512,44417,86.751953
13526,512,36541,71.369141
13527,512,41167,80.404297
13528,512,36583,71.451172
13529,512,35834,69.988281
13530,512,35875,70.068359
13531,512,37500,73.242188
13532,512,38959,76.091797
13533,512,36209,70.720703
13534,512,35666,69.660156
13535,512,39583,77.310547
13536,512,34667,67.708984
13537,512,34459,67.302734
13538,512,36667,71.615234
13539,512,36458,71.207031
13540,512,36416,71.125000
13541,512,39083,76.333984
13542,512,38084,74.382812
13543,512,35666,69.660156
13544,512,38209,74.626953
13545,512,38709,75.603516
13546,512,38750,75.683594
13547,512,37875,73.974609
13548,512,39083,76.333984
13549,512,37875,73.974609
13550,512,39250,76.660156
13551,512,40625,79.345703
13552,512,44500,86.914062
13553,512,40083,78.287109
13554,512,41625,81.298828
13555,512,49292,96.273438
13556,512,38625,75.439453
13557,512,38000,74.218750
13558,512,38500,75.195312
13559,512,39917,77.962891
13560,512,39875,77.880859
13561,512,38459,75.115234
13562,512,45458,88.785156
13563,512,43250,84.472656
13564,512,46792,91.390625
13565,512,42667,83.333984
13566,512,40958,79.996094
13567,512,40375,78.857422
13568,512,41292,80.648438
13569,512,46250,90.332031
13570,512,42125,82.275391
13571,512,39375,76.904297
13572,512,51375,100.341797
13573,512,40208,78.531250
13574,512,41042,80.160156
13575,512,40416,78.937500
13576,512,39125,76.416016
13577,512,43500,84.960938
13578,512,41709,81.462891
13579,512,38084,74.382812
13580,512,40708,79.507812
13581,512,51250,100.097656
13582,512,44042,86.019531
13583,512,45750,89.355469
13584,512,67458,131.753906
13585,512,46708,91.226562
13586,512,47334,92.449219
13587,512,41166,80.402344
13588,512,42167,82.357422
13589,512,45000,87.890625
13590,512,38833,75.845703
13591,512,34917,68.197266
13592,512,36666,71.613281
13593,512,36917,72.103516
13594,512,34750,67.871094
13595,512,35916,70.148438
13596,512,46292,90.414062
13597,512,42375,82.763672
13598,512,40125,78.369141
13599,512,46416,90.656250
13600,512,48042,93.832031
13601,512,45625,89.111328
13602,512,38166,74.542969
13603,512,35584,69.500000
13604,512,37625,73.486328
13605,512,51250,100.097656
13606,512,39625,77.392578
13607,512,37208,72.671875
13608,512,32166,62.824219
13609,512,34542,67.464844
13610,512,38667,75.521484
13611,512,36041,70.392578
13612,512,35375,69.091797
13613,512,36042,70.394531
13614,512,34583,67.544922
13615,512,36959,72.185547
13616,512,34042,66.488281
13617,512,35667,69.662109
13618,512,34333,67.056641
13619,512,35042,68.441406
13620,512,36250,70.800781
13621,512,35000,68.359375
13622,512,35250,68.847656
13623,512,34667,67.708984
13624,512,33792,66.000000
13625,512,34000,66.406250
13626,512,34625,67.626953
13627,512,35542,69.417969
13628,512,35250,68.847656
13629,512,35625,69.580078
13630,512,36417,71.126953
13631,512,35458,69.253906
13632,512,36125,70.556641
13633,512,38792,75.765625
13634,512,37208,72.671875
13635,512,49167,96.029297
13636,512,37750,73.730469
13637,512,35333,69.009766
13638,512,35459,69.255859
13639,512,34834,68.035156
13640,512,34209,66.814453
13641,512,34375,67.138672
13642,512,34792,67.953125
13643,512,38750,75.683594
13644,512,35042,68.441406
13645,512,34208,66.812500
13646,512,35333,69.009766
13647,512,35417,69.173828
13648,512,35375,69.091797
13649,512,35042,68.441406
13650,512,34708,67.789062
13651,512,35333,69.009766
13652,512,35500,69.335938
13653,512,35000,68.359375
13654,512,35416,69.171875
13655,512,37417,73.080078
13656,512,45208,88.296875
13657,512,35042,68.441406
13658,512,39625,77.392578
13659,512,36500,71.289062
13660,512,35000,68.359375
13661,512,34125,66.650391
13662,512,35167,68.685547
13663,512,34583,67.544922
13664,512,45875,89.599609
13665,512,34833,68.033203
13666,512,34375,67.138672
13667,512,34125,66.650391
13668,512,34666,67.707031
13669,512,36208,70.718750
13670,512,35167,68.685547
13671,512,33625,65.673828
13672,512,33666,65.753906
13673,512,33375,65.185547
13674,512,34208,66.812500
13675,512,32750,63.964844
13676,512,34375,67.138672
13677,512,33583,65.591797
13678,512,34667,67.708984
13679,512,34292,66.976562
13680,512,41292,80.648438
13681,512,34625,67.626953
13682,512,33833,66.080078
13683,512,34625,67.626953
13684,512,45417,88.705078
13685,512,33958,66.324219
13686,512,34083,66.568359
13687,512,35084,68.523438
13688,512,33875,66.162109
13689,512,32959,64.373047
13690,512,33375,65.185547
13691,512,34833,68.033203
13692,512,35250,68.847656
13693,512,33959,66.326172
13694,512,32334,63.152344
13695,512,36000,70.312500
13696,512,33292,65.023438
13697,512,33875,66.162109
13698,512,34125,66.650391
13699,512,33666,65.753906
13700,512,33834,66.082031
13701,512,36833,71.939453
13702,512,32250,62.988281
13703,512,36416,71.125000
13704,512,33958,66.324219
13705,512,35584,69.500000
13706,512,34417,67.220703
13707,512,36958,72.183594
13708,512,35042,68.441406
13709,512,34916,68.195312
13710,512,35583,69.498047
13711,512,34875,68.115234
13712,512,35250,68.847656
13713,512,36500,71.289062
13714,512,36333,70.962891
13715,512,34042,66.488281
13716,512,35583,69.498047
13717,512,34167,66.732422
13718,512,35000,68.359375
13719,512,34708,67.789062
13720,512,34292,66.976562
13721,512,36250,70.800781
13722,512,36000,70.312500
13723,512,35084,68.523438
13724,512,36125,70.556641
13725,512,33541,65.509766
13726,512,35042,68.441406
13727,512,33416,65.265625
13728,512,33875,66.162109
13729,512,34750,67.871094
13730,512,34250,66.894531
13731,512,36000,70.312500
13732,512,36708,71.695312
13733,512,35458,69.253906
13734,512,34459,67.302734
13735,512,33500,65.429688
13736,512,36042,70.394531
13737,512,36333,70.962891
13738,512,41625,81.298828
13739,512,37333,72.916016
13740,512,38667,75.521484
13741,512,38166,74.542969
13742,512,38792,75.765625
13743,512,38417,75.033203
13744,512,39667,77.474609
13745,512,38792,75.765625
13746,512,37125,72.509766
13747,512,36667,71.615234
13748,512,37750,73.730469
13749,512,38125,74.462891
13750,512,37458,73.160156
13751,512,37167,72.591797
13752,512,36875,72.021484
13753,512,41916,81.867188
13754,512,37042,72.347656
13755,512,38417,75.033203
13756,512,37833,73.892578
13757,512,37625,73.486328
13758,512,40167,78.451172
13759,512,39000,76.171875
13760,512,38375,74.951172
13761,512,37833,73.892578
13762,512,39458,77.066406
13763,512,39875,77.880859
13764,512,139000,271.484375
13765,512,38333,74.869141
13766,512,35500,69.335938
13767,512,36917,72.103516
13768,512,34917,68.197266
13769,512,35458,69.253906
13770,512,41042,80.160156
13771,512,41625,81.298828
13772,512,35792,69.906250
13773,512,39500,77.148438
13774,512,49958,97.574219
13775,512,40083,78.287109
13776,512,36709,71.697266
13777,512,35458,69.253906
13778,512,35250,68.847656
13779,512,35125,68.603516
13780,512,38291,74.787109
13781,512,36167,70.638672
13782,512,47333,92.447266
13783,512,46459,90.740234
13784,512,39208,76.578125
13785,512,38666,75.519531
13786,512,38042,74.300781
13787,512,39667,77.474609
13788,512,42541,83.087891
13789,512,40625,79.345703
13790,512,41708,81.460938
13791,512,40792,79.671875
13792,512,38000,74.218750
13793,512,38792,75.765625
13794,512,41208,80.484375
13795,512,38000,74.218750
13796,512,39333,76.822266
13797,512,40583,79.263672
13798,512,39792,77.718750
13799,512,42333,82.681641
13800,512,38542,75.277344
13801,512,39666,77.472656
13802,512,39459,77.068359
13803,512,42291,82.599609
13804,512,39250,76.660156
13805,512,41375,80.810547
13806,512,48375,94.482422
13807,512,44000,85.937500
13808,512,39041,76.251953
13809,512,42084,82.195312
13810,512,38250,74.707031
13811,512,43167,84.310547
13812,512,43333,84.634766
13813,512,38459,75.115234
13814,512,44000,85.937500
13815,512,40792,79.671875
13816,512,46875,91.552734
13817,512,40583,79.263672
13818,512,42875,83.740234
13819,512,44375,86.669922
13820,512,42000,82.031250
13821,512,41792,81.625000
13822,512,41916,81.867188
13823,512,39834,77.800781
13824,512,40625,79.345703
13825,512,44041,86.017578
13826,512,38542,75.277344
13827,512,40166,78.449219
13828,512,41167,80.404297
13829,512,38833,75.845703
13830,512,41334,80.730469
13831,512,37750,73.730469
13832,512,38958,76.089844
13833,512,39250,76.660156
13834,512,41250,80.566406
13835,512,39875,77.880859
13836,512,39833,77.798828
13837,512,41834,81.707031
13838,512,39583,77.310547
13839,512,40208,78.531250
13840,512,41083,80.240234
13841,512,38334,74.871094
13842,512,40209,78.533203
13843,512,45209,88.298828
13844,512,41583,81.216797
13845,512,44750,87.402344
13846,512,46459,90.740234
13847,512,47125,92.041016
13848,512,46125,90.087891
13849,512,51375,100.341797
13850,512,50458,98.550781
13851,512,37417,73.080078
13852,512,47458,92.691406
13853,512,35875,70.068359
13854,512,46542,90.902344
13855,512,48375,94.482422
13856,512,46958,91.714844
13857,512,48208,94.156250
13858,512,37500,73.242188
13859,512,36625,71.533203
13860,512,36542,71.371094
13861,512,53333,104.166016
13862,512,38125,74.462891
13863,512,35833,69.986328
13864,512,34834,68.035156
13865,512,35250,68.847656
13866,512,35417,69.173828
13867,512,36250,70.800781
13868,512,35583,69.498047
13869,512,36334,70.964844
13870,512,42833,83.658203
13871,512,39583,77.310547
13872,512,43667,85.287109
13873,512,43708,85.367188
13874,512,37333,72.916016
13875,512,37375,72.998047
13876,512,37542,73.324219
13877,512,37000,72.265625
13878,512,38084,74.382812
13879,512,37833,73.892578
13880,512,37083,72.427734
13881,512,38417,75.033203
13882,512,37625,73.486328
13883,512,37458,73.160156
13884,512,37458,73.160156
13885,512,48500,94.726562
13886,512,46625,91.064453
13887,512,37917,74.056641
13888,512,39875,77.880859
13889,512,39041,76.251953
13890,512,36625,71.533203
13891,512,45708,89.273438
13892,512,49167,96.029297
13893,512,40792,79.671875
13894,512,60875,118.896484
13895,512,51542,100.667969
13896,512,54709,106.853516
13897,512,45125,88.134766
13898,512,45833,89.517578
13899,512,45500,88.867188
13900,512,44917,87.728516
13901,512,46375,90.576172
13902,512,41125,80.322266
13903,512,45250,88.378906
13904,512,55750,108.886719
13905,512,39542,77.230469
13906,512,63417,123.861328
13907,512,43292,84.554688
13908,512,44750,87.402344
13909,512,40667,79.427734
13910,512,39125,76.416016
13911,512,42000,82.031250
13912,512,53500,104.492188
13913,512,46041,89.923828
13914,512,44584,87.078125
13915,512,43666,85.285156
13916,512,53250,104.003906
13917,512,42125,82.275391
13918,512,37458,73.160156
13919,512,37917,74.056641
13920,512,35542,69.417969
13921,512,37791,73.810547
13922,512,35834,69.988281
13923,512,34500,67.382812
13924,512,36666,71.613281
13925,512,35584,69.500000
13926,512,35375,69.091797
13927,512,36375,71.044922
13928,512,35375,69.091797
13929,512,33916,66.242188
13930,512,34334,67.058594
13931,512,38334,74.871094
13932,512,36833,71.939453
13933,512,36708,71.695312
13934,512,36375,71.044922
13935,512,33833,66.080078
13936,512,34459,67.302734
13937,512,36583,71.451172
13938,512,40166,78.449219
13939,512,35209,68.767578
13940,512,33875,66.162109
13941,512,34209,66.814453
13942,512,36208,70.718750
13943,512,34000,66.406250
13944,512,35708,69.742188
13945,512,35375,69.091797
13946,512,33750,65.917969
13947,512,36042,70.394531
13948,512,36291,70.880859
13949,512,35292,68.929688
13950,512,35583,69.498047
13951,512,35042,68.441406
13952,512,34750,67.871094
13953,512,35958,70.230469
13954,512,35708,69.742188
13955,512,35208,68.765625
13956,512,39542,77.230469
13957,512,36833,71.939453
13958,512,35584,69.500000
13959,512,34750,67.871094
13960,512,36667,71.615234
13961,512,35042,68.441406
13962,512,35083,68.521484
13963,512,33292,65.023438
13964,512,38584,75.359375
13965,512,35833,69.986328
13966,512,39041,76.251953
13967,512,46750,91.308594
13968,512,35375,69.091797
13969,512,33750,65.917969
13970,512,35083,68.521484
13971,512,34875,68.115234
13972,512,35250,68.847656
13973,512,35958,70.230469
13974,512,35958,70.230469
13975,512,36333,70.962891
13976,512,37000,72.265625
13977,512,39334,76.824219
13978,512,46917,91.634766
13979,512,37125,72.509766
13980,512,45875,89.599609
13981,512,45875,89.599609
13982,512,37541,73.322266
13983,512,44167,86.263672
13984,512,38750,75.683594
13985,512,38333,74.869141
13986,512,39583,77.310547
13987,512,40959,79.998047
13988,512,49959,97.576172
13989,512,42167,82.357422
13990,512,47917,93.587891
13991,512,40500,79.101562
13992,512,40417,78.939453
13993,512,42916,83.820312
13994,512,47167,92.123047
13995,512,40250,78.613281
13996,512,41625,81.298828
13997,512,42583,83.169922
13998,512,41375,80.810547
13999,512,45125,88.134766
14000,512,39708,77.554688
14001,512,38834,75.847656
14002,512,42125,82.275391
14003,512,38250,74.707031
14004,512,38458,75.113281
14005,512,40875,79.833984
14006,512,40333,78.775391
14007,512,37625,73.486328
14008,512,43916,85.773438
14009,512,42542,83.089844
14010,512,40750,79.589844
14011,512,39833,77.798828
14012,512,40375,78.857422
14013,512,39333,76.822266
14014,512,39708,77.554688
14015,512,38875,75.927734
14016,512,43666,85.285156
14017,512,41708,81.460938
14018,512,41458,80.972656
14019,512,42625,83.251953
14020,512,41125,80.322266
14021,512,39500,77.148438
14022,512,40500,79.101562
14023,512,39583,77.310547
14024,512,41792,81.625000
14025,512,39333,76.822266
14026,512,37875,73.974609
14027,512,37208,72.671875
14028,512,38458,75.113281
14029,512,40000,78.125000
14030,512,41417,80.892578
14031,512,40916,79.914062
14032,512,49625,96.923828
14033,512,40875,79.833984
14034,512,46541,90.900391
14035,512,39084,76.335938
14036,512,36625,71.533203
14037,512,42000,82.031250
14038,512,38917,76.009766
14039,512,38375,74.951172
14040,512,39417,76.986328
14041,512,41208,80.484375
14042,512,35208,68.765625
14043,512,33958,66.324219
14044,512,35167,68.685547
14045,512,37208,72.671875
14046,512,35792,69.906250
14047,512,53083,103.677734
14048,512,45416,88.703125
14049,512,37750,73.730469
14050,512,48917,95.541016
14051,512,35125,68.603516
14052,512,36417,71.126953
14053,512,42083,82.193359
14054,512,44208,86.343750
14055,512,44167,86.263672
14056,512,39958,78.042969
14057,512,39417,76.986328
14058,512,34416,67.218750
14059,512,44959,87.810547
14060,512,37542,73.324219
14061,512,41166,80.402344
14062,512,39792,77.718750
14063,512,38166,74.542969
14064,512,39667,77.474609
14065,512,38458,75.113281
14066,512,38958,76.089844
14067,512,38958,76.089844
14068,512,42208,82.437500
14069,512,45375,88.623047
14070,512,40083,78.287109
14071,512,36917,72.103516
14072,512,36459,71.208984
14073,512,35250,68.847656
14074,512,33666,65.753906
14075,512,35459,69.255859
14076,512,33500,65.429688
14077,512,33959,66.326172
14078,512,33250,64.941406
14079,512,33667,65.755859
14080,512,35459,69.255859
14081,512,40208,78.531250
14082,512,37458,73.160156
14083,512,38625,75.439453
14084,512,36667,71.615234
14085,512,37458,73.160156
14086,512,37416,73.078125
14087,512,36792,71.859375
14088,512,37458,73.160156
14089,512,36667,71.615234
14090,512,39375,76.904297
14091,512,37875,73.974609
14092,512,36834,71.941406
14093,512,45166,88.214844
14094,512,42959,83.904297
14095,512,46541,90.900391
14096,512,41042,80.160156
14097,512,38750,75.683594
14098,512,37708,73.648438
14099,512,37500,73.242188
14100,512,36125,70.556641
14101,512,39125,76.416016
14102,512,37917,74.056641
14103,512,44750,87.402344
14104,512,61458,120.035156
14105,512,54792,107.015625
14106,512,53541,104.572266
14107,512,45708,89.273438
14108,512,47417,92.611328
14109,512,43583,85.123047
14110,512,54209,105.876953
14111,512,48875,95.458984
14112,512,66750,130.371094
14113,512,45750,89.355469
14114,512,54666,106.769531
14115,512,41083,80.240234
14116,512,45250,88.378906
14117,512,42667,83.333984
14118,512,47542,92.855469
14119,512,47250,92.285156
14120,512,51417,100.423828
14121,512,53208,103.921875
14122,512,45416,88.703125
14123,512,44542,86.996094
14124,512,40708,79.507812
14125,512,38875,75.927734
14126,512,39000,76.171875
14127,512,41292,80.648438
14128,512,38125,74.462891
14129,512,39625,77.392578
14130,512,37000,72.265625
14131,512,35166,68.683594
14132,512,35834,69.988281
14133,512,35084,68.523438
14134,512,36500,71.289062
14135,512,36875,72.021484
14136,512,35459,69.255859
14137,512,33708,65.835938
14138,512,35875,70.068359
14139,512,35625,69.580078
14140,512,38291,74.787109
14141,512,35917,70.150391
14142,512,34208,66.812500
14143,512,37042,72.347656
14144,512,36833,71.939453
14145,512,37500,73.242188
14146,512,37667,73.568359
14147,512,34708,67.789062
14148,512,37125,72.509766
14149,512,37833,73.892578
14150,512,39041,76.251953
14151,512,40042,78.207031
14152,512,37375,72.998047
14153,512,35334,69.011719
14154,512,35541,69.416016
14155,512,35834,69.988281
14156,512,34625,67.626953
14157,512,36333,70.962891
14158,512,37083,72.427734
14159,512,37750,73.730469
14160,512,37375,72.998047
14161,512,39334,76.824219
14162,512,40041,78.205078
14163,512,38583,75.357422
14164,512,38250,74.707031
14165,512,39458,77.066406
14166,512,36084,70.476562
14167,512,38833,75.845703
14168,512,38167,74.544922
14169,512,37542,73.324219
14170,512,38042,74.300781
14171,512,37291,72.833984
14172,512,38875,75.927734
14173,512,38334,74.871094
14174,512,37250,72.753906
14175,512,40125,78.369141
14176,512,39417,76.986328
14177,512,39584,77.312500
14178,512,37250,72.753906
14179,512,38375,74.951172
14180,512,36917,72.103516
14181,512,38750,75.683594
14182,512,37333,72.916016
14183,512,37417,73.080078
14184,512,37083,72.427734
14185,512,37833,73.892578
14186,512,48625,94.970703
14187,512,37000,72.265625
14188,512,38208,74.625000
14189,512,37833,73.892578
14190,512,36125,70.556641
14191,512,37542,73.324219
14192,512,37333,72.916016
14193,512,37542,73.324219
14194,512,47959,93.669922
14195,512,47792,93.343750
14196,512,36625,71.533203
14197,512,38584,75.359375
14198,512,37291,72.833984
14199,512,38875,75.927734
14200,512,40292,78.695312
14201,512,40000,78.125000
14202,512,41334,80.730469
14203,512,37167,72.591797
14204,512,37208,72.671875
14205,512,41250,80.566406
14206,512,39334,76.824219
14207,512,38416,75.031250
14208,512,38417,75.033203
14209,512,39416,76.984375
14210,512,48167,94.076172
14211,512,43583,85.123047
14212,512,46583,90.982422
14213,512,39500,77.148438
14214,512,38042,74.300781
14215,512,36291,70.880859
14216,512,38334,74.871094
14217,512,37750,73.730469
14218,512,35291,68.927734
14219,512,41667,81.380859
14220,512,40000,78.125000
14221,512,39916,77.960938
14222,512,39042,76.253906
14223,512,38833,75.845703
14224,512,38375,74.951172
14225,512,38250,74.707031
14226,512,38041,74.298828
14227,512,40209,78.533203
14228,512,38333,74.869141
14229,512,38750,75.683594
14230,512,42375,82.763672
14231,512,40042,78.207031
14232,512,39583,77.310547
14233,512,38250,74.707031
14234,512,38833,75.845703
14235,512,38792,75.765625
14236,512,38250,74.707031
14237,512,40542,79.183594
14238,512,40708,79.507812
14239,512,38666,75.519531
14240,512,40834,79.753906
14241,512,37125,72.509766
14242,512,36750,71.777344
14243,512,40250,78.613281
14244,512,39625,77.392578
14245,512,36500,71.289062
14246,512,36500,71.289062
14247,512,47166,92.121094
14248,512,52333,102.212891
14249,512,44542,86.996094
14250,512,42209,82.439453
14251,512,39875,77.880859
14252,512,39125,76.416016
14253,512,40916,79.914062
14254,512,41917,81.869141
14255,512,41000,80.078125
14256,512,39042,76.253906
14257,512,42916,83.820312
14258,512,38750,75.683594
14259,512,38875,75.927734
14260,512,39167,76.498047
14261,512,38333,74.869141
14262,512,42583,83.169922
14263,512,56375,110.107422
14264,512,43834,85.613281
14265,512,47709,93.181641
14266,512,37875,73.974609
14267,512,45166,88.214844
14268,512,40167,78.451172
14269,512,40625,79.345703
14270,512,47250,92.285156
14271,512,44625,87.158203
14272,512,43416,84.796875
14273,512,43500,84.960938
14274,512,47209,92.205078
14275,512,41542,81.136719
14276,512,40000,78.125000
14277,512,40166,78.449219
14278,512,39917,77.962891
14279,512,39917,77.962891
14280,512,39666,77.472656
14281,512,39750,77.636719
14282,512,41500,81.054688
14283,512,42167,82.357422
14284,512,38666,75.519531
14285,512,45875,89.599609
14286,512,38625,75.439453
14287,512,45000,87.890625
14288,512,42666,83.332031
14289,512,41167,80.404297
14290,512,42375,82.763672
14291,512,37917,74.056641
14292,512,38416,75.031250
14293,512,44375,86.669922
14294,512,37667,73.568359
14295,512,38291,74.787109
14296,512,50625,98.876953
14297,512,38875,75.927734
14298,512,37875,73.974609
14299,512,48458,94.644531
14300,512,46084,90.007812
14301,512,49833,97.330078
14302,512,42042,82.113281
14303,512,43875,85.693359
14304,512,38166,74.542969
14305,512,41333,80.728516
14306,512,37792,73.812500
14307,512,40875,79.833984
14308,512,51417,100.423828
14309,512,122625,239.501953
14310,512,34792,67.953125
14311,512,34541,67.462891
14312,512,35292,68.929688
14313,512,36542,71.371094
14314,512,34583,67.544922
14315,512,34750,67.871094
14316,512,34292,66.976562
14317,512,34375,67.138672
14318,512,34584,67.546875
14319,512,35083,68.521484
14320,512,35500,69.335938
14321,512,36166,70.636719
14322,512,37792,73.812500
14323,512,36292,70.882812
14324,512,35583,69.498047
14325,512,38083,74.380859
14326,512,35000,68.359375
14327,512,34667,67.708984
14328,512,35833,69.986328
14329,512,37750,73.730469
14330,512,36708,71.695312
14331,512,37917,74.056641
14332,512,38708,75.601562
14333,512,35250,68.847656
14334,512,34875,68.115234
14335,512,37084,72.429688
14336,512,36500,71.289062
14337,512,34458,67.300781
14338,512,35708,69.742188
14339,512,35792,69.906250
14340,512,37000,72.265625
14341,512,39125,76.416016
14342,512,34667,67.708984
14343,512,35166,68.683594
14344,512,35709,69.744141
14345,512,35083,68.521484
14346,512,37042,72.347656
14347,512,36875,72.021484
14348,512,35250,68.847656
14349,512,36583,71.451172
14350,512,34583,67.544922
14351,512,35667,69.662109
14352,512,34083,66.568359
14353,512,83750,163.574219
14354,512,62083,121.255859
14355,512,37167,72.591797
14356,512,35875,70.068359
14357,512,40750,79.589844
14358,512,35500,69.335938
14359,512,35958,70.230469
14360,512,34167,66.732422
14361,512,36041,70.392578
14362,512,35708,69.742188
14363,512,39084,76.335938
14364,512,33208,64.859375
14365,512,35167,68.685547
14366,512,35000,68.359375
14367,512,34500,67.382812
14368,512,37792,73.812500
14369,512,34791,67.951172
14370,512,34667,67.708984
14371,512,35375,69.091797
14372,512,40084,78.289062
14373,512,35250,68.847656
14374,512,34250,66.894531
14375,512,36917,72.103516
14376,512,33375,65.185547
14377,512,38291,74.787109
14378,512,41042,80.160156
14379,512,36375,71.044922
14380,512,34625,67.626953
14381,512,38167,74.544922
14382,512,37708,73.648438
14383,512,37250,72.753906
14384,512,34500,67.382812
14385,512,34541,67.462891
14386,512,35834,69.988281
14387,512,35625,69.580078
14388,512,35292,68.929688
14389,512,33334,65.105469
14390,512,34375,67.138672
14391,512,34083,66.568359
14392,512,38334,74.871094
14393,512,39291,76.740234
14394,512,40167,78.451172
14395,512,53167,103.841797
14396,512,40667,79.427734
14397,512,42833,83.658203
14398,512,46333,90.494141
14399,512,44917,87.728516
14400,512,44291,86.505859
14401,512,33792,66.000000
14402,512,36250,70.800781
14403,512,34333,67.056641
14404,512,36000,70.312500
14405,512,46458,90.738281
14406,512,37000,72.265625
14407,512,45250,88.378906
14408,512,38250,74.707031
14409,512,39792,77.718750
14410,512,38458,75.113281
14411,512,46417,90.658203
14412,512,41958,81.949219
14413,512,38333,74.869141
14414,512,45334,88.542969
14415,512,38875,75.927734
14416,512,42875,83.740234
14417,512,39791,77.716797
14418,512,39083,76.333984
14419,512,42667,83.333984
14420,512,38792,75.765625
14421,512,50292,98.226562
14422,512,46667,91.146484
14423,512,49417,96.517578
14424,512,43708,85.367188
14425,512,40250,78.613281
14426,512,41458,80.972656
14427,512,41167,80.404297
14428,512,42000,82.031250
14429,512,46208,90.250000
14430,512,37083,72.427734
14431,512,37584,73.406250
14432,512,44000,85.937500
14433,512,41791,81.623047
14434,512,40459,79.021484
14435,512,40125,78.369141
14436,512,48292,94.320312
14437,512,40333,78.775391
14438,512,36125,70.556641
14439,512,36208,70.718750
14440,512,43417,84.798828
14441,512,49084,95.867188
14442,512,35917,70.150391
14443,512,36833,71.939453
14444,512,37000,72.265625
14445,512,41542,81.136719
14446,512,42584,83.171875
14447,512,41250,80.566406
14448,512,46166,90.167969
14449,512,42583,83.169922
14450,512,36500,71.289062
14451,512,48500,94.726562
14452,512,41959,81.951172
14453,512,35625,69.580078
14454,512,47875,93.505859
14455,512,41791,81.623047
14456,512,40209,78.533203
14457,512,39875,77.880859
14458,512,38375,74.951172
14459,512,37625,73.486328
14460,512,38042,74.300781
14461,512,35625,69.580078
14462,512,49875,97.412109
14463,512,37167,72.591797
14464,512,37916,74.054688
14465,512,39208,76.578125
14466,512,36584,71.453125
14467,512,35541,69.416016
14468,512,46000,89.843750
14469,512,44708,87.320312
14470,512,48750,95.214844
14471,512,36500,71.289062
14472,512,39667,77.474609
14473,512,42125,82.275391
14474,512,47500,92.773438
14475,512,51084,99.773438
14476,512,50791,99.201172
14477,512,38750,75.683594
14478,512,35625,69.580078
14479,512,36667,71.615234
14480,512,35250,68.847656
14481,512,33666,65.753906
14482,512,35875,70.068359
14483,512,34209,66.814453
14484,512,35875,70.068359
14485,512,34792,67.953125
14486,512,34125,66.650391
14487,512,34209,66.814453
14488,512,35250,68.847656
14489,512,39875,77.880859
14490,512,33875,66.162109
14491,512,35042,68.441406
14492,512,34000,66.406250
14493,512,37375,72.998047
14494,512,33750,65.917969
14495,512,41750,81.542969
14496,512,46625,91.064453
14497,512,44833,87.564453
14498,512,38500,75.195312
14499,512,41417,80.892578
14500,512,41083,80.240234
14501,512,52625,102.783203
14502,512,48250,94.238281
14503,512,42000,82.031250
14504,512,41291,80.646484
14505,512,42834,83.660156
14506,512,42750,83.496094
14507,512,44375,86.669922
14508,512,40584,79.265625
14509,512,48791,95.294922
14510,512,78959,154.216797
14511,512,45667,89.193359
14512,512,43292,84.554688
14513,512,46791,91.388672
14514,512,45417,88.705078
14515,512,45625,89.111328
14516,512,81458,159.097656
14517,512,51834,101.238281
14518,512,43583,85.123047
14519,512,41500,81.054688
14520,512,49291,96.271484
14521,512,55708,108.804688
14522,512,43958,85.855469
14523,512,40084,78.289062
14524,512,38666,75.519531
14525,512,41959,81.951172
14526,512,46291,90.412109
14527,512,40417,78.939453
14528,512,38583,75.357422
14529,512,38042,74.300781
14530,512,37166,72.589844
14531,512,37417,73.080078
14532,512,36958,72.183594
14533,512,36000,70.312500
14534,512,35416,69.171875
14535,512,36917,72.103516
14536,512,37916,74.054688
14537,512,37042,72.347656
14538,512,36417,71.126953
14539,512,36583,71.451172
14540,512,37542,73.324219
14541,512,36916,72.101562
14542,512,35583,69.498047
14543,512,41459,80.974609
14544,512,38708,75.601562
14545,512,41167,80.404297
14546,512,37459,73.162109
14547,512,37084,72.429688
14548,512,36041,70.392578
14549,512,39250,76.660156
14550,512,41458,80.972656
14551,512,38167,74.544922
14552,512,37708,73.648438
14553,512,37000,72.265625
14554,512,36417,71.126953
14555,512,36875,72.021484
14556,512,40667,79.427734
14557,512,38417,75.033203
14558,512,42000,82.031250
14559,512,38541,75.275391
14560,512,38834,75.847656
14561,512,36584,71.453125
14562,512,38333,74.869141
14563,512,39291,76.740234
14564,512,38834,75.847656
14565,512,39625,77.392578
14566,512,37834,73.894531
14567,512,39500,77.148438
14568,512,40917,79.916016
14569,512,37541,73.322266
14570,512,38042,74.300781
14571,512,38667,75.521484
14572,512,48417,94.564453
14573,512,38375,74.951172
14574,512,38417,75.033203
14575,512,39417,76.986328
14576,512,37458,73.160156
14577,512,38250,74.707031
14578,512,38167,74.544922
14579,512,42791,83.576172
14580,512,44500,86.914062
14581,512,42792,83.578125
14582,512,43542,85.042969
14583,512,42042,82.113281
14584,512,38542,75.277344
14585,512,38917,76.009766
14586,512,41916,81.867188
14587,512,40917,79.916016
14588,512,39250,76.660156
14589,512,50000,97.656250
14590,512,41709,81.462891
14591,512,48125,93.994141
14592,512,38500,75.195312
14593,512,39667,77.474609
14594,512,38417,75.033203
14595,512,45334,88.542969
14596,512,38875,75.927734
14597,512,38875,75.927734
14598,512,50208,98.062500
14599,512,37792,73.812500
14600,512,39750,77.636719
14601,512,38875,75.927734
14602,512,40708,79.507812
14603,512,40417,78.939453
14604,512,39375,76.904297
14605,512,38792,75.765625
14606,512,40250,78.613281
14607,512,55875,109.130859
14608,512,39542,77.230469
14609,512,44375,86.669922
14610,512,39333,76.822266
14611,512,39000,76.171875
14612,512,39958,78.042969
14613,512,41875,81.787109
14614,512,41084,80.242188
14615,512,37708,73.648438
14616,512,39375,76.904297
14617,512,38708,75.601562
14618,512,40000,78.125000
14619,512,41792,81.625000
14620,512,38750,75.683594
14621,512,42667,83.333984
14622,512,38334,74.871094
14623,512,46000,89.843750
14624,512,38834,75.847656
14625,512,41250,80.566406
14626,512,39084,76.335938
14627,512,38292,74.789062
14628,512,38208,74.625000
14629,512,40458,79.019531
14630,512,39500,77.148438
14631,512,38667,75.521484
14632,512,44166,86.261719
14633,512,36125,70.556641
14634,512,36750,71.777344
14635,512,38667,75.521484
14636,512,41125,80.322266
14637,512,38708,75.601562
14638,512,39125,76.416016
14639,512,39250,76.660156
14640,512,38833,75.845703
14641,512,42042,82.113281
14642,512,40834,79.753906
14643,512,40584,79.265625
14644,512,38958,76.089844
14645,512,36958,72.183594
14646,512,37417,73.080078
14647,512,39166,76.496094
14648,512,37625,73.486328
14649,512,37750,73.730469
14650,512,39375,76.904297
14651,512,38875,75.927734
14652,512,35125,68.603516
14653,512,38542,75.277344
14654,512,38042,74.300781
14655,512,38292,74.789062
14656,512,42541,83.087891
14657,512,45250,88.378906
14658,512,46708,91.226562
14659,512,39042,76.253906
14660,512,36542,71.371094
14661,512,37666,73.566406
14662,512,38792,75.765625
14663,512,42083,82.193359
14664,512,42958,83.902344
14665,512,38167,74.544922
14666,512,38000,74.218750
14667,512,38500,75.195312
14668,512,36542,71.371094
14669,512,38000,74.218750
14670,512,37750,73.730469
14671,512,37459,73.162109
14672,512,37166,72.589844
14673,512,46375,90.576172
14674,512,40375,78.857422
14675,512,44542,86.996094
14676,512,40750,79.589844
14677,512,38792,75.765625
14678,512,36083,70.474609
14679,512,37708,73.648438
14680,512,41042,80.160156
14681,512,51250,100.097656
14682,512,39167,76.498047
14683,512,35000,68.359375
14684,512,37084,72.429688
14685,512,38500,75.195312
14686,512,36416,71.125000
14687,512,36875,72.021484
14688,512,36000,70.312500
14689,512,42333,82.681641
14690,512,43750,85.449219
14691,512,38916,76.007812
14692,512,42167,82.357422
14693,512,41084,80.242188
14694,512,46625,91.064453
14695,512,44375,86.669922
14696,512,38042,74.300781
14697,512,40667,79.427734
14698,512,40292,78.695312
14699,512,38500,75.195312
14700,512,39458,77.066406
14701,512,43625,85.205078
14702,512,37708,73.648438
14703,512,37792,73.812500
14704,512,37792,73.812500
14705,512,37958,74.136719
14706,512,40708,79.507812
14707,512,40792,79.671875
14708,512,41709,81.462891
14709,512,37167,72.591797
14710,512,40291,78.693359
14711,512,37500,73.242188
14712,512,56875,111.083984
14713,512,48750,95.214844
14714,512,39625,77.392578
14715,512,40209,78.533203
14716,512,44166,86.261719
14717,512,39750,77.636719
14718,512,48292,94.320312
14719,512,41958,81.949219
14720,512,44917,87.728516
14721,512,38291,74.787109
14722,512,49334,96.355469
14723,512,50750,99.121094
14724,512,41375,80.810547
14725,512,42083,82.193359
14726,512,38958,76.089844
14727,512,40833,79.751953
14728,512,38333,74.869141
14729,512,39666,77.472656
14730,512,37917,74.056641
14731,512,37083,72.427734
14732,512,37625,73.486328
14733,512,39000,76.171875
14734,512,39875,77.880859
14735,512,35875,70.068359
14736,512,38708,75.601562
14737,512,38250,74.707031
14738,512,37083,72.427734
14739,512,40583,79.263672
14740,512,40333,78.775391
14741,512,39750,77.636719
14742,512,44834,87.566406
14743,512,39541,77.228516
14744,512,38708,75.601562
14745,512,37292,72.835938
14746,512,39875,77.880859
14747,512,38083,74.380859
14748,512,39709,77.556641
14749,512,39875,77.880859
14750,512,36334,70.964844
14751,512,38125,74.462891
14752,512,36625,71.533203
14753,512,42334,82.683594
14754,512,38167,74.544922
14755,512,46125,90.087891
14756,512,49458,96.597656
14757,512,38375,74.951172
14758,512,46459,90.740234
14759,512,38042,74.300781
14760,512,38333,74.869141
14761,512,39334,76.824219
14762,512,38708,75.601562
14763,512,38292,74.789062
14764,512,38792,75.765625
14765,512,38458,75.113281
14766,512,38041,74.298828
14767,512,36459,71.208984
14768,512,39625,77.392578
14769,512,38500,75.195312
14770,512,37459,73.162109
14771,512,37875,73.974609
14772,512,38167,74.544922
14773,512,36958,72.183594
14774,512,37750,73.730469
14775,512,38208,74.625000
14776,512,39542,77.230469
14777,512,36500,71.289062
14778,512,39167,76.498047
14779,512,44958,87.808594
14780,512,39875,77.880859
14781,512,36875,72.021484
14782,512,37500,73.242188
14783,512,39292,76.742188
14784,512,37917,74.056641
14785,512,37042,72.347656
14786,512,37291,72.833984
14787,512,41667,81.380859
14788,512,38209,74.626953
14789,512,42625,83.251953
14790,512,38917,76.009766
14791,512,42458,82.925781
14792,512,40250,78.613281
14793,512,40541,79.181641
14794,512,37125,72.509766
14795,512,37708,73.648438
14796,512,38708,75.601562
14797,512,37833,73.892578
14798,512,37584,73.406250
14799,512,36959,72.185547
14800,512,36334,70.964844
14801,512,38375,74.951172
14802,512,42000,82.031250
14803,512,37000,72.265625
14804,512,40208,78.531250
14805,512,39208,76.578125
14806,512,40208,78.531250
14807,512,39458,77.066406
14808,512,39459,77.068359
14809,512,36291,70.880859
14810,512,38625,75.439453
14811,512,39125,76.416016
14812,512,39625,77.392578
14813,512,38833,75.845703
14814,512,37167,72.591797
14815,512,34959,68.279297
14816,512,47916,93.585938
14817,512,38334,74.871094
14818,512,44458,86.832031
14819,512,46125,90.087891
14820,512,38875,75.927734
14821,512,39875,77.880859
14822,512,40084,78.289062
14823,512,38541,75.275391
14824,512,39959,78.044922
14825,512,37333,72.916016
14826,512,37833,73.892578
14827,512,42833,83.658203
14828,512,42750,83.496094
14829,512,43084,84.148438
14830,512,38625,75.439453
14831,512,40042,78.207031
14832,512,37458,73.160156
14833,512,41958,81.949219
14834,512,39875,77.880859
14835,512,37959,74.138672
14836,512,42459,82.927734
14837,512,40750,79.589844
14838,512,40084,78.289062
14839,512,40666,79.425781
14840,512,46750,91.308594
14841,512,38167,74.544922
14842,512,40375,78.857422
14843,512,39042,76.253906
14844,512,39208,76.578125
14845,512,38167,74.544922
14846,512,39167,76.498047
14847,512,39583,77.310547
14848,512,38083,74.380859
14849,512,39042,76.253906
14850,512,38750,75.683594
14851,512,41250,80.566406
14852,512,46041,89.923828
14853,512,49125,95.947266
14854,512,45333,88.541016
14855,512,41250,80.566406
14856,512,40250,78.613281
14857,512,38375,74.951172
14858,512,39333,76.822266
14859,512,40541,79.181641
14860,512,38459,75.115234
14861,512,43791,85.529297
14862,512,42250,82.519531
14863,512,39292,76.742188
14864,512,41291,80.646484
14865,512,39167,76.498047
14866,512,40667,79.427734
14867,512,40583,79.263672
14868,512,40500,79.101562
14869,512,39125,76.416016
14870,512,43209,84.392578
14871,512,39583,77.310547
14872,512,44917,87.728516
14873,512,42875,83.740234
14874,512,39542,77.230469
14875,512,42250,82.519531
14876,512,39667,77.474609
14877,512,38542,75.277344
14878,512,38583,75.357422
14879,512,38125,74.462891
14880,512,36875,72.021484
14881,512,42000,82.031250
14882,512,38667,75.521484
14883,512,37708,73.648438
14884,512,37917,74.056641
14885,512,39875,77.880859
14886,512,39791,77.716797
14887,512,40250,78.613281
14888,512,38667,75.521484
14889,512,38208,74.625000
14890,512,36833,71.939453
14891,512,39875,77.880859
14892,512,44042,86.019531
14893,512,38833,75.845703
14894,512,42125,82.275391
14895,512,39250,76.660156
14896,512,39750,77.636719
14897,512,40000,78.125000
14898,512,39375,76.904297
14899,512,38458,75.113281
14900,512,39000,76.171875
14901,512,39917,77.962891
14902,512,39083,76.333984
14903,512,44416,86.750000
14904,512,41209,80.486328
14905,512,42166,82.355469
14906,512,57292,111.898438
14907,512,39666,77.472656
14908,512,40375,78.857422
14909,512,48458,94.644531
14910,512,40208,78.531250
14911,512,38666,75.519531
14912,512,37750,73.730469
14913,512,40917,79.916016
14914,512,38375,74.951172
14915,512,37791,73.810547
14916,512,36250,70.800781
14917,512,37167,72.591797
14918,512,39208,76.578125
14919,512,38500,75.195312
14920,512,35792,69.906250
14921,512,36833,71.939453
14922,512,38209,74.626953
14923,512,45500,88.867188
14924,512,39667,77.474609
14925,512,35375,69.091797
14926,512,38667,75.521484
14927,512,38000,74.218750
14928,512,38709,75.603516
14929,512,36083,70.474609
14930,512,40208,78.531250
14931,512,43750,85.449219
14932,512,46750,91.308594
14933,512,38833,75.845703
14934,512,37166,72.589844
14935,512,37167,72.591797
14936,512,36333,70.962891
14937,512,35875,70.068359
14938,512,42750,83.496094
14939,512,44250,86.425781
14940,512,39958,78.042969
14941,512,38875,75.927734
14942,512,43959,85.857422
14943,512,47833,93.423828
14944,512,37167,72.591797
14945,512,34125,66.650391
14946,512,38000,74.218750
14947,512,37792,73.812500
14948,512,37875,73.974609
14949,512,37750,73.730469
14950,512,37416,73.078125
14951,512,36834,71.941406
14952,512,37500,73.242188
14953,512,36625,71.533203
14954,512,36416,71.125000
14955,512,35209,68.767578
14956,512,36041,70.392578
14957,512,36917,72.103516
14958,512,36750,71.777344
14959,512,36917,72.103516
14960,512,36333,70.962891
14961,512,40416,78.937500
14962,512,38750,75.683594
14963,512,37542,73.324219
14964,512,38584,75.359375
14965,512,36209,70.720703
14966,512,38708,75.601562
14967,512,41375,80.810547
14968,512,37166,72.589844
14969,512,37875,73.974609
14970,512,39542,77.230469
14971,512,37459,73.162109
14972,512,37334,72.917969
14973,512,37375,72.998047
14974,512,37792,73.812500
14975,512,36417,71.126953
14976,512,38250,74.707031
14977,512,35000,68.359375
14978,512,37542,73.324219
14979,512,37917,74.056641
14980,512,37750,73.730469
14981,512,37917,74.056641
14982,512,36458,71.207031
14983,512,38334,74.871094
14984,512,40417,78.939453
14985,512,36875,72.021484
14986,512,39333,76.822266
14987,512,42209,82.439453
14988,512,59584,116.375000
14989,512,45500,88.867188
14990,512,37917,74.056641
14991,512,36917,72.103516
14992,512,34500,67.382812
14993,512,36875,72.021484
14994,512,38209,74.626953
14995,512,38083,74.380859
14996,512,40000,78.125000
14997,512,44417,86.751953
14998,512,38625,75.439453
14999,512,38291,74.787109
15000,512,35917,70.150391
15001,512,37708,73.648438
15002,512,40709,79.509766
15003,512,39166,76.496094
15004,512,38959,76.091797
15005,512,37708,73.648438
15006,512,37250,72.753906
15007,512,36709,71.697266
15008,512,36459,71.208984
15009,512,38209,74.626953
15010,512,36833,71.939453
15011,512,39083,76.333984
15012,512,36833,71.939453
15013,512,39792,77.718750
15014,512,38958,76.089844
15015,512,39458,77.066406
15016,512,38125,74.462891
15017,512,38125,74.462891
15018,512,37250,72.753906
15019,512,37208,72.671875
15020,512,37500,73.242188
15021,512,37750,73.730469
15022,512,37959,74.138672
15023,512,36250,70.800781
15024,512,35750,69.824219
15025,512,37542,73.324219
15026,512,40000,78.125000
15027,512,37083,72.427734
15028,512,37667,73.568359
15029,512,41958,81.949219
15030,512,39958,78.042969
15031,512,37334,72.917969
15032,512,38000,74.218750
15033,512,36667,71.615234
15034,512,37125,72.509766
15035,512,37584,73.406250
15036,512,39250,76.660156
15037,512,38958,76.089844
15038,512,39750,77.636719
15039,512,39041,76.251953
15040,512,41292,80.648438
15041,512,37083,72.427734
15042,512,37792,73.812500
15043,512,38416,75.031250
15044,512,37750,73.730469
15045,512,37084,72.429688
15046,512,39708,77.554688
15047,512,40792,79.671875
15048,512,40375,78.857422
15049,512,38334,74.871094
15050,512,38000,74.218750
15051,512,38709,75.603516
15052,512,36125,70.556641
15053,512,38291,74.787109
15054,512,36292,70.882812
15055,512,38125,74.462891
15056,512,37625,73.486328
15057,512,39084,76.335938
15058,512,36791,71.857422
15059,512,37959,74.138672
15060,512,35917,70.150391
15061,512,38542,75.277344
15062,512,37500,73.242188
15063,512,35500,69.335938
15064,512,37166,72.589844
15065,512,37583,73.404297
15066,512,36459,71.208984
15067,512,37333,72.916016
15068,512,37333,72.916016
15069,512,39416,76.984375
15070,512,40125,78.369141
15071,512,36084,70.476562
15072,512,37375,72.998047
15073,512,35792,69.906250
15074,512,37291,72.833984
15075,512,39125,76.416016
15076,512,38667,75.521484
15077,512,38625,75.439453
15078,512,38500,75.195312
15079,512,36584,71.453125
15080,512,37916,74.054688
15081,512,38250,74.707031
15082,512,36708,71.695312
15083,512,38792,75.765625
15084,512,40750,79.589844
15085,512,45709,89.275391
15086,512,36792,71.859375
15087,512,36666,71.613281
15088,512,38500,75.195312
15089,512,36042,70.394531
15090,512,44083,86.099609
15091,512,41417,80.892578
15092,512,40209,78.533203
15093,512,39584,77.312500
15094,512,39000,76.171875
15095,512,40209,78.533203
15096,512,37875,73.974609
15097,512,39625,77.392578
15098,512,41458,80.972656
15099,512,39000,76.171875
15100,512,55542,108.480469
15101,512,39083,76.333984
15102,512,38375,74.951172
15103,512,41750,81.542969
15104,512,39209,76.580078
15105,512,37166,72.589844
15106,512,42292,82.601562
15107,512,42708,83.414062
15108,512,43667,85.287109
15109,512,43416,84.796875
15110,512,38792,75.765625
15111,512,38125,74.462891
15112,512,41333,80.728516
15113,512,41125,80.322266
15114,512,42500,83.007812
15115,512,39459,77.068359
15116,512,47291,92.365234
15117,512,52958,103.433594
15118,512,39709,77.556641
15119,512,40875,79.833984
15120,512,47125,92.041016
15121,512,41833,81.705078
15122,512,39208,76.578125
15123,512,41292,80.648438
15124,512,51875,101.318359
15125,512,40292,78.695312
15126,512,37250,72.753906
15127,512,50458,98.550781
15128,512,41500,81.054688
15129,512,43041,84.064453
15130,512,48375,94.482422
15131,512,40250,78.613281
15132,512,35958,70.230469
15133,512,39167,76.498047
15134,512,37375,72.998047
15135,512,35416,69.171875
15136,512,42334,82.683594
15137,512,39834,77.800781
15138,512,37750,73.730469
15139,512,37750,73.730469
15140,512,38125,74.462891
15141,512,36916,72.101562
15142,512,34000,66.406250
15143,512,33917,66.244141
15144,512,35417,69.173828
15145,512,47250,92.285156
15146,512,49125,95.947266
15147,512,34375,67.138672
15148,512,34709,67.791016
15149,512,36083,70.474609
15150,512,36833,71.939453
15151,512,36292,70.882812
15152,512,35416,69.171875
15153,512,35084,68.523438
15154,512,35625,69.580078
15155,512,39917,77.962891
15156,512,33250,64.941406
15157,512,34625,67.626953
15158,512,33291,65.021484
15159,512,34584,67.546875
15160,512,34958,68.277344
15161,512,35541,69.416016
15162,512,34750,67.871094
15163,512,34292,66.976562
15164,512,33750,65.917969
15165,512,35125,68.603516
15166,512,34916,68.195312
15167,512,34750,67.871094
15168,512,38209,74.626953
15169,512,34667,67.708984
15170,512,34625,67.626953
15171,512,33167,64.779297
15172,512,34000,66.406250
15173,512,35666,69.660156
15174,512,34459,67.302734
15175,512,35166,68.683594
15176,512,36000,70.312500
15177,512,36917,72.103516
15178,512,40292,78.695312
15179,512,36833,71.939453
15180,512,34125,66.650391
15181,512,40459,79.021484
15182,512,36708,71.695312
15183,512,35291,68.927734
15184,512,47792,93.343750
15185,512,39000,76.171875
15186,512,34166,66.730469
15187,512,37292,72.835938
15188,512,51333,100.259766
15189,512,40125,78.369141
15190,512,35708,69.742188
15191,512,33709,65.837891
15192,512,35291,68.927734
15193,512,37500,73.242188
15194,512,36167,70.638672
15195,512,35875,70.068359
15196,512,36250,70.800781
15197,512,37958,74.136719
15198,512,35208,68.765625
15199,512,37000,72.265625
15200,512,34750,67.871094
15201,512,35708,69.742188
15202,512,37250,72.753906
15203,512,35417,69.173828
15204,512,36000,70.312500
15205,512,34333,67.056641
15206,512,36292,70.882812
15207,512,34833,68.033203
15208,512,34125,66.650391
15209,512,35833,69.986328
15210,512,36333,70.962891
15211,512,36292,70.882812
15212,512,37042,72.347656
15213,512,37209,72.673828
15214,512,35083,68.521484
15215,512,39167,76.498047
15216,512,38333,74.869141
15217,512,37292,72.835938
15218,512,37375,72.998047
15219,512,38625,75.439453
15220,512,37667,73.568359
15221,512,39750,77.636719
15222,512,39500,77.148438
15223,512,36542,71.371094
15224,512,37458,73.160156
15225,512,38083,74.380859
15226,512,36209,70.720703
15227,512,36208,70.718750
15228,512,38625,75.439453
15229,512,36250,70.800781
15230,512,35750,69.824219
15231,512,37666,73.566406
15232,512,37334,72.917969
15233,512,38916,76.007812
15234,512,44333,86.587891
15235,512,38000,74.218750
15236,512,43417,84.798828
15237,512,50084,97.820312
15238,512,36666,71.613281
15239,512,36709,71.697266
15240,512,36833,71.939453
15241,512,37250,72.753906
15242,512,37916,74.054688
15243,512,35417,69.173828
15244,512,38250,74.707031
15245,512,37125,72.509766
15246,512,42000,82.031250
15247,512,42500,83.007812
15248,512,39084,76.335938
15249,512,37625,73.486328
15250,512,39542,77.230469
15251,512,47125,92.041016
15252,512,37208,72.671875
15253,512,38084,74.382812
15254,512,42875,83.740234
15255,512,38750,75.683594
15256,512,38125,74.462891
15257,512,37708,73.648438
15258,512,39250,76.660156
15259,512,38458,75.113281
15260,512,40000,78.125000
15261,512,39250,76.660156
15262,512,40916,79.914062
15263,512,38209,74.626953
15264,512,41375,80.810547
15265,512,40209,78.533203
15266,512,39167,76.498047
15267,512,43416,84.796875
15268,512,41334,80.730469
15269,512,43125,84.228516
15270,512,39542,77.230469
15271,512,40166,78.449219
15272,512,39542,77.230469
15273,512,41375,80.810547
15274,512,39667,77.474609
15275,512,39375,76.904297
15276,512,38500,75.195312
15277,512,37625,73.486328
15278,512,36917,72.103516
15279,512,38250,74.707031
15280,512,36958,72.183594
15281,512,46250,90.332031
15282,512,40250,78.613281
15283,512,40292,78.695312
15284,512,38916,76.007812
15285,512,39792,77.718750
15286,512,41708,81.460938
15287,512,49250,96.191406
15288,512,43750,85.449219
15289,512,57041,111.408203
15290,512,41167,80.404297
15291,512,37542,73.324219
15292,512,34291,66.974609
15293,512,36709,71.697266
15294,512,47292,92.367188
15295,512,47958,93.667969
15296,512,35042,68.441406
15297,512,35292,68.929688
15298,512,36708,71.695312
15299,512,35583,69.498047
15300,512,36917,72.103516
15301,512,35375,69.091797
15302,512,35667,69.662109
15303,512,35250,68.847656
15304,512,33042,64.535156
15305,512,37292,72.835938
15306,512,36833,71.939453
15307,512,36041,70.392578
15308,512,36667,71.615234
15309,512,39083,76.333984
15310,512,35375,69.091797
15311,512,36167,70.638672
15312,512,35500,69.335938
15313,512,36209,70.720703
15314,512,35375,69.091797
15315,512,34459,67.302734
15316,512,35584,69.500000
15317,512,34334,67.058594
15318,512,34750,67.871094
15319,512,34542,67.464844
15320,512,32500,63.476562
15321,512,34417,67.220703
15322,512,34666,67.707031
15323,512,35459,69.255859
15324,512,34250,66.894531
15325,512,34209,66.814453
15326,512,34666,67.707031
15327,512,34958,68.277344
15328,512,36042,70.394531
15329,512,35333,69.009766
15330,512,36791,71.857422
15331,512,36042,70.394531
15332,512,34666,67.707031
15333,512,35084,68.523438
15334,512,35709,69.744141
15335,512,33833,66.080078
15336,512,35250,68.847656
15337,512,34708,67.789062
15338,512,33833,66.080078
15339,512,33167,64.779297
15340,512,34666,67.707031
15341,512,36167,70.638672
15342,512,36916,72.101562
15343,512,34917,68.197266
15344,512,35167,68.685547
15345,512,32875,64.208984
15346,512,34250,66.894531
15347,512,33917,66.244141
15348,512,34500,67.382812
15349,512,35542,69.417969
15350,512,35500,69.335938
15351,512,35875,70.068359
15352,512,36917,72.103516
15353,512,37083,72.427734
15354,512,34750,67.871094
15355,512,34417,67.220703
15356,512,33208,64.859375
15357,512,34792,67.953125
15358,512,33959,66.326172
15359,512,34500,67.382812
15360,512,35666,69.660156
15361,512,35208,68.765625
15362,512,35958,70.230469
15363,512,35125,68.603516
15364,512,34917,68.197266
15365,512,35750,69.824219
15366,512,35000,68.359375
15367,512,34458,67.300781
15368,512,35125,68.603516
15369,512,35625,69.580078
15370,512,34917,68.197266
15371,512,35333,69.009766
15372,512,34041,66.486328
15373,512,34917,68.197266
15374,512,38291,74.787109
15375,512,36084,70.476562
15376,512,36125,70.556641
15377,512,34792,67.953125
15378,512,37667,73.568359
15379,512,36583,71.451172
15380,512,35666,69.660156
15381,512,33917,66.244141
15382,512,36125,70.556641
15383,512,35667,69.662109
15384,512,35209,68.767578
15385,512,39042,76.253906
15386,512,36292,70.882812
15387,512,37709,73.650391
15388,512,35875,70.068359
15389,512,35125,68.603516
15390,512,35500,69.335938
15391,512,35958,70.230469
15392,512,103125,201.416016
15393,512,37625,73.486328
15394,512,35875,70.068359
15395,512,33917,66.244141
15396,512,38958,76.089844
15397,512,36666,71.613281
15398,512,43042,84.066406
15399,512,49000,95.703125
15400,512,36959,72.185547
15401,512,38833,75.845703
15402,512,36792,71.859375
15403,512,36834,71.941406
15404,512,36250,70.800781
15405,512,37375,72.998047
15406,512,35792,69.906250
15407,512,36583,71.451172
15408,512,35917,70.150391
15409,512,40458,79.019531
15410,512,38083,74.380859
15411,512,39125,76.416016
15412,512,36583,71.451172
15413,512,37250,72.753906
15414,512,34834,68.035156
15415,512,35541,69.416016
15416,512,35167,68.685547
15417,512,36584,71.453125
15418,512,36208,70.718750
15419,512,37500,73.242188
15420,512,35666,69.660156
15421,512,34459,67.302734
15422,512,37083,72.427734
15423,512,36250,70.800781
15424,512,35125,68.603516
15425,512,36958,72.183594
15426,512,37416,73.078125
15427,512,37667,73.568359
15428,512,36833,71.939453
15429,512,37834,73.894531
15430,512,36959,72.185547
15431,512,38917,76.009766
15432,512,36958,72.183594
15433,512,35250,68.847656
15434,512,35042,68.441406
15435,512,35209,68.767578
15436,512,36042,70.394531
15437,512,38917,76.009766
15438,512,36291,70.880859
15439,512,36375,71.044922
15440,512,38625,75.439453
15441,512,40334,78.777344
15442,512,38625,75.439453
15443,512,34375,67.138672
15444,512,35834,69.988281
15445,512,36166,70.636719
15446,512,36250,70.800781
15447,512,33792,66.000000
15448,512,35541,69.416016
15449,512,36542,71.371094
15450,512,35292,68.929688
15451,512,35583,69.498047
15452,512,37458,73.160156
15453,512,38792,75.765625
15454,512,38000,74.218750
15455,512,42292,82.601562
15456,512,41083,80.240234
15457,512,40667,79.427734
15458,512,42333,82.681641
15459,512,45708,89.273438
15460,512,39542,77.230469
15461,512,39458,77.066406
15462,512,40208,78.531250
15463,512,37584,73.406250
15464,512,37208,72.671875
15465,512,37458,73.160156
15466,512,41125,80.322266
15467,512,37375,72.998047
15468,512,45167,88.216797
15469,512,43709,85.369141
15470,512,40250,78.613281
15471,512,41041,80.158203
15472,512,38250,74.707031
15473,512,38291,74.787109
15474,512,38042,74.300781
15475,512,43583,85.123047
15476,512,41833,81.705078
15477,512,40583,79.263672
15478,512,41292,80.648438
15479,512,42667,83.333984
15480,512,39583,77.310547
15481,512,38667,75.521484
15482,512,39834,77.800781
15483,512,43292,84.554688
15484,512,40250,78.613281
15485,512,39125,76.416016
15486,512,40209,78.533203
15487,512,37583,73.404297
15488,512,38292,74.789062
15489,512,40250,78.613281
15490,512,44083,86.099609
15491,512,37375,72.998047
15492,512,40042,78.207031
15493,512,38458,75.113281
15494,512,80500,157.226562
15495,512,42667,83.333984
15496,512,42791,83.576172
15497,512,42125,82.275391
15498,512,40459,79.021484
15499,512,40541,79.181641
15500,512,40000,78.125000
15501,512,39250,76.660156
15502,512,51750,101.074219
15503,512,38625,75.439453
15504,512,39208,76.578125
15505,512,40542,79.183594
15506,512,37667,73.568359
15507,512,39667,77.474609
15508,512,38000,74.218750
15509,512,39667,77.474609
15510,512,48208,94.156250
15511,512,48917,95.541016
15512,512,39666,77.472656
15513,512,39083,76.333984
15514,512,39959,78.044922
15515,512,38584,75.359375
15516,512,46625,91.064453
15517,512,39000,76.171875
15518,512,41667,81.380859
15519,512,37958,74.136719
15520,512,38333,74.869141
15521,512,38333,74.869141
15522,512,37542,73.324219
15523,512,37708,73.648438
15524,512,38666,75.519531
15525,512,38459,75.115234
15526,512,36208,70.718750
15527,512,37708,73.648438
15528,512,40000,78.125000
15529,512,46458,90.738281
15530,512,39834,77.800781
15531,512,40541,79.181641
15532,512,44375,86.669922
15533,512,40709,79.509766
15534,512,38958,76.089844
15535,512,39875,77.880859
15536,512,91000,177.734375
15537,512,34250,66.894531
15538,512,33166,64.777344
15539,512,35500,69.335938
15540,512,34458,67.300781
15541,512,34167,66.732422
15542,512,32916,64.289062
15543,512,34042,66.488281
15544,512,34542,67.464844
15545,512,35667,69.662109
15546,512,33541,65.509766
15547,512,32625,63.720703
15548,512,33334,65.105469
15549,512,33375,65.185547
15550,512,33375,65.185547
15551,512,33708,65.835938
15552,512,32916,64.289062
15553,512,34250,66.894531
15554,512,34459,67.302734
15555,512,33334,65.105469
15556,512,34584,67.546875
15557,512,33166,64.777344
15558,512,35625,69.580078
15559,512,34208,66.812500
15560,512,35875,70.068359
15561,512,32500,63.476562
15562,512,35458,69.253906
15563,512,36042,70.394531
15564,512,35958,70.230469
15565,512,33584,65.593750
15566,512,33875,66.162109
15567,512,33625,65.673828
15568,512,34250,66.894531
15569,512,34750,67.871094
15570,512,32542,63.558594
15571,512,34833,68.033203
15572,512,35542,69.417969
15573,512,34542,67.464844
15574,512,35125,68.603516
15575,512,33083,64.615234
15576,512,34042,66.488281
15577,512,34041,66.486328
15578,512,34667,67.708984
15579,512,42041,82.111328
15580,512,34417,67.220703
15581,512,34000,66.406250
15582,512,36375,71.044922
15583,512,34792,67.953125
15584,512,34083,66.568359
15585,512,33750,65.917969
15586,512,34958,68.277344
15587,512,36375,71.044922
15588,512,40000,78.125000
15589,512,35667,69.662109
15590,512,34708,67.789062
15591,512,34000,66.406250
15592,512,35458,69.253906
15593,512,34167,66.732422
15594,512,35416,69.171875
15595,512,36875,72.021484
15596,512,34375,67.138672
15597,512,33458,65.347656
15598,512,33625,65.673828
15599,512,35000,68.359375
15600,512,35250,68.847656
15601,512,32542,63.558594
15602,512,34125,66.650391
15603,512,34458,67.300781
15604,512,33667,65.755859
15605,512,34000,66.406250
15606,512,33125,64.697266
15607,512,34958,68.277344
15608,512,35542,69.417969
15609,512,34291,66.974609
15610,512,33375,65.185547
15611,512,34334,67.058594
15612,512,35166,68.683594
15613,512,36375,71.044922
15614,512,35375,69.091797
15615,512,32875,64.208984
15616,512,34666,67.707031
15617,512,33875,66.162109
15618,512,31875,62.255859
15619,512,34666,67.707031
15620,512,33000,64.453125
15621,512,34208,66.812500
15622,512,33584,65.593750
15623,512,34166,66.730469
15624,512,35125,68.603516
15625,512,35042,68.441406
15626,512,35416,69.171875
15627,512,34917,68.197266
15628,512,37708,73.648438
15629,512,35292,68.929688
15630,512,34084,66.570312
15631,512,33625,65.673828
15632,512,32375,63.232422
15633,512,34584,67.546875
15634,512,34083,66.568359
15635,512,35958,70.230469
15636,512,35959,70.232422
15637,512,36416,71.125000
15638,512,35084,68.523438
15639,512,33750,65.917969
15640,512,33459,65.349609
15641,512,36042,70.394531
15642,512,32833,64.126953
15643,512,33750,65.917969
15644,512,36875,72.021484
15645,512,34917,68.197266
15646,512,33875,66.162109
15647,512,34042,66.488281
15648,512,35333,69.009766
15649,512,32709,63.884766
15650,512,35750,69.824219
15651,512,34583,67.544922
15652,512,33167,64.779297
15653,512,34166,66.730469
15654,512,35750,69.824219
15655,512,34458,67.300781
15656,512,34000,66.406250
15657,512,35291,68.927734
15658,512,34833,68.033203
15659,512,59125,115.478516
15660,512,43000,83.984375
15661,512,37708,73.648438
15662,512,38417,75.033203
15663,512,38708,75.601562
15664,512,42292,82.601562
15665,512,37834,73.894531
15666,512,43625,85.205078
15667,512,39167,76.498047
15668,512,36916,72.101562
15669,512,37292,72.835938
15670,512,38083,74.380859
15671,512,38917,76.009766
15672,512,38416,75.031250
15673,512,36625,71.533203
15674,512,36750,71.777344
15675,512,36125,70.556641
15676,512,37333,72.916016
15677,512,40792,79.671875
15678,512,37833,73.892578
15679,512,40583,79.263672
15680,512,45208,88.296875
15681,512,41708,81.460938
15682,512,42708,83.414062
15683,512,39000,76.171875
15684,512,39833,77.798828
15685,512,37542,73.324219
15686,512,36542,71.371094
15687,512,38250,74.707031
15688,512,37833,73.892578
15689,512,41292,80.648438
15690,512,38209,74.626953
15691,512,39208,76.578125
15692,512,39833,77.798828
15693,512,38208,74.625000
15694,512,37375,72.998047
15695,512,37417,73.080078
15696,512,36666,71.613281
15697,512,39625,77.392578
15698,512,39583,77.310547
15699,512,47375,92.529297
15700,512,39334,76.824219
15701,512,40458,79.019531
15702,512,39791,77.716797
15703,512,41750,81.542969
15704,512,43750,85.449219
15705,512,40000,78.125000
15706,512,41000,80.078125
15707,512,39625,77.392578
15708,512,40167,78.451172
15709,512,38333,74.869141
15710,512,37667,73.568359
15711,512,38167,74.544922
15712,512,38958,76.089844
15713,512,43792,85.531250
15714,512,38292,74.789062
15715,512,39333,76.822266
15716,512,42209,82.439453
15717,512,39750,77.636719
15718,512,38625,75.439453
15719,512,38833,75.845703
15720,512,43667,85.287109
15721,512,41750,81.542969
15722,512,38209,74.626953
15723,512,41667,81.380859
15724,512,39167,76.498047
15725,512,38791,75.763672
15726,512,40542,79.183594
15727,512,41084,80.242188
15728,512,38916,76.007812
15729,512,38250,74.707031
15730,512,40833,79.751953
15731,512,39959,78.044922
15732,512,40375,78.857422
15733,512,38416,75.031250
15734,512,39084,76.335938
15735,512,38959,76.091797
15736,512,37542,73.324219
15737,512,41625,81.298828
15738,512,46500,90.820312
15739,512,39625,77.392578
15740,512,43916,85.773438
15741,512,37042,72.347656
15742,512,39500,77.148438
15743,512,42000,82.031250
15744,512,36709,71.697266
15745,512,36791,71.857422
15746,512,39208,76.578125
15747,512,36709,71.697266
15748,512,36875,72.021484
15749,512,37958,74.136719
15750,512,45333,88.541016
15751,512,38583,75.357422
15752,512,38625,75.439453
15753,512,38583,75.357422
15754,512,37041,72.345703
15755,512,37042,72.347656
15756,512,36625,71.533203
15757,512,35291,68.927734
15758,512,36708,71.695312
15759,512,36459,71.208984
15760,512,39542,77.230469
15761,512,38042,74.300781
15762,512,39125,76.416016
15763,512,39375,76.904297
15764,512,42250,82.519531
15765,512,36084,70.476562
15766,512,37417,73.080078
15767,512,43250,84.472656
15768,512,40166,78.449219
15769,512,37584,73.406250
15770,512,40292,78.695312
15771,512,37458,73.160156
15772,512,38250,74.707031
15773,512,37625,73.486328
15774,512,40417,78.939453
15775,512,38875,75.927734
15776,512,37834,73.894531
15777,512,39166,76.496094
15778,512,39125,76.416016
15779,512,38125,74.462891
15780,512,37042,72.347656
15781,512,37708,73.648438
15782,512,39000,76.171875
15783,512,39917,77.962891
15784,512,37166,72.589844
15785,512,38792,75.765625
15786,512,37375,72.998047
15787,512,38500,75.195312
15788,512,38167,74.544922
15789,512,39917,77.962891
15790,512,37709,73.650391
15791,512,38792,75.765625
15792,512,38583,75.357422
15793,512,39125,76.416016
15794,512,36625,71.533203
15795,512,36792,71.859375
15796,512,39167,76.498047
15797,512,38792,75.765625
15798,512,38916,76.007812
15799,512,39875,77.880859
15800,512,38583,75.357422
15801,512,37167,72.591797
15802,512,39333,76.822266
15803,512,40875,79.833984
15804,512,37500,73.242188
15805,512,38250,74.707031
15806,512,49208,96.109375
15807,512,40542,79.183594
15808,512,116375,227.294922
15809,512,52000,101.562500
15810,512,40000,78.125000
15811,512,36208,70.718750
15812,512,35917,70.150391
15813,512,36708,71.695312
15814,512,35875,70.068359
15815,512,37583,73.404297
15816,512,35292,68.929688
15817,512,37250,72.753906
15818,512,42416,82.843750
15819,512,40334,78.777344
15820,512,35125,68.603516
15821,512,35709,69.744141
15822,512,36417,71.126953
15823,512,35458,69.253906
15824,512,41292,80.648438
15825,512,34167,66.732422
15826,512,35458,69.253906
15827,512,34875,68.115234
15828,512,38417,75.033203
15829,512,36083,70.474609
15830,512,37000,72.265625
15831,512,38541,75.275391
15832,512,36042,70.394531
15833,512,37250,72.753906
15834,512,35458,69.253906
15835,512,35833,69.986328
15836,512,35458,69.253906
15837,512,36209,70.720703
15838,512,33584,65.593750
15839,512,36667,71.615234
15840,512,34125,66.650391
15841,512,36375,71.044922
15842,512,35667,69.662109
15843,512,34459,67.302734
15844,512,35041,68.439453
15845,512,34959,68.279297
15846,512,36875,72.021484
15847,512,38208,74.625000
15848,512,36167,70.638672
15849,512,36000,70.312500
15850,512,35208,68.765625
15851,512,35583,69.498047
15852,512,37250,72.753906
15853,512,36208,70.718750
15854,512,37667,73.568359
15855,512,40166,78.449219
15856,512,35959,70.232422
15857,512,37875,73.974609
15858,512,37500,73.242188
15859,512,36500,71.289062
15860,512,33292,65.023438
15861,512,35709,69.744141
15862,512,35208,68.765625
15863,512,36125,70.556641
15864,512,38208,74.625000
15865,512,37250,72.753906
15866,512,35000,68.359375
15867,512,36083,70.474609
15868,512,37083,72.427734
15869,512,35459,69.255859
15870,512,37167,72.591797
15871,512,36542,71.371094
15872,512,37750,73.730469
15873,512,35083,68.521484
15874,512,36417,71.126953
15875,512,34500,67.382812
15876,512,35250,68.847656
15877,512,34583,67.544922
15878,512,34833,68.033203
15879,512,33500,65.429688
15880,512,35667,69.662109
15881,512,34125,66.650391
15882,512,33958,66.324219
15883,512,35459,69.255859
15884,512,35875,70.068359
15885,512,35667,69.662109
15886,512,35750,69.824219
15887,512,35667,69.662109
15888,512,32917,64.291016
15889,512,36541,71.369141
15890,512,35875,70.068359
15891,512,35875,70.068359
15892,512,35208,68.765625
15893,512,34250,66.894531
15894,512,35916,70.148438
15895,512,46083,90.005859
15896,512,32125,62.744141
15897,512,35458,69.253906
15898,512,34708,67.789062
15899,512,36417,71.126953
15900,512,35542,69.417969
15901,512,36166,70.636719
15902,512,36000,70.312500
15903,512,36084,70.476562
15904,512,34000,66.406250
15905,512,33666,65.753906
15906,512,34625,67.626953
15907,512,34458,67.300781
15908,512,35125,68.603516
15909,512,36625,71.533203
15910,512,36542,71.371094
15911,512,33625,65.673828
15912,512,34333,67.056641
15913,512,35583,69.498047
15914,512,35292,68.929688
15915,512,34083,66.568359
15916,512,34583,67.544922
15917,512,36792,71.859375
15918,512,34083,66.568359
15919,512,35208,68.765625
15920,512,35542,69.417969
15921,512,94250,184.082031
15922,512,46083,90.005859
15923,512,43458,84.878906
15924,512,43375,84.716797
15925,512,43708,85.367188
15926,512,43375,84.716797
15927,512,40750,79.589844
15928,512,40875,79.833984
15929,512,40459,79.021484
15930,512,42000,82.031250
15931,512,39875,77.880859
15932,512,43875,85.693359
15933,512,41459,80.974609
15934,512,43166,84.308594
15935,512,41250,80.566406
15936,512,40916,79.914062
15937,512,43083,84.146484
15938,512,42250,82.519531
15939,512,41458,80.972656
15940,512,41375,80.810547
15941,512,40916,79.914062
15942,512,42125,82.275391
15943,512,40750,79.589844
15944,512,42167,82.357422
15945,512,39791,77.716797
15946,512,41334,80.730469
15947,512,39166,76.496094
15948,512,41875,81.787109
15949,512,42792,83.578125
15950,512,38291,74.787109
15951,512,41125,80.322266
15952,512,40375,78.857422
15953,512,36750,71.777344
15954,512,38292,74.789062
15955,512,38458,75.113281
15956,512,39208,76.578125
15957,512,39500,77.148438
15958,512,42083,82.193359
15959,512,41292,80.648438
15960,512,39000,76.171875
15961,512,39458,77.066406
15962,512,40375,78.857422
15963,512,39958,78.042969
15964,512,39459,77.068359
15965,512,40208,78.531250
15966,512,40083,78.287109
15967,512,42000,82.031250
15968,512,42917,83.822266
15969,512,49542,96.761719
15970,512,63083,123.208984
15971,512,40625,79.345703
15972,512,104708,204.507812
15973,512,39083,76.333984
15974,512,36125,70.556641
15975,512,36416,71.125000
15976,512,41458,80.972656
15977,512,39334,76.824219
15978,512,35959,70.232422
15979,512,35666,69.660156
15980,512,36167,70.638672
15981,512,37417,73.080078
15982,512,35125,68.603516
15983,512,34833,68.033203
15984,512,35792,69.906250
15985,512,34708,67.789062
15986,512,36667,71.615234
15987,512,35875,70.068359
15988,512,34833,68.033203
15989,512,36583,71.451172
15990,512,36833,71.939453
15991,512,34459,67.302734
15992,512,34875,68.115234
15993,512,34042,66.488281
15994,512,34250,66.894531
15995,512,35250,68.847656
15996,512,36334,70.964844
15997,512,35750,69.824219
15998,512,43750,85.449219
15999,512,35834,69.988281
16000,512,36166,70.636719
16001,512,35000,68.359375
16002,512,37167,72.591797
16003,512,35958,70.230469
16004,512,36208,70.718750
16005,512,36792,71.859375
16006,512,37750,73.730469
16007,512,35250,68.847656
16008,512,35791,69.904297
16009,512,35750,69.824219
16010,512,35583,69.498047
16011,512,36375,71.044922
16012,512,37166,72.589844
16013,512,40209,78.533203
16014,512,38792,75.765625
16015,512,38625,75.439453
16016,512,35916,70.148438
16017,512,35875,70.068359
16018,512,34125,66.650391
16019,512,38291,74.787109
16020,512,35667,69.662109
16021,512,35792,69.906250
16022,512,36291,70.880859
16023,512,34042,66.488281
16024,512,34875,68.115234
16025,512,36875,72.021484
16026,512,37000,72.265625
16027,512,37166,72.589844
16028,512,35125,68.603516
16029,512,36334,70.964844
16030,512,40042,78.207031
16031,512,38791,75.763672
16032,512,36708,71.695312
16033,512,35875,70.068359
16034,512,35708,69.742188
16035,512,37917,74.056641
16036,512,51334,100.261719
16037,512,38834,75.847656
16038,512,36041,70.392578
16039,512,36458,71.207031
16040,512,35292,68.929688
16041,512,36875,72.021484
16042,512,34208,66.812500
16043,512,37792,73.812500
16044,512,36625,71.533203
16045,512,36375,71.044922
16046,512,34792,67.953125
16047,512,35375,69.091797
16048,512,36167,70.638672
16049,512,38084,74.382812
16050,512,37833,73.892578
16051,512,37416,73.078125
16052,512,36000,70.312500
16053,512,35583,69.498047
16054,512,35500,69.335938
16055,512,33792,66.000000
16056,512,35166,68.683594
16057,512,38208,74.625000
16058,512,38125,74.462891
16059,512,37584,73.406250
16060,512,35500,69.335938
16061,512,34791,67.951172
16062,512,36334,70.964844
16063,512,35916,70.148438
16064,512,35792,69.906250
16065,512,34958,68.277344
16066,512,38459,75.115234
16067,512,39750,77.636719
16068,512,36209,70.720703
16069,512,37458,73.160156
16070,512,36625,71.533203
16071,512,37500,73.242188
16072,512,38625,75.439453
16073,512,36667,71.615234
16074,512,37500,73.242188
16075,512,36000,70.312500
16076,512,36875,72.021484
16077,512,35708,69.742188
16078,512,37334,72.917969
16079,512,35916,70.148438
16080,512,36334,70.964844
16081,512,36916,72.101562
16082,512,39250,76.660156
16083,512,37792,73.812500
16084,512,40625,79.345703
16085,512,39833,77.798828
16086,512,38250,74.707031
16087,512,39208,76.578125
16088,512,38750,75.683594
16089,512,37542,73.324219
16090,512,38125,74.462891
16091,512,38667,75.521484
16092,512,40208,78.531250
16093,512,38917,76.009766
16094,512,40833,79.751953
16095,512,37667,73.568359
16096,512,43375,84.716797
16097,512,40291,78.693359
16098,512,38833,75.845703
16099,512,38042,74.300781
16100,512,38042,74.300781
16101,512,37500,73.242188
16102,512,39708,77.554688
16103,512,39708,77.554688
16104,512,40333,78.775391
16105,512,40000,78.125000
16106,512,39042,76.253906
16107,512,36667,71.615234
16108,512,39292,76.742188
16109,512,38917,76.009766
16110,512,50042,97.738281
16111,512,37291,72.833984
16112,512,40292,78.695312
16113,512,36666,71.613281
16114,512,42417,82.845703
16115,512,37250,72.753906
16116,512,37250,72.753906
16117,512,38708,75.601562
16118,512,48125,93.994141
16119,512,47791,93.341797
16120,512,52250,102.050781
16121,512,40292,78.695312
16122,512,39417,76.986328
16123,512,45458,88.785156
16124,512,40417,78.939453
16125,512,40292,78.695312
16126,512,39000,76.171875
16127,512,39917,77.962891
16128,512,45750,89.355469
16129,512,44542,86.996094
16130,512,39666,77.472656
16131,512,40083,78.287109
16132,512,45084,88.054688
16133,512,43083,84.146484
16134,512,40333,78.775391
16135,512,40625,79.345703
16136,512,50042,97.738281
16137,512,48083,93.912109
16138,512,38584,75.359375
16139,512,39041,76.251953
16140,512,38125,74.462891
16141,512,38709,75.603516
16142,512,39500,77.148438
16143,512,37875,73.974609
16144,512,38000,74.218750
16145,512,38584,75.359375
16146,512,39875,77.880859
16147,512,38791,75.763672
16148,512,36042,70.394531
16149,512,40500,79.101562
16150,512,41208,80.484375
16151,512,37792,73.812500
16152,512,39167,76.498047
16153,512,41333,80.728516
16154,512,38208,74.625000
16155,512,36709,71.697266
16156,512,37917,74.056641
16157,512,39750,77.636719
16158,512,37208,72.671875
16159,512,41167,80.404297
16160,512,47125,92.041016
16161,512,39458,77.066406
16162,512,40875,79.833984
16163,512,37416,73.078125
16164,512,37667,73.568359
16165,512,39166,76.496094
16166,512,37209,72.673828
16167,512,39083,76.333984
16168,512,36625,71.533203
16169,512,39083,76.333984
16170,512,45792,89.437500
16171,512,48083,93.912109
16172,512,48291,94.318359
16173,512,36334,70.964844
16174,512,39416,76.984375
16175,512,75292,147.054688
16176,512,45541,88.947266
16177,512,48000,93.750000
16178,512,51583,100.748047
16179,512,48375,94.482422
16180,512,39834,77.800781
16181,512,42000,82.031250
16182,512,46250,90.332031
16183,512,50125,97.900391
16184,512,58958,115.152344
16185,512,36208,70.718750
16186,512,38792,75.765625
16187,512,36625,71.533203
16188,512,38250,74.707031
16189,512,36375,71.044922
16190,512,37375,72.998047
16191,512,38375,74.951172
16192,512,35541,69.416016
16193,512,37417,73.080078
16194,512,35333,69.009766
16195,512,42208,82.437500
16196,512,40209,78.533203
16197,512,45833,89.517578
16198,512,36458,71.207031
16199,512,35667,69.662109
16200,512,38875,75.927734
16201,512,37042,72.347656
16202,512,38250,74.707031
16203,512,35791,69.904297
16204,512,36750,71.777344
16205,512,35875,70.068359
16206,512,40000,78.125000
16207,512,43291,84.552734
16208,512,43125,84.228516
16209,512,39333,76.822266
16210,512,47584,92.937500
16211,512,38584,75.359375
16212,512,39208,76.578125
16213,512,38583,75.357422
16214,512,38334,74.871094
16215,512,39791,77.716797
16216,512,44625,87.158203
16217,512,40875,79.833984
16218,512,38250,74.707031
16219,512,38666,75.519531
16220,512,40334,78.777344
16221,512,38791,75.763672
16222,512,42625,83.251953
16223,512,40042,78.207031
16224,512,41958,81.949219
16225,512,40292,78.695312
16226,512,39791,77.716797
16227,512,39708,77.554688
16228,512,39042,76.253906
16229,512,46208,90.250000
16230,512,48667,95.052734
16231,512,41125,80.322266
16232,512,64791,126.544922
16233,512,38625,75.439453
16234,512,42500,83.007812
16235,512,38875,75.927734
16236,512,40000,78.125000
16237,512,39417,76.986328
16238,512,45250,88.378906
16239,512,42666,83.332031
16240,512,41875,81.787109
16241,512,39875,77.880859
16242,512,43167,84.310547
16243,512,50708,99.039062
16244,512,42000,82.031250
16245,512,48250,94.238281
16246,512,38250,74.707031
16247,512,42375,82.763672
16248,512,45333,88.541016
16249,512,39333,76.822266
16250,512,39875,77.880859
16251,512,44709,87.322266
16252,512,51041,99.689453
16253,512,51125,99.853516
16254,512,46958,91.714844
16255,512,44542,86.996094
16256,512,37333,72.916016
16257,512,35000,68.359375
16258,512,35708,69.742188
16259,512,37083,72.427734
16260,512,38375,74.951172
16261,512,36709,71.697266
16262,512,35375,69.091797
16263,512,34541,67.462891
16264,512,32334,63.152344
16265,512,36917,72.103516
16266,512,34083,66.568359
16267,512,37708,73.648438
16268,512,40167,78.451172
16269,512,52958,103.433594
16270,512,43000,83.984375
16271,512,35625,69.580078
16272,512,33834,66.082031
16273,512,35959,70.232422
16274,512,36750,71.777344
16275,512,34791,67.951172
16276,512,35042,68.441406
16277,512,34292,66.976562
16278,512,35875,70.068359
16279,512,38750,75.683594
16280,512,39375,76.904297
16281,512,36958,72.183594
16282,512,37833,73.892578
16283,512,37083,72.427734
16284,512,36917,72.103516
16285,512,38917,76.009766
16286,512,37916,74.054688
16287,512,129292,252.523438
16288,512,82417,160.970703
16289,512,38500,75.195312
16290,512,38333,74.869141
16291,512,38375,74.951172
16292,512,39416,76.984375
16293,512,40000,78.125000
16294,512,43500,84.960938
16295,512,39542,77.230469
16296,512,40500,79.101562
16297,512,37833,73.892578
16298,512,35708,69.742188
16299,512,39250,76.660156
16300,512,39166,76.496094
16301,512,37208,72.671875
16302,512,37500,73.242188
16303,512,37417,73.080078
16304,512,38708,75.601562
16305,512,38041,74.298828
16306,512,36417,71.126953
16307,512,36875,72.021484
16308,512,38625,75.439453
16309,512,37667,73.568359
16310,512,37166,72.589844
16311,512,46125,90.087891
16312,512,50250,98.144531
16313,512,45167,88.216797
16314,512,47875,93.505859
16315,512,39417,76.986328
16316,512,40000,78.125000
16317,512,38208,74.625000
16318,512,37083,72.427734
16319,512,38375,74.951172
16320,512,37958,74.136719
16321,512,36958,72.183594
16322,512,38750,75.683594
16323,512,44375,86.669922
16324,512,38292,74.789062
16325,512,39208,76.578125
16326,512,39584,77.312500
16327,512,40334,78.777344
16328,512,39125,76.416016
16329,512,39084,76.335938
16330,512,38875,75.927734
16331,512,39542,77.230469
16332,512,39042,76.253906
16333,512,39417,76.986328
16334,512,42792,83.578125
16335,512,39208,76.578125
16336,512,39500,77.148438
16337,512,39375,76.904297
16338,512,39875,77.880859
16339,512,38375,74.951172
16340,512,39625,77.392578
16341,512,38583,75.357422
16342,512,40625,79.345703
16343,512,42125,82.275391
16344,512,39125,76.416016
16345,512,42500,83.007812
16346,512,38375,74.951172
16347,512,39250,76.660156
16348,512,38250,74.707031
16349,512,39958,78.042969
16350,512,40375,78.857422
16351,512,39667,77.474609
16352,512,36417,71.126953
16353,512,39416,76.984375
16354,512,38334,74.871094
16355,512,70334,137.371094
16356,512,38541,75.275391
16357,512,37167,72.591797
16358,512,40208,78.531250
16359,512,36375,71.044922
16360,512,78833,153.970703
16361,512,43209,84.392578
16362,512,45708,89.273438
16363,512,39250,76.660156
16364,512,39833,77.798828
16365,512,40792,79.671875
16366,512,38417,75.033203
16367,512,38916,76.007812
16368,512,38042,74.300781
16369,512,38541,75.275391
16370,512,38042,74.300781
16371,512,36583,71.451172
16372,512,39542,77.230469
16373,512,39959,78.044922
16374,512,40125,78.369141
16375,512,37959,74.138672
16376,512,37750,73.730469
16377,512,37375,72.998047
16378,512,39250,76.660156
16379,512,37542,73.324219
16380,512,50875,99.365234
16381,512,41375,80.810547
16382,512,43042,84.066406
16383,512,42708,83.414062
16384,512,46208,90.250000
16385,512,47125,92.041016
16386,512,38042,74.300781
16387,512,39583,77.310547
16388,512,39208,76.578125
16389,512,38125,74.462891
16390,512,44583,87.076172
16391,512,40583,79.263672
16392,512,38000,74.218750
16393,512,38958,76.089844
16394,512,49125,95.947266
16395,512,48084,93.914062
16396,512,39625,77.392578
16397,512,36291,70.880859
16398,512,37667,73.568359
16399,512,38583,75.357422
16400,512,35833,69.986328
16401,512,37167,72.591797
16402,512,45792,89.437500
16403,512,37250,72.753906
16404,512,35958,70.230469
16405,512,35542,69.417969
16406,512,36584,71.453125
16407,512,41083,80.240234
16408,512,39083,76.333984
16409,512,37875,73.974609
16410,512,38541,75.275391
16411,512,45459,88.787109
16412,512,39291,76.740234
16413,512,45792,89.437500
16414,512,36458,71.207031
16415,512,47542,92.855469
16416,512,37042,72.347656
16417,512,35833,69.986328
16418,512,41625,81.298828
16419,512,37167,72.591797
16420,512,38375,74.951172
16421,512,37375,72.998047
16422,512,48459,94.646484
16423,512,39833,77.798828
16424,512,38250,74.707031
16425,512,38458,75.113281
16426,512,35583,69.498047
16427,512,37667,73.568359
16428,512,37667,73.568359
16429,512,36875,72.021484
16430,512,47541,92.853516
16431,512,38708,75.601562
16432,512,43042,84.066406
16433,512,40708,79.507812
16434,512,49584,96.843750
16435,512,44041,86.017578
16436,512,47208,92.203125
16437,512,37458,73.160156
16438,512,37750,73.730469
16439,512,38417,75.033203
16440,512,41958,81.949219
16441,512,46292,90.414062
16442,512,39709,77.556641
16443,512,38375,74.951172
16444,512,47041,91.876953
16445,512,48542,94.808594
16446,512,62292,121.664062
16447,512,53875,105.224609
16448,512,38584,75.359375
16449,512,37334,72.917969
16450,512,39334,76.824219
16451,512,42417,82.845703
16452,512,38875,75.927734
16453,512,38458,75.113281
16454,512,58416,114.093750
16455,512,39167,76.498047
16456,512,41000,80.078125
16457,512,45541,88.947266
16458,512,52834,103.191406
16459,512,39584,77.312500
16460,512,48375,94.482422
16461,512,39708,77.554688
16462,512,38917,76.009766
16463,512,38000,74.218750
16464,512,38833,75.845703
16465,512,39292,76.742188
16466,512,36917,72.103516
16467,512,40459,79.021484
16468,512,36541,71.369141
16469,512,34833,68.033203
16470,512,36708,71.695312
16471,512,36458,71.207031
16472,512,36458,71.207031
16473,512,34167,66.732422
16474,512,34750,67.871094
16475,512,35291,68.927734
16476,512,35959,70.232422
16477,512,33709,65.837891
16478,512,34334,67.058594
16479,512,33917,66.244141
16480,512,35166,68.683594
16481,512,34625,67.626953
16482,512,35709,69.744141
16483,512,34166,66.730469
16484,512,35167,68.685547
16485,512,33375,65.185547
16486,512,34208,66.812500
16487,512,33167,64.779297
16488,512,37792,73.812500
16489,512,36958,72.183594
16490,512,34417,67.220703
16491,512,33667,65.755859
16492,512,33084,64.617188
16493,512,33833,66.080078
16494,512,39542,77.230469
16495,512,38416,75.031250
16496,512,49167,96.029297
16497,512,47333,92.447266
16498,512,37000,72.265625
16499,512,35708,69.742188
16500,512,34792,67.953125
16501,512,33916,66.242188
16502,512,34292,66.976562
16503,512,34458,67.300781
16504,512,34708,67.789062
16505,512,35542,69.417969
16506,512,33875,66.162109
16507,512,36209,70.720703
16508,512,37125,72.509766
16509,512,35041,68.439453
16510,512,44667,87.240234
16511,512,39125,76.416016
16512,512,39875,77.880859
16513,512,44458,86.832031
16514,512,48292,94.320312
16515,512,38208,74.625000
16516,512,42875,83.740234
16517,512,39042,76.253906
16518,512,39000,76.171875
16519,512,46125,90.087891
16520,512,57917,113.119141
16521,512,39791,77.716797
16522,512,37750,73.730469
16523,512,36500,71.289062
16524,512,34333,67.056641
16525,512,41417,80.892578
16526,512,40250,78.613281
16527,512,38458,75.113281
16528,512,38875,75.927734
16529,512,42083,82.193359
16530,512,41792,81.625000
16531,512,35084,68.523438
16532,512,35333,69.009766
16533,512,36708,71.695312
16534,512,35500,69.335938
16535,512,37500,73.242188
16536,512,48292,94.320312
16537,512,44667,87.240234
16538,512,35125,68.603516
16539,512,34708,67.789062
16540,512,36625,71.533203
16541,512,37583,73.404297
16542,512,36375,71.044922
16543,512,36125,70.556641
16544,512,36417,71.126953
16545,512,34750,67.871094
16546,512,34833,68.033203
16547,512,34250,66.894531
16548,512,35167,68.685547
16549,512,37125,72.509766
16550,512,37958,74.136719
16551,512,34541,67.462891
16552,512,43500,84.960938
16553,512,46125,90.087891
16554,512,35000,68.359375
16555,512,35334,69.011719
16556,512,34750,67.871094
16557,512,33875,66.162109
16558,512,35958,70.230469
16559,512,34667,67.708984
16560,512,35583,69.498047
16561,512,34000,66.406250
16562,512,34417,67.220703
16563,512,34125,66.650391
16564,512,35000,68.359375
16565,512,35833,69.986328
16566,512,46000,89.843750
16567,512,41208,80.484375
16568,512,35166,68.683594
16569,512,34958,68.277344
16570,512,35500,69.335938
16571,512,35667,69.662109
16572,512,35083,68.521484
16573,512,34375,67.138672
16574,512,36375,71.044922
16575,512,33958,66.324219
16576,512,34083,66.568359
16577,512,36000,70.312500
16578,512,35083,68.521484
16579,512,34250,66.894531
16580,512,34916,68.195312
16581,512,35125,68.603516
16582,512,33333,65.103516
16583,512,36292,70.882812
16584,512,33958,66.324219
16585,512,34459,67.302734
16586,512,34959,68.279297
16587,512,33833,66.080078
16588,512,36125,70.556641
16589,512,35875,70.068359
16590,512,37042,72.347656
16591,512,34792,67.953125
16592,512,34834,68.035156
16593,512,34625,67.626953
16594,512,35459,69.255859
16595,512,33834,66.082031
16596,512,35750,69.824219
16597,512,32916,64.289062
16598,512,34250,66.894531
16599,512,33750,65.917969
16600,512,34959,68.279297
16601,512,36666,71.613281
16602,512,33292,65.023438
16603,512,35375,69.091797
16604,512,34083,66.568359
16605,512,34667,67.708984
16606,512,34416,67.218750
16607,512,33834,66.082031
16608,512,34458,67.300781
16609,512,34458,67.300781
16610,512,33625,65.673828
16611,512,33667,65.755859
16612,512,34042,66.488281
16613,512,35084,68.523438
16614,512,35875,70.068359
16615,512,34000,66.406250
16616,512,35334,69.011719
16617,512,34250,66.894531
16618,512,33584,65.593750
16619,512,32791,64.044922
16620,512,34417,67.220703
16621,512,34708,67.789062
16622,512,34125,66.650391
16623,512,34959,68.279297
16624,512,33958,66.324219
16625,512,34708,67.789062
16626,512,36334,70.964844
16627,512,37125,72.509766
16628,512,34166,66.730469
16629,512,35250,68.847656
16630,512,33834,66.082031
16631,512,35041,68.439453
16632,512,35584,69.500000
16633,512,34625,67.626953
16634,512,34458,67.300781
16635,512,34167,66.732422
16636,512,34750,67.871094
16637,512,33833,66.080078
16638,512,36458,71.207031
16639,512,38000,74.218750
16640,512,59125,115.478516
16641,512,37250,72.753906
16642,512,39333,76.822266
16643,512,38959,76.091797
16644,512,36084,70.476562
16645,512,37083,72.427734
16646,512,36708,71.695312
16647,512,36042,70.394531
16648,512,35750,69.824219
16649,512,37792,73.812500
16650,512,37458,73.160156
16651,512,37292,72.835938
16652,512,36333,70.962891
16653,512,39000,76.171875
16654,512,40541,79.181641
16655,512,39542,77.230469
16656,512,35416,69.171875
16657,512,34209,66.814453
16658,512,42250,82.519531
16659,512,38875,75.927734
16660,512,39667,77.474609
16661,512,37750,73.730469
16662,512,38083,74.380859
16663,512,36458,71.207031
16664,512,35333,69.009766
16665,512,38667,75.521484
16666,512,35291,68.927734
16667,512,36417,71.126953
16668,512,36083,70.474609
16669,512,37583,73.404297
16670,512,36750,71.777344
16671,512,36334,70.964844
16672,512,37834,73.894531
16673,512,35916,70.148438
16674,512,36042,70.394531
16675,512,36750,71.777344
16676,512,38084,74.382812
16677,512,37500,73.242188
16678,512,38291,74.787109
16679,512,38459,75.115234
16680,512,35625,69.580078
16681,512,37292,72.835938
16682,512,38666,75.519531
16683,512,38083,74.380859
16684,512,37833,73.892578
16685,512,36834,71.941406
16686,512,35167,68.685547
16687,512,37625,73.486328
16688,512,38791,75.763672
16689,512,35834,69.988281
16690,512,41208,80.484375
16691,512,35375,69.091797
16692,512,37541,73.322266
16693,512,38000,74.218750
16694,512,35167,68.685547
16695,512,37500,73.242188
16696,512,37291,72.833984
16697,512,38042,74.300781
16698,512,36583,71.451172
16699,512,38500,75.195312
16700,512,37375,72.998047
16701,512,37083,72.427734
16702,512,36917,72.103516
16703,512,106916,208.820312
16704,512,62167,121.419922
16705,512,33709,65.837891
16706,512,33333,65.103516
16707,512,35375,69.091797
16708,512,39458,77.066406
16709,512,33792,66.000000
16710,512,32958,64.371094
16711,512,33458,65.347656
16712,512,34417,67.220703
16713,512,32708,63.882812
16714,512,37250,72.753906
16715,512,33667,65.755859
16716,512,34375,67.138672
16717,512,37333,72.916016
16718,512,33583,65.591797
16719,512,40583,79.263672
16720,512,35208,68.765625
16721,512,35625,69.580078
16722,512,33417,65.267578
16723,512,37708,73.648438
16724,512,37833,73.892578
16725,512,36209,70.720703
16726,512,33875,66.162109
16727,512,34209,66.814453
16728,512,34416,67.218750
16729,512,35125,68.603516
16730,512,35042,68.441406
16731,512,35125,68.603516
16732,512,33750,65.917969
16733,512,35375,69.091797
16734,512,34125,66.650391
16735,512,32958,64.371094
16736,512,33167,64.779297
16737,512,35291,68.927734
16738,512,34709,67.791016
16739,512,35208,68.765625
16740,512,36125,70.556641
16741,512,34708,67.789062
16742,512,35875,70.068359
16743,512,37292,72.835938
16744,512,36500,71.289062
16745,512,35459,69.255859
16746,512,35750,69.824219
16747,512,37041,72.345703
16748,512,37875,73.974609
16749,512,35042,68.441406
16750,512,38125,74.462891
16751,512,37167,72.591797
16752,512,37416,73.078125
16753,512,36625,71.533203
16754,512,36250,70.800781
16755,512,36458,71.207031
16756,512,36250,70.800781
16757,512,36000,70.312500
16758,512,44291,86.505859
16759,512,34917,68.197266
16760,512,38416,75.031250
16761,512,37333,72.916016
16762,512,37459,73.162109
16763,512,37125,72.509766
16764,512,39500,77.148438
16765,512,39041,76.251953
16766,512,37459,73.162109
16767,512,36500,71.289062
16768,512,39708,77.554688
16769,512,35833,69.986328
16770,512,41459,80.974609
16771,512,42958,83.902344
16772,512,36000,70.312500
16773,512,44916,87.726562
16774,512,38167,74.544922
16775,512,37291,72.833984
16776,512,38834,75.847656
16777,512,37708,73.648438
16778,512,47250,92.285156
16779,512,40834,79.753906
16780,512,39708,77.554688
16781,512,38958,76.089844
16782,512,40417,78.939453
16783,512,35042,68.441406
16784,512,38750,75.683594
16785,512,39166,76.496094
16786,512,37250,72.753906
16787,512,38709,75.603516
16788,512,40166,78.449219
16789,512,36667,71.615234
16790,512,37000,72.265625
16791,512,37458,73.160156
16792,512,37750,73.730469
16793,512,44958,87.808594
16794,512,47042,91.878906
16795,512,36583,71.451172
16796,512,37208,72.671875
16797,512,38000,74.218750
16798,512,40458,79.019531
16799,512,37833,73.892578
16800,512,37917,74.056641
16801,512,37125,72.509766
16802,512,38917,76.009766
16803,512,38583,75.357422
16804,512,39042,76.253906
16805,512,38375,74.951172
16806,512,37834,73.894531
16807,512,37916,74.054688
16808,512,37209,72.673828
16809,512,41458,80.972656
16810,512,39042,76.253906
16811,512,43541,85.041016
16812,512,38375,74.951172
16813,512,37709,73.650391
16814,512,37333,72.916016
16815,512,45542,88.949219
16816,512,43875,85.693359
16817,512,36166,70.636719
16818,512,36125,70.556641
16819,512,36916,72.101562
16820,512,37084,72.429688
16821,512,38959,76.091797
16822,512,37083,72.427734
16823,512,37750,73.730469
16824,512,37708,73.648438
16825,512,36500,71.289062
16826,512,39875,77.880859
16827,512,38375,74.951172
16828,512,37333,72.916016
16829,512,39083,76.333984
16830,512,37459,73.162109
16831,512,37041,72.345703
16832,512,36583,71.451172
16833,512,35708,69.742188
16834,512,36042,70.394531
16835,512,38708,75.601562
16836,512,37250,72.753906
16837,512,36333,70.962891
16838,512,37000,72.265625
16839,512,36250,70.800781
16840,512,39541,77.228516
16841,512,36584,71.453125
16842,512,36000,70.312500
16843,512,39417,76.986328
16844,512,40750,79.589844
16845,512,40375,78.857422
16846,512,38292,74.789062
16847,512,37416,73.078125
16848,512,36750,71.777344
16849,512,34541,67.462891
16850,512,37250,72.753906
16851,512,36125,70.556641
16852,512,35625,69.580078
16853,512,36750,71.777344
16854,512,36500,71.289062
16855,512,36042,70.394531
16856,512,37791,73.810547
16857,512,36458,71.207031
16858,512,37208,72.671875
16859,512,37292,72.835938
16860,512,37875,73.974609
16861,512,37666,73.566406
16862,512,35917,70.150391
16863,512,35750,69.824219
16864,512,35792,69.906250
16865,512,35167,68.685547
16866,512,44958,87.808594
16867,512,44625,87.158203
16868,512,36875,72.021484
16869,512,34833,68.033203
16870,512,36667,71.615234
16871,512,37500,73.242188
16872,512,37000,72.265625
16873,512,36708,71.695312
16874,512,38875,75.927734
16875,512,36625,71.533203
16876,512,40917,79.916016
16877,512,57375,112.060547
16878,512,52208,101.968750
16879,512,41000,80.078125
16880,512,41417,80.892578
16881,512,40083,78.287109
16882,512,41750,81.542969
16883,512,38542,75.277344
16884,512,39666,77.472656
16885,512,53833,105.142578
16886,512,50416,98.468750
16887,512,38542,75.277344
16888,512,41166,80.402344
16889,512,44208,86.343750
16890,512,38458,75.113281
16891,512,43333,84.634766
16892,512,108167,211.263672
16893,512,36167,70.638672
16894,512,34791,67.951172
16895,512,32875,64.208984
16896,512,37625,73.486328
16897,512,37542,73.324219
16898,512,36833,71.939453
16899,512,37667,73.568359
16900,512,33708,65.835938
16901,512,33583,65.591797
16902,512,34958,68.277344
16903,512,34334,67.058594
16904,512,34834,68.035156
16905,512,33625,65.673828
16906,512,33459,65.349609
16907,512,35375,69.091797
16908,512,33917,66.244141
16909,512,34875,68.115234
16910,512,35375,69.091797
16911,512,34334,67.058594
16912,512,34917,68.197266
16913,512,33333,65.103516
16914,512,38833,75.845703
16915,512,34083,66.568359
16916,512,34042,66.488281
16917,512,35583,69.498047
16918,512,34875,68.115234
16919,512,34375,67.138672
16920,512,50458,98.550781
16921,512,33959,66.326172
16922,512,34375,67.138672
16923,512,35292,68.929688
16924,512,36750,71.777344
16925,512,35875,70.068359
16926,512,35334,69.011719
16927,512,33916,66.242188
16928,512,36750,71.777344
16929,512,33708,65.835938
16930,512,33917,66.244141
16931,512,35458,69.253906
16932,512,39583,77.310547
16933,512,35417,69.173828
16934,512,35292,68.929688
16935,512,34875,68.115234
16936,512,35500,69.335938
16937,512,34959,68.279297
16938,512,35709,69.744141
16939,512,38500,75.195312
16940,512,40416,78.937500
16941,512,47875,93.505859
16942,512,51916,101.398438
16943,512,48292,94.320312
16944,512,49292,96.273438
16945,512,41666,81.378906
16946,512,41042,80.160156
16947,512,38167,74.544922
16948,512,36000,70.312500
16949,512,36458,71.207031
16950,512,34875,68.115234
16951,512,34583,67.544922
16952,512,41500,81.054688
16953,512,48458,94.644531
16954,512,45209,88.298828
16955,512,37167,72.591797
16956,512,47625,93.017578
16957,512,46292,90.414062
16958,512,33209,64.861328
16959,512,33000,64.453125
16960,512,34000,66.406250
16961,512,35833,69.986328
16962,512,38917,76.009766
16963,512,35708,69.742188
16964,512,48667,95.052734
16965,512,42375,82.763672
16966,512,34666,67.707031
16967,512,37042,72.347656
16968,512,35459,69.255859
16969,512,35791,69.904297
16970,512,35125,68.603516
16971,512,41291,80.646484
16972,512,34250,66.894531
16973,512,38125,74.462891
16974,512,45958,89.761719
16975,512,40042,78.207031
16976,512,39625,77.392578
16977,512,36584,71.453125
16978,512,40167,78.451172
16979,512,41292,80.648438
16980,512,45500,88.867188
16981,512,38292,74.789062
16982,512,39333,76.822266
16983,512,39916,77.960938
16984,512,48792,95.296875
16985,512,39916,77.960938
16986,512,37959,74.138672
16987,512,39291,76.740234
16988,512,39125,76.416016
16989,512,37250,72.753906
16990,512,39959,78.044922
16991,512,38584,75.359375
16992,512,39042,76.253906
16993,512,38875,75.927734
16994,512,38667,75.521484
16995,512,40750,79.589844
16996,512,39959,78.044922
16997,512,42666,83.332031
16998,512,38958,76.089844
16999,512,38000,74.218750
17000,512,40583,79.263672
17001,512,38542,75.277344
17002,512,39041,76.251953
17003,512,38334,74.871094
17004,512,37916,74.054688
17005,512,38875,75.927734
17006,512,39125,76.416016
17007,512,41208,80.484375
17008,512,40292,78.695312
17009,512,37625,73.486328
17010,512,41167,80.404297
17011,512,40958,79.996094
17012,512,38750,75.683594
17013,512,38208,74.625000
17014,512,39292,76.742188
17015,512,38250,74.707031
17016,512,41750,81.542969
17017,512,40459,79.021484
17018,512,39750,77.636719
17019,512,39334,76.824219
17020,512,38208,74.625000
17021,512,38500,75.195312
17022,512,39417,76.986328
17023,512,37375,72.998047
17024,512,38500,75.195312
17025,512,39792,77.718750
17026,512,37209,72.673828
17027,512,36834,71.941406
17028,512,39041,76.251953
17029,512,40417,78.939453
17030,512,37417,73.080078
17031,512,42458,82.925781
17032,512,39584,77.312500
17033,512,37667,73.568359
17034,512,44666,87.238281
17035,512,40083,78.287109
17036,512,41959,81.951172
17037,512,45750,89.355469
17038,512,45459,88.787109
17039,512,40958,79.996094
17040,512,42667,83.333984
17041,512,45625,89.111328
17042,512,39292,76.742188
17043,512,35291,68.927734
17044,512,34167,66.732422
17045,512,41500,81.054688
17046,512,40583,79.263672
17047,512,34334,67.058594
17048,512,32667,63.802734
17049,512,35000,68.359375
17050,512,34333,67.056641
17051,512,32958,64.371094
17052,512,38625,75.439453
17053,512,37583,73.404297
17054,512,39209,76.580078
17055,512,42500,83.007812
17056,512,40084,78.289062
17057,512,38916,76.007812
17058,512,39292,76.742188
17059,512,36791,71.857422
17060,512,36583,71.451172
17061,512,37667,73.568359
17062,512,36666,71.613281
17063,512,37209,72.673828
17064,512,38584,75.359375
17065,512,37791,73.810547
17066,512,40917,79.916016
17067,512,38791,75.763672
17068,512,38042,74.300781
17069,512,36791,71.857422
17070,512,37042,72.347656
17071,512,38542,75.277344
17072,512,38125,74.462891
17073,512,39958,78.042969
17074,512,37750,73.730469
17075,512,36750,71.777344
17076,512,46500,90.820312
17077,512,41375,80.810547
17078,512,43958,85.855469
17079,512,38416,75.031250
17080,512,40584,79.265625
17081,512,36000,70.312500
17082,512,36167,70.638672
17083,512,36125,70.556641
17084,512,37875,73.974609
17085,512,39041,76.251953
17086,512,37459,73.162109
17087,512,37042,72.347656
17088,512,36167,70.638672
17089,512,43917,85.775391
17090,512,56250,109.863281
17091,512,48458,94.644531
17092,512,45875,89.599609
17093,512,42917,83.822266
17094,512,65125,127.197266
17095,512,43708,85.367188
17096,512,46625,91.064453
17097,512,43042,84.066406
17098,512,60958,119.058594
17099,512,46875,91.552734
17100,512,43084,84.148438
17101,512,39125,76.416016
17102,512,40000,78.125000
17103,512,56750,110.839844
17104,512,43209,84.392578
17105,512,47708,93.179688
17106,512,45875,89.599609
17107,512,41000,80.078125
17108,512,39458,77.066406
17109,512,43417,84.798828
17110,512,46875,91.552734
17111,512,38333,74.869141
17112,512,37375,72.998047
17113,512,35000,68.359375
17114,512,32875,64.208984
17115,512,34750,67.871094
17116,512,34291,66.974609
17117,512,35375,69.091797
17118,512,35125,68.603516
17119,512,35167,68.685547
17120,512,35458,69.253906
17121,512,36042,70.394531
17122,512,34125,66.650391
17123,512,35833,69.986328
17124,512,35791,69.904297
17125,512,35667,69.662109
17126,512,35042,68.441406
17127,512,35541,69.416016
17128,512,37292,72.835938
17129,512,34625,67.626953
17130,512,34291,66.974609
17131,512,34792,67.953125
17132,512,36166,70.636719
17133,512,37459,73.162109
17134,512,35500,69.335938
17135,512,35000,68.359375
17136,512,35250,68.847656
17137,512,33834,66.082031
17138,512,34375,67.138672
17139,512,36250,70.800781
17140,512,36209,70.720703
17141,512,38125,74.462891
17142,512,36625,71.533203
17143,512,36875,72.021484
17144,512,37709,73.650391
17145,512,38458,75.113281
17146,512,39583,77.310547
17147,512,39208,76.578125
17148,512,40542,79.183594
17149,512,38791,75.763672
17150,512,35875,70.068359
17151,512,36792,71.859375
17152,512,37958,74.136719
17153,512,36416,71.125000
17154,512,37750,73.730469
17155,512,35792,69.906250
17156,512,43500,84.960938
17157,512,39167,76.498047
17158,512,36791,71.857422
17159,512,37584,73.406250
17160,512,37250,72.753906
17161,512,36708,71.695312
17162,512,36625,71.533203
17163,512,37417,73.080078
17164,512,38000,74.218750
17165,512,36333,70.962891
17166,512,36417,71.126953
17167,512,38000,74.218750
17168,512,38125,74.462891
17169,512,36958,72.183594
17170,512,38584,75.359375
17171,512,37625,73.486328
17172,512,44458,86.832031
17173,512,49500,96.679688
17174,512,45500,88.867188
17175,512,45042,87.972656
17176,512,40958,79.996094
17177,512,39375,76.904297
17178,512,38458,75.113281
17179,512,39125,76.416016
17180,512,41333,80.728516
17181,512,46459,90.740234
17182,512,47750,93.261719
17183,512,40875,79.833984
17184,512,49250,96.191406
17185,512,39750,77.636719
17186,512,38750,75.683594
17187,512,39250,76.660156
17188,512,38417,75.033203
17189,512,37167,72.591797
17190,512,39292,76.742188
17191,512,37208,72.671875
17192,512,38083,74.380859
17193,512,37583,73.404297
17194,512,39084,76.335938
17195,512,38208,74.625000
17196,512,38916,76.007812
17197,512,39125,76.416016
17198,512,39417,76.986328
17199,512,40916,79.914062
17200,512,40000,78.125000
17201,512,38417,75.033203
17202,512,39792,77.718750
17203,512,39250,76.660156
17204,512,37916,74.054688
17205,512,39459,77.068359
17206,512,43084,84.148438
17207,512,38666,75.519531
17208,512,38459,75.115234
17209,512,39791,77.716797
17210,512,40250,78.613281
17211,512,39750,77.636719
17212,512,37917,74.056641
17213,512,40750,79.589844
17214,512,43000,83.984375
17215,512,41083,80.240234
17216,512,37958,74.136719
17217,512,37542,73.324219
17218,512,37250,72.753906
17219,512,43666,85.285156
17220,512,37667,73.568359
17221,512,38208,74.625000
17222,512,41125,80.322266
17223,512,39208,76.578125
17224,512,37709,73.650391
17225,512,37208,72.671875
17226,512,39125,76.416016
17227,512,38500,75.195312
17228,512,38083,74.380859
17229,512,38459,75.115234
17230,512,42000,82.031250
17231,512,38334,74.871094
17232,512,40625,79.345703
17233,512,40000,78.125000
17234,512,38625,75.439453
17235,512,37792,73.812500
17236,512,39708,77.554688
17237,512,38958,76.089844
17238,512,39500,77.148438
17239,512,39000,76.171875
17240,512,38916,76.007812
17241,512,37292,72.835938
17242,512,51083,99.771484
17243,512,38750,75.683594
17244,512,44458,86.832031
17245,512,43583,85.123047
17246,512,42916,83.820312
17247,512,41292,80.648438
17248,512,41834,81.707031
17249,512,41708,81.460938
17250,512,44542,86.996094
17251,512,45417,88.705078
17252,512,38500,75.195312
17253,512,37375,72.998047
17254,512,41875,81.787109
17255,512,40333,78.775391
17256,512,38250,74.707031
17257,512,40542,79.183594
17258,512,44500,86.914062
17259,512,44875,87.646484
17260,512,35875,70.068359
17261,512,38333,74.869141
17262,512,36750,71.777344
17263,512,37125,72.509766
17264,512,36333,70.962891
17265,512,38083,74.380859
17266,512,35792,69.906250
17267,512,37250,72.753906
17268,512,36750,71.777344
17269,512,38084,74.382812
17270,512,37083,72.427734
17271,512,36583,71.451172
17272,512,41000,80.078125
17273,512,41208,80.484375
17274,512,40041,78.205078
17275,512,37125,72.509766
17276,512,39709,77.556641
17277,512,44666,87.238281
17278,512,37625,73.486328
17279,512,37917,74.056641
17280,512,40000,78.125000
17281,512,40042,78.207031
17282,512,36459,71.208984
17283,512,37000,72.265625
17284,512,37667,73.568359
17285,512,38042,74.300781
17286,512,36833,71.939453
17287,512,37167,72.591797
17288,512,36000,70.312500
17289,512,38833,75.845703
17290,512,38875,75.927734
17291,512,38875,75.927734
17292,512,37125,72.509766
17293,512,37834,73.894531
17294,512,37292,72.835938
17295,512,40083,78.287109
17296,512,47000,91.796875
17297,512,36875,72.021484
17298,512,36125,70.556641
17299,512,44750,87.402344
17300,512,58500,114.257812
17301,512,50042,97.738281
17302,512,49583,96.841797
17303,512,41833,81.705078
17304,512,41333,80.728516
17305,512,47625,93.017578
17306,512,45416,88.703125
17307,512,45542,88.949219
17308,512,43833,85.611328
17309,512,41125,80.322266
17310,512,94334,184.246094
17311,512,45625,89.111328
17312,512,36667,71.615234
17313,512,35875,70.068359
17314,512,33583,65.591797
17315,512,34792,67.953125
17316,512,33750,65.917969
17317,512,34166,66.730469
17318,512,34167,66.732422
17319,512,34750,67.871094
17320,512,36875,72.021484
17321,512,36500,71.289062
17322,512,35250,68.847656
17323,512,37917,74.056641
17324,512,34709,67.791016
17325,512,35375,69.091797
17326,512,33834,66.082031
17327,512,34208,66.812500
17328,512,34125,66.650391
17329,512,33667,65.755859
17330,512,34125,66.650391
17331,512,33292,65.023438
17332,512,34458,67.300781
17333,512,34375,67.138672
17334,512,32875,64.208984
17335,512,33667,65.755859
17336,512,34292,66.976562
17337,512,35542,69.417969
17338,512,34708,67.789062
17339,512,34917,68.197266
17340,512,33417,65.267578
17341,512,32750,63.964844
17342,512,36000,70.312500
17343,512,40292,78.695312
17344,512,35250,68.847656
17345,512,33458,65.347656
17346,512,33959,66.326172
17347,512,33125,64.697266
17348,512,33125,64.697266
17349,512,33417,65.267578
17350,512,33875,66.162109
17351,512,35250,68.847656
17352,512,32208,62.906250
17353,512,34625,67.626953
17354,512,34250,66.894531
17355,512,34459,67.302734
17356,512,33167,64.779297
17357,512,34916,68.195312
17358,512,32709,63.884766
17359,512,32458,63.394531
17360,512,33500,65.429688
17361,512,34083,66.568359
17362,512,32625,63.720703
17363,512,34083,66.568359
17364,512,34958,68.277344
17365,512,34750,67.871094
17366,512,35292,68.929688
17367,512,34500,67.382812
17368,512,35167,68.685547
17369,512,34208,66.812500
17370,512,35792,69.906250
17371,512,35000,68.359375
17372,512,33708,65.835938
17373,512,35458,69.253906
17374,512,35167,68.685547
17375,512,34917,68.197266
17376,512,34958,68.277344
17377,512,36541,71.369141
17378,512,33959,66.326172
17379,512,34416,67.218750
17380,512,34250,66.894531
17381,512,33500,65.429688
17382,512,33583,65.591797
17383,512,34375,67.138672
17384,512,35500,69.335938
17385,512,33750,65.917969
17386,512,33875,66.162109
17387,512,34000,66.406250
17388,512,33708,65.835938
17389,512,33542,65.511719
17390,512,35042,68.441406
17391,512,33875,66.162109
17392,512,34334,67.058594
17393,512,34709,67.791016
17394,512,34459,67.302734
17395,512,34750,67.871094
17396,512,34042,66.488281
17397,512,33916,66.242188
17398,512,33417,65.267578
17399,512,34875,68.115234
17400,512,33916,66.242188
17401,512,34792,67.953125
17402,512,33916,66.242188
17403,512,34625,67.626953
17404,512,33125,64.697266
17405,512,36500,71.289062
17406,512,34708,67.789062
17407,512,32875,64.208984
17408,512,35625,69.580078
17409,512,33417,65.267578
17410,512,36000,70.312500
17411,512,33708,65.835938
17412,512,34459,67.302734
17413,512,34834,68.035156
17414,512,35291,68.927734
17415,512,35084,68.523438
17416,512,40000,78.125000
17417,512,36000,70.312500
17418,512,35667,69.662109
17419,512,40166,78.449219
17420,512,44709,87.322266
17421,512,44875,87.646484
17422,512,48125,93.994141
17423,512,44917,87.728516
17424,512,39250,76.660156
17425,512,35083,68.521484
17426,512,35209,68.767578
17427,512,32958,64.371094
17428,512,34875,68.115234
17429,512,34708,67.789062
17430,512,35458,69.253906
17431,512,35000,68.359375
17432,512,45250,88.378906
17433,512,44416,86.750000
17434,512,39250,76.660156
17435,512,38792,75.765625
17436,512,37083,72.427734
17437,512,35083,68.521484
17438,512,34625,67.626953
17439,512,35041,68.439453
17440,512,45750,89.355469
17441,512,42834,83.660156
17442,512,34500,67.382812
17443,512,34792,67.953125
17444,512,35667,69.662109
17445,512,34000,66.406250
17446,512,34458,67.300781
17447,512,36750,71.777344
17448,512,34458,67.300781
17449,512,35750,69.824219
17450,512,34875,68.115234
17451,512,34125,66.650391
17452,512,33000,64.453125
17453,512,34083,66.568359
17454,512,35000,68.359375
17455,512,34625,67.626953
17456,512,36541,71.369141
17457,512,35417,69.173828
17458,512,34583,67.544922
17459,512,36375,71.044922
17460,512,35958,70.230469
17461,512,34459,67.302734
17462,512,35875,70.068359
17463,512,35500,69.335938
17464,512,34666,67.707031
17465,512,35125,68.603516
17466,512,35375,69.091797
17467,512,35959,70.232422
17468,512,34916,68.195312
17469,512,34458,67.300781
17470,512,34209,66.814453
17471,512,34166,66.730469
17472,512,35042,68.441406
17473,512,34750,67.871094
17474,512,36708,71.695312
17475,512,32791,64.044922
17476,512,33875,66.162109
17477,512,35167,68.685547
17478,512,35625,69.580078
17479,512,34750,67.871094
17480,512,33500,65.429688
17481,512,34875,68.115234
17482,512,35750,69.824219
17483,512,35042,68.441406
17484,512,34292,66.976562
17485,512,34041,66.486328
17486,512,36084,70.476562
17487,512,37416,73.078125
17488,512,36875,72.021484
17489,512,37167,72.591797
17490,512,36875,72.021484
17491,512,36875,72.021484
17492,512,36000,70.312500
17493,512,37292,72.835938
17494,512,36333,70.962891
17495,512,37125,72.509766
17496,512,36292,70.882812
17497,512,37208,72.671875
17498,512,37208,72.671875
17499,512,37250,72.753906
17500,512,39625,77.392578
17501,512,38708,75.601562
17502,512,37416,73.078125
17503,512,39500,77.148438
17504,512,37500,73.242188
17505,512,38042,74.300781
17506,512,36042,70.394531
17507,512,37417,73.080078
17508,512,37083,72.427734
17509,512,37167,72.591797
17510,512,39041,76.251953
17511,512,37583,73.404297
17512,512,38667,75.521484
17513,512,39042,76.253906
17514,512,36333,70.962891
17515,512,37125,72.509766
17516,512,36000,70.312500
17517,512,35708,69.742188
17518,512,35750,69.824219
17519,512,37167,72.591797
17520,512,35208,68.765625
17521,512,36917,72.103516
17522,512,38333,74.869141
17523,512,38083,74.380859
17524,512,38750,75.683594
17525,512,37875,73.974609
17526,512,49625,96.923828
17527,512,38542,75.277344
17528,512,46416,90.656250
17529,512,44292,86.507812
17530,512,37625,73.486328
17531,512,36542,71.371094
17532,512,36875,72.021484
17533,512,36083,70.474609
17534,512,38041,74.298828
17535,512,37125,72.509766
17536,512,36709,71.697266
17537,512,39250,76.660156
17538,512,37208,72.671875
17539,512,36333,70.962891
17540,512,37667,73.568359
17541,512,37541,73.322266
17542,512,45333,88.541016
17543,512,38667,75.521484
17544,512,37375,72.998047
17545,512,35875,70.068359
17546,512,37583,73.404297
17547,512,36750,71.777344
17548,512,41375,80.810547
17549,512,43333,84.634766
17550,512,35875,70.068359
17551,512,35916,70.148438
17552,512,39958,78.042969
17553,512,36917,72.103516
17554,512,37208,72.671875
17555,512,37625,73.486328
17556,512,36750,71.777344
17557,512,36000,70.312500
17558,512,36750,71.777344
17559,512,36667,71.615234
17560,512,37667,73.568359
17561,512,39166,76.496094
17562,512,41625,81.298828
17563,512,38083,74.380859
17564,512,40500,79.101562
17565,512,46042,89.925781
17566,512,37416,73.078125
17567,512,36292,70.882812
17568,512,37291,72.833984
17569,512,40625,79.345703
17570,512,38917,76.009766
17571,512,42084,82.195312
17572,512,111541,217.853516
17573,512,37875,73.974609
17574,512,39917,77.962891
17575,512,36875,72.021484
17576,512,42667,83.333984
17577,512,36125,70.556641
17578,512,36166,70.636719
17579,512,35709,69.744141
17580,512,35667,69.662109
17581,512,36083,70.474609
17582,512,35209,68.767578
17583,512,35750,69.824219
17584,512,36666,71.613281
17585,512,35125,68.603516
17586,512,35833,69.986328
17587,512,40500,79.101562
17588,512,35084,68.523438
17589,512,35500,69.335938
17590,512,34875,68.115234
17591,512,34750,67.871094
17592,512,34250,66.894531
17593,512,34834,68.035156
17594,512,35250,68.847656
17595,512,34792,67.953125
17596,512,36542,71.371094
17597,512,35125,68.603516
17598,512,35167,68.685547
17599,512,36541,71.369141
17600,512,37000,72.265625
17601,512,36583,71.451172
17602,512,34459,67.302734
17603,512,35667,69.662109
17604,512,35208,68.765625
17605,512,35209,68.767578
17606,512,34416,67.218750
17607,512,34792,67.953125
17608,512,35542,69.417969
17609,512,33250,64.941406
17610,512,34625,67.626953
17611,512,35041,68.439453
17612,512,36417,71.126953
17613,512,35208,68.765625
17614,512,34209,66.814453
17615,512,42958,83.902344
17616,512,37417,73.080078
17617,512,39291,76.740234
17618,512,38167,74.544922
17619,512,36416,71.125000
17620,512,36542,71.371094
17621,512,37083,72.427734
17622,512,39417,76.986328
17623,512,35667,69.662109
17624,512,38209,74.626953
17625,512,38875,75.927734
17626,512,39167,76.498047
17627,512,47291,92.365234
17628,512,42125,82.275391
17629,512,41584,81.218750
17630,512,40125,78.369141
17631,512,38917,76.009766
17632,512,39375,76.904297
17633,512,40209,78.533203
17634,512,38834,75.847656
17635,512,38084,74.382812
17636,512,40208,78.531250
17637,512,44625,87.158203
17638,512,44125,86.181641
17639,512,39666,77.472656
17640,512,39584,77.312500
17641,512,39375,76.904297
17642,512,41833,81.705078
17643,512,40125,78.369141
17644,512,40416,78.937500
17645,512,38959,76.091797
17646,512,39000,76.171875
17647,512,42166,82.355469
17648,512,41750,81.542969
17649,512,38750,75.683594
17650,512,37042,72.347656
17651,512,38500,75.195312
17652,512,38458,75.113281
17653,512,39333,76.822266
17654,512,38500,75.195312
17655,512,38125,74.462891
17656,512,38958,76.089844
17657,512,38875,75.927734
17658,512,39209,76.580078
17659,512,36625,71.533203
17660,512,37167,72.591797
17661,512,38458,75.113281
17662,512,36250,70.800781
17663,512,38750,75.683594
17664,512,45542,88.949219
17665,512,45041,87.970703
17666,512,38584,75.359375
17667,512,36959,72.185547
17668,512,38041,74.298828
17669,512,40042,78.207031
17670,512,38083,74.380859
17671,512,38375,74.951172
17672,512,38375,74.951172
17673,512,38667,75.521484
17674,512,36500,71.289062
17675,512,37875,73.974609
17676,512,38416,75.031250
17677,512,38125,74.462891
17678,512,37208,72.671875
17679,512,39375,76.904297
17680,512,44208,86.343750
17681,512,43709,85.369141
17682,512,40500,79.101562
17683,512,36709,71.697266
17684,512,39917,77.962891
17685,512,38750,75.683594
17686,512,50500,98.632812
17687,512,40250,78.613281
17688,512,35958,70.230469
17689,512,37500,73.242188
17690,512,35125,68.603516
17691,512,35875,70.068359
17692,512,38084,74.382812
17693,512,39000,76.171875
17694,512,37125,72.509766
17695,512,36459,71.208984
17696,512,35750,69.824219
17697,512,37917,74.056641
17698,512,36709,71.697266
17699,512,37167,72.591797
17700,512,36292,70.882812
17701,512,42041,82.111328
17702,512,36667,71.615234
17703,512,38333,74.869141
17704,512,38792,75.765625
17705,512,40042,78.207031
17706,512,44292,86.507812
17707,512,40333,78.775391
17708,512,37959,74.138672
17709,512,37875,73.974609
17710,512,37667,73.568359
17711,512,38125,74.462891
17712,512,36958,72.183594
17713,512,37542,73.324219
17714,512,38708,75.601562
17715,512,41667,81.380859
17716,512,39625,77.392578
17717,512,39250,76.660156
17718,512,38625,75.439453
17719,512,38917,76.009766
17720,512,44750,87.402344
17721,512,36833,71.939453
17722,512,39750,77.636719
17723,512,39000,76.171875
17724,512,36500,71.289062
17725,512,35166,68.683594
17726,512,37334,72.917969
17727,512,37375,72.998047
17728,512,38750,75.683594
17729,512,37833,73.892578
17730,512,38750,75.683594
17731,512,37291,72.833984
17732,512,39792,77.718750
17733,512,41334,80.730469
17734,512,46209,90.251953
17735,512,39250,76.660156
17736,512,36084,70.476562
17737,512,45583,89.029297
17738,512,38125,74.462891
17739,512,41000,80.078125
17740,512,39791,77.716797
17741,512,50875,99.365234
17742,512,41542,81.136719
17743,512,60875,118.896484
17744,512,38166,74.542969
17745,512,40584,79.265625
17746,512,40750,79.589844
17747,512,40875,79.833984
17748,512,43209,84.392578
17749,512,41125,80.322266
17750,512,43125,84.228516
17751,512,40500,79.101562
17752,512,48458,94.644531
17753,512,54584,106.609375
17754,512,43166,84.308594
17755,512,50459,98.552734
17756,512,39750,77.636719
17757,512,42375,82.763672
17758,512,38875,75.927734
17759,512,38958,76.089844
17760,512,45792,89.437500
17761,512,38333,74.869141
17762,512,43542,85.042969
17763,512,45458,88.785156
17764,512,41250,80.566406
17765,512,38125,74.462891
17766,512,38541,75.275391
17767,512,38625,75.439453
17768,512,46583,90.982422
17769,512,36875,72.021484
17770,512,36083,70.474609
17771,512,37666,73.566406
17772,512,36834,71.941406
17773,512,37959,74.138672
17774,512,36750,71.777344
17775,512,39084,76.335938
17776,512,37750,73.730469
17777,512,35792,69.906250
17778,512,40708,79.507812
17779,512,48667,95.052734
17780,512,39333,76.822266
17781,512,35708,69.742188
17782,512,44417,86.751953
17783,512,36417,71.126953
17784,512,35291,68.927734
17785,512,33792,66.000000
17786,512,34542,67.464844
17787,512,35166,68.683594
17788,512,34042,66.488281
17789,512,35000,68.359375
17790,512,35084,68.523438
17791,512,34542,67.464844
17792,512,34750,67.871094
17793,512,34792,67.953125
17794,512,35333,69.009766
17795,512,35250,68.847656
17796,512,34958,68.277344
17797,512,36083,70.474609
17798,512,37333,72.916016
17799,512,36459,71.208984
17800,512,35959,70.232422
17801,512,34500,67.382812
17802,512,36291,70.880859
17803,512,33584,65.593750
17804,512,33208,64.859375
17805,512,34167,66.732422
17806,512,33000,64.453125
17807,512,34333,67.056641
17808,512,39667,77.474609
17809,512,34750,67.871094
17810,512,35417,69.173828
17811,512,34375,67.138672
17812,512,34250,66.894531
17813,512,34166,66.730469
17814,512,36667,71.615234
17815,512,35291,68.927734
17816,512,34500,67.382812
17817,512,33708,65.835938
17818,512,35167,68.685547
17819,512,35416,69.171875
17820,512,34709,67.791016
17821,512,35750,69.824219
17822,512,33500,65.429688
17823,512,36375,71.044922
17824,512,35917,70.150391
17825,512,37416,73.078125
17826,512,34833,68.033203
17827,512,38167,74.544922
17828,512,44583,87.076172
17829,512,44417,86.751953
17830,512,42959,83.904297
17831,512,47667,93.099609
17832,512,36375,71.044922
17833,512,37333,72.916016
17834,512,37875,73.974609
17835,512,37875,73.974609
17836,512,37542,73.324219
17837,512,36833,71.939453
17838,512,35209,68.767578
17839,512,37541,73.322266
17840,512,39209,76.580078
17841,512,42083,82.193359
17842,512,38000,74.218750
17843,512,39000,76.171875
17844,512,36916,72.101562
17845,512,40084,78.289062
17846,512,39000,76.171875
17847,512,37917,74.056641
17848,512,38042,74.300781
17849,512,37625,73.486328
17850,512,38125,74.462891
17851,512,36708,71.695312
17852,512,37458,73.160156
17853,512,36708,71.695312
17854,512,44584,87.078125
17855,512,40708,79.507812
17856,512,46583,90.982422
17857,512,38042,74.300781
17858,512,36250,70.800781
17859,512,37458,73.160156
17860,512,48417,94.564453
17861,512,40375,78.857422
17862,512,40834,79.753906
17863,512,64375,125.732422
17864,512,49291,96.271484
17865,512,40584,79.265625
17866,512,41917,81.869141
17867,512,49875,97.412109
17868,512,38000,74.218750
17869,512,39041,76.251953
17870,512,40417,78.939453
17871,512,38667,75.521484
17872,512,35208,68.765625
17873,512,37666,73.566406
17874,512,32750,63.964844
17875,512,34417,67.220703
17876,512,32875,64.208984
17877,512,46208,90.250000
17878,512,54500,106.445312
17879,512,39458,77.066406
17880,512,47458,92.691406
17881,512,47958,93.667969
17882,512,40167,78.451172
17883,512,33000,64.453125
17884,512,34625,67.626953
17885,512,39917,77.962891
17886,512,48208,94.156250
17887,512,37667,73.568359
17888,512,33292,65.023438
17889,512,33916,66.242188
17890,512,34667,67.708984
17891,512,35875,70.068359
17892,512,36042,70.394531
17893,512,34125,66.650391
17894,512,38625,75.439453
17895,512,35167,68.685547
17896,512,35167,68.685547
17897,512,35666,69.660156
17898,512,34625,67.626953
17899,512,35208,68.765625
17900,512,33750,65.917969
17901,512,34250,66.894531
17902,512,36042,70.394531
17903,512,35708,69.742188
17904,512,35084,68.523438
17905,512,34791,67.951172
17906,512,37709,73.650391
17907,512,45292,88.460938
17908,512,51917,101.400391
17909,512,36209,70.720703
17910,512,35250,68.847656
17911,512,34209,66.814453
17912,512,35000,68.359375
17913,512,33250,64.941406
17914,512,35291,68.927734
17915,512,34167,66.732422
17916,512,34333,67.056641
17917,512,34958,68.277344
17918,512,32917,64.291016
17919,512,33167,64.779297
17920,512,33958,66.324219
17921,512,34917,68.197266
17922,512,34875,68.115234
17923,512,33208,64.859375
17924,512,34125,66.650391
17925,512,35250,68.847656
17926,512,35875,70.068359
17927,512,35333,69.009766
17928,512,33833,66.080078
17929,512,34500,67.382812
17930,512,35375,69.091797
17931,512,33750,65.917969
17932,512,35208,68.765625
17933,512,35334,69.011719
17934,512,33833,66.080078
17935,512,33917,66.244141
17936,512,34083,66.568359
17937,512,33458,65.347656
17938,512,34250,66.894531
17939,512,35958,70.230469
17940,512,33458,65.347656
17941,512,35042,68.441406
17942,512,35167,68.685547
17943,512,33208,64.859375
17944,512,35500,69.335938
17945,512,32334,63.152344
17946,512,35208,68.765625
17947,512,36583,71.451172
17948,512,34125,66.650391
17949,512,34166,66.730469
17950,512,35375,69.091797
17951,512,34125,66.650391
17952,512,33042,64.535156
17953,512,34833,68.033203
17954,512,32833,64.126953
17955,512,32667,63.802734
17956,512,35042,68.441406
17957,512,33666,65.753906
17958,512,33792,66.000000
17959,512,34416,67.218750
17960,512,35709,69.744141
17961,512,32666,63.800781
17962,512,36417,71.126953
17963,512,34208,66.812500
17964,512,39916,77.960938
17965,512,37875,73.974609
17966,512,34042,66.488281
17967,512,34292,66.976562
17968,512,34791,67.951172
17969,512,33208,64.859375
17970,512,33500,65.429688
17971,512,34625,67.626953
17972,512,34792,67.953125
17973,512,33875,66.162109
17974,512,34375,67.138672
17975,512,35875,70.068359
17976,512,34167,66.732422
17977,512,34792,67.953125
17978,512,33666,65.753906
17979,512,34209,66.814453
17980,512,33416,65.265625
17981,512,33667,65.755859
17982,512,33083,64.615234
17983,512,34958,68.277344
17984,512,33375,65.185547
17985,512,34625,67.626953
17986,512,36250,70.800781
17987,512,35041,68.439453
17988,512,34958,68.277344
17989,512,34667,67.708984
17990,512,33334,65.105469
17991,512,33666,65.753906
17992,512,33792,66.000000
17993,512,34000,66.406250
17994,512,33209,64.861328
17995,512,33000,64.453125
17996,512,34958,68.277344
17997,512,33667,65.755859
17998,512,32917,64.291016
17999,512,32917,64.291016
18000,512,34334,67.058594
18001,512,35000,68.359375
18002,512,36917,72.103516
18003,512,37583,73.404297
18004,512,37042,72.347656
18005,512,36125,70.556641
18006,512,36000,70.312500
18007,512,36291,70.880859
18008,512,34542,67.464844
18009,512,35875,70.068359
18010,512,38625,75.439453
18011,512,35166,68.683594
18012,512,37792,73.812500
18013,512,36292,70.882812
18014,512,38209,74.626953
18015,512,37708,73.648438
18016,512,36417,71.126953
18017,512,35625,69.580078
18018,512,36208,70.718750
18019,512,36917,72.103516
18020,512,37625,73.486328
18021,512,35791,69.904297
18022,512,36833,71.939453
18023,512,37667,73.568359
18024,512,36209,70.720703
18025,512,35500,69.335938
18026,512,36750,71.777344
18027,512,37625,73.486328
18028,512,35708,69.742188
18029,512,36750,71.777344
18030,512,37875,73.974609
18031,512,36125,70.556641
18032,512,37708,73.648438
18033,512,38208,74.625000
18034,512,37750,73.730469
18035,512,37666,73.566406
18036,512,37709,73.650391
18037,512,36792,71.859375
18038,512,35916,70.148438
18039,512,38417,75.033203
18040,512,37500,73.242188
18041,512,38000,74.218750
18042,512,37667,73.568359
18043,512,36459,71.208984
18044,512,36541,71.369141
18045,512,36459,71.208984
18046,512,38417,75.033203
18047,512,39208,76.578125
18048,512,40167,78.451172
18049,512,38000,74.218750
18050,512,37916,74.054688
18051,512,36834,71.941406
18052,512,37459,73.162109
18053,512,35708,69.742188
18054,512,35625,69.580078
18055,512,37500,73.242188
18056,512,45917,89.681641
18057,512,37417,73.080078
18058,512,36542,71.371094
18059,512,36958,72.183594
18060,512,39042,76.253906
18061,512,40333,78.775391
18062,512,37291,72.833984
18063,512,36125,70.556641
18064,512,36208,70.718750
18065,512,35250,68.847656
18066,512,36250,70.800781
18067,512,36125,70.556641
18068,512,36375,71.044922
18069,512,38959,76.091797
18070,512,36083,70.474609
18071,512,36250,70.800781
18072,512,36583,71.451172
18073,512,36208,70.718750
18074,512,36708,71.695312
18075,512,38417,75.033203
18076,512,37083,72.427734
18077,512,36500,71.289062
18078,512,36250,70.800781
18079,512,36334,70.964844
18080,512,39250,76.660156
18081,512,37125,72.509766
18082,512,39292,76.742188
18083,512,36791,71.857422
18084,512,35417,69.173828
18085,512,37416,73.078125
18086,512,37375,72.998047
18087,512,36333,70.962891
18088,512,37791,73.810547
18089,512,37083,72.427734
18090,512,38584,75.359375
18091,512,37625,73.486328
18092,512,36791,71.857422
18093,512,38917,76.009766
18094,512,35291,68.927734
18095,512,37500,73.242188
18096,512,37875,73.974609
18097,512,35541,69.416016
18098,512,36625,71.533203
18099,512,39375,76.904297
18100,512,38917,76.009766
18101,512,38666,75.519531
18102,512,37417,73.080078
18103,512,37875,73.974609
18104,512,38500,75.195312
18105,512,36875,72.021484
18106,512,36458,71.207031
18107,512,35708,69.742188
18108,512,39375,76.904297
18109,512,38917,76.009766
18110,512,39083,76.333984
18111,512,36333,70.962891
18112,512,35916,70.148438
18113,512,36292,70.882812
18114,512,35417,69.173828
18115,512,37750,73.730469
18116,512,37084,72.429688
18117,512,36833,71.939453
18118,512,38541,75.275391
18119,512,37542,73.324219
18120,512,36041,70.392578
18121,512,38208,74.625000
18122,512,37750,73.730469
18123,512,37125,72.509766
18124,512,37875,73.974609
18125,512,38459,75.115234
18126,512,36833,71.939453
18127,512,36792,71.859375
18128,512,36292,70.882812
18129,512,37542,73.324219
18130,512,37541,73.322266
18131,512,36708,71.695312
18132,512,35083,68.521484
18133,512,38208,74.625000
18134,512,37667,73.568359
18135,512,36000,70.312500
18136,512,94208,184.000000
18137,512,44750,87.402344
18138,512,37000,72.265625
18139,512,41500,81.054688
18140,512,39167,76.498047
18141,512,39500,77.148438
18142,512,40041,78.205078
18143,512,40584,79.265625
18144,512,40625,79.345703
18145,512,38459,75.115234
18146,512,39084,76.335938
18147,512,40250,78.613281
18148,512,40042,78.207031
18149,512,40709,79.509766
18150,512,46000,89.843750
18151,512,39750,77.636719
18152,512,40125,78.369141
18153,512,44416,86.750000
18154,512,42250,82.519531
18155,512,43875,85.693359
18156,512,34750,67.871094
18157,512,37500,73.242188
18158,512,48666,95.050781
18159,512,42125,82.275391
18160,512,35917,70.150391
18161,512,40625,79.345703
18162,512,43791,85.529297
18163,512,37042,72.347656
18164,512,45875,89.599609
18165,512,39167,76.498047
18166,512,37209,72.673828
18167,512,42375,82.763672
18168,512,39875,77.880859
18169,512,38375,74.951172
18170,512,39875,77.880859
18171,512,35167,68.685547
18172,512,35833,69.986328
18173,512,36417,71.126953
18174,512,34000,66.406250
18175,512,35083,68.521484
18176,512,34125,66.650391
18177,512,33833,66.080078
18178,512,34042,66.488281
18179,512,36667,71.615234
18180,512,34375,67.138672
18181,512,34167,66.732422
18182,512,33958,66.324219
18183,512,34583,67.544922
18184,512,34667,67.708984
18185,512,42000,82.031250
18186,512,54792,107.015625
18187,512,47500,92.773438
18188,512,41208,80.484375
18189,512,42291,82.599609
18190,512,41959,81.951172
18191,512,41791,81.623047
18192,512,58125,113.525391
18193,512,47500,92.773438
18194,512,38458,75.113281
18195,512,44542,86.996094
18196,512,44875,87.646484
18197,512,38792,75.765625
18198,512,41542,81.136719
18199,512,45167,88.216797
18200,512,39333,76.822266
18201,512,45416,88.703125
18202,512,40583,79.263672
18203,512,38250,74.707031
18204,512,40250,78.613281
18205,512,42834,83.660156
18206,512,50250,98.144531
18207,512,38333,74.869141
18208,512,36417,71.126953
18209,512,40542,79.183594
18210,512,56000,109.375000
18211,512,36958,72.183594
18212,512,34792,67.953125
18213,512,41333,80.728516
18214,512,36542,71.371094
18215,512,35250,68.847656
18216,512,35667,69.662109
18217,512,34666,67.707031
18218,512,34417,67.220703
18219,512,34000,66.406250
18220,512,34084,66.570312
18221,512,33875,66.162109
18222,512,33292,65.023438
18223,512,35250,68.847656
18224,512,34916,68.195312
18225,512,34667,67.708984
18226,512,34958,68.277344
18227,512,35459,69.255859
18228,512,33250,64.941406
18229,512,35250,68.847656
18230,512,34834,68.035156
18231,512,35500,69.335938
18232,512,34250,66.894531
18233,512,35500,69.335938
18234,512,38250,74.707031
18235,512,37834,73.894531
18236,512,35334,69.011719
18237,512,38875,75.927734
18238,512,36750,71.777344
18239,512,37417,73.080078
18240,512,38000,74.218750
18241,512,35958,70.230469
18242,512,36916,72.101562
18243,512,38375,74.951172
18244,512,35500,69.335938
18245,512,37583,73.404297
18246,512,36125,70.556641
18247,512,36208,70.718750
18248,512,36959,72.185547
18249,512,36791,71.857422
18250,512,36584,71.453125
18251,512,36500,71.289062
18252,512,35166,68.683594
18253,512,37208,72.671875
18254,512,34792,67.953125
18255,512,36333,70.962891
18256,512,35708,69.742188
18257,512,36583,71.451172
18258,512,35500,69.335938
18259,512,35750,69.824219
18260,512,37250,72.753906
18261,512,36917,72.103516
18262,512,37375,72.998047
18263,512,35125,68.603516
18264,512,37125,72.509766
18265,512,37709,73.650391
18266,512,36458,71.207031
18267,512,37292,72.835938
18268,512,36625,71.533203
18269,512,37000,72.265625
18270,512,36875,72.021484
18271,512,46583,90.982422
18272,512,40750,79.589844
18273,512,37041,72.345703
18274,512,47334,92.449219
18275,512,43834,85.613281
18276,512,36208,70.718750
18277,512,36583,71.451172
18278,512,35416,69.171875
18279,512,38209,74.626953
18280,512,36916,72.101562
18281,512,39125,76.416016
18282,512,37084,72.429688
18283,512,35708,69.742188
18284,512,45083,88.052734
18285,512,37750,73.730469
18286,512,36458,71.207031
18287,512,36792,71.859375
18288,512,39167,76.498047
18289,512,45667,89.193359
18290,512,38958,76.089844
18291,512,41375,80.810547
18292,512,40625,79.345703
18293,512,38791,75.763672
18294,512,38209,74.626953
18295,512,38334,74.871094
18296,512,36250,70.800781
18297,512,36583,71.451172
18298,512,40417,78.939453
18299,512,38708,75.601562
18300,512,37583,73.404297
18301,512,40167,78.451172
18302,512,37167,72.591797
18303,512,38541,75.275391
18304,512,38500,75.195312
18305,512,39083,76.333984
18306,512,37417,73.080078
18307,512,37000,72.265625
18308,512,36583,71.451172
18309,512,37250,72.753906
18310,512,39250,76.660156
18311,512,40291,78.693359
18312,512,39375,76.904297
18313,512,45167,88.216797
18314,512,38125,74.462891
18315,512,44417,86.751953
18316,512,40875,79.833984
18317,512,47250,92.285156
18318,512,39750,77.636719
18319,512,45542,88.949219
18320,512,50417,98.470703
18321,512,38416,75.031250
18322,512,38209,74.626953
18323,512,41792,81.625000
18324,512,40125,78.369141
18325,512,61625,120.361328
18326,512,40667,79.427734
18327,512,45625,89.111328
18328,512,42209,82.439453
18329,512,39333,76.822266
18330,512,39333,76.822266
18331,512,41084,80.242188
18332,512,38875,75.927734
18333,512,40041,78.205078
18334,512,41792,81.625000
18335,512,40167,78.451172
18336,512,38750,75.683594
18337,512,41250,80.566406
18338,512,48417,94.564453
18339,512,43833,85.611328
18340,512,38041,74.298828
18341,512,40250,78.613281
18342,512,45625,89.111328
18343,512,41000,80.078125
18344,512,38167,74.544922
18345,512,38625,75.439453
18346,512,56833,111.001953
18347,512,39000,76.171875
18348,512,35625,69.580078
18349,512,41542,81.136719
18350,512,35458,69.253906
18351,512,35709,69.744141
18352,512,35833,69.986328
18353,512,45542,88.949219
18354,512,41459,80.974609
18355,512,35416,69.171875
18356,512,34500,67.382812
18357,512,35333,69.009766
18358,512,34334,67.058594
18359,512,34125,66.650391
18360,512,36916,72.101562
18361,512,34625,67.626953
18362,512,37500,73.242188
18363,512,45792,89.437500
18364,512,46167,90.169922
18365,512,39416,76.984375
18366,512,35875,70.068359
18367,512,40208,78.531250
18368,512,34334,67.058594
18369,512,35125,68.603516
18370,512,33542,65.511719
18371,512,34250,66.894531
18372,512,34333,67.056641
18373,512,35917,70.150391
18374,512,35791,69.904297
18375,512,38708,75.601562
18376,512,41542,81.136719
18377,512,38375,74.951172
18378,512,37833,73.892578
18379,512,38208,74.625000
18380,512,36917,72.103516
18381,512,39500,77.148438
18382,512,38625,75.439453
18383,512,39125,76.416016
18384,512,38291,74.787109
18385,512,49042,95.785156
18386,512,37916,74.054688
18387,512,35333,69.009766
18388,512,43959,85.857422
18389,512,41125,80.322266
18390,512,38667,75.521484
18391,512,41208,80.484375
18392,512,37042,72.347656
18393,512,37250,72.753906
18394,512,38000,74.218750
18395,512,36083,70.474609
18396,512,41916,81.867188
18397,512,39042,76.253906
18398,512,51750,101.074219
18399,512,59417,116.048828
18400,512,52666,102.863281
18401,512,42542,83.089844
18402,512,40667,79.427734
18403,512,41125,80.322266
18404,512,43000,83.984375
18405,512,41583,81.216797
18406,512,45625,89.111328
18407,512,42042,82.113281
18408,512,41958,81.949219
18409,512,43583,85.123047
18410,512,37083,72.427734
18411,512,38042,74.300781
18412,512,40625,79.345703
18413,512,45583,89.029297
18414,512,44083,86.099609
18415,512,43583,85.123047
18416,512,38292,74.789062
18417,512,43458,84.878906
18418,512,47708,93.179688
18419,512,43458,84.878906
18420,512,48458,94.644531
18421,512,40792,79.671875
18422,512,37125,72.509766
18423,512,35875,70.068359
18424,512,33792,66.000000
18425,512,33917,66.244141
18426,512,43000,83.984375
18427,512,36125,70.556641
18428,512,36167,70.638672
18429,512,34291,66.974609
18430,512,39084,76.335938
18431,512,37459,73.162109
18432,512,34291,66.974609
18433,512,39958,78.042969
18434,512,34209,66.814453
18435,512,32542,63.558594
18436,512,32917,64.291016
18437,512,38791,75.763672
18438,512,34709,67.791016
18439,512,34333,67.056641
18440,512,35167,68.685547
18441,512,34625,67.626953
18442,512,35000,68.359375
18443,512,33625,65.673828
18444,512,35333,69.009766
18445,512,34542,67.464844
18446,512,41000,80.078125
18447,512,36708,71.695312
18448,512,33917,66.244141
18449,512,32875,64.208984
18450,512,34125,66.650391
18451,512,32750,63.964844
18452,512,36000,70.312500
18453,512,36875,72.021484
18454,512,37833,73.892578
18455,512,37042,72.347656
18456,512,36666,71.613281
18457,512,35084,68.523438
18458,512,37875,73.974609
18459,512,38125,74.462891
18460,512,35875,70.068359
18461,512,36875,72.021484
18462,512,36792,71.859375
18463,512,36583,71.451172
18464,512,43333,84.634766
18465,512,38417,75.033203
18466,512,38000,74.218750
18467,512,39375,76.904297
18468,512,37625,73.486328
18469,512,41333,80.728516
18470,512,36792,71.859375
18471,512,35709,69.744141
18472,512,38791,75.763672
18473,512,37917,74.056641
18474,512,98583,192.544922
18475,512,90542,176.839844
18476,512,43667,85.287109
18477,512,43208,84.390625
18478,512,33416,65.265625
18479,512,33834,66.082031
18480,512,35042,68.441406
18481,512,36792,71.859375
18482,512,33125,64.697266
18483,512,32666,63.800781
18484,512,33625,65.673828
18485,512,33500,65.429688
18486,512,35167,68.685547
18487,512,35041,68.439453
18488,512,32333,63.150391
18489,512,32875,64.208984
18490,512,34792,67.953125
18491,512,34791,67.951172
18492,512,35125,68.603516
18493,512,35584,69.500000
18494,512,33625,65.673828
18495,512,34291,66.974609
18496,512,33625,65.673828
18497,512,34875,68.115234
18498,512,34167,66.732422
18499,512,34292,66.976562
18500,512,34208,66.812500
18501,512,34500,67.382812
18502,512,32833,64.126953
18503,512,36375,71.044922
18504,512,33834,66.082031
18505,512,32916,64.289062
18506,512,35167,68.685547
18507,512,33500,65.429688
18508,512,33041,64.533203
18509,512,34250,66.894531
18510,512,33458,65.347656
18511,512,34250,66.894531
18512,512,33042,64.535156
18513,512,32916,64.289062
18514,512,33792,66.000000
18515,512,33875,66.162109
18516,512,34417,67.220703
18517,512,35542,69.417969
18518,512,36041,70.392578
18519,512,34250,66.894531
18520,512,35208,68.765625
18521,512,33958,66.324219
18522,512,34750,67.871094
18523,512,33542,65.511719
18524,512,42500,83.007812
18525,512,34250,66.894531
18526,512,34875,68.115234
18527,512,34042,66.488281
18528,512,36416,71.125000
18529,512,33250,64.941406
18530,512,33750,65.917969
18531,512,34583,67.544922
18532,512,35167,68.685547
18533,512,34417,67.220703
18534,512,33625,65.673828
18535,512,35166,68.683594
18536,512,34334,67.058594
18537,512,32334,63.152344
18538,512,35625,69.580078
18539,512,33834,66.082031
18540,512,34875,68.115234
18541,512,33750,65.917969
18542,512,36958,72.183594
18543,512,34459,67.302734
18544,512,33333,65.103516
18545,512,33333,65.103516
18546,512,33708,65.835938
18547,512,34459,67.302734
18548,512,33166,64.777344
18549,512,35167,68.685547
18550,512,34458,67.300781
18551,512,33083,64.615234
18552,512,34167,66.732422
18553,512,33500,65.429688
18554,512,32708,63.882812
18555,512,34167,66.732422
18556,512,35791,69.904297
18557,512,36292,70.882812
18558,512,33833,66.080078
18559,512,33292,65.023438
18560,512,33375,65.185547
18561,512,33583,65.591797
18562,512,32667,63.802734
18563,512,32833,64.126953
18564,512,35667,69.662109
18565,512,36000,70.312500
18566,512,36083,70.474609
18567,512,33875,66.162109
18568,512,35459,69.255859
18569,512,36666,71.613281
18570,512,33125,64.697266
18571,512,35500,69.335938
18572,512,34292,66.976562
18573,512,32916,64.289062
18574,512,35250,68.847656
18575,512,34333,67.056641
18576,512,35125,68.603516
18577,512,34084,66.570312
18578,512,34083,66.568359
18579,512,35417,69.173828
18580,512,36292,70.882812
18581,512,35958,70.230469
18582,512,33125,64.697266
18583,512,36334,70.964844
18584,512,35542,69.417969
18585,512,36750,71.777344
18586,512,47250,92.285156
18587,512,38500,75.195312
18588,512,37000,72.265625
18589,512,37167,72.591797
18590,512,38208,74.625000
18591,512,39292,76.742188
18592,512,38416,75.031250
18593,512,39334,76.824219
18594,512,39125,76.416016
18595,512,37541,73.322266
18596,512,39959,78.044922
18597,512,38125,74.462891
18598,512,40834,79.753906
18599,512,38500,75.195312
18600,512,38958,76.089844
18601,512,40916,79.914062
18602,512,40125,78.369141
18603,512,39833,77.798828
18604,512,39792,77.718750
18605,512,38917,76.009766
18606,512,39375,76.904297
18607,512,39541,77.228516
18608,512,39917,77.962891
18609,512,38333,74.869141
18610,512,38500,75.195312
18611,512,39083,76.333984
18612,512,39250,76.660156
18613,512,43750,85.449219
18614,512,43541,85.041016
18615,512,36833,71.939453
18616,512,39125,76.416016
18617,512,38709,75.603516
18618,512,40125,78.369141
18619,512,40916,79.914062
18620,512,38334,74.871094
18621,512,37584,73.406250
18622,512,43542,85.042969
18623,512,37541,73.322266
18624,512,38542,75.277344
18625,512,39625,77.392578
18626,512,38083,74.380859
18627,512,35834,69.988281
18628,512,38375,74.951172
18629,512,44875,87.646484
18630,512,47084,91.960938
18631,512,39208,76.578125
18632,512,39125,76.416016
18633,512,36458,71.207031
18634,512,34167,66.732422
18635,512,33500,65.429688
18636,512,39417,76.986328
18637,512,36875,72.021484
18638,512,37542,73.324219
18639,512,35000,68.359375
18640,512,43417,84.798828
18641,512,37625,73.486328
18642,512,44250,86.425781
18643,512,42917,83.822266
18644,512,33583,65.591797
18645,512,36041,70.392578
18646,512,46292,90.414062
18647,512,37750,73.730469
18648,512,38208,74.625000
18649,512,38875,75.927734
18650,512,40333,78.775391
18651,512,44417,86.751953
18652,512,34625,67.626953
18653,512,36083,70.474609
18654,512,36083,70.474609
18655,512,33833,66.080078
18656,512,34000,66.406250
18657,512,35333,69.009766
18658,512,33916,66.242188
18659,512,32792,64.046875
18660,512,32583,63.638672
18661,512,33542,65.511719
18662,512,33125,64.697266
18663,512,36833,71.939453
18664,512,37375,72.998047
18665,512,34542,67.464844
18666,512,32542,63.558594
18667,512,35625,69.580078
18668,512,35041,68.439453
18669,512,40084,78.289062
18670,512,36458,71.207031
18671,512,34791,67.951172
18672,512,35917,70.150391
18673,512,35167,68.685547
18674,512,34042,66.488281
18675,512,35458,69.253906
18676,512,36250,70.800781
18677,512,41125,80.322266
18678,512,48042,93.832031
18679,512,35917,70.150391
18680,512,35125,68.603516
18681,512,35750,69.824219
18682,512,38042,74.300781
18683,512,37208,72.671875
18684,512,36667,71.615234
18685,512,35625,69.580078
18686,512,43375,84.716797
18687,512,34541,67.462891
18688,512,39500,77.148438
18689,512,36375,71.044922
18690,512,35541,69.416016
18691,512,35833,69.986328
18692,512,36917,72.103516
18693,512,37958,74.136719
18694,512,36208,70.718750
18695,512,36042,70.394531
18696,512,36666,71.613281
18697,512,39208,76.578125
18698,512,34500,67.382812
18699,512,36542,71.371094
18700,512,39291,76.740234
18701,512,39000,76.171875
18702,512,37833,73.892578
18703,512,36417,71.126953
18704,512,36250,70.800781
18705,512,36958,72.183594
18706,512,36500,71.289062
18707,512,36750,71.777344
18708,512,38333,74.869141
18709,512,42208,82.437500
18710,512,41584,81.218750
18711,512,43125,84.228516
18712,512,43125,84.228516
18713,512,40834,79.753906
18714,512,35959,70.232422
18715,512,35916,70.148438
18716,512,38292,74.789062
18717,512,38583,75.357422
18718,512,38667,75.521484
18719,512,37125,72.509766
18720,512,36375,71.044922
18721,512,38042,74.300781
18722,512,47541,92.853516
18723,512,40125,78.369141
18724,512,40042,78.207031
18725,512,38750,75.683594
18726,512,38292,74.789062
18727,512,45042,87.972656
18728,512,39458,77.066406
18729,512,41958,81.949219
18730,512,44167,86.263672
18731,512,36833,71.939453
18732,512,37708,73.648438
18733,512,37125,72.509766
18734,512,38709,75.603516
18735,512,40708,79.507812
18736,512,38792,75.765625
18737,512,38833,75.845703
18738,512,38125,74.462891
18739,512,37333,72.916016
18740,512,39375,76.904297
18741,512,38375,74.951172
18742,512,37417,73.080078
18743,512,36875,72.021484
18744,512,35917,70.150391
18745,512,37625,73.486328
18746,512,43167,84.310547
18747,512,41833,81.705078
18748,512,44334,86.589844
18749,512,45208,88.296875
18750,512,42750,83.496094
18751,512,40084,78.289062
18752,512,38750,75.683594
18753,512,41417,80.892578
18754,512,44500,86.914062
18755,512,39917,77.962891
18756,512,37833,73.892578
18757,512,37292,72.835938
18758,512,38375,74.951172
18759,512,40333,78.775391
18760,512,42916,83.820312
18761,512,41792,81.625000
18762,512,40666,79.425781
18763,512,40625,79.345703
18764,512,39167,76.498047
18765,512,45416,88.703125
18766,512,46084,90.007812
18767,512,45833,89.517578
18768,512,45667,89.193359
18769,512,39666,77.472656
18770,512,37834,73.894531
18771,512,39625,77.392578
18772,512,37542,73.324219
18773,512,42541,83.087891
18774,512,37042,72.347656
18775,512,37500,73.242188
18776,512,37209,72.673828
18777,512,42833,83.658203
18778,512,39250,76.660156
18779,512,36625,71.533203
18780,512,37750,73.730469
18781,512,38709,75.603516
18782,512,37958,74.136719
18783,512,38583,75.357422
18784,512,38042,74.300781
18785,512,39541,77.228516
18786,512,38667,75.521484
18787,512,38542,75.277344
18788,512,46083,90.005859
18789,512,37750,73.730469
18790,512,43625,85.205078
18791,512,39208,76.578125
18792,512,38417,75.033203
18793,512,43833,85.611328
18794,512,40500,79.101562
18795,512,87958,171.792969
18796,512,35750,69.824219
18797,512,35500,69.335938
18798,512,33291,65.021484
18799,512,34500,67.382812
18800,512,34625,67.626953
18801,512,35292,68.929688
18802,512,34792,67.953125
18803,512,34208,66.812500
18804,512,34333,67.056641
18805,512,35667,69.662109
18806,512,35500,69.335938
18807,512,31625,61.767578
18808,512,33500,65.429688
18809,512,34000,66.406250
18810,512,41333,80.728516
18811,512,36166,70.636719
18812,512,32875,64.208984
18813,512,34375,67.138672
18814,512,35917,70.150391
18815,512,33833,66.080078
18816,512,35458,69.253906
18817,512,35042,68.441406
18818,512,34542,67.464844
18819,512,34959,68.279297
18820,512,33541,65.509766
18821,512,34292,66.976562
18822,512,33375,65.185547
18823,512,36375,71.044922
18824,512,34375,67.138672
18825,512,35042,68.441406
18826,512,33750,65.917969
18827,512,33334,65.105469
18828,512,34875,68.115234
18829,512,34416,67.218750
18830,512,33542,65.511719
18831,512,34083,66.568359
18832,512,35459,69.255859
18833,512,34291,66.974609
18834,512,36667,71.615234
18835,512,35042,68.441406
18836,512,35291,68.927734
18837,512,34417,67.220703
18838,512,34125,66.650391
18839,512,34416,67.218750
18840,512,33708,65.835938
18841,512,35500,69.335938
18842,512,33292,65.023438
18843,512,33958,66.324219
18844,512,35792,69.906250
18845,512,33000,64.453125
18846,512,34417,67.220703
18847,512,33666,65.753906
18848,512,35209,68.767578
18849,512,33708,65.835938
18850,512,32833,64.126953
18851,512,36500,71.289062
18852,512,35875,70.068359
18853,512,35292,68.929688
18854,512,34750,67.871094
18855,512,35042,68.441406
18856,512,34083,66.568359
18857,512,33667,65.755859
18858,512,34833,68.033203
18859,512,35375,69.091797
18860,512,37209,72.673828
18861,512,34459,67.302734
18862,512,33708,65.835938
18863,512,34208,66.812500
18864,512,36708,71.695312
18865,512,33542,65.511719
18866,512,33417,65.267578
18867,512,39125,76.416016
18868,512,37500,73.242188
18869,512,37959,74.138672
18870,512,39084,76.335938
18871,512,37666,73.566406
18872,512,39167,76.498047
18873,512,36541,71.369141
18874,512,37417,73.080078
18875,512,38208,74.625000
18876,512,36541,71.369141
18877,512,36750,71.777344
18878,512,37625,73.486328
18879,512,35167,68.685547
18880,512,37417,73.080078
18881,512,37917,74.056641
18882,512,37625,73.486328
18883,512,34792,67.953125
18884,512,37333,72.916016
18885,512,35750,69.824219
18886,512,39875,77.880859
18887,512,39000,76.171875
18888,512,38458,75.113281
18889,512,37208,72.671875
18890,512,35833,69.986328
18891,512,35750,69.824219
18892,512,39417,76.986328
18893,512,38583,75.357422
18894,512,37958,74.136719
18895,512,36709,71.697266
18896,512,38583,75.357422
18897,512,39458,77.066406
18898,512,39375,76.904297
18899,512,38541,75.275391
18900,512,38000,74.218750
18901,512,37250,72.753906
18902,512,35916,70.148438
18903,512,37667,73.568359
18904,512,36833,71.939453
18905,512,36125,70.556641
18906,512,37000,72.265625
18907,512,36416,71.125000
18908,512,36917,72.103516
18909,512,37041,72.345703
18910,512,38125,74.462891
18911,512,37334,72.917969
18912,512,37125,72.509766
18913,512,36583,71.451172
18914,512,37541,73.322266
18915,512,37417,73.080078
18916,512,37833,73.892578
18917,512,37583,73.404297
18918,512,34917,68.197266
18919,512,37083,72.427734
18920,512,37584,73.406250
18921,512,37875,73.974609
18922,512,39042,76.253906
18923,512,41000,80.078125
18924,512,38125,74.462891
18925,512,37708,73.648438
18926,512,36292,70.882812
18927,512,36625,71.533203
18928,512,36333,70.962891
18929,512,36541,71.369141
18930,512,35000,68.359375
18931,512,36833,71.939453
18932,512,37167,72.591797
18933,512,37958,74.136719
18934,512,38750,75.683594
18935,512,36625,71.533203
18936,512,37708,73.648438
18937,512,37542,73.324219
18938,512,37000,72.265625
18939,512,38208,74.625000
18940,512,37167,72.591797
18941,512,36541,71.369141
18942,512,37417,73.080078
18943,512,35417,69.173828
18944,512,35666,69.660156
18945,512,37709,73.650391
18946,512,37708,73.648438
18947,512,37792,73.812500
18948,512,36375,71.044922
18949,512,36041,70.392578
18950,512,35167,68.685547
18951,512,36750,71.777344
18952,512,37584,73.406250
18953,512,37167,72.591797
18954,512,37583,73.404297
18955,512,37291,72.833984
18956,512,37750,73.730469
18957,512,37708,73.648438
18958,512,36000,70.312500
18959,512,36042,70.394531
18960,512,36000,70.312500
18961,512,36209,70.720703
18962,512,38291,74.787109
18963,512,38042,74.300781
18964,512,35917,70.150391
18965,512,37250,72.753906
18966,512,35250,68.847656
18967,512,37041,72.345703
18968,512,37292,72.835938
18969,512,36791,71.857422
18970,512,36042,70.394531
18971,512,35416,69.171875
18972,512,36208,70.718750
18973,512,38125,74.462891
18974,512,37625,73.486328
18975,512,36708,71.695312
18976,512,35834,69.988281
18977,512,37250,72.753906
18978,512,36708,71.695312
18979,512,37333,72.916016
18980,512,36833,71.939453
18981,512,37084,72.429688
18982,512,35000,68.359375
18983,512,36500,71.289062
18984,512,37209,72.673828
18985,512,38916,76.007812
18986,512,37500,73.242188
18987,512,36416,71.125000
18988,512,37875,73.974609
18989,512,36792,71.859375
18990,512,37166,72.589844
18991,512,35792,69.906250
18992,512,36458,71.207031
18993,512,37417,73.080078
18994,512,38042,74.300781
18995,512,40375,78.857422
18996,512,38375,74.951172
18997,512,36959,72.185547
18998,512,37958,74.136719
18999,512,34875,68.115234
19000,512,37875,73.974609
19001,512,38708,75.601562
19002,512,36958,72.183594
19003,512,37042,72.347656
19004,512,36792,71.859375
19005,512,37542,73.324219
19006,512,36792,71.859375
19007,512,37000,72.265625
19008,512,37584,73.406250
19009,512,36167,70.638672
19010,512,36750,71.777344
19011,512,36541,71.369141
19012,512,35500,69.335938
19013,512,37042,72.347656
19014,512,35958,70.230469
19015,512,36375,71.044922
19016,512,39083,76.333984
19017,512,38375,74.951172
19018,512,42208,82.437500
19019,512,38958,76.089844
19020,512,38125,74.462891
19021,512,36042,70.394531
19022,512,36125,70.556641
19023,512,36542,71.371094
19024,512,35167,68.685547
19025,512,37666,73.566406
19026,512,37375,72.998047
19027,512,38709,75.603516
19028,512,37750,73.730469
19029,512,39209,76.580078
19030,512,35708,69.742188
19031,512,37750,73.730469
19032,512,39875,77.880859
19033,512,37541,73.322266
19034,512,36250,70.800781
19035,512,37083,72.427734
19036,512,35875,70.068359
19037,512,35542,69.417969
19038,512,35583,69.498047
19039,512,35833,69.986328
19040,512,38792,75.765625
19041,512,36791,71.857422
19042,512,38458,75.113281
19043,512,36834,71.941406
19044,512,38625,75.439453
19045,512,37750,73.730469
19046,512,37334,72.917969
19047,512,38416,75.031250
19048,512,35334,69.011719
19049,512,37917,74.056641
19050,512,37125,72.509766
19051,512,35541,69.416016
19052,512,36792,71.859375
19053,512,38250,74.707031
19054,512,40791,79.669922
19055,512,36959,72.185547
19056,512,38833,75.845703
19057,512,38125,74.462891
19058,512,39416,76.984375
19059,512,39333,76.822266
19060,512,38875,75.927734
19061,512,36792,71.859375
19062,512,37541,73.322266
19063,512,38375,74.951172
19064,512,38083,74.380859
19065,512,36958,72.183594
19066,512,76500,149.414062
19067,512,36917,72.103516
19068,512,35291,68.927734
19069,512,38375,74.951172
19070,512,36791,71.857422
19071,512,36625,71.533203
19072,512,41833,81.705078
19073,512,45917,89.681641
19074,512,40916,79.914062
19075,512,37000,72.265625
19076,512,38208,74.625000
19077,512,36000,70.312500
19078,512,38042,74.300781
19079,512,43458,84.878906
19080,512,39458,77.066406
19081,512,38542,75.277344
19082,512,41042,80.160156
19083,512,38792,75.765625
19084,512,39708,77.554688
19085,512,38709,75.603516
19086,512,39083,76.333984
19087,512,41750,81.542969
19088,512,37291,72.833984
19089,512,38917,76.009766
19090,512,39750,77.636719
19091,512,38708,75.601562
19092,512,39792,77.718750
19093,512,38416,75.031250
19094,512,36209,70.720703
19095,512,36833,71.939453
19096,512,36708,71.695312
19097,512,35833,69.986328
19098,512,37417,73.080078
19099,512,37375,72.998047
19100,512,36041,70.392578
19101,512,35417,69.173828
19102,512,36542,71.371094
19103,512,40125,78.369141
19104,512,37209,72.673828
19105,512,38875,75.927734
19106,512,37750,73.730469
19107,512,37542,73.324219
19108,512,39625,77.392578
19109,512,43375,84.716797
19110,512,37541,73.322266
19111,512,40459,79.021484
19112,512,40500,79.101562
19113,512,37375,72.998047
19114,512,37125,72.509766
19115,512,37375,72.998047
19116,512,36167,70.638672
19117,512,36250,70.800781
19118,512,38041,74.298828
19119,512,37042,72.347656
19120,512,37250,72.753906
19121,512,36291,70.880859
19122,512,37584,73.406250
19123,512,37709,73.650391
19124,512,39458,77.066406
19125,512,40666,79.425781
19126,512,41459,80.974609
19127,512,38875,75.927734
19128,512,36333,70.962891
19129,512,36500,71.289062
19130,512,38000,74.218750
19131,512,37417,73.080078
19132,512,36875,72.021484
19133,512,37666,73.566406
19134,512,36750,71.777344
19135,512,35042,68.441406
19136,512,35208,68.765625
19137,512,38042,74.300781
19138,512,37625,73.486328
19139,512,38333,74.869141
19140,512,37208,72.671875
19141,512,36875,72.021484
19142,512,40500,79.101562
19143,512,39292,76.742188
19144,512,37875,73.974609
19145,512,37959,74.138672
19146,512,38666,75.519531
19147,512,37583,73.404297
19148,512,37709,73.650391
19149,512,37000,72.265625
19150,512,38541,75.275391
19151,512,36750,71.777344
19152,512,38667,75.521484
19153,512,39916,77.960938
19154,512,40084,78.289062
19155,512,38375,74.951172
19156,512,36625,71.533203
19157,512,38000,74.218750
19158,512,37000,72.265625
19159,512,37083,72.427734
19160,512,36792,71.859375
19161,512,37666,73.566406
19162,512,37083,72.427734
19163,512,37959,74.138672
19164,512,36625,71.533203
19165,512,35792,69.906250
19166,512,36792,71.859375
19167,512,36375,71.044922
19168,512,38667,75.521484
19169,512,38833,75.845703
19170,512,38000,74.218750
19171,512,38375,74.951172
19172,512,42667,83.333984
19173,512,36750,71.777344
19174,512,44834,87.566406
19175,512,43334,84.636719
19176,512,43000,83.984375
19177,512,37917,74.056641
19178,512,36125,70.556641
19179,512,35417,69.173828
19180,512,36833,71.939453
19181,512,43625,85.205078
19182,512,38500,75.195312
19183,512,41833,81.705078
19184,512,39792,77.718750
19185,512,37708,73.648438
19186,512,37917,74.056641
19187,512,40583,79.263672
19188,512,38583,75.357422
19189,512,38334,74.871094
19190,512,36541,71.369141
19191,512,39875,77.880859
19192,512,40041,78.205078
19193,512,39333,76.822266
19194,512,44542,86.996094
19195,512,43583,85.123047
19196,512,39875,77.880859
19197,512,37458,73.160156
19198,512,39875,77.880859
19199,512,43792,85.531250
19200,512,40167,78.451172
19201,512,39583,77.310547
19202,512,38709,75.603516
19203,512,43166,84.308594
19204,512,41959,81.951172
19205,512,38833,75.845703
19206,512,36958,72.183594
19207,512,35750,69.824219
19208,512,37834,73.894531
19209,512,35875,70.068359
19210,512,38250,74.707031
19211,512,36125,70.556641
19212,512,38000,74.218750
19213,512,36417,71.126953
19214,512,41083,80.240234
19215,512,39583,77.310547
19216,512,39667,77.474609
19217,512,38250,74.707031
19218,512,37292,72.835938
19219,512,35833,69.986328
19220,512,36459,71.208984
19221,512,39542,77.230469
19222,512,36791,71.857422
19223,512,37375,72.998047
19224,512,36459,71.208984
19225,512,36750,71.777344
19226,512,36667,71.615234
19227,512,35833,69.986328
19228,512,36667,71.615234
19229,512,37834,73.894531
19230,512,37167,72.591797
19231,512,34666,67.707031
19232,512,37917,74.056641
19233,512,37750,73.730469
19234,512,34667,67.708984
19235,512,37916,74.054688
19236,512,35917,70.150391
19237,512,35291,68.927734
19238,512,38917,76.009766
19239,512,37458,73.160156
19240,512,37834,73.894531
19241,512,37125,72.509766
19242,512,37917,74.056641
19243,512,37583,73.404297
19244,512,38958,76.089844
19245,512,37792,73.812500
19246,512,36833,71.939453
19247,512,36334,70.964844
19248,512,36291,70.880859
19249,512,37917,74.056641
19250,512,38792,75.765625
19251,512,40500,79.101562
19252,512,39625,77.392578
19253,512,37125,72.509766
19254,512,37416,73.078125
19255,512,36459,71.208984
19256,512,38583,75.357422
19257,512,37958,74.136719
19258,512,38208,74.625000
19259,512,35584,69.500000
19260,512,35750,69.824219
19261,512,35916,70.148438
19262,512,35042,68.441406
19263,512,38000,74.218750
19264,512,37042,72.347656
19265,512,36875,72.021484
19266,512,37708,73.648438
19267,512,37417,73.080078
19268,512,36000,70.312500
19269,512,36125,70.556641
19270,512,37083,72.427734
19271,512,36000,70.312500
19272,512,37041,72.345703
19273,512,36959,72.185547
19274,512,35125,68.603516
19275,512,40459,79.021484
19276,512,38750,75.683594
19277,512,37625,73.486328
19278,512,36709,71.697266
19279,512,35541,69.416016
19280,512,37167,72.591797
19281,512,37208,72.671875
19282,512,36792,71.859375
19283,512,36958,72.183594
19284,512,39875,77.880859
19285,512,37666,73.566406
19286,512,36750,71.777344
19287,512,39583,77.310547
19288,512,36000,70.312500
19289,512,39584,77.312500
19290,512,38709,75.603516
19291,512,38458,75.113281
19292,512,37458,73.160156
19293,512,37417,73.080078
19294,512,37000,72.265625
19295,512,39208,76.578125
19296,512,39375,76.904297
19297,512,36750,71.777344
19298,512,35292,68.929688
19299,512,34291,66.974609
19300,512,36459,71.208984
19301,512,40166,78.449219
19302,512,37667,73.568359
19303,512,36500,71.289062
19304,512,37791,73.810547
19305,512,34459,67.302734
19306,512,36333,70.962891
19307,512,36791,71.857422
19308,512,36959,72.185547
19309,512,37834,73.894531
19310,512,36875,72.021484
19311,512,38250,74.707031
19312,512,39625,77.392578
19313,512,39250,76.660156
19314,512,37583,73.404297
19315,512,37667,73.568359
19316,512,37958,74.136719
19317,512,37208,72.671875
19318,512,37375,72.998047
19319,512,39541,77.228516
19320,512,37917,74.056641
19321,512,37083,72.427734
19322,512,36334,70.964844
19323,512,37875,73.974609
19324,512,37750,73.730469
19325,512,40500,79.101562
19326,512,39709,77.556641
19327,512,44250,86.425781
19328,512,37250,72.753906
19329,512,61584,120.281250
19330,512,51958,101.480469
19331,512,37833,73.892578
19332,512,44375,86.669922
19333,512,37542,73.324219
19334,512,37791,73.810547
19335,512,41083,80.240234
19336,512,34917,68.197266
19337,512,36208,70.718750
19338,512,36500,71.289062
19339,512,40458,79.019531
19340,512,36125,70.556641
19341,512,34500,67.382812
19342,512,36875,72.021484
19343,512,35542,69.417969
19344,512,35542,69.417969
19345,512,36833,71.939453
19346,512,35958,70.230469
19347,512,35667,69.662109
19348,512,34542,67.464844
19349,512,36208,70.718750
19350,512,38792,75.765625
19351,512,34958,68.277344
19352,512,35000,68.359375
19353,512,34792,67.953125
19354,512,34750,67.871094
19355,512,39958,78.042969
19356,512,35834,69.988281
19357,512,35708,69.742188
19358,512,37500,73.242188
19359,512,34667,67.708984
19360,512,36458,71.207031
19361,512,34625,67.626953
19362,512,36167,70.638672
19363,512,34500,67.382812
19364,512,34333,67.056641
19365,512,36000,70.312500
19366,512,35916,70.148438
19367,512,35542,69.417969
19368,512,34292,66.976562
19369,512,37875,73.974609
19370,512,48417,94.564453
19371,512,35583,69.498047
19372,512,42791,83.576172
19373,512,41959,81.951172
19374,512,47166,92.121094
19375,512,35167,68.685547
19376,512,35709,69.744141
19377,512,35833,69.986328
19378,512,36083,70.474609
19379,512,36750,71.777344
19380,512,34667,67.708984
19381,512,33959,66.326172
19382,512,41541,81.134766
19383,512,47834,93.425781
19384,512,41458,80.972656
19385,512,39042,76.253906
19386,512,38792,75.765625
19387,512,37875,73.974609
19388,512,41542,81.136719
19389,512,39375,76.904297
19390,512,40292,78.695312
19391,512,39708,77.554688
19392,512,39708,77.554688
19393,512,40584,79.265625
19394,512,40166,78.449219
19395,512,43750,85.449219
19396,512,43375,84.716797
19397,512,44291,86.505859
19398,512,40000,78.125000
19399,512,39917,77.962891
19400,512,99333,194.009766
19401,512,48542,94.808594
19402,512,36666,71.613281
19403,512,35084,68.523438
19404,512,39125,76.416016
19405,512,34708,67.789062
19406,512,32916,64.289062
19407,512,33459,65.349609
19408,512,40125,78.369141
19409,512,39667,77.474609
19410,512,45375,88.623047
19411,512,38791,75.763672
19412,512,38917,76.009766
19413,512,36875,72.021484
19414,512,36583,71.451172
19415,512,36125,70.556641
19416,512,32458,63.394531
19417,512,33667,65.755859
19418,512,33000,64.453125
19419,512,34792,67.953125
19420,512,33291,65.021484
19421,512,35667,69.662109
19422,512,36333,70.962891
19423,512,37542,73.324219
19424,512,36000,70.312500
19425,512,35250,68.847656
19426,512,35583,69.498047
19427,512,33458,65.347656
19428,512,35833,69.986328
19429,512,34125,66.650391
19430,512,37041,72.345703
19431,512,35000,68.359375
19432,512,34958,68.277344
19433,512,36417,71.126953
19434,512,37583,73.404297
19435,512,36667,71.615234
19436,512,36375,71.044922
19437,512,37125,72.509766
19438,512,38667,75.521484
19439,512,37083,72.427734
19440,512,37333,72.916016
19441,512,37209,72.673828
19442,512,38333,74.869141
19443,512,36833,71.939453
19444,512,36958,72.183594
19445,512,38917,76.009766
19446,512,36709,71.697266
19447,512,35875,70.068359
19448,512,37125,72.509766
19449,512,37084,72.429688
19450,512,39584,77.312500
19451,512,37541,73.322266
19452,512,37292,72.835938
19453,512,39375,76.904297
19454,512,36375,71.044922
19455,512,36958,72.183594
19456,512,36709,71.697266
19457,512,39833,77.798828
19458,512,44583,87.076172
19459,512,39625,77.392578
19460,512,45125,88.134766
19461,512,38208,74.625000
19462,512,42417,82.845703
19463,512,39166,76.496094
19464,512,38125,74.462891
19465,512,37833,73.892578
19466,512,37833,73.892578
19467,512,50375,98.388672
19468,512,39709,77.556641
19469,512,37334,72.917969
19470,512,36291,70.880859
19471,512,37375,72.998047
19472,512,36708,71.695312
19473,512,36084,70.476562
19474,512,38125,74.462891
19475,512,38666,75.519531
19476,512,38000,74.218750
19477,512,35667,69.662109
19478,512,36375,71.044922
19479,512,37417,73.080078
19480,512,35458,69.253906
19481,512,39750,77.636719
19482,512,37417,73.080078
19483,512,38125,74.462891
19484,512,45917,89.681641
19485,512,48791,95.294922
19486,512,37750,73.730469
19487,512,39500,77.148438
19488,512,37792,73.812500
19489,512,39541,77.228516
19490,512,39959,78.044922
19491,512,38417,75.033203
19492,512,39125,76.416016
19493,512,37333,72.916016
19494,512,41083,80.240234
19495,512,41250,80.566406
19496,512,40792,79.671875
19497,512,37791,73.810547
19498,512,37833,73.892578
19499,512,38500,75.195312
19500,512,43042,84.066406
19501,512,37500,73.242188
19502,512,38833,75.845703
19503,512,38541,75.275391
19504,512,39708,77.554688
19505,512,36833,71.939453
19506,512,38167,74.544922
19507,512,36958,72.183594
19508,512,38125,74.462891
19509,512,38041,74.298828
19510,512,38083,74.380859
19511,512,39750,77.636719
19512,512,38125,74.462891
19513,512,38458,75.113281
19514,512,38125,74.462891
19515,512,34875,68.115234
19516,512,36000,70.312500
19517,512,35917,70.150391
19518,512,37417,73.080078
19519,512,37833,73.892578
19520,512,36333,70.962891
19521,512,38125,74.462891
19522,512,36916,72.101562
19523,512,36834,71.941406
19524,512,37666,73.566406
19525,512,37250,72.753906
19526,512,37917,74.056641
19527,512,37708,73.648438
19528,512,37875,73.974609
19529,512,37042,72.347656
19530,512,37083,72.427734
19531,128,11583,90.492188
